iter,attn_mode,seed,layer,expert,selected_fraction,mean_probability,router_entropy
0,mha_rope,42,1,0,0.07174133509397507,0.06880945712327957,2.629303455352783
0,mha_rope,42,1,1,0.0436725877225399,0.05808086320757866,2.629303455352783
0,mha_rope,42,1,2,0.010165608488023281,0.04137717932462692,2.629303455352783
0,mha_rope,42,1,3,0.02999786287546158,0.053362488746643066,2.629303455352783
0,mha_rope,42,1,4,0.06165476515889168,0.06282442808151245,2.629303455352783
0,mha_rope,42,1,5,0.1553359031677246,0.09009132534265518,2.629303455352783
0,mha_rope,42,1,6,0.07663818448781967,0.06560196727514267,2.629303455352783
0,mha_rope,42,1,7,0.05658121779561043,0.06133386492729187,2.629303455352783
0,mha_rope,42,1,8,0.019888103008270264,0.04604612663388252,2.629303455352783
0,mha_rope,42,1,9,0.10577941685914993,0.0764850303530693,2.629303455352783
0,mha_rope,42,1,10,0.03125803545117378,0.04595470055937767,2.629303455352783
0,mha_rope,42,1,11,0.07271108031272888,0.0656319186091423,2.629303455352783
0,mha_rope,42,1,12,0.07379720360040665,0.06911269575357437,2.629303455352783
0,mha_rope,42,1,13,0.0309123732149601,0.05702279508113861,2.629303455352783
0,mha_rope,42,1,14,0.07294006645679474,0.06620655208826065,2.629303455352783
0,mha_rope,42,1,15,0.08692626655101776,0.07205863296985626,2.629303455352783
0,mha_rope,42,2,0,0.1084587574005127,0.07778654247522354,2.6267588138580322
0,mha_rope,42,2,1,0.0939573124051094,0.07472234219312668,2.6267588138580322
0,mha_rope,42,2,2,0.07534535974264145,0.07001328468322754,2.6267588138580322
0,mha_rope,42,2,3,0.043843790888786316,0.05826006457209587,2.6267588138580322
0,mha_rope,42,2,4,0.03989929333329201,0.05831844359636307,2.6267588138580322
0,mha_rope,42,2,5,0.012420044280588627,0.04414911940693855,2.6267588138580322
0,mha_rope,42,2,6,0.02800079435110092,0.05264976620674133,2.6267588138580322
0,mha_rope,42,2,7,0.014902648515999317,0.044949617236852646,2.6267588138580322
0,mha_rope,42,2,8,0.007098083384335041,0.037757277488708496,2.6267588138580322
0,mha_rope,42,2,9,0.05025177076458931,0.06455866992473602,2.6267588138580322
0,mha_rope,42,2,10,0.19743306934833527,0.0992421880364418,2.6267588138580322
0,mha_rope,42,2,11,0.021240336820483208,0.04859013855457306,2.6267588138580322
0,mha_rope,42,2,12,0.04824981838464737,0.057391803711652756,2.6267588138580322
0,mha_rope,42,2,13,0.0719471201300621,0.06690118461847305,2.6267588138580322
0,mha_rope,42,2,14,0.03752299025654793,0.057099245488643646,2.6267588138580322
0,mha_rope,42,2,15,0.1494288146495819,0.08761032670736313,2.6267588138580322
0,mha_rope,42,3,0,0.1173432394862175,0.07778221368789673,2.6386184692382812
0,mha_rope,42,3,1,0.03163960948586464,0.053206540644168854,2.6386184692382812
0,mha_rope,42,3,2,0.008029174990952015,0.03953877091407776,2.6386184692382812
0,mha_rope,42,3,3,0.05234314128756523,0.06184639781713486,2.6386184692382812
0,mha_rope,42,3,4,0.07228536158800125,0.06763168424367905,2.6386184692382812
0,mha_rope,42,3,5,0.048630982637405396,0.060538940131664276,2.6386184692382812
0,mha_rope,42,3,6,0.08907002955675125,0.07323800772428513,2.6386184692382812
0,mha_rope,42,3,7,0.16326813399791718,0.0899125412106514,2.6386184692382812
0,mha_rope,42,3,8,0.017882995307445526,0.04609692469239235,2.6386184692382812
0,mha_rope,42,3,9,0.05258728191256523,0.06173215061426163,2.6386184692382812
0,mha_rope,42,3,10,0.08448577672243118,0.07084023207426071,2.6386184692382812
0,mha_rope,42,3,11,0.10111450403928757,0.07500486075878143,2.6386184692382812
0,mha_rope,42,3,12,0.028309326618909836,0.05044123902916908,2.6386184692382812
0,mha_rope,42,3,13,0.0052411905489861965,0.0390295535326004,2.6386184692382812
0,mha_rope,42,3,14,0.07762908935546875,0.07006868720054626,2.6386184692382812
0,mha_rope,42,3,15,0.050140175968408585,0.0630912110209465,2.6386184692382812
0,mha_rope,42,4,0,0.006619669497013092,0.03873707354068756,2.6162056922912598
0,mha_rope,42,4,1,0.2511284351348877,0.11250634491443634,2.6162056922912598
0,mha_rope,42,4,2,0.03422302380204201,0.05652333050966263,2.6162056922912598
0,mha_rope,42,4,3,0.03745931014418602,0.0580100454390049,2.6162056922912598
0,mha_rope,42,4,4,0.04422516003251076,0.060240451246500015,2.6162056922912598
0,mha_rope,42,4,5,0.024421794340014458,0.05521716549992561,2.6162056922912598
0,mha_rope,42,4,6,0.010869039222598076,0.04318336024880409,2.6162056922912598
0,mha_rope,42,4,7,0.20767059922218323,0.10447227954864502,2.6162056922912598
0,mha_rope,42,4,8,0.11206817626953125,0.07927937805652618,2.6162056922912598
0,mha_rope,42,4,9,0.07251983880996704,0.06873450428247452,2.6162056922912598
0,mha_rope,42,4,10,0.002476806752383709,0.032630253583192825,2.6162056922912598
0,mha_rope,42,4,11,0.047469887882471085,0.0634949654340744,2.6162056922912598
0,mha_rope,42,4,12,0.06929992884397507,0.0673595741391182,2.6162056922912598
0,mha_rope,42,4,13,0.05287587642669678,0.06633798778057098,2.6162056922912598
0,mha_rope,42,4,14,0.014349263161420822,0.04955581948161125,2.6162056922912598
0,mha_rope,42,4,15,0.012323201633989811,0.043717510998249054,2.6162056922912598
0,mha_rope,42,5,0,0.17997579276561737,0.09326965361833572,2.6426033973693848
0,mha_rope,42,5,1,0.03817291185259819,0.059080395847558975,2.6426033973693848
0,mha_rope,42,5,2,0.04975138232111931,0.061459507793188095,2.6426033973693848
0,mha_rope,42,5,3,0.1132437139749527,0.0763472467660904,2.6426033973693848
0,mha_rope,42,5,4,0.030217895284295082,0.049316488206386566,2.6426033973693848
0,mha_rope,42,5,5,0.11261128634214401,0.07973971962928772,2.6426033973693848
0,mha_rope,42,5,6,0.005877685733139515,0.03883656859397888,2.6426033973693848
0,mha_rope,42,5,7,0.052006836980581284,0.0615261010825634,2.6426033973693848
0,mha_rope,42,5,8,0.06655608862638474,0.06788320094347,2.6426033973693848
0,mha_rope,42,5,9,0.0067010498605668545,0.0370938666164875,2.6426033973693848
0,mha_rope,42,5,10,0.03768117353320122,0.054530952125787735,2.6426033973693848
0,mha_rope,42,5,11,0.11348073184490204,0.07872996479272842,2.6426033973693848
0,mha_rope,42,5,12,0.0316518135368824,0.05913764238357544,2.6426033973693848
0,mha_rope,42,5,13,0.06718587130308151,0.06693561375141144,2.6426033973693848
0,mha_rope,42,5,14,0.07830596715211868,0.06915503740310669,2.6426033973693848
0,mha_rope,42,5,15,0.016579793766140938,0.04695798084139824,2.6426033973693848
500,mha_rope,42,1,0,0.08766072243452072,0.07788210362195969,2.291365385055542
500,mha_rope,42,1,1,0.0497722364962101,0.06315512955188751,2.291365385055542
500,mha_rope,42,1,2,0.05035115405917168,0.06176785007119179,2.291365385055542
500,mha_rope,42,1,3,0.056631773710250854,0.062498729676008224,2.291365385055542
500,mha_rope,42,1,4,0.03655894100666046,0.04811050742864609,2.291365385055542
500,mha_rope,42,1,5,0.053039345890283585,0.0481988862156868,2.291365385055542
500,mha_rope,42,1,6,0.06371032446622849,0.06305065006017685,2.291365385055542
500,mha_rope,42,1,7,0.02661031112074852,0.05002841725945473,2.291365385055542
500,mha_rope,42,1,8,0.07085377722978592,0.0670728087425232,2.291365385055542
500,mha_rope,42,1,9,0.04686431959271431,0.04413989186286926,2.291365385055542
500,mha_rope,42,1,10,0.06626638025045395,0.055914826691150665,2.291365385055542
500,mha_rope,42,1,11,0.04035695269703865,0.054882023483514786,2.291365385055542
500,mha_rope,42,1,12,0.08577819913625717,0.0719822496175766,2.291365385055542
500,mha_rope,42,1,13,0.09216898679733276,0.08603809028863907,2.291365385055542
500,mha_rope,42,1,14,0.08404713869094849,0.0732768326997757,2.291365385055542
500,mha_rope,42,1,15,0.08932942897081375,0.07200092077255249,2.291365385055542
500,mha_rope,42,2,0,0.07622161507606506,0.06711852550506592,2.0572240352630615
500,mha_rope,42,2,1,0.031294453889131546,0.04688077047467232,2.0572240352630615
500,mha_rope,42,2,2,0.0679975375533104,0.06282120943069458,2.0572240352630615
500,mha_rope,42,2,3,0.029259542003273964,0.03635000064969063,2.0572240352630615
500,mha_rope,42,2,4,0.049819134175777435,0.05642881244421005,2.0572240352630615
500,mha_rope,42,2,5,0.07006978243589401,0.07088052481412888,2.0572240352630615
500,mha_rope,42,2,6,0.06249623745679855,0.06977568566799164,2.0572240352630615
500,mha_rope,42,2,7,0.023566894233226776,0.036570314317941666,2.0572240352630615
500,mha_rope,42,2,8,0.09597961604595184,0.07971996814012527,2.0572240352630615
500,mha_rope,42,2,9,0.046480510383844376,0.05391429364681244,2.0572240352630615
500,mha_rope,42,2,10,0.048078104853630066,0.0737743005156517,2.0572240352630615
500,mha_rope,42,2,11,0.07199818640947342,0.0598316453397274,2.0572240352630615
500,mha_rope,42,2,12,0.043835245072841644,0.044791676104068756,2.0572240352630615
500,mha_rope,42,2,13,0.08886098116636276,0.07186389714479446,2.0572240352630615
500,mha_rope,42,2,14,0.1009172573685646,0.08991450071334839,2.0572240352630615
500,mha_rope,42,2,15,0.09312489628791809,0.07936394214630127,2.0572240352630615
500,mha_rope,42,3,0,0.0499064140021801,0.04772243648767471,2.0760180950164795
500,mha_rope,42,3,1,0.059860534965991974,0.05366893857717514,2.0760180950164795
500,mha_rope,42,3,2,0.06387298554182053,0.05179862305521965,2.0760180950164795
500,mha_rope,42,3,3,0.0622292086482048,0.05740351974964142,2.0760180950164795
500,mha_rope,42,3,4,0.05456685274839401,0.05441483110189438,2.0760180950164795
500,mha_rope,42,3,5,0.05600422993302345,0.052499108016490936,2.0760180950164795
500,mha_rope,42,3,6,0.06316039711236954,0.05877157300710678,2.0760180950164795
500,mha_rope,42,3,7,0.052040811628103256,0.05584532395005226,2.0760180950164795
500,mha_rope,42,3,8,0.05830230563879013,0.05874335765838623,2.0760180950164795
500,mha_rope,42,3,9,0.06491099298000336,0.06965653598308563,2.0760180950164795
500,mha_rope,42,3,10,0.09949056059122086,0.0811549574136734,2.0760180950164795
500,mha_rope,42,3,11,0.04068867862224579,0.06591461598873138,2.0760180950164795
500,mha_rope,42,3,12,0.03347920626401901,0.0588347427546978,2.0760180950164795
500,mha_rope,42,3,13,0.07155446708202362,0.059346817433834076,2.0760180950164795
500,mha_rope,42,3,14,0.09455586969852448,0.11192501336336136,2.0760180950164795
500,mha_rope,42,3,15,0.0753764882683754,0.06229960918426514,2.0760180950164795
500,mha_rope,42,4,0,0.07135050743818283,0.06647542864084244,2.2409121990203857
500,mha_rope,42,4,1,0.06136138737201691,0.06648104637861252,2.2409121990203857
500,mha_rope,42,4,2,0.04107198119163513,0.050500594079494476,2.2409121990203857
500,mha_rope,42,4,3,0.03589823469519615,0.04738611727952957,2.2409121990203857
500,mha_rope,42,4,4,0.04949584975838661,0.052001532167196274,2.2409121990203857
500,mha_rope,42,4,5,0.05716868117451668,0.06267699599266052,2.2409121990203857
500,mha_rope,42,4,6,0.07046203315258026,0.0656941756606102,2.2409121990203857
500,mha_rope,42,4,7,0.06338074058294296,0.05855318158864975,2.2409121990203857
500,mha_rope,42,4,8,0.06074941158294678,0.06604509055614471,2.2409121990203857
500,mha_rope,42,4,9,0.07101897895336151,0.068821020424366,2.2409121990203857
500,mha_rope,42,4,10,0.11560353636741638,0.08528733998537064,2.2409121990203857
500,mha_rope,42,4,11,0.05862223356962204,0.06091037020087242,2.2409121990203857
500,mha_rope,42,4,12,0.04662567004561424,0.060579389333724976,2.2409121990203857
500,mha_rope,42,4,13,0.08519968390464783,0.07055764645338058,2.2409121990203857
500,mha_rope,42,4,14,0.04582987353205681,0.050216685980558395,2.2409121990203857
500,mha_rope,42,4,15,0.06616119295358658,0.06781341135501862,2.2409121990203857
500,mha_rope,42,5,0,0.053975626826286316,0.06136731430888176,2.426211357116699
500,mha_rope,42,5,1,0.04731201007962227,0.06255266815423965,2.426211357116699
500,mha_rope,42,5,2,0.06747497618198395,0.06921667605638504,2.426211357116699
500,mha_rope,42,5,3,0.06307718902826309,0.07344172894954681,2.426211357116699
500,mha_rope,42,5,4,0.09536824375391006,0.07477275282144547,2.426211357116699
500,mha_rope,42,5,5,0.08019276708364487,0.06149224564433098,2.426211357116699
500,mha_rope,42,5,6,0.041360676288604736,0.05902496352791786,2.426211357116699
500,mha_rope,42,5,7,0.049112651497125626,0.056552257388830185,2.426211357116699
500,mha_rope,42,5,8,0.07310343533754349,0.06194683536887169,2.426211357116699
500,mha_rope,42,5,9,0.044753722846508026,0.05121331289410591,2.426211357116699
500,mha_rope,42,5,10,0.049289245158433914,0.05148803070187569,2.426211357116699
500,mha_rope,42,5,11,0.09324391931295395,0.06853340566158295,2.426211357116699
500,mha_rope,42,5,12,0.04578308016061783,0.0594906248152256,2.426211357116699
500,mha_rope,42,5,13,0.03770070523023605,0.053744155913591385,2.426211357116699
500,mha_rope,42,5,14,0.06225931644439697,0.06694914400577545,2.426211357116699
500,mha_rope,42,5,15,0.09599243104457855,0.06821391731500626,2.426211357116699
1000,mha_rope,42,1,0,0.08882395178079605,0.07534904032945633,2.0905840396881104
1000,mha_rope,42,1,1,0.06274912506341934,0.07480529695749283,2.0905840396881104
1000,mha_rope,42,1,2,0.060765787959098816,0.06258875876665115,2.0905840396881104
1000,mha_rope,42,1,3,0.07505106925964355,0.06857199966907501,2.0905840396881104
1000,mha_rope,42,1,4,0.046686504036188126,0.054622408002614975,2.0905840396881104
1000,mha_rope,42,1,5,0.06405090540647507,0.05013806372880936,2.0905840396881104
1000,mha_rope,42,1,6,0.08649709075689316,0.07138021290302277,2.0905840396881104
1000,mha_rope,42,1,7,0.051464639604091644,0.06100243702530861,2.0905840396881104
1000,mha_rope,42,1,8,0.05795328691601753,0.05846986174583435,2.0905840396881104
1000,mha_rope,42,1,9,0.04883819445967674,0.051901061087846756,2.0905840396881104
1000,mha_rope,42,1,10,0.061449889093637466,0.053460847586393356,2.0905840396881104
1000,mha_rope,42,1,11,0.041777241975069046,0.05004292353987694,2.0905840396881104
1000,mha_rope,42,1,12,0.06980041414499283,0.06636462360620499,2.0905840396881104
1000,mha_rope,42,1,13,0.06989908963441849,0.08275752514600754,2.0905840396881104
1000,mha_rope,42,1,14,0.05410349369049072,0.06032530963420868,2.0905840396881104
1000,mha_rope,42,1,15,0.060089316219091415,0.0582197941839695,2.0905840396881104
1000,mha_rope,42,2,0,0.07357829064130783,0.07724998146295547,1.6000967025756836
1000,mha_rope,42,2,1,0.04176991805434227,0.04430251941084862,1.6000967025756836
1000,mha_rope,42,2,2,0.08228810876607895,0.07130953669548035,1.6000967025756836
1000,mha_rope,42,2,3,0.033688150346279144,0.039545800536870956,1.6000967025756836
1000,mha_rope,42,2,4,0.05772409960627556,0.06214221194386482,1.6000967025756836
1000,mha_rope,42,2,5,0.0631498172879219,0.07029786705970764,1.6000967025756836
1000,mha_rope,42,2,6,0.06908141821622849,0.06443005800247192,1.6000967025756836
1000,mha_rope,42,2,7,0.036972250789403915,0.040893394500017166,1.6000967025756836
1000,mha_rope,42,2,8,0.07520884275436401,0.07293269038200378,1.6000967025756836
1000,mha_rope,42,2,9,0.0665697231888771,0.05925004184246063,1.6000967025756836
1000,mha_rope,42,2,10,0.04419667646288872,0.06373372673988342,1.6000967025756836
1000,mha_rope,42,2,11,0.07697875797748566,0.06648958474397659,1.6000967025756836
1000,mha_rope,42,2,12,0.03637125715613365,0.035221587866544724,1.6000967025756836
1000,mha_rope,42,2,13,0.07222035527229309,0.06600888818502426,1.6000967025756836
1000,mha_rope,42,2,14,0.10514933615922928,0.10150198638439178,1.6000967025756836
1000,mha_rope,42,2,15,0.06505300104618073,0.06469022482633591,1.6000967025756836
1000,mha_rope,42,3,0,0.07729706168174744,0.06498458981513977,1.5560017824172974
1000,mha_rope,42,3,1,0.039603881537914276,0.040978651493787766,1.5560017824172974
1000,mha_rope,42,3,2,0.05564768612384796,0.04660986736416817,1.5560017824172974
1000,mha_rope,42,3,3,0.06768687069416046,0.07309959083795547,1.5560017824172974
1000,mha_rope,42,3,4,0.056007590144872665,0.05816323682665825,1.5560017824172974
1000,mha_rope,42,3,5,0.08570729941129684,0.08044678717851639,1.5560017824172974
1000,mha_rope,42,3,6,0.03757670149207115,0.03634956106543541,1.5560017824172974
1000,mha_rope,42,3,7,0.05610697343945503,0.047919534146785736,1.5560017824172974
1000,mha_rope,42,3,8,0.06084340438246727,0.06209920346736908,1.5560017824172974
1000,mha_rope,42,3,9,0.056601665914058685,0.05878395214676857,1.5560017824172974
1000,mha_rope,42,3,10,0.0926196277141571,0.08903854340314865,1.5560017824172974
1000,mha_rope,42,3,11,0.04514658451080322,0.06042977049946785,1.5560017824172974
1000,mha_rope,42,3,12,0.04191731661558151,0.0579211600124836,1.5560017824172974
1000,mha_rope,42,3,13,0.06068410351872444,0.05006006732583046,1.5560017824172974
1000,mha_rope,42,3,14,0.08875589817762375,0.10719608515501022,1.5560017824172974
1000,mha_rope,42,3,15,0.07779734581708908,0.06591928750276566,1.5560017824172974
1000,mha_rope,42,4,0,0.07519887387752533,0.07446260005235672,1.7444777488708496
1000,mha_rope,42,4,1,0.0693453997373581,0.07772041857242584,1.7444777488708496
1000,mha_rope,42,4,2,0.07901967316865921,0.06964576989412308,1.7444777488708496
1000,mha_rope,42,4,3,0.050315044820308685,0.05447687953710556,1.7444777488708496
1000,mha_rope,42,4,4,0.06060272082686424,0.05829530581831932,1.7444777488708496
1000,mha_rope,42,4,5,0.06886851042509079,0.07030318677425385,1.7444777488708496
1000,mha_rope,42,4,6,0.059191588312387466,0.05892077833414078,1.7444777488708496
1000,mha_rope,42,4,7,0.04684295505285263,0.04164661094546318,1.7444777488708496
1000,mha_rope,42,4,8,0.04237650707364082,0.05432631075382233,1.7444777488708496
1000,mha_rope,42,4,9,0.058242592960596085,0.06411154568195343,1.7444777488708496
1000,mha_rope,42,4,10,0.0746549442410469,0.06707708537578583,1.7444777488708496
1000,mha_rope,42,4,11,0.0352528877556324,0.041662558913230896,1.7444777488708496
1000,mha_rope,42,4,12,0.04103271663188934,0.051224470138549805,1.7444777488708496
1000,mha_rope,42,4,13,0.09441640228033066,0.08605217933654785,1.7444777488708496
1000,mha_rope,42,4,14,0.07769246399402618,0.0629134401679039,1.7444777488708496
1000,mha_rope,42,4,15,0.06694671511650085,0.06716099381446838,1.7444777488708496
1000,mha_rope,42,5,0,0.056778766214847565,0.062070343643426895,1.9074474573135376
1000,mha_rope,42,5,1,0.04723114147782326,0.04558704420924187,1.9074474573135376
1000,mha_rope,42,5,2,0.06725890934467316,0.06740722060203552,1.9074474573135376
1000,mha_rope,42,5,3,0.06559783965349197,0.07835686206817627,1.9074474573135376
1000,mha_rope,42,5,4,0.08218841254711151,0.0780477300286293,1.9074474573135376
1000,mha_rope,42,5,5,0.06611104309558868,0.056051503866910934,1.9074474573135376
1000,mha_rope,42,5,6,0.037467751652002335,0.0479944571852684,1.9074474573135376
1000,mha_rope,42,5,7,0.04443980008363724,0.044902537018060684,1.9074474573135376
1000,mha_rope,42,5,8,0.08001577109098434,0.08449158072471619,1.9074474573135376
1000,mha_rope,42,5,9,0.04148763045668602,0.05029808729887009,1.9074474573135376
1000,mha_rope,42,5,10,0.04802602156996727,0.05777736008167267,1.9074474573135376
1000,mha_rope,42,5,11,0.08780547976493835,0.07098467648029327,1.9074474573135376
1000,mha_rope,42,5,12,0.05239817127585411,0.0537518709897995,1.9074474573135376
1000,mha_rope,42,5,13,0.04865671694278717,0.04854786768555641,1.9074474573135376
1000,mha_rope,42,5,14,0.06115987151861191,0.05997415632009506,1.9074474573135376
1000,mha_rope,42,5,15,0.1133766695857048,0.09375660866498947,1.9074474573135376
1500,mha_rope,42,1,0,0.06018585339188576,0.05975295975804329,2.1759872436523438
1500,mha_rope,42,1,1,0.06335733830928802,0.07014603167772293,2.1759872436523438
1500,mha_rope,42,1,2,0.05058939754962921,0.05708801746368408,2.1759872436523438
1500,mha_rope,42,1,3,0.062216389924287796,0.06360305100679398,2.1759872436523438
1500,mha_rope,42,1,4,0.05507507175207138,0.058391302824020386,2.1759872436523438
1500,mha_rope,42,1,5,0.04558949917554855,0.05334485322237015,2.1759872436523438
1500,mha_rope,42,1,6,0.08639048039913177,0.07283641397953033,2.1759872436523438
1500,mha_rope,42,1,7,0.07649078220129013,0.07286015897989273,2.1759872436523438
1500,mha_rope,42,1,8,0.057833150029182434,0.058414775878190994,2.1759872436523438
1500,mha_rope,42,1,9,0.06189585477113724,0.05793540179729462,2.1759872436523438
1500,mha_rope,42,1,10,0.04455932602286339,0.04935324192047119,2.1759872436523438
1500,mha_rope,42,1,11,0.07596629112958908,0.06277163326740265,2.1759872436523438
1500,mha_rope,42,1,12,0.05762328952550888,0.058805886656045914,2.1759872436523438
1500,mha_rope,42,1,13,0.08143015205860138,0.08574377000331879,2.1759872436523438
1500,mha_rope,42,1,14,0.06570841372013092,0.06672319769859314,2.1759872436523438
1500,mha_rope,42,1,15,0.05508870258927345,0.052229225635528564,2.1759872436523438
1500,mha_rope,42,2,0,0.07733795046806335,0.07833107560873032,1.5658137798309326
1500,mha_rope,42,2,1,0.040163472294807434,0.04320688918232918,1.5658137798309326
1500,mha_rope,42,2,2,0.09533437341451645,0.0829194039106369,1.5658137798309326
1500,mha_rope,42,2,3,0.042819418013095856,0.04478219896554947,1.5658137798309326
1500,mha_rope,42,2,4,0.061451517045497894,0.05893972888588905,1.5658137798309326
1500,mha_rope,42,2,5,0.06061848998069763,0.06714501976966858,1.5658137798309326
1500,mha_rope,42,2,6,0.06194142624735832,0.0599173977971077,1.5658137798309326
1500,mha_rope,42,2,7,0.03442850708961487,0.03899276629090309,1.5658137798309326
1500,mha_rope,42,2,8,0.07587951421737671,0.07838965952396393,1.5658137798309326
1500,mha_rope,42,2,9,0.059773560613393784,0.05708107724785805,1.5658137798309326
1500,mha_rope,42,2,10,0.05492665618658066,0.06995122134685516,1.5658137798309326
1500,mha_rope,42,2,11,0.06354308873414993,0.05682831630110741,1.5658137798309326
1500,mha_rope,42,2,12,0.03505187854170799,0.036960866302251816,1.5658137798309326
1500,mha_rope,42,2,13,0.07964609563350677,0.07439304143190384,1.5658137798309326
1500,mha_rope,42,2,14,0.09897878021001816,0.09217692166566849,1.5658137798309326
1500,mha_rope,42,2,15,0.058105263859033585,0.059984270483255386,1.5658137798309326
1500,mha_rope,42,3,0,0.06566090881824493,0.05691711977124214,1.3513563871383667
1500,mha_rope,42,3,1,0.03597544506192207,0.03685074299573898,1.3513563871383667
1500,mha_rope,42,3,2,0.06629994511604309,0.058354638516902924,1.3513563871383667
1500,mha_rope,42,3,3,0.06710205227136612,0.07395505905151367,1.3513563871383667
1500,mha_rope,42,3,4,0.0583680234849453,0.061566125601530075,1.3513563871383667
1500,mha_rope,42,3,5,0.08538645505905151,0.08343148231506348,1.3513563871383667
1500,mha_rope,42,3,6,0.05283701419830322,0.04410053789615631,1.3513563871383667
1500,mha_rope,42,3,7,0.0713883489370346,0.0555911511182785,1.3513563871383667
1500,mha_rope,42,3,8,0.06396687775850296,0.06498429924249649,1.3513563871383667
1500,mha_rope,42,3,9,0.0528004951775074,0.05639516934752464,1.3513563871383667
1500,mha_rope,42,3,10,0.08003387600183487,0.07867351919412613,1.3513563871383667
1500,mha_rope,42,3,11,0.04438578337430954,0.05650276690721512,1.3513563871383667
1500,mha_rope,42,3,12,0.03933044523000717,0.05002005398273468,1.3513563871383667
1500,mha_rope,42,3,13,0.05494527146220207,0.04430331662297249,1.3513563871383667
1500,mha_rope,42,3,14,0.09019429236650467,0.11660577356815338,1.3513563871383667
1500,mha_rope,42,3,15,0.07132476568222046,0.06174834072589874,1.3513563871383667
1500,mha_rope,42,4,0,0.08771443367004395,0.09743440896272659,1.477346658706665
1500,mha_rope,42,4,1,0.0625108852982521,0.07421920448541641,1.477346658706665
1500,mha_rope,42,4,2,0.07702647149562836,0.07003585249185562,1.477346658706665
1500,mha_rope,42,4,3,0.04333781078457832,0.0470287911593914,1.477346658706665
1500,mha_rope,42,4,4,0.06901530176401138,0.06583771854639053,1.477346658706665
1500,mha_rope,42,4,5,0.059729207307100296,0.06481632590293884,1.477346658706665
1500,mha_rope,42,4,6,0.05334777757525444,0.052341386675834656,1.477346658706665
1500,mha_rope,42,4,7,0.05893951281905174,0.04493102431297302,1.477346658706665
1500,mha_rope,42,4,8,0.031442973762750626,0.041464339941740036,1.477346658706665
1500,mha_rope,42,4,9,0.06697347015142441,0.07084205001592636,1.477346658706665
1500,mha_rope,42,4,10,0.07655028998851776,0.07047227025032043,1.477346658706665
1500,mha_rope,42,4,11,0.03477722033858299,0.03803205490112305,1.477346658706665
1500,mha_rope,42,4,12,0.04146097972989082,0.04600505158305168,1.477346658706665
1500,mha_rope,42,4,13,0.0822410061955452,0.08367639034986496,1.477346658706665
1500,mha_rope,42,4,14,0.0894400030374527,0.06832373142242432,1.477346658706665
1500,mha_rope,42,4,15,0.0654926523566246,0.06453939527273178,1.477346658706665
1500,mha_rope,42,5,0,0.06111856922507286,0.06806423515081406,1.671433448791504
1500,mha_rope,42,5,1,0.06556131690740585,0.054893653839826584,1.671433448791504
1500,mha_rope,42,5,2,0.06043335050344467,0.06659651547670364,1.671433448791504
1500,mha_rope,42,5,3,0.05776397883892059,0.06874069571495056,1.671433448791504
1500,mha_rope,42,5,4,0.06828653812408447,0.06457877159118652,1.671433448791504
1500,mha_rope,42,5,5,0.06871185451745987,0.05161869525909424,1.671433448791504
1500,mha_rope,42,5,6,0.029970601201057434,0.03786255046725273,1.671433448791504
1500,mha_rope,42,5,7,0.052012939006090164,0.04549814388155937,1.671433448791504
1500,mha_rope,42,5,8,0.08630412071943283,0.09819740802049637,1.671433448791504
1500,mha_rope,42,5,9,0.042176004499197006,0.04764460027217865,1.671433448791504
1500,mha_rope,42,5,10,0.04546366259455681,0.059988122433423996,1.671433448791504
1500,mha_rope,42,5,11,0.07756327092647552,0.06314030289649963,1.671433448791504
1500,mha_rope,42,5,12,0.049357298761606216,0.04986224323511124,1.671433448791504
1500,mha_rope,42,5,13,0.07411620765924454,0.07061640918254852,1.671433448791504
1500,mha_rope,42,5,14,0.04504140093922615,0.048172492533922195,1.671433448791504
1500,mha_rope,42,5,15,0.11611887812614441,0.10452533513307571,1.671433448791504
2000,mha_rope,42,1,0,0.05609903857111931,0.05597075819969177,2.266453742980957
2000,mha_rope,42,1,1,0.069305419921875,0.0727396085858345,2.266453742980957
2000,mha_rope,42,1,2,0.08844533562660217,0.07413727790117264,2.266453742980957
2000,mha_rope,42,1,3,0.05117146670818329,0.05677688494324684,2.266453742980957
2000,mha_rope,42,1,4,0.0559711717069149,0.05685253068804741,2.266453742980957
2000,mha_rope,42,1,5,0.05535390228033066,0.06167855113744736,2.266453742980957
2000,mha_rope,42,1,6,0.08731120079755783,0.06952496618032455,2.266453742980957
2000,mha_rope,42,1,7,0.07034057378768921,0.06905519217252731,2.266453742980957
2000,mha_rope,42,1,8,0.07272043824195862,0.0641423836350441,2.266453742980957
2000,mha_rope,42,1,9,0.04906158521771431,0.05669640749692917,2.266453742980957
2000,mha_rope,42,1,10,0.06145721301436424,0.06283529847860336,2.266453742980957
2000,mha_rope,42,1,11,0.05484934523701668,0.05984406918287277,2.266453742980957
2000,mha_rope,42,1,12,0.06831960380077362,0.062243927270174026,2.266453742980957
2000,mha_rope,42,1,13,0.07304046303033829,0.0790000781416893,2.266453742980957
2000,mha_rope,42,1,14,0.04172933101654053,0.056577764451503754,2.266453742980957
2000,mha_rope,42,1,15,0.044823914766311646,0.04192424938082695,2.266453742980957
2000,mha_rope,42,2,0,0.08372294157743454,0.08643171936273575,1.6304274797439575
2000,mha_rope,42,2,1,0.04872629791498184,0.04829498752951622,1.6304274797439575
2000,mha_rope,42,2,2,0.07872670143842697,0.07187497615814209,1.6304274797439575
2000,mha_rope,42,2,3,0.03181050717830658,0.040162209421396255,1.6304274797439575
2000,mha_rope,42,2,4,0.056708984076976776,0.05671558529138565,1.6304274797439575
2000,mha_rope,42,2,5,0.06435547024011612,0.07244246453046799,1.6304274797439575
2000,mha_rope,42,2,6,0.06452575325965881,0.062132980674505234,1.6304274797439575
2000,mha_rope,42,2,7,0.032928671687841415,0.03738831356167793,1.6304274797439575
2000,mha_rope,42,2,8,0.07178619503974915,0.07208873331546783,1.6304274797439575
2000,mha_rope,42,2,9,0.05826853588223457,0.05628601834177971,1.6304274797439575
2000,mha_rope,42,2,10,0.056563619524240494,0.058400433510541916,1.6304274797439575
2000,mha_rope,42,2,11,0.0711454227566719,0.06454137712717056,1.6304274797439575
2000,mha_rope,42,2,12,0.0316397100687027,0.037906233221292496,1.6304274797439575
2000,mha_rope,42,2,13,0.08220062404870987,0.07704485952854156,1.6304274797439575
2000,mha_rope,42,2,14,0.09784891456365585,0.08899078518152237,1.6304274797439575
2000,mha_rope,42,2,15,0.0690416470170021,0.0692983865737915,1.6304274797439575
2000,mha_rope,42,3,0,0.0735313892364502,0.06209501251578331,1.2740142345428467
2000,mha_rope,42,3,1,0.038646139204502106,0.039243798702955246,1.2740142345428467
2000,mha_rope,42,3,2,0.06716003268957138,0.059213217347860336,1.2740142345428467
2000,mha_rope,42,3,3,0.07178914546966553,0.07904975116252899,1.2740142345428467
2000,mha_rope,42,3,4,0.05635996535420418,0.0601920448243618,1.2740142345428467
2000,mha_rope,42,3,5,0.09608317166566849,0.09286939352750778,1.2740142345428467
2000,mha_rope,42,3,6,0.0365549735724926,0.03438565135002136,1.2740142345428467
2000,mha_rope,42,3,7,0.059425659477710724,0.04808695241808891,1.2740142345428467
2000,mha_rope,42,3,8,0.053300272673368454,0.05516606196761131,1.2740142345428467
2000,mha_rope,42,3,9,0.05631418898701668,0.06008938327431679,1.2740142345428467
2000,mha_rope,42,3,10,0.0879250094294548,0.08361978083848953,1.2740142345428467
2000,mha_rope,42,3,11,0.04659678041934967,0.05671527236700058,1.2740142345428467
2000,mha_rope,42,3,12,0.03458791226148605,0.04460563883185387,1.2740142345428467
2000,mha_rope,42,3,13,0.04966156184673309,0.0433938205242157,1.2740142345428467
2000,mha_rope,42,3,14,0.0913848876953125,0.11616809666156769,1.2740142345428467
2000,mha_rope,42,3,15,0.08067891746759415,0.06510618329048157,1.2740142345428467
2000,mha_rope,42,4,0,0.0825672373175621,0.09060051292181015,1.3844268321990967
2000,mha_rope,42,4,1,0.0653591901063919,0.07859531790018082,1.3844268321990967
2000,mha_rope,42,4,2,0.07471557706594467,0.0697285607457161,1.3844268321990967
2000,mha_rope,42,4,3,0.04556009918451309,0.05040114000439644,1.3844268321990967
2000,mha_rope,42,4,4,0.06946299225091934,0.06638845056295395,1.3844268321990967
2000,mha_rope,42,4,5,0.060510966926813126,0.06674368679523468,1.3844268321990967
2000,mha_rope,42,4,6,0.05301279574632645,0.05191890150308609,1.3844268321990967
2000,mha_rope,42,4,7,0.061939697712659836,0.04872645065188408,1.3844268321990967
2000,mha_rope,42,4,8,0.035942383110523224,0.043567363172769547,1.3844268321990967
2000,mha_rope,42,4,9,0.06065633147954941,0.061662450432777405,1.3844268321990967
2000,mha_rope,42,4,10,0.08786793798208237,0.08237947523593903,1.3844268321990967
2000,mha_rope,42,4,11,0.0352853387594223,0.03735417500138283,1.3844268321990967
2000,mha_rope,42,4,12,0.04217417538166046,0.04433957114815712,1.3844268321990967
2000,mha_rope,42,4,13,0.0774172991514206,0.07993736118078232,1.3844268321990967
2000,mha_rope,42,4,14,0.08143860101699829,0.0622185654938221,1.3844268321990967
2000,mha_rope,42,4,15,0.06608937680721283,0.06543806940317154,1.3844268321990967
2000,mha_rope,42,5,0,0.0600840263068676,0.06627713143825531,1.656160831451416
2000,mha_rope,42,5,1,0.0621052049100399,0.05333232507109642,1.656160831451416
2000,mha_rope,42,5,2,0.062166035175323486,0.06933727860450745,1.656160831451416
2000,mha_rope,42,5,3,0.06283874809741974,0.0735861137509346,1.656160831451416
2000,mha_rope,42,5,4,0.074603371322155,0.07152841240167618,1.656160831451416
2000,mha_rope,42,5,5,0.06975188851356506,0.05175865441560745,1.656160831451416
2000,mha_rope,42,5,6,0.03509674221277237,0.03944286331534386,1.656160831451416
2000,mha_rope,42,5,7,0.056769102811813354,0.051237478852272034,1.656160831451416
2000,mha_rope,42,5,8,0.07905884087085724,0.08939041197299957,1.656160831451416
2000,mha_rope,42,5,9,0.034213460981845856,0.042727191001176834,1.656160831451416
2000,mha_rope,42,5,10,0.04684397205710411,0.06279177218675613,1.656160831451416
2000,mha_rope,42,5,11,0.08478037267923355,0.06965328752994537,1.656160831451416
2000,mha_rope,42,5,12,0.04929707944393158,0.04656308889389038,1.656160831451416
2000,mha_rope,42,5,13,0.06539886444807053,0.06467847526073456,1.656160831451416
2000,mha_rope,42,5,14,0.04816396161913872,0.050521060824394226,1.656160831451416
2000,mha_rope,42,5,15,0.10882832854986191,0.09717446565628052,1.656160831451416
2500,mha_rope,42,1,0,0.06994069367647171,0.06277641654014587,2.3166205883026123
2500,mha_rope,42,1,1,0.06508687138557434,0.06669576466083527,2.3166205883026123
2500,mha_rope,42,1,2,0.08014465123414993,0.0713459774851799,2.3166205883026123
2500,mha_rope,42,1,3,0.05322509631514549,0.06026288866996765,2.3166205883026123
2500,mha_rope,42,1,4,0.055289000272750854,0.05650242418050766,2.3166205883026123
2500,mha_rope,42,1,5,0.07523885369300842,0.06646782904863358,2.3166205883026123
2500,mha_rope,42,1,6,0.06728017330169678,0.0638953372836113,2.3166205883026123
2500,mha_rope,42,1,7,0.056907448917627335,0.0642397329211235,2.3166205883026123
2500,mha_rope,42,1,8,0.03962239623069763,0.05201277509331703,2.3166205883026123
2500,mha_rope,42,1,9,0.05099009349942207,0.05847631394863129,2.3166205883026123
2500,mha_rope,42,1,10,0.07603719085454941,0.0668344721198082,2.3166205883026123
2500,mha_rope,42,1,11,0.07369008660316467,0.064974345266819,2.3166205883026123
2500,mha_rope,42,1,12,0.05299590900540352,0.05594835802912712,2.3166205883026123
2500,mha_rope,42,1,13,0.0796051025390625,0.08499864488840103,2.3166205883026123
2500,mha_rope,42,1,14,0.05179077014327049,0.05855821445584297,2.3166205883026123
2500,mha_rope,42,1,15,0.05215565860271454,0.04601065069437027,2.3166205883026123
2500,mha_rope,42,2,0,0.08562266081571579,0.0832005962729454,1.672883152961731
2500,mha_rope,42,2,1,0.04056284576654434,0.046576835215091705,1.672883152961731
2500,mha_rope,42,2,2,0.10254567116498947,0.08633358776569366,1.672883152961731
2500,mha_rope,42,2,3,0.042076416313648224,0.04541970044374466,1.672883152961731
2500,mha_rope,42,2,4,0.051442261785268784,0.05117565020918846,1.672883152961731
2500,mha_rope,42,2,5,0.06913278996944427,0.07796896994113922,1.672883152961731
2500,mha_rope,42,2,6,0.06136037036776543,0.0585966631770134,1.672883152961731
2500,mha_rope,42,2,7,0.04037180542945862,0.04462449997663498,1.672883152961731
2500,mha_rope,42,2,8,0.07939279824495316,0.07611016929149628,1.672883152961731
2500,mha_rope,42,2,9,0.056578367948532104,0.05479946732521057,1.672883152961731
2500,mha_rope,42,2,10,0.04877431318163872,0.058649513870477676,1.672883152961731
2500,mha_rope,42,2,11,0.07046346366405487,0.06472881138324738,1.672883152961731
2500,mha_rope,42,2,12,0.027913818135857582,0.03651025891304016,1.672883152961731
2500,mha_rope,42,2,13,0.06783375889062881,0.06811407953500748,1.672883152961731
2500,mha_rope,42,2,14,0.09797912836074829,0.08433280140161514,1.672883152961731
2500,mha_rope,42,2,15,0.057949524372816086,0.06285848468542099,1.672883152961731
2500,mha_rope,42,3,0,0.06514241546392441,0.05996009334921837,1.2502418756484985
2500,mha_rope,42,3,1,0.0378805547952652,0.03828863427042961,1.2502418756484985
2500,mha_rope,42,3,2,0.06154622510075569,0.0568256638944149,1.2502418756484985
2500,mha_rope,42,3,3,0.07238983362913132,0.077338807284832,1.2502418756484985
2500,mha_rope,42,3,4,0.05739013850688934,0.06034773960709572,1.2502418756484985
2500,mha_rope,42,3,5,0.09710042178630829,0.09251298755407333,1.2502418756484985
2500,mha_rope,42,3,6,0.03741699084639549,0.034799154847860336,1.2502418756484985
2500,mha_rope,42,3,7,0.06304575502872467,0.0510517880320549,1.2502418756484985
2500,mha_rope,42,3,8,0.05874694883823395,0.05908428132534027,1.2502418756484985
2500,mha_rope,42,3,9,0.05675323307514191,0.059579748660326004,1.2502418756484985
2500,mha_rope,42,3,10,0.08370890468358994,0.07916994392871857,1.2502418756484985
2500,mha_rope,42,3,11,0.04433797299861908,0.057025305926799774,1.2502418756484985
2500,mha_rope,42,3,12,0.0351295992732048,0.046126507222652435,1.2502418756484985
2500,mha_rope,42,3,13,0.052599385380744934,0.04530482366681099,1.2502418756484985
2500,mha_rope,42,3,14,0.08950988948345184,0.11286744475364685,1.2502418756484985
2500,mha_rope,42,3,15,0.08730173856019974,0.0697171613574028,1.2502418756484985
2500,mha_rope,42,4,0,0.07981150597333908,0.08924213796854019,1.3213098049163818
2500,mha_rope,42,4,1,0.05841837450861931,0.07263953238725662,1.3213098049163818
2500,mha_rope,42,4,2,0.06734538078308105,0.0630369484424591,1.3213098049163818
2500,mha_rope,42,4,3,0.0500284843146801,0.051866933703422546,1.3213098049163818
2500,mha_rope,42,4,4,0.07344075292348862,0.07684482634067535,1.3213098049163818
2500,mha_rope,42,4,5,0.05727488175034523,0.06356541067361832,1.3213098049163818
2500,mha_rope,42,4,6,0.048340555280447006,0.05032902956008911,1.3213098049163818
2500,mha_rope,42,4,7,0.05918772518634796,0.045314766466617584,1.3213098049163818
2500,mha_rope,42,4,8,0.034560952335596085,0.0424383208155632,1.3213098049163818
2500,mha_rope,42,4,9,0.06282266974449158,0.06298661231994629,1.3213098049163818
2500,mha_rope,42,4,10,0.08058827370405197,0.07608091086149216,1.3213098049163818
2500,mha_rope,42,4,11,0.0395934022963047,0.039055995643138885,1.3213098049163818
2500,mha_rope,42,4,12,0.04813395068049431,0.04860773682594299,1.3213098049163818
2500,mha_rope,42,4,13,0.0879078134894371,0.0902276262640953,1.3213098049163818
2500,mha_rope,42,4,14,0.08592651039361954,0.06420202553272247,1.3213098049163818
2500,mha_rope,42,4,15,0.06661875545978546,0.06356111168861389,1.3213098049163818
2500,mha_rope,42,5,0,0.06731659173965454,0.07373765110969543,1.6186970472335815
2500,mha_rope,42,5,1,0.054228514432907104,0.047959767282009125,1.6186970472335815
2500,mha_rope,42,5,2,0.059175312519073486,0.06687114387750626,1.6186970472335815
2500,mha_rope,42,5,3,0.06000223755836487,0.06866253167390823,1.6186970472335815
2500,mha_rope,42,5,4,0.07921051234006882,0.07349732518196106,1.6186970472335815
2500,mha_rope,42,5,5,0.06765635311603546,0.04918546602129936,1.6186970472335815
2500,mha_rope,42,5,6,0.029416808858513832,0.0360126718878746,1.6186970472335815
2500,mha_rope,42,5,7,0.0523764044046402,0.04772831127047539,1.6186970472335815
2500,mha_rope,42,5,8,0.08488698303699493,0.09476490318775177,1.6186970472335815
2500,mha_rope,42,5,9,0.03847961500287056,0.046574801206588745,1.6186970472335815
2500,mha_rope,42,5,10,0.05071645230054855,0.06892161816358566,1.6186970472335815
2500,mha_rope,42,5,11,0.07925751060247421,0.06375079602003098,1.6186970472335815
2500,mha_rope,42,5,12,0.0451119989156723,0.04456383362412453,1.6186970472335815
2500,mha_rope,42,5,13,0.06400817632675171,0.06203584745526314,1.6186970472335815
2500,mha_rope,42,5,14,0.05833720043301582,0.05661766603589058,1.6186970472335815
2500,mha_rope,42,5,15,0.10981933772563934,0.09911567717790604,1.6186970472335815
3000,mha_rope,42,1,0,0.06325561553239822,0.06158022582530975,2.3231167793273926
3000,mha_rope,42,1,1,0.05731496214866638,0.06511377543210983,2.3231167793273926
3000,mha_rope,42,1,2,0.08264149725437164,0.0735466480255127,2.3231167793273926
3000,mha_rope,42,1,3,0.0651092529296875,0.06661912053823471,2.3231167793273926
3000,mha_rope,42,1,4,0.05192769318819046,0.051900140941143036,2.3231167793273926
3000,mha_rope,42,1,5,0.07755880057811737,0.06681279093027115,2.3231167793273926
3000,mha_rope,42,1,6,0.0778605118393898,0.06609030067920685,2.3231167793273926
3000,mha_rope,42,1,7,0.050476785749197006,0.06377645581960678,2.3231167793273926
3000,mha_rope,42,1,8,0.052375081926584244,0.05720694735646248,2.3231167793273926
3000,mha_rope,42,1,9,0.039832863956689835,0.05433334410190582,2.3231167793273926
3000,mha_rope,42,1,10,0.08078399300575256,0.06700766086578369,2.3231167793273926
3000,mha_rope,42,1,11,0.061562296003103256,0.059622231870889664,2.3231167793273926
3000,mha_rope,42,1,12,0.05210622027516365,0.05522635951638222,2.3231167793273926
3000,mha_rope,42,1,13,0.0798587054014206,0.08326016366481781,2.3231167793273926
3000,mha_rope,42,1,14,0.05743977800011635,0.06315163522958755,2.3231167793273926
3000,mha_rope,42,1,15,0.049895934760570526,0.04475237801671028,2.3231167793273926
3000,mha_rope,42,2,0,0.08262532204389572,0.0801251158118248,1.7020736932754517
3000,mha_rope,42,2,1,0.044537149369716644,0.051061000674963,1.7020736932754517
3000,mha_rope,42,2,2,0.08752421289682388,0.07617954164743423,1.7020736932754517
3000,mha_rope,42,2,3,0.03960601985454559,0.0469113327562809,1.7020736932754517
3000,mha_rope,42,2,4,0.050026752054691315,0.05022786185145378,1.7020736932754517
3000,mha_rope,42,2,5,0.07859649509191513,0.08801570534706116,1.7020736932754517
3000,mha_rope,42,2,6,0.05097157880663872,0.05150213837623596,1.7020736932754517
3000,mha_rope,42,2,7,0.05626475065946579,0.052252307534217834,1.7020736932754517
3000,mha_rope,42,2,8,0.07445403933525085,0.0735444724559784,1.7020736932754517
3000,mha_rope,42,2,9,0.06267547607421875,0.05842743441462517,1.7020736932754517
3000,mha_rope,42,2,10,0.05345550552010536,0.06240573897957802,1.7020736932754517
3000,mha_rope,42,2,11,0.07907918095588684,0.06970323622226715,1.7020736932754517
3000,mha_rope,42,2,12,0.025881754234433174,0.03677123412489891,1.7020736932754517
3000,mha_rope,42,2,13,0.07030263543128967,0.07051051408052444,1.7020736932754517
3000,mha_rope,42,2,14,0.0898495465517044,0.0744817852973938,1.7020736932754517
3000,mha_rope,42,2,15,0.0541495755314827,0.05788055434823036,1.7020736932754517
3000,mha_rope,42,3,0,0.07855438441038132,0.0688425824046135,1.2728509902954102
3000,mha_rope,42,3,1,0.036494750529527664,0.03808055445551872,1.2728509902954102
3000,mha_rope,42,3,2,0.05343841388821602,0.0522804893553257,1.2728509902954102
3000,mha_rope,42,3,3,0.07026123255491257,0.07390128821134567,1.2728509902954102
3000,mha_rope,42,3,4,0.05190134793519974,0.0583934523165226,1.2728509902954102
3000,mha_rope,42,3,5,0.10186035186052322,0.09582884609699249,1.2728509902954102
3000,mha_rope,42,3,6,0.03550140559673309,0.033858999609947205,1.2728509902954102
3000,mha_rope,42,3,7,0.06515990942716599,0.05331508070230484,1.2728509902954102
3000,mha_rope,42,3,8,0.057436320930719376,0.05955084413290024,1.2728509902954102
3000,mha_rope,42,3,9,0.05424865707755089,0.05866573378443718,1.2728509902954102
3000,mha_rope,42,3,10,0.08496500551700592,0.07689448446035385,1.2728509902954102
3000,mha_rope,42,3,11,0.04691609740257263,0.05806250125169754,1.2728509902954102
3000,mha_rope,42,3,12,0.041090596467256546,0.04871822148561478,1.2728509902954102
3000,mha_rope,42,3,13,0.05531494319438934,0.0464957095682621,1.2728509902954102
3000,mha_rope,42,3,14,0.09033793210983276,0.1140756830573082,1.2728509902954102
3000,mha_rope,42,3,15,0.07651865482330322,0.06303555518388748,1.2728509902954102
3000,mha_rope,42,4,0,0.07269114255905151,0.0837344378232956,1.2953556776046753
3000,mha_rope,42,4,1,0.05737508088350296,0.07120240479707718,1.2953556776046753
3000,mha_rope,42,4,2,0.07431966066360474,0.06996281445026398,1.2953556776046753
3000,mha_rope,42,4,3,0.04752339795231819,0.052789438515901566,1.2953556776046753
3000,mha_rope,42,4,4,0.06892018765211105,0.07353413850069046,1.2953556776046753
3000,mha_rope,42,4,5,0.05804483965039253,0.06356476992368698,1.2953556776046753
3000,mha_rope,42,4,6,0.050027161836624146,0.05112919211387634,1.2953556776046753
3000,mha_rope,42,4,7,0.06408966332674026,0.047369733452796936,1.2953556776046753
3000,mha_rope,42,4,8,0.03538604825735092,0.04352689906954765,1.2953556776046753
3000,mha_rope,42,4,9,0.0688706487417221,0.06732702255249023,1.2953556776046753
3000,mha_rope,42,4,10,0.07550232112407684,0.073753722012043,1.2953556776046753
3000,mha_rope,42,4,11,0.043390095233917236,0.0404219776391983,1.2953556776046753
3000,mha_rope,42,4,12,0.041054483503103256,0.04362034425139427,1.2953556776046753
3000,mha_rope,42,4,13,0.08577687293291092,0.08683735132217407,1.2953556776046753
3000,mha_rope,42,4,14,0.09251047670841217,0.06830216199159622,1.2953556776046753
3000,mha_rope,42,4,15,0.06451792269945145,0.06292368471622467,1.2953556776046753
3000,mha_rope,42,5,0,0.06629913300275803,0.07324636727571487,1.6312534809112549
3000,mha_rope,42,5,1,0.06019795686006546,0.05363534763455391,1.6312534809112549
3000,mha_rope,42,5,2,0.05486134812235832,0.06475300341844559,1.6312534809112549
3000,mha_rope,42,5,3,0.05649108812212944,0.06508255004882812,1.6312534809112549
3000,mha_rope,42,5,4,0.0774872824549675,0.07221592217683792,1.6312534809112549
3000,mha_rope,42,5,5,0.07397705316543579,0.05383846163749695,1.6312534809112549
3000,mha_rope,42,5,6,0.028771057724952698,0.036152783781290054,1.6312534809112549
3000,mha_rope,42,5,7,0.048528339713811874,0.04494168981909752,1.6312534809112549
3000,mha_rope,42,5,8,0.08374888449907303,0.09525255113840103,1.6312534809112549
3000,mha_rope,42,5,9,0.05104665085673332,0.05506889522075653,1.6312534809112549
3000,mha_rope,42,5,10,0.050587259232997894,0.06481237709522247,1.6312534809112549
3000,mha_rope,42,5,11,0.0780067965388298,0.06213148683309555,1.6312534809112549
3000,mha_rope,42,5,12,0.030810648575425148,0.03758988529443741,1.6312534809112549
3000,mha_rope,42,5,13,0.06524179875850677,0.06152831390500069,1.6312534809112549
3000,mha_rope,42,5,14,0.05884847044944763,0.05654174089431763,1.6312534809112549
3000,mha_rope,42,5,15,0.11509623378515244,0.10320863872766495,1.6312534809112549
3500,mha_rope,42,1,0,0.07034647464752197,0.06462309509515762,2.296788454055786
3500,mha_rope,42,1,1,0.050053711980581284,0.06367750465869904,2.296788454055786
3500,mha_rope,42,1,2,0.08906473964452744,0.07494819164276123,2.296788454055786
3500,mha_rope,42,1,3,0.06936503201723099,0.06578629463911057,2.296788454055786
3500,mha_rope,42,1,4,0.057019855827093124,0.055950552225112915,2.296788454055786
3500,mha_rope,42,1,5,0.05601999908685684,0.059922561049461365,2.296788454055786
3500,mha_rope,42,1,6,0.07815632969141006,0.0677262619137764,2.296788454055786
3500,mha_rope,42,1,7,0.06985422968864441,0.06499329954385757,2.296788454055786
3500,mha_rope,42,1,8,0.05536051467061043,0.059956397861242294,2.296788454055786
3500,mha_rope,42,1,9,0.04379923641681671,0.05696958675980568,2.296788454055786
3500,mha_rope,42,1,10,0.06714833527803421,0.0620570182800293,2.296788454055786
3500,mha_rope,42,1,11,0.05892222002148628,0.05763639509677887,2.296788454055786
3500,mha_rope,42,1,12,0.06152160465717316,0.059852633625268936,2.296788454055786
3500,mha_rope,42,1,13,0.07242879271507263,0.07947494834661484,2.296788454055786
3500,mha_rope,42,1,14,0.04673400893807411,0.05875755846500397,2.296788454055786
3500,mha_rope,42,1,15,0.05420491471886635,0.047667667269706726,2.296788454055786
3500,mha_rope,42,2,0,0.07012572884559631,0.07332952320575714,1.6806286573410034
3500,mha_rope,42,2,1,0.043593138456344604,0.04963092505931854,1.6806286573410034
3500,mha_rope,42,2,2,0.08744130283594131,0.07853930443525314,1.6806286573410034
3500,mha_rope,42,2,3,0.05063262954354286,0.052428264170885086,1.6806286573410034
3500,mha_rope,42,2,4,0.04471994936466217,0.044874340295791626,1.6806286573410034
3500,mha_rope,42,2,5,0.07106384634971619,0.08205047249794006,1.6806286573410034
3500,mha_rope,42,2,6,0.0593801885843277,0.058807775378227234,1.6806286573410034
3500,mha_rope,42,2,7,0.03512003645300865,0.04077519103884697,1.6806286573410034
3500,mha_rope,42,2,8,0.06926849484443665,0.06720209121704102,1.6806286573410034
3500,mha_rope,42,2,9,0.06889393925666809,0.062116000801324844,1.6806286573410034
3500,mha_rope,42,2,10,0.05318044126033783,0.059641044586896896,1.6806286573410034
3500,mha_rope,42,2,11,0.08033457398414612,0.07160339504480362,1.6806286573410034
3500,mha_rope,42,2,12,0.042649637907743454,0.04234664887189865,1.6806286573410034
3500,mha_rope,42,2,13,0.0753994733095169,0.07648494094610214,1.6806286573410034
3500,mha_rope,42,2,14,0.09349995851516724,0.07989107817411423,1.6806286573410034
3500,mha_rope,42,2,15,0.05469665676355362,0.060279008001089096,1.6806286573410034
3500,mha_rope,42,3,0,0.06659108400344849,0.06129755079746246,1.2605394124984741
3500,mha_rope,42,3,1,0.03925730288028717,0.04037483036518097,1.2605394124984741
3500,mha_rope,42,3,2,0.059068500995635986,0.05803976580500603,1.2605394124984741
3500,mha_rope,42,3,3,0.07253000885248184,0.07544530183076859,1.2605394124984741
3500,mha_rope,42,3,4,0.057638347148895264,0.060844358056783676,1.2605394124984741
3500,mha_rope,42,3,5,0.0990065485239029,0.09181773662567139,1.2605394124984741
3500,mha_rope,42,3,6,0.03629567474126816,0.03402458503842354,1.2605394124984741
3500,mha_rope,42,3,7,0.06500213593244553,0.05217895656824112,1.2605394124984741
3500,mha_rope,42,3,8,0.05896006152033806,0.05995922163128853,1.2605394124984741
3500,mha_rope,42,3,9,0.05182139202952385,0.058583203703165054,1.2605394124984741
3500,mha_rope,42,3,10,0.08306040614843369,0.07602935284376144,1.2605394124984741
3500,mha_rope,42,3,11,0.042898356914520264,0.056018710136413574,1.2605394124984741
3500,mha_rope,42,3,12,0.042697448283433914,0.050619810819625854,1.2605394124984741
3500,mha_rope,42,3,13,0.054782409220933914,0.04660049453377724,1.2605394124984741
3500,mha_rope,42,3,14,0.0879269391298294,0.11115223169326782,1.2605394124984741
3500,mha_rope,42,3,15,0.08246337622404099,0.06701391935348511,1.2605394124984741
3500,mha_rope,42,4,0,0.07528442144393921,0.08514255285263062,1.2746660709381104
3500,mha_rope,42,4,1,0.05840118229389191,0.07260751724243164,1.2746660709381104
3500,mha_rope,42,4,2,0.0688248723745346,0.06424742192029953,1.2746660709381104
3500,mha_rope,42,4,3,0.04750009998679161,0.05139189586043358,1.2746660709381104
3500,mha_rope,42,4,4,0.06958801299333572,0.07444373518228531,1.2746660709381104
3500,mha_rope,42,4,5,0.056730955839157104,0.060785651206970215,1.2746660709381104
3500,mha_rope,42,4,6,0.05105143412947655,0.05050363391637802,1.2746660709381104
3500,mha_rope,42,4,7,0.06938455998897552,0.05162636563181877,1.2746660709381104
3500,mha_rope,42,4,8,0.033430278301239014,0.04020599275827408,1.2746660709381104
3500,mha_rope,42,4,9,0.06706655025482178,0.06747543066740036,1.2746660709381104
3500,mha_rope,42,4,10,0.07803253084421158,0.07792682200670242,1.2746660709381104
3500,mha_rope,42,4,11,0.04031636565923691,0.03936096280813217,1.2746660709381104
3500,mha_rope,42,4,12,0.0464051328599453,0.04815664142370224,1.2746660709381104
3500,mha_rope,42,4,13,0.08490946143865585,0.08810842782258987,1.2746660709381104
3500,mha_rope,42,4,14,0.0916023775935173,0.06726174801588058,1.2746660709381104
3500,mha_rope,42,4,15,0.061471760272979736,0.06075514480471611,1.2746660709381104
3500,mha_rope,42,5,0,0.06984151154756546,0.07687795162200928,1.6027435064315796
3500,mha_rope,42,5,1,0.06319447606801987,0.05674538388848305,1.6027435064315796
3500,mha_rope,42,5,2,0.060682881623506546,0.0689486414194107,1.6027435064315796
3500,mha_rope,42,5,3,0.06101389601826668,0.06859775632619858,1.6027435064315796
3500,mha_rope,42,5,4,0.07858296483755112,0.07218678295612335,1.6027435064315796
3500,mha_rope,42,5,5,0.07066325098276138,0.05177195370197296,1.6027435064315796
3500,mha_rope,42,5,6,0.027657877653837204,0.03316280618309975,1.6027435064315796
3500,mha_rope,42,5,7,0.04647979885339737,0.042909156531095505,1.6027435064315796
3500,mha_rope,42,5,8,0.08161956816911697,0.0919966921210289,1.6027435064315796
3500,mha_rope,42,5,9,0.039051614701747894,0.04666190966963768,1.6027435064315796
3500,mha_rope,42,5,10,0.0500437431037426,0.06581121683120728,1.6027435064315796
3500,mha_rope,42,5,11,0.08386678248643875,0.06739683449268341,1.6027435064315796
3500,mha_rope,42,5,12,0.036186013370752335,0.03978704661130905,1.6027435064315796
3500,mha_rope,42,5,13,0.06180053576827049,0.059974703937768936,1.6027435064315796
3500,mha_rope,42,5,14,0.05773783475160599,0.056577738374471664,1.6027435064315796
3500,mha_rope,42,5,15,0.11157725006341934,0.10059358924627304,1.6027435064315796
4000,mha_rope,42,1,0,0.06359100341796875,0.060910604894161224,2.2795298099517822
4000,mha_rope,42,1,1,0.06174072250723839,0.0699865072965622,2.2795298099517822
4000,mha_rope,42,1,2,0.07431253790855408,0.06634310632944107,2.2795298099517822
4000,mha_rope,42,1,3,0.06086822599172592,0.06292828172445297,2.2795298099517822
4000,mha_rope,42,1,4,0.060759786516427994,0.05873813107609749,2.2795298099517822
4000,mha_rope,42,1,5,0.04989206790924072,0.057495053857564926,2.2795298099517822
4000,mha_rope,42,1,6,0.084368996322155,0.07000060379505157,2.2795298099517822
4000,mha_rope,42,1,7,0.057478636503219604,0.06325129419565201,2.2795298099517822
4000,mha_rope,42,1,8,0.05999410152435303,0.06141902878880501,2.2795298099517822
4000,mha_rope,42,1,9,0.045357462018728256,0.055813997983932495,2.2795298099517822
4000,mha_rope,42,1,10,0.07805389165878296,0.06643393635749817,2.2795298099517822
4000,mha_rope,42,1,11,0.06147043779492378,0.05758237838745117,2.2795298099517822
4000,mha_rope,42,1,12,0.05425364151597023,0.05567079037427902,2.2795298099517822
4000,mha_rope,42,1,13,0.06899261474609375,0.07955991476774216,2.2795298099517822
4000,mha_rope,42,1,14,0.05920929089188576,0.06218321621417999,2.2795298099517822
4000,mha_rope,42,1,15,0.059656575322151184,0.05168312415480614,2.2795298099517822
4000,mha_rope,42,2,0,0.07411051541566849,0.07401686161756516,1.6653391122817993
4000,mha_rope,42,2,1,0.03745269775390625,0.046233996748924255,1.6653391122817993
4000,mha_rope,42,2,2,0.09223724156618118,0.07988832145929337,1.6653391122817993
4000,mha_rope,42,2,3,0.03710327297449112,0.044844649732112885,1.6653391122817993
4000,mha_rope,42,2,4,0.04537251964211464,0.04545793682336807,1.6653391122817993
4000,mha_rope,42,2,5,0.08041127771139145,0.08904177695512772,1.6653391122817993
4000,mha_rope,42,2,6,0.05811818316578865,0.058574091643095016,1.6653391122817993
4000,mha_rope,42,2,7,0.049155984073877335,0.04840656742453575,1.6653391122817993
4000,mha_rope,42,2,8,0.07407888025045395,0.07030905783176422,1.6653391122817993
4000,mha_rope,42,2,9,0.057349447160959244,0.05403383821249008,1.6653391122817993
4000,mha_rope,42,2,10,0.05493621900677681,0.06081738695502281,1.6653391122817993
4000,mha_rope,42,2,11,0.0729973316192627,0.06764575839042664,1.6653391122817993
4000,mha_rope,42,2,12,0.0401039645075798,0.04169996827840805,1.6653391122817993
4000,mha_rope,42,2,13,0.071429543197155,0.0745551586151123,1.6653391122817993
4000,mha_rope,42,2,14,0.09657938778400421,0.08168254792690277,1.6653391122817993
4000,mha_rope,42,2,15,0.058563537895679474,0.06279197335243225,1.6653391122817993
4000,mha_rope,42,3,0,0.0703505426645279,0.0650053396821022,1.2770991325378418
4000,mha_rope,42,3,1,0.039565734565258026,0.04115815833210945,1.2770991325378418
4000,mha_rope,42,3,2,0.05387512221932411,0.052954357117414474,1.2770991325378418
4000,mha_rope,42,3,3,0.06538330018520355,0.06760942190885544,1.2770991325378418
4000,mha_rope,42,3,4,0.0585441067814827,0.06326764076948166,1.2770991325378418
4000,mha_rope,42,3,5,0.10157369077205658,0.09512818604707718,1.2770991325378418
4000,mha_rope,42,3,6,0.039823099970817566,0.0366181880235672,1.2770991325378418
4000,mha_rope,42,3,7,0.06746398657560349,0.05432423949241638,1.2770991325378418
4000,mha_rope,42,3,8,0.059070128947496414,0.06071002408862114,1.2770991325378418
4000,mha_rope,42,3,9,0.05501312389969826,0.06138356402516365,1.2770991325378418
4000,mha_rope,42,3,10,0.08340729027986526,0.07453902065753937,1.2770991325378418
4000,mha_rope,42,3,11,0.046371255069971085,0.05875299498438835,1.2770991325378418
4000,mha_rope,42,3,12,0.03384501114487648,0.04735745117068291,1.2770991325378418
4000,mha_rope,42,3,13,0.05608062818646431,0.047822412103414536,1.2770991325378418
4000,mha_rope,42,3,14,0.08760223537683487,0.10916010290384293,1.2770991325378418
4000,mha_rope,42,3,15,0.08203074336051941,0.06420882791280746,1.2770991325378418
4000,mha_rope,42,4,0,0.0677039623260498,0.07851177453994751,1.258882999420166
4000,mha_rope,42,4,1,0.059338685125112534,0.0724756047129631,1.258882999420166
4000,mha_rope,42,4,2,0.07412444800138474,0.07044688612222672,1.258882999420166
4000,mha_rope,42,4,3,0.04741282016038895,0.054051049053668976,1.258882999420166
4000,mha_rope,42,4,4,0.07035888731479645,0.07506582140922546,1.258882999420166
4000,mha_rope,42,4,5,0.056233927607536316,0.06286141276359558,1.258882999420166
4000,mha_rope,42,4,6,0.05537231266498566,0.053589094430208206,1.258882999420166
4000,mha_rope,42,4,7,0.07031352072954178,0.052874695509672165,1.258882999420166
4000,mha_rope,42,4,8,0.029457397758960724,0.03689892217516899,1.258882999420166
4000,mha_rope,42,4,9,0.06659983098506927,0.06549380719661713,1.258882999420166
4000,mha_rope,42,4,10,0.07514312863349915,0.074397012591362,1.258882999420166
4000,mha_rope,42,4,11,0.043783366680145264,0.042244791984558105,1.258882999420166
4000,mha_rope,42,4,12,0.04114674776792526,0.04221583902835846,1.258882999420166
4000,mha_rope,42,4,13,0.08302775025367737,0.08660959452390671,1.258882999420166
4000,mha_rope,42,4,14,0.09854176640510559,0.07213602215051651,1.258882999420166
4000,mha_rope,42,4,15,0.06144144758582115,0.06012776121497154,1.258882999420166
4000,mha_rope,42,5,0,0.0759965032339096,0.08330374211072922,1.5926717519760132
4000,mha_rope,42,5,1,0.061312559992074966,0.055263251066207886,1.5926717519760132
4000,mha_rope,42,5,2,0.05345418304204941,0.06296476721763611,1.5926717519760132
4000,mha_rope,42,5,3,0.06549550592899323,0.0709758922457695,1.5926717519760132
4000,mha_rope,42,5,4,0.07639332860708237,0.07114435732364655,1.5926717519760132
4000,mha_rope,42,5,5,0.07138977199792862,0.05570399761199951,1.5926717519760132
4000,mha_rope,42,5,6,0.029701130464673042,0.033087633550167084,1.5926717519760132
4000,mha_rope,42,5,7,0.050426941365003586,0.04717825725674629,1.5926717519760132
4000,mha_rope,42,5,8,0.08243591338396072,0.09044922143220901,1.5926717519760132
4000,mha_rope,42,5,9,0.04101857542991638,0.04813167080283165,1.5926717519760132
4000,mha_rope,42,5,10,0.05009918287396431,0.06608323752880096,1.5926717519760132
4000,mha_rope,42,5,11,0.07136108726263046,0.05932902172207832,1.5926717519760132
4000,mha_rope,42,5,12,0.03724517673254013,0.03986199572682381,1.5926717519760132
4000,mha_rope,42,5,13,0.059744566679000854,0.05986190214753151,1.5926717519760132
4000,mha_rope,42,5,14,0.06362416595220566,0.06145099550485611,1.5926717519760132
4000,mha_rope,42,5,15,0.1103014126420021,0.09521020203828812,1.5926717519760132
4500,mha_rope,42,1,0,0.07061340659856796,0.06491461396217346,2.2555599212646484
4500,mha_rope,42,1,1,0.0727316290140152,0.07176769524812698,2.2555599212646484
4500,mha_rope,42,1,2,0.08710581809282303,0.07271280139684677,2.2555599212646484
4500,mha_rope,42,1,3,0.0534076951444149,0.060533858835697174,2.2555599212646484
4500,mha_rope,42,1,4,0.05882812663912773,0.056673210114240646,2.2555599212646484
4500,mha_rope,42,1,5,0.04940195754170418,0.05434513837099075,2.2555599212646484
4500,mha_rope,42,1,6,0.08423583954572678,0.07197253406047821,2.2555599212646484
4500,mha_rope,42,1,7,0.051038309931755066,0.06045539677143097,2.2555599212646484
4500,mha_rope,42,1,8,0.059307556599378586,0.061607394367456436,2.2555599212646484
4500,mha_rope,42,1,9,0.05534220486879349,0.06018513813614845,2.2555599212646484
4500,mha_rope,42,1,10,0.0699387639760971,0.06339672207832336,2.2555599212646484
4500,mha_rope,42,1,11,0.05032338574528694,0.054068051278591156,2.2555599212646484
4500,mha_rope,42,1,12,0.06425303220748901,0.06067988649010658,2.2555599212646484
4500,mha_rope,42,1,13,0.06491434574127197,0.07669126987457275,2.2555599212646484
4500,mha_rope,42,1,14,0.04649973660707474,0.056748464703559875,2.2555599212646484
4500,mha_rope,42,1,15,0.062058206647634506,0.05324801057577133,2.2555599212646484
4500,mha_rope,42,2,0,0.07311320304870605,0.07238253951072693,1.644317388534546
4500,mha_rope,42,2,1,0.041122741997241974,0.04888083040714264,1.644317388534546
4500,mha_rope,42,2,2,0.09154774993658066,0.07877946645021439,1.644317388534546
4500,mha_rope,42,2,3,0.03443725407123566,0.043185967952013016,1.644317388534546
4500,mha_rope,42,2,4,0.0433533750474453,0.04460824653506279,1.644317388534546
4500,mha_rope,42,2,5,0.0814744085073471,0.08940832316875458,1.644317388534546
4500,mha_rope,42,2,6,0.05360677093267441,0.05553271621465683,1.644317388534546
4500,mha_rope,42,2,7,0.05064911022782326,0.049493588507175446,1.644317388534546
4500,mha_rope,42,2,8,0.07836303859949112,0.07443702965974808,1.644317388534546
4500,mha_rope,42,2,9,0.06216481700539589,0.05734517425298691,1.644317388534546
4500,mha_rope,42,2,10,0.058198750019073486,0.06375651061534882,1.644317388534546
4500,mha_rope,42,2,11,0.0696430429816246,0.06444216519594193,1.644317388534546
4500,mha_rope,42,2,12,0.040183715522289276,0.04192857816815376,1.644317388534546
4500,mha_rope,42,2,13,0.06590861082077026,0.07069947570562363,1.644317388534546
4500,mha_rope,42,2,14,0.10049265623092651,0.08463332802057266,1.644317388534546
4500,mha_rope,42,2,15,0.05574076250195503,0.06048583984375,1.644317388534546
4500,mha_rope,42,3,0,0.06168833374977112,0.05837404355406761,1.2622500658035278
4500,mha_rope,42,3,1,0.034004006534814835,0.03605268523097038,1.2622500658035278
4500,mha_rope,42,3,2,0.06096486374735832,0.060593415051698685,1.2622500658035278
4500,mha_rope,42,3,3,0.07116760313510895,0.07212740927934647,1.2622500658035278
4500,mha_rope,42,3,4,0.05249074473977089,0.058301351964473724,1.2622500658035278
4500,mha_rope,42,3,5,0.10391703248023987,0.09818011522293091,1.2622500658035278
4500,mha_rope,42,3,6,0.04146372526884079,0.03820521757006645,1.2622500658035278
4500,mha_rope,42,3,7,0.06086374819278717,0.050406672060489655,1.2622500658035278
4500,mha_rope,42,3,8,0.062192484736442566,0.06377946585416794,1.2622500658035278
4500,mha_rope,42,3,9,0.052595317363739014,0.056822922080755234,1.2622500658035278
4500,mha_rope,42,3,10,0.0854295864701271,0.07419829070568085,1.2622500658035278
4500,mha_rope,42,3,11,0.04897399991750717,0.059972260147333145,1.2622500658035278
4500,mha_rope,42,3,12,0.03339742124080658,0.04735507443547249,1.2622500658035278
4500,mha_rope,42,3,13,0.05886474624276161,0.04785389453172684,1.2622500658035278
4500,mha_rope,42,3,14,0.08415202051401138,0.10673301666975021,1.2622500658035278
4500,mha_rope,42,3,15,0.08783437311649323,0.07104425132274628,1.2622500658035278
4500,mha_rope,42,4,0,0.07378031313419342,0.08475715667009354,1.229015588760376
4500,mha_rope,42,4,1,0.05610504001379013,0.06844473630189896,1.229015588760376
4500,mha_rope,42,4,2,0.07020813226699829,0.06535584479570389,1.229015588760376
4500,mha_rope,42,4,3,0.04792226105928421,0.05413833633065224,1.229015588760376
4500,mha_rope,42,4,4,0.06975901126861572,0.07722405344247818,1.229015588760376
4500,mha_rope,42,4,5,0.05603495240211487,0.061982881277799606,1.229015588760376
4500,mha_rope,42,4,6,0.04871785640716553,0.04922453314065933,1.229015588760376
4500,mha_rope,42,4,7,0.07117238640785217,0.05418755114078522,1.229015588760376
4500,mha_rope,42,4,8,0.03461100161075592,0.0408705472946167,1.229015588760376
4500,mha_rope,42,4,9,0.06757944822311401,0.06835189461708069,1.229015588760376
4500,mha_rope,42,4,10,0.0726243108510971,0.07392027229070663,1.229015588760376
4500,mha_rope,42,4,11,0.04805542156100273,0.04363103210926056,1.229015588760376
4500,mha_rope,42,4,12,0.04115905612707138,0.041329525411129,1.229015588760376
4500,mha_rope,42,4,13,0.08618581295013428,0.08863119781017303,1.229015588760376
4500,mha_rope,42,4,14,0.09612060338258743,0.06875931471586227,1.229015588760376
4500,mha_rope,42,4,15,0.05996439605951309,0.05919109284877777,1.229015588760376
4500,mha_rope,42,5,0,0.0746924877166748,0.08136481791734695,1.5776710510253906
4500,mha_rope,42,5,1,0.05518025532364845,0.050879888236522675,1.5776710510253906
4500,mha_rope,42,5,2,0.05619344115257263,0.06650888174772263,1.5776710510253906
4500,mha_rope,42,5,3,0.06315724551677704,0.06962040066719055,1.5776710510253906
4500,mha_rope,42,5,4,0.07682159543037415,0.07003205269575119,1.5776710510253906
4500,mha_rope,42,5,5,0.06964650750160217,0.052733831107616425,1.5776710510253906
4500,mha_rope,42,5,6,0.03053080290555954,0.033774785697460175,1.5776710510253906
4500,mha_rope,42,5,7,0.0517934150993824,0.047430720180273056,1.5776710510253906
4500,mha_rope,42,5,8,0.08471537381410599,0.09575334191322327,1.5776710510253906
4500,mha_rope,42,5,9,0.03731628507375717,0.04598858952522278,1.5776710510253906
4500,mha_rope,42,5,10,0.048724569380283356,0.06191761791706085,1.5776710510253906
4500,mha_rope,42,5,11,0.07538381218910217,0.06055670604109764,1.5776710510253906
4500,mha_rope,42,5,12,0.02997639961540699,0.03658871725201607,1.5776710510253906
4500,mha_rope,42,5,13,0.06273152679204941,0.062292348593473434,1.5776710510253906
4500,mha_rope,42,5,14,0.0753251165151596,0.07210638374090195,1.5776710510253906
4500,mha_rope,42,5,15,0.10781117528676987,0.09245087951421738,1.5776710510253906
5000,mha_rope,42,1,0,0.07076680660247803,0.06605959683656693,2.2336974143981934
5000,mha_rope,42,1,1,0.05598164722323418,0.06673269718885422,2.2336974143981934
5000,mha_rope,42,1,2,0.08170054107904434,0.07062320411205292,2.2336974143981934
5000,mha_rope,42,1,3,0.05745391920208931,0.06298109143972397,2.2336974143981934
5000,mha_rope,42,1,4,0.06195922940969467,0.05976078659296036,2.2336974143981934
5000,mha_rope,42,1,5,0.06038502976298332,0.05727260559797287,2.2336974143981934
5000,mha_rope,42,1,6,0.08303721249103546,0.06903940439224243,2.2336974143981934
5000,mha_rope,42,1,7,0.05016286298632622,0.060357362031936646,2.2336974143981934
5000,mha_rope,42,1,8,0.05645253509283066,0.05853012576699257,2.2336974143981934
5000,mha_rope,42,1,9,0.04835713654756546,0.05606231838464737,2.2336974143981934
5000,mha_rope,42,1,10,0.06437195092439651,0.0629362091422081,2.2336974143981934
5000,mha_rope,42,1,11,0.06257141381502151,0.056946493685245514,2.2336974143981934
5000,mha_rope,42,1,12,0.06083079054951668,0.058500759303569794,2.2336974143981934
5000,mha_rope,42,1,13,0.0712941512465477,0.08183658123016357,2.2336974143981934
5000,mha_rope,42,1,14,0.05557454377412796,0.061071645468473434,2.2336974143981934
5000,mha_rope,42,1,15,0.05910024046897888,0.05128897726535797,2.2336974143981934
5000,mha_rope,42,2,0,0.06857991218566895,0.0675070583820343,1.6614876985549927
5000,mha_rope,42,2,1,0.03969207778573036,0.04815090447664261,1.6614876985549927
5000,mha_rope,42,2,2,0.08939982205629349,0.07836774736642838,1.6614876985549927
5000,mha_rope,42,2,3,0.04087432846426964,0.0481855534017086,1.6614876985549927
5000,mha_rope,42,2,4,0.04495788738131523,0.045560095459222794,1.6614876985549927
5000,mha_rope,42,2,5,0.07553975284099579,0.08537047356367111,1.6614876985549927
5000,mha_rope,42,2,6,0.057274069637060165,0.05790002644062042,1.6614876985549927
5000,mha_rope,42,2,7,0.04762766510248184,0.049047812819480896,1.6614876985549927
5000,mha_rope,42,2,8,0.08125030249357224,0.07620719075202942,1.6614876985549927
5000,mha_rope,42,2,9,0.060759276151657104,0.05673879012465477,1.6614876985549927
5000,mha_rope,42,2,10,0.06067606434226036,0.06038040667772293,1.6614876985549927
5000,mha_rope,42,2,11,0.07024403661489487,0.06499326229095459,1.6614876985549927
5000,mha_rope,42,2,12,0.04067596420645714,0.04231451451778412,1.6614876985549927
5000,mha_rope,42,2,13,0.06396392732858658,0.07091912627220154,1.6614876985549927
5000,mha_rope,42,2,14,0.10033325105905533,0.0857183039188385,1.6614876985549927
5000,mha_rope,42,2,15,0.05815165117383003,0.06263868510723114,1.6614876985549927
5000,mha_rope,42,3,0,0.061802979558706284,0.05864709988236427,1.2709312438964844
5000,mha_rope,42,3,1,0.037110187113285065,0.039139389991760254,1.2709312438964844
5000,mha_rope,42,3,2,0.05400370433926582,0.05572059005498886,1.2709312438964844
5000,mha_rope,42,3,3,0.0727323368191719,0.0727548748254776,1.2709312438964844
5000,mha_rope,42,3,4,0.0526154600083828,0.0584452748298645,1.2709312438964844
5000,mha_rope,42,3,5,0.10337208956480026,0.09608960896730423,1.2709312438964844
5000,mha_rope,42,3,6,0.03613830730319023,0.033919379115104675,1.2709312438964844
5000,mha_rope,42,3,7,0.06581410765647888,0.053191933780908585,1.2709312438964844
5000,mha_rope,42,3,8,0.06295908242464066,0.06438630074262619,1.2709312438964844
5000,mha_rope,42,3,9,0.05448252335190773,0.06004065275192261,1.2709312438964844
5000,mha_rope,42,3,10,0.08862864226102829,0.07660975307226181,1.2709312438964844
5000,mha_rope,42,3,11,0.04139444977045059,0.05395076796412468,1.2709312438964844
5000,mha_rope,42,3,12,0.032766010612249374,0.04917355999350548,1.2709312438964844
5000,mha_rope,42,3,13,0.05886189639568329,0.047948893159627914,1.2709312438964844
5000,mha_rope,42,3,14,0.08832672238349915,0.11200874298810959,1.2709312438964844
5000,mha_rope,42,3,15,0.08899149298667908,0.06797309219837189,1.2709312438964844
5000,mha_rope,42,4,0,0.06995940953493118,0.08037729561328888,1.24478280544281
5000,mha_rope,42,4,1,0.0592530332505703,0.0714898332953453,1.24478280544281
5000,mha_rope,42,4,2,0.07014994323253632,0.06583970040082932,1.24478280544281
5000,mha_rope,42,4,3,0.0477987676858902,0.05548379197716713,1.24478280544281
5000,mha_rope,42,4,4,0.07391601800918579,0.0816432535648346,1.24478280544281
5000,mha_rope,42,4,5,0.06192769482731819,0.0653710663318634,1.24478280544281
5000,mha_rope,42,4,6,0.04824462905526161,0.04817280173301697,1.24478280544281
5000,mha_rope,42,4,7,0.06955749541521072,0.05218026787042618,1.24478280544281
5000,mha_rope,42,4,8,0.03146667405962944,0.039815712720155716,1.24478280544281
5000,mha_rope,42,4,9,0.060002442449331284,0.061276067048311234,1.24478280544281
5000,mha_rope,42,4,10,0.07363443821668625,0.07403648644685745,1.24478280544281
5000,mha_rope,42,4,11,0.04290252551436424,0.04069622606039047,1.24478280544281
5000,mha_rope,42,4,12,0.04242156818509102,0.04474285989999771,1.24478280544281
5000,mha_rope,42,4,13,0.0817706286907196,0.08245985209941864,1.24478280544281
5000,mha_rope,42,4,14,0.10448527336120605,0.07512269169092178,1.24478280544281
5000,mha_rope,42,4,15,0.0625094622373581,0.0612921342253685,1.24478280544281
5000,mha_rope,42,5,0,0.07684804499149323,0.08491126447916031,1.5851402282714844
5000,mha_rope,42,5,1,0.06182108446955681,0.057764675468206406,1.5851402282714844
5000,mha_rope,42,5,2,0.051966551691293716,0.06234053894877434,1.5851402282714844
5000,mha_rope,42,5,3,0.061929117888212204,0.06889458000659943,1.5851402282714844
5000,mha_rope,42,5,4,0.07659271359443665,0.07072265446186066,1.5851402282714844
5000,mha_rope,42,5,5,0.06663431972265244,0.051960088312625885,1.5851402282714844
5000,mha_rope,42,5,6,0.03189900889992714,0.03486478328704834,1.5851402282714844
5000,mha_rope,42,5,7,0.051949869841337204,0.048806700855493546,1.5851402282714844
5000,mha_rope,42,5,8,0.08415090292692184,0.09217412769794464,1.5851402282714844
5000,mha_rope,42,5,9,0.044677428901195526,0.05058257281780243,1.5851402282714844
5000,mha_rope,42,5,10,0.04831898957490921,0.06233319640159607,1.5851402282714844
5000,mha_rope,42,5,11,0.08395009487867355,0.06558333337306976,1.5851402282714844
5000,mha_rope,42,5,12,0.027424417436122894,0.03376423567533493,1.5851402282714844
5000,mha_rope,42,5,13,0.055976662784814835,0.05718540772795677,1.5851402282714844
5000,mha_rope,42,5,14,0.06612477451562881,0.06276022642850876,1.5851402282714844
5000,mha_rope,42,5,15,0.10973602533340454,0.0953516736626625,1.5851402282714844
5500,mha_rope,42,1,0,0.07235626131296158,0.06585001200437546,2.2073163986206055
5500,mha_rope,42,1,1,0.056313272565603256,0.0665883794426918,2.2073163986206055
5500,mha_rope,42,1,2,0.0820813998579979,0.07026171684265137,2.2073163986206055
5500,mha_rope,42,1,3,0.06451965123414993,0.0638435110449791,2.2073163986206055
5500,mha_rope,42,1,4,0.06447448581457138,0.06163488328456879,2.2073163986206055
5500,mha_rope,42,1,5,0.05638844892382622,0.055839940905570984,2.2073163986206055
5500,mha_rope,42,1,6,0.07186848670244217,0.06466112285852432,2.2073163986206055
5500,mha_rope,42,1,7,0.055875346064567566,0.06169424578547478,2.2073163986206055
5500,mha_rope,42,1,8,0.05093495547771454,0.05537363141775131,2.2073163986206055
5500,mha_rope,42,1,9,0.056247152388095856,0.06202436611056328,2.2073163986206055
5500,mha_rope,42,1,10,0.05898681655526161,0.06156670302152634,2.2073163986206055
5500,mha_rope,42,1,11,0.05514729768037796,0.05237126350402832,2.2073163986206055
5500,mha_rope,42,1,12,0.05962219089269638,0.05848914012312889,2.2073163986206055
5500,mha_rope,42,1,13,0.07260121405124664,0.08510788530111313,2.2073163986206055
5500,mha_rope,42,1,14,0.061090290546417236,0.061734359711408615,2.2073163986206055
5500,mha_rope,42,1,15,0.061492715030908585,0.052958931773900986,2.2073163986206055
5500,mha_rope,42,2,0,0.0668506845831871,0.06785741448402405,1.661738634109497
5500,mha_rope,42,2,1,0.041264038532972336,0.049380991607904434,1.661738634109497
5500,mha_rope,42,2,2,0.09823547303676605,0.08383338898420334,1.661738634109497
5500,mha_rope,42,2,3,0.04303436353802681,0.05008325353264809,1.661738634109497
5500,mha_rope,42,2,4,0.04286010563373566,0.04355129972100258,1.661738634109497
5500,mha_rope,42,2,5,0.07269683480262756,0.08224771171808243,1.661738634109497
5500,mha_rope,42,2,6,0.05318155884742737,0.05428775027394295,1.661738634109497
5500,mha_rope,42,2,7,0.053434550762176514,0.05129473656415939,1.661738634109497
5500,mha_rope,42,2,8,0.07561808079481125,0.0695667415857315,1.661738634109497
5500,mha_rope,42,2,9,0.06336089968681335,0.060176536440849304,1.661738634109497
5500,mha_rope,42,2,10,0.05390452221035957,0.05691130459308624,1.661738634109497
5500,mha_rope,42,2,11,0.06630930304527283,0.061815954744815826,1.661738634109497
5500,mha_rope,42,2,12,0.04503926634788513,0.04502386227250099,1.661738634109497
5500,mha_rope,42,2,13,0.06440277397632599,0.07117514312267303,1.661738634109497
5500,mha_rope,42,2,14,0.10150573402643204,0.08890379220247269,1.661738634109497
5500,mha_rope,42,2,15,0.05830179899930954,0.06388992071151733,1.661738634109497
5500,mha_rope,42,3,0,0.0687943547964096,0.06391250342130661,1.2991169691085815
5500,mha_rope,42,3,1,0.03908121585845947,0.041229382157325745,1.2991169691085815
5500,mha_rope,42,3,2,0.05127115920186043,0.05248985439538956,1.2991169691085815
5500,mha_rope,42,3,3,0.06712249666452408,0.06740379333496094,1.2991169691085815
5500,mha_rope,42,3,4,0.0527464784681797,0.05991843715310097,1.2991169691085815
5500,mha_rope,42,3,5,0.10609517246484756,0.09794189780950546,1.2991169691085815
5500,mha_rope,42,3,6,0.03424570709466934,0.03343471884727478,1.2991169691085815
5500,mha_rope,42,3,7,0.06911306083202362,0.056661009788513184,1.2991169691085815
5500,mha_rope,42,3,8,0.06172465160489082,0.06421791017055511,1.2991169691085815
5500,mha_rope,42,3,9,0.05953674390912056,0.06259020417928696,1.2991169691085815
5500,mha_rope,42,3,10,0.0877627581357956,0.07623755186796188,1.2991169691085815
5500,mha_rope,42,3,11,0.044065654277801514,0.05543994903564453,1.2991169691085815
5500,mha_rope,42,3,12,0.03930959105491638,0.050546467304229736,1.2991169691085815
5500,mha_rope,42,3,13,0.05929921567440033,0.0501445010304451,1.2991169691085815
5500,mha_rope,42,3,14,0.08673319220542908,0.10832149535417557,1.2991169691085815
5500,mha_rope,42,3,15,0.0730985477566719,0.059510357677936554,1.2991169691085815
5500,mha_rope,42,4,0,0.06901834905147552,0.07999210059642792,1.25308096408844
5500,mha_rope,42,4,1,0.05839172378182411,0.07205971330404282,1.25308096408844
5500,mha_rope,42,4,2,0.07470102608203888,0.06924097239971161,1.25308096408844
5500,mha_rope,42,4,3,0.050776977092027664,0.059207603335380554,1.25308096408844
5500,mha_rope,42,4,4,0.07130025327205658,0.08132870495319366,1.25308096408844
5500,mha_rope,42,4,5,0.054786987602710724,0.05878390744328499,1.25308096408844
5500,mha_rope,42,4,6,0.050100911408662796,0.05033981427550316,1.25308096408844
5500,mha_rope,42,4,7,0.07123596221208572,0.053398799151182175,1.25308096408844
5500,mha_rope,42,4,8,0.02972269617021084,0.038350701332092285,1.25308096408844
5500,mha_rope,42,4,9,0.06647003442049026,0.06403530389070511,1.25308096408844
5500,mha_rope,42,4,10,0.07376434653997421,0.07449562847614288,1.25308096408844
5500,mha_rope,42,4,11,0.0409768670797348,0.04006031155586243,1.25308096408844
5500,mha_rope,42,4,12,0.04345916584134102,0.0439576581120491,1.25308096408844
5500,mha_rope,42,4,13,0.08333750069141388,0.08400321006774902,1.25308096408844
5500,mha_rope,42,4,14,0.09931080788373947,0.07002359628677368,1.25308096408844
5500,mha_rope,42,4,15,0.06264638155698776,0.060721930116415024,1.25308096408844
5500,mha_rope,42,5,0,0.07349100708961487,0.08283030241727829,1.5899238586425781
5500,mha_rope,42,5,1,0.06521372497081757,0.060598284006118774,1.5899238586425781
5500,mha_rope,42,5,2,0.05200154706835747,0.06363215297460556,1.5899238586425781
5500,mha_rope,42,5,3,0.06078135222196579,0.0665305107831955,1.5899238586425781
5500,mha_rope,42,5,4,0.07776906341314316,0.07272806018590927,1.5899238586425781
5500,mha_rope,42,5,5,0.06881479918956757,0.054818883538246155,1.5899238586425781
5500,mha_rope,42,5,6,0.02852071076631546,0.03092064894735813,1.5899238586425781
5500,mha_rope,42,5,7,0.0504232794046402,0.05028004199266434,1.5899238586425781
5500,mha_rope,42,5,8,0.08327433466911316,0.08714116364717484,1.5899238586425781
5500,mha_rope,42,5,9,0.04380838945508003,0.05017819255590439,1.5899238586425781
5500,mha_rope,42,5,10,0.050014037638902664,0.06266938149929047,1.5899238586425781
5500,mha_rope,42,5,11,0.07923533022403717,0.06327707320451736,1.5899238586425781
5500,mha_rope,42,5,12,0.034514058381319046,0.038652483373880386,1.5899238586425781
5500,mha_rope,42,5,13,0.06018269807100296,0.06119164824485779,1.5899238586425781
5500,mha_rope,42,5,14,0.0646648183465004,0.06322935968637466,1.5899238586425781
5500,mha_rope,42,5,15,0.1072908565402031,0.09132209420204163,1.5899238586425781
6000,mha_rope,42,1,0,0.07104431092739105,0.06563655287027359,2.174111843109131
6000,mha_rope,42,1,1,0.056280821561813354,0.0665801540017128,2.174111843109131
6000,mha_rope,42,1,2,0.08052001893520355,0.0687355026602745,2.174111843109131
6000,mha_rope,42,1,3,0.060011595487594604,0.06255234032869339,2.174111843109131
6000,mha_rope,42,1,4,0.056336160749197006,0.05529352277517319,2.174111843109131
6000,mha_rope,42,1,5,0.05397288128733635,0.05366458371281624,2.174111843109131
6000,mha_rope,42,1,6,0.07716888189315796,0.06552381813526154,2.174111843109131
6000,mha_rope,42,1,7,0.05668294429779053,0.062084078788757324,2.174111843109131
6000,mha_rope,42,1,8,0.051607564091682434,0.058577653020620346,2.174111843109131
6000,mha_rope,42,1,9,0.04831909015774727,0.058046743273735046,2.174111843109131
6000,mha_rope,42,1,10,0.06526611000299454,0.06299129128456116,2.174111843109131
6000,mha_rope,42,1,11,0.056372884660959244,0.05384500324726105,2.174111843109131
6000,mha_rope,42,1,12,0.07221272587776184,0.0651855617761612,2.174111843109131
6000,mha_rope,42,1,13,0.07670877873897552,0.08823124319314957,2.174111843109131
6000,mha_rope,42,1,14,0.059759318828582764,0.06170654296875,2.174111843109131
6000,mha_rope,42,1,15,0.057735901325941086,0.051345501095056534,2.174111843109131
6000,mha_rope,42,2,0,0.06613189727067947,0.07084231823682785,1.6011559963226318
6000,mha_rope,42,2,1,0.03833872452378273,0.04668009653687477,1.6011559963226318
6000,mha_rope,42,2,2,0.09475453943014145,0.08136682957410812,1.6011559963226318
6000,mha_rope,42,2,3,0.03983306884765625,0.047611866146326065,1.6011559963226318
6000,mha_rope,42,2,4,0.04385487735271454,0.044756095856428146,1.6011559963226318
6000,mha_rope,42,2,5,0.07289377599954605,0.08122706413269043,1.6011559963226318
6000,mha_rope,42,2,6,0.05526875704526901,0.05614626035094261,1.6011559963226318
6000,mha_rope,42,2,7,0.05483632534742355,0.05053820461034775,1.6011559963226318
6000,mha_rope,42,2,8,0.07889322936534882,0.07211024314165115,1.6011559963226318
6000,mha_rope,42,2,9,0.06388336420059204,0.06054665893316269,1.6011559963226318
6000,mha_rope,42,2,10,0.06261485069990158,0.06257876008749008,1.6011559963226318
6000,mha_rope,42,2,11,0.06982798129320145,0.0639529898762703,1.6011559963226318
6000,mha_rope,42,2,12,0.03334523364901543,0.03811473026871681,1.6011559963226318
6000,mha_rope,42,2,13,0.06403788179159164,0.07027658075094223,1.6011559963226318
6000,mha_rope,42,2,14,0.10129272192716599,0.08765015006065369,1.6011559963226318
6000,mha_rope,42,2,15,0.0601927675306797,0.06560104340314865,1.6011559963226318
6000,mha_rope,42,3,0,0.06627777218818665,0.061108410358428955,1.2711995840072632
6000,mha_rope,42,3,1,0.04436207935214043,0.044956620782613754,1.2711995840072632
6000,mha_rope,42,3,2,0.05085805431008339,0.05247360095381737,1.2711995840072632
6000,mha_rope,42,3,3,0.0709896832704544,0.07140278816223145,1.2711995840072632
6000,mha_rope,42,3,4,0.052360329777002335,0.05865498259663582,1.2711995840072632
6000,mha_rope,42,3,5,0.10547546297311783,0.09518564492464066,1.2711995840072632
6000,mha_rope,42,3,6,0.03444518893957138,0.033755358308553696,1.2711995840072632
6000,mha_rope,42,3,7,0.06753590703010559,0.05467376112937927,1.2711995840072632
6000,mha_rope,42,3,8,0.05916961655020714,0.06113376095890999,1.2711995840072632
6000,mha_rope,42,3,9,0.053667906671762466,0.060915324836969376,1.2711995840072632
6000,mha_rope,42,3,10,0.0882568359375,0.07640048861503601,1.2711995840072632
6000,mha_rope,42,3,11,0.0450248196721077,0.05709629878401756,1.2711995840072632
6000,mha_rope,42,3,12,0.033634744584560394,0.048113107681274414,1.2711995840072632
6000,mha_rope,42,3,13,0.059561461210250854,0.04995788261294365,1.2711995840072632
6000,mha_rope,42,3,14,0.08738312125205994,0.11035262048244476,1.2711995840072632
6000,mha_rope,42,3,15,0.08099701255559921,0.06381936371326447,1.2711995840072632
6000,mha_rope,42,4,0,0.06750976294279099,0.07999203354120255,1.2279009819030762
6000,mha_rope,42,4,1,0.05800486356019974,0.07084274291992188,1.2279009819030762
6000,mha_rope,42,4,2,0.0733165517449379,0.06821754574775696,1.2279009819030762
6000,mha_rope,42,4,3,0.05092773586511612,0.06060102954506874,1.2279009819030762
6000,mha_rope,42,4,4,0.07137593626976013,0.07907356321811676,1.2279009819030762
6000,mha_rope,42,4,5,0.05836588516831398,0.06153864040970802,1.2279009819030762
6000,mha_rope,42,4,6,0.049792785197496414,0.049560047686100006,1.2279009819030762
6000,mha_rope,42,4,7,0.0712120532989502,0.05268460512161255,1.2279009819030762
6000,mha_rope,42,4,8,0.034217122942209244,0.04156872630119324,1.2279009819030762
6000,mha_rope,42,4,9,0.06358683109283447,0.0636679083108902,1.2279009819030762
6000,mha_rope,42,4,10,0.07309753447771072,0.07437922805547714,1.2279009819030762
6000,mha_rope,42,4,11,0.041815999895334244,0.04030308872461319,1.2279009819030762
6000,mha_rope,42,4,12,0.04470774158835411,0.044269170612096786,1.2279009819030762
6000,mha_rope,42,4,13,0.0809078961610794,0.08147796243429184,1.2279009819030762
6000,mha_rope,42,4,14,0.10096150636672974,0.07159371674060822,1.2279009819030762
6000,mha_rope,42,4,15,0.0601997897028923,0.060229942202568054,1.2279009819030762
6000,mha_rope,42,5,0,0.07464151829481125,0.08313962817192078,1.564079999923706
6000,mha_rope,42,5,1,0.062014974653720856,0.05801011994481087,1.564079999923706
6000,mha_rope,42,5,2,0.05569498613476753,0.0652809888124466,1.564079999923706
6000,mha_rope,42,5,3,0.06280670315027237,0.06899271160364151,1.564079999923706
6000,mha_rope,42,5,4,0.07818654179573059,0.07247953116893768,1.564079999923706
6000,mha_rope,42,5,5,0.0679277554154396,0.05436922609806061,1.564079999923706
6000,mha_rope,42,5,6,0.031167196109890938,0.034313689917325974,1.564079999923706
6000,mha_rope,42,5,7,0.05024861544370651,0.04794738069176674,1.564079999923706
6000,mha_rope,42,5,8,0.08713500946760178,0.09458273649215698,1.564079999923706
6000,mha_rope,42,5,9,0.04440683871507645,0.04857831448316574,1.564079999923706
6000,mha_rope,42,5,10,0.0493895448744297,0.06344105303287506,1.564079999923706
6000,mha_rope,42,5,11,0.07579905539751053,0.060514483600854874,1.564079999923706
6000,mha_rope,42,5,12,0.025823771953582764,0.03335855156183243,1.564079999923706
6000,mha_rope,42,5,13,0.05836435779929161,0.06012269854545593,1.564079999923706
6000,mha_rope,42,5,14,0.0699431374669075,0.0667164996266365,1.564079999923706
6000,mha_rope,42,5,15,0.10644999146461487,0.08815237879753113,1.564079999923706
6500,mha_rope,42,1,0,0.06408315151929855,0.06128374859690666,2.153780937194824
6500,mha_rope,42,1,1,0.04928120970726013,0.06363379955291748,2.153780937194824
6500,mha_rope,42,1,2,0.07975666970014572,0.07004332542419434,2.153780937194824
6500,mha_rope,42,1,3,0.052227478474378586,0.05873806029558182,2.153780937194824
6500,mha_rope,42,1,4,0.06066436693072319,0.05904490873217583,2.153780937194824
6500,mha_rope,42,1,5,0.05921468138694763,0.057189907878637314,2.153780937194824
6500,mha_rope,42,1,6,0.08227162808179855,0.06884776055812836,2.153780937194824
6500,mha_rope,42,1,7,0.07076629996299744,0.06576717644929886,2.153780937194824
6500,mha_rope,42,1,8,0.05715525150299072,0.06003537401556969,2.153780937194824
6500,mha_rope,42,1,9,0.0548044852912426,0.061405621469020844,2.153780937194824
6500,mha_rope,42,1,10,0.0545266717672348,0.059449099004268646,2.153780937194824
6500,mha_rope,42,1,11,0.0542793795466423,0.052315566688776016,2.153780937194824
6500,mha_rope,42,1,12,0.06701649725437164,0.06352382153272629,2.153780937194824
6500,mha_rope,42,1,13,0.07072774320840836,0.08313355594873428,2.153780937194824
6500,mha_rope,42,1,14,0.06438181549310684,0.06468312442302704,2.153780937194824
6500,mha_rope,42,1,15,0.05884267017245293,0.05090510472655296,2.153780937194824
6500,mha_rope,42,2,0,0.06731364130973816,0.07024092972278595,1.6119388341903687
6500,mha_rope,42,2,1,0.03737498074769974,0.04601793363690376,1.6119388341903687
6500,mha_rope,42,2,2,0.09780894219875336,0.08362516760826111,1.6119388341903687
6500,mha_rope,42,2,3,0.037301838397979736,0.04583408683538437,1.6119388341903687
6500,mha_rope,42,2,4,0.044807229191064835,0.04513249546289444,1.6119388341903687
6500,mha_rope,42,2,5,0.07018249481916428,0.08016804605722427,1.6119388341903687
6500,mha_rope,42,2,6,0.056525472551584244,0.05672392621636391,1.6119388341903687
6500,mha_rope,42,2,7,0.05261443927884102,0.04954630881547928,1.6119388341903687
6500,mha_rope,42,2,8,0.07693704962730408,0.0712859109044075,1.6119388341903687
6500,mha_rope,42,2,9,0.06646718084812164,0.06251464784145355,1.6119388341903687
6500,mha_rope,42,2,10,0.059835612773895264,0.06199277192354202,1.6119388341903687
6500,mha_rope,42,2,11,0.07446777075529099,0.06919915974140167,1.6119388341903687
6500,mha_rope,42,2,12,0.03694295138120651,0.03974706679582596,1.6119388341903687
6500,mha_rope,42,2,13,0.06407104432582855,0.06988794356584549,1.6119388341903687
6500,mha_rope,42,2,14,0.10041310638189316,0.08518686890602112,1.6119388341903687
6500,mha_rope,42,2,15,0.05693623796105385,0.06289682537317276,1.6119388341903687
6500,mha_rope,42,3,0,0.06424255669116974,0.060664061456918716,1.2603541612625122
6500,mha_rope,42,3,1,0.03760884702205658,0.03983136638998985,1.2603541612625122
6500,mha_rope,42,3,2,0.05115417391061783,0.052866604179143906,1.2603541612625122
6500,mha_rope,42,3,3,0.07400919497013092,0.07256698608398438,1.2603541612625122
6500,mha_rope,42,3,4,0.05360717698931694,0.06085069105029106,1.2603541612625122
6500,mha_rope,42,3,5,0.1063779667019844,0.09685865044593811,1.2603541612625122
6500,mha_rope,42,3,6,0.038447774946689606,0.03547501191496849,1.2603541612625122
6500,mha_rope,42,3,7,0.06658568978309631,0.05418572574853897,1.2603541612625122
6500,mha_rope,42,3,8,0.05803364887833595,0.06148120388388634,1.2603541612625122
6500,mha_rope,42,3,9,0.061430156230926514,0.06256196647882462,1.2603541612625122
6500,mha_rope,42,3,10,0.09006235748529434,0.07652776688337326,1.2603541612625122
6500,mha_rope,42,3,11,0.04210377857089043,0.05537591874599457,1.2603541612625122
6500,mha_rope,42,3,12,0.028535563498735428,0.04520823061466217,1.2603541612625122
6500,mha_rope,42,3,13,0.05591888353228569,0.04902932047843933,1.2603541612625122
6500,mha_rope,42,3,14,0.0874861627817154,0.1117277666926384,1.2603541612625122
6500,mha_rope,42,3,15,0.08439605683088303,0.06478863954544067,1.2603541612625122
6500,mha_rope,42,4,0,0.06872711330652237,0.08109202980995178,1.2291853427886963
6500,mha_rope,42,4,1,0.05565083771944046,0.06877060234546661,1.2291853427886963
6500,mha_rope,42,4,2,0.07079996913671494,0.06608754396438599,1.2291853427886963
6500,mha_rope,42,4,3,0.04936116561293602,0.059515099972486496,1.2291853427886963
6500,mha_rope,42,4,4,0.06893584877252579,0.07682587951421738,1.2291853427886963
6500,mha_rope,42,4,5,0.05518046021461487,0.05943076312541962,1.2291853427886963
6500,mha_rope,42,4,6,0.049546610563993454,0.04932970181107521,1.2291853427886963
6500,mha_rope,42,4,7,0.07178659737110138,0.05347562953829765,1.2291853427886963
6500,mha_rope,42,4,8,0.03358622267842293,0.04174305126070976,1.2291853427886963
6500,mha_rope,42,4,9,0.06940388679504395,0.06448811292648315,1.2291853427886963
6500,mha_rope,42,4,10,0.07464884221553802,0.07500669360160828,1.2291853427886963
6500,mha_rope,42,4,11,0.04392242431640625,0.04197298735380173,1.2291853427886963
6500,mha_rope,42,4,12,0.03823282942175865,0.04118538647890091,1.2291853427886963
6500,mha_rope,42,4,13,0.0875079333782196,0.08739247918128967,1.2291853427886963
6500,mha_rope,42,4,14,0.10217621177434921,0.0737675130367279,1.2291853427886963
6500,mha_rope,42,4,15,0.06053303927183151,0.05991648510098457,1.2291853427886963
6500,mha_rope,42,5,0,0.07300130277872086,0.0817345455288887,1.5581570863723755
6500,mha_rope,42,5,1,0.05851837247610092,0.05475638061761856,1.5581570863723755
6500,mha_rope,42,5,2,0.05234029144048691,0.0638694241642952,1.5581570863723755
6500,mha_rope,42,5,3,0.059911295771598816,0.06740719079971313,1.5581570863723755
6500,mha_rope,42,5,4,0.0809662863612175,0.076204814016819,1.5581570863723755
6500,mha_rope,42,5,5,0.07439789175987244,0.05889902263879776,1.5581570863723755
6500,mha_rope,42,5,6,0.02837727777659893,0.030818497762084007,1.5581570863723755
6500,mha_rope,42,5,7,0.05321095883846283,0.050507716834545135,1.5581570863723755
6500,mha_rope,42,5,8,0.08701924979686737,0.09180321544408798,1.5581570863723755
6500,mha_rope,42,5,9,0.04121775180101395,0.04672328755259514,1.5581570863723755
6500,mha_rope,42,5,10,0.04913330078125,0.06327354162931442,1.5581570863723755
6500,mha_rope,42,5,11,0.07594817876815796,0.060709208250045776,1.5581570863723755
6500,mha_rope,42,5,12,0.0285975132137537,0.03463774546980858,1.5581570863723755
6500,mha_rope,42,5,13,0.05730580538511276,0.05906981602311134,1.5581570863723755
6500,mha_rope,42,5,14,0.07330566644668579,0.0692133903503418,1.5581570863723755
6500,mha_rope,42,5,15,0.10674886405467987,0.09037230163812637,1.5581570863723755
7000,mha_rope,42,1,0,0.07172271609306335,0.06557384878396988,2.1252615451812744
7000,mha_rope,42,1,1,0.05161936581134796,0.06500016897916794,2.1252615451812744
7000,mha_rope,42,1,2,0.07192280888557434,0.06548197567462921,2.1252615451812744
7000,mha_rope,42,1,3,0.05319010466337204,0.0586509145796299,2.1252615451812744
7000,mha_rope,42,1,4,0.06700439751148224,0.06520751863718033,2.1252615451812744
7000,mha_rope,42,1,5,0.06202402710914612,0.05635026842355728,2.1252615451812744
7000,mha_rope,42,1,6,0.06521911919116974,0.062457382678985596,2.1252615451812744
7000,mha_rope,42,1,7,0.062151286751031876,0.06236286833882332,2.1252615451812744
7000,mha_rope,42,1,8,0.049742840230464935,0.05613696575164795,2.1252615451812744
7000,mha_rope,42,1,9,0.057218119502067566,0.058898016810417175,2.1252615451812744
7000,mha_rope,42,1,10,0.06336548179388046,0.06592079997062683,2.1252615451812744
7000,mha_rope,42,1,11,0.07370371371507645,0.060700174421072006,2.1252615451812744
7000,mha_rope,42,1,12,0.06716837733983994,0.06379257142543793,2.1252615451812744
7000,mha_rope,42,1,13,0.07032297551631927,0.083913154900074,2.1252615451812744
7000,mha_rope,42,1,14,0.055079855024814606,0.05869784206151962,2.1252615451812744
7000,mha_rope,42,1,15,0.0585448183119297,0.050855495035648346,2.1252615451812744
7000,mha_rope,42,2,0,0.06965505331754684,0.0720219686627388,1.601502776145935
7000,mha_rope,42,2,1,0.0368022657930851,0.04551618918776512,1.601502776145935
7000,mha_rope,42,2,2,0.09310394525527954,0.08129937946796417,1.601502776145935
7000,mha_rope,42,2,3,0.040724385529756546,0.04962440952658653,1.601502776145935
7000,mha_rope,42,2,4,0.040886636823415756,0.04227183386683464,1.601502776145935
7000,mha_rope,42,2,5,0.07530110329389572,0.08410438150167465,1.601502776145935
7000,mha_rope,42,2,6,0.05455596745014191,0.05601402744650841,1.601502776145935
7000,mha_rope,42,2,7,0.05343984067440033,0.05009829252958298,1.601502776145935
7000,mha_rope,42,2,8,0.08294708281755447,0.07726060599088669,1.601502776145935
7000,mha_rope,42,2,9,0.06587473303079605,0.060901153832674026,1.601502776145935
7000,mha_rope,42,2,10,0.05592285096645355,0.05838032439351082,1.601502776145935
7000,mha_rope,42,2,11,0.07331909239292145,0.06777604669332504,1.601502776145935
7000,mha_rope,42,2,12,0.04180918261408806,0.0429433137178421,1.601502776145935
7000,mha_rope,42,2,13,0.059744566679000854,0.06536544114351273,1.601502776145935
7000,mha_rope,42,2,14,0.1010182723402977,0.08527456969022751,1.601502776145935
7000,mha_rope,42,2,15,0.05489502102136612,0.06114795058965683,1.601502776145935
7000,mha_rope,42,3,0,0.06638417392969131,0.06240145489573479,1.2634238004684448
7000,mha_rope,42,3,1,0.03601827099919319,0.03949655219912529,1.2634238004684448
7000,mha_rope,42,3,2,0.055356547236442566,0.0570448562502861,1.2634238004684448
7000,mha_rope,42,3,3,0.06782542169094086,0.06692764163017273,1.2634238004684448
7000,mha_rope,42,3,4,0.04940785840153694,0.05604230985045433,1.2634238004684448
7000,mha_rope,42,3,5,0.10689636319875717,0.09723465144634247,1.2634238004684448
7000,mha_rope,42,3,6,0.033978983759880066,0.03387519344687462,1.2634238004684448
7000,mha_rope,42,3,7,0.06809905916452408,0.05804605409502983,1.2634238004684448
7000,mha_rope,42,3,8,0.058241069316864014,0.06213616579771042,1.2634238004684448
7000,mha_rope,42,3,9,0.05587666854262352,0.05874703824520111,1.2634238004684448
7000,mha_rope,42,3,10,0.08999613672494888,0.07784493267536163,1.2634238004684448
7000,mha_rope,42,3,11,0.04361205920577049,0.05683310702443123,1.2634238004684448
7000,mha_rope,42,3,12,0.030909525230526924,0.04652487486600876,1.2634238004684448
7000,mha_rope,42,3,13,0.061461180448532104,0.05246604606509209,1.2634238004684448
7000,mha_rope,42,3,14,0.08535817265510559,0.10495927929878235,1.2634238004684448
7000,mha_rope,42,3,15,0.09057851135730743,0.06941992789506912,1.2634238004684448
7000,mha_rope,42,4,0,0.06832173466682434,0.07977557927370071,1.2248640060424805
7000,mha_rope,42,4,1,0.055315449833869934,0.0698910653591156,1.2248640060424805
7000,mha_rope,42,4,2,0.07187164574861526,0.06678202003240585,1.2248640060424805
7000,mha_rope,42,4,3,0.04684204235672951,0.05718442425131798,1.2248640060424805
7000,mha_rope,42,4,4,0.06774047762155533,0.07701736688613892,1.2248640060424805
7000,mha_rope,42,4,5,0.0554320253431797,0.058139875531196594,1.2248640060424805
7000,mha_rope,42,4,6,0.05075286701321602,0.05105707421898842,1.2248640060424805
7000,mha_rope,42,4,7,0.07539378106594086,0.056721560657024384,1.2248640060424805
7000,mha_rope,42,4,8,0.033486634492874146,0.03932296112179756,1.2248640060424805
7000,mha_rope,42,4,9,0.06444752961397171,0.06294110417366028,1.2248640060424805
7000,mha_rope,42,4,10,0.07406351715326309,0.07526206225156784,1.2248640060424805
7000,mha_rope,42,4,11,0.04460103437304497,0.04195578396320343,1.2248640060424805
7000,mha_rope,42,4,12,0.04152079299092293,0.043108295649290085,1.2248640060424805
7000,mha_rope,42,4,13,0.08232726901769638,0.08144134283065796,1.2248640060424805
7000,mha_rope,42,4,14,0.10738973319530487,0.07763408869504929,1.2248640060424805
7000,mha_rope,42,4,15,0.06049346923828125,0.06176544725894928,1.2248640060424805
7000,mha_rope,42,5,0,0.07195404171943665,0.08030012995004654,1.5648733377456665
7000,mha_rope,42,5,1,0.06670959293842316,0.06096983700990677,1.5648733377456665
7000,mha_rope,42,5,2,0.05193633958697319,0.06269234418869019,1.5648733377456665
7000,mha_rope,42,5,3,0.06098317354917526,0.06654919683933258,1.5648733377456665
7000,mha_rope,42,5,4,0.0796966552734375,0.07380535453557968,1.5648733377456665
7000,mha_rope,42,5,5,0.07109130918979645,0.05579211562871933,1.5648733377456665
7000,mha_rope,42,5,6,0.02978973463177681,0.03309066593647003,1.5648733377456665
7000,mha_rope,42,5,7,0.04946380481123924,0.048775166273117065,1.5648733377456665
7000,mha_rope,42,5,8,0.08414286375045776,0.08853556960821152,1.5648733377456665
7000,mha_rope,42,5,9,0.039895325899124146,0.04626305773854256,1.5648733377456665
7000,mha_rope,42,5,10,0.050147298723459244,0.06471062451601028,1.5648733377456665
7000,mha_rope,42,5,11,0.0764007568359375,0.061218973249197006,1.5648733377456665
7000,mha_rope,42,5,12,0.02914377860724926,0.03426428884267807,1.5648733377456665
7000,mha_rope,42,5,13,0.05648305267095566,0.058551859110593796,1.5648733377456665
7000,mha_rope,42,5,14,0.07301269471645355,0.06944076716899872,1.5648733377456665
7000,mha_rope,42,5,15,0.10914957523345947,0.09503999352455139,1.5648733377456665
7500,mha_rope,42,1,0,0.060808513313531876,0.05919896438717842,2.1090149879455566
7500,mha_rope,42,1,1,0.053583476692438126,0.06634000688791275,2.1090149879455566
7500,mha_rope,42,1,2,0.07775868475437164,0.06764789670705795,2.1090149879455566
7500,mha_rope,42,1,3,0.07215433567762375,0.06859990954399109,2.1090149879455566
7500,mha_rope,42,1,4,0.0622120164334774,0.060478243976831436,2.1090149879455566
7500,mha_rope,42,1,5,0.06692260503768921,0.059781514108181,2.1090149879455566
7500,mha_rope,42,1,6,0.06363311409950256,0.06128019839525223,2.1090149879455566
7500,mha_rope,42,1,7,0.05555938556790352,0.059689439833164215,2.1090149879455566
7500,mha_rope,42,1,8,0.053469035774469376,0.05744460970163345,2.1090149879455566
7500,mha_rope,42,1,9,0.05909627303481102,0.06192424148321152,2.1090149879455566
7500,mha_rope,42,1,10,0.05341847613453865,0.059264183044433594,2.1090149879455566
7500,mha_rope,42,1,11,0.0626126080751419,0.056279584765434265,2.1090149879455566
7500,mha_rope,42,1,12,0.06325022131204605,0.06080888211727142,2.1090149879455566
7500,mha_rope,42,1,13,0.07012725621461868,0.08399095386266708,2.1090149879455566
7500,mha_rope,42,1,14,0.06553079932928085,0.06519722938537598,2.1090149879455566
7500,mha_rope,42,1,15,0.05986317992210388,0.052074141800403595,2.1090149879455566
7500,mha_rope,42,2,0,0.06821686029434204,0.06897183507680893,1.6131471395492554
7500,mha_rope,42,2,1,0.03832651674747467,0.04748579487204552,1.6131471395492554
7500,mha_rope,42,2,2,0.09648814052343369,0.0824122205376625,1.6131471395492554
7500,mha_rope,42,2,3,0.04519297182559967,0.05132221803069115,1.6131471395492554
7500,mha_rope,42,2,4,0.042800698429346085,0.043700601905584335,1.6131471395492554
7500,mha_rope,42,2,5,0.07324940711259842,0.08193974941968918,1.6131471395492554
7500,mha_rope,42,2,6,0.05573740601539612,0.05793207138776779,1.6131471395492554
7500,mha_rope,42,2,7,0.05112772807478905,0.04765114560723305,1.6131471395492554
7500,mha_rope,42,2,8,0.0808759555220604,0.07514183968305588,1.6131471395492554
7500,mha_rope,42,2,9,0.062132060527801514,0.05864788591861725,1.6131471395492554
7500,mha_rope,42,2,10,0.05699615553021431,0.0600617490708828,1.6131471395492554
7500,mha_rope,42,2,11,0.06845428794622421,0.06369935721158981,1.6131471395492554
7500,mha_rope,42,2,12,0.04014027863740921,0.04325350001454353,1.6131471395492554
7500,mha_rope,42,2,13,0.06200063228607178,0.07024136930704117,1.6131471395492554
7500,mha_rope,42,2,14,0.09908518195152283,0.08276234567165375,1.6131471395492554
7500,mha_rope,42,2,15,0.05917571857571602,0.06477635353803635,1.6131471395492554
7500,mha_rope,42,3,0,0.06609069555997849,0.06270361691713333,1.2815955877304077
7500,mha_rope,42,3,1,0.03955576568841934,0.04232353717088699,1.2815955877304077
7500,mha_rope,42,3,2,0.05230316147208214,0.05512610822916031,1.2815955877304077
7500,mha_rope,42,3,3,0.07113026827573776,0.07041672617197037,1.2815955877304077
7500,mha_rope,42,3,4,0.053521424531936646,0.06104162707924843,1.2815955877304077
7500,mha_rope,42,3,5,0.1044464111328125,0.09427184611558914,1.2815955877304077
7500,mha_rope,42,3,6,0.03638854995369911,0.03578449785709381,1.2815955877304077
7500,mha_rope,42,3,7,0.06785166263580322,0.0562201626598835,1.2815955877304077
7500,mha_rope,42,3,8,0.06118835508823395,0.0632665827870369,1.2815955877304077
7500,mha_rope,42,3,9,0.0536123663187027,0.05735311657190323,1.2815955877304077
7500,mha_rope,42,3,10,0.08726765960454941,0.07351054251194,1.2815955877304077
7500,mha_rope,42,3,11,0.043926697224378586,0.056601542979478836,1.2815955877304077
7500,mha_rope,42,3,12,0.030853068456053734,0.04614323377609253,1.2815955877304077
7500,mha_rope,42,3,13,0.05989878252148628,0.051491137593984604,1.2815955877304077
7500,mha_rope,42,3,14,0.08765920251607895,0.10771474242210388,1.2815955877304077
7500,mha_rope,42,3,15,0.08430592715740204,0.06603087484836578,1.2815955877304077
7500,mha_rope,42,4,0,0.06772735714912415,0.07927742600440979,1.2419207096099854
7500,mha_rope,42,4,1,0.056595560163259506,0.07091061025857925,1.2419207096099854
7500,mha_rope,42,4,2,0.0723489373922348,0.06723761558532715,1.2419207096099854
7500,mha_rope,42,4,3,0.04872233048081398,0.05655272305011749,1.2419207096099854
7500,mha_rope,42,4,4,0.06754638999700546,0.07712265849113464,1.2419207096099854
7500,mha_rope,42,4,5,0.05410603806376457,0.05737652629613876,1.2419207096099854
7500,mha_rope,42,4,6,0.051696471869945526,0.05111493170261383,1.2419207096099854
7500,mha_rope,42,4,7,0.0771980807185173,0.0587485171854496,1.2419207096099854
7500,mha_rope,42,4,8,0.03147328644990921,0.038277722895145416,1.2419207096099854
7500,mha_rope,42,4,9,0.06713185459375381,0.06520207226276398,1.2419207096099854
7500,mha_rope,42,4,10,0.07554087042808533,0.07566478103399277,1.2419207096099854
7500,mha_rope,42,4,11,0.047331441193819046,0.04446721822023392,1.2419207096099854
7500,mha_rope,42,4,12,0.04075276851654053,0.04431137815117836,1.2419207096099854
7500,mha_rope,42,4,13,0.08011983335018158,0.08008793741464615,1.2419207096099854
7500,mha_rope,42,4,14,0.10113555938005447,0.07233389467000961,1.2419207096099854
7500,mha_rope,42,4,15,0.06057322025299072,0.06131405383348465,1.2419207096099854
7500,mha_rope,42,5,0,0.07193847745656967,0.08045996725559235,1.5618948936462402
7500,mha_rope,42,5,1,0.0660325139760971,0.061642397195100784,1.5618948936462402
7500,mha_rope,42,5,2,0.052649129182100296,0.06345968693494797,1.5618948936462402
7500,mha_rope,42,5,3,0.06550893187522888,0.0726238414645195,1.5618948936462402
7500,mha_rope,42,5,4,0.07895518094301224,0.07270539551973343,1.5618948936462402
7500,mha_rope,42,5,5,0.06961660087108612,0.056880950927734375,1.5618948936462402
7500,mha_rope,42,5,6,0.02812703512609005,0.03209652006626129,1.5618948936462402
7500,mha_rope,42,5,7,0.05133066698908806,0.04951415956020355,1.5618948936462402
7500,mha_rope,42,5,8,0.08721140772104263,0.09206151962280273,1.5618948936462402
7500,mha_rope,42,5,9,0.03832133114337921,0.044449545443058014,1.5618948936462402
7500,mha_rope,42,5,10,0.04954833909869194,0.06361234933137894,1.5618948936462402
7500,mha_rope,42,5,11,0.07871399074792862,0.06383564323186874,1.5618948936462402
7500,mha_rope,42,5,12,0.03597961366176605,0.03824730962514877,1.5618948936462402
7500,mha_rope,42,5,13,0.052482299506664276,0.05532557889819145,1.5618948936462402
7500,mha_rope,42,5,14,0.06923747062683105,0.06681966781616211,1.5618948936462402
7500,mha_rope,42,5,15,0.10434702783823013,0.08626558631658554,1.5618948936462402
8000,mha_rope,42,1,0,0.06546193361282349,0.06257262825965881,2.0944976806640625
8000,mha_rope,42,1,1,0.05861948803067207,0.0670480728149414,2.0944976806640625
8000,mha_rope,42,1,2,0.07489359378814697,0.06494931876659393,2.0944976806640625
8000,mha_rope,42,1,3,0.06026448681950569,0.06335626542568207,2.0944976806640625
8000,mha_rope,42,1,4,0.061079610139131546,0.0617217943072319,2.0944976806640625
8000,mha_rope,42,1,5,0.061646729707717896,0.057149142026901245,2.0944976806640625
8000,mha_rope,42,1,6,0.07285969704389572,0.06690768897533417,2.0944976806640625
8000,mha_rope,42,1,7,0.054229430854320526,0.060577619820833206,2.0944976806640625
8000,mha_rope,42,1,8,0.06371042877435684,0.06356165558099747,2.0944976806640625
8000,mha_rope,42,1,9,0.04382181912660599,0.05439470335841179,2.0944976806640625
8000,mha_rope,42,1,10,0.066265769302845,0.06630396842956543,2.0944976806640625
8000,mha_rope,42,1,11,0.06496938318014145,0.056635838001966476,2.0944976806640625
8000,mha_rope,42,1,12,0.06473460048437119,0.06243928149342537,2.0944976806640625
8000,mha_rope,42,1,13,0.06509928405284882,0.07709618657827377,2.0944976806640625
8000,mha_rope,42,1,14,0.06284179538488388,0.06314639747142792,2.0944976806640625
8000,mha_rope,42,1,15,0.059501953423023224,0.05213944986462593,2.0944976806640625
8000,mha_rope,42,2,0,0.07327941805124283,0.07288471609354019,1.5968918800354004
8000,mha_rope,42,2,1,0.036655984818935394,0.04524516686797142,1.5968918800354004
8000,mha_rope,42,2,2,0.0901692733168602,0.07603459060192108,1.5968918800354004
8000,mha_rope,42,2,3,0.042693786323070526,0.05202016979455948,1.5968918800354004
8000,mha_rope,42,2,4,0.04264933243393898,0.043270643800497055,1.5968918800354004
8000,mha_rope,42,2,5,0.07669535279273987,0.0849754735827446,1.5968918800354004
8000,mha_rope,42,2,6,0.05621480196714401,0.057834841310977936,1.5968918800354004
8000,mha_rope,42,2,7,0.05281565338373184,0.04961016774177551,1.5968918800354004
8000,mha_rope,42,2,8,0.07792256772518158,0.07131165266036987,1.5968918800354004
8000,mha_rope,42,2,9,0.06272847205400467,0.0605427622795105,1.5968918800354004
8000,mha_rope,42,2,10,0.05631866306066513,0.05784548446536064,1.5968918800354004
8000,mha_rope,42,2,11,0.06840423494577408,0.06389103084802628,1.5968918800354004
8000,mha_rope,42,2,12,0.04369710385799408,0.04416792094707489,1.5968918800354004
8000,mha_rope,42,2,13,0.06009969115257263,0.06782354414463043,1.5968918800354004
8000,mha_rope,42,2,14,0.10031554847955704,0.08763238787651062,1.5968918800354004
8000,mha_rope,42,2,15,0.059340108186006546,0.06490951776504517,1.5968918800354004
8000,mha_rope,42,3,0,0.06554270535707474,0.06186635419726372,1.2790894508361816
8000,mha_rope,42,3,1,0.04223988950252533,0.044316474348306656,1.2790894508361816
8000,mha_rope,42,3,2,0.051751405000686646,0.054757557809352875,1.2790894508361816
8000,mha_rope,42,3,3,0.06979319453239441,0.06775689125061035,1.2790894508361816
8000,mha_rope,42,3,4,0.05196329578757286,0.058924395591020584,1.2790894508361816
8000,mha_rope,42,3,5,0.10389719903469086,0.09715238213539124,1.2790894508361816
8000,mha_rope,42,3,6,0.037224527448415756,0.03677937015891075,1.2790894508361816
8000,mha_rope,42,3,7,0.06499135494232178,0.053774844855070114,1.2790894508361816
8000,mha_rope,42,3,8,0.058182574808597565,0.06167563796043396,1.2790894508361816
8000,mha_rope,42,3,9,0.051186930388212204,0.05865314602851868,1.2790894508361816
8000,mha_rope,42,3,10,0.08810363709926605,0.07174228876829147,1.2790894508361816
8000,mha_rope,42,3,11,0.0456504300236702,0.05804082751274109,1.2790894508361816
8000,mha_rope,42,3,12,0.03189900889992714,0.04788278788328171,1.2790894508361816
8000,mha_rope,42,3,13,0.06414316594600677,0.05423721298575401,1.2790894508361816
8000,mha_rope,42,3,14,0.08585164695978165,0.10609865933656693,1.2790894508361816
8000,mha_rope,42,3,15,0.08757904171943665,0.06634111702442169,1.2790894508361816
8000,mha_rope,42,4,0,0.06778452545404434,0.07913847267627716,1.227926254272461
8000,mha_rope,42,4,1,0.056334227323532104,0.06956994533538818,1.227926254272461
8000,mha_rope,42,4,2,0.07020324468612671,0.06534571945667267,1.227926254272461
8000,mha_rope,42,4,3,0.049896445125341415,0.061065249145030975,1.227926254272461
8000,mha_rope,42,4,4,0.068401999771595,0.07774896174669266,1.227926254272461
8000,mha_rope,42,4,5,0.05489451065659523,0.058062922209501266,1.227926254272461
8000,mha_rope,42,4,6,0.049603067338466644,0.04985254257917404,1.227926254272461
8000,mha_rope,42,4,7,0.07564260065555573,0.05755669251084328,1.227926254272461
8000,mha_rope,42,4,8,0.032971903681755066,0.03938160836696625,1.227926254272461
8000,mha_rope,42,4,9,0.0645580068230629,0.06305890530347824,1.227926254272461
8000,mha_rope,42,4,10,0.07675231993198395,0.07747252285480499,1.227926254272461
8000,mha_rope,42,4,11,0.04588501155376434,0.043070197105407715,1.227926254272461
8000,mha_rope,42,4,12,0.04291188716888428,0.0434187650680542,1.227926254272461
8000,mha_rope,42,4,13,0.08074666559696198,0.0816771611571312,1.227926254272461
8000,mha_rope,42,4,14,0.10394714027643204,0.07395454496145248,1.227926254272461
8000,mha_rope,42,4,15,0.05946645140647888,0.0596257783472538,1.227926254272461
8000,mha_rope,42,5,0,0.07257873564958572,0.08153488487005234,1.5555284023284912
8000,mha_rope,42,5,1,0.05796407163143158,0.05468152463436127,1.5555284023284912
8000,mha_rope,42,5,2,0.05180450528860092,0.06225788593292236,1.5555284023284912
8000,mha_rope,42,5,3,0.062083739787340164,0.0668732225894928,1.5555284023284912
8000,mha_rope,42,5,4,0.0837484747171402,0.07579168677330017,1.5555284023284912
8000,mha_rope,42,5,5,0.06878478825092316,0.056092891842126846,1.5555284023284912
8000,mha_rope,42,5,6,0.03008931502699852,0.03368283435702324,1.5555284023284912
8000,mha_rope,42,5,7,0.0487498976290226,0.04913191869854927,1.5555284023284912
8000,mha_rope,42,5,8,0.08541443198919296,0.09002005308866501,1.5555284023284912
8000,mha_rope,42,5,9,0.043801065534353256,0.04783015325665474,1.5555284023284912
8000,mha_rope,42,5,10,0.051476236432790756,0.06658291071653366,1.5555284023284912
8000,mha_rope,42,5,11,0.07542704045772552,0.059770647436380386,1.5555284023284912
8000,mha_rope,42,5,12,0.03216542676091194,0.036166395992040634,1.5555284023284912
8000,mha_rope,42,5,13,0.05550649017095566,0.058179277926683426,1.5555284023284912
8000,mha_rope,42,5,14,0.0751507580280304,0.07160262763500214,1.5555284023284912
8000,mha_rope,42,5,15,0.10525502264499664,0.08980116993188858,1.5555284023284912
8500,mha_rope,42,1,0,0.06813476234674454,0.06462189555168152,2.0824203491210938
8500,mha_rope,42,1,1,0.056094054132699966,0.06574352085590363,2.0824203491210938
8500,mha_rope,42,1,2,0.0739976018667221,0.06627616286277771,2.0824203491210938
8500,mha_rope,42,1,3,0.05925364047288895,0.06209587678313255,2.0824203491210938
8500,mha_rope,42,1,4,0.0617319755256176,0.06258566677570343,2.0824203491210938
8500,mha_rope,42,1,5,0.05424235016107559,0.053630128502845764,2.0824203491210938
8500,mha_rope,42,1,6,0.06879851967096329,0.06485112756490707,2.0824203491210938
8500,mha_rope,42,1,7,0.063494972884655,0.06284350156784058,2.0824203491210938
8500,mha_rope,42,1,8,0.05337310954928398,0.05838558077812195,2.0824203491210938
8500,mha_rope,42,1,9,0.058251749724149704,0.060031164437532425,2.0824203491210938
8500,mha_rope,42,1,10,0.05800944194197655,0.06216086819767952,2.0824203491210938
8500,mha_rope,42,1,11,0.06878998130559921,0.057403791695833206,2.0824203491210938
8500,mha_rope,42,1,12,0.06733367592096329,0.06462560594081879,2.0824203491210938
8500,mha_rope,42,1,13,0.06843617558479309,0.08096321672201157,2.0824203491210938
8500,mha_rope,42,1,14,0.06022176146507263,0.061809927225112915,2.0824203491210938
8500,mha_rope,42,1,15,0.05983622372150421,0.051972027868032455,2.0824203491210938
8500,mha_rope,42,2,0,0.0704592913389206,0.06992948055267334,1.609059453010559
8500,mha_rope,42,2,1,0.039128825068473816,0.04810236394405365,1.609059453010559
8500,mha_rope,42,2,2,0.09847473353147507,0.08355823159217834,1.609059453010559
8500,mha_rope,42,2,3,0.04437733814120293,0.052071601152420044,1.609059453010559
8500,mha_rope,42,2,4,0.04299550503492355,0.0441611111164093,1.609059453010559
8500,mha_rope,42,2,5,0.07133208960294724,0.07949213683605194,1.609059453010559
8500,mha_rope,42,2,6,0.05827596038579941,0.05988866835832596,1.609059453010559
8500,mha_rope,42,2,7,0.05590881407260895,0.052842117846012115,1.609059453010559
8500,mha_rope,42,2,8,0.07895660400390625,0.073906809091568,1.609059453010559
8500,mha_rope,42,2,9,0.059093933552503586,0.05716606602072716,1.609059453010559
8500,mha_rope,42,2,10,0.05535278469324112,0.05616594851016998,1.609059453010559
8500,mha_rope,42,2,11,0.07125834375619888,0.06733105331659317,1.609059453010559
8500,mha_rope,42,2,12,0.04091339185833931,0.04290429875254631,1.609059453010559
8500,mha_rope,42,2,13,0.05997100844979286,0.06664051860570908,1.609059453010559
8500,mha_rope,42,2,14,0.09972971677780151,0.08527351170778275,1.609059453010559
8500,mha_rope,42,2,15,0.053771667182445526,0.060566049069166183,1.609059453010559
8500,mha_rope,42,3,0,0.06446177512407303,0.06114199385046959,1.2909660339355469
8500,mha_rope,42,3,1,0.037702739238739014,0.0405714325606823,1.2909660339355469
8500,mha_rope,42,3,2,0.050981953740119934,0.05329513922333717,1.2909660339355469
8500,mha_rope,42,3,3,0.07039520144462585,0.06714549660682678,1.2909660339355469
8500,mha_rope,42,3,4,0.05257609114050865,0.060901541262865067,1.2909660339355469
8500,mha_rope,42,3,5,0.10499124974012375,0.09843476861715317,1.2909660339355469
8500,mha_rope,42,3,6,0.03910776600241661,0.03788524121046066,1.2909660339355469
8500,mha_rope,42,3,7,0.06820200383663177,0.05645830184221268,1.2909660339355469
8500,mha_rope,42,3,8,0.06070922687649727,0.06390022486448288,1.2909660339355469
8500,mha_rope,42,3,9,0.055384520441293716,0.06028861179947853,1.2909660339355469
8500,mha_rope,42,3,10,0.08539266139268875,0.06873634457588196,1.2909660339355469
8500,mha_rope,42,3,11,0.0464763380587101,0.05819239467382431,1.2909660339355469
8500,mha_rope,42,3,12,0.03361063823103905,0.04855993762612343,1.2909660339355469
8500,mha_rope,42,3,13,0.060822855681180954,0.052843134850263596,1.2909660339355469
8500,mha_rope,42,3,14,0.08744964748620987,0.1085040271282196,1.2909660339355469
8500,mha_rope,42,3,15,0.08173532783985138,0.06314144283533096,1.2909660339355469
8500,mha_rope,42,4,0,0.06777119636535645,0.07943212240934372,1.23341965675354
8500,mha_rope,42,4,1,0.05403228849172592,0.068084217607975,1.23341965675354
8500,mha_rope,42,4,2,0.07015533745288849,0.06556088477373123,1.23341965675354
8500,mha_rope,42,4,3,0.04697408154606819,0.05647192522883415,1.23341965675354
8500,mha_rope,42,4,4,0.0693809986114502,0.07940008491277695,1.23341965675354
8500,mha_rope,42,4,5,0.05608764663338661,0.058792922645807266,1.23341965675354
8500,mha_rope,42,4,6,0.05055135115981102,0.05055459216237068,1.23341965675354
8500,mha_rope,42,4,7,0.07736175507307053,0.05878165736794472,1.23341965675354
8500,mha_rope,42,4,8,0.03326975554227829,0.038977522403001785,1.23341965675354
8500,mha_rope,42,4,9,0.06684274971485138,0.06561460345983505,1.23341965675354
8500,mha_rope,42,4,10,0.07537679374217987,0.07599835842847824,1.23341965675354
8500,mha_rope,42,4,11,0.045746155083179474,0.04353005811572075,1.23341965675354
8500,mha_rope,42,4,12,0.04142720624804497,0.04260620102286339,1.23341965675354
8500,mha_rope,42,4,13,0.08203603327274323,0.0828634724020958,1.23341965675354
8500,mha_rope,42,4,14,0.10422006994485855,0.07347134500741959,1.23341965675354
8500,mha_rope,42,4,15,0.05876658111810684,0.05986001342535019,1.23341965675354
8500,mha_rope,42,5,0,0.07323842495679855,0.08246485888957977,1.558942198753357
8500,mha_rope,42,5,1,0.06301707029342651,0.05894862487912178,1.558942198753357
8500,mha_rope,42,5,2,0.05407246947288513,0.06295298784971237,1.558942198753357
8500,mha_rope,42,5,3,0.06088470295071602,0.06678886711597443,1.558942198753357
8500,mha_rope,42,5,4,0.0762055441737175,0.06997261196374893,1.558942198753357
8500,mha_rope,42,5,5,0.06906575709581375,0.05566530302166939,1.558942198753357
8500,mha_rope,42,5,6,0.02813822403550148,0.03208339214324951,1.558942198753357
8500,mha_rope,42,5,7,0.04958027973771095,0.04974615201354027,1.558942198753357
8500,mha_rope,42,5,8,0.08629567176103592,0.08993464708328247,1.558942198753357
8500,mha_rope,42,5,9,0.039489541202783585,0.04519759863615036,1.558942198753357
8500,mha_rope,42,5,10,0.050636596977710724,0.06435427069664001,1.558942198753357
8500,mha_rope,42,5,11,0.07946441322565079,0.06364307552576065,1.558942198753357
8500,mha_rope,42,5,12,0.03406941890716553,0.03750712424516678,1.558942198753357
8500,mha_rope,42,5,13,0.05205332487821579,0.055117860436439514,1.558942198753357
8500,mha_rope,42,5,14,0.07856333255767822,0.075168676674366,1.558942198753357
8500,mha_rope,42,5,15,0.10522522032260895,0.0904541164636612,1.558942198753357
9000,mha_rope,42,1,0,0.06423014402389526,0.06233065947890282,2.061952829360962
9000,mha_rope,42,1,1,0.04978790134191513,0.061783529818058014,2.061952829360962
9000,mha_rope,42,1,2,0.08365661650896072,0.07051508873701096,2.061952829360962
9000,mha_rope,42,1,3,0.06052235886454582,0.06296011060476303,2.061952829360962
9000,mha_rope,42,1,4,0.060101624578237534,0.06099243089556694,2.061952829360962
9000,mha_rope,42,1,5,0.06288085877895355,0.0570136196911335,2.061952829360962
9000,mha_rope,42,1,6,0.07847931236028671,0.07030172646045685,2.061952829360962
9000,mha_rope,42,1,7,0.05822286009788513,0.06006305664777756,2.061952829360962
9000,mha_rope,42,1,8,0.05500183254480362,0.05951946973800659,2.061952829360962
9000,mha_rope,42,1,9,0.04988851025700569,0.05526990070939064,2.061952829360962
9000,mha_rope,42,1,10,0.05666157975792885,0.06094708293676376,2.061952829360962
9000,mha_rope,42,1,11,0.061883341521024704,0.05478936433792114,2.061952829360962
9000,mha_rope,42,1,12,0.06795501708984375,0.06365770846605301,2.061952829360962
9000,mha_rope,42,1,13,0.06973104178905487,0.08529097586870193,2.061952829360962
9000,mha_rope,42,1,14,0.055413104593753815,0.05833945423364639,2.061952829360962
9000,mha_rope,42,1,15,0.06558389961719513,0.056225668638944626,2.061952829360962
9000,mha_rope,42,2,0,0.07410146296024323,0.07372132688760757,1.598327398300171
9000,mha_rope,42,2,1,0.0393797792494297,0.048136793076992035,1.598327398300171
9000,mha_rope,42,2,2,0.08959360420703888,0.0754510909318924,1.598327398300171
9000,mha_rope,42,2,3,0.042986754328012466,0.05273247882723808,1.598327398300171
9000,mha_rope,42,2,4,0.04264729842543602,0.0434773713350296,1.598327398300171
9000,mha_rope,42,2,5,0.07339508086442947,0.0823812261223793,1.598327398300171
9000,mha_rope,42,2,6,0.05450622737407684,0.056259218603372574,1.598327398300171
9000,mha_rope,42,2,7,0.05220326781272888,0.049946129322052,1.598327398300171
9000,mha_rope,42,2,8,0.07876057922840118,0.07193958014249802,1.598327398300171
9000,mha_rope,42,2,9,0.06068664416670799,0.0582955926656723,1.598327398300171
9000,mha_rope,42,2,10,0.060086771845817566,0.05996672809123993,1.598327398300171
9000,mha_rope,42,2,11,0.07408802956342697,0.06857401877641678,1.598327398300171
9000,mha_rope,42,2,12,0.0423208624124527,0.04341605678200722,1.598327398300171
9000,mha_rope,42,2,13,0.059222716838121414,0.06725532561540604,1.598327398300171
9000,mha_rope,42,2,14,0.10001495480537415,0.08556883782148361,1.598327398300171
9000,mha_rope,42,2,15,0.05600596219301224,0.06287818402051926,1.598327398300171
9000,mha_rope,42,3,0,0.06112721934914589,0.05796476826071739,1.279486894607544
9000,mha_rope,42,3,1,0.036252137273550034,0.03939058259129524,1.279486894607544
9000,mha_rope,42,3,2,0.05088429898023605,0.05345932021737099,1.279486894607544
9000,mha_rope,42,3,3,0.07037872076034546,0.06789717078208923,1.279486894607544
9000,mha_rope,42,3,4,0.051013387739658356,0.05917859449982643,1.279486894607544
9000,mha_rope,42,3,5,0.10789041966199875,0.09907486289739609,1.279486894607544
9000,mha_rope,42,3,6,0.0353737398982048,0.03517996519804001,1.279486894607544
9000,mha_rope,42,3,7,0.06736134737730026,0.056311141699552536,1.279486894607544
9000,mha_rope,42,3,8,0.058760374784469604,0.06168971210718155,1.279486894607544
9000,mha_rope,42,3,9,0.05688059329986572,0.06049849092960358,1.279486894607544
9000,mha_rope,42,3,10,0.08992502838373184,0.07479096204042435,1.279486894607544
9000,mha_rope,42,3,11,0.04720591381192207,0.058537814766168594,1.279486894607544
9000,mha_rope,42,3,12,0.03256672993302345,0.04862134903669357,1.279486894607544
9000,mha_rope,42,3,13,0.06026092544198036,0.053760629147291183,1.279486894607544
9000,mha_rope,42,3,14,0.08573537319898605,0.10573302954435349,1.279486894607544
9000,mha_rope,42,3,15,0.08838378638029099,0.06791159510612488,1.279486894607544
9000,mha_rope,42,4,0,0.06642456352710724,0.07870573550462723,1.2317478656768799
9000,mha_rope,42,4,1,0.05676839128136635,0.07110611349344254,1.2317478656768799
9000,mha_rope,42,4,2,0.07375956326723099,0.06976671516895294,1.2317478656768799
9000,mha_rope,42,4,3,0.04672057926654816,0.0555889829993248,1.2317478656768799
9000,mha_rope,42,4,4,0.0700753778219223,0.08075396716594696,1.2317478656768799
9000,mha_rope,42,4,5,0.05717671662569046,0.060370445251464844,1.2317478656768799
9000,mha_rope,42,4,6,0.05057983472943306,0.051156722009181976,1.2317478656768799
9000,mha_rope,42,4,7,0.07578002661466599,0.05573473125696182,1.2317478656768799
9000,mha_rope,42,4,8,0.034592486917972565,0.03945285081863403,1.2317478656768799
9000,mha_rope,42,4,9,0.061288248747587204,0.0604877807199955,1.2317478656768799
9000,mha_rope,42,4,10,0.07307220250368118,0.07478512078523636,1.2317478656768799
9000,mha_rope,42,4,11,0.04339589551091194,0.04130840674042702,1.2317478656768799
9000,mha_rope,42,4,12,0.04487955570220947,0.044592294842004776,1.2317478656768799
9000,mha_rope,42,4,13,0.08103688806295395,0.08128266781568527,1.2317478656768799
9000,mha_rope,42,4,14,0.10547149926424026,0.07502525299787521,1.2317478656768799
9000,mha_rope,42,4,15,0.05897817015647888,0.059882182627916336,1.2317478656768799
9000,mha_rope,42,5,0,0.07298614829778671,0.08226509392261505,1.5415000915527344
9000,mha_rope,42,5,1,0.060387879610061646,0.05731355771422386,1.5415000915527344
9000,mha_rope,42,5,2,0.05537017807364464,0.06446103006601334,1.5415000915527344
9000,mha_rope,42,5,3,0.06092824414372444,0.0665176659822464,1.5415000915527344
9000,mha_rope,42,5,4,0.0794830322265625,0.07321707159280777,1.5415000915527344
9000,mha_rope,42,5,5,0.07099924981594086,0.057494260370731354,1.5415000915527344
9000,mha_rope,42,5,6,0.029796041548252106,0.032899774610996246,1.5415000915527344
9000,mha_rope,42,5,7,0.05080597102642059,0.051089752465486526,1.5415000915527344
9000,mha_rope,42,5,8,0.08499755710363388,0.08880124986171722,1.5415000915527344
9000,mha_rope,42,5,9,0.03813771530985832,0.04350565746426582,1.5415000915527344
9000,mha_rope,42,5,10,0.05040384829044342,0.06598697602748871,1.5415000915527344
9000,mha_rope,42,5,11,0.0741196721792221,0.06007339432835579,1.5415000915527344
9000,mha_rope,42,5,12,0.03594004362821579,0.03796751797199249,1.5415000915527344
9000,mha_rope,42,5,13,0.05706787109375,0.059516679495573044,1.5415000915527344
9000,mha_rope,42,5,14,0.073138527572155,0.06948146224021912,1.5415000915527344
9000,mha_rope,42,5,15,0.10543803125619888,0.0894089862704277,1.5415000915527344
9500,mha_rope,42,1,0,0.0647621676325798,0.062193725258111954,2.051783800125122
9500,mha_rope,42,1,1,0.05195048078894615,0.0640474259853363,2.051783800125122
9500,mha_rope,42,1,2,0.07737172394990921,0.06806820631027222,2.051783800125122
9500,mha_rope,42,1,3,0.059814658015966415,0.06285709142684937,2.051783800125122
9500,mha_rope,42,1,4,0.06429728120565414,0.06429577618837357,2.051783800125122
9500,mha_rope,42,1,5,0.06641723960638046,0.05983181670308113,2.051783800125122
9500,mha_rope,42,1,6,0.06999267637729645,0.06579587608575821,2.051783800125122
9500,mha_rope,42,1,7,0.06496236473321915,0.06327603757381439,2.051783800125122
9500,mha_rope,42,1,8,0.05371398851275444,0.059382934123277664,2.051783800125122
9500,mha_rope,42,1,9,0.060578715056180954,0.06206565350294113,2.051783800125122
9500,mha_rope,42,1,10,0.060104575008153915,0.06368773430585861,2.051783800125122
9500,mha_rope,42,1,11,0.07112253457307816,0.06024187058210373,2.051783800125122
9500,mha_rope,42,1,12,0.06039031967520714,0.058327484875917435,2.051783800125122
9500,mha_rope,42,1,13,0.06543904542922974,0.07852643728256226,2.051783800125122
9500,mha_rope,42,1,14,0.0531279481947422,0.05782676860690117,2.051783800125122
9500,mha_rope,42,1,15,0.055954284965991974,0.04957505688071251,2.051783800125122
9500,mha_rope,42,2,0,0.06991688907146454,0.06900228559970856,1.5942872762680054
9500,mha_rope,42,2,1,0.038235779851675034,0.04710135608911514,1.5942872762680054
9500,mha_rope,42,2,2,0.0892849713563919,0.07676003873348236,1.5942872762680054
9500,mha_rope,42,2,3,0.045670777559280396,0.05343107879161835,1.5942872762680054
9500,mha_rope,42,2,4,0.0420156866312027,0.0434785932302475,1.5942872762680054
9500,mha_rope,42,2,5,0.07103963196277618,0.08007845282554626,1.5942872762680054
9500,mha_rope,42,2,6,0.0550587959587574,0.057236429303884506,1.5942872762680054
9500,mha_rope,42,2,7,0.05447438731789589,0.051104504615068436,1.5942872762680054
9500,mha_rope,42,2,8,0.08008280396461487,0.07265374809503555,1.5942872762680054
9500,mha_rope,42,2,9,0.06493784487247467,0.06277073919773102,1.5942872762680054
9500,mha_rope,42,2,10,0.05835876613855362,0.05964556336402893,1.5942872762680054
9500,mha_rope,42,2,11,0.0730908215045929,0.0684012770652771,1.5942872762680054
9500,mha_rope,42,2,12,0.04266957566142082,0.04471122473478317,1.5942872762680054
9500,mha_rope,42,2,13,0.057716675102710724,0.06502370536327362,1.5942872762680054
9500,mha_rope,42,2,14,0.10172424465417862,0.08661316335201263,1.5942872762680054
9500,mha_rope,42,2,15,0.055722352117300034,0.061987895518541336,1.5942872762680054
9500,mha_rope,42,3,0,0.06340403109788895,0.05964507907629013,1.2931103706359863
9500,mha_rope,42,3,1,0.0372823067009449,0.040534574538469315,1.2931103706359863
9500,mha_rope,42,3,2,0.048931680619716644,0.051214978098869324,1.2931103706359863
9500,mha_rope,42,3,3,0.07075805962085724,0.06892266869544983,1.2931103706359863
9500,mha_rope,42,3,4,0.051844991743564606,0.05919373035430908,1.2931103706359863
9500,mha_rope,42,3,5,0.10503580421209335,0.09559687227010727,1.2931103706359863
9500,mha_rope,42,3,6,0.03784281387925148,0.037687283009290695,1.2931103706359863
9500,mha_rope,42,3,7,0.06745666265487671,0.0557645745575428,1.2931103706359863
9500,mha_rope,42,3,8,0.058143410831689835,0.06083587557077408,1.2931103706359863
9500,mha_rope,42,3,9,0.057093504816293716,0.061808712780475616,1.2931103706359863
9500,mha_rope,42,3,10,0.08729176968336105,0.07296847552061081,1.2931103706359863
9500,mha_rope,42,3,11,0.04743693023920059,0.05886369198560715,1.2931103706359863
9500,mha_rope,42,3,12,0.0319385789334774,0.04767384007573128,1.2931103706359863
9500,mha_rope,42,3,13,0.06434397399425507,0.05587616562843323,1.2931103706359863
9500,mha_rope,42,3,14,0.08686696738004684,0.10820210725069046,1.2931103706359863
9500,mha_rope,42,3,15,0.08432850986719131,0.06521132588386536,1.2931103706359863
9500,mha_rope,42,4,0,0.06542409211397171,0.07830040901899338,1.228688359260559
9500,mha_rope,42,4,1,0.0545533262193203,0.06806503981351852,1.228688359260559
9500,mha_rope,42,4,2,0.07102244347333908,0.06600310653448105,1.228688359260559
9500,mha_rope,42,4,3,0.049051105976104736,0.05932198837399483,1.228688359260559
9500,mha_rope,42,4,4,0.07074116915464401,0.08098842948675156,1.228688359260559
9500,mha_rope,42,4,5,0.055248718708753586,0.05726967379450798,1.228688359260559
9500,mha_rope,42,4,6,0.05167989060282707,0.051477719098329544,1.228688359260559
9500,mha_rope,42,4,7,0.07739318907260895,0.058012910187244415,1.228688359260559
9500,mha_rope,42,4,8,0.031877849251031876,0.03831237554550171,1.228688359260559
9500,mha_rope,42,4,9,0.06192962825298309,0.06221731752157211,1.228688359260559
9500,mha_rope,42,4,10,0.07287079095840454,0.07380327582359314,1.228688359260559
9500,mha_rope,42,4,11,0.0462016798555851,0.04352019354701042,1.228688359260559
9500,mha_rope,42,4,12,0.04543355479836464,0.045712266117334366,1.228688359260559
9500,mha_rope,42,4,13,0.08252695947885513,0.08271703124046326,1.228688359260559
9500,mha_rope,42,4,14,0.10544891655445099,0.07529102265834808,1.228688359260559
9500,mha_rope,42,4,15,0.05859670042991638,0.05898724123835564,1.228688359260559
9500,mha_rope,42,5,0,0.0725785344839096,0.08171690255403519,1.534456729888916
9500,mha_rope,42,5,1,0.06219726428389549,0.05892593413591385,1.534456729888916
9500,mha_rope,42,5,2,0.05105305835604668,0.06052881106734276,1.534456729888916
9500,mha_rope,42,5,3,0.061410725116729736,0.06752245873212814,1.534456729888916
9500,mha_rope,42,5,4,0.08106902986764908,0.07569290697574615,1.534456729888916
9500,mha_rope,42,5,5,0.07116200774908066,0.0565699003636837,1.534456729888916
9500,mha_rope,42,5,6,0.03098500519990921,0.03389056771993637,1.534456729888916
9500,mha_rope,42,5,7,0.05088816210627556,0.05091939866542816,1.534456729888916
9500,mha_rope,42,5,8,0.08546508848667145,0.08806171268224716,1.534456729888916
9500,mha_rope,42,5,9,0.03871215879917145,0.043507929891347885,1.534456729888916
9500,mha_rope,42,5,10,0.05235026031732559,0.06817413121461868,1.534456729888916
9500,mha_rope,42,5,11,0.07729390263557434,0.06266278773546219,1.534456729888916
9500,mha_rope,42,5,12,0.03532877564430237,0.03783378750085831,1.534456729888916
9500,mha_rope,42,5,13,0.05021097883582115,0.05351710692048073,1.534456729888916
9500,mha_rope,42,5,14,0.07378428429365158,0.07040130347013474,1.534456729888916
9500,mha_rope,42,5,15,0.10551076382398605,0.09007442742586136,1.534456729888916
10000,mha_rope,42,1,0,0.06495045870542526,0.06160575896501541,2.0292279720306396
10000,mha_rope,42,1,1,0.0582713820040226,0.06807991117238998,2.0292279720306396
10000,mha_rope,42,1,2,0.07627929747104645,0.06558610498905182,2.0292279720306396
10000,mha_rope,42,1,3,0.061584167182445526,0.06367287039756775,2.0292279720306396
10000,mha_rope,42,1,4,0.0610739141702652,0.060716547071933746,2.0292279720306396
10000,mha_rope,42,1,5,0.06658630073070526,0.0594087615609169,2.0292279720306396
10000,mha_rope,42,1,6,0.06925343722105026,0.06587258726358414,2.0292279720306396
10000,mha_rope,42,1,7,0.06785685569047928,0.06348320096731186,2.0292279720306396
10000,mha_rope,42,1,8,0.05468170344829559,0.05980261415243149,2.0292279720306396
10000,mha_rope,42,1,9,0.054625753313302994,0.06096934527158737,2.0292279720306396
10000,mha_rope,42,1,10,0.0580577589571476,0.06206415221095085,2.0292279720306396
10000,mha_rope,42,1,11,0.05736063793301582,0.05181274563074112,2.0292279720306396
10000,mha_rope,42,1,12,0.06694570183753967,0.06441477686166763,2.0292279720306396
10000,mha_rope,42,1,13,0.06680470705032349,0.08146610856056213,2.0292279720306396
10000,mha_rope,42,1,14,0.05698211491107941,0.05969381332397461,2.0292279720306396
10000,mha_rope,42,1,15,0.05868581309914589,0.051350709050893784,2.0292279720306396
10000,mha_rope,42,2,0,0.06012624129652977,0.06283944845199585,1.5968738794326782
10000,mha_rope,42,2,1,0.03831644728779793,0.048089154064655304,1.5968738794326782
10000,mha_rope,42,2,2,0.09134155511856079,0.07858365029096603,1.5968738794326782
10000,mha_rope,42,2,3,0.044817809015512466,0.052255965769290924,1.5968738794326782
10000,mha_rope,42,2,4,0.04145670682191849,0.043243154883384705,1.5968738794326782
10000,mha_rope,42,2,5,0.07453114539384842,0.08155161887407303,1.5968738794326782
10000,mha_rope,42,2,6,0.05636952817440033,0.05887310206890106,1.5968738794326782
10000,mha_rope,42,2,7,0.05571960285305977,0.05228976532816887,1.5968738794326782
10000,mha_rope,42,2,8,0.0806821659207344,0.07391521334648132,1.5968738794326782
10000,mha_rope,42,2,9,0.0688362643122673,0.06400571763515472,1.5968738794326782
10000,mha_rope,42,2,10,0.05897176265716553,0.058109086006879807,1.5968738794326782
10000,mha_rope,42,2,11,0.0709584578871727,0.06696509569883347,1.5968738794326782
10000,mha_rope,42,2,12,0.04280558228492737,0.044635623693466187,1.5968738794326782
10000,mha_rope,42,2,13,0.05699320510029793,0.06355641782283783,1.5968738794326782
10000,mha_rope,42,2,14,0.10324127227067947,0.0890277773141861,1.5968738794326782
10000,mha_rope,42,2,15,0.054832253605127335,0.06205916032195091,1.5968738794326782
10000,mha_rope,42,3,0,0.06322286278009415,0.0607418455183506,1.2956358194351196
10000,mha_rope,42,3,1,0.04074208438396454,0.04396044462919235,1.2956358194351196
10000,mha_rope,42,3,2,0.05108795315027237,0.054177384823560715,1.2956358194351196
10000,mha_rope,42,3,3,0.06990396976470947,0.06509798765182495,1.2956358194351196
10000,mha_rope,42,3,4,0.051589153707027435,0.0581335574388504,1.2956358194351196
10000,mha_rope,42,3,5,0.1053275540471077,0.09677977114915848,1.2956358194351196
10000,mha_rope,42,3,6,0.03748179227113724,0.037402622401714325,1.2956358194351196
10000,mha_rope,42,3,7,0.06850901246070862,0.05681059509515762,1.2956358194351196
10000,mha_rope,42,3,8,0.06006734073162079,0.063622385263443,1.2956358194351196
10000,mha_rope,42,3,9,0.05529988557100296,0.06153137981891632,1.2956358194351196
10000,mha_rope,42,3,10,0.08727498352527618,0.07202138751745224,1.2956358194351196
10000,mha_rope,42,3,11,0.045517172664403915,0.05715763568878174,1.2956358194351196
10000,mha_rope,42,3,12,0.035664062947034836,0.04953555762767792,1.2956358194351196
10000,mha_rope,42,3,13,0.06219848617911339,0.05430702865123749,1.2956358194351196
10000,mha_rope,42,3,14,0.08609232306480408,0.10619555413722992,1.2956358194351196
10000,mha_rope,42,3,15,0.08002135902643204,0.06252490729093552,1.2956358194351196
10000,mha_rope,42,4,0,0.06447774171829224,0.07703453302383423,1.2323428392410278
10000,mha_rope,42,4,1,0.0538584403693676,0.06687136739492416,1.2323428392410278
10000,mha_rope,42,4,2,0.07231353968381882,0.06765953451395035,1.2323428392410278
10000,mha_rope,42,4,3,0.04978189989924431,0.06046770140528679,1.2323428392410278
10000,mha_rope,42,4,4,0.06967224180698395,0.08028315752744675,1.2323428392410278
10000,mha_rope,42,4,5,0.05724436417222023,0.05995495617389679,1.2323428392410278
10000,mha_rope,42,4,6,0.0533650703728199,0.05264474079012871,1.2323428392410278
10000,mha_rope,42,4,7,0.0782228633761406,0.05805583298206329,1.2323428392410278
10000,mha_rope,42,4,8,0.033517252653837204,0.03969486057758331,1.2323428392410278
10000,mha_rope,42,4,9,0.06445617973804474,0.06389184296131134,1.2323428392410278
10000,mha_rope,42,4,10,0.0748126208782196,0.0764414519071579,1.2323428392410278
10000,mha_rope,42,4,11,0.04553212597966194,0.04312840849161148,1.2323428392410278
10000,mha_rope,42,4,12,0.04221730679273605,0.04247116670012474,1.2323428392410278
10000,mha_rope,42,4,13,0.0808728039264679,0.07938768714666367,1.2323428392410278
10000,mha_rope,42,4,14,0.10264526307582855,0.07299026846885681,1.2323428392410278
10000,mha_rope,42,4,15,0.05701029300689697,0.05902247875928879,1.2323428392410278
10000,mha_rope,42,5,0,0.07295847684144974,0.08279193192720413,1.5345566272735596
10000,mha_rope,42,5,1,0.0624198392033577,0.058644283562898636,1.5345566272735596
10000,mha_rope,42,5,2,0.052823182195425034,0.06189737841486931,1.5345566272735596
10000,mha_rope,42,5,3,0.060453083366155624,0.06664375215768814,1.5345566272735596
10000,mha_rope,42,5,4,0.07932963222265244,0.07286089658737183,1.5345566272735596
10000,mha_rope,42,5,5,0.07144368439912796,0.05717049911618233,1.5345566272735596
10000,mha_rope,42,5,6,0.030713194981217384,0.034227725118398666,1.5345566272735596
10000,mha_rope,42,5,7,0.0503317266702652,0.05054882541298866,1.5345566272735596
10000,mha_rope,42,5,8,0.08652516454458237,0.09042683243751526,1.5345566272735596
10000,mha_rope,42,5,9,0.0376872755587101,0.04318028688430786,1.5345566272735596
10000,mha_rope,42,5,10,0.050451863557100296,0.06399135291576385,1.5345566272735596
10000,mha_rope,42,5,11,0.0761425793170929,0.0624287873506546,1.5345566272735596
10000,mha_rope,42,5,12,0.03452596068382263,0.037902843207120895,1.5345566272735596
10000,mha_rope,42,5,13,0.05390482768416405,0.056868039071559906,1.5345566272735596
10000,mha_rope,42,5,14,0.07592508941888809,0.07211770862340927,1.5345566272735596
10000,mha_rope,42,5,15,0.10436441749334335,0.08829891681671143,1.5345566272735596
10500,mha_rope,42,1,0,0.06796305626630783,0.06414871662855148,2.0202620029449463
10500,mha_rope,42,1,1,0.05570841580629349,0.06567465513944626,2.0202620029449463
10500,mha_rope,42,1,2,0.07007496803998947,0.0634244754910469,2.0202620029449463
10500,mha_rope,42,1,3,0.06060943752527237,0.06299873441457748,2.0202620029449463
10500,mha_rope,42,1,4,0.06260121613740921,0.06196221709251404,2.0202620029449463
10500,mha_rope,42,1,5,0.06506866216659546,0.05873601883649826,2.0202620029449463
10500,mha_rope,42,1,6,0.07740600407123566,0.06970261037349701,2.0202620029449463
10500,mha_rope,42,1,7,0.059509072452783585,0.05975610762834549,2.0202620029449463
10500,mha_rope,42,1,8,0.05401702970266342,0.05847485736012459,2.0202620029449463
10500,mha_rope,42,1,9,0.05782724916934967,0.06367933005094528,2.0202620029449463
10500,mha_rope,42,1,10,0.06175699830055237,0.0645819827914238,2.0202620029449463
10500,mha_rope,42,1,11,0.0628039538860321,0.05492200329899788,2.0202620029449463
10500,mha_rope,42,1,12,0.06407979130744934,0.061662763357162476,2.0202620029449463
10500,mha_rope,42,1,13,0.06628000736236572,0.0802091658115387,2.0202620029449463
10500,mha_rope,42,1,14,0.05438853055238724,0.057823214679956436,2.0202620029449463
10500,mha_rope,42,1,15,0.05990559980273247,0.05224314332008362,2.0202620029449463
10500,mha_rope,42,2,0,0.06834258884191513,0.06907079368829727,1.602784276008606
10500,mha_rope,42,2,1,0.03617482632398605,0.046198103576898575,1.602784276008606
10500,mha_rope,42,2,2,0.09462880343198776,0.08099307864904404,1.602784276008606
10500,mha_rope,42,2,3,0.04308370128273964,0.0525471456348896,1.602784276008606
10500,mha_rope,42,2,4,0.041166890412569046,0.04281041398644447,1.602784276008606
10500,mha_rope,42,2,5,0.07651926577091217,0.0843253880739212,1.602784276008606
10500,mha_rope,42,2,6,0.054248351603746414,0.056930724531412125,1.602784276008606
10500,mha_rope,42,2,7,0.055000100284814835,0.05209282785654068,1.602784276008606
10500,mha_rope,42,2,8,0.08143015205860138,0.07338066399097443,1.602784276008606
10500,mha_rope,42,2,9,0.06440185755491257,0.06061949580907822,1.602784276008606
10500,mha_rope,42,2,10,0.05597228929400444,0.054681453853845596,1.602784276008606
10500,mha_rope,42,2,11,0.07098785042762756,0.06633225083351135,1.602784276008606
10500,mha_rope,42,2,12,0.04385162517428398,0.045166872441768646,1.602784276008606
10500,mha_rope,42,2,13,0.05649098753929138,0.06448492407798767,1.602784276008606
10500,mha_rope,42,2,14,0.10288736969232559,0.08883988112211227,1.602784276008606
10500,mha_rope,42,2,15,0.05481333285570145,0.06152602657675743,1.602784276008606
10500,mha_rope,42,3,0,0.0628020241856575,0.06120312213897705,1.302056074142456
10500,mha_rope,42,3,1,0.0395844541490078,0.04250294342637062,1.302056074142456
10500,mha_rope,42,3,2,0.047805581241846085,0.050683315843343735,1.302056074142456
10500,mha_rope,42,3,3,0.07324828952550888,0.06931428611278534,1.302056074142456
10500,mha_rope,42,3,4,0.05116628110408783,0.05918146297335625,1.302056074142456
10500,mha_rope,42,3,5,0.10714457184076309,0.09932457655668259,1.302056074142456
10500,mha_rope,42,3,6,0.0377991758286953,0.03736446425318718,1.302056074142456
10500,mha_rope,42,3,7,0.06432881951332092,0.05429132282733917,1.302056074142456
10500,mha_rope,42,3,8,0.060209453105926514,0.06354188919067383,1.302056074142456
10500,mha_rope,42,3,9,0.053579509258270264,0.05917568877339363,1.302056074142456
10500,mha_rope,42,3,10,0.08894704282283783,0.07154296338558197,1.302056074142456
10500,mha_rope,42,3,11,0.04714609682559967,0.059742521494627,1.302056074142456
10500,mha_rope,42,3,12,0.03175150603055954,0.04704143851995468,1.302056074142456
10500,mha_rope,42,3,13,0.061798807233572006,0.054387837648391724,1.302056074142456
10500,mha_rope,42,3,14,0.08581583946943283,0.10462591052055359,1.302056074142456
10500,mha_rope,42,3,15,0.08687255531549454,0.06607625633478165,1.302056074142456
10500,mha_rope,42,4,0,0.06470794975757599,0.07701759785413742,1.2304327487945557
10500,mha_rope,42,4,1,0.054181620478630066,0.06827258318662643,1.2304327487945557
10500,mha_rope,42,4,2,0.07500895112752914,0.07004190236330032,1.2304327487945557
10500,mha_rope,42,4,3,0.04877634719014168,0.059457678347826004,1.2304327487945557
10500,mha_rope,42,4,4,0.06928832828998566,0.07947633415460587,1.2304327487945557
10500,mha_rope,42,4,5,0.05694366618990898,0.058974165469408035,1.2304327487945557
10500,mha_rope,42,4,6,0.052030131220817566,0.05180206522345543,1.2304327487945557
10500,mha_rope,42,4,7,0.07626301795244217,0.05694159120321274,1.2304327487945557
10500,mha_rope,42,4,8,0.03354065120220184,0.03902411460876465,1.2304327487945557
10500,mha_rope,42,4,9,0.06140950694680214,0.06057202070951462,1.2304327487945557
10500,mha_rope,42,4,10,0.07247233390808105,0.07390062510967255,1.2304327487945557
10500,mha_rope,42,4,11,0.045962218195199966,0.04345712065696716,1.2304327487945557
10500,mha_rope,42,4,12,0.03997151553630829,0.041514500975608826,1.2304327487945557
10500,mha_rope,42,4,13,0.08377532660961151,0.0826965868473053,1.2304327487945557
10500,mha_rope,42,4,14,0.10700378566980362,0.07667823135852814,1.2304327487945557
10500,mha_rope,42,4,15,0.058664653450250626,0.06017283722758293,1.2304327487945557
10500,mha_rope,42,5,0,0.07483896613121033,0.08511996269226074,1.5392106771469116
10500,mha_rope,42,5,1,0.06126698851585388,0.05777927488088608,1.5392106771469116
10500,mha_rope,42,5,2,0.05291198566555977,0.06219978258013725,1.5392106771469116
10500,mha_rope,42,5,3,0.06100626662373543,0.06620761752128601,1.5392106771469116
10500,mha_rope,42,5,4,0.07938690483570099,0.07361812144517899,1.5392106771469116
10500,mha_rope,42,5,5,0.070147804915905,0.05686911940574646,1.5392106771469116
10500,mha_rope,42,5,6,0.029921365901827812,0.03309682756662369,1.5392106771469116
10500,mha_rope,42,5,7,0.04936696216464043,0.04938264191150665,1.5392106771469116
10500,mha_rope,42,5,8,0.08519663661718369,0.08766679465770721,1.5392106771469116
10500,mha_rope,42,5,9,0.03841054439544678,0.043058425188064575,1.5392106771469116
10500,mha_rope,42,5,10,0.051634520292282104,0.0665997713804245,1.5392106771469116
10500,mha_rope,42,5,11,0.0747884139418602,0.06104190647602081,1.5392106771469116
10500,mha_rope,42,5,12,0.038396403193473816,0.040034737437963486,1.5392106771469116
10500,mha_rope,42,5,13,0.05103922635316849,0.054178595542907715,1.5392106771469116
10500,mha_rope,42,5,14,0.07497945427894592,0.07129077613353729,1.5392106771469116
10500,mha_rope,42,5,15,0.10670755803585052,0.09185558557510376,1.5392106771469116
11000,mha_rope,42,1,0,0.06257598847150803,0.05992040038108826,2.0105886459350586
11000,mha_rope,42,1,1,0.05506419017910957,0.06560735404491425,2.0105886459350586
11000,mha_rope,42,1,2,0.0725090503692627,0.0647725835442543,2.0105886459350586
11000,mha_rope,42,1,3,0.060404155403375626,0.06328663229942322,2.0105886459350586
11000,mha_rope,42,1,4,0.05979451537132263,0.06017182022333145,2.0105886459350586
11000,mha_rope,42,1,5,0.06149871647357941,0.057065416127443314,2.0105886459350586
11000,mha_rope,42,1,6,0.07467437535524368,0.06883499026298523,2.0105886459350586
11000,mha_rope,42,1,7,0.06635040044784546,0.06345365941524506,2.0105886459350586
11000,mha_rope,42,1,8,0.05450917407870293,0.05841187760233879,2.0105886459350586
11000,mha_rope,42,1,9,0.05817769467830658,0.06173903867602348,2.0105886459350586
11000,mha_rope,42,1,10,0.06409891694784164,0.06618092954158783,2.0105886459350586
11000,mha_rope,42,1,11,0.06399749964475632,0.05727221071720123,2.0105886459350586
11000,mha_rope,42,1,12,0.06512308865785599,0.06264622509479523,2.0105886459350586
11000,mha_rope,42,1,13,0.06704895198345184,0.08066035062074661,2.0105886459350586
11000,mha_rope,42,1,14,0.05758778750896454,0.060119252651929855,2.0105886459350586
11000,mha_rope,42,1,15,0.056585490703582764,0.049857255071401596,2.0105886459350586
11000,mha_rope,42,2,0,0.06802958250045776,0.06754003465175629,1.589759349822998
11000,mha_rope,42,2,1,0.03952524811029434,0.04984944313764572,1.589759349822998
11000,mha_rope,42,2,2,0.09152252227067947,0.07895751297473907,1.589759349822998
11000,mha_rope,42,2,3,0.042992450296878815,0.05276468023657799,1.589759349822998
11000,mha_rope,42,2,4,0.04247172176837921,0.043200843036174774,1.589759349822998
11000,mha_rope,42,2,5,0.07724263519048691,0.08528663963079453,1.589759349822998
11000,mha_rope,42,2,6,0.05543874204158783,0.05784822627902031,1.589759349822998
11000,mha_rope,42,2,7,0.054527487605810165,0.051124125719070435,1.589759349822998
11000,mha_rope,42,2,8,0.07945587486028671,0.07133892178535461,1.589759349822998
11000,mha_rope,42,2,9,0.05941670760512352,0.05801192671060562,1.589759349822998
11000,mha_rope,42,2,10,0.059927672147750854,0.05847814679145813,1.589759349822998
11000,mha_rope,42,2,11,0.07058176398277283,0.065154530107975,1.589759349822998
11000,mha_rope,42,2,12,0.04321838542819023,0.044674526900053024,1.589759349822998
11000,mha_rope,42,2,13,0.05871633067727089,0.06686929613351822,1.589759349822998
11000,mha_rope,42,2,14,0.10109608620405197,0.08638652414083481,1.589759349822998
11000,mha_rope,42,2,15,0.055836793035268784,0.06251473724842072,1.589759349822998
11000,mha_rope,42,3,0,0.06271535158157349,0.060159001499414444,1.2918115854263306
11000,mha_rope,42,3,1,0.03791554644703865,0.04113610088825226,1.2918115854263306
11000,mha_rope,42,3,2,0.050564881414175034,0.05403061583638191,1.2918115854263306
11000,mha_rope,42,3,3,0.07055552303791046,0.06713637709617615,1.2918115854263306
11000,mha_rope,42,3,4,0.05112752318382263,0.058818161487579346,1.2918115854263306
11000,mha_rope,42,3,5,0.10815002769231796,0.10114999115467072,1.2918115854263306
11000,mha_rope,42,3,6,0.035810649394989014,0.0359724722802639,1.2918115854263306
11000,mha_rope,42,3,7,0.0668983981013298,0.056166764348745346,1.2918115854263306
11000,mha_rope,42,3,8,0.060629475861787796,0.06370879709720612,1.2918115854263306
11000,mha_rope,42,3,9,0.05445566773414612,0.06019643694162369,1.2918115854263306
11000,mha_rope,42,3,10,0.08882985264062881,0.07057536393404007,1.2918115854263306
11000,mha_rope,42,3,11,0.04544372484087944,0.056791990995407104,1.2918115854263306
11000,mha_rope,42,3,12,0.03118845634162426,0.047730423510074615,1.2918115854263306
11000,mha_rope,42,3,13,0.060296427458524704,0.05242748185992241,1.2918115854263306
11000,mha_rope,42,3,14,0.08625732362270355,0.10634919255971909,1.2918115854263306
11000,mha_rope,42,3,15,0.08916117250919342,0.06765089184045792,1.2918115854263306
11000,mha_rope,42,4,0,0.06483235955238342,0.0771305188536644,1.223865270614624
11000,mha_rope,42,4,1,0.055343322455883026,0.06876906752586365,1.223865270614624
11000,mha_rope,42,4,2,0.07371795922517776,0.06881533563137054,1.223865270614624
11000,mha_rope,42,4,3,0.04832204058766365,0.060076795518398285,1.223865270614624
11000,mha_rope,42,4,4,0.06783467531204224,0.07953459769487381,1.223865270614624
11000,mha_rope,42,4,5,0.05527150630950928,0.057786546647548676,1.223865270614624
11000,mha_rope,42,4,6,0.051474303007125854,0.05164853483438492,1.223865270614624
11000,mha_rope,42,4,7,0.07608184963464737,0.05655887722969055,1.223865270614624
11000,mha_rope,42,4,8,0.032676391303539276,0.038215577602386475,1.223865270614624
11000,mha_rope,42,4,9,0.06370870023965836,0.062228716909885406,1.223865270614624
11000,mha_rope,42,4,10,0.07478546351194382,0.0751686617732048,1.223865270614624
11000,mha_rope,42,4,11,0.04919067397713661,0.045545510947704315,1.223865270614624
11000,mha_rope,42,4,12,0.04011820629239082,0.0422024205327034,1.223865270614624
11000,mha_rope,42,4,13,0.08157582581043243,0.08064652234315872,1.223865270614624
11000,mha_rope,42,4,14,0.1047382578253746,0.07474847882986069,1.223865270614624
11000,mha_rope,42,4,15,0.06032847240567207,0.0609239786863327,1.223865270614624
11000,mha_rope,42,5,0,0.07158416509628296,0.08228950947523117,1.521406650543213
11000,mha_rope,42,5,1,0.05901957303285599,0.05585971847176552,1.521406650543213
11000,mha_rope,42,5,2,0.05522613599896431,0.06453602761030197,1.521406650543213
11000,mha_rope,42,5,3,0.0628192126750946,0.06817898154258728,1.521406650543213
11000,mha_rope,42,5,4,0.07994883507490158,0.07442500442266464,1.521406650543213
11000,mha_rope,42,5,5,0.07288268953561783,0.05798429623246193,1.521406650543213
11000,mha_rope,42,5,6,0.029128925874829292,0.03274061530828476,1.521406650543213
11000,mha_rope,42,5,7,0.051785990595817566,0.05135602131485939,1.521406650543213
11000,mha_rope,42,5,8,0.08519378304481506,0.08737964928150177,1.521406650543213
11000,mha_rope,42,5,9,0.03781545162200928,0.042279839515686035,1.521406650543213
11000,mha_rope,42,5,10,0.04973195493221283,0.06454300880432129,1.521406650543213
11000,mha_rope,42,5,11,0.07588908076286316,0.06237991899251938,1.521406650543213
11000,mha_rope,42,5,12,0.0361868292093277,0.0383768230676651,1.521406650543213
11000,mha_rope,42,5,13,0.05180613324046135,0.05482722073793411,1.521406650543213
11000,mha_rope,42,5,14,0.0750439465045929,0.07145027071237564,1.521406650543213
11000,mha_rope,42,5,15,0.10593729466199875,0.0913928672671318,1.521406650543213
11500,mha_rope,42,1,0,0.06778137385845184,0.06327485293149948,2.011814832687378
11500,mha_rope,42,1,1,0.05632873624563217,0.06657922267913818,2.011814832687378
11500,mha_rope,42,1,2,0.07981424778699875,0.06982454657554626,2.011814832687378
11500,mha_rope,42,1,3,0.05756784975528717,0.0616975836455822,2.011814832687378
11500,mha_rope,42,1,4,0.059107158333063126,0.05941584333777428,2.011814832687378
11500,mha_rope,42,1,5,0.0599212646484375,0.055908605456352234,2.011814832687378
11500,mha_rope,42,1,6,0.06526356935501099,0.06263791024684906,2.011814832687378
11500,mha_rope,42,1,7,0.06140197813510895,0.0606473907828331,2.011814832687378
11500,mha_rope,42,1,8,0.05705098435282707,0.06019933521747589,2.011814832687378
11500,mha_rope,42,1,9,0.057952575385570526,0.06152486056089401,2.011814832687378
11500,mha_rope,42,1,10,0.05936380848288536,0.06437880545854568,2.011814832687378
11500,mha_rope,42,1,11,0.06871124356985092,0.058419495820999146,2.011814832687378
11500,mha_rope,42,1,12,0.0664716586470604,0.06389464437961578,2.011814832687378
11500,mha_rope,42,1,13,0.06617096066474915,0.07977889478206635,2.011814832687378
11500,mha_rope,42,1,14,0.057376403361558914,0.05934273451566696,2.011814832687378
11500,mha_rope,42,1,15,0.05971618741750717,0.052475299686193466,2.011814832687378
11500,mha_rope,42,2,0,0.07055674493312836,0.06952367722988129,1.5848870277404785
11500,mha_rope,42,2,1,0.037140198051929474,0.04752108454704285,1.5848870277404785
11500,mha_rope,42,2,2,0.09030354768037796,0.07783891260623932,1.5848870277404785
11500,mha_rope,42,2,3,0.04476318508386612,0.05358607694506645,1.5848870277404785
11500,mha_rope,42,2,4,0.03973348066210747,0.041049424558877945,1.5848870277404785
11500,mha_rope,42,2,5,0.07245086878538132,0.08038174360990524,1.5848870277404785
11500,mha_rope,42,2,6,0.05647776275873184,0.05873236805200577,1.5848870277404785
11500,mha_rope,42,2,7,0.057039592415094376,0.05376759171485901,1.5848870277404785
11500,mha_rope,42,2,8,0.08256174623966217,0.0743420347571373,1.5848870277404785
11500,mha_rope,42,2,9,0.062372539192438126,0.06040157377719879,1.5848870277404785
11500,mha_rope,42,2,10,0.05623423308134079,0.05589228495955467,1.5848870277404785
11500,mha_rope,42,2,11,0.07245778292417526,0.06785726547241211,1.5848870277404785
11500,mha_rope,42,2,12,0.04356018081307411,0.04503598436713219,1.5848870277404785
11500,mha_rope,42,2,13,0.05658172443509102,0.06452508270740509,1.5848870277404785
11500,mha_rope,42,2,14,0.10284891724586487,0.08765356987714767,1.5848870277404785
11500,mha_rope,42,2,15,0.05491749942302704,0.061891358345746994,1.5848870277404785
11500,mha_rope,42,3,0,0.06359527260065079,0.06033870205283165,1.2943224906921387
11500,mha_rope,42,3,1,0.03917226195335388,0.04224543645977974,1.2943224906921387
11500,mha_rope,42,3,2,0.04948282986879349,0.0531778447329998,1.2943224906921387
11500,mha_rope,42,3,3,0.06985066831111908,0.06553301215171814,1.2943224906921387
11500,mha_rope,42,3,4,0.05052541196346283,0.058570314198732376,1.2943224906921387
11500,mha_rope,42,3,5,0.10685323178768158,0.09925227612257004,1.2943224906921387
11500,mha_rope,42,3,6,0.03761586546897888,0.038350339978933334,1.2943224906921387
11500,mha_rope,42,3,7,0.06649810820817947,0.055661775171756744,1.2943224906921387
11500,mha_rope,42,3,8,0.05875803530216217,0.06329798698425293,1.2943224906921387
11500,mha_rope,42,3,9,0.05434112623333931,0.06171635910868645,1.2943224906921387
11500,mha_rope,42,3,10,0.08963572233915329,0.07207009941339493,1.2943224906921387
11500,mha_rope,42,3,11,0.04613098129630089,0.05691748857498169,1.2943224906921387
11500,mha_rope,42,3,12,0.03253112733364105,0.04912741482257843,1.2943224906921387
11500,mha_rope,42,3,13,0.06324035674333572,0.054358113557100296,1.2943224906921387
11500,mha_rope,42,3,14,0.0862191766500473,0.10469561070203781,1.2943224906921387
11500,mha_rope,42,3,15,0.08554982393980026,0.06468706578016281,1.2943224906921387
11500,mha_rope,42,4,0,0.06420806795358658,0.07741324603557587,1.2267578840255737
11500,mha_rope,42,4,1,0.05537699535489082,0.06855221837759018,1.2267578840255737
11500,mha_rope,42,4,2,0.07264108955860138,0.06703619658946991,1.2267578840255737
11500,mha_rope,42,4,3,0.050262246280908585,0.0615832582116127,1.2267578840255737
11500,mha_rope,42,4,4,0.06859110295772552,0.0811733826994896,1.2267578840255737
11500,mha_rope,42,4,5,0.05515401065349579,0.05761260166764259,1.2267578840255737
11500,mha_rope,42,4,6,0.0519987978041172,0.051762983202934265,1.2267578840255737
11500,mha_rope,42,4,7,0.07667449861764908,0.05696995556354523,1.2267578840255737
11500,mha_rope,42,4,8,0.034485675394535065,0.03919420391321182,1.2267578840255737
11500,mha_rope,42,4,9,0.0652676373720169,0.06365539878606796,1.2267578840255737
11500,mha_rope,42,4,10,0.07348816096782684,0.07459592074155807,1.2267578840255737
11500,mha_rope,42,4,11,0.04896962642669678,0.04569477215409279,1.2267578840255737
11500,mha_rope,42,4,12,0.041719768196344376,0.043508194386959076,1.2267578840255737
11500,mha_rope,42,4,13,0.07979950308799744,0.07771266996860504,1.2267578840255737
11500,mha_rope,42,4,14,0.10496673732995987,0.07467242330312729,1.2267578840255737
11500,mha_rope,42,4,15,0.05639607831835747,0.05886252596974373,1.2267578840255737
11500,mha_rope,42,5,0,0.07156158238649368,0.08167128264904022,1.5213260650634766
11500,mha_rope,42,5,1,0.05878183990716934,0.05658302828669548,1.5213260650634766
11500,mha_rope,42,5,2,0.053401488810777664,0.062471192330121994,1.5213260650634766
11500,mha_rope,42,5,3,0.061656393110752106,0.06703007966279984,1.5213260650634766
11500,mha_rope,42,5,4,0.07940938323736191,0.07233867049217224,1.5213260650634766
11500,mha_rope,42,5,5,0.07241801172494888,0.05844338238239288,1.5213260650634766
11500,mha_rope,42,5,6,0.03150828182697296,0.035370275378227234,1.5213260650634766
11500,mha_rope,42,5,7,0.050337523221969604,0.0505095049738884,1.5213260650634766
11500,mha_rope,42,5,8,0.08558115363121033,0.08883998543024063,1.5213260650634766
11500,mha_rope,42,5,9,0.039546407759189606,0.04377903789281845,1.5213260650634766
11500,mha_rope,42,5,10,0.05076202377676964,0.06576773524284363,1.5213260650634766
11500,mha_rope,42,5,11,0.07554585486650467,0.06181759387254715,1.5213260650634766
11500,mha_rope,42,5,12,0.039405111223459244,0.04057415574789047,1.5213260650634766
11500,mha_rope,42,5,13,0.05185139924287796,0.05496015399694443,1.5213260650634766
11500,mha_rope,42,5,14,0.07428345084190369,0.07164277136325836,1.5213260650634766
11500,mha_rope,42,5,15,0.10395009070634842,0.08820119500160217,1.5213260650634766
12000,mha_rope,42,1,0,0.06858327239751816,0.06438060104846954,1.9994690418243408
12000,mha_rope,42,1,1,0.054083455353975296,0.06444285809993744,1.9994690418243408
12000,mha_rope,42,1,2,0.07661712914705276,0.06662037968635559,1.9994690418243408
12000,mha_rope,42,1,3,0.05856933444738388,0.06227515637874603,1.9994690418243408
12000,mha_rope,42,1,4,0.056311849504709244,0.05783909931778908,1.9994690418243408
12000,mha_rope,42,1,5,0.0650869756937027,0.05923489108681679,1.9994690418243408
12000,mha_rope,42,1,6,0.06967681646347046,0.06521251052618027,1.9994690418243408
12000,mha_rope,42,1,7,0.06713561713695526,0.06443927437067032,1.9994690418243408
12000,mha_rope,42,1,8,0.056374818086624146,0.06083926558494568,1.9994690418243408
12000,mha_rope,42,1,9,0.060152892023324966,0.06389274448156357,1.9994690418243408
12000,mha_rope,42,1,10,0.05820932984352112,0.06423250585794449,1.9994690418243408
12000,mha_rope,42,1,11,0.06792572140693665,0.05827469006180763,1.9994690418243408
12000,mha_rope,42,1,12,0.06273701786994934,0.061717186123132706,1.9994690418243408
12000,mha_rope,42,1,13,0.0647226944565773,0.07630971819162369,1.9994690418243408
12000,mha_rope,42,1,14,0.05721639096736908,0.060034483671188354,1.9994690418243408
12000,mha_rope,42,1,15,0.05659668147563934,0.05025456100702286,1.9994690418243408
12000,mha_rope,42,2,0,0.0689004510641098,0.06727339327335358,1.5846400260925293
12000,mha_rope,42,2,1,0.03770029544830322,0.047813065350055695,1.5846400260925293
12000,mha_rope,42,2,2,0.09242869168519974,0.07884318381547928,1.5846400260925293
12000,mha_rope,42,2,3,0.04227945953607559,0.052790023386478424,1.5846400260925293
12000,mha_rope,42,2,4,0.04130767658352852,0.041939470916986465,1.5846400260925293
12000,mha_rope,42,2,5,0.07180023193359375,0.07996637374162674,1.5846400260925293
12000,mha_rope,42,2,6,0.05663136765360832,0.05914344638586044,1.5846400260925293
12000,mha_rope,42,2,7,0.05417673662304878,0.0514383539557457,1.5846400260925293
12000,mha_rope,42,2,8,0.08022715151309967,0.07153975963592529,1.5846400260925293
12000,mha_rope,42,2,9,0.06084584444761276,0.05984936282038689,1.5846400260925293
12000,mha_rope,42,2,10,0.06050119921565056,0.05857468396425247,1.5846400260925293
12000,mha_rope,42,2,11,0.07262908667325974,0.06760742515325546,1.5846400260925293
12000,mha_rope,42,2,12,0.044562987983226776,0.045677341520786285,1.5846400260925293
12000,mha_rope,42,2,13,0.05597890168428421,0.06440291553735733,1.5846400260925293
12000,mha_rope,42,2,14,0.1037558987736702,0.09026595950126648,1.5846400260925293
12000,mha_rope,42,2,15,0.05627400800585747,0.0628751590847969,1.5846400260925293
12000,mha_rope,42,3,0,0.06451395899057388,0.06137543544173241,1.2923400402069092
12000,mha_rope,42,3,1,0.03875671327114105,0.041861459612846375,1.2923400402069092
12000,mha_rope,42,3,2,0.04913879558444023,0.05243602395057678,1.2923400402069092
12000,mha_rope,42,3,3,0.07085490226745605,0.06699708849191666,1.2923400402069092
12000,mha_rope,42,3,4,0.05152221769094467,0.059483349323272705,1.2923400402069092
12000,mha_rope,42,3,5,0.10479065030813217,0.0972369909286499,1.2923400402069092
12000,mha_rope,42,3,6,0.0364227294921875,0.03679599240422249,1.2923400402069092
12000,mha_rope,42,3,7,0.07058420777320862,0.05961357057094574,1.2923400402069092
12000,mha_rope,42,3,8,0.060980938374996185,0.06460841000080109,1.2923400402069092
12000,mha_rope,42,3,9,0.053526509553194046,0.06010614335536957,1.2923400402069092
12000,mha_rope,42,3,10,0.08691009879112244,0.06994851678609848,1.2923400402069092
12000,mha_rope,42,3,11,0.04468322917819023,0.05663677304983139,1.2923400402069092
12000,mha_rope,42,3,12,0.030704548582434654,0.04823845997452736,1.2923400402069092
12000,mha_rope,42,3,13,0.0635383129119873,0.05445176362991333,1.2923400402069092
12000,mha_rope,42,3,14,0.0854962170124054,0.1039852648973465,1.2923400402069092
12000,mha_rope,42,3,15,0.0875759869813919,0.06622465699911118,1.2923400402069092
12000,mha_rope,42,4,0,0.061876118183135986,0.07467544078826904,1.2228254079818726
12000,mha_rope,42,4,1,0.05427144467830658,0.06830299645662308,1.2228254079818726
12000,mha_rope,42,4,2,0.07414062321186066,0.06881764531135559,1.2228254079818726
12000,mha_rope,42,4,3,0.04974476993083954,0.06133974716067314,1.2228254079818726
12000,mha_rope,42,4,4,0.0680701732635498,0.08004890382289886,1.2228254079818726
12000,mha_rope,42,4,5,0.05690867081284523,0.05945515260100365,1.2228254079818726
12000,mha_rope,42,4,6,0.052922364324331284,0.05310472846031189,1.2228254079818726
12000,mha_rope,42,4,7,0.07925364375114441,0.05856047198176384,1.2228254079818726
12000,mha_rope,42,4,8,0.03324178233742714,0.03877441585063934,1.2228254079818726
12000,mha_rope,42,4,9,0.0634143054485321,0.06271053105592728,1.2228254079818726
12000,mha_rope,42,4,10,0.07210662961006165,0.07346852123737335,1.2228254079818726
12000,mha_rope,42,4,11,0.04681488126516342,0.043989766389131546,1.2228254079818726
12000,mha_rope,42,4,12,0.0414925143122673,0.042420562356710434,1.2228254079818726
12000,mha_rope,42,4,13,0.08123239874839783,0.07889826595783234,1.2228254079818726
12000,mha_rope,42,4,14,0.10553955286741257,0.07546471059322357,1.2228254079818726
12000,mha_rope,42,4,15,0.0589701347053051,0.05996828153729439,1.2228254079818726
12000,mha_rope,42,5,0,0.07148753106594086,0.08189618587493896,1.511713981628418
12000,mha_rope,42,5,1,0.061828307807445526,0.05856472626328468,1.511713981628418
12000,mha_rope,42,5,2,0.05325154587626457,0.06166952848434448,1.511713981628418
12000,mha_rope,42,5,3,0.06150298938155174,0.0664399117231369,1.511713981628418
12000,mha_rope,42,5,4,0.07984679937362671,0.07395787537097931,1.511713981628418
12000,mha_rope,42,5,5,0.0712476596236229,0.05759667605161667,1.511713981628418
12000,mha_rope,42,5,6,0.02906901016831398,0.03357194736599922,1.511713981628418
12000,mha_rope,42,5,7,0.051624756306409836,0.0516810417175293,1.511713981628418
12000,mha_rope,42,5,8,0.08442596346139908,0.08707261085510254,1.511713981628418
12000,mha_rope,42,5,9,0.03855692595243454,0.04315071925520897,1.511713981628418
12000,mha_rope,42,5,10,0.04976257309317589,0.064405657351017,1.511713981628418
12000,mha_rope,42,5,11,0.0773143544793129,0.0630987286567688,1.511713981628418
12000,mha_rope,42,5,12,0.03745941072702408,0.039484504610300064,1.511713981628418
12000,mha_rope,42,5,13,0.052535805851221085,0.05545297637581825,1.511713981628418
12000,mha_rope,42,5,14,0.07472605258226395,0.07146395742893219,1.511713981628418
12000,mha_rope,42,5,15,0.10536031424999237,0.09049293398857117,1.511713981628418
12500,mha_rope,42,1,0,0.06746745109558105,0.0634666159749031,1.993804931640625
12500,mha_rope,42,1,1,0.053169962018728256,0.06463343650102615,1.993804931640625
12500,mha_rope,42,1,2,0.0793011486530304,0.06830718368291855,1.993804931640625
12500,mha_rope,42,1,3,0.06227671355009079,0.0646216869354248,1.993804931640625
12500,mha_rope,42,1,4,0.05846313387155533,0.059203390032052994,1.993804931640625
12500,mha_rope,42,1,5,0.0622730515897274,0.057396553456783295,1.993804931640625
12500,mha_rope,42,1,6,0.06915578246116638,0.06589861214160919,1.993804931640625
12500,mha_rope,42,1,7,0.06275105476379395,0.06169070675969124,1.993804931640625
12500,mha_rope,42,1,8,0.05664632096886635,0.06032507121562958,1.993804931640625
12500,mha_rope,42,1,9,0.056860554963350296,0.061647314578294754,1.993804931640625
12500,mha_rope,42,1,10,0.06933370232582092,0.06890752166509628,1.993804931640625
12500,mha_rope,42,1,11,0.06493479758501053,0.05691990628838539,1.993804931640625
12500,mha_rope,42,1,12,0.05970560759305954,0.059119973331689835,1.993804931640625
12500,mha_rope,42,1,13,0.06637756526470184,0.07995188981294632,1.993804931640625
12500,mha_rope,42,1,14,0.055648598819971085,0.05875255540013313,1.993804931640625
12500,mha_rope,42,1,15,0.05563456192612648,0.04915769398212433,1.993804931640625
12500,mha_rope,42,2,0,0.06904134154319763,0.06677796691656113,1.5866217613220215
12500,mha_rope,42,2,1,0.037342529743909836,0.04781869426369667,1.5866217613220215
12500,mha_rope,42,2,2,0.09423746913671494,0.08009185642004013,1.5866217613220215
12500,mha_rope,42,2,3,0.04294687882065773,0.05334250628948212,1.5866217613220215
12500,mha_rope,42,2,4,0.0412718690931797,0.042180683463811874,1.5866217613220215
12500,mha_rope,42,2,5,0.07519876956939697,0.08331949263811111,1.5866217613220215
12500,mha_rope,42,2,6,0.056992899626493454,0.06015460193157196,1.5866217613220215
12500,mha_rope,42,2,7,0.05572306364774704,0.05244891718029976,1.5866217613220215
12500,mha_rope,42,2,8,0.08053222298622131,0.07266847789287567,1.5866217613220215
12500,mha_rope,42,2,9,0.0627879872918129,0.06026457995176315,1.5866217613220215
12500,mha_rope,42,2,10,0.05711863189935684,0.05613427981734276,1.5866217613220215
12500,mha_rope,42,2,11,0.07034403830766678,0.06595498323440552,1.5866217613220215
12500,mha_rope,42,2,12,0.043322958052158356,0.04464070871472359,1.5866217613220215
12500,mha_rope,42,2,13,0.05601318180561066,0.0641992837190628,1.5866217613220215
12500,mha_rope,42,2,14,0.10214497894048691,0.087151437997818,1.5866217613220215
12500,mha_rope,42,2,15,0.05498117953538895,0.06285154074430466,1.5866217613220215
12500,mha_rope,42,3,0,0.06293640285730362,0.060455869883298874,1.301184058189392
12500,mha_rope,42,3,1,0.03870554640889168,0.041714418679475784,1.301184058189392
12500,mha_rope,42,3,2,0.04719797894358635,0.050317712128162384,1.301184058189392
12500,mha_rope,42,3,3,0.0707252025604248,0.06616590172052383,1.301184058189392
12500,mha_rope,42,3,4,0.05089813098311424,0.05921200290322304,1.301184058189392
12500,mha_rope,42,3,5,0.10807566344738007,0.10048747062683105,1.301184058189392
12500,mha_rope,42,3,6,0.035361532121896744,0.03629210218787193,1.301184058189392
12500,mha_rope,42,3,7,0.06672607362270355,0.05644237995147705,1.301184058189392
12500,mha_rope,42,3,8,0.05945688858628273,0.06322816014289856,1.301184058189392
12500,mha_rope,42,3,9,0.055508218705654144,0.06076660007238388,1.301184058189392
12500,mha_rope,42,3,10,0.08961740881204605,0.07168103754520416,1.301184058189392
12500,mha_rope,42,3,11,0.04529612138867378,0.057177308946847916,1.301184058189392
12500,mha_rope,42,3,12,0.032766927033662796,0.04898032173514366,1.301184058189392
12500,mha_rope,42,3,13,0.06119079515337944,0.05381617322564125,1.301184058189392
12500,mha_rope,42,3,14,0.08655466884374619,0.10648193210363388,1.301184058189392
12500,mha_rope,42,3,15,0.08898244053125381,0.06678064912557602,1.301184058189392
12500,mha_rope,42,4,0,0.06220804899930954,0.0750817134976387,1.2196900844573975
12500,mha_rope,42,4,1,0.0550333671271801,0.06882257759571075,1.2196900844573975
12500,mha_rope,42,4,2,0.07264292240142822,0.06705429404973984,1.2196900844573975
12500,mha_rope,42,4,3,0.047598470002412796,0.058516789227724075,1.2196900844573975
12500,mha_rope,42,4,4,0.06965027004480362,0.08256446570158005,1.2196900844573975
12500,mha_rope,42,4,5,0.05546824261546135,0.05815340578556061,1.2196900844573975
12500,mha_rope,42,4,6,0.05165679752826691,0.05215834826231003,1.2196900844573975
12500,mha_rope,42,4,7,0.08016123622655869,0.05956185609102249,1.2196900844573975
12500,mha_rope,42,4,8,0.03429779037833214,0.03958797827363014,1.2196900844573975
12500,mha_rope,42,4,9,0.06536255031824112,0.06278327852487564,1.2196900844573975
12500,mha_rope,42,4,10,0.07526316493749619,0.07640667259693146,1.2196900844573975
12500,mha_rope,42,4,11,0.0461750291287899,0.04420590400695801,1.2196900844573975
12500,mha_rope,42,4,12,0.03937011584639549,0.041110504418611526,1.2196900844573975
12500,mha_rope,42,4,13,0.08113047480583191,0.07945012301206589,1.2196900844573975
12500,mha_rope,42,4,14,0.10466746240854263,0.07373414933681488,1.2196900844573975
12500,mha_rope,42,4,15,0.0593140684068203,0.06080804765224457,1.2196900844573975
12500,mha_rope,42,5,0,0.07260630279779434,0.08335671573877335,1.5005788803100586
12500,mha_rope,42,5,1,0.06067657470703125,0.05768648907542229,1.5005788803100586
12500,mha_rope,42,5,2,0.05354929715394974,0.06196313351392746,1.5005788803100586
12500,mha_rope,42,5,3,0.06173288822174072,0.0667174682021141,1.5005788803100586
12500,mha_rope,42,5,4,0.07835429161787033,0.07254450768232346,1.5005788803100586
12500,mha_rope,42,5,5,0.07281026244163513,0.0580872967839241,1.5005788803100586
12500,mha_rope,42,5,6,0.027964884415268898,0.03267388418316841,1.5005788803100586
12500,mha_rope,42,5,7,0.05146687850356102,0.05117279291152954,1.5005788803100586
12500,mha_rope,42,5,8,0.08454325050115585,0.08679609000682831,1.5005788803100586
12500,mha_rope,42,5,9,0.03721038997173309,0.04131573066115379,1.5005788803100586
12500,mha_rope,42,5,10,0.04995005205273628,0.06520450115203857,1.5005788803100586
12500,mha_rope,42,5,11,0.07861562073230743,0.06504130363464355,1.5005788803100586
12500,mha_rope,42,5,12,0.038698017597198486,0.03959756717085838,1.5005788803100586
12500,mha_rope,42,5,13,0.0504608154296875,0.054007600992918015,1.5005788803100586
12500,mha_rope,42,5,14,0.07626821100711823,0.07289845496416092,1.5005788803100586
12500,mha_rope,42,5,15,0.10509226471185684,0.09093648195266724,1.5005788803100586
13000,mha_rope,42,1,0,0.06433074921369553,0.061312515288591385,1.979459285736084
13000,mha_rope,42,1,1,0.05244486406445503,0.0640149638056755,1.979459285736084
13000,mha_rope,42,1,2,0.0787455216050148,0.06787845492362976,1.979459285736084
13000,mha_rope,42,1,3,0.05861358717083931,0.06195725128054619,1.979459285736084
13000,mha_rope,42,1,4,0.05764668807387352,0.059015534818172455,1.979459285736084
13000,mha_rope,42,1,5,0.06444274634122849,0.05856183543801308,1.979459285736084
13000,mha_rope,42,1,6,0.06887898594141006,0.06463286280632019,1.979459285736084
13000,mha_rope,42,1,7,0.06377695500850677,0.06200319156050682,1.979459285736084
13000,mha_rope,42,1,8,0.055430296808481216,0.060246046632528305,1.979459285736084
13000,mha_rope,42,1,9,0.05982787907123566,0.06406551599502563,1.979459285736084
13000,mha_rope,42,1,10,0.06461089849472046,0.0666673332452774,1.979459285736084
13000,mha_rope,42,1,11,0.06795613467693329,0.05850017070770264,1.979459285736084
13000,mha_rope,42,1,12,0.06248311325907707,0.060771141201257706,1.979459285736084
13000,mha_rope,42,1,13,0.06713053584098816,0.08102449774742126,1.979459285736084
13000,mha_rope,42,1,14,0.05662139877676964,0.059340909123420715,1.979459285736084
13000,mha_rope,42,1,15,0.0570596307516098,0.05000775679945946,1.979459285736084
13000,mha_rope,42,2,0,0.06917084008455276,0.06779322028160095,1.5786060094833374
13000,mha_rope,42,2,1,0.03552388399839401,0.04600973054766655,1.5786060094833374
13000,mha_rope,42,2,2,0.09365295618772507,0.08132094144821167,1.5786060094833374
13000,mha_rope,42,2,3,0.044951170682907104,0.054812222719192505,1.5786060094833374
13000,mha_rope,42,2,4,0.04092661663889885,0.04161940515041351,1.5786060094833374
13000,mha_rope,42,2,5,0.07261810451745987,0.08097150921821594,1.5786060094833374
13000,mha_rope,42,2,6,0.057990215718746185,0.06051686778664589,1.5786060094833374
13000,mha_rope,42,2,7,0.05565734952688217,0.05267863720655441,1.5786060094833374
13000,mha_rope,42,2,8,0.08172821253538132,0.07310570031404495,1.5786060094833374
13000,mha_rope,42,2,9,0.06309966742992401,0.05996723845601082,1.5786060094833374
13000,mha_rope,42,2,10,0.05593424662947655,0.05481154844164848,1.5786060094833374
13000,mha_rope,42,2,11,0.07137797027826309,0.06658380478620529,1.5786060094833374
13000,mha_rope,42,2,12,0.04441314563155174,0.04584087058901787,1.5786060094833374
13000,mha_rope,42,2,13,0.05520813167095184,0.0637456402182579,1.5786060094833374
13000,mha_rope,42,2,14,0.10188201814889908,0.08749985694885254,1.5786060094833374
13000,mha_rope,42,2,15,0.05586547777056694,0.06272275745868683,1.5786060094833374
13000,mha_rope,42,3,0,0.06477762758731842,0.06166582182049751,1.2998082637786865
13000,mha_rope,42,3,1,0.03838246688246727,0.041483327746391296,1.2998082637786865
13000,mha_rope,42,3,2,0.049602966755628586,0.053123682737350464,1.2998082637786865
13000,mha_rope,42,3,3,0.07214578986167908,0.06757406145334244,1.2998082637786865
13000,mha_rope,42,3,4,0.049629922956228256,0.05748049542307854,1.2998082637786865
13000,mha_rope,42,3,5,0.10638488829135895,0.09977935254573822,1.2998082637786865
13000,mha_rope,42,3,6,0.036055807024240494,0.036981984972953796,1.2998082637786865
13000,mha_rope,42,3,7,0.06810567528009415,0.05677802860736847,1.2998082637786865
13000,mha_rope,42,3,8,0.058734435588121414,0.06331058591604233,1.2998082637786865
13000,mha_rope,42,3,9,0.05342651531100273,0.059916120022535324,1.2998082637786865
13000,mha_rope,42,3,10,0.08731872588396072,0.06878061592578888,1.2998082637786865
13000,mha_rope,42,3,11,0.04642476513981819,0.05840932950377464,1.2998082637786865
13000,mha_rope,42,3,12,0.03155466541647911,0.04809185862541199,1.2998082637786865
13000,mha_rope,42,3,13,0.06407633423805237,0.05542675778269768,1.2998082637786865
13000,mha_rope,42,3,14,0.08713246881961823,0.10621283948421478,1.2998082637786865
13000,mha_rope,42,3,15,0.08624694496393204,0.06498503684997559,1.2998082637786865
13000,mha_rope,42,4,0,0.06392557919025421,0.0765540599822998,1.222739338874817
13000,mha_rope,42,4,1,0.055052388459444046,0.06908394396305084,1.222739338874817
13000,mha_rope,42,4,2,0.0738685131072998,0.06859700381755829,1.222739338874817
13000,mha_rope,42,4,3,0.048797912895679474,0.060757800936698914,1.222739338874817
13000,mha_rope,42,4,4,0.06863678246736526,0.08090385794639587,1.222739338874817
13000,mha_rope,42,4,5,0.055817872285842896,0.05867365002632141,1.222739338874817
13000,mha_rope,42,4,6,0.05152781307697296,0.05186684429645538,1.222739338874817
13000,mha_rope,42,4,7,0.07609761506319046,0.05631057173013687,1.222739338874817
13000,mha_rope,42,4,8,0.03280731290578842,0.0380721315741539,1.222739338874817
13000,mha_rope,42,4,9,0.062147725373506546,0.06160007417201996,1.222739338874817
13000,mha_rope,42,4,10,0.07475941628217697,0.0755586326122284,1.222739338874817
13000,mha_rope,42,4,11,0.04692545533180237,0.043721284717321396,1.222739338874817
13000,mha_rope,42,4,12,0.04278706759214401,0.042835552245378494,1.222739338874817
13000,mha_rope,42,4,13,0.08139048516750336,0.0791105106472969,1.222739338874817
13000,mha_rope,42,4,14,0.10690541565418243,0.07644274830818176,1.222739338874817
13000,mha_rope,42,4,15,0.05855265259742737,0.059911347925662994,1.222739338874817
13000,mha_rope,42,5,0,0.07089609652757645,0.08126694709062576,1.5043559074401855
13000,mha_rope,42,5,1,0.060600992292165756,0.0574001744389534,1.5043559074401855
13000,mha_rope,42,5,2,0.05425109714269638,0.062232792377471924,1.5043559074401855
13000,mha_rope,42,5,3,0.060538940131664276,0.06572946906089783,1.5043559074401855
13000,mha_rope,42,5,4,0.07949402183294296,0.074555903673172,1.5043559074401855
13000,mha_rope,42,5,5,0.0729268416762352,0.059205543249845505,1.5043559074401855
13000,mha_rope,42,5,6,0.029190368950366974,0.03326237574219704,1.5043559074401855
13000,mha_rope,42,5,7,0.05154815688729286,0.051137473434209824,1.5043559074401855
13000,mha_rope,42,5,8,0.08456746488809586,0.08649720996618271,1.5043559074401855
13000,mha_rope,42,5,9,0.037873536348342896,0.041084129363298416,1.5043559074401855
13000,mha_rope,42,5,10,0.05035847797989845,0.06590086966753006,1.5043559074401855
13000,mha_rope,42,5,11,0.07623393088579178,0.06294207274913788,1.5043559074401855
13000,mha_rope,42,5,12,0.03942809998989105,0.04086442291736603,1.5043559074401855
13000,mha_rope,42,5,13,0.05054158344864845,0.05434072017669678,1.5043559074401855
13000,mha_rope,42,5,14,0.07693817466497421,0.07402072101831436,1.5043559074401855
13000,mha_rope,42,5,15,0.10461222380399704,0.08955929428339005,1.5043559074401855
13500,mha_rope,42,1,0,0.06466928869485855,0.06143055483698845,1.9847098588943481
13500,mha_rope,42,1,1,0.05368713289499283,0.06495721638202667,1.9847098588943481
13500,mha_rope,42,1,2,0.0753580704331398,0.06544588506221771,1.9847098588943481
13500,mha_rope,42,1,3,0.06039978191256523,0.06336326152086258,1.9847098588943481
13500,mha_rope,42,1,4,0.0579783134162426,0.06030309572815895,1.9847098588943481
13500,mha_rope,42,1,5,0.0652599111199379,0.05956605449318886,1.9847098588943481
13500,mha_rope,42,1,6,0.06941772252321243,0.06581933051347733,1.9847098588943481
13500,mha_rope,42,1,7,0.06620422005653381,0.06376586854457855,1.9847098588943481
13500,mha_rope,42,1,8,0.05603118985891342,0.060831665992736816,1.9847098588943481
13500,mha_rope,42,1,9,0.05719950422644615,0.06242205947637558,1.9847098588943481
13500,mha_rope,42,1,10,0.06615905463695526,0.0675777941942215,1.9847098588943481
13500,mha_rope,42,1,11,0.06471394747495651,0.057159628719091415,1.9847098588943481
13500,mha_rope,42,1,12,0.06428232789039612,0.06220516934990883,1.9847098588943481
13500,mha_rope,42,1,13,0.06443583220243454,0.07556164264678955,1.9847098588943481
13500,mha_rope,42,1,14,0.05625518783926964,0.058913715183734894,1.9847098588943481
13500,mha_rope,42,1,15,0.057948507368564606,0.05067704617977142,1.9847098588943481
13500,mha_rope,42,2,0,0.06966491788625717,0.06892627477645874,1.5797573328018188
13500,mha_rope,42,2,1,0.03820190578699112,0.04874720424413681,1.5797573328018188
13500,mha_rope,42,2,2,0.09126067906618118,0.07803229242563248,1.5797573328018188
13500,mha_rope,42,2,3,0.04425425082445145,0.05367603898048401,1.5797573328018188
13500,mha_rope,42,2,4,0.040887247771024704,0.0414355993270874,1.5797573328018188
13500,mha_rope,42,2,5,0.07331278175115585,0.08161724358797073,1.5797573328018188
13500,mha_rope,42,2,6,0.054160360246896744,0.05669800564646721,1.5797573328018188
13500,mha_rope,42,2,7,0.057005614042282104,0.05389929935336113,1.5797573328018188
13500,mha_rope,42,2,8,0.08118326961994171,0.07276342064142227,1.5797573328018188
13500,mha_rope,42,2,9,0.0635439082980156,0.06058083847165108,1.5797573328018188
13500,mha_rope,42,2,10,0.05873219668865204,0.05738255754113197,1.5797573328018188
13500,mha_rope,42,2,11,0.07140278816223145,0.06728245317935944,1.5797573328018188
13500,mha_rope,42,2,12,0.045656025409698486,0.04721944406628609,1.5797573328018188
13500,mha_rope,42,2,13,0.054787393659353256,0.06334264576435089,1.5797573328018188
13500,mha_rope,42,2,14,0.10092213749885559,0.08581281453371048,1.5797573328018188
13500,mha_rope,42,2,15,0.055024515837430954,0.0625838190317154,1.5797573328018188
13500,mha_rope,42,3,0,0.061837464570999146,0.05948080122470856,1.296661138534546
13500,mha_rope,42,3,1,0.03781941905617714,0.04069593548774719,1.296661138534546
13500,mha_rope,42,3,2,0.04803171753883362,0.05130693316459656,1.296661138534546
13500,mha_rope,42,3,3,0.07154388725757599,0.06746546924114227,1.296661138534546
13500,mha_rope,42,3,4,0.05129282549023628,0.05888623371720314,1.296661138534546
13500,mha_rope,42,3,5,0.1069793701171875,0.10048279166221619,1.296661138534546
13500,mha_rope,42,3,6,0.037307027727365494,0.03779939189553261,1.296661138534546
13500,mha_rope,42,3,7,0.06854350119829178,0.057146988809108734,1.296661138534546
13500,mha_rope,42,3,8,0.060189515352249146,0.06420719623565674,1.296661138534546
13500,mha_rope,42,3,9,0.0549977608025074,0.061211612075567245,1.296661138534546
13500,mha_rope,42,3,10,0.08817505091428757,0.07009920477867126,1.296661138534546
13500,mha_rope,42,3,11,0.04530324414372444,0.05682235583662987,1.296661138534546
13500,mha_rope,42,3,12,0.03237548843026161,0.04883601889014244,1.296661138534546
13500,mha_rope,42,3,13,0.061375733464956284,0.05469055101275444,1.296661138534546
13500,mha_rope,42,3,14,0.08632548153400421,0.10441429913043976,1.296661138534546
13500,mha_rope,42,3,15,0.08790252357721329,0.06645425409078598,1.296661138534546
13500,mha_rope,42,4,0,0.06219116225838661,0.07497482746839523,1.2242525815963745
13500,mha_rope,42,4,1,0.054627787321805954,0.06827356666326523,1.2242525815963745
13500,mha_rope,42,4,2,0.07361917942762375,0.06816020607948303,1.2242525815963745
13500,mha_rope,42,4,3,0.04827779158949852,0.060899440199136734,1.2242525815963745
13500,mha_rope,42,4,4,0.06753082573413849,0.07893838733434677,1.2242525815963745
13500,mha_rope,42,4,5,0.056068215519189835,0.05891367048025131,1.2242525815963745
13500,mha_rope,42,4,6,0.052394408732652664,0.05281549319624901,1.2242525815963745
13500,mha_rope,42,4,7,0.07925526797771454,0.05896120145916939,1.2242525815963745
13500,mha_rope,42,4,8,0.03365875408053398,0.03889872878789902,1.2242525815963745
13500,mha_rope,42,4,9,0.06220438703894615,0.06070534512400627,1.2242525815963745
13500,mha_rope,42,4,10,0.07298960536718369,0.07412435114383698,1.2242525815963745
13500,mha_rope,42,4,11,0.047905173152685165,0.0450042299926281,1.2242525815963745
13500,mha_rope,42,4,12,0.04213897883892059,0.0427953340113163,1.2242525815963745
13500,mha_rope,42,4,13,0.08138366788625717,0.07927382737398148,1.2242525815963745
13500,mha_rope,42,4,14,0.10670501738786697,0.07667994499206543,1.2242525815963745
13500,mha_rope,42,4,15,0.059049785137176514,0.06058134138584137,1.2242525815963745
13500,mha_rope,42,5,0,0.0719718411564827,0.08287179470062256,1.5050462484359741
13500,mha_rope,42,5,1,0.05922200530767441,0.056889552623033524,1.5050462484359741
13500,mha_rope,42,5,2,0.053212687373161316,0.06130339950323105,1.5050462484359741
13500,mha_rope,42,5,3,0.06203318387269974,0.06664156913757324,1.5050462484359741
13500,mha_rope,42,5,4,0.08313202112913132,0.07661128789186478,1.5050462484359741
13500,mha_rope,42,5,5,0.07112355530261993,0.05787893384695053,1.5050462484359741
13500,mha_rope,42,5,6,0.0302454624325037,0.034205492585897446,1.5050462484359741
13500,mha_rope,42,5,7,0.04914449155330658,0.050075653940439224,1.5050462484359741
13500,mha_rope,42,5,8,0.08520711213350296,0.08758284896612167,1.5050462484359741
13500,mha_rope,42,5,9,0.03793833404779434,0.0419292077422142,1.5050462484359741
13500,mha_rope,42,5,10,0.05038197711110115,0.06501303613185883,1.5050462484359741
13500,mha_rope,42,5,11,0.07735615968704224,0.06395325809717178,1.5050462484359741
13500,mha_rope,42,5,12,0.03988444060087204,0.04082026705145836,1.5050462484359741
13500,mha_rope,42,5,13,0.049895018339157104,0.05375147610902786,1.5050462484359741
13500,mha_rope,42,5,14,0.07519388943910599,0.0721493810415268,1.5050462484359741
13500,mha_rope,42,5,15,0.10405781865119934,0.08832287788391113,1.5050462484359741
14000,mha_rope,42,1,0,0.06688497215509415,0.06285291165113449,1.9760148525238037
14000,mha_rope,42,1,1,0.05430023372173309,0.06578411161899567,1.9760148525238037
14000,mha_rope,42,1,2,0.07467743009328842,0.06561857461929321,1.9760148525238037
14000,mha_rope,42,1,3,0.05891510099172592,0.06228603422641754,1.9760148525238037
14000,mha_rope,42,1,4,0.055264588445425034,0.05798245221376419,1.9760148525238037
14000,mha_rope,42,1,5,0.0640399158000946,0.05904550477862358,1.9760148525238037
14000,mha_rope,42,1,6,0.06668711453676224,0.064234659075737,1.9760148525238037
14000,mha_rope,42,1,7,0.07076161354780197,0.06555593013763428,1.9760148525238037
14000,mha_rope,42,1,8,0.04986022785305977,0.05707952007651329,1.9760148525238037
14000,mha_rope,42,1,9,0.06083577498793602,0.06551573425531387,1.9760148525238037
14000,mha_rope,42,1,10,0.06533386558294296,0.06730697304010391,1.9760148525238037
14000,mha_rope,42,1,11,0.07472086697816849,0.06268781423568726,1.9760148525238037
14000,mha_rope,42,1,12,0.06317555904388428,0.060981325805187225,1.9760148525238037
14000,mha_rope,42,1,13,0.0639120489358902,0.075344018638134,1.9760148525238037
14000,mha_rope,42,1,14,0.054392192512750626,0.057988978922367096,1.9760148525238037
14000,mha_rope,42,1,15,0.056238505989313126,0.04973539337515831,1.9760148525238037
14000,mha_rope,42,2,0,0.06963195651769638,0.06782908737659454,1.582198143005371
14000,mha_rope,42,2,1,0.03770101070404053,0.04841484874486923,1.582198143005371
14000,mha_rope,42,2,2,0.09134531766176224,0.07831251621246338,1.582198143005371
14000,mha_rope,42,2,3,0.04450978711247444,0.05440448224544525,1.582198143005371
14000,mha_rope,42,2,4,0.04081308841705322,0.04152025654911995,1.582198143005371
14000,mha_rope,42,2,5,0.07480763643980026,0.08300840109586716,1.582198143005371
14000,mha_rope,42,2,6,0.056381020694971085,0.060134321451187134,1.582198143005371
14000,mha_rope,42,2,7,0.05600951984524727,0.05230013653635979,1.582198143005371
14000,mha_rope,42,2,8,0.0803922489285469,0.07114733010530472,1.582198143005371
14000,mha_rope,42,2,9,0.062452901154756546,0.05958747863769531,1.582198143005371
14000,mha_rope,42,2,10,0.05769083648920059,0.05730510130524635,1.582198143005371
14000,mha_rope,42,2,11,0.06979542970657349,0.06533263623714447,1.582198143005371
14000,mha_rope,42,2,12,0.04566497728228569,0.04655183479189873,1.582198143005371
14000,mha_rope,42,2,13,0.055761005729436874,0.06400560587644577,1.582198143005371
14000,mha_rope,42,2,14,0.10278879851102829,0.08862123638391495,1.582198143005371
14000,mha_rope,42,2,15,0.05425445735454559,0.061524707823991776,1.582198143005371
14000,mha_rope,42,3,0,0.06254516541957855,0.05923281982541084,1.3064144849777222
14000,mha_rope,42,3,1,0.03832000866532326,0.04118788614869118,1.3064144849777222
14000,mha_rope,42,3,2,0.04837646335363388,0.051906682550907135,1.3064144849777222
14000,mha_rope,42,3,3,0.07150441408157349,0.06743760406970978,1.3064144849777222
14000,mha_rope,42,3,4,0.05013641342520714,0.05813395977020264,1.3064144849777222
14000,mha_rope,42,3,5,0.10643239319324493,0.09890838712453842,1.3064144849777222
14000,mha_rope,42,3,6,0.035795390605926514,0.037026070058345795,1.3064144849777222
14000,mha_rope,42,3,7,0.07064829766750336,0.059728678315877914,1.3064144849777222
14000,mha_rope,42,3,8,0.05895833298563957,0.06328501552343369,1.3064144849777222
14000,mha_rope,42,3,9,0.05454671382904053,0.06050080060958862,1.3064144849777222
14000,mha_rope,42,3,10,0.08803436160087585,0.07034468650817871,1.3064144849777222
14000,mha_rope,42,3,11,0.046401165425777435,0.05826917663216591,1.3064144849777222
14000,mha_rope,42,3,12,0.032052408903837204,0.04885479435324669,1.3064144849777222
14000,mha_rope,42,3,13,0.06349446624517441,0.05594689026474953,1.3064144849777222
14000,mha_rope,42,3,14,0.08568054437637329,0.10316268354654312,1.3064144849777222
14000,mha_rope,42,3,15,0.08707346767187119,0.06607411801815033,1.3064144849777222
14000,mha_rope,42,4,0,0.062041424214839935,0.07548938691616058,1.225134015083313
14000,mha_rope,42,4,1,0.05417032912373543,0.06760113686323166,1.225134015083313
14000,mha_rope,42,4,2,0.07437072694301605,0.06895583122968674,1.225134015083313
14000,mha_rope,42,4,3,0.04798309504985809,0.05973324924707413,1.225134015083313
14000,mha_rope,42,4,4,0.06787271797657013,0.07994520664215088,1.225134015083313
14000,mha_rope,42,4,5,0.05657602846622467,0.058699093759059906,1.225134015083313
14000,mha_rope,42,4,6,0.052449341863393784,0.052622269839048386,1.225134015083313
14000,mha_rope,42,4,7,0.07997172325849533,0.059761714190244675,1.225134015083313
14000,mha_rope,42,4,8,0.03395039960741997,0.039131004363298416,1.225134015083313
14000,mha_rope,42,4,9,0.06251464784145355,0.06201791763305664,1.225134015083313
14000,mha_rope,42,4,10,0.07251159846782684,0.07368771731853485,1.225134015083313
14000,mha_rope,42,4,11,0.04852508381009102,0.045558515936136246,1.225134015083313
14000,mha_rope,42,4,12,0.04239410534501076,0.043463777750730515,1.225134015083313
14000,mha_rope,42,4,13,0.08107482641935349,0.07911407947540283,1.225134015083313
14000,mha_rope,42,4,14,0.10511698573827744,0.07449263334274292,1.225134015083313
14000,mha_rope,42,4,15,0.058476969599723816,0.05972641706466675,1.225134015083313
14000,mha_rope,42,5,0,0.07243489474058151,0.08333485573530197,1.5058616399765015
14000,mha_rope,42,5,1,0.0603904202580452,0.05716483294963837,1.5058616399765015
14000,mha_rope,42,5,2,0.052991434931755066,0.06149905547499657,1.5058616399765015
14000,mha_rope,42,5,3,0.06055084243416786,0.06548693776130676,1.5058616399765015
14000,mha_rope,42,5,4,0.07991058379411697,0.07434188574552536,1.5058616399765015
14000,mha_rope,42,5,5,0.07317525148391724,0.058707594871520996,1.5058616399765015
14000,mha_rope,42,5,6,0.029565123841166496,0.033546868711709976,1.5058616399765015
14000,mha_rope,42,5,7,0.051149699836969376,0.05105767026543617,1.5058616399765015
14000,mha_rope,42,5,8,0.08492563664913177,0.0873914435505867,1.5058616399765015
14000,mha_rope,42,5,9,0.037595927715301514,0.041414208710193634,1.5058616399765015
14000,mha_rope,42,5,10,0.051083680242300034,0.06670761108398438,1.5058616399765015
14000,mha_rope,42,5,11,0.07583862543106079,0.06311612576246262,1.5058616399765015
14000,mha_rope,42,5,12,0.040669046342372894,0.04134802892804146,1.5058616399765015
14000,mha_rope,42,5,13,0.05033152177929878,0.05441488325595856,1.5058616399765015
14000,mha_rope,42,5,14,0.07581624388694763,0.07228758186101913,1.5058616399765015
14000,mha_rope,42,5,15,0.10357106477022171,0.08818051218986511,1.5058616399765015
14500,mha_rope,42,1,0,0.06745605170726776,0.06352197378873825,1.9741286039352417
14500,mha_rope,42,1,1,0.054314471781253815,0.06467476487159729,1.9741286039352417
14500,mha_rope,42,1,2,0.07638997584581375,0.06661266833543777,1.9741286039352417
14500,mha_rope,42,1,3,0.06021382659673691,0.06306341290473938,1.9741286039352417
14500,mha_rope,42,1,4,0.058543089777231216,0.06037866696715355,1.9741286039352417
14500,mha_rope,42,1,5,0.06201772019267082,0.05759187042713165,1.9741286039352417
14500,mha_rope,42,1,6,0.07101684808731079,0.06691649556159973,1.9741286039352417
14500,mha_rope,42,1,7,0.0653761774301529,0.0631086453795433,1.9741286039352417
14500,mha_rope,42,1,8,0.05311981216073036,0.05866936221718788,1.9741286039352417
14500,mha_rope,42,1,9,0.05884745344519615,0.06377758085727692,1.9741286039352417
14500,mha_rope,42,1,10,0.06281616538763046,0.06553709506988525,1.9741286039352417
14500,mha_rope,42,1,11,0.06837555021047592,0.05864536762237549,1.9741286039352417
14500,mha_rope,42,1,12,0.060953471809625626,0.05977572873234749,1.9741286039352417
14500,mha_rope,42,1,13,0.06586242467164993,0.07769641280174255,1.9741286039352417
14500,mha_rope,42,1,14,0.05796051025390625,0.059919025748968124,1.9741286039352417
14500,mha_rope,42,1,15,0.056736450642347336,0.050110891461372375,1.9741286039352417
14500,mha_rope,42,2,0,0.06981232017278671,0.06817726045846939,1.585776686668396
14500,mha_rope,42,2,1,0.03666625916957855,0.04795943573117256,1.585776686668396
14500,mha_rope,42,2,2,0.09181925654411316,0.07823208719491959,1.585776686668396
14500,mha_rope,42,2,3,0.04422922804951668,0.05447977036237717,1.585776686668396
14500,mha_rope,42,2,4,0.040189921855926514,0.04104704037308693,1.585776686668396
14500,mha_rope,42,2,5,0.07256968319416046,0.07971350103616714,1.585776686668396
14500,mha_rope,42,2,6,0.05639098957180977,0.059533145278692245,1.585776686668396
14500,mha_rope,42,2,7,0.05756083130836487,0.05321316048502922,1.585776686668396
14500,mha_rope,42,2,8,0.08251586556434631,0.07302425801753998,1.585776686668396
14500,mha_rope,42,2,9,0.06285888701677322,0.06038297712802887,1.585776686668396
14500,mha_rope,42,2,10,0.05893870070576668,0.0575820729136467,1.585776686668396
14500,mha_rope,42,2,11,0.06957732886075974,0.06572789698839188,1.585776686668396
14500,mha_rope,42,2,12,0.04365041106939316,0.045493584126234055,1.585776686668396
14500,mha_rope,42,2,13,0.05420837551355362,0.06305568665266037,1.585776686668396
14500,mha_rope,42,2,14,0.10305196046829224,0.08877699822187424,1.585776686668396
14500,mha_rope,42,2,15,0.05595998093485832,0.06360124051570892,1.585776686668396
14500,mha_rope,42,3,0,0.06406809389591217,0.061075787991285324,1.3086235523223877
14500,mha_rope,42,3,1,0.03952789306640625,0.042886000126600266,1.3086235523223877
14500,mha_rope,42,3,2,0.04812927171587944,0.051724426448345184,1.3086235523223877
14500,mha_rope,42,3,3,0.0709679126739502,0.06621844321489334,1.3086235523223877
14500,mha_rope,42,3,4,0.05045226961374283,0.05809139832854271,1.3086235523223877
14500,mha_rope,42,3,5,0.10793548822402954,0.10039821267127991,1.3086235523223877
14500,mha_rope,42,3,6,0.03516682982444763,0.03601899370551109,1.3086235523223877
14500,mha_rope,42,3,7,0.06704986840486526,0.05683364346623421,1.3086235523223877
14500,mha_rope,42,3,8,0.05958608165383339,0.06356532871723175,1.3086235523223877
14500,mha_rope,42,3,9,0.05236653611063957,0.059006743133068085,1.3086235523223877
14500,mha_rope,42,3,10,0.08887878060340881,0.07007326930761337,1.3086235523223877
14500,mha_rope,42,3,11,0.04653574526309967,0.05867892503738403,1.3086235523223877
14500,mha_rope,42,3,12,0.0322304293513298,0.04892873391509056,1.3086235523223877
14500,mha_rope,42,3,13,0.06156961992383003,0.05442798137664795,1.3086235523223877
14500,mha_rope,42,3,14,0.08626841008663177,0.10461974889039993,1.3086235523223877
14500,mha_rope,42,3,15,0.08926676213741302,0.06745228916406631,1.3086235523223877
14500,mha_rope,42,4,0,0.06202148273587227,0.0748426541686058,1.2290902137756348
14500,mha_rope,42,4,1,0.0545877069234848,0.06856019049882889,1.2290902137756348
14500,mha_rope,42,4,2,0.07404591888189316,0.0687197595834732,1.2290902137756348
14500,mha_rope,42,4,3,0.04908915236592293,0.06148558855056763,1.2290902137756348
14500,mha_rope,42,4,4,0.06687133759260178,0.07909581810235977,1.2290902137756348
14500,mha_rope,42,4,5,0.05606852099299431,0.058595623821020126,1.2290902137756348
14500,mha_rope,42,4,6,0.05350036546587944,0.053786177188158035,1.2290902137756348
14500,mha_rope,42,4,7,0.07766947150230408,0.05713578686118126,1.2290902137756348
14500,mha_rope,42,4,8,0.034249063581228256,0.039093758910894394,1.2290902137756348
14500,mha_rope,42,4,9,0.061292316764593124,0.060311488807201385,1.2290902137756348
14500,mha_rope,42,4,10,0.0754234790802002,0.07609798014163971,1.2290902137756348
14500,mha_rope,42,4,11,0.04670155793428421,0.04397040233016014,1.2290902137756348
14500,mha_rope,42,4,12,0.04224110767245293,0.04319896176457405,1.2290902137756348
14500,mha_rope,42,4,13,0.08253631740808487,0.08015310764312744,1.2290902137756348
14500,mha_rope,42,4,14,0.10591094940900803,0.07548446953296661,1.2290902137756348
14500,mha_rope,42,4,15,0.05779124051332474,0.05946819484233856,1.2290902137756348
14500,mha_rope,42,5,0,0.07286936789751053,0.0836828351020813,1.5033087730407715
14500,mha_rope,42,5,1,0.0618152879178524,0.05883020535111427,1.5033087730407715
14500,mha_rope,42,5,2,0.05170094966888428,0.06023586168885231,1.5033087730407715
14500,mha_rope,42,5,3,0.060823872685432434,0.0657239630818367,1.5033087730407715
14500,mha_rope,42,5,4,0.07924855500459671,0.07345408946275711,1.5033087730407715
14500,mha_rope,42,5,5,0.0718880221247673,0.05826897919178009,1.5033087730407715
14500,mha_rope,42,5,6,0.029187927022576332,0.03315414488315582,1.5033087730407715
14500,mha_rope,42,5,7,0.050452981144189835,0.05071336776018143,1.5033087730407715
14500,mha_rope,42,5,8,0.08497324585914612,0.08748254925012589,1.5033087730407715
14500,mha_rope,42,5,9,0.036640726029872894,0.04062071070075035,1.5033087730407715
14500,mha_rope,42,5,10,0.05121419206261635,0.06692511588335037,1.5033087730407715
14500,mha_rope,42,5,11,0.07709197700023651,0.06385587900876999,1.5033087730407715
14500,mha_rope,42,5,12,0.04283711686730385,0.042574699968099594,1.5033087730407715
14500,mha_rope,42,5,13,0.04854471981525421,0.05262944847345352,1.5033087730407715
14500,mha_rope,42,5,14,0.07667887210845947,0.07342322170734406,1.5033087730407715
14500,mha_rope,42,5,15,0.10403218865394592,0.08842487633228302,1.5033087730407715
15000,mha_rope,42,1,0,0.06672699004411697,0.06243995577096939,1.9674088954925537
15000,mha_rope,42,1,1,0.05704783275723457,0.06622373312711716,1.9674088954925537
15000,mha_rope,42,1,2,0.07479257881641388,0.0654262825846672,1.9674088954925537
15000,mha_rope,42,1,3,0.05986287444829941,0.06324683874845505,1.9674088954925537
15000,mha_rope,42,1,4,0.056645508855581284,0.05837016552686691,1.9674088954925537
15000,mha_rope,42,1,5,0.06492777168750763,0.05946344509720802,1.9674088954925537
15000,mha_rope,42,1,6,0.06886617094278336,0.06561236828565598,1.9674088954925537
15000,mha_rope,42,1,7,0.06664855778217316,0.06362615525722504,1.9674088954925537
15000,mha_rope,42,1,8,0.05562774837017059,0.059683289378881454,1.9674088954925537
15000,mha_rope,42,1,9,0.058085836470127106,0.06335145980119705,1.9674088954925537
15000,mha_rope,42,1,10,0.06427744776010513,0.0662815198302269,1.9674088954925537
15000,mha_rope,42,1,11,0.06517140567302704,0.057384662330150604,1.9674088954925537
15000,mha_rope,42,1,12,0.06400909274816513,0.0619109608232975,1.9674088954925537
15000,mha_rope,42,1,13,0.06486236304044724,0.0780913382768631,1.9674088954925537
15000,mha_rope,42,1,14,0.056228332221508026,0.05905400589108467,1.9674088954925537
15000,mha_rope,42,1,15,0.05621948093175888,0.04983385652303696,1.9674088954925537
15000,mha_rope,42,2,0,0.06731119751930237,0.06640943884849548,1.5831162929534912
15000,mha_rope,42,2,1,0.038130391389131546,0.04906284436583519,1.5831162929534912
15000,mha_rope,42,2,2,0.0913468450307846,0.07801858335733414,1.5831162929534912
15000,mha_rope,42,2,3,0.04593668505549431,0.05560698360204697,1.5831162929534912
15000,mha_rope,42,2,4,0.04128773882985115,0.04225293919444084,1.5831162929534912
15000,mha_rope,42,2,5,0.0742855817079544,0.0824393630027771,1.5831162929534912
15000,mha_rope,42,2,6,0.05717112123966217,0.06022177264094353,1.5831162929534912
15000,mha_rope,42,2,7,0.056372374296188354,0.052942123264074326,1.5831162929534912
15000,mha_rope,42,2,8,0.0807659924030304,0.07174047827720642,1.5831162929534912
15000,mha_rope,42,2,9,0.06345611810684204,0.06066964566707611,1.5831162929534912
15000,mha_rope,42,2,10,0.057590026408433914,0.056631382554769516,1.5831162929534912
15000,mha_rope,42,2,11,0.06863556057214737,0.06470733135938644,1.5831162929534912
15000,mha_rope,42,2,12,0.04780375212430954,0.04843294620513916,1.5831162929534912
15000,mha_rope,42,2,13,0.05478912219405174,0.06283977627754211,1.5831162929534912
15000,mha_rope,42,2,14,0.10109028965234756,0.08668982982635498,1.5831162929534912
15000,mha_rope,42,2,15,0.05402719974517822,0.06133466213941574,1.5831162929534912
15000,mha_rope,42,3,0,0.06252329796552658,0.05982651934027672,1.3058662414550781
15000,mha_rope,42,3,1,0.039710186421871185,0.04248034954071045,1.3058662414550781
15000,mha_rope,42,3,2,0.0495280958712101,0.0530434213578701,1.3058662414550781
15000,mha_rope,42,3,3,0.07090016454458237,0.06636948138475418,1.3058662414550781
15000,mha_rope,42,3,4,0.050540465861558914,0.05820086970925331,1.3058662414550781
15000,mha_rope,42,3,5,0.10535186529159546,0.09757854044437408,1.3058662414550781
15000,mha_rope,42,3,6,0.037166036665439606,0.038086190819740295,1.3058662414550781
15000,mha_rope,42,3,7,0.06705444306135178,0.056803926825523376,1.3058662414550781
15000,mha_rope,42,3,8,0.06081654876470566,0.06451129913330078,1.3058662414550781
15000,mha_rope,42,3,9,0.05239471420645714,0.05897775664925575,1.3058662414550781
15000,mha_rope,42,3,10,0.08844991028308868,0.07030387222766876,1.3058662414550781
15000,mha_rope,42,3,11,0.046264853328466415,0.058533553034067154,1.3058662414550781
15000,mha_rope,42,3,12,0.031939901411533356,0.048629168421030045,1.3058662414550781
15000,mha_rope,42,3,13,0.06564544886350632,0.05683387070894241,1.3058662414550781
15000,mha_rope,42,3,14,0.08597727119922638,0.10450885444879532,1.3058662414550781
15000,mha_rope,42,3,15,0.08573679625988007,0.0653124749660492,1.3058662414550781
15000,mha_rope,42,4,0,0.060814108699560165,0.07356803864240646,1.2209140062332153
15000,mha_rope,42,4,1,0.0551249198615551,0.06895314157009125,1.2209140062332153
15000,mha_rope,42,4,2,0.07416290044784546,0.06848940998315811,1.2209140062332153
15000,mha_rope,42,4,3,0.049313049763441086,0.06215328723192215,1.2209140062332153
15000,mha_rope,42,4,4,0.0673459842801094,0.07909438014030457,1.2209140062332153
15000,mha_rope,42,4,5,0.056002501398324966,0.058849137276411057,1.2209140062332153
15000,mha_rope,42,4,6,0.052446797490119934,0.05234179645776749,1.2209140062332153
15000,mha_rope,42,4,7,0.07874958962202072,0.05869612842798233,1.2209140062332153
15000,mha_rope,42,4,8,0.034083861857652664,0.03864814341068268,1.2209140062332153
15000,mha_rope,42,4,9,0.06332255154848099,0.062367603182792664,1.2209140062332153
15000,mha_rope,42,4,10,0.07443898171186447,0.07483262568712234,1.2209140062332153
15000,mha_rope,42,4,11,0.04769989103078842,0.04471665248274803,1.2209140062332153
15000,mha_rope,42,4,12,0.040857646614313126,0.04226000979542732,1.2209140062332153
15000,mha_rope,42,4,13,0.08167002350091934,0.07976457476615906,1.2209140062332153
15000,mha_rope,42,4,14,0.1053435280919075,0.07509727030992508,1.2209140062332153
15000,mha_rope,42,4,15,0.05862365663051605,0.060167714953422546,1.2209140062332153
15000,mha_rope,42,5,0,0.07099619507789612,0.08158702403306961,1.498262882232666
15000,mha_rope,42,5,1,0.05884867534041405,0.056612174957990646,1.498262882232666
15000,mha_rope,42,5,2,0.053391825407743454,0.06112407520413399,1.498262882232666
15000,mha_rope,42,5,3,0.061427611857652664,0.06668539345264435,1.498262882232666
15000,mha_rope,42,5,4,0.07931976020336151,0.07358767092227936,1.498262882232666
15000,mha_rope,42,5,5,0.07338226586580276,0.05906520038843155,1.498262882232666
15000,mha_rope,42,5,6,0.0298747755587101,0.034138359129428864,1.498262882232666
15000,mha_rope,42,5,7,0.05193593353033066,0.051911599934101105,1.498262882232666
15000,mha_rope,42,5,8,0.08597839623689651,0.08779739588499069,1.498262882232666
15000,mha_rope,42,5,9,0.036298319697380066,0.04025181010365486,1.498262882232666
15000,mha_rope,42,5,10,0.05130350589752197,0.06664852797985077,1.498262882232666
15000,mha_rope,42,5,11,0.0767880231142044,0.06369947642087936,1.498262882232666
15000,mha_rope,42,5,12,0.04096028581261635,0.04164271429181099,1.498262882232666
15000,mha_rope,42,5,13,0.048871561884880066,0.05283386632800102,1.498262882232666
15000,mha_rope,42,5,14,0.07630553841590881,0.07293295115232468,1.498262882232666
15000,mha_rope,42,5,15,0.1043173223733902,0.08948194980621338,1.498262882232666
