iter,attn_mode,seed,layer,expert,selected_fraction,mean_probability,router_entropy
0,mha,456,1,0,0.02651122957468033,0.052551090717315674,2.6169650554656982
0,mha,456,1,1,0.01265024859458208,0.04330416023731232,2.6169650554656982
0,mha,456,1,2,0.08161641657352448,0.06910423934459686,2.6169650554656982
0,mha,456,1,3,0.0876077264547348,0.07388824969530106,2.6169650554656982
0,mha,456,1,4,0.12312886863946915,0.08291834592819214,2.6169650554656982
0,mha,456,1,5,0.08059631288051605,0.07531540095806122,2.6169650554656982
0,mha,456,1,6,0.16528472304344177,0.09161386638879776,2.6169650554656982
0,mha,456,1,7,0.023511454463005066,0.05197997763752937,2.6169650554656982
0,mha,456,1,8,0.10046885162591934,0.07524505257606506,2.6169650554656982
0,mha,456,1,9,0.018755899742245674,0.046851322054862976,2.6169650554656982
0,mha,456,1,10,0.010491231456398964,0.04313981160521507,2.6169650554656982
0,mha,456,1,11,0.07805592566728592,0.06713796406984329,2.6169650554656982
0,mha,456,1,12,0.02996317483484745,0.0505557656288147,2.6169650554656982
0,mha,456,1,13,0.014400837942957878,0.04538322612643242,2.6169650554656982
0,mha,456,1,14,0.11294026672840118,0.0776640772819519,2.6169650554656982
0,mha,456,1,15,0.03401682525873184,0.05334748700261116,2.6169650554656982
0,mha,456,2,0,0.07098917663097382,0.06831858307123184,2.621750831604004
0,mha,456,2,1,0.018657734617590904,0.04844122380018234,2.621750831604004
0,mha,456,2,2,0.12553934752941132,0.08119034767150879,2.621750831604004
0,mha,456,2,3,0.014612528495490551,0.04411241039633751,2.621750831604004
0,mha,456,2,4,0.023403726518154144,0.05203931778669357,2.621750831604004
0,mha,456,2,5,0.018010661005973816,0.0474286749958992,2.621750831604004
0,mha,456,2,6,0.10145619511604309,0.07671360671520233,2.621750831604004
0,mha,456,2,7,0.10400746762752533,0.07639242708683014,2.621750831604004
0,mha,456,2,8,0.046961262822151184,0.05968552827835083,2.621750831604004
0,mha,456,2,9,0.02155049704015255,0.04927368462085724,2.621750831604004
0,mha,456,2,10,0.24720224738121033,0.11152444034814835,2.621750831604004
0,mha,456,2,11,0.06960795074701309,0.06844840943813324,2.621750831604004
0,mha,456,2,12,0.0385824590921402,0.057386793196201324,2.621750831604004
0,mha,456,2,13,0.048487041145563126,0.05890639126300812,2.621750831604004
0,mha,456,2,14,0.0264301560819149,0.04854034259915352,2.621750831604004
0,mha,456,2,15,0.02450154535472393,0.051597822457551956,2.621750831604004
0,mha,456,3,0,0.03345530107617378,0.05456326901912689,2.623673677444458
0,mha,456,3,1,0.031382445245981216,0.05020767077803612,2.623673677444458
0,mha,456,3,2,0.13008534908294678,0.08627385646104813,2.623673677444458
0,mha,456,3,3,0.018543293699622154,0.04767199978232384,2.623673677444458
0,mha,456,3,4,0.04304443299770355,0.056251410394907,2.623673677444458
0,mha,456,3,5,0.004379373975098133,0.0362546406686306,2.623673677444458
0,mha,456,3,6,0.03696797788143158,0.05930446460843086,2.623673677444458
0,mha,456,3,7,0.08904886990785599,0.07340429723262787,2.623673677444458
0,mha,456,3,8,0.15403614938259125,0.08972253650426865,2.623673677444458
0,mha,456,3,9,0.14259420335292816,0.0850222185254097,2.623673677444458
0,mha,456,3,10,0.009124552831053734,0.042751915752887726,2.623673677444458
0,mha,456,3,11,0.029247334226965904,0.052313949912786484,2.623673677444458
0,mha,456,3,12,0.09424957633018494,0.07452146708965302,2.623673677444458
0,mha,456,3,13,0.04967803880572319,0.06380671262741089,2.623673677444458
0,mha,456,3,14,0.11057108640670776,0.07932411134243011,2.623673677444458
0,mha,456,3,15,0.0235920213162899,0.048605334013700485,2.623673677444458
0,mha,456,4,0,0.07610056549310684,0.07084063440561295,2.6157567501068115
0,mha,456,4,1,0.0702705904841423,0.06860486418008804,2.6157567501068115
0,mha,456,4,2,0.003729146206751466,0.03381016477942467,2.6157567501068115
0,mha,456,4,3,0.025009257718920708,0.05460752546787262,2.6157567501068115
0,mha,456,4,4,0.0299968458712101,0.05429919436573982,2.6157567501068115
0,mha,456,4,5,0.03760823607444763,0.056405868381261826,2.6157567501068115
0,mha,456,4,6,0.041459351778030396,0.060561127960681915,2.6157567501068115
0,mha,456,4,7,0.08048858493566513,0.07150173932313919,2.6157567501068115
0,mha,456,4,8,0.16747722029685974,0.09455415606498718,2.6157567501068115
0,mha,456,4,9,0.0285472609102726,0.05483434721827507,2.6157567501068115
0,mha,456,4,10,0.021563619375228882,0.05103207379579544,2.6157567501068115
0,mha,456,4,11,0.012869466096162796,0.04352579265832901,2.6157567501068115
0,mha,456,4,12,0.001637166365981102,0.030964424833655357,2.6157567501068115
0,mha,456,4,13,0.08362843841314316,0.0754045844078064,2.6157567501068115
0,mha,456,4,14,0.09401702880859375,0.07380850613117218,2.6157567501068115
0,mha,456,4,15,0.22559723258018494,0.1052451804280281,2.6157567501068115
0,mha,456,5,0,0.011317240074276924,0.04083407297730446,2.618319511413574
0,mha,456,5,1,0.07981852442026138,0.07215192914009094,2.618319511413574
0,mha,456,5,2,0.03623657301068306,0.056597206741571426,2.618319511413574
0,mha,456,5,3,0.08852579444646835,0.07402880489826202,2.618319511413574
0,mha,456,5,4,0.29461660981178284,0.12248654663562775,2.618319511413574
0,mha,456,5,5,0.049662474542856216,0.06268854439258575,2.618319511413574
0,mha,456,5,6,0.01496124267578125,0.042800772935152054,2.618319511413574
0,mha,456,5,7,0.07561930269002914,0.0694129541516304,2.618319511413574
0,mha,456,5,8,0.008100280538201332,0.039188202470541,2.618319511413574
0,mha,456,5,9,0.05145273730158806,0.06296662241220474,2.618319511413574
0,mha,456,5,10,0.07332702726125717,0.06922981888055801,2.618319511413574
0,mha,456,5,11,0.09132833033800125,0.07428475469350815,2.618319511413574
0,mha,456,5,12,0.0055772908963263035,0.038167569786310196,2.618319511413574
0,mha,456,5,13,0.03756978362798691,0.05883188173174858,2.618319511413574
0,mha,456,5,14,0.06572062522172928,0.06787540018558502,2.618319511413574
0,mha,456,5,15,0.01616617850959301,0.048454973846673965,2.618319511413574
500,mha,456,1,0,0.04817464202642441,0.048457853496074677,2.1494359970092773
500,mha,456,1,1,0.05047871917486191,0.06328222900629044,2.1494359970092773
500,mha,456,1,2,0.06035064533352852,0.06342604011297226,2.1494359970092773
500,mha,456,1,3,0.054700519889593124,0.06175569072365761,2.1494359970092773
500,mha,456,1,4,0.0478534959256649,0.060226429253816605,2.1494359970092773
500,mha,456,1,5,0.0579458624124527,0.05453597381711006,2.1494359970092773
500,mha,456,1,6,0.04236694425344467,0.05791369080543518,2.1494359970092773
500,mha,456,1,7,0.06855631619691849,0.06683512032032013,2.1494359970092773
500,mha,456,1,8,0.0810457393527031,0.07960876822471619,2.1494359970092773
500,mha,456,1,9,0.10723409056663513,0.08523544669151306,2.1494359970092773
500,mha,456,1,10,0.06582804024219513,0.06579861044883728,2.1494359970092773
500,mha,456,1,11,0.04165283218026161,0.052030887454748154,2.1494359970092773
500,mha,456,1,12,0.05052947998046875,0.0576949380338192,2.1494359970092773
500,mha,456,1,13,0.07709106802940369,0.06341908127069473,2.1494359970092773
500,mha,456,1,14,0.06497802585363388,0.05343891307711601,2.1494359970092773
500,mha,456,1,15,0.0812135860323906,0.06634029746055603,2.1494359970092773
500,mha,456,2,0,0.06245157867670059,0.06839200109243393,2.2500624656677246
500,mha,456,2,1,0.06116638332605362,0.0658847913146019,2.2500624656677246
500,mha,456,2,2,0.05402160808444023,0.06361985951662064,2.2500624656677246
500,mha,456,2,3,0.05698049068450928,0.059210702776908875,2.2500624656677246
500,mha,456,2,4,0.06065215915441513,0.054360561072826385,2.2500624656677246
500,mha,456,2,5,0.09324228763580322,0.07407085597515106,2.2500624656677246
500,mha,456,2,6,0.056586507707834244,0.06206982955336571,2.2500624656677246
500,mha,456,2,7,0.06091359630227089,0.060583196580410004,2.2500624656677246
500,mha,456,2,8,0.08288594335317612,0.0683169886469841,2.2500624656677246
500,mha,456,2,9,0.052953898906707764,0.05736352875828743,2.2500624656677246
500,mha,456,2,10,0.0801047757267952,0.07007135450839996,2.2500624656677246
500,mha,456,2,11,0.0811113491654396,0.0743490532040596,2.2500624656677246
500,mha,456,2,12,0.05158945545554161,0.05609692260622978,2.2500624656677246
500,mha,456,2,13,0.04911651462316513,0.05703463405370712,2.2500624656677246
500,mha,456,2,14,0.05743164196610451,0.06171880662441254,2.2500624656677246
500,mha,456,2,15,0.03879180923104286,0.04685678333044052,2.2500624656677246
500,mha,456,3,0,0.06806467473506927,0.0706244632601738,2.095231771469116
500,mha,456,3,1,0.04358154162764549,0.046558625996112823,2.095231771469116
500,mha,456,3,2,0.05688995495438576,0.058917298913002014,2.095231771469116
500,mha,456,3,3,0.05769958347082138,0.047597385942935944,2.095231771469116
500,mha,456,3,4,0.08400848507881165,0.0686962679028511,2.095231771469116
500,mha,456,3,5,0.06923126429319382,0.06150779128074646,2.095231771469116
500,mha,456,3,6,0.03531595692038536,0.05265599116683006,2.095231771469116
500,mha,456,3,7,0.07362792640924454,0.07357543706893921,2.095231771469116
500,mha,456,3,8,0.09628336876630783,0.1120857372879982,2.095231771469116
500,mha,456,3,9,0.019328715279698372,0.03177790716290474,2.095231771469116
500,mha,456,3,10,0.04716125503182411,0.05522850528359413,2.095231771469116
500,mha,456,3,11,0.06867747008800507,0.061754822731018066,2.095231771469116
500,mha,456,3,12,0.0853830948472023,0.07061413675546646,2.095231771469116
500,mha,456,3,13,0.06978780031204224,0.06923030316829681,2.095231771469116
500,mha,456,3,14,0.03399159759283066,0.04033172130584717,2.095231771469116
500,mha,456,3,15,0.09096730500459671,0.07884364575147629,2.095231771469116
500,mha,456,4,0,0.0664692148566246,0.05877578631043434,2.3266289234161377
500,mha,456,4,1,0.043329671025276184,0.06110571697354317,2.3266289234161377
500,mha,456,4,2,0.0716494768857956,0.06756965816020966,2.3266289234161377
500,mha,456,4,3,0.04132120683789253,0.060290560126304626,2.3266289234161377
500,mha,456,4,4,0.07495808601379395,0.06891391426324844,2.3266289234161377
500,mha,456,4,5,0.07874389737844467,0.06885204464197159,2.3266289234161377
500,mha,456,4,6,0.08173960447311401,0.06879941374063492,2.3266289234161377
500,mha,456,4,7,0.07257100194692612,0.06117789447307587,2.3266289234161377
500,mha,456,4,8,0.06182515621185303,0.07070118933916092,2.3266289234161377
500,mha,456,4,9,0.049052633345127106,0.05167541652917862,2.3266289234161377
500,mha,456,4,10,0.02174580842256546,0.040679529309272766,2.3266289234161377
500,mha,456,4,11,0.05722859874367714,0.06396719813346863,2.3266289234161377
500,mha,456,4,12,0.07522308081388474,0.06163952499628067,2.3266289234161377
500,mha,456,4,13,0.06706217676401138,0.0646442249417305,2.3266289234161377
500,mha,456,4,14,0.09050536900758743,0.07353813946247101,2.3266289234161377
500,mha,456,4,15,0.04657501354813576,0.057669658213853836,2.3266289234161377
500,mha,456,5,0,0.053432006388902664,0.06047908216714859,2.293128728866577
500,mha,456,5,1,0.06710398197174072,0.0622347891330719,2.293128728866577
500,mha,456,5,2,0.06203602999448776,0.06785764545202255,2.293128728866577
500,mha,456,5,3,0.0734945684671402,0.07224579155445099,2.293128728866577
500,mha,456,5,4,0.047252096235752106,0.049085527658462524,2.293128728866577
500,mha,456,5,5,0.054641012102365494,0.06964099407196045,2.293128728866577
500,mha,456,5,6,0.049971312284469604,0.055446021258831024,2.293128728866577
500,mha,456,5,7,0.0634307861328125,0.056824080646038055,2.293128728866577
500,mha,456,5,8,0.04200795665383339,0.05176735669374466,2.293128728866577
500,mha,456,5,9,0.052857156842947006,0.06641941517591476,2.293128728866577
500,mha,456,5,10,0.08243845403194427,0.06262843310832977,2.293128728866577
500,mha,456,5,11,0.0504131056368351,0.05294495075941086,2.293128728866577
500,mha,456,5,12,0.08817403018474579,0.08204564452171326,2.293128728866577
500,mha,456,5,13,0.07247579097747803,0.06354160606861115,2.293128728866577
500,mha,456,5,14,0.0771833285689354,0.06405578553676605,2.293128728866577
500,mha,456,5,15,0.06308837980031967,0.06278283149003983,2.293128728866577
1000,mha,456,1,0,0.046646829694509506,0.04920913651585579,1.9754095077514648
1000,mha,456,1,1,0.0624186210334301,0.06774268299341202,1.9754095077514648
1000,mha,456,1,2,0.05819905549287796,0.05752038210630417,1.9754095077514648
1000,mha,456,1,3,0.042973633855581284,0.05774784833192825,1.9754095077514648
1000,mha,456,1,4,0.06295379996299744,0.06329276412725449,1.9754095077514648
1000,mha,456,1,5,0.061600442975759506,0.05692221224308014,1.9754095077514648
1000,mha,456,1,6,0.05459035187959671,0.059738267213106155,1.9754095077514648
1000,mha,456,1,7,0.06507792323827744,0.066196508705616,1.9754095077514648
1000,mha,456,1,8,0.06913625448942184,0.07641322165727615,1.9754095077514648
1000,mha,456,1,9,0.08702819794416428,0.0745493695139885,1.9754095077514648
1000,mha,456,1,10,0.08929453790187836,0.0824379250407219,1.9754095077514648
1000,mha,456,1,11,0.043326519429683685,0.05402736738324165,1.9754095077514648
1000,mha,456,1,12,0.06261108070611954,0.06348513066768646,1.9754095077514648
1000,mha,456,1,13,0.05650024488568306,0.056294091045856476,1.9754095077514648
1000,mha,456,1,14,0.04886159300804138,0.04284484311938286,1.9754095077514648
1000,mha,456,1,15,0.08878092467784882,0.0715782642364502,1.9754095077514648
1000,mha,456,2,0,0.06082550063729286,0.0634855106472969,1.9185796976089478
1000,mha,456,2,1,0.05961089953780174,0.06066319718956947,1.9185796976089478
1000,mha,456,2,2,0.06687214970588684,0.0788031592965126,1.9185796976089478
1000,mha,456,2,3,0.061539918184280396,0.06685111671686172,1.9185796976089478
1000,mha,456,2,4,0.06971496343612671,0.059964269399642944,1.9185796976089478
1000,mha,456,2,5,0.06696950644254684,0.061363641172647476,1.9185796976089478
1000,mha,456,2,6,0.06827178597450256,0.06600239127874374,1.9185796976089478
1000,mha,456,2,7,0.05944020673632622,0.06216320022940636,1.9185796976089478
1000,mha,456,2,8,0.08846700191497803,0.07590311765670776,1.9185796976089478
1000,mha,456,2,9,0.05095662549138069,0.059182390570640564,1.9185796976089478
1000,mha,456,2,10,0.06009623035788536,0.05599845200777054,1.9185796976089478
1000,mha,456,2,11,0.0771523043513298,0.08065230399370193,1.9185796976089478
1000,mha,456,2,12,0.06218007579445839,0.058399055153131485,1.9185796976089478
1000,mha,456,2,13,0.06541188806295395,0.052180323749780655,1.9185796976089478
1000,mha,456,2,14,0.04738433659076691,0.054464805871248245,1.9185796976089478
1000,mha,456,2,15,0.0351066067814827,0.04392307624220848,1.9185796976089478
1000,mha,456,3,0,0.0595448799431324,0.06178099289536476,1.6280945539474487
1000,mha,456,3,1,0.05834869295358658,0.054766833782196045,1.6280945539474487
1000,mha,456,3,2,0.04797780513763428,0.05131716653704643,1.6280945539474487
1000,mha,456,3,3,0.055356647819280624,0.043489858508110046,1.6280945539474487
1000,mha,456,3,4,0.07534484565258026,0.06886103004217148,1.6280945539474487
1000,mha,456,3,5,0.06436462700366974,0.06086922436952591,1.6280945539474487
1000,mha,456,3,6,0.05872446671128273,0.05983772128820419,1.6280945539474487
1000,mha,456,3,7,0.07254821807146072,0.06714054197072983,1.6280945539474487
1000,mha,456,3,8,0.0925770029425621,0.11002510040998459,1.6280945539474487
1000,mha,456,3,9,0.022976988926529884,0.029583066701889038,1.6280945539474487
1000,mha,456,3,10,0.05598612502217293,0.05991251766681671,1.6280945539474487
1000,mha,456,3,11,0.08887013792991638,0.08515370637178421,1.6280945539474487
1000,mha,456,3,12,0.07806894928216934,0.06626707315444946,1.6280945539474487
1000,mha,456,3,13,0.0630016103386879,0.06633811444044113,1.6280945539474487
1000,mha,456,3,14,0.04338836669921875,0.046771954745054245,1.6280945539474487
1000,mha,456,3,15,0.06292063742876053,0.06788505613803864,1.6280945539474487
1000,mha,456,4,0,0.09996388852596283,0.08315231651067734,1.7871928215026855
1000,mha,456,4,1,0.05144592374563217,0.06420904397964478,1.7871928215026855
1000,mha,456,4,2,0.07034098356962204,0.05709363892674446,1.7871928215026855
1000,mha,456,4,3,0.04176381602883339,0.05901631712913513,1.7871928215026855
1000,mha,456,4,4,0.06633860617876053,0.05988984927535057,1.7871928215026855
1000,mha,456,4,5,0.08643198758363724,0.07279837131500244,1.7871928215026855
1000,mha,456,4,6,0.08650075644254684,0.09723362326622009,1.7871928215026855
1000,mha,456,4,7,0.0777740478515625,0.07241709530353546,1.7871928215026855
1000,mha,456,4,8,0.04322143644094467,0.05300451070070267,1.7871928215026855
1000,mha,456,4,9,0.054799601435661316,0.06734663993120193,1.7871928215026855
1000,mha,456,4,10,0.03339742124080658,0.03770700842142105,1.7871928215026855
1000,mha,456,4,11,0.054030150175094604,0.055217571556568146,1.7871928215026855
1000,mha,456,4,12,0.06005767732858658,0.046351950615644455,1.7871928215026855
1000,mha,456,4,13,0.053221333771944046,0.05827686935663223,1.7871928215026855
1000,mha,456,4,14,0.07532531768083572,0.06591549515724182,1.7871928215026855
1000,mha,456,4,15,0.045387063175439835,0.05036970227956772,1.7871928215026855
1000,mha,456,5,0,0.06512817740440369,0.06325647234916687,1.6727211475372314
1000,mha,456,5,1,0.05653371289372444,0.0469437800347805,1.6727211475372314
1000,mha,456,5,2,0.05923400819301605,0.06627202033996582,1.6727211475372314
1000,mha,456,5,3,0.0773843377828598,0.08185481280088425,1.6727211475372314
1000,mha,456,5,4,0.07925089448690414,0.06810463964939117,1.6727211475372314
1000,mha,456,5,5,0.03415130451321602,0.05472167953848839,1.6727211475372314
1000,mha,456,5,6,0.052524108439683914,0.05773948132991791,1.6727211475372314
1000,mha,456,5,7,0.09848002344369888,0.08700302243232727,1.6727211475372314
1000,mha,456,5,8,0.03343699127435684,0.033444736152887344,1.6727211475372314
1000,mha,456,5,9,0.037959594279527664,0.05598762631416321,1.6727211475372314
1000,mha,456,5,10,0.07834940403699875,0.0692296251654625,1.6727211475372314
1000,mha,456,5,11,0.04362650588154793,0.04205431789159775,1.6727211475372314
1000,mha,456,5,12,0.06516866385936737,0.06821854412555695,1.6727211475372314
1000,mha,456,5,13,0.07734649628400803,0.06930410116910934,1.6727211475372314
1000,mha,456,5,14,0.06931742280721664,0.052574191242456436,1.6727211475372314
1000,mha,456,5,15,0.07210835814476013,0.08329097926616669,1.6727211475372314
1500,mha,456,1,0,0.03668619692325592,0.047545477747917175,2.046693801879883
1500,mha,456,1,1,0.06889139860868454,0.07128994166851044,2.046693801879883
1500,mha,456,1,2,0.08455576747655869,0.07289725542068481,2.046693801879883
1500,mha,456,1,3,0.05819498747587204,0.06675241142511368,2.046693801879883
1500,mha,456,1,4,0.05556579679250717,0.059264715760946274,2.046693801879883
1500,mha,456,1,5,0.05634867399930954,0.05210496112704277,2.046693801879883
1500,mha,456,1,6,0.05508778989315033,0.061787012964487076,2.046693801879883
1500,mha,456,1,7,0.07491088658571243,0.06576307117938995,2.046693801879883
1500,mha,456,1,8,0.06882883608341217,0.07582900673151016,2.046693801879883
1500,mha,456,1,9,0.08653391152620316,0.0747140645980835,2.046693801879883
1500,mha,456,1,10,0.07640736550092697,0.06653644889593124,2.046693801879883
1500,mha,456,1,11,0.04653635621070862,0.056555088609457016,2.046693801879883
1500,mha,456,1,12,0.0560474656522274,0.0578058622777462,2.046693801879883
1500,mha,456,1,13,0.050567321479320526,0.050744399428367615,2.046693801879883
1500,mha,456,1,14,0.03674479201436043,0.04126961529254913,2.046693801879883
1500,mha,456,1,15,0.08809244632720947,0.07914049923419952,2.046693801879883
1500,mha,456,2,0,0.06106160581111908,0.06107976287603378,1.771210789680481
1500,mha,456,2,1,0.06516683101654053,0.05944398418068886,1.771210789680481
1500,mha,456,2,2,0.0772494524717331,0.08968532830476761,1.771210789680481
1500,mha,456,2,3,0.057620443403720856,0.058864232152700424,1.771210789680481
1500,mha,456,2,4,0.06980163604021072,0.06095148250460625,1.771210789680481
1500,mha,456,2,5,0.0660514310002327,0.05955088883638382,1.771210789680481
1500,mha,456,2,6,0.056596070528030396,0.059867095202207565,1.771210789680481
1500,mha,456,2,7,0.0669630914926529,0.07127964496612549,1.771210789680481
1500,mha,456,2,8,0.09494923800230026,0.08154427260160446,1.771210789680481
1500,mha,456,2,9,0.04563242569565773,0.055470168590545654,1.771210789680481
1500,mha,456,2,10,0.08104583621025085,0.07123606652021408,1.771210789680481
1500,mha,456,2,11,0.08592681586742401,0.0885353833436966,1.771210789680481
1500,mha,456,2,12,0.0565725713968277,0.055215828120708466,1.771210789680481
1500,mha,456,2,13,0.0354849249124527,0.03744470700621605,1.771210789680481
1500,mha,456,2,14,0.04921437427401543,0.05152519792318344,1.771210789680481
1500,mha,456,2,15,0.030663248151540756,0.03830598294734955,1.771210789680481
1500,mha,456,3,0,0.042558491230010986,0.043945372104644775,1.5064831972122192
1500,mha,456,3,1,0.060880228877067566,0.05971131473779678,1.5064831972122192
1500,mha,456,3,2,0.047674357891082764,0.04756546765565872,1.5064831972122192
1500,mha,456,3,3,0.0711619034409523,0.05421305447816849,1.5064831972122192
1500,mha,456,3,4,0.07078572362661362,0.06244377791881561,1.5064831972122192
1500,mha,456,3,5,0.06831278651952744,0.06960497051477432,1.5064831972122192
1500,mha,456,3,6,0.05361592769622803,0.050566717982292175,1.5064831972122192
1500,mha,456,3,7,0.06902191042900085,0.06606809049844742,1.5064831972122192
1500,mha,456,3,8,0.0947558581829071,0.11683505028486252,1.5064831972122192
1500,mha,456,3,9,0.023135986179113388,0.028324568644165993,1.5064831972122192
1500,mha,456,3,10,0.07101206481456757,0.07596015930175781,1.5064831972122192
1500,mha,456,3,11,0.08243510127067566,0.08339356631040573,1.5064831972122192
1500,mha,456,3,12,0.08005035668611526,0.06688223779201508,1.5064831972122192
1500,mha,456,3,13,0.07185953855514526,0.07302059978246689,1.5064831972122192
1500,mha,456,3,14,0.03832397609949112,0.04150354862213135,1.5064831972122192
1500,mha,456,3,15,0.05441579222679138,0.05996159091591835,1.5064831972122192
1500,mha,456,4,0,0.09229481965303421,0.08499563485383987,1.5408451557159424
1500,mha,456,4,1,0.05212219059467316,0.06244097277522087,1.5408451557159424
1500,mha,456,4,2,0.059419047087430954,0.04755060374736786,1.5408451557159424
1500,mha,456,4,3,0.05099985748529434,0.06552964448928833,1.5408451557159424
1500,mha,456,4,4,0.05395009368658066,0.04998631775379181,1.5408451557159424
1500,mha,456,4,5,0.08015533536672592,0.06757816672325134,1.5408451557159424
1500,mha,456,4,6,0.08223073184490204,0.10401279479265213,1.5408451557159424
1500,mha,456,4,7,0.07684142887592316,0.07123035937547684,1.5408451557159424
1500,mha,456,4,8,0.04455403611063957,0.051292967051267624,1.5408451557159424
1500,mha,456,4,9,0.0663280263543129,0.07886422425508499,1.5408451557159424
1500,mha,456,4,10,0.03881124034523964,0.03822048008441925,1.5408451557159424
1500,mha,456,4,11,0.06735941767692566,0.06187514588236809,1.5408451557159424
1500,mha,456,4,12,0.052808940410614014,0.03628716245293617,1.5408451557159424
1500,mha,456,4,13,0.05770517885684967,0.06514659523963928,1.5408451557159424
1500,mha,456,4,14,0.0691509023308754,0.05822448804974556,1.5408451557159424
1500,mha,456,4,15,0.05526875704526901,0.05676455795764923,1.5408451557159424
1500,mha,456,5,0,0.054546814411878586,0.05532699078321457,1.500321388244629
1500,mha,456,5,1,0.05798644945025444,0.04648600146174431,1.500321388244629
1500,mha,456,5,2,0.0664348378777504,0.07391034811735153,1.500321388244629
1500,mha,456,5,3,0.07065663486719131,0.07754804939031601,1.500321388244629
1500,mha,456,5,4,0.09041199088096619,0.08340538293123245,1.500321388244629
1500,mha,456,5,5,0.03933115676045418,0.05828015133738518,1.500321388244629
1500,mha,456,5,6,0.04908202961087227,0.05553991347551346,1.500321388244629
1500,mha,456,5,7,0.09495137631893158,0.0824548527598381,1.500321388244629
1500,mha,456,5,8,0.03169392794370651,0.029312992468476295,1.500321388244629
1500,mha,456,5,9,0.04702005907893181,0.060131415724754333,1.500321388244629
1500,mha,456,5,10,0.08545216917991638,0.07586593925952911,1.500321388244629
1500,mha,456,5,11,0.04321075603365898,0.03892727941274643,1.500321388244629
1500,mha,456,5,12,0.059122923761606216,0.0616326779127121,1.500321388244629
1500,mha,456,5,13,0.07538797706365585,0.06938879936933517,1.500321388244629
1500,mha,456,5,14,0.06414449214935303,0.04774272069334984,1.500321388244629
1500,mha,456,5,15,0.07056640833616257,0.08404642343521118,1.500321388244629
2000,mha,456,1,0,0.04003102704882622,0.052220653742551804,2.1755855083465576
2000,mha,456,1,1,0.07529683411121368,0.07384932786226273,2.1755855083465576
2000,mha,456,1,2,0.06174265593290329,0.06055952236056328,2.1755855083465576
2000,mha,456,1,3,0.06853576749563217,0.07040015608072281,2.1755855083465576
2000,mha,456,1,4,0.07385457307100296,0.06695723533630371,2.1755855083465576
2000,mha,456,1,5,0.042433880269527435,0.05236361175775528,2.1755855083465576
2000,mha,456,1,6,0.04057260975241661,0.056493110954761505,2.1755855083465576
2000,mha,456,1,7,0.06981262564659119,0.06386495381593704,2.1755855083465576
2000,mha,456,1,8,0.06384745240211487,0.07180866599082947,2.1755855083465576
2000,mha,456,1,9,0.07158355414867401,0.06250829994678497,2.1755855083465576
2000,mha,456,1,10,0.07433827966451645,0.06271732598543167,2.1755855083465576
2000,mha,456,1,11,0.06171254441142082,0.06492321938276291,2.1755855083465576
2000,mha,456,1,12,0.05616811290383339,0.05780690535902977,2.1755855083465576
2000,mha,456,1,13,0.05202952027320862,0.04956962540745735,2.1755855083465576
2000,mha,456,1,14,0.04128224775195122,0.04553978145122528,2.1755855083465576
2000,mha,456,1,15,0.10675831884145737,0.08841755241155624,2.1755855083465576
2000,mha,456,2,0,0.06366994231939316,0.0612955279648304,1.7680790424346924
2000,mha,456,2,1,0.05161936581134796,0.052999187260866165,1.7680790424346924
2000,mha,456,2,2,0.07134318351745605,0.08552298694849014,1.7680790424346924
2000,mha,456,2,3,0.05734822526574135,0.06128093600273132,1.7680790424346924
2000,mha,456,2,4,0.07066579163074493,0.06233758106827736,1.7680790424346924
2000,mha,456,2,5,0.07381286472082138,0.06437870115041733,1.7680790424346924
2000,mha,456,2,6,0.06681375950574875,0.06587148457765579,1.7680790424346924
2000,mha,456,2,7,0.0531717948615551,0.06097140163183212,1.7680790424346924
2000,mha,456,2,8,0.0987846851348877,0.08322512358427048,1.7680790424346924
2000,mha,456,2,9,0.06291371583938599,0.0643947422504425,1.7680790424346924
2000,mha,456,2,10,0.06440948694944382,0.06314945966005325,1.7680790424346924
2000,mha,456,2,11,0.07828918099403381,0.08328279107809067,1.7680790424346924
2000,mha,456,2,12,0.044601745903491974,0.04634150490164757,1.7680790424346924
2000,mha,456,2,13,0.054560139775276184,0.047087881714105606,1.7680790424346924
2000,mha,456,2,14,0.059896036982536316,0.060568708926439285,1.7680790424346924
2000,mha,456,2,15,0.02810007706284523,0.037292107939720154,1.7680790424346924
2000,mha,456,3,0,0.049036458134651184,0.04810137674212456,1.47041654586792
2000,mha,456,3,1,0.07225514948368073,0.06656940281391144,1.47041654586792
2000,mha,456,3,2,0.044690653681755066,0.04441693797707558,1.47041654586792
2000,mha,456,3,3,0.06429626792669296,0.05146319791674614,1.47041654586792
2000,mha,456,3,4,0.07540740817785263,0.06480690091848373,1.47041654586792
2000,mha,456,3,5,0.07124969363212585,0.07608029246330261,1.47041654586792
2000,mha,456,3,6,0.047640278935432434,0.04366938769817352,1.47041654586792
2000,mha,456,3,7,0.061257731169462204,0.06230520084500313,1.47041654586792
2000,mha,456,3,8,0.09662140160799026,0.12114152312278748,1.47041654586792
2000,mha,456,3,9,0.02507731132209301,0.030074425041675568,1.47041654586792
2000,mha,456,3,10,0.06387685239315033,0.06578710675239563,1.47041654586792
2000,mha,456,3,11,0.08415842801332474,0.08693410456180573,1.47041654586792
2000,mha,456,3,12,0.06748179346323013,0.05644155666232109,1.47041654586792
2000,mha,456,3,13,0.0690721645951271,0.07126983255147934,1.47041654586792
2000,mha,456,3,14,0.04192769527435303,0.044018883258104324,1.47041654586792
2000,mha,456,3,15,0.06595072150230408,0.06691981852054596,1.47041654586792
2000,mha,456,4,0,0.09417978674173355,0.08498632162809372,1.3741103410720825
2000,mha,456,4,1,0.0459626279771328,0.05634092912077904,1.3741103410720825
2000,mha,456,4,2,0.07075785100460052,0.05370405316352844,1.3741103410720825
2000,mha,456,4,3,0.04822397977113724,0.06325113028287888,1.3741103410720825
2000,mha,456,4,4,0.06548400968313217,0.059045612812042236,1.3741103410720825
2000,mha,456,4,5,0.08228515833616257,0.06862808763980865,1.3741103410720825
2000,mha,456,4,6,0.0820096805691719,0.1061081513762474,1.3741103410720825
2000,mha,456,4,7,0.07548919320106506,0.07754415273666382,1.3741103410720825
2000,mha,456,4,8,0.045115966349840164,0.048467762768268585,1.3741103410720825
2000,mha,456,4,9,0.06192728504538536,0.07528729736804962,1.3741103410720825
2000,mha,456,4,10,0.04712687060236931,0.043359704315662384,1.3741103410720825
2000,mha,456,4,11,0.05254984647035599,0.05091916024684906,1.3741103410720825
2000,mha,456,4,12,0.059756774455308914,0.03728104382753372,1.3741103410720825
2000,mha,456,4,13,0.056576233357191086,0.06718993186950684,1.3741103410720825
2000,mha,456,4,14,0.06449300050735474,0.055872395634651184,1.3741103410720825
2000,mha,456,4,15,0.04806172847747803,0.052014291286468506,1.3741103410720825
2000,mha,456,5,0,0.05514271929860115,0.05698244646191597,1.4040387868881226
2000,mha,456,5,1,0.061582744121551514,0.04931466653943062,1.4040387868881226
2000,mha,456,5,2,0.05849192291498184,0.06912952661514282,1.4040387868881226
2000,mha,456,5,3,0.07602569460868835,0.08094462752342224,1.4040387868881226
2000,mha,456,5,4,0.09412943571805954,0.08576498925685883,1.4040387868881226
2000,mha,456,5,5,0.03719024732708931,0.055815570056438446,1.4040387868881226
2000,mha,456,5,6,0.04174194484949112,0.04968602955341339,1.4040387868881226
2000,mha,456,5,7,0.09823354333639145,0.08592057973146439,1.4040387868881226
2000,mha,456,5,8,0.03591013699769974,0.03483645245432854,1.4040387868881226
2000,mha,456,5,9,0.047772523015737534,0.05677925795316696,1.4040387868881226
2000,mha,456,5,10,0.08745188266038895,0.08360122889280319,1.4040387868881226
2000,mha,456,5,11,0.03906107693910599,0.03548680245876312,1.4040387868881226
2000,mha,456,5,12,0.05784647539258003,0.0588420107960701,1.4040387868881226
2000,mha,456,5,13,0.07898539304733276,0.07385405898094177,1.4040387868881226
2000,mha,456,5,14,0.06525329500436783,0.047961749136447906,1.4040387868881226
2000,mha,456,5,15,0.06518097221851349,0.07507999986410141,1.4040387868881226
2500,mha,456,1,0,0.03749369457364082,0.05400986969470978,2.275758981704712
2500,mha,456,1,1,0.07079844176769257,0.07127989083528519,2.275758981704712
2500,mha,456,1,2,0.0675741583108902,0.06871751695871353,2.275758981704712
2500,mha,456,1,3,0.0643526241183281,0.06817671656608582,2.275758981704712
2500,mha,456,1,4,0.06125783175230026,0.06251692771911621,2.275758981704712
2500,mha,456,1,5,0.0687001571059227,0.06110483035445213,2.275758981704712
2500,mha,456,1,6,0.0473804734647274,0.05980315059423447,2.275758981704712
2500,mha,456,1,7,0.06502136588096619,0.06272187829017639,2.275758981704712
2500,mha,456,1,8,0.06781311333179474,0.07346693426370621,2.275758981704712
2500,mha,456,1,9,0.0724823996424675,0.06142790988087654,2.275758981704712
2500,mha,456,1,10,0.07059784233570099,0.05791884660720825,2.275758981704712
2500,mha,456,1,11,0.05610077083110809,0.06140995770692825,2.275758981704712
2500,mha,456,1,12,0.06532806158065796,0.06159133091568947,2.275758981704712
2500,mha,456,1,13,0.05128530040383339,0.04821246117353439,2.275758981704712
2500,mha,456,1,14,0.05326090380549431,0.053296349942684174,2.275758981704712
2500,mha,456,1,15,0.08055287599563599,0.0743454173207283,2.275758981704712
2500,mha,456,2,0,0.051846619695425034,0.05478271469473839,1.7595632076263428
2500,mha,456,2,1,0.05902282893657684,0.0573308952152729,1.7595632076263428
2500,mha,456,2,2,0.06736978888511658,0.0830753967165947,1.7595632076263428
2500,mha,456,2,3,0.05915690213441849,0.059601955115795135,1.7595632076263428
2500,mha,456,2,4,0.07693237066268921,0.0666862204670906,1.7595632076263428
2500,mha,456,2,5,0.06204081326723099,0.05622899532318115,1.7595632076263428
2500,mha,456,2,6,0.06221191585063934,0.06165532395243645,1.7595632076263428
2500,mha,456,2,7,0.059234619140625,0.06783353537321091,1.7595632076263428
2500,mha,456,2,8,0.0861499011516571,0.07320959120988846,1.7595632076263428
2500,mha,456,2,9,0.05391937121748924,0.06228682026267052,1.7595632076263428
2500,mha,456,2,10,0.08140838891267776,0.07022777199745178,1.7595632076263428
2500,mha,456,2,11,0.0807788074016571,0.08512447774410248,1.7595632076263428
2500,mha,456,2,12,0.053798116743564606,0.050783101469278336,1.7595632076263428
2500,mha,456,2,13,0.046704813838005066,0.04283919930458069,1.7595632076263428
2500,mha,456,2,14,0.06681101769208908,0.06638891994953156,1.7595632076263428
2500,mha,456,2,15,0.03261372819542885,0.04194508492946625,1.7595632076263428
2500,mha,456,3,0,0.04893239215016365,0.0498570054769516,1.5154145956039429
2500,mha,456,3,1,0.06134409457445145,0.059702396392822266,1.5154145956039429
2500,mha,456,3,2,0.05523223802447319,0.05310268700122833,1.5154145956039429
2500,mha,456,3,3,0.07043030112981796,0.056355107575654984,1.5154145956039429
2500,mha,456,3,4,0.0757453441619873,0.06270910054445267,1.5154145956039429
2500,mha,456,3,5,0.06976979225873947,0.0727379247546196,1.5154145956039429
2500,mha,456,3,6,0.057365722954273224,0.051362551748752594,1.5154145956039429
2500,mha,456,3,7,0.0630086287856102,0.06629703938961029,1.5154145956039429
2500,mha,456,3,8,0.09331980347633362,0.10590047389268875,1.5154145956039429
2500,mha,456,3,9,0.026113688945770264,0.03330755606293678,1.5154145956039429
2500,mha,456,3,10,0.07032918184995651,0.07328414171934128,1.5154145956039429
2500,mha,456,3,11,0.07998871058225632,0.0843549370765686,1.5154145956039429
2500,mha,456,3,12,0.06330922245979309,0.05649670213460922,1.5154145956039429
2500,mha,456,3,13,0.06598968803882599,0.06755353510379791,1.5154145956039429
2500,mha,456,3,14,0.04487986117601395,0.04630681127309799,1.5154145956039429
2500,mha,456,3,15,0.05424133315682411,0.060672104358673096,1.5154145956039429
2500,mha,456,4,0,0.08529866486787796,0.0811336413025856,1.339296579360962
2500,mha,456,4,1,0.04921925812959671,0.059985700994729996,1.339296579360962
2500,mha,456,4,2,0.06987976282835007,0.054463181644678116,1.339296579360962
2500,mha,456,4,3,0.04501719027757645,0.05843918398022652,1.339296579360962
2500,mha,456,4,4,0.0753435268998146,0.06622711569070816,1.339296579360962
2500,mha,456,4,5,0.09049387276172638,0.07587076723575592,1.339296579360962
2500,mha,456,4,6,0.07725046575069427,0.10104448348283768,1.339296579360962
2500,mha,456,4,7,0.0712146982550621,0.0730813518166542,1.339296579360962
2500,mha,456,4,8,0.0389271043241024,0.04410893842577934,1.339296579360962
2500,mha,456,4,9,0.057693686336278915,0.071821428835392,1.339296579360962
2500,mha,456,4,10,0.05170603469014168,0.047945357859134674,1.339296579360962
2500,mha,456,4,11,0.04004811495542526,0.04377906769514084,1.339296579360962
2500,mha,456,4,12,0.06435079127550125,0.03920747712254524,1.339296579360962
2500,mha,456,4,13,0.056563619524240494,0.0676543191075325,1.339296579360962
2500,mha,456,4,14,0.07508514076471329,0.060995470732450485,1.339296579360962
2500,mha,456,4,15,0.051908060908317566,0.05424248427152634,1.339296579360962
2500,mha,456,5,0,0.061765238642692566,0.06171022355556488,1.3981817960739136
2500,mha,456,5,1,0.06054728105664253,0.05015945807099342,1.3981817960739136
2500,mha,456,5,2,0.06762736290693283,0.07746993750333786,1.3981817960739136
2500,mha,456,5,3,0.0699729397892952,0.07757146656513214,1.3981817960739136
2500,mha,456,5,4,0.09834665805101395,0.089895099401474,1.3981817960739136
2500,mha,456,5,5,0.038041483610868454,0.057251203805208206,1.3981817960739136
2500,mha,456,5,6,0.0388069674372673,0.04881833866238594,1.3981817960739136
2500,mha,456,5,7,0.09409698843955994,0.08071620017290115,1.3981817960739136
2500,mha,456,5,8,0.03636006638407707,0.03657194972038269,1.3981817960739136
2500,mha,456,5,9,0.04350117966532707,0.05466906726360321,1.3981817960739136
2500,mha,456,5,10,0.09332061558961868,0.08329138904809952,1.3981817960739136
2500,mha,456,5,11,0.03251383453607559,0.03144063800573349,1.3981817960739136
2500,mha,456,5,12,0.05978332459926605,0.05744102969765663,1.3981817960739136
2500,mha,456,5,13,0.08873067051172256,0.08145997673273087,1.3981817960739136
2500,mha,456,5,14,0.05348815768957138,0.03997664153575897,1.3981817960739136
2500,mha,456,5,15,0.06309723109006882,0.07155737280845642,1.3981817960739136
3000,mha,456,1,0,0.03710947558283806,0.05394357815384865,2.2551088333129883
3000,mha,456,1,1,0.06536152958869934,0.06653040647506714,2.2551088333129883
3000,mha,456,1,2,0.06266214698553085,0.06701614707708359,2.2551088333129883
3000,mha,456,1,3,0.08637349307537079,0.0752372294664383,2.2551088333129883
3000,mha,456,1,4,0.05643473193049431,0.061566125601530075,2.2551088333129883
3000,mha,456,1,5,0.0688266009092331,0.061112478375434875,2.2551088333129883
3000,mha,456,1,6,0.05234140902757645,0.05969103425741196,2.2551088333129883
3000,mha,456,1,7,0.06910746544599533,0.0653257668018341,2.2551088333129883
3000,mha,456,1,8,0.06331420689821243,0.06906303763389587,2.2551088333129883
3000,mha,456,1,9,0.05975230038166046,0.054356612265110016,2.2551088333129883
3000,mha,456,1,10,0.07727935910224915,0.06451339274644852,2.2551088333129883
3000,mha,456,1,11,0.07121053338050842,0.06757135689258575,2.2551088333129883
3000,mha,456,1,12,0.06239613890647888,0.059781938791275024,2.2551088333129883
3000,mha,456,1,13,0.0513286329805851,0.048050377517938614,2.2551088333129883
3000,mha,456,1,14,0.024674072861671448,0.042489953339099884,2.2551088333129883
3000,mha,456,1,15,0.09182789921760559,0.08375062793493271,2.2551088333129883
3000,mha,456,2,0,0.0470663458108902,0.052563879638910294,1.72663414478302
3000,mha,456,2,1,0.06886444240808487,0.06467799097299576,1.72663414478302
3000,mha,456,2,2,0.06581369787454605,0.08288050442934036,1.72663414478302
3000,mha,456,2,3,0.058672789484262466,0.05940018966794014,1.72663414478302
3000,mha,456,2,4,0.07630950957536697,0.0665411725640297,1.72663414478302
3000,mha,456,2,5,0.06301737576723099,0.05659576505422592,1.72663414478302
3000,mha,456,2,6,0.06414550542831421,0.06004534289240837,1.72663414478302
3000,mha,456,2,7,0.05637074634432793,0.06632110476493835,1.72663414478302
3000,mha,456,2,8,0.0851365178823471,0.0709608867764473,1.72663414478302
3000,mha,456,2,9,0.05988525226712227,0.06750255823135376,1.72663414478302
3000,mha,456,2,10,0.07205566763877869,0.06374623626470566,1.72663414478302
3000,mha,456,2,11,0.07552286982536316,0.08183571696281433,1.72663414478302
3000,mha,456,2,12,0.0522347018122673,0.04982810094952583,1.72663414478302
3000,mha,456,2,13,0.048268433660268784,0.04111186042428017,1.72663414478302
3000,mha,456,2,14,0.06761138886213303,0.06904657930135727,1.72663414478302
3000,mha,456,2,15,0.03902475908398628,0.046941958367824554,1.72663414478302
3000,mha,456,3,0,0.054550375789403915,0.05157601833343506,1.5006924867630005
3000,mha,456,3,1,0.06274617463350296,0.06075171008706093,1.5006924867630005
3000,mha,456,3,2,0.058512572199106216,0.05267053842544556,1.5006924867630005
3000,mha,456,3,3,0.0660661831498146,0.05440973863005638,1.5006924867630005
3000,mha,456,3,4,0.06735819578170776,0.055530428886413574,1.5006924867630005
3000,mha,456,3,5,0.07191650569438934,0.07577716559171677,1.5006924867630005
3000,mha,456,3,6,0.05494140461087227,0.04845238849520683,1.5006924867630005
3000,mha,456,3,7,0.058028362691402435,0.06301113218069077,1.5006924867630005
3000,mha,456,3,8,0.09550231695175171,0.11451924592256546,1.5006924867630005
3000,mha,456,3,9,0.021675415337085724,0.03096802346408367,1.5006924867630005
3000,mha,456,3,10,0.07140462100505829,0.07361346483230591,1.5006924867630005
3000,mha,456,3,11,0.08510670810937881,0.08747702091932297,1.5006924867630005
3000,mha,456,3,12,0.06015513092279434,0.05335453525185585,1.5006924867630005
3000,mha,456,3,13,0.06770792603492737,0.06826542317867279,1.5006924867630005
3000,mha,456,3,14,0.0516897588968277,0.051970768719911575,1.5006924867630005
3000,mha,456,3,15,0.05263834819197655,0.05765235424041748,1.5006924867630005
3000,mha,456,4,0,0.08804972469806671,0.08108298480510712,1.276449203491211
3000,mha,456,4,1,0.05345916748046875,0.06157265976071358,1.276449203491211
3000,mha,456,4,2,0.05821523070335388,0.047239113599061966,1.276449203491211
3000,mha,456,4,3,0.0424785353243351,0.058063626289367676,1.276449203491211
3000,mha,456,4,4,0.07413452118635178,0.06580529361963272,1.276449203491211
3000,mha,456,4,5,0.09485239535570145,0.07794423401355743,1.276449203491211
3000,mha,456,4,6,0.08000335842370987,0.10492310672998428,1.276449203491211
3000,mha,456,4,7,0.0751177966594696,0.0777449905872345,1.276449203491211
3000,mha,456,4,8,0.04102620482444763,0.04510320723056793,1.276449203491211
3000,mha,456,4,9,0.05660034343600273,0.07064279913902283,1.276449203491211
3000,mha,456,4,10,0.05622049793601036,0.04959931969642639,1.276449203491211
3000,mha,456,4,11,0.04730641841888428,0.0453423410654068,1.276449203491211
3000,mha,456,4,12,0.05624328553676605,0.03521784394979477,1.276449203491211
3000,mha,456,4,13,0.057162169367074966,0.06808730959892273,1.276449203491211
3000,mha,456,4,14,0.06489247828722,0.055896785110235214,1.276449203491211
3000,mha,456,4,15,0.05423787608742714,0.05573439970612526,1.276449203491211
3000,mha,456,5,0,0.06255462765693665,0.06189044937491417,1.3821557760238647
3000,mha,456,5,1,0.06229614093899727,0.04869333654642105,1.3821557760238647
3000,mha,456,5,2,0.06097707152366638,0.0726630687713623,1.3821557760238647
3000,mha,456,5,3,0.06904897093772888,0.07540211826562881,1.3821557760238647
3000,mha,456,5,4,0.09966644644737244,0.0918564572930336,1.3821557760238647
3000,mha,456,5,5,0.036626484245061874,0.056350719183683395,1.3821557760238647
3000,mha,456,5,6,0.039231158792972565,0.050267335027456284,1.3821557760238647
3000,mha,456,5,7,0.09947723150253296,0.08711311221122742,1.3821557760238647
3000,mha,456,5,8,0.035678405314683914,0.03545470908284187,1.3821557760238647
3000,mha,456,5,9,0.038590289652347565,0.050796087831258774,1.3821557760238647
3000,mha,456,5,10,0.09177988767623901,0.08278601616621017,1.3821557760238647
3000,mha,456,5,11,0.03795003145933151,0.03401509299874306,1.3821557760238647
3000,mha,456,5,12,0.051387228071689606,0.05336657166481018,1.3821557760238647
3000,mha,456,5,13,0.08504527062177658,0.07874022424221039,1.3821557760238647
3000,mha,456,5,14,0.06987854093313217,0.051517028361558914,1.3821557760238647
3000,mha,456,5,15,0.059812214225530624,0.06908773630857468,1.3821557760238647
3500,mha,456,1,0,0.052765198051929474,0.056689295917749405,2.2543437480926514
3500,mha,456,1,1,0.06752278655767441,0.06937938928604126,2.2543437480926514
3500,mha,456,1,2,0.06266520172357559,0.06513427942991257,2.2543437480926514
3500,mha,456,1,3,0.06487803161144257,0.06373303383588791,2.2543437480926514
3500,mha,456,1,4,0.06940531730651855,0.0652088150382042,2.2543437480926514
3500,mha,456,1,5,0.050175782293081284,0.05658525601029396,2.2543437480926514
3500,mha,456,1,6,0.032932840287685394,0.05490715801715851,2.2543437480926514
3500,mha,456,1,7,0.0715472400188446,0.06328671425580978,2.2543437480926514
3500,mha,456,1,8,0.0681413784623146,0.07689796388149261,2.2543437480926514
3500,mha,456,1,9,0.07075338065624237,0.05927819386124611,2.2543437480926514
3500,mha,456,1,10,0.06789754331111908,0.05657108128070831,2.2543437480926514
3500,mha,456,1,11,0.055785421282052994,0.06659041345119476,2.2543437480926514
3500,mha,456,1,12,0.06394714117050171,0.05875706300139427,2.2543437480926514
3500,mha,456,1,13,0.06035715714097023,0.05449272692203522,2.2543437480926514
3500,mha,456,1,14,0.05242350324988365,0.05280626565217972,2.2543437480926514
3500,mha,456,1,15,0.08880208432674408,0.07968238741159439,2.2543437480926514
3500,mha,456,2,0,0.05296539142727852,0.056102264672517776,1.7311619520187378
3500,mha,456,2,1,0.05714324861764908,0.05759115144610405,1.7311619520187378
3500,mha,456,2,2,0.0644448846578598,0.08246557414531708,1.7311619520187378
3500,mha,456,2,3,0.06667826324701309,0.06654234230518341,1.7311619520187378
3500,mha,456,2,4,0.07422637939453125,0.06279123574495316,1.7311619520187378
3500,mha,456,2,5,0.06733062863349915,0.06099032610654831,1.7311619520187378
3500,mha,456,2,6,0.06038716807961464,0.056864965707063675,1.7311619520187378
3500,mha,456,2,7,0.053798116743564606,0.06262896955013275,1.7311619520187378
3500,mha,456,2,8,0.08843261748552322,0.07451687753200531,1.7311619520187378
3500,mha,456,2,9,0.053847044706344604,0.06306815147399902,1.7311619520187378
3500,mha,456,2,10,0.06979593634605408,0.0646156370639801,1.7311619520187378
3500,mha,456,2,11,0.07615844905376434,0.07889050990343094,1.7311619520187378
3500,mha,456,2,12,0.05514709651470184,0.052165236324071884,1.7311619520187378
3500,mha,456,2,13,0.055727843195199966,0.044209208339452744,1.7311619520187378
3500,mha,456,2,14,0.06213735044002533,0.06763473153114319,1.7311619520187378
3500,mha,456,2,15,0.04177958145737648,0.04892279952764511,1.7311619520187378
3500,mha,456,3,0,0.053381651639938354,0.052590854465961456,1.4772874116897583
3500,mha,456,3,1,0.051560260355472565,0.05078738182783127,1.4772874116897583
3500,mha,456,3,2,0.05016621947288513,0.04747122898697853,1.4772874116897583
3500,mha,456,3,3,0.06537780910730362,0.0550491027534008,1.4772874116897583
3500,mha,456,3,4,0.06976623833179474,0.05582553893327713,1.4772874116897583
3500,mha,456,3,5,0.07087992131710052,0.07669767737388611,1.4772874116897583
3500,mha,456,3,6,0.05505309998989105,0.04774826392531395,1.4772874116897583
3500,mha,456,3,7,0.06580230593681335,0.07043350487947464,1.4772874116897583
3500,mha,456,3,8,0.09593943506479263,0.1148771122097969,1.4772874116897583
3500,mha,456,3,9,0.03368418291211128,0.03695731610059738,1.4772874116897583
3500,mha,456,3,10,0.07330363243818283,0.0731990784406662,1.4772874116897583
3500,mha,456,3,11,0.07391204684972763,0.08054638653993607,1.4772874116897583
3500,mha,456,3,12,0.061843059957027435,0.056607335805892944,1.4772874116897583
3500,mha,456,3,13,0.07091664522886276,0.06872279196977615,1.4772874116897583
3500,mha,456,3,14,0.047093506902456284,0.04742442071437836,1.4772874116897583
3500,mha,456,3,15,0.0613199882209301,0.06506192684173584,1.4772874116897583
3500,mha,456,4,0,0.09080047905445099,0.08149335533380508,1.2786904573440552
3500,mha,456,4,1,0.0513489805161953,0.061698805540800095,1.2786904573440552
3500,mha,456,4,2,0.06832977384328842,0.05502188950777054,1.2786904573440552
3500,mha,456,4,3,0.03944254666566849,0.05472958832979202,1.2786904573440552
3500,mha,456,4,4,0.06615590304136276,0.058741144835948944,1.2786904573440552
3500,mha,456,4,5,0.09357645362615585,0.07670198380947113,1.2786904573440552
3500,mha,456,4,6,0.07797485589981079,0.09983145445585251,1.2786904573440552
3500,mha,456,4,7,0.07034098356962204,0.07784941047430038,1.2786904573440552
3500,mha,456,4,8,0.04126983508467674,0.04552764445543289,1.2786904573440552
3500,mha,456,4,9,0.05484680086374283,0.06838664412498474,1.2786904573440552
3500,mha,456,4,10,0.05432169511914253,0.04874950274825096,1.2786904573440552
3500,mha,456,4,11,0.051147256046533585,0.05083232372999191,1.2786904573440552
3500,mha,456,4,12,0.06437978148460388,0.03904462233185768,1.2786904573440552
3500,mha,456,4,13,0.05836751312017441,0.07019588351249695,1.2786904573440552
3500,mha,456,4,14,0.07018981873989105,0.059244703501462936,1.2786904573440552
3500,mha,456,4,15,0.04750732332468033,0.05195105820894241,1.2786904573440552
3500,mha,456,5,0,0.06363026797771454,0.062349218875169754,1.3704384565353394
3500,mha,456,5,1,0.058884888887405396,0.047072526067495346,1.3704384565353394
3500,mha,456,5,2,0.06488128751516342,0.07575708627700806,1.3704384565353394
3500,mha,456,5,3,0.07283386588096619,0.08049456030130386,1.3704384565353394
3500,mha,456,5,4,0.1039319857954979,0.09480807930231094,1.3704384565353394
3500,mha,456,5,5,0.0372963473200798,0.057299867272377014,1.3704384565353394
3500,mha,456,5,6,0.035409241914749146,0.04573725536465645,1.3704384565353394
3500,mha,456,5,7,0.09501414000988007,0.08168299496173859,1.3704384565353394
3500,mha,456,5,8,0.0384603887796402,0.037232086062431335,1.3704384565353394
3500,mha,456,5,9,0.039462484419345856,0.050717778503894806,1.3704384565353394
3500,mha,456,5,10,0.09798970818519592,0.0883726105093956,1.3704384565353394
3500,mha,456,5,11,0.032569073140621185,0.02917373925447464,1.3704384565353394
3500,mha,456,5,12,0.052411701530218124,0.05176734924316406,1.3704384565353394
3500,mha,456,5,13,0.08132191747426987,0.0743994265794754,1.3704384565353394
3500,mha,456,5,14,0.061179403215646744,0.04784883186221123,1.3704384565353394
3500,mha,456,5,15,0.06472330540418625,0.07528660446405411,1.3704384565353394
4000,mha,456,1,0,0.052955422550439835,0.061453863978385925,2.2414627075195312
4000,mha,456,1,1,0.07614502310752869,0.07357419282197952,2.2414627075195312
4000,mha,456,1,2,0.04442331939935684,0.059195421636104584,2.2414627075195312
4000,mha,456,1,3,0.07642202079296112,0.07064658403396606,2.2414627075195312
4000,mha,456,1,4,0.060552265495061874,0.060611650347709656,2.2414627075195312
4000,mha,456,1,5,0.04611826688051224,0.055021896958351135,2.2414627075195312
4000,mha,456,1,6,0.057772520929574966,0.059826966375112534,2.2414627075195312
4000,mha,456,1,7,0.06330149620771408,0.0625302866101265,2.2414627075195312
4000,mha,456,1,8,0.06694142520427704,0.07465333491563797,2.2414627075195312
4000,mha,456,1,9,0.0671699047088623,0.05756238475441933,2.2414627075195312
4000,mha,456,1,10,0.0668354257941246,0.05795854702591896,2.2414627075195312
4000,mha,456,1,11,0.06131134182214737,0.06809869408607483,2.2414627075195312
4000,mha,456,1,12,0.06264180690050125,0.05800105258822441,2.2414627075195312
4000,mha,456,1,13,0.05162424594163895,0.04820524901151657,2.2414627075195312
4000,mha,456,1,14,0.05682129040360451,0.05207163468003273,2.2414627075195312
4000,mha,456,1,15,0.08896423131227493,0.08058802783489227,2.2414627075195312
4000,mha,456,2,0,0.0405082181096077,0.04850979894399643,1.7011483907699585
4000,mha,456,2,1,0.05300801619887352,0.054286058992147446,1.7011483907699585
4000,mha,456,2,2,0.07356506586074829,0.08608074486255646,1.7011483907699585
4000,mha,456,2,3,0.07153849303722382,0.06820528954267502,1.7011483907699585
4000,mha,456,2,4,0.07947428524494171,0.0669158399105072,1.7011483907699585
4000,mha,456,2,5,0.06550567597150803,0.05984039977192879,1.7011483907699585
4000,mha,456,2,6,0.07245585322380066,0.06585676223039627,1.7011483907699585
4000,mha,456,2,7,0.05136779695749283,0.060355257242918015,1.7011483907699585
4000,mha,456,2,8,0.09570708870887756,0.07983098924160004,1.7011483907699585
4000,mha,456,2,9,0.050607096403837204,0.06130284443497658,1.7011483907699585
4000,mha,456,2,10,0.06536498665809631,0.060509562492370605,1.7011483907699585
4000,mha,456,2,11,0.07407023012638092,0.0790981724858284,1.7011483907699585
4000,mha,456,2,12,0.05486480891704559,0.05177426338195801,1.7011483907699585
4000,mha,456,2,13,0.06005767732858658,0.04598889872431755,1.7011483907699585
4000,mha,456,2,14,0.054640501737594604,0.06585609167814255,1.7011483907699585
4000,mha,456,2,15,0.037264201790094376,0.04558909684419632,1.7011483907699585
4000,mha,456,3,0,0.0483856201171875,0.05033013969659805,1.4780151844024658
4000,mha,456,3,1,0.05131825804710388,0.05290059745311737,1.4780151844024658
4000,mha,456,3,2,0.0568886324763298,0.048758357763290405,1.4780151844024658
4000,mha,456,3,3,0.06821594387292862,0.055648867040872574,1.4780151844024658
4000,mha,456,3,4,0.07295715063810349,0.057471588253974915,1.4780151844024658
4000,mha,456,3,5,0.07045430690050125,0.07140257209539413,1.4780151844024658
4000,mha,456,3,6,0.05089518055319786,0.0455537773668766,1.4780151844024658
4000,mha,456,3,7,0.05923756957054138,0.06445428729057312,1.4780151844024658
4000,mha,456,3,8,0.10239451378583908,0.12463632971048355,1.4780151844024658
4000,mha,456,3,9,0.0362834669649601,0.03831258788704872,1.4780151844024658
4000,mha,456,3,10,0.0759575366973877,0.07686654478311539,1.4780151844024658
4000,mha,456,3,11,0.07788370549678802,0.08281639963388443,1.4780151844024658
4000,mha,456,3,12,0.05844767391681671,0.05446033552289009,1.4780151844024658
4000,mha,456,3,13,0.07185851782560349,0.07137133181095123,1.4780151844024658
4000,mha,456,3,14,0.04659220203757286,0.04798562824726105,1.4780151844024658
4000,mha,456,3,15,0.05222971737384796,0.05703074857592583,1.4780151844024658
4000,mha,456,4,0,0.08981242030858994,0.07975178211927414,1.2579799890518188
4000,mha,456,4,1,0.05205230787396431,0.06113166734576225,1.2579799890518188
4000,mha,456,4,2,0.06105458736419678,0.04936730116605759,1.2579799890518188
4000,mha,456,4,3,0.04448028653860092,0.058581605553627014,1.2579799890518188
4000,mha,456,4,4,0.07422037422657013,0.06531116366386414,1.2579799890518188
4000,mha,456,4,5,0.10353302210569382,0.08443397283554077,1.2579799890518188
4000,mha,456,4,6,0.08073435723781586,0.10402625054121017,1.2579799890518188
4000,mha,456,4,7,0.07370534539222717,0.08133725821971893,1.2579799890518188
4000,mha,456,4,8,0.038400065153837204,0.04335948824882507,1.2579799890518188
4000,mha,456,4,9,0.053880106657743454,0.0690535455942154,1.2579799890518188
4000,mha,456,4,10,0.055462442338466644,0.04914388805627823,1.2579799890518188
4000,mha,456,4,11,0.04675150662660599,0.04690048471093178,1.2579799890518188
4000,mha,456,4,12,0.059668783098459244,0.035404760390520096,1.2579799890518188
4000,mha,456,4,13,0.05556874722242355,0.06528713554143906,1.2579799890518188
4000,mha,456,4,14,0.06653686612844467,0.057791780680418015,1.2579799890518188
4000,mha,456,4,15,0.044138792902231216,0.049118030816316605,1.2579799890518188
4000,mha,456,5,0,0.057265423238277435,0.05670524761080742,1.3669277429580688
4000,mha,456,5,1,0.06291686743497849,0.05099187418818474,1.3669277429580688
4000,mha,456,5,2,0.06316039711236954,0.0778113529086113,1.3669277429580688
4000,mha,456,5,3,0.07601328194141388,0.08280863612890244,1.3669277429580688
4000,mha,456,5,4,0.10199656337499619,0.09557123482227325,1.3669277429580688
4000,mha,456,5,5,0.035605572164058685,0.054906249046325684,1.3669277429580688
4000,mha,456,5,6,0.03817891329526901,0.048780106008052826,1.3669277429580688
4000,mha,456,5,7,0.0973961353302002,0.0817616805434227,1.3669277429580688
4000,mha,456,5,8,0.03900410979986191,0.03796158730983734,1.3669277429580688
4000,mha,456,5,9,0.03989705443382263,0.0514802411198616,1.3669277429580688
4000,mha,456,5,10,0.09703521430492401,0.08536218106746674,1.3669277429580688
4000,mha,456,5,11,0.03973500430583954,0.03458767011761665,1.3669277429580688
4000,mha,456,5,12,0.056260377168655396,0.054588235914707184,1.3669277429580688
4000,mha,456,5,13,0.07846374809741974,0.07321716845035553,1.3669277429580688
4000,mha,456,5,14,0.058047689497470856,0.04445376619696617,1.3669277429580688
4000,mha,456,5,15,0.05902364104986191,0.06901285797357559,1.3669277429580688
4500,mha,456,1,0,0.047599487006664276,0.05769440904259682,2.204058885574341
4500,mha,456,1,1,0.06876180320978165,0.06914834678173065,2.204058885574341
4500,mha,456,1,2,0.06281647086143494,0.06488429009914398,2.204058885574341
4500,mha,456,1,3,0.06614481657743454,0.06443702429533005,2.204058885574341
4500,mha,456,1,4,0.06503356993198395,0.062220498919487,2.204058885574341
4500,mha,456,1,5,0.05423451587557793,0.05583730712532997,2.204058885574341
4500,mha,456,1,6,0.05275868624448776,0.0582827627658844,2.204058885574341
4500,mha,456,1,7,0.06989166140556335,0.0645051822066307,2.204058885574341
4500,mha,456,1,8,0.06704477965831757,0.07444139569997787,2.204058885574341
4500,mha,456,1,9,0.060997821390628815,0.05530336871743202,2.204058885574341
4500,mha,456,1,10,0.07497324794530869,0.0652887150645256,2.204058885574341
4500,mha,456,1,11,0.0459766648709774,0.06250405311584473,2.204058885574341
4500,mha,456,1,12,0.06172851473093033,0.05622924119234085,2.204058885574341
4500,mha,456,1,13,0.07095011323690414,0.059168096631765366,2.204058885574341
4500,mha,456,1,14,0.04197733476758003,0.04746932536363602,2.204058885574341
4500,mha,456,1,15,0.08911051601171494,0.08258600533008575,2.204058885574341
4500,mha,456,2,0,0.052006226032972336,0.05531344562768936,1.6795623302459717
4500,mha,456,2,1,0.05376647785305977,0.05582459643483162,1.6795623302459717
4500,mha,456,2,2,0.06046193465590477,0.07704391330480576,1.6795623302459717
4500,mha,456,2,3,0.06979827582836151,0.06684981286525726,1.6795623302459717
4500,mha,456,2,4,0.0729147344827652,0.062285054475069046,1.6795623302459717
4500,mha,456,2,5,0.06760833412408829,0.0610458105802536,1.6795623302459717
4500,mha,456,2,6,0.07152944058179855,0.06838566064834595,1.6795623302459717
4500,mha,456,2,7,0.0544363409280777,0.06464890390634537,1.6795623302459717
4500,mha,456,2,8,0.08859364688396454,0.07398540526628494,1.6795623302459717
4500,mha,456,2,9,0.051965028047561646,0.06311054527759552,1.6795623302459717
4500,mha,456,2,10,0.06614237278699875,0.06089581176638603,1.6795623302459717
4500,mha,456,2,11,0.07842142879962921,0.0820368230342865,1.6795623302459717
4500,mha,456,2,12,0.051288146525621414,0.0484965518116951,1.6795623302459717
4500,mha,456,2,13,0.06854003667831421,0.048823874443769455,1.6795623302459717
4500,mha,456,2,14,0.058716025203466415,0.06865155696868896,1.6795623302459717
4500,mha,456,2,15,0.0338115431368351,0.04260207712650299,1.6795623302459717
4500,mha,456,3,0,0.05304575711488724,0.05324193462729454,1.4602986574172974
4500,mha,456,3,1,0.052188314497470856,0.052226316183805466,1.4602986574172974
4500,mha,456,3,2,0.058664653450250626,0.04978492856025696,1.4602986574172974
4500,mha,456,3,3,0.06408803164958954,0.05504317581653595,1.4602986574172974
4500,mha,456,3,4,0.0717989131808281,0.056921105831861496,1.4602986574172974
4500,mha,456,3,5,0.07098408788442612,0.07656576484441757,1.4602986574172974
4500,mha,456,3,6,0.0533447265625,0.04607526212930679,1.4602986574172974
4500,mha,456,3,7,0.058213602751493454,0.06442640721797943,1.4602986574172974
4500,mha,456,3,8,0.10044871270656586,0.11902406066656113,1.4602986574172974
4500,mha,456,3,9,0.0373433418571949,0.0380636602640152,1.4602986574172974
4500,mha,456,3,10,0.07766957581043243,0.07913414388895035,1.4602986574172974
4500,mha,456,3,11,0.07240641117095947,0.07737920433282852,1.4602986574172974
4500,mha,456,3,12,0.05551717057824135,0.05328229442238808,1.4602986574172974
4500,mha,456,3,13,0.07501251250505447,0.07303263247013092,1.4602986574172974
4500,mha,456,3,14,0.045987650752067566,0.04717312008142471,1.4602986574172974
4500,mha,456,3,15,0.05328654125332832,0.05862607806921005,1.4602986574172974
4500,mha,456,4,0,0.08528473228216171,0.07748279720544815,1.2425721883773804
4500,mha,456,4,1,0.051856789737939835,0.061858996748924255,1.2425721883773804
4500,mha,456,4,2,0.06249654293060303,0.051123522222042084,1.2425721883773804
4500,mha,456,4,3,0.042579855769872665,0.056650109589099884,1.2425721883773804
4500,mha,456,4,4,0.07311706244945526,0.06335993111133575,1.2425721883773804
4500,mha,456,4,5,0.10254211723804474,0.08251909911632538,1.2425721883773804
4500,mha,456,4,6,0.07766194641590118,0.0996146872639656,1.2425721883773804
4500,mha,456,4,7,0.06659271568059921,0.07653503865003586,1.2425721883773804
4500,mha,456,4,8,0.040529582649469376,0.04478583484888077,1.2425721883773804
4500,mha,456,4,9,0.053473204374313354,0.06923040747642517,1.2425721883773804
4500,mha,456,4,10,0.05898437649011612,0.052034951746463776,1.2425721883773804
4500,mha,456,4,11,0.042830199003219604,0.044912513345479965,1.2425721883773804
4500,mha,456,4,12,0.06867889314889908,0.04058964550495148,1.2425721883773804
4500,mha,456,4,13,0.056648049503564835,0.06774453818798065,1.2425721883773804
4500,mha,456,4,14,0.06861460208892822,0.0588054284453392,1.2425721883773804
4500,mha,456,4,15,0.04810933396220207,0.05275246128439903,1.2425721883773804
4500,mha,456,5,0,0.0589255765080452,0.05813669040799141,1.372722864151001
4500,mha,456,5,1,0.059054870158433914,0.04724757745862007,1.372722864151001
4500,mha,456,5,2,0.06620005518198013,0.07911379635334015,1.372722864151001
4500,mha,456,5,3,0.07174672186374664,0.07680714130401611,1.372722864151001
4500,mha,456,5,4,0.10202647000551224,0.09246469289064407,1.372722864151001
4500,mha,456,5,5,0.034743450582027435,0.055786728858947754,1.372722864151001
4500,mha,456,5,6,0.03688649460673332,0.048629969358444214,1.372722864151001
4500,mha,456,5,7,0.09676727652549744,0.08279117941856384,1.372722864151001
4500,mha,456,5,8,0.04112721607089043,0.038036078214645386,1.372722864151001
4500,mha,456,5,9,0.037138164043426514,0.04823663830757141,1.372722864151001
4500,mha,456,5,10,0.09703125059604645,0.08728422224521637,1.372722864151001
4500,mha,456,5,11,0.037686463445425034,0.0338052399456501,1.372722864151001
4500,mha,456,5,12,0.05407603085041046,0.05460987612605095,1.372722864151001
4500,mha,456,5,13,0.0821627825498581,0.0760597512125969,1.372722864151001
4500,mha,456,5,14,0.06520507484674454,0.05103517696261406,1.372722864151001
4500,mha,456,5,15,0.059222105890512466,0.06995510309934616,1.372722864151001
5000,mha,456,1,0,0.0506318174302578,0.05853778123855591,2.2014830112457275
5000,mha,456,1,1,0.0739428699016571,0.07222079485654831,2.2014830112457275
5000,mha,456,1,2,0.060014139860868454,0.06550238281488419,2.2014830112457275
5000,mha,456,1,3,0.07520700991153717,0.0704185888171196,2.2014830112457275
5000,mha,456,1,4,0.05453186109662056,0.0559459887444973,2.2014830112457275
5000,mha,456,1,5,0.04902150481939316,0.0542818084359169,2.2014830112457275
5000,mha,456,1,6,0.050376687198877335,0.0563882440328598,2.2014830112457275
5000,mha,456,1,7,0.06846903264522552,0.0642721876502037,2.2014830112457275
5000,mha,456,1,8,0.06271077692508698,0.07136455178260803,2.2014830112457275
5000,mha,456,1,9,0.06380371004343033,0.05828554928302765,2.2014830112457275
5000,mha,456,1,10,0.07026062160730362,0.06179441511631012,2.2014830112457275
5000,mha,456,1,11,0.05100433528423309,0.06242935359477997,2.2014830112457275
5000,mha,456,1,12,0.06660258024930954,0.05999728664755821,2.2014830112457275
5000,mha,456,1,13,0.06152638792991638,0.05375656858086586,2.2014830112457275
5000,mha,456,1,14,0.054355062544345856,0.05117792263627052,2.2014830112457275
5000,mha,456,1,15,0.0875416025519371,0.08362646400928497,2.2014830112457275
5000,mha,456,2,0,0.05052785202860832,0.05317907780408859,1.6529266834259033
5000,mha,456,2,1,0.05765217915177345,0.057884398847818375,1.6529266834259033
5000,mha,456,2,2,0.06233459338545799,0.07858092337846756,1.6529266834259033
5000,mha,456,2,3,0.06927724182605743,0.0647534653544426,1.6529266834259033
5000,mha,456,2,4,0.07951700687408447,0.06641212850809097,1.6529266834259033
5000,mha,456,2,5,0.06156677380204201,0.05676085129380226,1.6529266834259033
5000,mha,456,2,6,0.06443165987730026,0.06098196655511856,1.6529266834259033
5000,mha,456,2,7,0.05680175870656967,0.0644303634762764,1.6529266834259033
5000,mha,456,2,8,0.0864792913198471,0.07369392365217209,1.6529266834259033
5000,mha,456,2,9,0.05518961697816849,0.06866922229528427,1.6529266834259033
5000,mha,456,2,10,0.07973113656044006,0.06972556561231613,1.6529266834259033
5000,mha,456,2,11,0.07103128731250763,0.07450447231531143,1.6529266834259033
5000,mha,456,2,12,0.050951335579156876,0.04977291449904442,1.6529266834259033
5000,mha,456,2,13,0.0552184022963047,0.042148295789957047,1.6529266834259033
5000,mha,456,2,14,0.05932678282260895,0.07139678299427032,1.6529266834259033
5000,mha,456,2,15,0.039963074028491974,0.04710572585463524,1.6529266834259033
5000,mha,456,3,0,0.051280416548252106,0.05122659355401993,1.465793251991272
5000,mha,456,3,1,0.048577576875686646,0.05188094824552536,1.465793251991272
5000,mha,456,3,2,0.06028889864683151,0.05236206203699112,1.465793251991272
5000,mha,456,3,3,0.06412027776241302,0.05455348268151283,1.465793251991272
5000,mha,456,3,4,0.07269968837499619,0.05763038620352745,1.465793251991272
5000,mha,456,3,5,0.0757063776254654,0.08292676508426666,1.465793251991272
5000,mha,456,3,6,0.054457806050777435,0.046614453196525574,1.465793251991272
5000,mha,456,3,7,0.05893361568450928,0.06499524414539337,1.465793251991272
5000,mha,456,3,8,0.09687937051057816,0.11176895350217819,1.465793251991272
5000,mha,456,3,9,0.03455830737948418,0.03705018013715744,1.465793251991272
5000,mha,456,3,10,0.0746535211801529,0.0752229392528534,1.465793251991272
5000,mha,456,3,11,0.07661997526884079,0.08222367614507675,1.465793251991272
5000,mha,456,3,12,0.05662160366773605,0.05456499755382538,1.465793251991272
5000,mha,456,3,13,0.07190907746553421,0.0691361203789711,1.465793251991272
5000,mha,456,3,14,0.04835225269198418,0.048054035753011703,1.465793251991272
5000,mha,456,3,15,0.05434122681617737,0.05978917330503464,1.465793251991272
5000,mha,456,4,0,0.09933583438396454,0.08496831357479095,1.2577111721038818
5000,mha,456,4,1,0.051529742777347565,0.06140191853046417,1.2577111721038818
5000,mha,456,4,2,0.0669715404510498,0.05374472960829735,1.2577111721038818
5000,mha,456,4,3,0.03788910061120987,0.05729798600077629,1.2577111721038818
5000,mha,456,4,4,0.07778707146644592,0.06759513914585114,1.2577111721038818
5000,mha,456,4,5,0.09201069921255112,0.0724777951836586,1.2577111721038818
5000,mha,456,4,6,0.0794670581817627,0.10038073360919952,1.2577111721038818
5000,mha,456,4,7,0.0679970309138298,0.07500234991312027,1.2577111721038818
5000,mha,456,4,8,0.038598328828811646,0.043063536286354065,1.2577111721038818
5000,mha,456,4,9,0.05340169370174408,0.06910102814435959,1.2577111721038818
5000,mha,456,4,10,0.05880574509501457,0.052848998457193375,1.2577111721038818
5000,mha,456,4,11,0.0441335029900074,0.04512259364128113,1.2577111721038818
5000,mha,456,4,12,0.06128652021288872,0.03779034689068794,1.2577111721038818
5000,mha,456,4,13,0.053429361432790756,0.06614162772893906,1.2577111721038818
5000,mha,456,4,14,0.06840921938419342,0.05957994982600212,1.2577111721038818
5000,mha,456,4,15,0.04894755035638809,0.053482964634895325,1.2577111721038818
5000,mha,456,5,0,0.05876973643898964,0.0578262023627758,1.3761119842529297
5000,mha,456,5,1,0.06460581719875336,0.05408070981502533,1.3761119842529297
5000,mha,456,5,2,0.06372243165969849,0.07857542484998703,1.3761119842529297
5000,mha,456,5,3,0.07910237461328506,0.08447183668613434,1.3761119842529297
5000,mha,456,5,4,0.10211171209812164,0.09468667209148407,1.3761119842529297
5000,mha,456,5,5,0.03588958829641342,0.05676770582795143,1.3761119842529297
5000,mha,456,5,6,0.03603749722242355,0.048195332288742065,1.3761119842529297
5000,mha,456,5,7,0.09480173885822296,0.07927635312080383,1.3761119842529297
5000,mha,456,5,8,0.039888814091682434,0.03703460842370987,1.3761119842529297
5000,mha,456,5,9,0.03762247785925865,0.04712437465786934,1.3761119842529297
5000,mha,456,5,10,0.09327535331249237,0.08168776333332062,1.3761119842529297
5000,mha,456,5,11,0.043836772441864014,0.038240667432546616,1.3761119842529297
5000,mha,456,5,12,0.05245351046323776,0.053102046251297,1.3761119842529297
5000,mha,456,5,13,0.08286702632904053,0.07670146226882935,1.3761119842529297
5000,mha,456,5,14,0.058490294963121414,0.04453212022781372,1.3761119842529297
5000,mha,456,5,15,0.056524861603975296,0.0676966980099678,1.3761119842529297
5500,mha,456,1,0,0.06121988967061043,0.06205078586935997,2.1754589080810547
5500,mha,456,1,1,0.06055308133363724,0.06533493846654892,2.1754589080810547
5500,mha,456,1,2,0.06289703398942947,0.06375250220298767,2.1754589080810547
5500,mha,456,1,3,0.08307159692049026,0.0746181458234787,2.1754589080810547
5500,mha,456,1,4,0.06594980508089066,0.06235044449567795,2.1754589080810547
5500,mha,456,1,5,0.05544942244887352,0.05626637116074562,2.1754589080810547
5500,mha,456,1,6,0.05101155489683151,0.0555073618888855,2.1754589080810547
5500,mha,456,1,7,0.0678565502166748,0.06430734694004059,2.1754589080810547
5500,mha,456,1,8,0.06024475023150444,0.0680292472243309,2.1754589080810547
5500,mha,456,1,9,0.06714905053377151,0.060409337282180786,2.1754589080810547
5500,mha,456,1,10,0.06920155882835388,0.06207061931490898,2.1754589080810547
5500,mha,456,1,11,0.04595377668738365,0.06429176777601242,2.1754589080810547
5500,mha,456,1,12,0.06702056527137756,0.06110299378633499,2.1754589080810547
5500,mha,456,1,13,0.0649457797408104,0.05552530288696289,2.1754589080810547
5500,mha,456,1,14,0.041209105402231216,0.046355582773685455,2.1754589080810547
5500,mha,456,1,15,0.07626648247241974,0.07802709937095642,2.1754589080810547
5500,mha,456,2,0,0.04813588410615921,0.0522891990840435,1.6594123840332031
5500,mha,456,2,1,0.05305898189544678,0.05544329434633255,1.6594123840332031
5500,mha,456,2,2,0.06692830473184586,0.07993397116661072,1.6594123840332031
5500,mha,456,2,3,0.06929270178079605,0.06596159189939499,1.6594123840332031
5500,mha,456,2,4,0.07912587374448776,0.06614413857460022,1.6594123840332031
5500,mha,456,2,5,0.06845896691083908,0.06282693892717361,1.6594123840332031
5500,mha,456,2,6,0.07050811499357224,0.06653601676225662,1.6594123840332031
5500,mha,456,2,7,0.05238077789545059,0.06339504569768906,1.6594123840332031
5500,mha,456,2,8,0.08832265436649323,0.07527539134025574,1.6594123840332031
5500,mha,456,2,9,0.05229848250746727,0.06528796255588531,1.6594123840332031
5500,mha,456,2,10,0.06654307246208191,0.06438959389925003,1.6594123840332031
5500,mha,456,2,11,0.07312123477458954,0.07496992498636246,1.6594123840332031
5500,mha,456,2,12,0.05372416228055954,0.04963269829750061,1.6594123840332031
5500,mha,456,2,13,0.06408457458019257,0.04466266930103302,1.6594123840332031
5500,mha,456,2,14,0.058467406779527664,0.06976410746574402,1.6594123840332031
5500,mha,456,2,15,0.03554880619049072,0.043487560003995895,1.6594123840332031
5500,mha,456,3,0,0.05476440489292145,0.05615946277976036,1.4674677848815918
5500,mha,456,3,1,0.04629679396748543,0.049198247492313385,1.4674677848815918
5500,mha,456,3,2,0.05919138714671135,0.05122222751379013,1.4674677848815918
5500,mha,456,3,3,0.060854796320199966,0.054262448102235794,1.4674677848815918
5500,mha,456,3,4,0.07519490271806717,0.05858195573091507,1.4674677848815918
5500,mha,456,3,5,0.07380829006433487,0.07847103476524353,1.4674677848815918
5500,mha,456,3,6,0.05592793598771095,0.04794600233435631,1.4674677848815918
5500,mha,456,3,7,0.0589732863008976,0.06574155390262604,1.4674677848815918
5500,mha,456,3,8,0.09590128809213638,0.11052566766738892,1.4674677848815918
5500,mha,456,3,9,0.03498942032456398,0.038180820643901825,1.4674677848815918
5500,mha,456,3,10,0.07471099495887756,0.07571320235729218,1.4674677848815918
5500,mha,456,3,11,0.07107330113649368,0.07688544690608978,1.4674677848815918
5500,mha,456,3,12,0.0532563291490078,0.051146458834409714,1.4674677848815918
5500,mha,456,3,13,0.07394612580537796,0.07180844247341156,1.4674677848815918
5500,mha,456,3,14,0.05612742155790329,0.05375763028860092,1.4674677848815918
5500,mha,456,3,15,0.054983317852020264,0.060399603098630905,1.4674677848815918
5500,mha,456,4,0,0.09065205603837967,0.08009924739599228,1.2704825401306152
5500,mha,456,4,1,0.0533720888197422,0.06364130228757858,1.2704825401306152
5500,mha,456,4,2,0.05960642546415329,0.0495656356215477,1.2704825401306152
5500,mha,456,4,3,0.04077545180916786,0.05854332074522972,1.2704825401306152
5500,mha,456,4,4,0.07264729589223862,0.0634794756770134,1.2704825401306152
5500,mha,456,4,5,0.10034891963005066,0.08112423866987228,1.2704825401306152
5500,mha,456,4,6,0.07987213134765625,0.10279826819896698,1.2704825401306152
5500,mha,456,4,7,0.06745147705078125,0.07253573834896088,1.2704825401306152
5500,mha,456,4,8,0.039043884724378586,0.0445106141269207,1.2704825401306152
5500,mha,456,4,9,0.05315205827355385,0.06898003071546555,1.2704825401306152
5500,mha,456,4,10,0.060221049934625626,0.052578847855329514,1.2704825401306152
5500,mha,456,4,11,0.04367624968290329,0.04481278732419014,1.2704825401306152
5500,mha,456,4,12,0.059189148247241974,0.03505202382802963,1.2704825401306152
5500,mha,456,4,13,0.05619669705629349,0.06431691348552704,1.2704825401306152
5500,mha,456,4,14,0.07146403193473816,0.06136316433548927,1.2704825401306152
5500,mha,456,4,15,0.05233103409409523,0.05659837648272514,1.2704825401306152
5500,mha,456,5,0,0.05847920849919319,0.05812257155776024,1.38654363155365
5500,mha,456,5,1,0.06272877752780914,0.05175388976931572,1.38654363155365
5500,mha,456,5,2,0.05983367934823036,0.0751267820596695,1.38654363155365
5500,mha,456,5,3,0.0718441754579544,0.07759949564933777,1.38654363155365
5500,mha,456,5,4,0.1010531634092331,0.09182893484830856,1.38654363155365
5500,mha,456,5,5,0.03669830411672592,0.057980798184871674,1.38654363155365
5500,mha,456,5,6,0.03619171306490898,0.04871628060936928,1.38654363155365
5500,mha,456,5,7,0.09612182527780533,0.07992792129516602,1.38654363155365
5500,mha,456,5,8,0.04164937511086464,0.03852444142103195,1.38654363155365
5500,mha,456,5,9,0.03864237293601036,0.0481431744992733,1.38654363155365
5500,mha,456,5,10,0.09685872495174408,0.08507795631885529,1.38654363155365
5500,mha,456,5,11,0.03963317722082138,0.03561526909470558,1.38654363155365
5500,mha,456,5,12,0.05543477460741997,0.05452463775873184,1.38654363155365
5500,mha,456,5,13,0.08356170356273651,0.07683125883340836,1.38654363155365
5500,mha,456,5,14,0.06311401724815369,0.04949536174535751,1.38654363155365
5500,mha,456,5,15,0.05815500766038895,0.07073133438825607,1.38654363155365
6000,mha,456,1,0,0.04584767669439316,0.05633345991373062,2.143552303314209
6000,mha,456,1,1,0.06749705225229263,0.0694340243935585,2.143552303314209
6000,mha,456,1,2,0.059600524604320526,0.06311041861772537,2.143552303314209
6000,mha,456,1,3,0.07746246457099915,0.07070177793502808,2.143552303314209
6000,mha,456,1,4,0.06153716892004013,0.05881970003247261,2.143552303314209
6000,mha,456,1,5,0.05757537856698036,0.05796176195144653,2.143552303314209
6000,mha,456,1,6,0.051575012505054474,0.0554552897810936,2.143552303314209
6000,mha,456,1,7,0.06883727759122849,0.06554951518774033,2.143552303314209
6000,mha,456,1,8,0.062276002019643784,0.0714317038655281,2.143552303314209
6000,mha,456,1,9,0.07053141295909882,0.06015096604824066,2.143552303314209
6000,mha,456,1,10,0.0678444430232048,0.06027201935648918,2.143552303314209
6000,mha,456,1,11,0.05375111848115921,0.06575331091880798,2.143552303314209
6000,mha,456,1,12,0.06810303032398224,0.0599212646484375,2.143552303314209
6000,mha,456,1,13,0.05519012361764908,0.049288488924503326,2.143552303314209
6000,mha,456,1,14,0.04533996433019638,0.048551470041275024,2.143552303314209
6000,mha,456,1,15,0.08703134953975677,0.08726470917463303,2.143552303314209
6000,mha,456,2,0,0.04404337704181671,0.04912518709897995,1.6035289764404297
6000,mha,456,2,1,0.05548105761408806,0.055964577943086624,1.6035289764404297
6000,mha,456,2,2,0.07118957489728928,0.08557286858558655,1.6035289764404297
6000,mha,456,2,3,0.07127176970243454,0.06631138175725937,1.6035289764404297
6000,mha,456,2,4,0.07560190558433533,0.06256818771362305,1.6035289764404297
6000,mha,456,2,5,0.06927022337913513,0.0630200207233429,1.6035289764404297
6000,mha,456,2,6,0.0637982189655304,0.05948010832071304,1.6035289764404297
6000,mha,456,2,7,0.053725890815258026,0.06437375396490097,1.6035289764404297
6000,mha,456,2,8,0.0868440791964531,0.07310513406991959,1.6035289764404297
6000,mha,456,2,9,0.051128946244716644,0.06432364881038666,1.6035289764404297
6000,mha,456,2,10,0.07164937257766724,0.06592844426631927,1.6035289764404297
6000,mha,456,2,11,0.07512664794921875,0.07763554900884628,1.6035289764404297
6000,mha,456,2,12,0.052749939262866974,0.049480658024549484,1.6035289764404297
6000,mha,456,2,13,0.06480804085731506,0.04645935073494911,1.6035289764404297
6000,mha,456,2,14,0.05878753587603569,0.0736236497759819,1.6035289764404297
6000,mha,456,2,15,0.03452341631054878,0.0430273711681366,1.6035289764404297
6000,mha,456,3,0,0.05498514696955681,0.055302880704402924,1.4520376920700073
6000,mha,456,3,1,0.04941742122173309,0.05245768278837204,1.4520376920700073
6000,mha,456,3,2,0.057413432747125626,0.05047212168574333,1.4520376920700073
6000,mha,456,3,3,0.06320566684007645,0.055118363350629807,1.4520376920700073
6000,mha,456,3,4,0.07969431579113007,0.06351836770772934,1.4520376920700073
6000,mha,456,3,5,0.07248372584581375,0.07599976658821106,1.4520376920700073
6000,mha,456,3,6,0.04667805880308151,0.04205077886581421,1.4520376920700073
6000,mha,456,3,7,0.057700905948877335,0.06456955522298813,1.4520376920700073
6000,mha,456,3,8,0.09647990018129349,0.11167871952056885,1.4520376920700073
6000,mha,456,3,9,0.033709004521369934,0.03654808551073074,1.4520376920700073
6000,mha,456,3,10,0.07560251653194427,0.07581426948308945,1.4520376920700073
6000,mha,456,3,11,0.07231669127941132,0.07780034095048904,1.4520376920700073
6000,mha,456,3,12,0.057197876274585724,0.05435153469443321,1.4520376920700073
6000,mha,456,3,13,0.07702209800481796,0.07500308752059937,1.4520376920700073
6000,mha,456,3,14,0.050688985735177994,0.04936787858605385,1.4520376920700073
6000,mha,456,3,15,0.05540425702929497,0.05994665250182152,1.4520376920700073
6000,mha,456,4,0,0.09582255035638809,0.08243854343891144,1.2598665952682495
6000,mha,456,4,1,0.050604045391082764,0.0608142726123333,1.2598665952682495
6000,mha,456,4,2,0.05745798721909523,0.04818452522158623,1.2598665952682495
6000,mha,456,4,3,0.039573874324560165,0.0575217679142952,1.2598665952682495
6000,mha,456,4,4,0.07605041563510895,0.06756192445755005,1.2598665952682495
6000,mha,456,4,5,0.09856455773115158,0.07767226547002792,1.2598665952682495
6000,mha,456,4,6,0.08115722984075546,0.10346418619155884,1.2598665952682495
6000,mha,456,4,7,0.06159820407629013,0.0703936368227005,1.2598665952682495
6000,mha,456,4,8,0.03781941905617714,0.042577121406793594,1.2598665952682495
6000,mha,456,4,9,0.05446665361523628,0.07064293324947357,1.2598665952682495
6000,mha,456,4,10,0.06393127143383026,0.05571300536394119,1.2598665952682495
6000,mha,456,4,11,0.04794026538729668,0.047345180064439774,1.2598665952682495
6000,mha,456,4,12,0.0681559219956398,0.039609313011169434,1.2598665952682495
6000,mha,456,4,13,0.05143493786454201,0.06315308809280396,1.2598665952682495
6000,mha,456,4,14,0.06753723323345184,0.05997205153107643,1.2598665952682495
6000,mha,456,4,15,0.047885436564683914,0.0529361292719841,1.2598665952682495
6000,mha,456,5,0,0.0588805116713047,0.05891001224517822,1.3886722326278687
6000,mha,456,5,1,0.06284291297197342,0.052002936601638794,1.3886722326278687
6000,mha,456,5,2,0.06242085620760918,0.07730693370103836,1.3886722326278687
6000,mha,456,5,3,0.07422607392072678,0.0791691243648529,1.3886722326278687
6000,mha,456,5,4,0.10194315761327744,0.09204564243555069,1.3886722326278687
6000,mha,456,5,5,0.037159424275159836,0.05945728346705437,1.3886722326278687
6000,mha,456,5,6,0.033757831901311874,0.046624451875686646,1.3886722326278687
6000,mha,456,5,7,0.09570129215717316,0.07897006720304489,1.3886722326278687
6000,mha,456,5,8,0.039595745503902435,0.036630772054195404,1.3886722326278687
6000,mha,456,5,9,0.037573445588350296,0.04851667582988739,1.3886722326278687
6000,mha,456,5,10,0.0975399762392044,0.08603089302778244,1.3886722326278687
6000,mha,456,5,11,0.04080719128251076,0.03643178567290306,1.3886722326278687
6000,mha,456,5,12,0.053230490535497665,0.05176044628024101,1.3886722326278687
6000,mha,456,5,13,0.0853532925248146,0.08008574694395065,1.3886722326278687
6000,mha,456,5,14,0.06219950318336487,0.04782780259847641,1.3886722326278687
6000,mha,456,5,15,0.05676829069852829,0.06822934746742249,1.3886722326278687
6500,mha,456,1,0,0.04178822785615921,0.05603333190083504,2.1250545978546143
6500,mha,456,1,1,0.06334096193313599,0.06578309088945389,2.1250545978546143
6500,mha,456,1,2,0.05531768873333931,0.06251922249794006,2.1250545978546143
6500,mha,456,1,3,0.0786704495549202,0.07099149376153946,2.1250545978546143
6500,mha,456,1,4,0.0695088729262352,0.0621456652879715,2.1250545978546143
6500,mha,456,1,5,0.05978098511695862,0.05691254138946533,2.1250545978546143
6500,mha,456,1,6,0.053605854511260986,0.055993374437093735,2.1250545978546143
6500,mha,456,1,7,0.06976654380559921,0.06701885908842087,2.1250545978546143
6500,mha,456,1,8,0.06475097686052322,0.07313774526119232,2.1250545978546143
6500,mha,456,1,9,0.06847818940877914,0.06063011288642883,2.1250545978546143
6500,mha,456,1,10,0.06409932672977448,0.05875706300139427,2.1250545978546143
6500,mha,456,1,11,0.04693023860454559,0.06162945553660393,2.1250545978546143
6500,mha,456,1,12,0.07227905094623566,0.06399299949407578,2.1250545978546143
6500,mha,456,1,13,0.06459574401378632,0.055843424052000046,2.1250545978546143
6500,mha,456,1,14,0.042253926396369934,0.045385975390672684,2.1250545978546143
6500,mha,456,1,15,0.08483296632766724,0.08322566747665405,2.1250545978546143
6500,mha,456,2,0,0.05063527449965477,0.05193871259689331,1.5893075466156006
6500,mha,456,2,1,0.05371053144335747,0.05517314746975899,1.5893075466156006
6500,mha,456,2,2,0.06097117066383362,0.0793478861451149,1.5893075466156006
6500,mha,456,2,3,0.068866066634655,0.06265747547149658,1.5893075466156006
6500,mha,456,2,4,0.08201853185892105,0.06784502416849136,1.5893075466156006
6500,mha,456,2,5,0.06908121705055237,0.06303784251213074,1.5893075466156006
6500,mha,456,2,6,0.06792358309030533,0.0670725405216217,1.5893075466156006
6500,mha,456,2,7,0.04900675639510155,0.05897773802280426,1.5893075466156006
6500,mha,456,2,8,0.08973022550344467,0.07582265883684158,1.5893075466156006
6500,mha,456,2,9,0.04991516098380089,0.06473920494318008,1.5893075466156006
6500,mha,456,2,10,0.06670593470335007,0.06222086027264595,1.5893075466156006
6500,mha,456,2,11,0.07630584388971329,0.08002033829689026,1.5893075466156006
6500,mha,456,2,12,0.05231516435742378,0.04825183376669884,1.5893075466156006
6500,mha,456,2,13,0.06008392199873924,0.04188251122832298,1.5893075466156006
6500,mha,456,2,14,0.055854491889476776,0.06967243552207947,1.5893075466156006
6500,mha,456,2,15,0.04687611758708954,0.051339637488126755,1.5893075466156006
6500,mha,456,3,0,0.04853322356939316,0.051644448190927505,1.4141017198562622
6500,mha,456,3,1,0.04794474318623543,0.05147317051887512,1.4141017198562622
6500,mha,456,3,2,0.060516562312841415,0.05082321539521217,1.4141017198562622
6500,mha,456,3,3,0.06150370463728905,0.053365133702754974,1.4141017198562622
6500,mha,456,3,4,0.07847452908754349,0.061661578714847565,1.4141017198562622
6500,mha,456,3,5,0.07305053621530533,0.07699941843748093,1.4141017198562622
6500,mha,456,3,6,0.05355570465326309,0.0455583818256855,1.4141017198562622
6500,mha,456,3,7,0.06113596633076668,0.06765837222337723,1.4141017198562622
6500,mha,456,3,8,0.0973345935344696,0.11472976952791214,1.4141017198562622
6500,mha,456,3,9,0.03709767758846283,0.03800830990076065,1.4141017198562622
6500,mha,456,3,10,0.07714691013097763,0.07911098003387451,1.4141017198562622
6500,mha,456,3,11,0.0709170550107956,0.07721690088510513,1.4141017198562622
6500,mha,456,3,12,0.05656931549310684,0.0540403351187706,1.4141017198562622
6500,mha,456,3,13,0.07084055244922638,0.06838562339544296,1.4141017198562622
6500,mha,456,3,14,0.05035644397139549,0.05017038807272911,1.4141017198562622
6500,mha,456,3,15,0.055022481828927994,0.059153951704502106,1.4141017198562622
6500,mha,456,4,0,0.09010294824838638,0.07845907658338547,1.239983081817627
6500,mha,456,4,1,0.053117066621780396,0.0625324472784996,1.239983081817627
6500,mha,456,4,2,0.058261413127183914,0.048257406800985336,1.239983081817627
6500,mha,456,4,3,0.03864278271794319,0.05763711407780647,1.239983081817627
6500,mha,456,4,4,0.07672230899333954,0.06611134111881256,1.239983081817627
6500,mha,456,4,5,0.10033314675092697,0.0803343877196312,1.239983081817627
6500,mha,456,4,6,0.07829966396093369,0.09914837032556534,1.239983081817627
6500,mha,456,4,7,0.06798949837684631,0.0752316415309906,1.239983081817627
6500,mha,456,4,8,0.03708811476826668,0.04146779701113701,1.239983081817627
6500,mha,456,4,9,0.052251484245061874,0.06892191618680954,1.239983081817627
6500,mha,456,4,10,0.06516215205192566,0.05636877194046974,1.239983081817627
6500,mha,456,4,11,0.04492747038602829,0.047150444239377975,1.239983081817627
6500,mha,456,4,12,0.06361928582191467,0.03760764002799988,1.239983081817627
6500,mha,456,4,13,0.057852886617183685,0.06683938205242157,1.239983081817627
6500,mha,456,4,14,0.0663197860121727,0.05893456190824509,1.239983081817627
6500,mha,456,4,15,0.049309998750686646,0.05499769374728203,1.239983081817627
6500,mha,456,5,0,0.060379840433597565,0.06040418520569801,1.3560211658477783
6500,mha,456,5,1,0.06372345238924026,0.053029801696538925,1.3560211658477783
6500,mha,456,5,2,0.06058105453848839,0.0747556984424591,1.3560211658477783
6500,mha,456,5,3,0.07567159086465836,0.08102241158485413,1.3560211658477783
6500,mha,456,5,4,0.1002235934138298,0.08995669335126877,1.3560211658477783
6500,mha,456,5,5,0.0342203788459301,0.05568506196141243,1.3560211658477783
6500,mha,456,5,6,0.03699086606502533,0.04979792237281799,1.3560211658477783
6500,mha,456,5,7,0.09554015845060349,0.07888069748878479,1.3560211658477783
6500,mha,456,5,8,0.04448964446783066,0.040573958307504654,1.3560211658477783
6500,mha,456,5,9,0.0382436104118824,0.046555012464523315,1.3560211658477783
6500,mha,456,5,10,0.09597249329090118,0.08695045113563538,1.3560211658477783
6500,mha,456,5,11,0.03867177292704582,0.034265998750925064,1.3560211658477783
6500,mha,456,5,12,0.05207275226712227,0.05248728021979332,1.3560211658477783
6500,mha,456,5,13,0.08438801765441895,0.07814657688140869,1.3560211658477783
6500,mha,456,5,14,0.06321991235017776,0.050015851855278015,1.3560211658477783
6500,mha,456,5,15,0.055610861629247665,0.06747247278690338,1.3560211658477783
7000,mha,456,1,0,0.055060017853975296,0.05781811475753784,2.1037521362304688
7000,mha,456,1,1,0.07132832705974579,0.07359949499368668,2.1037521362304688
7000,mha,456,1,2,0.0538056455552578,0.06250262260437012,2.1037521362304688
7000,mha,456,1,3,0.07541168481111526,0.06728014349937439,2.1037521362304688
7000,mha,456,1,4,0.06533172726631165,0.05963993817567825,2.1037521362304688
7000,mha,456,1,5,0.060006510466337204,0.05616115406155586,2.1037521362304688
7000,mha,456,1,6,0.045244649052619934,0.051315613090991974,2.1037521362304688
7000,mha,456,1,7,0.06134185940027237,0.062376443296670914,2.1037521362304688
7000,mha,456,1,8,0.06088918074965477,0.06950120627880096,2.1037521362304688
7000,mha,456,1,9,0.07214955985546112,0.06409776210784912,2.1037521362304688
7000,mha,456,1,10,0.06482340395450592,0.058877360075712204,2.1037521362304688
7000,mha,456,1,11,0.043695271015167236,0.06364096701145172,2.1037521362304688
7000,mha,456,1,12,0.06824137270450592,0.06122145801782608,2.1037521362304688
7000,mha,456,1,13,0.06482910364866257,0.055678628385066986,2.1037521362304688
7000,mha,456,1,14,0.057282306253910065,0.05142698809504509,2.1037521362304688
7000,mha,456,1,15,0.0805593878030777,0.08486224710941315,2.1037521362304688
7000,mha,456,2,0,0.05184315890073776,0.0524095818400383,1.5880775451660156
7000,mha,456,2,1,0.05011861026287079,0.05191023275256157,1.5880775451660156
7000,mha,456,2,2,0.06494272500276566,0.08066010475158691,1.5880775451660156
7000,mha,456,2,3,0.06898000091314316,0.06475774943828583,1.5880775451660156
7000,mha,456,2,4,0.07883962243795395,0.06552984565496445,1.5880775451660156
7000,mha,456,2,5,0.06773264706134796,0.06290542334318161,1.5880775451660156
7000,mha,456,2,6,0.06383178383111954,0.06140599027276039,1.5880775451660156
7000,mha,456,2,7,0.05462168529629707,0.06332923471927643,1.5880775451660156
7000,mha,456,2,8,0.09118042141199112,0.07670111954212189,1.5880775451660156
7000,mha,456,2,9,0.054084472358226776,0.0672554299235344,1.5880775451660156
7000,mha,456,2,10,0.06924600899219513,0.0632229894399643,1.5880775451660156
7000,mha,456,2,11,0.07362274080514908,0.07750585675239563,1.5880775451660156
7000,mha,456,2,12,0.05328480899333954,0.04998347908258438,1.5880775451660156
7000,mha,456,2,13,0.06445037573575974,0.04491722583770752,1.5880775451660156
7000,mha,456,2,14,0.05733022093772888,0.07320685684680939,1.5880775451660156
7000,mha,456,2,15,0.03589070588350296,0.04429887235164642,1.5880775451660156
7000,mha,456,3,0,0.051020100712776184,0.05180110037326813,1.4281072616577148
7000,mha,456,3,1,0.04789642244577408,0.05118877440690994,1.4281072616577148
7000,mha,456,3,2,0.06164489686489105,0.05109379068017006,1.4281072616577148
7000,mha,456,3,3,0.058266498148441315,0.052781637758016586,1.4281072616577148
7000,mha,456,3,4,0.07988820225000381,0.06248801574110985,1.4281072616577148
7000,mha,456,3,5,0.07495513558387756,0.0785086527466774,1.4281072616577148
7000,mha,456,3,6,0.04978393390774727,0.04316670075058937,1.4281072616577148
7000,mha,456,3,7,0.06088195741176605,0.06887288391590118,1.4281072616577148
7000,mha,456,3,8,0.09701436012983322,0.11179481446743011,1.4281072616577148
7000,mha,456,3,9,0.03701059892773628,0.03821398317813873,1.4281072616577148
7000,mha,456,3,10,0.0749906376004219,0.07559861987829208,1.4281072616577148
7000,mha,456,3,11,0.07014312595129013,0.07643092423677444,1.4281072616577148
7000,mha,456,3,12,0.05624247342348099,0.055292822420597076,1.4281072616577148
7000,mha,456,3,13,0.0746707171201706,0.07170718163251877,1.4281072616577148
7000,mha,456,3,14,0.05325175076723099,0.05258934199810028,1.4281072616577148
7000,mha,456,3,15,0.05233917385339737,0.05847077816724777,1.4281072616577148
7000,mha,456,4,0,0.0899888128042221,0.0774296373128891,1.2602529525756836
7000,mha,456,4,1,0.05481302738189697,0.06521444767713547,1.2602529525756836
7000,mha,456,4,2,0.05821675434708595,0.04886287823319435,1.2602529525756836
7000,mha,456,4,3,0.036865234375,0.055807385593652725,1.2602529525756836
7000,mha,456,4,4,0.07937663048505783,0.06883428990840912,1.2602529525756836
7000,mha,456,4,5,0.10209310054779053,0.08225048333406448,1.2602529525756836
7000,mha,456,4,6,0.0799650028347969,0.10145556926727295,1.2602529525756836
7000,mha,456,4,7,0.0655326321721077,0.07192733138799667,1.2602529525756836
7000,mha,456,4,8,0.0404592901468277,0.0445425920188427,1.2602529525756836
7000,mha,456,4,9,0.05240112170577049,0.06929562240839005,1.2602529525756836
7000,mha,456,4,10,0.0630602017045021,0.054168567061424255,1.2602529525756836
7000,mha,456,4,11,0.04613891616463661,0.04808804392814636,1.2602529525756836
7000,mha,456,4,12,0.059114277362823486,0.035544514656066895,1.2602529525756836
7000,mha,456,4,13,0.053595684468746185,0.0627928376197815,1.2602529525756836
7000,mha,456,4,14,0.07192667573690414,0.06223683804273605,1.2602529525756836
7000,mha,456,4,15,0.046452637761831284,0.05154884234070778,1.2602529525756836
7000,mha,456,5,0,0.060603536665439606,0.06153389438986778,1.3855899572372437
7000,mha,456,5,1,0.0615406297147274,0.050350986421108246,1.3855899572372437
7000,mha,456,5,2,0.06288909912109375,0.0765938088297844,1.3855899572372437
7000,mha,456,5,3,0.07462595403194427,0.08024854958057404,1.3855899572372437
7000,mha,456,5,4,0.10072153806686401,0.08975838124752045,1.3855899572372437
7000,mha,456,5,5,0.035415444523096085,0.057483598589897156,1.3855899572372437
7000,mha,456,5,6,0.03535003587603569,0.048567380756139755,1.3855899572372437
7000,mha,456,5,7,0.09369781613349915,0.07764099538326263,1.3855899572372437
7000,mha,456,5,8,0.04467478394508362,0.0398203544318676,1.3855899572372437
7000,mha,456,5,9,0.039144694805145264,0.04840019717812538,1.3855899572372437
7000,mha,456,5,10,0.09586161375045776,0.0850057378411293,1.3855899572372437
7000,mha,456,5,11,0.043080952018499374,0.038276009261608124,1.3855899572372437
7000,mha,456,5,12,0.05392049252986908,0.05272465944290161,1.3855899572372437
7000,mha,456,5,13,0.08417012542486191,0.0785260945558548,1.3855899572372437
7000,mha,456,5,14,0.058120422065258026,0.04645412415266037,1.3855899572372437
7000,mha,456,5,15,0.056182861328125,0.06861523538827896,1.3855899572372437
7500,mha,456,1,0,0.04605153575539589,0.05490931123495102,2.085871458053589
7500,mha,456,1,1,0.06378407776355743,0.06828460842370987,2.085871458053589
7500,mha,456,1,2,0.055231932550668716,0.06269839406013489,2.085871458053589
7500,mha,456,1,3,0.07349467277526855,0.06583868712186813,2.085871458053589
7500,mha,456,1,4,0.06955332309007645,0.06376585364341736,2.085871458053589
7500,mha,456,1,5,0.053822021931409836,0.05523933470249176,2.085871458053589
7500,mha,456,1,6,0.04937225207686424,0.05287669971585274,2.085871458053589
7500,mha,456,1,7,0.06628315895795822,0.06522492319345474,2.085871458053589
7500,mha,456,1,8,0.06085256114602089,0.06862036883831024,2.085871458053589
7500,mha,456,1,9,0.07334879785776138,0.06363414227962494,2.085871458053589
7500,mha,456,1,10,0.07318034023046494,0.06755730509757996,2.085871458053589
7500,mha,456,1,11,0.048106078058481216,0.06441202759742737,2.085871458053589
7500,mha,456,1,12,0.06544158607721329,0.059867456555366516,2.085871458053589
7500,mha,456,1,13,0.0640627071261406,0.05543670803308487,2.085871458053589
7500,mha,456,1,14,0.05688110366463661,0.050115782767534256,2.085871458053589
7500,mha,456,1,15,0.08053385466337204,0.08151835948228836,2.085871458053589
7500,mha,456,2,0,0.05149068310856819,0.05211259797215462,1.563948392868042
7500,mha,456,2,1,0.04962778836488724,0.052028268575668335,1.563948392868042
7500,mha,456,2,2,0.06244343891739845,0.07992517203092575,1.563948392868042
7500,mha,456,2,3,0.06772928684949875,0.06308852136135101,1.563948392868042
7500,mha,456,2,4,0.07732675969600677,0.06352589279413223,1.563948392868042
7500,mha,456,2,5,0.07117044925689697,0.06597364693880081,1.563948392868042
7500,mha,456,2,6,0.06970855593681335,0.0659853145480156,1.563948392868042
7500,mha,456,2,7,0.05191141739487648,0.061751265078783035,1.563948392868042
7500,mha,456,2,8,0.09027089178562164,0.07568864524364471,1.563948392868042
7500,mha,456,2,9,0.0513954684138298,0.06716974824666977,1.563948392868042
7500,mha,456,2,10,0.07172811031341553,0.06428269296884537,1.563948392868042
7500,mha,456,2,11,0.07840708643198013,0.08004343509674072,1.563948392868042
7500,mha,456,2,12,0.05045328661799431,0.04772436246275902,1.563948392868042
7500,mha,456,2,13,0.0662701427936554,0.04456053674221039,1.563948392868042
7500,mha,456,2,14,0.054268088191747665,0.07249663770198822,1.563948392868042
7500,mha,456,2,15,0.03579854220151901,0.043643176555633545,1.563948392868042
7500,mha,456,3,0,0.051468707621097565,0.052560824900865555,1.4089890718460083
7500,mha,456,3,1,0.047452595084905624,0.05131641775369644,1.4089890718460083
7500,mha,456,3,2,0.0615958645939827,0.0510876439511776,1.4089890718460083
7500,mha,456,3,3,0.06121724471449852,0.05366961658000946,1.4089890718460083
7500,mha,456,3,4,0.0823688730597496,0.0638096034526825,1.4089890718460083
7500,mha,456,3,5,0.07349792122840881,0.07806172966957092,1.4089890718460083
7500,mha,456,3,6,0.052947692573070526,0.046178534626960754,1.4089890718460083
7500,mha,456,3,7,0.058115437626838684,0.06581063568592072,1.4089890718460083
7500,mha,456,3,8,0.09890726953744888,0.11455308645963669,1.4089890718460083
7500,mha,456,3,9,0.035926613956689835,0.037424635142087936,1.4089890718460083
7500,mha,456,3,10,0.0764828473329544,0.07746417075395584,1.4089890718460083
7500,mha,456,3,11,0.07262807339429855,0.07787630707025528,1.4089890718460083
7500,mha,456,3,12,0.05277140438556671,0.052004072815179825,1.4089890718460083
7500,mha,456,3,13,0.0706920400261879,0.06884736567735672,1.4089890718460083
7500,mha,456,3,14,0.04843027889728546,0.04873223602771759,1.4089890718460083
7500,mha,456,3,15,0.05549713224172592,0.0606033019721508,1.4089890718460083
7500,mha,456,4,0,0.08710937201976776,0.07642751187086105,1.2447758913040161
7500,mha,456,4,1,0.051623739302158356,0.06057374179363251,1.2447758913040161
7500,mha,456,4,2,0.05708974227309227,0.048909857869148254,1.2447758913040161
7500,mha,456,4,3,0.03589477390050888,0.055601298809051514,1.2447758913040161
7500,mha,456,4,4,0.07783803343772888,0.06750417500734329,1.2447758913040161
7500,mha,456,4,5,0.10518066585063934,0.08458428829908371,1.2447758913040161
7500,mha,456,4,6,0.08044921606779099,0.1019410789012909,1.2447758913040161
7500,mha,456,4,7,0.0684744268655777,0.07542720437049866,1.2447758913040161
7500,mha,456,4,8,0.03822784498333931,0.04302763566374779,1.2447758913040161
7500,mha,456,4,9,0.049138691276311874,0.06494121253490448,1.2447758913040161
7500,mha,456,4,10,0.07060963660478592,0.058693256229162216,1.2447758913040161
7500,mha,456,4,11,0.04169260710477829,0.04479513317346573,1.2447758913040161
7500,mha,456,4,12,0.06196807697415352,0.037533506751060486,1.2447758913040161
7500,mha,456,4,13,0.05536387115716934,0.0639381855726242,1.2447758913040161
7500,mha,456,4,14,0.06832153350114822,0.05964205414056778,1.2447758913040161
7500,mha,456,4,15,0.05101776123046875,0.0564597062766552,1.2447758913040161
7500,mha,456,5,0,0.0564148984849453,0.05695033445954323,1.36457097530365
7500,mha,456,5,1,0.06476053595542908,0.0534852109849453,1.36457097530365
7500,mha,456,5,2,0.06409098207950592,0.0798923522233963,1.36457097530365
7500,mha,456,5,3,0.07549438625574112,0.07990781962871552,1.36457097530365
7500,mha,456,5,4,0.10108235478401184,0.09066983312368393,1.36457097530365
7500,mha,456,5,5,0.03422759845852852,0.05594518035650253,1.36457097530365
7500,mha,456,5,6,0.03549377620220184,0.04895181581377983,1.36457097530365
7500,mha,456,5,7,0.0971449762582779,0.08049967885017395,1.36457097530365
7500,mha,456,5,8,0.044638775289058685,0.03998924046754837,1.36457097530365
7500,mha,456,5,9,0.03739563003182411,0.04664911702275276,1.36457097530365
7500,mha,456,5,10,0.09774749726057053,0.08537198603153229,1.36457097530365
7500,mha,456,5,11,0.038850605487823486,0.035117294639348984,1.36457097530365
7500,mha,456,5,12,0.05395711213350296,0.05319987237453461,1.36457097530365
7500,mha,456,5,13,0.08235859870910645,0.07716834545135498,1.36457097530365
7500,mha,456,5,14,0.061062317341566086,0.04897317662835121,1.36457097530365
7500,mha,456,5,15,0.05527994781732559,0.06722887605428696,1.36457097530365
8000,mha,456,1,0,0.04593851789832115,0.054850731045007706,2.0641555786132812
8000,mha,456,1,1,0.06718984246253967,0.06885351240634918,2.0641555786132812
8000,mha,456,1,2,0.051276348531246185,0.061901167035102844,2.0641555786132812
8000,mha,456,1,3,0.08216318488121033,0.07330608367919922,2.0641555786132812
8000,mha,456,1,4,0.06590535491704941,0.06072326749563217,2.0641555786132812
8000,mha,456,1,5,0.051483865827322006,0.053232401609420776,2.0641555786132812
8000,mha,456,1,6,0.05576782301068306,0.05521322414278984,2.0641555786132812
8000,mha,456,1,7,0.06547281891107559,0.06593752652406693,2.0641555786132812
8000,mha,456,1,8,0.05948455631732941,0.0690942332148552,2.0641555786132812
8000,mha,456,1,9,0.06778065860271454,0.06013556197285652,2.0641555786132812
8000,mha,456,1,10,0.06762939691543579,0.06268362700939178,2.0641555786132812
8000,mha,456,1,11,0.0516560859978199,0.06256978958845139,2.0641555786132812
8000,mha,456,1,12,0.07645619660615921,0.06668113172054291,2.0641555786132812
8000,mha,456,1,13,0.06458811461925507,0.05609830841422081,2.0641555786132812
8000,mha,456,1,14,0.04808400571346283,0.047156140208244324,2.0641555786132812
8000,mha,456,1,15,0.07912322878837585,0.08156328648328781,2.0641555786132812
8000,mha,456,2,0,0.0456046536564827,0.04887416958808899,1.5575131177902222
8000,mha,456,2,1,0.053278401494026184,0.054580312222242355,1.5575131177902222
8000,mha,456,2,2,0.0668867975473404,0.08085009455680847,1.5575131177902222
8000,mha,456,2,3,0.06942911446094513,0.06303025037050247,1.5575131177902222
8000,mha,456,2,4,0.07863505184650421,0.06485972553491592,1.5575131177902222
8000,mha,456,2,5,0.06707844883203506,0.062423329800367355,1.5575131177902222
8000,mha,456,2,6,0.06433319300413132,0.06322838366031647,1.5575131177902222
8000,mha,456,2,7,0.05344747006893158,0.06351672857999802,1.5575131177902222
8000,mha,456,2,8,0.08822448551654816,0.07470580190420151,1.5575131177902222
8000,mha,456,2,9,0.05079955980181694,0.06631994247436523,1.5575131177902222
8000,mha,456,2,10,0.07016448676586151,0.06490422040224075,1.5575131177902222
8000,mha,456,2,11,0.07329080998897552,0.07476227730512619,1.5575131177902222
8000,mha,456,2,12,0.059292398393154144,0.05375963822007179,1.5575131177902222
8000,mha,456,2,13,0.06587555259466171,0.045199912041425705,1.5575131177902222
8000,mha,456,2,14,0.05443430691957474,0.07314904034137726,1.5575131177902222
8000,mha,456,2,15,0.0392252616584301,0.04583617299795151,1.5575131177902222
8000,mha,456,3,0,0.053741760551929474,0.05299506336450577,1.4164644479751587
8000,mha,456,3,1,0.05041046068072319,0.05378948897123337,1.4164644479751587
8000,mha,456,3,2,0.06126190349459648,0.051487889140844345,1.4164644479751587
8000,mha,456,3,3,0.058602701872587204,0.05219755321741104,1.4164644479751587
8000,mha,456,3,4,0.08151529729366302,0.06273607164621353,1.4164644479751587
8000,mha,456,3,5,0.07689371705055237,0.08551087975502014,1.4164644479751587
8000,mha,456,3,6,0.05572458729147911,0.047294143587350845,1.4164644479751587
8000,mha,456,3,7,0.0614369697868824,0.06979269534349442,1.4164644479751587
8000,mha,456,3,8,0.09258372336626053,0.1039375588297844,1.4164644479751587
8000,mha,456,3,9,0.03625600039958954,0.03758608177304268,1.4164644479751587
8000,mha,456,3,10,0.07613891363143921,0.07719110697507858,1.4164644479751587
8000,mha,456,3,11,0.06828165799379349,0.07537063211202621,1.4164644479751587
8000,mha,456,3,12,0.05107930675148964,0.05078504607081413,1.4164644479751587
8000,mha,456,3,13,0.07409403473138809,0.07178722321987152,1.4164644479751587
8000,mha,456,3,14,0.05043680965900421,0.04951947182416916,1.4164644479751587
8000,mha,456,3,15,0.05154215544462204,0.05801907926797867,1.4164644479751587
8000,mha,456,4,0,0.09484212100505829,0.08115040510892868,1.2609810829162598
8000,mha,456,4,1,0.051925864070653915,0.06196673586964607,1.2609810829162598
8000,mha,456,4,2,0.05985270068049431,0.050068650394678116,1.2609810829162598
8000,mha,456,4,3,0.03724304214119911,0.0569717213511467,1.2609810829162598
8000,mha,456,4,4,0.07596822082996368,0.0659884437918663,1.2609810829162598
8000,mha,456,4,5,0.10733194649219513,0.08638190478086472,1.2609810829162598
8000,mha,456,4,6,0.0808112621307373,0.10179109126329422,1.2609810829162598
8000,mha,456,4,7,0.06241516023874283,0.07095005363225937,1.2609810829162598
8000,mha,456,4,8,0.03830810636281967,0.04285703971982002,1.2609810829162598
8000,mha,456,4,9,0.050239868462085724,0.06682903319597244,1.2609810829162598
8000,mha,456,4,10,0.0661550909280777,0.05645361542701721,1.2609810829162598
8000,mha,456,4,11,0.03728393465280533,0.04159166291356087,1.2609810829162598
8000,mha,456,4,12,0.06726918369531631,0.040233761072158813,1.2609810829162598
8000,mha,456,4,13,0.05516499653458595,0.0634925365447998,1.2609810829162598
8000,mha,456,4,14,0.06882283836603165,0.060035984963178635,1.2609810829162598
8000,mha,456,4,15,0.04636566340923309,0.053237494081258774,1.2609810829162598
8000,mha,456,5,0,0.05737151950597763,0.05909294635057449,1.3910797834396362
8000,mha,456,5,1,0.06261321902275085,0.05176001414656639,1.3910797834396362
8000,mha,456,5,2,0.06255502998828888,0.07794296741485596,1.3910797834396362
8000,mha,456,5,3,0.07666616141796112,0.07984016835689545,1.3910797834396362
8000,mha,456,5,4,0.09931783378124237,0.08861123770475388,1.3910797834396362
8000,mha,456,5,5,0.034263815730810165,0.05601577088236809,1.3910797834396362
8000,mha,456,5,6,0.03569936007261276,0.0496649369597435,1.3910797834396362
8000,mha,456,5,7,0.09587910771369934,0.08004481345415115,1.3910797834396362
8000,mha,456,5,8,0.046563923358917236,0.04208789020776749,1.3910797834396362
8000,mha,456,5,9,0.03726949170231819,0.04549841955304146,1.3910797834396362
8000,mha,456,5,10,0.09637267887592316,0.08387768268585205,1.3910797834396362
8000,mha,456,5,11,0.04315948486328125,0.03835475444793701,1.3910797834396362
8000,mha,456,5,12,0.05321004241704941,0.05252622067928314,1.3910797834396362
8000,mha,456,5,13,0.08252319693565369,0.07743772864341736,1.3910797834396362
8000,mha,456,5,14,0.06117645278573036,0.050210658460855484,1.3910797834396362
8000,mha,456,5,15,0.055358681827783585,0.0670338049530983,1.3910797834396362
8500,mha,456,1,0,0.05287129804491997,0.058048952370882034,2.0753173828125
8500,mha,456,1,1,0.06838379055261612,0.07163115590810776,2.0753173828125
8500,mha,456,1,2,0.05196227878332138,0.06302262097597122,2.0753173828125
8500,mha,456,1,3,0.07446909695863724,0.06535819917917252,2.0753173828125
8500,mha,456,1,4,0.06829040497541428,0.06271973997354507,2.0753173828125
8500,mha,456,1,5,0.05663920193910599,0.05577292665839195,2.0753173828125
8500,mha,456,1,6,0.049301352351903915,0.05209220200777054,2.0753173828125
8500,mha,456,1,7,0.07287678867578506,0.0695868656039238,2.0753173828125
8500,mha,456,1,8,0.061737265437841415,0.0726039856672287,2.0753173828125
8500,mha,456,1,9,0.06936289370059967,0.06148136779665947,2.0753173828125
8500,mha,456,1,10,0.06813771277666092,0.06301634013652802,2.0753173828125
8500,mha,456,1,11,0.05371378734707832,0.06437797844409943,2.0753173828125
8500,mha,456,1,12,0.06829142570495605,0.06082475185394287,2.0753173828125
8500,mha,456,1,13,0.06212778761982918,0.054835110902786255,2.0753173828125
8500,mha,456,1,14,0.04963521286845207,0.04839487001299858,2.0753173828125
8500,mha,456,1,15,0.07219970971345901,0.07623296976089478,2.0753173828125
8500,mha,456,2,0,0.048067424446344376,0.04934630170464516,1.5465927124023438
8500,mha,456,2,1,0.05103444308042526,0.05324604734778404,1.5465927124023438
8500,mha,456,2,2,0.058617960661649704,0.07679490745067596,1.5465927124023438
8500,mha,456,2,3,0.07254130393266678,0.06684461236000061,1.5465927124023438
8500,mha,456,2,4,0.08022511750459671,0.06432266533374786,1.5465927124023438
8500,mha,456,2,5,0.06822753697633743,0.063282810151577,1.5465927124023438
8500,mha,456,2,6,0.0686994418501854,0.0656353309750557,1.5465927124023438
8500,mha,456,2,7,0.057561036199331284,0.0662369504570961,1.5465927124023438
8500,mha,456,2,8,0.09016428887844086,0.07582008838653564,1.5465927124023438
8500,mha,456,2,9,0.052824605256319046,0.06779560446739197,1.5465927124023438
8500,mha,456,2,10,0.059544067829847336,0.05891567841172218,1.5465927124023438
8500,mha,456,2,11,0.07632039487361908,0.07790470868349075,1.5465927124023438
8500,mha,456,2,12,0.05398305132985115,0.04938071593642235,1.5465927124023438
8500,mha,456,2,13,0.06909383088350296,0.04400455951690674,1.5465927124023438
8500,mha,456,2,14,0.056682128459215164,0.07697803527116776,1.5465927124023438
8500,mha,456,2,15,0.036413371562957764,0.04349120706319809,1.5465927124023438
8500,mha,456,3,0,0.0547504685819149,0.05385696515440941,1.4137264490127563
8500,mha,456,3,1,0.04786417633295059,0.05156513676047325,1.4137264490127563
8500,mha,456,3,2,0.06217356398701668,0.05314245447516441,1.4137264490127563
8500,mha,456,3,3,0.05589447170495987,0.050864338874816895,1.4137264490127563
8500,mha,456,3,4,0.07663503289222717,0.05843454971909523,1.4137264490127563
8500,mha,456,3,5,0.07382100075483322,0.07724716514348984,1.4137264490127563
8500,mha,456,3,6,0.0566183477640152,0.048159897327423096,1.4137264490127563
8500,mha,456,3,7,0.0609244778752327,0.06921128928661346,1.4137264490127563
8500,mha,456,3,8,0.09520690888166428,0.10902903228998184,1.4137264490127563
8500,mha,456,3,9,0.039110615849494934,0.039761099964380264,1.4137264490127563
8500,mha,456,3,10,0.07718892395496368,0.07934565842151642,1.4137264490127563
8500,mha,456,3,11,0.06846120208501816,0.07542943209409714,1.4137264490127563
8500,mha,456,3,12,0.05320526286959648,0.052488766610622406,1.4137264490127563
8500,mha,456,3,13,0.07328704744577408,0.07004760950803757,1.4137264490127563
8500,mha,456,3,14,0.050334371626377106,0.05063194781541824,1.4137264490127563
8500,mha,456,3,15,0.05452412739396095,0.06078454852104187,1.4137264490127563
8500,mha,456,4,0,0.09156554937362671,0.0775185227394104,1.2513073682785034
8500,mha,456,4,1,0.053871866315603256,0.06267917156219482,1.2513073682785034
8500,mha,456,4,2,0.05800923705101013,0.049109186977148056,1.2513073682785034
8500,mha,456,4,3,0.03746236115694046,0.0593109205365181,1.2513073682785034
8500,mha,456,4,4,0.07622243463993073,0.0652221143245697,1.2513073682785034
8500,mha,456,4,5,0.1062234491109848,0.08399401605129242,1.2513073682785034
8500,mha,456,4,6,0.08102376013994217,0.10090994089841843,1.2513073682785034
8500,mha,456,4,7,0.06592203676700592,0.07423043251037598,1.2513073682785034
8500,mha,456,4,8,0.04017679765820503,0.0450957752764225,1.2513073682785034
8500,mha,456,4,9,0.05120707303285599,0.0675891786813736,1.2513073682785034
8500,mha,456,4,10,0.0625196322798729,0.05330715328454971,1.2513073682785034
8500,mha,456,4,11,0.03682800382375717,0.042648158967494965,1.2513073682785034
8500,mha,456,4,12,0.06346079707145691,0.03850138187408447,1.2513073682785034
8500,mha,456,4,13,0.0539906807243824,0.06256186962127686,1.2513073682785034
8500,mha,456,4,14,0.0731004849076271,0.06294044852256775,1.2513073682785034
8500,mha,456,4,15,0.048415832221508026,0.05438172072172165,1.2513073682785034
8500,mha,456,5,0,0.061883747577667236,0.06135866045951843,1.3804290294647217
8500,mha,456,5,1,0.06424356997013092,0.0532548762857914,1.3804290294647217
8500,mha,456,5,2,0.060970865190029144,0.07726813852787018,1.3804290294647217
8500,mha,456,5,3,0.07354126125574112,0.0782233402132988,1.3804290294647217
8500,mha,456,5,4,0.10355407744646072,0.09332109242677689,1.3804290294647217
8500,mha,456,5,5,0.035527344793081284,0.05708032473921776,1.3804290294647217
8500,mha,456,5,6,0.03454935550689697,0.04854629933834076,1.3804290294647217
8500,mha,456,5,7,0.09486338496208191,0.07718014717102051,1.3804290294647217
8500,mha,456,5,8,0.043159179389476776,0.03901546075940132,1.3804290294647217
8500,mha,456,5,9,0.038201190531253815,0.04787617549300194,1.3804290294647217
8500,mha,456,5,10,0.09604054689407349,0.08323487639427185,1.3804290294647217
8500,mha,456,5,11,0.040582988411188126,0.03661562129855156,1.3804290294647217
8500,mha,456,5,12,0.05448872968554497,0.05336528271436691,1.3804290294647217
8500,mha,456,5,13,0.08189229667186737,0.07711952924728394,1.3804290294647217
8500,mha,456,5,14,0.060855306684970856,0.04811029136180878,1.3804290294647217
8500,mha,456,5,15,0.05564615875482559,0.06842998415231705,1.3804290294647217
9000,mha,456,1,0,0.04888000339269638,0.05674290284514427,2.056082248687744
9000,mha,456,1,1,0.06380320340394974,0.06777691096067429,2.056082248687744
9000,mha,456,1,2,0.05497884005308151,0.06535699963569641,2.056082248687744
9000,mha,456,1,3,0.07919993251562119,0.0694306343793869,2.056082248687744
9000,mha,456,1,4,0.06599283963441849,0.0612090602517128,2.056082248687744
9000,mha,456,1,5,0.061386819928884506,0.05841263383626938,2.056082248687744
9000,mha,456,1,6,0.054583027958869934,0.05473111569881439,2.056082248687744
9000,mha,456,1,7,0.06432993710041046,0.0655236467719078,2.056082248687744
9000,mha,456,1,8,0.059396058320999146,0.06831763684749603,2.056082248687744
9000,mha,456,1,9,0.06738657504320145,0.06141158565878868,2.056082248687744
9000,mha,456,1,10,0.06509043276309967,0.060023233294487,2.056082248687744
9000,mha,456,1,11,0.05180826783180237,0.0649702250957489,2.056082248687744
9000,mha,456,1,12,0.06889800727367401,0.06161884218454361,2.056082248687744
9000,mha,456,1,13,0.0652071163058281,0.05674894154071808,2.056082248687744
9000,mha,456,1,14,0.05159952864050865,0.0496336966753006,2.056082248687744
9000,mha,456,1,15,0.0774594098329544,0.07809187471866608,2.056082248687744
9000,mha,456,2,0,0.04522990062832832,0.04835335910320282,1.554578185081482
9000,mha,456,2,1,0.05581573396921158,0.05609770491719246,1.554578185081482
9000,mha,456,2,2,0.06254415214061737,0.07801590859889984,1.554578185081482
9000,mha,456,2,3,0.06825347989797592,0.0624372661113739,1.554578185081482
9000,mha,456,2,4,0.0743502825498581,0.061353474855422974,1.554578185081482
9000,mha,456,2,5,0.07060608267784119,0.06609469652175903,1.554578185081482
9000,mha,456,2,6,0.06502003967761993,0.06299680471420288,1.554578185081482
9000,mha,456,2,7,0.05031534656882286,0.06058146804571152,1.554578185081482
9000,mha,456,2,8,0.08916259557008743,0.07533257454633713,1.554578185081482
9000,mha,456,2,9,0.05016621947288513,0.06671573221683502,1.554578185081482
9000,mha,456,2,10,0.06068481504917145,0.060334719717502594,1.554578185081482
9000,mha,456,2,11,0.07550109922885895,0.07629729807376862,1.554578185081482
9000,mha,456,2,12,0.06203267350792885,0.054002437740564346,1.554578185081482
9000,mha,456,2,13,0.07416097074747086,0.04771527647972107,1.554578185081482
9000,mha,456,2,14,0.05776611343026161,0.07818334549665451,1.554578185081482
9000,mha,456,2,15,0.03839050233364105,0.04548802226781845,1.554578185081482
9000,mha,456,3,0,0.05637827515602112,0.05665457993745804,1.4163694381713867
9000,mha,456,3,1,0.04701812565326691,0.05072169750928879,1.4163694381713867
9000,mha,456,3,2,0.06243988126516342,0.05369771271944046,1.4163694381713867
9000,mha,456,3,3,0.06067942455410957,0.053012654185295105,1.4163694381713867
9000,mha,456,3,4,0.07858754694461823,0.060437608510255814,1.4163694381713867
9000,mha,456,3,5,0.07431253790855408,0.07792866230010986,1.4163694381713867
9000,mha,456,3,6,0.052921753376722336,0.04530804604291916,1.4163694381713867
9000,mha,456,3,7,0.05953501537442207,0.06773000955581665,1.4163694381713867
9000,mha,456,3,8,0.09241078794002533,0.10524065792560577,1.4163694381713867
9000,mha,456,3,9,0.03967295214533806,0.04020107164978981,1.4163694381713867
9000,mha,456,3,10,0.07659800350666046,0.07836652547121048,1.4163694381713867
9000,mha,456,3,11,0.06973429024219513,0.07682985812425613,1.4163694381713867
9000,mha,456,3,12,0.0530598945915699,0.052643291652202606,1.4163694381713867
9000,mha,456,3,13,0.07145863771438599,0.06980976462364197,1.4163694381713867
9000,mha,456,3,14,0.05035797134041786,0.04978854954242706,1.4163694381713867
9000,mha,456,3,15,0.05483489856123924,0.061629295349121094,1.4163694381713867
9000,mha,456,4,0,0.09181030094623566,0.08020225912332535,1.256770133972168
9000,mha,456,4,1,0.05100636929273605,0.06020976975560188,1.256770133972168
9000,mha,456,4,2,0.05807210132479668,0.049821384251117706,1.256770133972168
9000,mha,456,4,3,0.03645365312695503,0.05830932781100273,1.256770133972168
9000,mha,456,4,4,0.0772489383816719,0.06641947478055954,1.256770133972168
9000,mha,456,4,5,0.10639078915119171,0.08646693825721741,1.256770133972168
9000,mha,456,4,6,0.07792490720748901,0.09774073213338852,1.256770133972168
9000,mha,456,4,7,0.06854390352964401,0.0747128576040268,1.256770133972168
9000,mha,456,4,8,0.038953959941864014,0.04287264868617058,1.256770133972168
9000,mha,456,4,9,0.05127665027976036,0.06685101985931396,1.256770133972168
9000,mha,456,4,10,0.06429697573184967,0.054782770574092865,1.256770133972168
9000,mha,456,4,11,0.0440216064453125,0.04583251476287842,1.256770133972168
9000,mha,456,4,12,0.059841614216566086,0.03651502728462219,1.256770133972168
9000,mha,456,4,13,0.05389516055583954,0.06215616688132286,1.256770133972168
9000,mha,456,4,14,0.07204284518957138,0.06246369704604149,1.256770133972168
9000,mha,456,4,15,0.04822021350264549,0.054643452167510986,1.256770133972168
9000,mha,456,5,0,0.05798838287591934,0.05805382877588272,1.375905156135559
9000,mha,456,5,1,0.06312774866819382,0.05207723379135132,1.375905156135559
9000,mha,456,5,2,0.059683531522750854,0.07600405067205429,1.375905156135559
9000,mha,456,5,3,0.07468536496162415,0.07965616881847382,1.375905156135559
9000,mha,456,5,4,0.1002114862203598,0.08929131925106049,1.375905156135559
9000,mha,456,5,5,0.03469746932387352,0.05715520307421684,1.375905156135559
9000,mha,456,5,6,0.033764954656362534,0.047234829515218735,1.375905156135559
9000,mha,456,5,7,0.09501566737890244,0.07842151075601578,1.375905156135559
9000,mha,456,5,8,0.04310658946633339,0.038479357957839966,1.375905156135559
9000,mha,456,5,9,0.038032837212085724,0.04617390036582947,1.375905156135559
9000,mha,456,5,10,0.0983060672879219,0.08637791126966476,1.375905156135559
9000,mha,456,5,11,0.043601177632808685,0.03889103978872299,1.375905156135559
9000,mha,456,5,12,0.052836813032627106,0.051836125552654266,1.375905156135559
9000,mha,456,5,13,0.0850505605340004,0.07989764213562012,1.375905156135559
9000,mha,456,5,14,0.06567209959030151,0.05327033996582031,1.375905156135559
9000,mha,456,5,15,0.05421925708651543,0.06717957556247711,1.375905156135559
9500,mha,456,1,0,0.05778452381491661,0.05860560014843941,2.043499708175659
9500,mha,456,1,1,0.06781046837568283,0.07039651274681091,2.043499708175659
9500,mha,456,1,2,0.05456756427884102,0.06416516751050949,2.043499708175659
9500,mha,456,1,3,0.07875895500183105,0.06773900240659714,2.043499708175659
9500,mha,456,1,4,0.07017272710800171,0.06555062532424927,2.043499708175659
9500,mha,456,1,5,0.060939330607652664,0.05684785172343254,2.043499708175659
9500,mha,456,1,6,0.0596536248922348,0.057573102414608,2.043499708175659
9500,mha,456,1,7,0.06424906104803085,0.06492718309164047,2.043499708175659
9500,mha,456,1,8,0.05918518081307411,0.0692267194390297,2.043499708175659
9500,mha,456,1,9,0.06846323609352112,0.06177550181746483,2.043499708175659
9500,mha,456,1,10,0.06682118773460388,0.062425773590803146,2.043499708175659
9500,mha,456,1,11,0.039157409220933914,0.06083023175597191,2.043499708175659
9500,mha,456,1,12,0.06748402863740921,0.06087927520275116,2.043499708175659
9500,mha,456,1,13,0.05784871429204941,0.05171119421720505,2.043499708175659
9500,mha,456,1,14,0.05269511044025421,0.049126166850328445,2.043499708175659
9500,mha,456,1,15,0.0744088739156723,0.07821997255086899,2.043499708175659
9500,mha,456,2,0,0.055551860481500626,0.053634241223335266,1.5413237810134888
9500,mha,456,2,1,0.050896402448415756,0.053294070065021515,1.5413237810134888
9500,mha,456,2,2,0.06066935136914253,0.07673248648643494,1.5413237810134888
9500,mha,456,2,3,0.06990193575620651,0.06296879798173904,1.5413237810134888
9500,mha,456,2,4,0.0764852911233902,0.0634211003780365,1.5413237810134888
9500,mha,456,2,5,0.06608103215694427,0.06184007599949837,1.5413237810134888
9500,mha,456,2,6,0.06526844948530197,0.06390631198883057,1.5413237810134888
9500,mha,456,2,7,0.04988851025700569,0.05964616686105728,1.5413237810134888
9500,mha,456,2,8,0.09052388370037079,0.07747312635183334,1.5413237810134888
9500,mha,456,2,9,0.052811380475759506,0.06781812757253647,1.5413237810134888
9500,mha,456,2,10,0.06671305000782013,0.06277719885110855,1.5413237810134888
9500,mha,456,2,11,0.07501424103975296,0.07608479261398315,1.5413237810134888
9500,mha,456,2,12,0.057829588651657104,0.053264811635017395,1.5413237810134888
9500,mha,456,2,13,0.06671997159719467,0.04497701674699783,1.5413237810134888
9500,mha,456,2,14,0.0549367256462574,0.0749690979719162,1.5413237810134888
9500,mha,456,2,15,0.04070831462740898,0.04719264805316925,1.5413237810134888
9500,mha,456,3,0,0.05208679288625717,0.05304129794239998,1.4096816778182983
9500,mha,456,3,1,0.04789489880204201,0.051860030740499496,1.4096816778182983
9500,mha,456,3,2,0.06409352272748947,0.0540890134871006,1.4096816778182983
9500,mha,456,3,3,0.058350831270217896,0.05142180994153023,1.4096816778182983
9500,mha,456,3,4,0.08343648165464401,0.06320895254611969,1.4096816778182983
9500,mha,456,3,5,0.0751725286245346,0.08048076927661896,1.4096816778182983
9500,mha,456,3,6,0.05218983814120293,0.04510773345828056,1.4096816778182983
9500,mha,456,3,7,0.058066610246896744,0.06580996513366699,1.4096816778182983
9500,mha,456,3,8,0.09483825415372849,0.1100265234708786,1.4096816778182983
9500,mha,456,3,9,0.03987691178917885,0.04013902321457863,1.4096816778182983
9500,mha,456,3,10,0.07802500575780869,0.07927604019641876,1.4096816778182983
9500,mha,456,3,11,0.07116831094026566,0.07684875279664993,1.4096816778182983
9500,mha,456,3,12,0.05120564624667168,0.050550103187561035,1.4096816778182983
9500,mha,456,3,13,0.06962320953607559,0.06852646172046661,1.4096816778182983
9500,mha,456,3,14,0.05037933215498924,0.049746111035346985,1.4096816778182983
9500,mha,456,3,15,0.05359181761741638,0.05986741557717323,1.4096816778182983
9500,mha,456,4,0,0.09175272285938263,0.07964405417442322,1.2561839818954468
9500,mha,456,4,1,0.05182505398988724,0.060235507786273956,1.2561839818954468
9500,mha,456,4,2,0.05518646165728569,0.04735011234879494,1.2561839818954468
9500,mha,456,4,3,0.03690795972943306,0.05864075943827629,1.2561839818954468
9500,mha,456,4,4,0.07486215978860855,0.06431914120912552,1.2561839818954468
9500,mha,456,4,5,0.10449056327342987,0.08375249058008194,1.2561839818954468
9500,mha,456,4,6,0.0788918063044548,0.09843246638774872,1.2561839818954468
9500,mha,456,4,7,0.06770101189613342,0.0748317688703537,1.2561839818954468
9500,mha,456,4,8,0.03995198383927345,0.044922199100255966,1.2561839818954468
9500,mha,456,4,9,0.051077473908662796,0.06662976741790771,1.2561839818954468
9500,mha,456,4,10,0.06419514864683151,0.05514572933316231,1.2561839818954468
9500,mha,456,4,11,0.04191945493221283,0.04540886729955673,1.2561839818954468
9500,mha,456,4,12,0.062003377825021744,0.03732818365097046,1.2561839818954468
9500,mha,456,4,13,0.055357158184051514,0.06350213289260864,1.2561839818954468
9500,mha,456,4,14,0.07478973269462585,0.06509224325418472,1.2561839818954468
9500,mha,456,4,15,0.04908793047070503,0.05476449802517891,1.2561839818954468
9500,mha,456,5,0,0.059951577335596085,0.058844637125730515,1.3715038299560547
9500,mha,456,5,1,0.06499074399471283,0.05486007779836655,1.3715038299560547
9500,mha,456,5,2,0.059484049677848816,0.07581505179405212,1.3715038299560547
9500,mha,456,5,3,0.07460571080446243,0.07918178290128708,1.3715038299560547
9500,mha,456,5,4,0.10106201469898224,0.09092116355895996,1.3715038299560547
9500,mha,456,5,5,0.034310609102249146,0.055746644735336304,1.3715038299560547
9500,mha,456,5,6,0.03365631029009819,0.047455452382564545,1.3715038299560547
9500,mha,456,5,7,0.0999915599822998,0.08119746297597885,1.3715038299560547
9500,mha,456,5,8,0.04356272518634796,0.038615211844444275,1.3715038299560547
9500,mha,456,5,9,0.037068989127874374,0.04587620869278908,1.3715038299560547
9500,mha,456,5,10,0.0980757623910904,0.08627815544605255,1.3715038299560547
9500,mha,456,5,11,0.042958881705999374,0.03869061544537544,1.3715038299560547
9500,mha,456,5,12,0.05354044586420059,0.05363890156149864,1.3715038299560547
9500,mha,456,5,13,0.08260976523160934,0.07860929518938065,1.3715038299560547
9500,mha,456,5,14,0.06094156950712204,0.04818344861268997,1.3715038299560547
9500,mha,456,5,15,0.05318928882479668,0.06608571112155914,1.3715038299560547
10000,mha,456,1,0,0.04999633878469467,0.05584624037146568,2.0234427452087402
10000,mha,456,1,1,0.0674368292093277,0.07002421468496323,2.0234427452087402
10000,mha,456,1,2,0.04900166764855385,0.06243908032774925,2.0234427452087402
10000,mha,456,1,3,0.07761850953102112,0.06717748939990997,2.0234427452087402
10000,mha,456,1,4,0.06587392091751099,0.06117025390267372,2.0234427452087402
10000,mha,456,1,5,0.05712392181158066,0.0559101365506649,2.0234427452087402
10000,mha,456,1,6,0.05572693049907684,0.05466758832335472,2.0234427452087402
10000,mha,456,1,7,0.066619873046875,0.0669528916478157,2.0234427452087402
10000,mha,456,1,8,0.05848317593336105,0.0687786191701889,2.0234427452087402
10000,mha,456,1,9,0.06732188165187836,0.061439260840415955,2.0234427452087402
10000,mha,456,1,10,0.06778503209352493,0.06355398148298264,2.0234427452087402
10000,mha,456,1,11,0.04993794858455658,0.06330026686191559,2.0234427452087402
10000,mha,456,1,12,0.07301554083824158,0.06499943137168884,2.0234427452087402
10000,mha,456,1,13,0.06274057924747467,0.054788704961538315,2.0234427452087402
10000,mha,456,1,14,0.05727854371070862,0.05058073252439499,2.0234427452087402
10000,mha,456,1,15,0.07403931021690369,0.07837104797363281,2.0234427452087402
10000,mha,456,2,0,0.05044199526309967,0.051045868545770645,1.5222381353378296
10000,mha,456,2,1,0.053764648735523224,0.05499066784977913,1.5222381353378296
10000,mha,456,2,2,0.058182574808597565,0.07518885284662247,1.5222381353378296
10000,mha,456,2,3,0.07156168669462204,0.06461457908153534,1.5222381353378296
10000,mha,456,2,4,0.07991597801446915,0.06483706086874008,1.5222381353378296
10000,mha,456,2,5,0.06608825922012329,0.062178440392017365,1.5222381353378296
10000,mha,456,2,6,0.06810323148965836,0.06735797971487045,1.5222381353378296
10000,mha,456,2,7,0.05148681625723839,0.06120510771870613,1.5222381353378296
10000,mha,456,2,8,0.08836028724908829,0.07413928210735321,1.5222381353378296
10000,mha,456,2,9,0.051081035286188126,0.06711772829294205,1.5222381353378296
10000,mha,456,2,10,0.06697184592485428,0.06229254975914955,1.5222381353378296
10000,mha,456,2,11,0.07613637298345566,0.07751485705375671,1.5222381353378296
10000,mha,456,2,12,0.05687428638339043,0.051937881857156754,1.5222381353378296
10000,mha,456,2,13,0.06445180624723434,0.042790986597537994,1.5222381353378296
10000,mha,456,2,14,0.05510467663407326,0.07588337361812592,1.5222381353378296
10000,mha,456,2,15,0.04147450625896454,0.0469047911465168,1.5222381353378296
10000,mha,456,3,0,0.05529825761914253,0.055714964866638184,1.4083021879196167
10000,mha,456,3,1,0.046185608953237534,0.04973785579204559,1.4083021879196167
10000,mha,456,3,2,0.06362152099609375,0.05309362709522247,1.4083021879196167
10000,mha,456,3,3,0.05699310451745987,0.051806479692459106,1.4083021879196167
10000,mha,456,3,4,0.08012522011995316,0.060022443532943726,1.4083021879196167
10000,mha,456,3,5,0.07450317591428757,0.07928026467561722,1.4083021879196167
10000,mha,456,3,6,0.05208282545208931,0.044605642557144165,1.4083021879196167
10000,mha,456,3,7,0.058077696710824966,0.06609403342008591,1.4083021879196167
10000,mha,456,3,8,0.09742248803377151,0.11211186647415161,1.4083021879196167
10000,mha,456,3,9,0.041786398738622665,0.04169416427612305,1.4083021879196167
10000,mha,456,3,10,0.07789235562086105,0.0789388045668602,1.4083021879196167
10000,mha,456,3,11,0.06739512085914612,0.0738133117556572,1.4083021879196167
10000,mha,456,3,12,0.05215311795473099,0.052486393600702286,1.4083021879196167
10000,mha,456,3,13,0.07147064059972763,0.06867323070764542,1.4083021879196167
10000,mha,456,3,14,0.052455343306064606,0.05282677710056305,1.4083021879196167
10000,mha,456,3,15,0.05253712832927704,0.05910022556781769,1.4083021879196167
10000,mha,456,4,0,0.08671610802412033,0.07501078397035599,1.2604656219482422
10000,mha,456,4,1,0.05216735973954201,0.062057629227638245,1.2604656219482422
10000,mha,456,4,2,0.05695902556180954,0.04899083822965622,1.2604656219482422
10000,mha,456,4,3,0.035737305879592896,0.05613209307193756,1.2604656219482422
10000,mha,456,4,4,0.07449646294116974,0.06490163505077362,1.2604656219482422
10000,mha,456,4,5,0.10379953682422638,0.08387220650911331,1.2604656219482422
10000,mha,456,4,6,0.0782509371638298,0.09843220561742783,1.2604656219482422
10000,mha,456,4,7,0.06581217795610428,0.07205627113580704,1.2604656219482422
10000,mha,456,4,8,0.03972615674138069,0.04505821689963341,1.2604656219482422
10000,mha,456,4,9,0.05145823210477829,0.06724108010530472,1.2604656219482422
10000,mha,456,4,10,0.06522227078676224,0.055321305990219116,1.2604656219482422
10000,mha,456,4,11,0.045472003519535065,0.04856368899345398,1.2604656219482422
10000,mha,456,4,12,0.0645352154970169,0.03945048153400421,1.2604656219482422
10000,mha,456,4,13,0.055253397673368454,0.06310977041721344,1.2604656219482422
10000,mha,456,4,14,0.07476938515901566,0.0649796649813652,1.2604656219482422
10000,mha,456,4,15,0.04962443187832832,0.054822202771902084,1.2604656219482422
10000,mha,456,5,0,0.06179087236523628,0.061489421874284744,1.3741765022277832
10000,mha,456,5,1,0.06446116417646408,0.05436905473470688,1.3741765022277832
10000,mha,456,5,2,0.06062062457203865,0.07757965475320816,1.3741765022277832
10000,mha,456,5,3,0.07410085201263428,0.0793275311589241,1.3741765022277832
10000,mha,456,5,4,0.10159861296415329,0.08977147936820984,1.3741765022277832
10000,mha,456,5,5,0.034629009664058685,0.05670400708913803,1.3741765022277832
10000,mha,456,5,6,0.03440399095416069,0.048269886523485184,1.3741765022277832
10000,mha,456,5,7,0.09446899592876434,0.07670212537050247,1.3741765022277832
10000,mha,456,5,8,0.04419087618589401,0.038911499083042145,1.3741765022277832
10000,mha,456,5,9,0.03744954243302345,0.04417584091424942,1.3741765022277832
10000,mha,456,5,10,0.09438426047563553,0.08213796466588974,1.3741765022277832
10000,mha,456,5,11,0.04527333751320839,0.040387097746133804,1.3741765022277832
10000,mha,456,5,12,0.053211670368909836,0.05305943638086319,1.3741765022277832
10000,mha,456,5,13,0.08481038361787796,0.08064699172973633,1.3741765022277832
10000,mha,456,5,14,0.06030070036649704,0.04907815158367157,1.3741765022277832
10000,mha,456,5,15,0.05430511385202408,0.06738963723182678,1.3741765022277832
10500,mha,456,1,0,0.048669129610061646,0.05468296632170677,2.0183238983154297
10500,mha,456,1,1,0.0694478377699852,0.07197657227516174,2.0183238983154297
10500,mha,456,1,2,0.048773396760225296,0.06358250975608826,2.0183238983154297
10500,mha,456,1,3,0.08199513703584671,0.0706777349114418,2.0183238983154297
10500,mha,456,1,4,0.06588205695152283,0.06078582629561424,2.0183238983154297
10500,mha,456,1,5,0.05945587158203125,0.05747035890817642,2.0183238983154297
10500,mha,456,1,6,0.058842264115810394,0.05637264996767044,2.0183238983154297
10500,mha,456,1,7,0.0630873590707779,0.06574222445487976,2.0183238983154297
10500,mha,456,1,8,0.05680663883686066,0.06669242680072784,2.0183238983154297
10500,mha,456,1,9,0.06617380678653717,0.060647811740636826,2.0183238983154297
10500,mha,456,1,10,0.06837829947471619,0.06409353762865067,2.0183238983154297
10500,mha,456,1,11,0.04795634001493454,0.06251861155033112,2.0183238983154297
10500,mha,456,1,12,0.0740763321518898,0.0645168274641037,2.0183238983154297
10500,mha,456,1,13,0.059256795793771744,0.05244966968894005,2.0183238983154297
10500,mha,456,1,14,0.05366617813706398,0.04834670200943947,2.0183238983154297
10500,mha,456,1,15,0.07753255218267441,0.0794435665011406,2.0183238983154297
10500,mha,456,2,0,0.05198414996266365,0.05160302296280861,1.5271732807159424
10500,mha,456,2,1,0.05095530301332474,0.05327264592051506,1.5271732807159424
10500,mha,456,2,2,0.059536438435316086,0.07575201243162155,1.5271732807159424
10500,mha,456,2,3,0.07009989768266678,0.06342044472694397,1.5271732807159424
10500,mha,456,2,4,0.08140116184949875,0.0659247487783432,1.5271732807159424
10500,mha,456,2,5,0.06438517570495605,0.06080474331974983,1.5271732807159424
10500,mha,456,2,6,0.06855133175849915,0.06675121933221817,1.5271732807159424
10500,mha,456,2,7,0.050103455781936646,0.06014350801706314,1.5271732807159424
10500,mha,456,2,8,0.09116892516613007,0.07645665854215622,1.5271732807159424
10500,mha,456,2,9,0.05212249606847763,0.06691496819257736,1.5271732807159424
10500,mha,456,2,10,0.06873474270105362,0.06357131898403168,1.5271732807159424
10500,mha,456,2,11,0.07695943117141724,0.0777641013264656,1.5271732807159424
10500,mha,456,2,12,0.05823669582605362,0.05307042598724365,1.5271732807159424
10500,mha,456,2,13,0.062362365424633026,0.0432448536157608,1.5271732807159424
10500,mha,456,2,14,0.05500213801860809,0.07614646106958389,1.5271732807159424
10500,mha,456,2,15,0.03839630261063576,0.045158859342336655,1.5271732807159424
10500,mha,456,3,0,0.05760447308421135,0.05670807510614395,1.4012913703918457
10500,mha,456,3,1,0.04706013947725296,0.050772275775671005,1.4012913703918457
10500,mha,456,3,2,0.06034332141280174,0.050468724220991135,1.4012913703918457
10500,mha,456,3,3,0.0573863722383976,0.05059777572751045,1.4012913703918457
10500,mha,456,3,4,0.08241943269968033,0.06184893846511841,1.4012913703918457
10500,mha,456,3,5,0.0755113735795021,0.08106190711259842,1.4012913703918457
10500,mha,456,3,6,0.05144714191555977,0.043595291674137115,1.4012913703918457
10500,mha,456,3,7,0.058879293501377106,0.06733962148427963,1.4012913703918457
10500,mha,456,3,8,0.09453877806663513,0.10757237672805786,1.4012913703918457
10500,mha,456,3,9,0.03960764408111572,0.04019481688737869,1.4012913703918457
10500,mha,456,3,10,0.08021707832813263,0.08273866027593613,1.4012913703918457
10500,mha,456,3,11,0.06913106143474579,0.07621598243713379,1.4012913703918457
10500,mha,456,3,12,0.04835601896047592,0.04856216907501221,1.4012913703918457
10500,mha,456,3,13,0.07412964105606079,0.0719296857714653,1.4012913703918457
10500,mha,456,3,14,0.0493653379380703,0.04950052872300148,1.4012913703918457
10500,mha,456,3,15,0.05400288850069046,0.06089312955737114,1.4012913703918457
10500,mha,456,4,0,0.09068471193313599,0.07754409313201904,1.2503043413162231
10500,mha,456,4,1,0.05070403963327408,0.05989161133766174,1.2503043413162231
10500,mha,456,4,2,0.05897623673081398,0.05078352242708206,1.2503043413162231
10500,mha,456,4,3,0.03638366609811783,0.05821090564131737,1.2503043413162231
10500,mha,456,4,4,0.0780951976776123,0.06754433363676071,1.2503043413162231
10500,mha,456,4,5,0.1047821044921875,0.08325032889842987,1.2503043413162231
10500,mha,456,4,6,0.07923777401447296,0.10003990679979324,1.2503043413162231
10500,mha,456,4,7,0.06519785523414612,0.07356222718954086,1.2503043413162231
10500,mha,456,4,8,0.039772845804691315,0.045063767582178116,1.2503043413162231
10500,mha,456,4,9,0.04895599186420441,0.06413313746452332,1.2503043413162231
10500,mha,456,4,10,0.0657004788517952,0.05492052808403969,1.2503043413162231
10500,mha,456,4,11,0.04233693331480026,0.04563603550195694,1.2503043413162231
10500,mha,456,4,12,0.06276702880859375,0.03785368427634239,1.2503043413162231
10500,mha,456,4,13,0.05635467544198036,0.06469883024692535,1.2503043413162231
10500,mha,456,4,14,0.0723298117518425,0.06267835199832916,1.2503043413162231
10500,mha,456,4,15,0.047720640897750854,0.05418865382671356,1.2503043413162231
10500,mha,456,5,0,0.05830780044198036,0.05761251598596573,1.3705371618270874
10500,mha,456,5,1,0.06505493074655533,0.05468001589179039,1.3705371618270874
10500,mha,456,5,2,0.06128692626953125,0.07799795269966125,1.3705371618270874
10500,mha,456,5,3,0.07485463470220566,0.0793943852186203,1.3705371618270874
10500,mha,456,5,4,0.10246337950229645,0.09202470630407333,1.3705371618270874
10500,mha,456,5,5,0.034499917179346085,0.05626107379794121,1.3705371618270874
10500,mha,456,5,6,0.035010479390621185,0.04869507625699043,1.3705371618270874
10500,mha,456,5,7,0.09341715276241302,0.07677993923425674,1.3705371618270874
10500,mha,456,5,8,0.045311279594898224,0.04118017107248306,1.3705371618270874
10500,mha,456,5,9,0.037089843302965164,0.04425559192895889,1.3705371618270874
10500,mha,456,5,10,0.09788329899311066,0.08639190346002579,1.3705371618270874
10500,mha,456,5,11,0.044673360884189606,0.0400368757545948,1.3705371618270874
10500,mha,456,5,12,0.05357218533754349,0.0528474859893322,1.3705371618270874
10500,mha,456,5,13,0.08509664237499237,0.08010437339544296,1.3705371618270874
10500,mha,456,5,14,0.05925649031996727,0.04794101044535637,1.3705371618270874
10500,mha,456,5,15,0.05222167819738388,0.06379697471857071,1.3705371618270874
11000,mha,456,1,0,0.05810485780239105,0.05811282619833946,2.0148653984069824
11000,mha,456,1,1,0.06537455320358276,0.06733866780996323,2.0148653984069824
11000,mha,456,1,2,0.05557505413889885,0.06578723341226578,2.0148653984069824
11000,mha,456,1,3,0.07578257471323013,0.06519368290901184,2.0148653984069824
11000,mha,456,1,4,0.06756174564361572,0.06146244704723358,2.0148653984069824
11000,mha,456,1,5,0.05598083510994911,0.05630514770746231,2.0148653984069824
11000,mha,456,1,6,0.05742258578538895,0.05638568848371506,2.0148653984069824
11000,mha,456,1,7,0.06562601774930954,0.06739304214715958,2.0148653984069824
11000,mha,456,1,8,0.06049448624253273,0.07089495658874512,2.0148653984069824
11000,mha,456,1,9,0.06550974398851395,0.0601649284362793,2.0148653984069824
11000,mha,456,1,10,0.06680165976285934,0.06269874423742294,2.0148653984069824
11000,mha,456,1,11,0.05291300639510155,0.06394988298416138,2.0148653984069824
11000,mha,456,1,12,0.07054656744003296,0.06382273137569427,2.0148653984069824
11000,mha,456,1,13,0.059203796088695526,0.05343881621956825,2.0148653984069824
11000,mha,456,1,14,0.05069335922598839,0.048961322754621506,2.0148653984069824
11000,mha,456,1,15,0.07240916043519974,0.0780898779630661,2.0148653984069824
11000,mha,456,2,0,0.04907511547207832,0.05033101513981819,1.5138708353042603
11000,mha,456,2,1,0.053793538361787796,0.055057428777217865,1.5138708353042603
11000,mha,456,2,2,0.0622437559068203,0.07720698416233063,1.5138708353042603
11000,mha,456,2,3,0.07003886252641678,0.06334900856018066,1.5138708353042603
11000,mha,456,2,4,0.07680755853652954,0.0628584772348404,1.5138708353042603
11000,mha,456,2,5,0.06903615593910217,0.06543824821710587,1.5138708353042603
11000,mha,456,2,6,0.06869059056043625,0.06789889931678772,1.5138708353042603
11000,mha,456,2,7,0.050770364701747894,0.06030144914984703,1.5138708353042603
11000,mha,456,2,8,0.08805491030216217,0.07414117455482483,1.5138708353042603
11000,mha,456,2,9,0.05021464079618454,0.06559456139802933,1.5138708353042603
11000,mha,456,2,10,0.06174621731042862,0.06139058247208595,1.5138708353042603
11000,mha,456,2,11,0.07752654701471329,0.07804214954376221,1.5138708353042603
11000,mha,456,2,12,0.05478474870324135,0.050144873559474945,1.5138708353042603
11000,mha,456,2,13,0.07578521966934204,0.04812278598546982,1.5138708353042603
11000,mha,456,2,14,0.052189432084560394,0.0749882161617279,1.5138708353042603
11000,mha,456,2,15,0.039242349565029144,0.04513407126069069,1.5138708353042603
11000,mha,456,3,0,0.053791504353284836,0.05334872379899025,1.3880304098129272
11000,mha,456,3,1,0.04771779477596283,0.05182661861181259,1.3880304098129272
11000,mha,456,3,2,0.05794138461351395,0.04908443242311478,1.3880304098129272
11000,mha,456,3,3,0.06331675499677658,0.05439072847366333,1.3880304098129272
11000,mha,456,3,4,0.08158833533525467,0.06139767915010452,1.3880304098129272
11000,mha,456,3,5,0.0753282681107521,0.08205961436033249,1.3880304098129272
11000,mha,456,3,6,0.05311024934053421,0.045259080827236176,1.3880304098129272
11000,mha,456,3,7,0.058161113411188126,0.06639615446329117,1.3880304098129272
11000,mha,456,3,8,0.09580566734075546,0.11122366786003113,1.3880304098129272
11000,mha,456,3,9,0.04060781002044678,0.04012249782681465,1.3880304098129272
11000,mha,456,3,10,0.0786781832575798,0.07953640073537827,1.3880304098129272
11000,mha,456,3,11,0.06836700439453125,0.07445332407951355,1.3880304098129272
11000,mha,456,3,12,0.05151763930916786,0.05183635652065277,1.3880304098129272
11000,mha,456,3,13,0.06915934383869171,0.06755070388317108,1.3880304098129272
11000,mha,456,3,14,0.04857828840613365,0.049714140594005585,1.3880304098129272
11000,mha,456,3,15,0.05633066967129707,0.06179971620440483,1.3880304098129272
11000,mha,456,4,0,0.08998077362775803,0.07731682807207108,1.2467163801193237
11000,mha,456,4,1,0.05109303817152977,0.060400690883398056,1.2467163801193237
11000,mha,456,4,2,0.0583171583712101,0.049919310957193375,1.2467163801193237
11000,mha,456,4,3,0.035423584282398224,0.057788774371147156,1.2467163801193237
11000,mha,456,4,4,0.07919413596391678,0.06920122355222702,1.2467163801193237
11000,mha,456,4,5,0.10382527858018875,0.0827837660908699,1.2467163801193237
11000,mha,456,4,6,0.0788261890411377,0.09832265973091125,1.2467163801193237
11000,mha,456,4,7,0.06448903679847717,0.07116959244012833,1.2467163801193237
11000,mha,456,4,8,0.04054779186844826,0.04589772969484329,1.2467163801193237
11000,mha,456,4,9,0.05024810880422592,0.06594438850879669,1.2467163801193237
11000,mha,456,4,10,0.06561838835477829,0.055179476737976074,1.2467163801193237
11000,mha,456,4,11,0.0432160459458828,0.0469709113240242,1.2467163801193237
11000,mha,456,4,12,0.06215250492095947,0.03715210407972336,1.2467163801193237
11000,mha,456,4,13,0.054753925651311874,0.06267883628606796,1.2467163801193237
11000,mha,456,4,14,0.07283782958984375,0.06320873647928238,1.2467163801193237
11000,mha,456,4,15,0.04947621747851372,0.05606497451663017,1.2467163801193237
11000,mha,456,5,0,0.06045786663889885,0.05888877809047699,1.3626691102981567
11000,mha,456,5,1,0.06564036011695862,0.05607642978429794,1.3626691102981567
11000,mha,456,5,2,0.05903889983892441,0.07661011815071106,1.3626691102981567
11000,mha,456,5,3,0.0711408481001854,0.07610754668712616,1.3626691102981567
11000,mha,456,5,4,0.10114043951034546,0.0902111828327179,1.3626691102981567
11000,mha,456,5,5,0.03472656384110451,0.05690211057662964,1.3626691102981567
11000,mha,456,5,6,0.034144286066293716,0.047781240195035934,1.3626691102981567
11000,mha,456,5,7,0.09506133943796158,0.07735643535852432,1.3626691102981567
11000,mha,456,5,8,0.0461680106818676,0.04260769113898277,1.3626691102981567
11000,mha,456,5,9,0.037005309015512466,0.04406607896089554,1.3626691102981567
11000,mha,456,5,10,0.0971025601029396,0.08473365008831024,1.3626691102981567
11000,mha,456,5,11,0.04616933315992355,0.041313137859106064,1.3626691102981567
11000,mha,456,5,12,0.05303843319416046,0.05273410677909851,1.3626691102981567
11000,mha,456,5,13,0.08477651327848434,0.08023615926504135,1.3626691102981567
11000,mha,456,5,14,0.06309498846530914,0.052296001464128494,1.3626691102981567
11000,mha,456,5,15,0.05129425227642059,0.06207934021949768,1.3626691102981567
11500,mha,456,1,0,0.05652801692485809,0.05772080644965172,2.0080347061157227
11500,mha,456,1,1,0.06305806338787079,0.06574027985334396,2.0080347061157227
11500,mha,456,1,2,0.0519205741584301,0.06455620378255844,2.0080347061157227
11500,mha,456,1,3,0.0788135752081871,0.067489854991436,2.0080347061157227
11500,mha,456,1,4,0.0682353749871254,0.06338595598936081,2.0080347061157227
11500,mha,456,1,5,0.06147857755422592,0.05883342772722244,2.0080347061157227
11500,mha,456,1,6,0.052489928901195526,0.05381346493959427,2.0080347061157227
11500,mha,456,1,7,0.06643666326999664,0.06687503308057785,2.0080347061157227
11500,mha,456,1,8,0.05865732952952385,0.0678401067852974,2.0080347061157227
11500,mha,456,1,9,0.06688995659351349,0.06067841872572899,2.0080347061157227
11500,mha,456,1,10,0.0679098516702652,0.06414088606834412,2.0080347061157227
11500,mha,456,1,11,0.050771381705999374,0.06473284959793091,2.0080347061157227
11500,mha,456,1,12,0.0664137750864029,0.06081872805953026,2.0080347061157227
11500,mha,456,1,13,0.06160084903240204,0.055060502141714096,2.0080347061157227
11500,mha,456,1,14,0.05408335477113724,0.04930933192372322,2.0080347061157227
11500,mha,456,1,15,0.07471273094415665,0.07900405675172806,2.0080347061157227
11500,mha,456,2,0,0.05122528225183487,0.05161838233470917,1.5098756551742554
11500,mha,456,2,1,0.05390462279319763,0.05573218688368797,1.5098756551742554
11500,mha,456,2,2,0.05810292437672615,0.07473371922969818,1.5098756551742554
11500,mha,456,2,3,0.07209838926792145,0.06419014185667038,1.5098756551742554
11500,mha,456,2,4,0.08153554052114487,0.06633253395557404,1.5098756551742554
11500,mha,456,2,5,0.06488362699747086,0.0618753619492054,1.5098756551742554
11500,mha,456,2,6,0.06816335022449493,0.0672544613480568,1.5098756551742554
11500,mha,456,2,7,0.04881428927183151,0.05779373273253441,1.5098756551742554
11500,mha,456,2,8,0.09117858856916428,0.07669605314731598,1.5098756551742554
11500,mha,456,2,9,0.052206724882125854,0.06812126189470291,1.5098756551742554
11500,mha,456,2,10,0.06651835143566132,0.06231873109936714,1.5098756551742554
11500,mha,456,2,11,0.07745300233364105,0.07761847227811813,1.5098756551742554
11500,mha,456,2,12,0.054977212101221085,0.050040196627378464,1.5098756551742554
11500,mha,456,2,13,0.0656883716583252,0.044052690267562866,1.5098756551742554
11500,mha,456,2,14,0.0557963065803051,0.0779799297451973,1.5098756551742554
11500,mha,456,2,15,0.037453409284353256,0.04364202171564102,1.5098756551742554
11500,mha,456,3,0,0.053004149347543716,0.05357203632593155,1.3921608924865723
11500,mha,456,3,1,0.046339619904756546,0.051031824201345444,1.3921608924865723
11500,mha,456,3,2,0.06218607723712921,0.05213885381817818,1.3921608924865723
11500,mha,456,3,3,0.06110748276114464,0.0533897764980793,1.3921608924865723
11500,mha,456,3,4,0.0834033191204071,0.06283031404018402,1.3921608924865723
11500,mha,456,3,5,0.07509633153676987,0.07951419055461884,1.3921608924865723
11500,mha,456,3,6,0.053080443292856216,0.0454244464635849,1.3921608924865723
11500,mha,456,3,7,0.057319846004247665,0.06554026156663895,1.3921608924865723
11500,mha,456,3,8,0.09467478096485138,0.10773451626300812,1.3921608924865723
11500,mha,456,3,9,0.04085591807961464,0.04023966193199158,1.3921608924865723
11500,mha,456,3,10,0.08070383965969086,0.08274837583303452,1.3921608924865723
11500,mha,456,3,11,0.06941833347082138,0.07626669108867645,1.3921608924865723
11500,mha,456,3,12,0.046777546405792236,0.047159597277641296,1.3921608924865723
11500,mha,456,3,13,0.07093994319438934,0.06920047104358673,1.3921608924865723
11500,mha,456,3,14,0.05023640766739845,0.0510074757039547,1.3921608924865723
11500,mha,456,3,15,0.05485595762729645,0.0622013583779335,1.3921608924865723
11500,mha,456,4,0,0.09091348946094513,0.07727204263210297,1.252835750579834
11500,mha,456,4,1,0.05057820677757263,0.06037271022796631,1.252835750579834
11500,mha,456,4,2,0.05711781978607178,0.049200549721717834,1.252835750579834
11500,mha,456,4,3,0.03599802777171135,0.057873886078596115,1.252835750579834
11500,mha,456,4,4,0.07727691531181335,0.06691966950893402,1.252835750579834
11500,mha,456,4,5,0.10610514134168625,0.08434037119150162,1.252835750579834
11500,mha,456,4,6,0.08047393709421158,0.10206983238458633,1.252835750579834
11500,mha,456,4,7,0.06495452672243118,0.07155216485261917,1.252835750579834
11500,mha,456,4,8,0.03819315508008003,0.042898185551166534,1.252835750579834
11500,mha,456,4,9,0.04933776706457138,0.06542325019836426,1.252835750579834
11500,mha,456,4,10,0.06622609496116638,0.055821698158979416,1.252835750579834
11500,mha,456,4,11,0.04402343928813934,0.04780302941799164,1.252835750579834
11500,mha,456,4,12,0.06177134066820145,0.036946676671504974,1.252835750579834
11500,mha,456,4,13,0.056108295917510986,0.063911072909832,1.252835750579834
11500,mha,456,4,14,0.0738690197467804,0.06363706290721893,1.252835750579834
11500,mha,456,4,15,0.047052815556526184,0.05395793169736862,1.252835750579834
11500,mha,456,5,0,0.06278655678033829,0.06140732392668724,1.3648364543914795
11500,mha,456,5,1,0.0667712390422821,0.05667844042181969,1.3648364543914795
11500,mha,456,5,2,0.058356933295726776,0.07588440179824829,1.3648364543914795
11500,mha,456,5,3,0.07292602211236954,0.07713603973388672,1.3648364543914795
11500,mha,456,5,4,0.10232605040073395,0.09177543967962265,1.3648364543914795
11500,mha,456,5,5,0.03406738117337227,0.05542253330349922,1.3648364543914795
11500,mha,456,5,6,0.033698730170726776,0.04794919863343239,1.3648364543914795
11500,mha,456,5,7,0.09512858092784882,0.07667699456214905,1.3648364543914795
11500,mha,456,5,8,0.04651428386569023,0.04170750081539154,1.3648364543914795
11500,mha,456,5,9,0.03791208937764168,0.045200180262327194,1.3648364543914795
11500,mha,456,5,10,0.09509226679801941,0.0826764777302742,1.3648364543914795
11500,mha,456,5,11,0.045924682170152664,0.04145310819149017,1.3648364543914795
11500,mha,456,5,12,0.053786519914865494,0.05361495167016983,1.3648364543914795
11500,mha,456,5,13,0.08384460210800171,0.08019008487462997,1.3648364543914795
11500,mha,456,5,14,0.05926615372300148,0.048285529017448425,1.3648364543914795
11500,mha,456,5,15,0.051597900688648224,0.06394171714782715,1.3648364543914795
12000,mha,456,1,0,0.05424865707755089,0.05653446912765503,2.0061933994293213
12000,mha,456,1,1,0.06822377443313599,0.07087089121341705,2.0061933994293213
12000,mha,456,1,2,0.051549479365348816,0.06442257761955261,2.0061933994293213
12000,mha,456,1,3,0.07954050600528717,0.06850817054510117,2.0061933994293213
12000,mha,456,1,4,0.06731832027435303,0.06222167983651161,2.0061933994293213
12000,mha,456,1,5,0.057527873665094376,0.058015599846839905,2.0061933994293213
12000,mha,456,1,6,0.059001363813877106,0.05694379657506943,2.0061933994293213
12000,mha,456,1,7,0.06149658188223839,0.06461314857006073,2.0061933994293213
12000,mha,456,1,8,0.0573996976017952,0.06731757521629333,2.0061933994293213
12000,mha,456,1,9,0.06673665344715118,0.06160236522555351,2.0061933994293213
12000,mha,456,1,10,0.06756174564361572,0.06335465610027313,2.0061933994293213
12000,mha,456,1,11,0.05609548091888428,0.06564120948314667,2.0061933994293213
12000,mha,456,1,12,0.07015737146139145,0.06198471784591675,2.0061933994293213
12000,mha,456,1,13,0.05947733670473099,0.05346106365323067,2.0061933994293213
12000,mha,456,1,14,0.052325744181871414,0.0486038476228714,2.0061933994293213
12000,mha,456,1,15,0.07133941352367401,0.07590401917695999,2.0061933994293213
12000,mha,456,2,0,0.05087534710764885,0.05060940608382225,1.5059350728988647
12000,mha,456,2,1,0.05006306990981102,0.05319325625896454,1.5059350728988647
12000,mha,456,2,2,0.05868418514728546,0.07432480156421661,1.5059350728988647
12000,mha,456,2,3,0.07229329645633698,0.06458871811628342,1.5059350728988647
12000,mha,456,2,4,0.08171162754297256,0.06702904403209686,1.5059350728988647
12000,mha,456,2,5,0.06429433077573776,0.061860159039497375,1.5059350728988647
12000,mha,456,2,6,0.06805592775344849,0.06724267452955246,1.5059350728988647
12000,mha,456,2,7,0.05067098140716553,0.06080062314867973,1.5059350728988647
12000,mha,456,2,8,0.0900968387722969,0.07657814770936966,1.5059350728988647
12000,mha,456,2,9,0.04950317367911339,0.06487013399600983,1.5059350728988647
12000,mha,456,2,10,0.06392385065555573,0.06120527908205986,1.5059350728988647
12000,mha,456,2,11,0.07600484043359756,0.07524234056472778,1.5059350728988647
12000,mha,456,2,12,0.05623158812522888,0.05119241029024124,1.5059350728988647
12000,mha,456,2,13,0.07338907569646835,0.04739242047071457,1.5059350728988647
12000,mha,456,2,14,0.05477142333984375,0.07797924429178238,1.5059350728988647
12000,mha,456,2,15,0.039430439472198486,0.04589129984378815,1.5059350728988647
12000,mha,456,3,0,0.05354217439889908,0.053742941468954086,1.386513113975525
12000,mha,456,3,1,0.04554250091314316,0.05003936588764191,1.386513113975525
12000,mha,456,3,2,0.05983439087867737,0.050331000238657,1.386513113975525
12000,mha,456,3,3,0.06052032485604286,0.053315117955207825,1.386513113975525
12000,mha,456,3,4,0.08495208621025085,0.06406833976507187,1.386513113975525
12000,mha,456,3,5,0.07546081393957138,0.08182723075151443,1.386513113975525
12000,mha,456,3,6,0.05115203931927681,0.043958794325590134,1.386513113975525
12000,mha,456,3,7,0.05807698518037796,0.06678306311368942,1.386513113975525
12000,mha,456,3,8,0.09494221955537796,0.1094089150428772,1.386513113975525
12000,mha,456,3,9,0.04266621917486191,0.04111829027533531,1.386513113975525
12000,mha,456,3,10,0.07857543975114822,0.07986942678689957,1.386513113975525
12000,mha,456,3,11,0.06811818480491638,0.07447301596403122,1.386513113975525
12000,mha,456,3,12,0.04906972125172615,0.049217965453863144,1.386513113975525
12000,mha,456,3,13,0.07270650565624237,0.06952647119760513,1.386513113975525
12000,mha,456,3,14,0.0495268739759922,0.050779566168785095,1.386513113975525
12000,mha,456,3,15,0.05531351640820503,0.06154048815369606,1.386513113975525
12000,mha,456,4,0,0.09077128022909164,0.07729140669107437,1.2483057975769043
12000,mha,456,4,1,0.05151763930916786,0.06073679029941559,1.2483057975769043
12000,mha,456,4,2,0.05450276657938957,0.047581035643815994,1.2483057975769043
12000,mha,456,4,3,0.03665222227573395,0.05927461013197899,1.2483057975769043
12000,mha,456,4,4,0.07789082825183868,0.06727626919746399,1.2483057975769043
12000,mha,456,4,5,0.10513681918382645,0.0836266279220581,1.2483057975769043
12000,mha,456,4,6,0.07859588414430618,0.09915128350257874,1.2483057975769043
12000,mha,456,4,7,0.06632466614246368,0.07345007359981537,1.2483057975769043
12000,mha,456,4,8,0.03941182419657707,0.04390624165534973,1.2483057975769043
12000,mha,456,4,9,0.04810678958892822,0.06386515498161316,1.2483057975769043
12000,mha,456,4,10,0.06726786494255066,0.05619155243039131,1.2483057975769043
12000,mha,456,4,11,0.04304321110248566,0.04680394008755684,1.2483057975769043
12000,mha,456,4,12,0.06251871585845947,0.037771787494421005,1.2483057975769043
12000,mha,456,4,13,0.056800030171871185,0.0644143596291542,1.2483057975769043
12000,mha,456,4,14,0.07348296791315079,0.06405368447303772,1.2483057975769043
12000,mha,456,4,15,0.04797648265957832,0.054605115205049515,1.2483057975769043
12000,mha,456,5,0,0.06183725968003273,0.06025932356715202,1.3603607416152954
12000,mha,456,5,1,0.06576772034168243,0.05616024136543274,1.3603607416152954
12000,mha,456,5,2,0.05804097652435303,0.07538288086652756,1.3603607416152954
12000,mha,456,5,3,0.07299021631479263,0.0776609480381012,1.3603607416152954
12000,mha,456,5,4,0.10233022272586823,0.09193847328424454,1.3603607416152954
12000,mha,456,5,5,0.03495229035615921,0.057050127536058426,1.3603607416152954
12000,mha,456,5,6,0.033682554960250854,0.04755663126707077,1.3603607416152954
12000,mha,456,5,7,0.0956929549574852,0.07745068520307541,1.3603607416152954
12000,mha,456,5,8,0.04499043896794319,0.039930593222379684,1.3603607416152954
12000,mha,456,5,9,0.0376262404024601,0.04468987137079239,1.3603607416152954
12000,mha,456,5,10,0.09696269035339355,0.08528003096580505,1.3603607416152954
12000,mha,456,5,11,0.045239564031362534,0.04095461964607239,1.3603607416152954
12000,mha,456,5,12,0.05463592708110809,0.053738296031951904,1.3603607416152954
12000,mha,456,5,13,0.08443206548690796,0.08012857288122177,1.3603607416152954
12000,mha,456,5,14,0.05979420989751816,0.048619404435157776,1.3603607416152954
12000,mha,456,5,15,0.051024679094552994,0.06319939345121384,1.3603607416152954
12500,mha,456,1,0,0.05684000626206398,0.05737892910838127,1.997166395187378
12500,mha,456,1,1,0.06646616756916046,0.06867079436779022,1.997166395187378
12500,mha,456,1,2,0.05513366684317589,0.0652579590678215,1.997166395187378
12500,mha,456,1,3,0.07787689566612244,0.06618212908506393,1.997166395187378
12500,mha,456,1,4,0.06657236814498901,0.061966411769390106,1.997166395187378
12500,mha,456,1,5,0.06063588336110115,0.059457097202539444,1.997166395187378
12500,mha,456,1,6,0.0610370896756649,0.05860147997736931,1.997166395187378
12500,mha,456,1,7,0.06391428411006927,0.0660916194319725,1.997166395187378
12500,mha,456,1,8,0.05944468080997467,0.06958693265914917,1.997166395187378
12500,mha,456,1,9,0.06943664699792862,0.06308602541685104,1.997166395187378
12500,mha,456,1,10,0.06639312952756882,0.06285527348518372,1.997166395187378
12500,mha,456,1,11,0.04416554793715477,0.061689313501119614,1.997166395187378
12500,mha,456,1,12,0.06623738259077072,0.06041876971721649,1.997166395187378
12500,mha,456,1,13,0.05881316959857941,0.053142812103033066,1.997166395187378
12500,mha,456,1,14,0.05477050691843033,0.049313586205244064,1.997166395187378
12500,mha,456,1,15,0.07226257026195526,0.07630107551813126,1.997166395187378
12500,mha,456,2,0,0.05111144855618477,0.05133238434791565,1.5025299787521362
12500,mha,456,2,1,0.054375000298023224,0.0559680238366127,1.5025299787521362
12500,mha,456,2,2,0.060751646757125854,0.07650532573461533,1.5025299787521362
12500,mha,456,2,3,0.0704878717660904,0.06290753930807114,1.5025299787521362
12500,mha,456,2,4,0.07893717288970947,0.064926378428936,1.5025299787521362
12500,mha,456,2,5,0.06331868469715118,0.060640715062618256,1.5025299787521362
12500,mha,456,2,6,0.06745605170726776,0.06639556586742401,1.5025299787521362
12500,mha,456,2,7,0.049455974251031876,0.05908142030239105,1.5025299787521362
12500,mha,456,2,8,0.09077799320220947,0.07672938704490662,1.5025299787521362
12500,mha,456,2,9,0.052214354276657104,0.06767522543668747,1.5025299787521362
12500,mha,456,2,10,0.06627502292394638,0.06300871074199677,1.5025299787521362
12500,mha,456,2,11,0.07593383640050888,0.07584775239229202,1.5025299787521362
12500,mha,456,2,12,0.05829660966992378,0.05283459648489952,1.5025299787521362
12500,mha,456,2,13,0.06902140378952026,0.045507464557886124,1.5025299787521362
12500,mha,456,2,14,0.05355733260512352,0.07524552941322327,1.5025299787521362
12500,mha,456,2,15,0.03802958130836487,0.04539400711655617,1.5025299787521362
12500,mha,456,3,0,0.05163675919175148,0.05284485965967178,1.3886749744415283
12500,mha,456,3,1,0.04541076719760895,0.04978245869278908,1.3886749744415283
12500,mha,456,3,2,0.05991505831480026,0.051110800355672836,1.3886749744415283
12500,mha,456,3,3,0.059636738151311874,0.05278264358639717,1.3886749744415283
12500,mha,456,3,4,0.08356842398643494,0.06252208352088928,1.3886749744415283
12500,mha,456,3,5,0.07510142028331757,0.07905173301696777,1.3886749744415283
12500,mha,456,3,6,0.05275828018784523,0.04492867365479469,1.3886749744415283
12500,mha,456,3,7,0.05883483961224556,0.06771765649318695,1.3886749744415283
12500,mha,456,3,8,0.09556630253791809,0.10980924218893051,1.3886749744415283
12500,mha,456,3,9,0.04334167391061783,0.04239187762141228,1.3886749744415283
12500,mha,456,3,10,0.0792381763458252,0.08058633655309677,1.3886749744415283
12500,mha,456,3,11,0.06883616000413895,0.07523594796657562,1.3886749744415283
12500,mha,456,3,12,0.04986480623483658,0.05055646970868111,1.3886749744415283
12500,mha,456,3,13,0.07163625210523605,0.06903397291898727,1.3886749744415283
12500,mha,456,3,14,0.05033782869577408,0.05082782730460167,1.3886749744415283
12500,mha,456,3,15,0.05431650951504707,0.06081731617450714,1.3886749744415283
12500,mha,456,4,0,0.08965139091014862,0.07651923596858978,1.2456107139587402
12500,mha,456,4,1,0.05096933990716934,0.05999864637851715,1.2456107139587402
12500,mha,456,4,2,0.05569559708237648,0.04844804108142853,1.2456107139587402
12500,mha,456,4,3,0.035814106464385986,0.05715671554207802,1.2456107139587402
12500,mha,456,4,4,0.07787729799747467,0.06748835742473602,1.2456107139587402
12500,mha,456,4,5,0.10514790564775467,0.08367986977100372,1.2456107139587402
12500,mha,456,4,6,0.0790315791964531,0.0990503653883934,1.2456107139587402
12500,mha,456,4,7,0.06684285402297974,0.07435110211372375,1.2456107139587402
12500,mha,456,4,8,0.039759114384651184,0.044970300048589706,1.2456107139587402
12500,mha,456,4,9,0.04879974201321602,0.0646187886595726,1.2456107139587402
12500,mha,456,4,10,0.06798085570335388,0.0572613850235939,1.2456107139587402
12500,mha,456,4,11,0.040139466524124146,0.04473641514778137,1.2456107139587402
12500,mha,456,4,12,0.06203155592083931,0.03821393474936485,1.2456107139587402
12500,mha,456,4,13,0.056503500789403915,0.0641140267252922,1.2456107139587402
12500,mha,456,4,14,0.07519927620887756,0.06468483805656433,1.2456107139587402
12500,mha,456,4,15,0.04855641722679138,0.05470798537135124,1.2456107139587402
12500,mha,456,5,0,0.060219015926122665,0.0595252551138401,1.3617793321609497
12500,mha,456,5,1,0.06533345580101013,0.05457558482885361,1.3617793321609497
12500,mha,456,5,2,0.0582008883357048,0.07559437304735184,1.3617793321609497
12500,mha,456,5,3,0.07195129245519638,0.07545411586761475,1.3617793321609497
12500,mha,456,5,4,0.1012973040342331,0.0906464010477066,1.3617793321609497
12500,mha,456,5,5,0.03488016873598099,0.05653183534741402,1.3617793321609497
12500,mha,456,5,6,0.03436930477619171,0.04879322275519371,1.3617793321609497
12500,mha,456,5,7,0.09594269096851349,0.07874472439289093,1.3617793321609497
12500,mha,456,5,8,0.04549204558134079,0.039912715554237366,1.3617793321609497
12500,mha,456,5,9,0.03762634098529816,0.04423820972442627,1.3617793321609497
12500,mha,456,5,10,0.09774719178676605,0.0858628898859024,1.3617793321609497
12500,mha,456,5,11,0.04605560377240181,0.04172632843255997,1.3617793321609497
12500,mha,456,5,12,0.05365793779492378,0.05343402922153473,1.3617793321609497
12500,mha,456,5,13,0.0850544199347496,0.08073358237743378,1.3617793321609497
12500,mha,456,5,14,0.06096252426505089,0.05052324756979942,1.3617793321609497
12500,mha,456,5,15,0.051209818571805954,0.06370344012975693,1.3617793321609497
13000,mha,456,1,0,0.05733886733651161,0.05807715281844139,1.9893884658813477
13000,mha,456,1,1,0.06530619412660599,0.06769943982362747,1.9893884658813477
13000,mha,456,1,2,0.054423216730356216,0.064971923828125,1.9893884658813477
13000,mha,456,1,3,0.07970621436834335,0.06827785819768906,1.9893884658813477
13000,mha,456,1,4,0.06544708460569382,0.061145052313804626,1.9893884658813477
13000,mha,456,1,5,0.058760784566402435,0.05771083012223244,1.9893884658813477
13000,mha,456,1,6,0.05977844074368477,0.057524897158145905,1.9893884658813477
13000,mha,456,1,7,0.06351420283317566,0.06589479744434357,1.9893884658813477
13000,mha,456,1,8,0.05828755721449852,0.06842134147882462,1.9893884658813477
13000,mha,456,1,9,0.06654927879571915,0.06126881763339043,1.9893884658813477
13000,mha,456,1,10,0.06619638949632645,0.06249281018972397,1.9893884658813477
13000,mha,456,1,11,0.04718882218003273,0.0627770945429802,1.9893884658813477
13000,mha,456,1,12,0.0676930770277977,0.06238679215312004,1.9893884658813477
13000,mha,456,1,13,0.05896301195025444,0.05313176289200783,1.9893884658813477
13000,mha,456,1,14,0.058519694954156876,0.05134560912847519,1.9893884658813477
13000,mha,456,1,15,0.07232716679573059,0.07687380164861679,1.9893884658813477
13000,mha,456,2,0,0.05219828337430954,0.05143625661730766,1.4938000440597534
13000,mha,456,2,1,0.0517292283475399,0.054093848913908005,1.4938000440597534
13000,mha,456,2,2,0.06056579574942589,0.07484693825244904,1.4938000440597534
13000,mha,456,2,3,0.07047627866268158,0.0628548339009285,1.4938000440597534
13000,mha,456,2,4,0.0796121209859848,0.0651731789112091,1.4938000440597534
13000,mha,456,2,5,0.0646229013800621,0.061789371073246,1.4938000440597534
13000,mha,456,2,6,0.06870269775390625,0.06788930296897888,1.4938000440597534
13000,mha,456,2,7,0.051063232123851776,0.06040932238101959,1.4938000440597534
13000,mha,456,2,8,0.09128347039222717,0.07751484215259552,1.4938000440597534
13000,mha,456,2,9,0.05139739811420441,0.06699620932340622,1.4938000440597534
13000,mha,456,2,10,0.06522023677825928,0.0618039071559906,1.4938000440597534
13000,mha,456,2,11,0.07676564902067184,0.07695703953504562,1.4938000440597534
13000,mha,456,2,12,0.05741922929883003,0.052158381789922714,1.4938000440597534
13000,mha,456,2,13,0.06788025051355362,0.04558752849698067,1.4938000440597534
13000,mha,456,2,14,0.05414734035730362,0.07639706134796143,1.4938000440597534
13000,mha,456,2,15,0.036915894597768784,0.04409199208021164,1.4938000440597534
13000,mha,456,3,0,0.05390370637178421,0.053692106157541275,1.3852043151855469
13000,mha,456,3,1,0.04707794263958931,0.0516313761472702,1.3852043151855469
13000,mha,456,3,2,0.061065368354320526,0.051210302859544754,1.3852043151855469
13000,mha,456,3,3,0.060592345893383026,0.05244020000100136,1.3852043151855469
13000,mha,456,3,4,0.08425547182559967,0.06328500807285309,1.3852043151855469
13000,mha,456,3,5,0.0752728283405304,0.08030536025762558,1.3852043151855469
13000,mha,456,3,6,0.05228810757398605,0.04511024057865143,1.3852043151855469
13000,mha,456,3,7,0.058289896696805954,0.06677123159170151,1.3852043151855469
13000,mha,456,3,8,0.09514719992876053,0.10911955684423447,1.3852043151855469
13000,mha,456,3,9,0.039209187030792236,0.03993220254778862,1.3852043151855469
13000,mha,456,3,10,0.07935068756341934,0.08065182715654373,1.3852043151855469
13000,mha,456,3,11,0.06850026547908783,0.07473835349082947,1.3852043151855469
13000,mha,456,3,12,0.04930124804377556,0.0502033568918705,1.3852043151855469
13000,mha,456,3,13,0.07101206481456757,0.0685565397143364,1.3852043151855469
13000,mha,456,3,14,0.050733234733343124,0.05148918181657791,1.3852043151855469
13000,mha,456,3,15,0.05400044843554497,0.060863200575113297,1.3852043151855469
13000,mha,456,4,0,0.09008310735225677,0.07600517570972443,1.2481575012207031
13000,mha,456,4,1,0.052049051970243454,0.06115078553557396,1.2481575012207031
13000,mha,456,4,2,0.05834187939763069,0.05038069933652878,1.2481575012207031
13000,mha,456,4,3,0.036483459174633026,0.05893000215291977,1.2481575012207031
13000,mha,456,4,4,0.07909271121025085,0.0684434249997139,1.2481575012207031
13000,mha,456,4,5,0.1055075079202652,0.08320363610982895,1.2481575012207031
13000,mha,456,4,6,0.07865305244922638,0.09854136407375336,1.2481575012207031
13000,mha,456,4,7,0.06486613303422928,0.07248253375291824,1.2481575012207031
13000,mha,456,4,8,0.03936401382088661,0.04429967701435089,1.2481575012207031
13000,mha,456,4,9,0.049882203340530396,0.06637987494468689,1.2481575012207031
13000,mha,456,4,10,0.0658646672964096,0.055145613849163055,1.2481575012207031
13000,mha,456,4,11,0.041331786662340164,0.0457315631210804,1.2481575012207031
13000,mha,456,4,12,0.06279418617486954,0.03862420842051506,1.2481575012207031
13000,mha,456,4,13,0.055009156465530396,0.06317652761936188,1.2481575012207031
13000,mha,456,4,14,0.07200032472610474,0.06254437565803528,1.2481575012207031
13000,mha,456,4,15,0.048676759004592896,0.054960474371910095,1.2481575012207031
13000,mha,456,5,0,0.06328928470611572,0.06185445934534073,1.3561890125274658
13000,mha,456,5,1,0.06468851864337921,0.0549977608025074,1.3561890125274658
13000,mha,456,5,2,0.05844258517026901,0.07531733065843582,1.3561890125274658
13000,mha,456,5,3,0.07023386657238007,0.0743212029337883,1.3561890125274658
13000,mha,456,5,4,0.10127075016498566,0.08959760516881943,1.3561890125274658
13000,mha,456,5,5,0.035275064408779144,0.05739590898156166,1.3561890125274658
13000,mha,456,5,6,0.033661600202322006,0.048356782644987106,1.3561890125274658
13000,mha,456,5,7,0.09405334293842316,0.07543084770441055,1.3561890125274658
13000,mha,456,5,8,0.04654072970151901,0.04077589139342308,1.3561890125274658
13000,mha,456,5,9,0.03743845596909523,0.04432334750890732,1.3561890125274658
13000,mha,456,5,10,0.09677337855100632,0.08478593081235886,1.3561890125274658
13000,mha,456,5,11,0.04464965686202049,0.0409688837826252,1.3561890125274658
13000,mha,456,5,12,0.05417226254940033,0.05429572984576225,1.3561890125274658
13000,mha,456,5,13,0.08395721763372421,0.08042215555906296,1.3561890125274658
13000,mha,456,5,14,0.06212300434708595,0.05126909166574478,1.3561890125274658
13000,mha,456,5,15,0.05343027785420418,0.06588713824748993,1.3561890125274658
13500,mha,456,1,0,0.05090596526861191,0.05490643158555031,1.984215259552002
13500,mha,456,1,1,0.06713277101516724,0.06918959319591522,1.984215259552002
13500,mha,456,1,2,0.053707581013441086,0.06504672020673752,1.984215259552002
13500,mha,456,1,3,0.07844340056180954,0.06621391326189041,1.984215259552002
13500,mha,456,1,4,0.06622497737407684,0.061190687119960785,1.984215259552002
13500,mha,456,1,5,0.05965891480445862,0.0589945986866951,1.984215259552002
13500,mha,456,1,6,0.057583313435316086,0.0558546781539917,1.984215259552002
13500,mha,456,1,7,0.06219492480158806,0.0645965039730072,1.984215259552002
13500,mha,456,1,8,0.05967702344059944,0.07083410769701004,1.984215259552002
13500,mha,456,1,9,0.06582987308502197,0.06090865284204483,1.984215259552002
13500,mha,456,1,10,0.06702829897403717,0.06350366026163101,1.984215259552002
13500,mha,456,1,11,0.052830301225185394,0.06430459022521973,1.984215259552002
13500,mha,456,1,12,0.07191528379917145,0.06438332796096802,1.984215259552002
13500,mha,456,1,13,0.05913726985454559,0.05309363454580307,1.984215259552002
13500,mha,456,1,14,0.055340271443128586,0.04920954629778862,1.984215259552002
13500,mha,456,1,15,0.07238983362913132,0.0777691900730133,1.984215259552002
13500,mha,456,2,0,0.05056620389223099,0.05092284083366394,1.494351863861084
13500,mha,456,2,1,0.05247355252504349,0.05446119233965874,1.494351863861084
13500,mha,456,2,2,0.06473561376333237,0.07874176651239395,1.494351863861084
13500,mha,456,2,3,0.0713653564453125,0.06308998167514801,1.494351863861084
13500,mha,456,2,4,0.07974813133478165,0.06522385030984879,1.494351863861084
13500,mha,456,2,5,0.06466013938188553,0.06219017505645752,1.494351863861084
13500,mha,456,2,6,0.06848450005054474,0.06785494834184647,1.494351863861084
13500,mha,456,2,7,0.04929535090923309,0.058966681361198425,1.494351863861084
13500,mha,456,2,8,0.0910193920135498,0.07699210941791534,1.494351863861084
13500,mha,456,2,9,0.051495056599378586,0.06749048084020615,1.494351863861084
13500,mha,456,2,10,0.06342407315969467,0.061409249901771545,1.494351863861084
13500,mha,456,2,11,0.07727325707674026,0.0760878324508667,1.494351863861084
13500,mha,456,2,12,0.056426189839839935,0.051313366740942,1.494351863861084
13500,mha,456,2,13,0.06713195890188217,0.04443711042404175,1.494351863861084
13500,mha,456,2,14,0.05401957035064697,0.07623713463544846,1.494351863861084
13500,mha,456,2,15,0.037881672382354736,0.04458121955394745,1.494351863861084
13500,mha,456,3,0,0.054220378398895264,0.05389954894781113,1.3829631805419922
13500,mha,456,3,1,0.04563242569565773,0.049859438091516495,1.3829631805419922
13500,mha,456,3,2,0.0609232597053051,0.05118187889456749,1.3829631805419922
13500,mha,456,3,3,0.06085856258869171,0.0528239943087101,1.3829631805419922
13500,mha,456,3,4,0.08353078365325928,0.06206057220697403,1.3829631805419922
13500,mha,456,3,5,0.07602203637361526,0.08210292458534241,1.3829631805419922
13500,mha,456,3,6,0.05284128710627556,0.04564459249377251,1.3829631805419922
13500,mha,456,3,7,0.05742950364947319,0.06559302657842636,1.3829631805419922
13500,mha,456,3,8,0.09611521661281586,0.10958299040794373,1.3829631805419922
13500,mha,456,3,9,0.04012095183134079,0.04037988558411598,1.3829631805419922
13500,mha,456,3,10,0.08063425868749619,0.08225074410438538,1.3829631805419922
13500,mha,456,3,11,0.06929565221071243,0.07561281323432922,1.3829631805419922
13500,mha,456,3,12,0.04765411466360092,0.04849771037697792,1.3829631805419922
13500,mha,456,3,13,0.07123911380767822,0.06884749978780746,1.3829631805419922
13500,mha,456,3,14,0.05053049698472023,0.051050517708063126,1.3829631805419922
13500,mha,456,3,15,0.05295196548104286,0.06061183288693428,1.3829631805419922
13500,mha,456,4,0,0.0914154052734375,0.07731185108423233,1.2546672821044922
13500,mha,456,4,1,0.051243897527456284,0.06065305694937706,1.2546672821044922
13500,mha,456,4,2,0.056401774287223816,0.04866473004221916,1.2546672821044922
13500,mha,456,4,3,0.03563537448644638,0.05768157169222832,1.2546672821044922
13500,mha,456,4,4,0.07627879083156586,0.06627018749713898,1.2546672821044922
13500,mha,456,4,5,0.10527526587247849,0.08319688588380814,1.2546672821044922
13500,mha,456,4,6,0.07960225641727448,0.0993318036198616,1.2546672821044922
13500,mha,456,4,7,0.06497904658317566,0.07289952039718628,1.2546672821044922
13500,mha,456,4,8,0.038156941533088684,0.042885638773441315,1.2546672821044922
13500,mha,456,4,9,0.04871887341141701,0.06510622054338455,1.2546672821044922
13500,mha,456,4,10,0.06664174050092697,0.0557347871363163,1.2546672821044922
13500,mha,456,4,11,0.04483276233077049,0.04859742894768715,1.2546672821044922
13500,mha,456,4,12,0.06332458555698395,0.03894926235079765,1.2546672821044922
13500,mha,456,4,13,0.056144919246435165,0.06460722535848618,1.2546672821044922
13500,mha,456,4,14,0.07184173911809921,0.0623912550508976,1.2546672821044922
13500,mha,456,4,15,0.04950663074851036,0.05571838468313217,1.2546672821044922
13500,mha,456,5,0,0.061905112117528915,0.06037516891956329,1.357559323310852
13500,mha,456,5,1,0.0671069324016571,0.057186953723430634,1.357559323310852
13500,mha,456,5,2,0.058288879692554474,0.07597971707582474,1.357559323310852
13500,mha,456,5,3,0.0721193477511406,0.07628810405731201,1.357559323310852
13500,mha,456,5,4,0.10140594840049744,0.09113647043704987,1.357559323310852
13500,mha,456,5,5,0.034368183463811874,0.05631418153643608,1.357559323310852
13500,mha,456,5,6,0.03258097171783447,0.04651767015457153,1.357559323310852
13500,mha,456,5,7,0.0949782282114029,0.07671234756708145,1.357559323310852
13500,mha,456,5,8,0.046623025089502335,0.04150386527180672,1.357559323310852
13500,mha,456,5,9,0.0375194288790226,0.045095477253198624,1.357559323310852
13500,mha,456,5,10,0.09665374457836151,0.08413184434175491,1.357559323310852
13500,mha,456,5,11,0.04736114665865898,0.04258256033062935,1.357559323310852
13500,mha,456,5,12,0.05332733318209648,0.052650269120931625,1.357559323310852
13500,mha,456,5,13,0.08276021480560303,0.0793590322136879,1.357559323310852
13500,mha,456,5,14,0.0606505312025547,0.049919191747903824,1.357559323310852
13500,mha,456,5,15,0.0523509718477726,0.06424713879823685,1.357559323310852
14000,mha,456,1,0,0.051842447370290756,0.05536681041121483,1.9882988929748535
14000,mha,456,1,1,0.06424377113580704,0.0666743814945221,1.9882988929748535
14000,mha,456,1,2,0.05240539461374283,0.06493251770734787,1.9882988929748535
14000,mha,456,1,3,0.0797252431511879,0.0689009577035904,1.9882988929748535
14000,mha,456,1,4,0.06900889426469803,0.06401920318603516,1.9882988929748535
14000,mha,456,1,5,0.06156351789832115,0.060342177748680115,1.9882988929748535
14000,mha,456,1,6,0.061787720769643784,0.058718133717775345,1.9882988929748535
14000,mha,456,1,7,0.06456614285707474,0.06640706211328506,1.9882988929748535
14000,mha,456,1,8,0.05878916382789612,0.06858102232217789,1.9882988929748535
14000,mha,456,1,9,0.06429463624954224,0.05937908962368965,1.9882988929748535
14000,mha,456,1,10,0.0680370107293129,0.06475278735160828,1.9882988929748535
14000,mha,456,1,11,0.0495433546602726,0.06229586899280548,1.9882988929748535
14000,mha,456,1,12,0.0670546442270279,0.06136476621031761,1.9882988929748535
14000,mha,456,1,13,0.059184469282627106,0.05339645966887474,1.9882988929748535
14000,mha,456,1,14,0.05762868374586105,0.05137268081307411,1.9882988929748535
14000,mha,456,1,15,0.07032491266727448,0.07349604368209839,1.9882988929748535
14000,mha,456,2,0,0.050619710236787796,0.0501873604953289,1.4964206218719482
14000,mha,456,2,1,0.05076487362384796,0.05321665480732918,1.4964206218719482
14000,mha,456,2,2,0.06043843552470207,0.07559499889612198,1.4964206218719482
14000,mha,456,2,3,0.07208842039108276,0.06452319771051407,1.4964206218719482
14000,mha,456,2,4,0.07733886688947678,0.06248674914240837,1.4964206218719482
14000,mha,456,2,5,0.06512868404388428,0.06291994452476501,1.4964206218719482
14000,mha,456,2,6,0.0687631219625473,0.06724105030298233,1.4964206218719482
14000,mha,456,2,7,0.05213816463947296,0.06227884441614151,1.4964206218719482
14000,mha,456,2,8,0.08998759090900421,0.07561259716749191,1.4964206218719482
14000,mha,456,2,9,0.0514863096177578,0.06721082329750061,1.4964206218719482
14000,mha,456,2,10,0.06585520505905151,0.06296870857477188,1.4964206218719482
14000,mha,456,2,11,0.07548431307077408,0.07463152706623077,1.4964206218719482
14000,mha,456,2,12,0.057680461555719376,0.052655190229415894,1.4964206218719482
14000,mha,456,2,13,0.06666656583547592,0.044035911560058594,1.4964206218719482
14000,mha,456,2,14,0.05559254810214043,0.0785708948969841,1.4964206218719482
14000,mha,456,2,15,0.03996673598885536,0.0458657406270504,1.4964206218719482
14000,mha,456,3,0,0.05633606016635895,0.055223193019628525,1.385360598564148
14000,mha,456,3,1,0.04623789340257645,0.0503356046974659,1.385360598564148
14000,mha,456,3,2,0.060291849076747894,0.05111435428261757,1.385360598564148
14000,mha,456,3,3,0.06130716949701309,0.053536053746938705,1.385360598564148
14000,mha,456,3,4,0.08313415199518204,0.06150253117084503,1.385360598564148
14000,mha,456,3,5,0.07552652806043625,0.08042372018098831,1.385360598564148
14000,mha,456,3,6,0.052693989127874374,0.045315563678741455,1.385360598564148
14000,mha,456,3,7,0.05594451725482941,0.06443053483963013,1.385360598564148
14000,mha,456,3,8,0.09613688290119171,0.10911253839731216,1.385360598564148
14000,mha,456,3,9,0.040099285542964935,0.040546614676713943,1.385360598564148
14000,mha,456,3,10,0.08026814460754395,0.08186468482017517,1.385360598564148
14000,mha,456,3,11,0.0676409900188446,0.07405710220336914,1.385360598564148
14000,mha,456,3,12,0.04926778003573418,0.050262030214071274,1.385360598564148
14000,mha,456,3,13,0.0716056302189827,0.06980597972869873,1.385360598564148
14000,mha,456,3,14,0.04939565062522888,0.050483521074056625,1.385360598564148
14000,mha,456,3,15,0.05411346256732941,0.06198594346642494,1.385360598564148
14000,mha,456,4,0,0.09071044623851776,0.07706484198570251,1.25588858127594
14000,mha,456,4,1,0.051400553435087204,0.06110399216413498,1.25588858127594
14000,mha,456,4,2,0.05760996416211128,0.04985642805695534,1.25588858127594
14000,mha,456,4,3,0.03620035946369171,0.05835810303688049,1.25588858127594
14000,mha,456,4,4,0.07740101963281631,0.0672370195388794,1.25588858127594
14000,mha,456,4,5,0.10484497249126434,0.08241178840398788,1.25588858127594
14000,mha,456,4,6,0.07906494289636612,0.09814737737178802,1.25588858127594
14000,mha,456,4,7,0.0649171993136406,0.07242465019226074,1.25588858127594
14000,mha,456,4,8,0.0399913527071476,0.04546033963561058,1.25588858127594
14000,mha,456,4,9,0.049033407121896744,0.06529608368873596,1.25588858127594
14000,mha,456,4,10,0.06644124537706375,0.05591059848666191,1.25588858127594
14000,mha,456,4,11,0.041802674531936646,0.046201035380363464,1.25588858127594
14000,mha,456,4,12,0.06190236285328865,0.03795049712061882,1.25588858127594
14000,mha,456,4,13,0.05553131178021431,0.06329759955406189,1.25588858127594
14000,mha,456,4,14,0.07261769473552704,0.06298653781414032,1.25588858127594
14000,mha,456,4,15,0.05053049698472023,0.056293193250894547,1.25588858127594
14000,mha,456,5,0,0.06043040007352829,0.059197839349508286,1.3564196825027466
14000,mha,456,5,1,0.06612640619277954,0.05623193085193634,1.3564196825027466
14000,mha,456,5,2,0.05723327770829201,0.07460873574018478,1.3564196825027466
14000,mha,456,5,3,0.07318288087844849,0.07675571739673615,1.3564196825027466
14000,mha,456,5,4,0.10112690925598145,0.09062846004962921,1.3564196825027466
14000,mha,456,5,5,0.03496948257088661,0.057256635278463364,1.3564196825027466
14000,mha,456,5,6,0.033402711153030396,0.0476166270673275,1.3564196825027466
14000,mha,456,5,7,0.09530822932720184,0.07738993316888809,1.3564196825027466
14000,mha,456,5,8,0.04753397777676582,0.042557667940855026,1.3564196825027466
14000,mha,456,5,9,0.0376942940056324,0.044658344238996506,1.3564196825027466
14000,mha,456,5,10,0.0955430120229721,0.0832005962729454,1.3564196825027466
14000,mha,456,5,11,0.04690307751297951,0.042559828609228134,1.3564196825027466
14000,mha,456,5,12,0.05372731387615204,0.053298626095056534,1.3564196825027466
14000,mha,456,5,13,0.08365143090486526,0.0802357941865921,1.3564196825027466
14000,mha,456,5,14,0.06123830005526543,0.05043530464172363,1.3564196825027466
14000,mha,456,5,15,0.05192830413579941,0.06336800009012222,1.3564196825027466
14500,mha,456,1,0,0.054441120475530624,0.056322868913412094,1.9849580526351929
14500,mha,456,1,1,0.06501597166061401,0.06775610148906708,1.9849580526351929
14500,mha,456,1,2,0.053944092243909836,0.06537029892206192,1.9849580526351929
14500,mha,456,1,3,0.07948283106088638,0.06750238686800003,1.9849580526351929
14500,mha,456,1,4,0.06805369257926941,0.06328462809324265,1.9849580526351929
14500,mha,456,1,5,0.06111155077815056,0.0603492371737957,1.9849580526351929
14500,mha,456,1,6,0.05906860530376434,0.056930117309093475,1.9849580526351929
14500,mha,456,1,7,0.06111551821231842,0.06447289139032364,1.9849580526351929
14500,mha,456,1,8,0.05948791652917862,0.0691654235124588,1.9849580526351929
14500,mha,456,1,9,0.06692006438970566,0.06157318875193596,1.9849580526351929
14500,mha,456,1,10,0.06541401892900467,0.062206655740737915,1.9849580526351929
14500,mha,456,1,11,0.0521341972053051,0.06460651755332947,1.9849580526351929
14500,mha,456,1,12,0.06942301243543625,0.06256070733070374,1.9849580526351929
14500,mha,456,1,13,0.057321880012750626,0.05194563791155815,1.9849580526351929
14500,mha,456,1,14,0.05733673274517059,0.05128032714128494,1.9849580526351929
14500,mha,456,1,15,0.0697287991642952,0.07467302680015564,1.9849580526351929
14500,mha,456,2,0,0.052077434957027435,0.051274433732032776,1.4901480674743652
14500,mha,456,2,1,0.05320587009191513,0.0553436204791069,1.4901480674743652
14500,mha,456,2,2,0.06054931506514549,0.0763811320066452,1.4901480674743652
14500,mha,456,2,3,0.0706864446401596,0.06301140040159225,1.4901480674743652
14500,mha,456,2,4,0.07989440858364105,0.06483934819698334,1.4901480674743652
14500,mha,456,2,5,0.06406829506158829,0.06185111403465271,1.4901480674743652
14500,mha,456,2,6,0.06682393699884415,0.0660853236913681,1.4901480674743652
14500,mha,456,2,7,0.04965047165751457,0.059569746255874634,1.4901480674743652
14500,mha,456,2,8,0.09082275629043579,0.07616893202066422,1.4901480674743652
14500,mha,456,2,9,0.05353942885994911,0.06876852363348007,1.4901480674743652
14500,mha,456,2,10,0.06418111175298691,0.0621771477162838,1.4901480674743652
14500,mha,456,2,11,0.0776170864701271,0.07720118016004562,1.4901480674743652
14500,mha,456,2,12,0.05693308636546135,0.0514991357922554,1.4901480674743652
14500,mha,456,2,13,0.06681711971759796,0.04371368885040283,1.4901480674743652
14500,mha,456,2,14,0.05434000492095947,0.07704325020313263,1.4901480674743652
14500,mha,456,2,15,0.038793232291936874,0.04507184028625488,1.4901480674743652
14500,mha,456,3,0,0.05463307723402977,0.05515817180275917,1.3844302892684937
14500,mha,456,3,1,0.044901732355356216,0.04884788393974304,1.3844302892684937
14500,mha,456,3,2,0.05942840501666069,0.0500941164791584,1.3844302892684937
14500,mha,456,3,3,0.06371388584375381,0.05514172092080116,1.3844302892684937
14500,mha,456,3,4,0.08310139924287796,0.06140803173184395,1.3844302892684937
14500,mha,456,3,5,0.07588379085063934,0.08257129043340683,1.3844302892684937
14500,mha,456,3,6,0.052215371280908585,0.04474879428744316,1.3844302892684937
14500,mha,456,3,7,0.05751810595393181,0.06614214926958084,1.3844302892684937
14500,mha,456,3,8,0.0949331670999527,0.10803701728582382,1.3844302892684937
14500,mha,456,3,9,0.039995625615119934,0.04039470851421356,1.3844302892684937
14500,mha,456,3,10,0.08020507544279099,0.0816127210855484,1.3844302892684937
14500,mha,456,3,11,0.0680643692612648,0.0737755075097084,1.3844302892684937
14500,mha,456,3,12,0.04786102473735809,0.04900782182812691,1.3844302892684937
14500,mha,456,3,13,0.07204487919807434,0.06946618109941483,1.3844302892684937
14500,mha,456,3,14,0.050358377397060394,0.05160558223724365,1.3844302892684937
14500,mha,456,3,15,0.05514170229434967,0.061988238245248795,1.3844302892684937
14500,mha,456,4,0,0.09102528542280197,0.07706744223833084,1.254419207572937
14500,mha,456,4,1,0.052946776151657104,0.062267061322927475,1.254419207572937
14500,mha,456,4,2,0.05744059383869171,0.05005430802702904,1.254419207572937
14500,mha,456,4,3,0.0361977145075798,0.05895095691084862,1.254419207572937
14500,mha,456,4,4,0.07782968878746033,0.06761891394853592,1.254419207572937
14500,mha,456,4,5,0.10346171259880066,0.08082695305347443,1.254419207572937
14500,mha,456,4,6,0.0786665827035904,0.09820598363876343,1.254419207572937
14500,mha,456,4,7,0.06469167023897171,0.0718933716416359,1.254419207572937
14500,mha,456,4,8,0.03993113338947296,0.04527990520000458,1.254419207572937
14500,mha,456,4,9,0.04883860424160957,0.06499138474464417,1.254419207572937
14500,mha,456,4,10,0.06693888455629349,0.05616827681660652,1.254419207572937
14500,mha,456,4,11,0.04217539355158806,0.046412959694862366,1.254419207572937
14500,mha,456,4,12,0.06224314495921135,0.03766476362943649,1.254419207572937
14500,mha,456,4,13,0.05533355847001076,0.06375202536582947,1.254419207572937
14500,mha,456,4,14,0.0736427828669548,0.06373285502195358,1.254419207572937
14500,mha,456,4,15,0.04863647371530533,0.05511291325092316,1.254419207572937
14500,mha,456,5,0,0.062256671488285065,0.06105037033557892,1.356132984161377
14500,mha,456,5,1,0.06531799584627151,0.05544748902320862,1.356132984161377
14500,mha,456,5,2,0.05896555632352829,0.07621407508850098,1.356132984161377
14500,mha,456,5,3,0.0708509311079979,0.07500135153532028,1.356132984161377
14500,mha,456,5,4,0.10221313685178757,0.09194903820753098,1.356132984161377
14500,mha,456,5,5,0.03495310619473457,0.0568111427128315,1.356132984161377
14500,mha,456,5,6,0.03269205614924431,0.0469699427485466,1.356132984161377
14500,mha,456,5,7,0.09407369047403336,0.07632473856210709,1.356132984161377
14500,mha,456,5,8,0.04545440524816513,0.0403268076479435,1.356132984161377
14500,mha,456,5,9,0.038019511848688126,0.04459410533308983,1.356132984161377
14500,mha,456,5,10,0.09667754918336868,0.08432237058877945,1.356132984161377
14500,mha,456,5,11,0.04725128039717674,0.04297443851828575,1.356132984161377
14500,mha,456,5,12,0.053767599165439606,0.05311660096049309,1.356132984161377
14500,mha,456,5,13,0.08484212309122086,0.08111800253391266,1.356132984161377
14500,mha,456,5,14,0.06109273433685303,0.050592318177223206,1.356132984161377
14500,mha,456,5,15,0.05157165601849556,0.06318723410367966,1.356132984161377
15000,mha,456,1,0,0.05308542773127556,0.05526357144117355,1.9727596044540405
15000,mha,456,1,1,0.06448974460363388,0.06706628948450089,1.9727596044540405
15000,mha,456,1,2,0.05363606661558151,0.06462981551885605,1.9727596044540405
15000,mha,456,1,3,0.07849375158548355,0.06667981296777725,1.9727596044540405
15000,mha,456,1,4,0.06652628630399704,0.06207102909684181,1.9727596044540405
15000,mha,456,1,5,0.06154540926218033,0.06088581681251526,1.9727596044540405
15000,mha,456,1,6,0.06293243169784546,0.05946550890803337,1.9727596044540405
15000,mha,456,1,7,0.061257220804691315,0.06488169729709625,1.9727596044540405
15000,mha,456,1,8,0.058892518281936646,0.06888964027166367,1.9727596044540405
15000,mha,456,1,9,0.0676809698343277,0.0622936487197876,1.9727596044540405
15000,mha,456,1,10,0.06803110986948013,0.06448658555746078,1.9727596044540405
15000,mha,456,1,11,0.05015553906559944,0.06337646394968033,1.9727596044540405
15000,mha,456,1,12,0.06645751744508743,0.0607571080327034,1.9727596044540405
15000,mha,456,1,13,0.05917643383145332,0.05361870303750038,1.9727596044540405
15000,mha,456,1,14,0.057203877717256546,0.05120045319199562,1.9727596044540405
15000,mha,456,1,15,0.07043568789958954,0.07443384826183319,1.9727596044540405
15000,mha,456,2,0,0.05070953443646431,0.05118975788354874,1.4866383075714111
15000,mha,456,2,1,0.051916807889938354,0.054324790835380554,1.4866383075714111
15000,mha,456,2,2,0.06004903092980385,0.07560886442661285,1.4866383075714111
15000,mha,456,2,3,0.07103454321622849,0.06302003562450409,1.4866383075714111
15000,mha,456,2,4,0.078448586165905,0.0631832480430603,1.4866383075714111
15000,mha,456,2,5,0.06417083740234375,0.062068354338407516,1.4866383075714111
15000,mha,456,2,6,0.06723398715257645,0.06632204353809357,1.4866383075714111
15000,mha,456,2,7,0.05071879178285599,0.06020677462220192,1.4866383075714111
15000,mha,456,2,8,0.09124969691038132,0.07652685046195984,1.4866383075714111
15000,mha,456,2,9,0.05249277874827385,0.06845129281282425,1.4866383075714111
15000,mha,456,2,10,0.06369974464178085,0.06157133728265762,1.4866383075714111
15000,mha,456,2,11,0.07927937805652618,0.07856611907482147,1.4866383075714111
15000,mha,456,2,12,0.05773376300930977,0.05221543461084366,1.4866383075714111
15000,mha,456,2,13,0.070391945540905,0.04569712653756142,1.4866383075714111
15000,mha,456,2,14,0.05384348705410957,0.07689186930656433,1.4866383075714111
15000,mha,456,2,15,0.03702707961201668,0.04415607824921608,1.4866383075714111
15000,mha,456,3,0,0.05297332629561424,0.05409526824951172,1.3864445686340332
15000,mha,456,3,1,0.046048279851675034,0.05032976716756821,1.3864445686340332
15000,mha,456,3,2,0.06354624778032303,0.05270247906446457,1.3864445686340332
15000,mha,456,3,3,0.06110748276114464,0.05352333188056946,1.3864445686340332
15000,mha,456,3,4,0.08476806432008743,0.06293641030788422,1.3864445686340332
15000,mha,456,3,5,0.07570363581180573,0.08086805045604706,1.3864445686340332
15000,mha,456,3,6,0.051726482808589935,0.04454343393445015,1.3864445686340332
15000,mha,456,3,7,0.056963805109262466,0.06526193767786026,1.3864445686340332
15000,mha,456,3,8,0.09512115269899368,0.1080571711063385,1.3864445686340332
15000,mha,456,3,9,0.04038075730204582,0.040621183812618256,1.3864445686340332
15000,mha,456,3,10,0.07929942011833191,0.0809827521443367,1.3864445686340332
15000,mha,456,3,11,0.0663725808262825,0.07298090308904648,1.3864445686340332
15000,mha,456,3,12,0.04946736618876457,0.05046076327562332,1.3864445686340332
15000,mha,456,3,13,0.070599265396595,0.06849479675292969,1.3864445686340332
15000,mha,456,3,14,0.05208272114396095,0.053119830787181854,1.3864445686340332
15000,mha,456,3,15,0.053839415311813354,0.06102198734879494,1.3864445686340332
15000,mha,456,4,0,0.09231831878423691,0.07795214653015137,1.254902720451355
15000,mha,456,4,1,0.050728656351566315,0.059929586946964264,1.254902720451355
15000,mha,456,4,2,0.056640420109033585,0.04923514276742935,1.254902720451355
15000,mha,456,4,3,0.03582560271024704,0.058343660086393356,1.254902720451355
15000,mha,456,4,4,0.07908833771944046,0.06884988397359848,1.254902720451355
15000,mha,456,4,5,0.10537516325712204,0.08336862921714783,1.254902720451355
15000,mha,456,4,6,0.07799143344163895,0.0970478355884552,1.254902720451355
15000,mha,456,4,7,0.06498311460018158,0.0723983570933342,1.254902720451355
15000,mha,456,4,8,0.03923502564430237,0.04420381411910057,1.254902720451355
15000,mha,456,4,9,0.04852406680583954,0.06466711312532425,1.254902720451355
15000,mha,456,4,10,0.06556925177574158,0.0551450289785862,1.254902720451355
15000,mha,456,4,11,0.04362182691693306,0.04749372974038124,1.254902720451355
15000,mha,456,4,12,0.061528321355581284,0.03795253112912178,1.254902720451355
15000,mha,456,4,13,0.05549977719783783,0.0632750540971756,1.254902720451355
15000,mha,456,4,14,0.07412964105606079,0.06454524397850037,1.254902720451355
15000,mha,456,4,15,0.04894103854894638,0.055592130869627,1.254902720451355
15000,mha,456,5,0,0.061843667179346085,0.06028721481561661,1.357382893562317
15000,mha,456,5,1,0.06628051400184631,0.0568082295358181,1.357382893562317
15000,mha,456,5,2,0.05759378895163536,0.07560691982507706,1.357382893562317
15000,mha,456,5,3,0.07296427339315414,0.0771365538239479,1.357382893562317
15000,mha,456,5,4,0.1021251454949379,0.09156618267297745,1.357382893562317
15000,mha,456,5,5,0.03482269123196602,0.05666166916489601,1.357382893562317
15000,mha,456,5,6,0.032803140580654144,0.0468534380197525,1.357382893562317
15000,mha,456,5,7,0.09381337463855743,0.07550270110368729,1.357382893562317
15000,mha,456,5,8,0.04621134325861931,0.04118308797478676,1.357382893562317
15000,mha,456,5,9,0.0378042608499527,0.044821836054325104,1.357382893562317
15000,mha,456,5,10,0.09541310369968414,0.08224233984947205,1.357382893562317
15000,mha,456,5,11,0.04755757749080658,0.043230656534433365,1.357382893562317
15000,mha,456,5,12,0.05503275617957115,0.054717451333999634,1.357382893562317
15000,mha,456,5,13,0.08317504823207855,0.0799674317240715,1.357382893562317
15000,mha,456,5,14,0.061281025409698486,0.05056228116154671,1.357382893562317
15000,mha,456,5,15,0.05127827823162079,0.06285206973552704,1.357382893562317
