iter,attn_mode,seed,layer,expert,selected_fraction,mean_probability,router_entropy
0,mha,123,1,0,0.038755595684051514,0.052086133509874344,2.6229584217071533
0,mha,123,1,1,0.011203410103917122,0.03830467909574509,2.6229584217071533
0,mha,123,1,2,0.030179545283317566,0.05559296905994415,2.6229584217071533
0,mha,123,1,3,0.06242848560214043,0.06537342816591263,2.6229584217071533
0,mha,123,1,4,0.0788816288113594,0.06809388846158981,2.6229584217071533
0,mha,123,1,5,0.028764445334672928,0.0527399517595768,2.6229584217071533
0,mha,123,1,6,0.06012003496289253,0.06300793588161469,2.6229584217071533
0,mha,123,1,7,0.09218291938304901,0.0711282268166542,2.6229584217071533
0,mha,123,1,8,0.1310359686613083,0.08343019336462021,2.6229584217071533
0,mha,123,1,9,0.07967783510684967,0.07197471708059311,2.6229584217071533
0,mha,123,1,10,0.08388020843267441,0.07393386214971542,2.6229584217071533
0,mha,123,1,11,0.015025024302303791,0.04295191913843155,2.6229584217071533
0,mha,123,1,12,0.020621033385396004,0.04701565206050873,2.6229584217071533
0,mha,123,1,13,0.02042246423661709,0.04918383061885834,2.6229584217071533
0,mha,123,1,14,0.1933809369802475,0.09930674731731415,2.6229584217071533
0,mha,123,1,15,0.05344045162200928,0.06587585806846619,2.6229584217071533
0,mha,123,2,0,0.20803171396255493,0.10139647871255875,2.6200735569000244
0,mha,123,2,1,0.03142740949988365,0.056403886526823044,2.6200735569000244
0,mha,123,2,2,0.03745310381054878,0.05763300508260727,2.6200735569000244
0,mha,123,2,3,0.054547831416130066,0.06377746909856796,2.6200735569000244
0,mha,123,2,4,0.0313536562025547,0.05614495649933815,2.6200735569000244
0,mha,123,2,5,0.0716107189655304,0.06607653945684433,2.6200735569000244
0,mha,123,2,6,0.06472758203744888,0.0649787113070488,2.6200735569000244
0,mha,123,2,7,0.0699317455291748,0.07144864648580551,2.6200735569000244
0,mha,123,2,8,0.012168477289378643,0.04180898889899254,2.6200735569000244
0,mha,123,2,9,0.17319528758525848,0.09317895025014877,2.6200735569000244
0,mha,123,2,10,0.11600992828607559,0.07818449288606644,2.6200735569000244
0,mha,123,2,11,0.017222696915268898,0.04395153746008873,2.6200735569000244
0,mha,123,2,12,0.035836488008499146,0.056209392845630646,2.6200735569000244
0,mha,123,2,13,0.04408732056617737,0.062002867460250854,2.6200735569000244
0,mha,123,2,14,0.028279012069106102,0.053780071437358856,2.6200735569000244
0,mha,123,2,15,0.0041170245967805386,0.03302406147122383,2.6200735569000244
0,mha,123,3,0,0.3087100088596344,0.12674064934253693,2.613628387451172
0,mha,123,3,1,0.049103595316410065,0.06266269832849503,2.613628387451172
0,mha,123,3,2,0.003618163987994194,0.03807101398706436,2.613628387451172
0,mha,123,3,3,0.035668130964040756,0.05678081512451172,2.613628387451172
0,mha,123,3,4,0.026537271216511726,0.0530221126973629,2.613628387451172
0,mha,123,3,5,0.0034868367947638035,0.03369603306055069,2.613628387451172
0,mha,123,3,6,0.10821482539176941,0.07648443430662155,2.613628387451172
0,mha,123,3,7,0.018023986369371414,0.05162905901670456,2.613628387451172
0,mha,123,3,8,0.14449167251586914,0.08849232643842697,2.613628387451172
0,mha,123,3,9,0.08878631889820099,0.07399675995111465,2.613628387451172
0,mha,123,3,10,0.03326253220438957,0.05919083207845688,2.613628387451172
0,mha,123,3,11,0.012785441242158413,0.045953888446092606,2.613628387451172
0,mha,123,3,12,0.07426198571920395,0.06919486075639725,2.613628387451172
0,mha,123,3,13,0.02258453331887722,0.05445753037929535,2.613628387451172
0,mha,123,3,14,0.013090922497212887,0.04709570109844208,2.613628387451172
0,mha,123,3,15,0.057373758405447006,0.06253129988908768,2.613628387451172
0,mha,123,4,0,0.03545888140797615,0.05599025636911392,2.6320714950561523
0,mha,123,4,1,0.10951680690050125,0.07793077826499939,2.6320714950561523
0,mha,123,4,2,0.043855488300323486,0.05693718418478966,2.6320714950561523
0,mha,123,4,3,0.013354186899960041,0.04267990589141846,2.6320714950561523
0,mha,123,4,4,0.038934528827667236,0.05854783207178116,2.6320714950561523
0,mha,123,4,5,0.15777160227298737,0.09084068238735199,2.6320714950561523
0,mha,123,4,6,0.12134125083684921,0.08097898215055466,2.6320714950561523
0,mha,123,4,7,0.1761486828327179,0.09457356482744217,2.6320714950561523
0,mha,123,4,8,0.007716471329331398,0.03742055594921112,2.6320714950561523
0,mha,123,4,9,0.08196909725666046,0.0737956166267395,2.6320714950561523
0,mha,123,4,10,0.014305013231933117,0.04833269491791725,2.6320714950561523
0,mha,123,4,11,0.030008850619196892,0.05549322068691254,2.6320714950561523
0,mha,123,4,12,0.01503682415932417,0.04874435439705849,2.6320714950561523
0,mha,123,4,13,0.11351501196622849,0.08109425753355026,2.6320714950561523
0,mha,123,4,14,0.007564290426671505,0.04134250059723854,2.6320714950561523
0,mha,123,4,15,0.033503010869026184,0.05529769882559776,2.6320714950561523
0,mha,123,5,0,0.10270640254020691,0.07759156078100204,2.6295933723449707
0,mha,123,5,1,0.15593251585960388,0.0892641618847847,2.6295933723449707
0,mha,123,5,2,0.07969696074724197,0.07176584750413895,2.6295933723449707
0,mha,123,5,3,0.0075811767019331455,0.04210347309708595,2.6295933723449707
0,mha,123,5,4,0.2855062782764435,0.11765951663255692,2.6295933723449707
0,mha,123,5,5,0.008616841398179531,0.04303671419620514,2.6295933723449707
0,mha,123,5,6,0.08644114434719086,0.07340186089277267,2.6295933723449707
0,mha,123,5,7,0.024960123002529144,0.052073296159505844,2.6295933723449707
0,mha,123,5,8,0.06728780269622803,0.07034965604543686,2.6295933723449707
0,mha,123,5,9,0.010640564374625683,0.04495541378855705,2.6295933723449707
0,mha,123,5,10,0.04180531948804855,0.057165201753377914,2.6295933723449707
0,mha,123,5,11,0.010287170298397541,0.042733095586299896,2.6295933723449707
0,mha,123,5,12,0.03159647807478905,0.056765295565128326,2.6295933723449707
0,mha,123,5,13,0.024671733379364014,0.052037354558706284,2.6295933723449707
0,mha,123,5,14,0.010829365812242031,0.044407110661268234,2.6295933723449707
0,mha,123,5,15,0.051440123468637466,0.06469030678272247,2.6295933723449707
500,mha,123,1,0,0.04721130430698395,0.05556818097829819,2.177273988723755
500,mha,123,1,1,0.06502766907215118,0.07080699503421783,2.177273988723755
500,mha,123,1,2,0.07925058901309967,0.07119813561439514,2.177273988723755
500,mha,123,1,3,0.07470184564590454,0.06441248953342438,2.177273988723755
500,mha,123,1,4,0.1118055209517479,0.08587396144866943,2.177273988723755
500,mha,123,1,5,0.023991495370864868,0.03805157542228699,2.177273988723755
500,mha,123,1,6,0.059855345636606216,0.062053579837083817,2.177273988723755
500,mha,123,1,7,0.05882466584444046,0.06142761930823326,2.177273988723755
500,mha,123,1,8,0.06245167925953865,0.06259308755397797,2.177273988723755
500,mha,123,1,9,0.07426615059375763,0.07157596945762634,2.177273988723755
500,mha,123,1,10,0.04673410952091217,0.04999412223696709,2.177273988723755
500,mha,123,1,11,0.06577128171920776,0.06289947032928467,2.177273988723755
500,mha,123,1,12,0.05459177494049072,0.06099051237106323,2.177273988723755
500,mha,123,1,13,0.06195536255836487,0.058587126433849335,2.177273988723755
500,mha,123,1,14,0.04580475017428398,0.05527326464653015,2.177273988723755
500,mha,123,1,15,0.06775645166635513,0.06869383156299591,2.177273988723755
500,mha,123,2,0,0.0689067617058754,0.061423543840646744,2.236133575439453
500,mha,123,2,1,0.07175689935684204,0.06581126153469086,2.236133575439453
500,mha,123,2,2,0.06626047939062119,0.05779366195201874,2.236133575439453
500,mha,123,2,3,0.08321482688188553,0.0688905119895935,2.236133575439453
500,mha,123,2,4,0.030120238661766052,0.05009719356894493,2.236133575439453
500,mha,123,2,5,0.029911397024989128,0.052846573293209076,2.236133575439453
500,mha,123,2,6,0.06810567528009415,0.06373868137598038,2.236133575439453
500,mha,123,2,7,0.06990763545036316,0.06964465975761414,2.236133575439453
500,mha,123,2,8,0.06002553179860115,0.06159898266196251,2.236133575439453
500,mha,123,2,9,0.06308013945817947,0.05808812379837036,2.236133575439453
500,mha,123,2,10,0.09518676996231079,0.0878836065530777,2.236133575439453
500,mha,123,2,11,0.06685566902160645,0.06606613844633102,2.236133575439453
500,mha,123,2,12,0.07180246710777283,0.06257373094558716,2.236133575439453
500,mha,123,2,13,0.06609567999839783,0.06615060567855835,2.236133575439453
500,mha,123,2,14,0.04834787920117378,0.05169524997472763,2.236133575439453
500,mha,123,2,15,0.04042195528745651,0.055697496980428696,2.236133575439453
500,mha,123,3,0,0.07837534695863724,0.06506484001874924,2.09818434715271
500,mha,123,3,1,0.04941701143980026,0.060107287019491196,2.09818434715271
500,mha,123,3,2,0.04389475658535957,0.049957629293203354,2.09818434715271
500,mha,123,3,3,0.06698913872241974,0.05613229051232338,2.09818434715271
500,mha,123,3,4,0.030265197157859802,0.043617453426122665,2.09818434715271
500,mha,123,3,5,0.055881958454847336,0.060067079961299896,2.09818434715271
500,mha,123,3,6,0.05350799486041069,0.05911515653133392,2.09818434715271
500,mha,123,3,7,0.03833058848977089,0.05979993939399719,2.09818434715271
500,mha,123,3,8,0.07111063599586487,0.05863169953227043,2.09818434715271
500,mha,123,3,9,0.07605835050344467,0.07293008267879486,2.09818434715271
500,mha,123,3,10,0.07986786216497421,0.07579610496759415,2.09818434715271
500,mha,123,3,11,0.08084208518266678,0.07238970696926117,2.09818434715271
500,mha,123,3,12,0.0557473748922348,0.053058966994285583,2.09818434715271
500,mha,123,3,13,0.03122090734541416,0.049016911536455154,2.09818434715271
500,mha,123,3,14,0.10247690975666046,0.08462163060903549,2.09818434715271
500,mha,123,3,15,0.08601389825344086,0.07969339936971664,2.09818434715271
500,mha,123,4,0,0.09260355681180954,0.07618823647499084,2.2545018196105957
500,mha,123,4,1,0.061007894575595856,0.060255564749240875,2.2545018196105957
500,mha,123,4,2,0.06403869390487671,0.059888146817684174,2.2545018196105957
500,mha,123,4,3,0.05513976886868477,0.052378345280885696,2.2545018196105957
500,mha,123,4,4,0.0659649670124054,0.057816386222839355,2.2545018196105957
500,mha,123,4,5,0.0587698370218277,0.0674990862607956,2.2545018196105957
500,mha,123,4,6,0.05789021775126457,0.06964011490345001,2.2545018196105957
500,mha,123,4,7,0.0503520704805851,0.05561638996005058,2.2545018196105957
500,mha,123,4,8,0.06038502976298332,0.06208423152565956,2.2545018196105957
500,mha,123,4,9,0.08161407709121704,0.05878075212240219,2.2545018196105957
500,mha,123,4,10,0.060677286237478256,0.06202511489391327,2.2545018196105957
500,mha,123,4,11,0.06365712732076645,0.058031972497701645,2.2545018196105957
500,mha,123,4,12,0.056495871394872665,0.06824140250682831,2.2545018196105957
500,mha,123,4,13,0.059015095233917236,0.055373288691043854,2.2545018196105957
500,mha,123,4,14,0.04983530566096306,0.06539204716682434,2.2545018196105957
500,mha,123,4,15,0.06255320459604263,0.07078901678323746,2.2545018196105957
500,mha,123,5,0,0.04887654632329941,0.05628158524632454,2.335541248321533
500,mha,123,5,1,0.027105001732707024,0.050599776208400726,2.335541248321533
500,mha,123,5,2,0.04316528141498566,0.04754377529025078,2.335541248321533
500,mha,123,5,3,0.0442238375544548,0.050981249660253525,2.335541248321533
500,mha,123,5,4,0.07295603305101395,0.07765350490808487,2.335541248321533
500,mha,123,5,5,0.07794667780399323,0.06447506695985794,2.335541248321533
500,mha,123,5,6,0.058593038469552994,0.05550796538591385,2.335541248321533
500,mha,123,5,7,0.08895517885684967,0.07224004715681076,2.335541248321533
500,mha,123,5,8,0.046381834894418716,0.05878106504678726,2.335541248321533
500,mha,123,5,9,0.07650075107812881,0.07892902195453644,2.335541248321533
500,mha,123,5,10,0.04528544098138809,0.05475107952952385,2.335541248321533
500,mha,123,5,11,0.08381408452987671,0.05953887850046158,2.335541248321533
500,mha,123,5,12,0.054054055362939835,0.07108750939369202,2.335541248321533
500,mha,123,5,13,0.06411834806203842,0.058692995458841324,2.335541248321533
500,mha,123,5,14,0.0887203961610794,0.06849993020296097,2.335541248321533
500,mha,123,5,15,0.07930348813533783,0.07443659752607346,2.335541248321533
1000,mha,123,1,0,0.04430735111236572,0.05575522035360336,1.95728600025177
1000,mha,123,1,1,0.06780070066452026,0.06878817826509476,1.95728600025177
1000,mha,123,1,2,0.07067921757698059,0.0631244033575058,1.95728600025177
1000,mha,123,1,3,0.06220296397805214,0.06029100343585014,1.95728600025177
1000,mha,123,1,4,0.10256591439247131,0.09199313819408417,1.95728600025177
1000,mha,123,1,5,0.04536804184317589,0.0547269806265831,1.95728600025177
1000,mha,123,1,6,0.06730356812477112,0.06416008621454239,1.95728600025177
1000,mha,123,1,7,0.05282836779952049,0.05070645362138748,1.95728600025177
1000,mha,123,1,8,0.07148600369691849,0.06302841752767563,1.95728600025177
1000,mha,123,1,9,0.06371643394231796,0.06535963714122772,1.95728600025177
1000,mha,123,1,10,0.05425211414694786,0.05345411226153374,1.95728600025177
1000,mha,123,1,11,0.05156188830733299,0.055485356599092484,1.95728600025177
1000,mha,123,1,12,0.07728169858455658,0.07458266615867615,1.95728600025177
1000,mha,123,1,13,0.045567017048597336,0.05423273146152496,1.95728600025177
1000,mha,123,1,14,0.05400797352194786,0.05752826854586601,1.95728600025177
1000,mha,123,1,15,0.0690707415342331,0.06678345799446106,1.95728600025177
1000,mha,123,2,0,0.05673268809914589,0.0581841804087162,1.8993406295776367
1000,mha,123,2,1,0.07916443049907684,0.07093935459852219,1.8993406295776367
1000,mha,123,2,2,0.07377848029136658,0.06485624611377716,1.8993406295776367
1000,mha,123,2,3,0.044971007853746414,0.04962208494544029,1.8993406295776367
1000,mha,123,2,4,0.04582031071186066,0.05643597990274429,1.8993406295776367
1000,mha,123,2,5,0.051186420023441315,0.06479991227388382,1.8993406295776367
1000,mha,123,2,6,0.08135528862476349,0.07495057582855225,1.8993406295776367
1000,mha,123,2,7,0.04642985016107559,0.04625082388520241,1.8993406295776367
1000,mha,123,2,8,0.05128519609570503,0.052053894847631454,1.8993406295776367
1000,mha,123,2,9,0.0664997324347496,0.060884781181812286,1.8993406295776367
1000,mha,123,2,10,0.08044341951608658,0.08547008037567139,1.8993406295776367
1000,mha,123,2,11,0.06894205510616302,0.07025954127311707,1.8993406295776367
1000,mha,123,2,12,0.08131622523069382,0.06797290593385696,1.8993406295776367
1000,mha,123,2,13,0.043145548552274704,0.04770775884389877,1.8993406295776367
1000,mha,123,2,14,0.06301473081111908,0.07176707684993744,1.8993406295776367
1000,mha,123,2,15,0.06591460853815079,0.05784490704536438,1.8993406295776367
1000,mha,123,3,0,0.0760771706700325,0.0792340561747551,1.5458852052688599
1000,mha,123,3,1,0.05303497239947319,0.0650179535150528,1.5458852052688599
1000,mha,123,3,2,0.05043375492095947,0.04582284390926361,1.5458852052688599
1000,mha,123,3,3,0.08173125982284546,0.06548916548490524,1.5458852052688599
1000,mha,123,3,4,0.03304646909236908,0.03674600273370743,1.5458852052688599
1000,mha,123,3,5,0.06398803740739822,0.05720759555697441,1.5458852052688599
1000,mha,123,3,6,0.08199472725391388,0.07891054451465607,1.5458852052688599
1000,mha,123,3,7,0.04967040941119194,0.056825097650289536,1.5458852052688599
1000,mha,123,3,8,0.08828074485063553,0.0750400573015213,1.5458852052688599
1000,mha,123,3,9,0.07607544213533401,0.07225047796964645,1.5458852052688599
1000,mha,123,3,10,0.08047780394554138,0.09041287004947662,1.5458852052688599
1000,mha,123,3,11,0.04917724430561066,0.04608333855867386,1.5458852052688599
1000,mha,123,3,12,0.03927113860845566,0.042009223252534866,1.5458852052688599
1000,mha,123,3,13,0.03697112947702408,0.048862066119909286,1.5458852052688599
1000,mha,123,3,14,0.08286590874195099,0.0755058005452156,1.5458852052688599
1000,mha,123,3,15,0.05690378695726395,0.0645829439163208,1.5458852052688599
1000,mha,123,4,0,0.05547139421105385,0.059180788695812225,1.6181858777999878
1000,mha,123,4,1,0.035270385444164276,0.03838037699460983,1.6181858777999878
1000,mha,123,4,2,0.07060740143060684,0.07151259481906891,1.6181858777999878
1000,mha,123,4,3,0.08033660799264908,0.07797343283891678,1.6181858777999878
1000,mha,123,4,4,0.0822182223200798,0.07912346720695496,1.6181858777999878
1000,mha,123,4,5,0.06605031341314316,0.07065736502408981,1.6181858777999878
1000,mha,123,4,6,0.04135783016681671,0.054683953523635864,1.6181858777999878
1000,mha,123,4,7,0.05349792540073395,0.05532592907547951,1.6181858777999878
1000,mha,123,4,8,0.0657731145620346,0.061443690210580826,1.6181858777999878
1000,mha,123,4,9,0.09629791229963303,0.07369871437549591,1.6181858777999878
1000,mha,123,4,10,0.07926300168037415,0.06768562644720078,1.6181858777999878
1000,mha,123,4,11,0.07629740238189697,0.06370982527732849,1.6181858777999878
1000,mha,123,4,12,0.06294484436511993,0.0599442794919014,1.6181858777999878
1000,mha,123,4,13,0.0481395460665226,0.04308503121137619,1.6181858777999878
1000,mha,123,4,14,0.023030191659927368,0.03728821873664856,1.6181858777999878
1000,mha,123,4,15,0.06344390660524368,0.08630680292844772,1.6181858777999878
1000,mha,123,5,0,0.055490314960479736,0.051540669053792953,1.745395541191101
1000,mha,123,5,1,0.01955108717083931,0.03334758058190346,1.745395541191101
1000,mha,123,5,2,0.06778940558433533,0.055769290775060654,1.745395541191101
1000,mha,123,5,3,0.046356506645679474,0.05437061935663223,1.745395541191101
1000,mha,123,5,4,0.05063242465257645,0.06291309744119644,1.745395541191101
1000,mha,123,5,5,0.0688871219754219,0.058610279113054276,1.745395541191101
1000,mha,123,5,6,0.04757903888821602,0.039861083030700684,1.745395541191101
1000,mha,123,5,7,0.06924661993980408,0.06395365297794342,1.745395541191101
1000,mha,123,5,8,0.06830953061580658,0.05949787795543671,1.745395541191101
1000,mha,123,5,9,0.08724121004343033,0.11288270354270935,1.745395541191101
1000,mha,123,5,10,0.036888428032398224,0.04554871469736099,1.745395541191101
1000,mha,123,5,11,0.09202707558870316,0.06845254451036453,1.745395541191101
1000,mha,123,5,12,0.06109334155917168,0.07387750595808029,1.745395541191101
1000,mha,123,5,13,0.06557698547840118,0.0636056438088417,1.745395541191101
1000,mha,123,5,14,0.0771593227982521,0.06604770570993423,1.745395541191101
1000,mha,123,5,15,0.08617156744003296,0.08972101658582687,1.745395541191101
1500,mha,123,1,0,0.06932128965854645,0.06233664229512215,2.035416603088379
1500,mha,123,1,1,0.07736684381961823,0.07047052681446075,2.035416603088379
1500,mha,123,1,2,0.07217630743980408,0.06559129059314728,2.035416603088379
1500,mha,123,1,3,0.04838745296001434,0.050091493874788284,2.035416603088379
1500,mha,123,1,4,0.08098836243152618,0.06863994896411896,2.035416603088379
1500,mha,123,1,5,0.060835063457489014,0.06611388921737671,2.035416603088379
1500,mha,123,1,6,0.05990387126803398,0.061716485768556595,2.035416603088379
1500,mha,123,1,7,0.03693399950861931,0.04988215118646622,2.035416603088379
1500,mha,123,1,8,0.06632273644208908,0.06099534407258034,2.035416603088379
1500,mha,123,1,9,0.0775376409292221,0.07524089515209198,2.035416603088379
1500,mha,123,1,10,0.04957112669944763,0.057427603751420975,2.035416603088379
1500,mha,123,1,11,0.0600719191133976,0.06126036494970322,2.035416603088379
1500,mha,123,1,12,0.0582084134221077,0.06430502235889435,2.035416603088379
1500,mha,123,1,13,0.05128367245197296,0.058961231261491776,2.035416603088379
1500,mha,123,1,14,0.06191151961684227,0.06043259799480438,2.035416603088379
1500,mha,123,1,15,0.06917978823184967,0.06653435528278351,2.035416603088379
1500,mha,123,2,0,0.05596252530813217,0.05824648588895798,1.8332682847976685
1500,mha,123,2,1,0.06688913702964783,0.06331181526184082,1.8332682847976685
1500,mha,123,2,2,0.08043762296438217,0.07457931339740753,1.8332682847976685
1500,mha,123,2,3,0.04432434216141701,0.047727860510349274,1.8332682847976685
1500,mha,123,2,4,0.05737060680985451,0.06108039990067482,1.8332682847976685
1500,mha,123,2,5,0.041017964482307434,0.05915501341223717,1.8332682847976685
1500,mha,123,2,6,0.07440246641635895,0.06881348788738251,1.8332682847976685
1500,mha,123,2,7,0.04913899675011635,0.048329319804906845,1.8332682847976685
1500,mha,123,2,8,0.061803996562957764,0.05976704880595207,1.8332682847976685
1500,mha,123,2,9,0.07799051702022552,0.06519068032503128,1.8332682847976685
1500,mha,123,2,10,0.07381144165992737,0.08289366215467453,1.8332682847976685
1500,mha,123,2,11,0.07661031186580658,0.07622134685516357,1.8332682847976685
1500,mha,123,2,12,0.07028350979089737,0.05899530276656151,1.8332682847976685
1500,mha,123,2,13,0.043347980827093124,0.04785151407122612,1.8332682847976685
1500,mha,123,2,14,0.06277140229940414,0.06937044858932495,1.8332682847976685
1500,mha,123,2,15,0.06383717805147171,0.05846625566482544,1.8332682847976685
1500,mha,123,3,0,0.06927002221345901,0.08221693336963654,1.3947792053222656
1500,mha,123,3,1,0.0689658597111702,0.07343339920043945,1.3947792053222656
1500,mha,123,3,2,0.05148620530962944,0.0462287962436676,1.3947792053222656
1500,mha,123,3,3,0.09338022768497467,0.07873903959989548,1.3947792053222656
1500,mha,123,3,4,0.016842549666762352,0.02370012179017067,1.3947792053222656
1500,mha,123,3,5,0.07095509767532349,0.06332144141197205,1.3947792053222656
1500,mha,123,3,6,0.07309499382972717,0.07008141279220581,1.3947792053222656
1500,mha,123,3,7,0.05107676237821579,0.05486775562167168,1.3947792053222656
1500,mha,123,3,8,0.0771656259894371,0.06794345378875732,1.3947792053222656
1500,mha,123,3,9,0.0699012279510498,0.06405637413263321,1.3947792053222656
1500,mha,123,3,10,0.08577382564544678,0.0994429960846901,1.3947792053222656
1500,mha,123,3,11,0.054698385298252106,0.05278756096959114,1.3947792053222656
1500,mha,123,3,12,0.039343565702438354,0.038836490362882614,1.3947792053222656
1500,mha,123,3,13,0.056786805391311646,0.05725289508700371,1.3947792053222656
1500,mha,123,3,14,0.0699399784207344,0.0688086673617363,1.3947792053222656
1500,mha,123,3,15,0.05131886899471283,0.05828269198536873,1.3947792053222656
1500,mha,123,4,0,0.055627238005399704,0.06047021225094795,1.4048285484313965
1500,mha,123,4,1,0.0401744581758976,0.04351824149489403,1.4048285484313965
1500,mha,123,4,2,0.051745809614658356,0.05325145274400711,1.4048285484313965
1500,mha,123,4,3,0.08078765869140625,0.0780206024646759,1.4048285484313965
1500,mha,123,4,4,0.07876545935869217,0.08522206544876099,1.4048285484313965
1500,mha,123,4,5,0.0767376720905304,0.07738636434078217,1.4048285484313965
1500,mha,123,4,6,0.049453023821115494,0.0623292401432991,1.4048285484313965
1500,mha,123,4,7,0.06664031744003296,0.06849391013383865,1.4048285484313965
1500,mha,123,4,8,0.06908762454986572,0.059988487511873245,1.4048285484313965
1500,mha,123,4,9,0.08118652552366257,0.06197011470794678,1.4048285484313965
1500,mha,123,4,10,0.09213724732398987,0.07992071658372879,1.4048285484313965
1500,mha,123,4,11,0.08093495666980743,0.0674424096941948,1.4048285484313965
1500,mha,123,4,12,0.0555826835334301,0.05194811150431633,1.4048285484313965
1500,mha,123,4,13,0.0418599434196949,0.03740602731704712,1.4048285484313965
1500,mha,123,4,14,0.023792216554284096,0.03207103908061981,1.4048285484313965
1500,mha,123,4,15,0.05548716336488724,0.08056112378835678,1.4048285484313965
1500,mha,123,5,0,0.05726867541670799,0.04862107336521149,1.534804344177246
1500,mha,123,5,1,0.027344970032572746,0.034563299268484116,1.534804344177246
1500,mha,123,5,2,0.07597554475069046,0.061329301446676254,1.534804344177246
1500,mha,123,5,3,0.0536886602640152,0.06873707473278046,1.534804344177246
1500,mha,123,5,4,0.043874308466911316,0.05790992081165314,1.534804344177246
1500,mha,123,5,5,0.056460876017808914,0.0543895848095417,1.534804344177246
1500,mha,123,5,6,0.04186401516199112,0.028829196467995644,1.534804344177246
1500,mha,123,5,7,0.06103657931089401,0.056353453546762466,1.534804344177246
1500,mha,123,5,8,0.06984985619783401,0.060170479118824005,1.534804344177246
1500,mha,123,5,9,0.08714599907398224,0.11141050606966019,1.534804344177246
1500,mha,123,5,10,0.04023793712258339,0.04754110425710678,1.534804344177246
1500,mha,123,5,11,0.08552052825689316,0.06811670958995819,1.534804344177246
1500,mha,123,5,12,0.056584473699331284,0.06907423585653305,1.534804344177246
1500,mha,123,5,13,0.06857360899448395,0.06437568366527557,1.534804344177246
1500,mha,123,5,14,0.08504527062177658,0.07459671050310135,1.534804344177246
1500,mha,123,5,15,0.08952870965003967,0.09398186951875687,1.534804344177246
2000,mha,123,1,0,0.07710184901952744,0.06373592466115952,2.197566032409668
2000,mha,123,1,1,0.06596831977367401,0.06259606033563614,2.197566032409668
2000,mha,123,1,2,0.05093851685523987,0.05804307758808136,2.197566032409668
2000,mha,123,1,3,0.0476175956428051,0.04911630228161812,2.197566032409668
2000,mha,123,1,4,0.07869618386030197,0.0633511170744896,2.197566032409668
2000,mha,123,1,5,0.060263875871896744,0.06279577314853668,2.197566032409668
2000,mha,123,1,6,0.06720652431249619,0.06645426154136658,2.197566032409668
2000,mha,123,1,7,0.03775268420577049,0.051915258169174194,2.197566032409668
2000,mha,123,1,8,0.049669597297906876,0.05316124111413956,2.197566032409668
2000,mha,123,1,9,0.06888274848461151,0.06873594969511032,2.197566032409668
2000,mha,123,1,10,0.06063446030020714,0.06389246135950089,2.197566032409668
2000,mha,123,1,11,0.05943135544657707,0.0628587082028389,2.197566032409668
2000,mha,123,1,12,0.07169545441865921,0.06981317698955536,2.197566032409668
2000,mha,123,1,13,0.06128112971782684,0.07319287955760956,2.197566032409668
2000,mha,123,1,14,0.06836394965648651,0.06400687992572784,2.197566032409668
2000,mha,123,1,15,0.07449574768543243,0.0663309097290039,2.197566032409668
2000,mha,123,2,0,0.05066395923495293,0.057124193757772446,1.8409830331802368
2000,mha,123,2,1,0.06830505281686783,0.06551553308963776,1.8409830331802368
2000,mha,123,2,2,0.08164377510547638,0.0759727731347084,1.8409830331802368
2000,mha,123,2,3,0.05402516573667526,0.054294973611831665,1.8409830331802368
2000,mha,123,2,4,0.06035562977194786,0.06165560334920883,1.8409830331802368
2000,mha,123,2,5,0.03478434309363365,0.058230966329574585,1.8409830331802368
2000,mha,123,2,6,0.06668639928102493,0.06199844926595688,1.8409830331802368
2000,mha,123,2,7,0.0643959566950798,0.059371065348386765,1.8409830331802368
2000,mha,123,2,8,0.06953185796737671,0.06252411752939224,1.8409830331802368
2000,mha,123,2,9,0.07293904572725296,0.06462997198104858,1.8409830331802368
2000,mha,123,2,10,0.07145874202251434,0.07936789840459824,1.8409830331802368
2000,mha,123,2,11,0.07179738581180573,0.07410530000925064,1.8409830331802368
2000,mha,123,2,12,0.06109476834535599,0.05226193368434906,1.8409830331802368
2000,mha,123,2,13,0.03977315127849579,0.04567057266831398,1.8409830331802368
2000,mha,123,2,14,0.06365621089935303,0.06727365404367447,1.8409830331802368
2000,mha,123,2,15,0.06888855248689651,0.06000296771526337,1.8409830331802368
2000,mha,123,3,0,0.06742380559444427,0.08051897585391998,1.3900049924850464
2000,mha,123,3,1,0.05321258679032326,0.06335043162107468,1.3900049924850464
2000,mha,123,3,2,0.04924814775586128,0.045472148805856705,1.3900049924850464
2000,mha,123,3,3,0.09157989174127579,0.07638958096504211,1.3900049924850464
2000,mha,123,3,4,0.027785135433077812,0.03128555417060852,1.3900049924850464
2000,mha,123,3,5,0.06825245916843414,0.059093061834573746,1.3900049924850464
2000,mha,123,3,6,0.07736348360776901,0.07223126292228699,1.3900049924850464
2000,mha,123,3,7,0.05554595962166786,0.053613923490047455,1.3900049924850464
2000,mha,123,3,8,0.08590301871299744,0.07773227989673615,1.3900049924850464
2000,mha,123,3,9,0.06959157437086105,0.06356576085090637,1.3900049924850464
2000,mha,123,3,10,0.08781880885362625,0.1040208637714386,1.3900049924850464
2000,mha,123,3,11,0.05236765369772911,0.051873721182346344,1.3900049924850464
2000,mha,123,3,12,0.038122862577438354,0.037773482501506805,1.3900049924850464
2000,mha,123,3,13,0.05372314527630806,0.05768701434135437,1.3900049924850464
2000,mha,123,3,14,0.07057027518749237,0.06812188774347305,1.3900049924850464
2000,mha,123,3,15,0.05149118974804878,0.05727005749940872,1.3900049924850464
2000,mha,123,4,0,0.05925506725907326,0.0665581151843071,1.267826795578003
2000,mha,123,4,1,0.04203755781054497,0.04401366785168648,1.267826795578003
2000,mha,123,4,2,0.053170572966337204,0.05454343184828758,1.267826795578003
2000,mha,123,4,3,0.09436441957950592,0.09474124014377594,1.267826795578003
2000,mha,123,4,4,0.07848958671092987,0.08283411711454391,1.267826795578003
2000,mha,123,4,5,0.06953714787960052,0.07246994972229004,1.267826795578003
2000,mha,123,4,6,0.051353760063648224,0.06028546765446663,1.267826795578003
2000,mha,123,4,7,0.05873626843094826,0.0654945895075798,1.267826795578003
2000,mha,123,4,8,0.06851430237293243,0.05813329666852951,1.267826795578003
2000,mha,123,4,9,0.07946502417325974,0.06070643290877342,1.267826795578003
2000,mha,123,4,10,0.07382018864154816,0.06281272321939468,1.267826795578003
2000,mha,123,4,11,0.07739410549402237,0.06528603285551071,1.267826795578003
2000,mha,123,4,12,0.06432230770587921,0.0604211799800396,1.267826795578003
2000,mha,123,4,13,0.05072825029492378,0.042189132422208786,1.267826795578003
2000,mha,123,4,14,0.022223815321922302,0.02879640832543373,1.267826795578003
2000,mha,123,4,15,0.05658762529492378,0.08071429282426834,1.267826795578003
2000,mha,123,5,0,0.04306894913315773,0.042188610881567,1.4703705310821533
2000,mha,123,5,1,0.02308095246553421,0.03156782314181328,1.4703705310821533
2000,mha,123,5,2,0.0779857411980629,0.06473878026008606,1.4703705310821533
2000,mha,123,5,3,0.05360615998506546,0.06864500790834427,1.4703705310821533
2000,mha,123,5,4,0.046532388776540756,0.057120710611343384,1.4703705310821533
2000,mha,123,5,5,0.06409647315740585,0.06020393222570419,1.4703705310821533
2000,mha,123,5,6,0.05458180606365204,0.035769492387771606,1.4703705310821533
2000,mha,123,5,7,0.0591563917696476,0.05417032167315483,1.4703705310821533
2000,mha,123,5,8,0.07910807430744171,0.06724858283996582,1.4703705310821533
2000,mha,123,5,9,0.09024403989315033,0.11247409880161285,1.4703705310821533
2000,mha,123,5,10,0.03218841552734375,0.044566452503204346,1.4703705310821533
2000,mha,123,5,11,0.08324930816888809,0.06726201623678207,1.4703705310821533
2000,mha,123,5,12,0.0550416074693203,0.06821698695421219,1.4703705310821533
2000,mha,123,5,13,0.0778108760714531,0.06959783285856247,1.4703705310821533
2000,mha,123,5,14,0.06981943547725677,0.06458047777414322,1.4703705310821533
2000,mha,123,5,15,0.0904293805360794,0.09164886921644211,1.4703705310821533
2500,mha,123,1,0,0.05957610905170441,0.058645643293857574,2.2421176433563232
2500,mha,123,1,1,0.07212219387292862,0.06530622392892838,2.2421176433563232
2500,mha,123,1,2,0.0601520799100399,0.059349194169044495,2.2421176433563232
2500,mha,123,1,3,0.05681813508272171,0.05354897677898407,2.2421176433563232
2500,mha,123,1,4,0.075909323990345,0.05948551744222641,2.2421176433563232
2500,mha,123,1,5,0.057161763310432434,0.0595710314810276,2.2421176433563232
2500,mha,123,1,6,0.06639007478952408,0.06640010327100754,2.2421176433563232
2500,mha,123,1,7,0.045499369502067566,0.054637037217617035,2.2421176433563232
2500,mha,123,1,8,0.05968739837408066,0.0625571459531784,2.2421176433563232
2500,mha,123,1,9,0.07714498043060303,0.0752849355340004,2.2421176433563232
2500,mha,123,1,10,0.05441548675298691,0.06097384914755821,2.2421176433563232
2500,mha,123,1,11,0.053411662578582764,0.05904984101653099,2.2421176433563232
2500,mha,123,1,12,0.07863037288188934,0.07420506328344345,2.2421176433563232
2500,mha,123,1,13,0.06476450711488724,0.07142729312181473,2.2421176433563232
2500,mha,123,1,14,0.047619324177503586,0.05687066912651062,2.2421176433563232
2500,mha,123,1,15,0.07069722563028336,0.06268752366304398,2.2421176433563232
2500,mha,123,2,0,0.060028381645679474,0.06069542095065117,1.8215142488479614
2500,mha,123,2,1,0.07070749998092651,0.06643809378147125,1.8215142488479614
2500,mha,123,2,2,0.0793139636516571,0.07484278082847595,1.8215142488479614
2500,mha,123,2,3,0.053382162004709244,0.05343422666192055,1.8215142488479614
2500,mha,123,2,4,0.054084572941064835,0.05990025773644447,1.8215142488479614
2500,mha,123,2,5,0.04625966399908066,0.06671616435050964,1.8215142488479614
2500,mha,123,2,6,0.06214996427297592,0.05827733501791954,1.8215142488479614
2500,mha,123,2,7,0.0685075893998146,0.06148841232061386,1.8215142488479614
2500,mha,123,2,8,0.06585367769002914,0.061055801808834076,1.8215142488479614
2500,mha,123,2,9,0.06979573518037796,0.062035586684942245,1.8215142488479614
2500,mha,123,2,10,0.07417948544025421,0.08352887630462646,1.8215142488479614
2500,mha,123,2,11,0.07271616905927658,0.07293719053268433,1.8215142488479614
2500,mha,123,2,12,0.06355763971805573,0.05289159715175629,1.8215142488479614
2500,mha,123,2,13,0.04215423762798309,0.04582454264163971,1.8215142488479614
2500,mha,123,2,14,0.0641232281923294,0.06754526495933533,1.8215142488479614
2500,mha,123,2,15,0.05318603664636612,0.05238852649927139,1.8215142488479614
2500,mha,123,3,0,0.07403116673231125,0.08653372526168823,1.3657293319702148
2500,mha,123,3,1,0.05584554001688957,0.0621197335422039,1.3657293319702148
2500,mha,123,3,2,0.05331278592348099,0.04903721064329147,1.3657293319702148
2500,mha,123,3,3,0.09198415279388428,0.07893289625644684,1.3657293319702148
2500,mha,123,3,4,0.024465231224894524,0.028178466483950615,1.3657293319702148
2500,mha,123,3,5,0.07496927678585052,0.06427740305662155,1.3657293319702148
2500,mha,123,3,6,0.07366637885570526,0.06760336458683014,1.3657293319702148
2500,mha,123,3,7,0.051107991486787796,0.051808785647153854,1.3657293319702148
2500,mha,123,3,8,0.08010833710432053,0.07502508908510208,1.3657293319702148
2500,mha,123,3,9,0.07986368983983994,0.07187960296869278,1.3657293319702148
2500,mha,123,3,10,0.0935758426785469,0.10569468140602112,1.3657293319702148
2500,mha,123,3,11,0.046893615275621414,0.04979139193892479,1.3657293319702148
2500,mha,123,3,12,0.03378947079181671,0.03539496287703514,1.3657293319702148
2500,mha,123,3,13,0.04733774811029434,0.05396492779254913,1.3657293319702148
2500,mha,123,3,14,0.07305796444416046,0.06695471704006195,1.3657293319702148
2500,mha,123,3,15,0.045990802347660065,0.052803054451942444,1.3657293319702148
2500,mha,123,4,0,0.051436666399240494,0.05711304396390915,1.2266340255737305
2500,mha,123,4,1,0.04594675824046135,0.04728533700108528,1.2266340255737305
2500,mha,123,4,2,0.05029235780239105,0.052404921501874924,1.2266340255737305
2500,mha,123,4,3,0.0959198996424675,0.09631145745515823,1.2266340255737305
2500,mha,123,4,4,0.08067627251148224,0.08631651848554611,1.2266340255737305
2500,mha,123,4,5,0.07062143832445145,0.07029448449611664,1.2266340255737305
2500,mha,123,4,6,0.052063193172216415,0.061875514686107635,1.2266340255737305
2500,mha,123,4,7,0.06955800205469131,0.0726243108510971,1.2266340255737305
2500,mha,123,4,8,0.0694224014878273,0.06137959286570549,1.2266340255737305
2500,mha,123,4,9,0.07995758205652237,0.05948033556342125,1.2266340255737305
2500,mha,123,4,10,0.07790873199701309,0.06635945290327072,1.2266340255737305
2500,mha,123,4,11,0.07321024686098099,0.06414133310317993,1.2266340255737305
2500,mha,123,4,12,0.06218922883272171,0.05899812653660774,1.2266340255737305
2500,mha,123,4,13,0.04541168361902237,0.03778308257460594,1.2266340255737305
2500,mha,123,4,14,0.021771341562271118,0.027802960947155952,1.2266340255737305
2500,mha,123,4,15,0.05361419543623924,0.0798296183347702,1.2266340255737305
2500,mha,123,5,0,0.049264222383499146,0.04575900360941887,1.4677706956863403
2500,mha,123,5,1,0.02400410920381546,0.032487526535987854,1.4677706956863403
2500,mha,123,5,2,0.09224090725183487,0.07486573606729507,1.4677706956863403
2500,mha,123,5,3,0.05630940571427345,0.07405629754066467,1.4677706956863403
2500,mha,123,5,4,0.04222717136144638,0.05763977766036987,1.4677706956863403
2500,mha,123,5,5,0.06027435138821602,0.05984175205230713,1.4677706956863403
2500,mha,123,5,6,0.04842213913798332,0.031681373715400696,1.4677706956863403
2500,mha,123,5,7,0.06083943694829941,0.05432704836130142,1.4677706956863403
2500,mha,123,5,8,0.0730227679014206,0.0631214901804924,1.4677706956863403
2500,mha,123,5,9,0.09030181914567947,0.10822077095508575,1.4677706956863403
2500,mha,123,5,10,0.03151092678308487,0.043113525956869125,1.4677706956863403
2500,mha,123,5,11,0.08294454216957092,0.06561398506164551,1.4677706956863403
2500,mha,123,5,12,0.05179779231548309,0.06745798885822296,1.4677706956863403
2500,mha,123,5,13,0.068450927734375,0.060923803597688675,1.4677706956863403
2500,mha,123,5,14,0.07321879267692566,0.06761322170495987,1.4677706956863403
2500,mha,123,5,15,0.09517069160938263,0.09327665716409683,1.4677706956863403
3000,mha,123,1,0,0.06286275386810303,0.060397885739803314,2.266996145248413
3000,mha,123,1,1,0.058425597846508026,0.05724510923027992,2.266996145248413
3000,mha,123,1,2,0.038848571479320526,0.05492471531033516,2.266996145248413
3000,mha,123,1,3,0.04513264819979668,0.046898189932107925,2.266996145248413
3000,mha,123,1,4,0.07229074835777283,0.05640289932489395,2.266996145248413
3000,mha,123,1,5,0.06639689207077026,0.06615922600030899,2.266996145248413
3000,mha,123,1,6,0.06840596348047256,0.06693431735038757,2.266996145248413
3000,mha,123,1,7,0.05978840962052345,0.059205349534749985,2.266996145248413
3000,mha,123,1,8,0.0641682967543602,0.06676337867975235,2.266996145248413
3000,mha,123,1,9,0.07772888243198395,0.07414928078651428,2.266996145248413
3000,mha,123,1,10,0.062057800590991974,0.06418460607528687,2.266996145248413
3000,mha,123,1,11,0.06286804378032684,0.06424155831336975,2.266996145248413
3000,mha,123,1,12,0.0756162479519844,0.07125957310199738,2.266996145248413
3000,mha,123,1,13,0.06319763511419296,0.0707734078168869,2.266996145248413
3000,mha,123,1,14,0.05100565776228905,0.05770182982087135,2.266996145248413
3000,mha,123,1,15,0.07120585441589355,0.06275873631238937,2.266996145248413
3000,mha,123,2,0,0.05930847302079201,0.059134647250175476,1.8162312507629395
3000,mha,123,2,1,0.057955626398324966,0.05881977081298828,1.8162312507629395
3000,mha,123,2,2,0.08881917595863342,0.08025431632995605,1.8162312507629395
3000,mha,123,2,3,0.061084289103746414,0.059081535786390305,1.8162312507629395
3000,mha,123,2,4,0.05570383742451668,0.05776861682534218,1.8162312507629395
3000,mha,123,2,5,0.04516133666038513,0.06628129631280899,1.8162312507629395
3000,mha,123,2,6,0.05765828490257263,0.054617658257484436,1.8162312507629395
3000,mha,123,2,7,0.06635732203722,0.05988607555627823,1.8162312507629395
3000,mha,123,2,8,0.04711649566888809,0.05028818920254707,1.8162312507629395
3000,mha,123,2,9,0.07984659820795059,0.06610041111707687,1.8162312507629395
3000,mha,123,2,10,0.07786448299884796,0.08377819508314133,1.8162312507629395
3000,mha,123,2,11,0.07462717592716217,0.07797665894031525,1.8162312507629395
3000,mha,123,2,12,0.054496970027685165,0.0463104173541069,1.8162312507629395
3000,mha,123,2,13,0.045544229447841644,0.05299973487854004,1.8162312507629395
3000,mha,123,2,14,0.06181325390934944,0.06814157217741013,1.8162312507629395
3000,mha,123,2,15,0.06664245575666428,0.058560848236083984,1.8162312507629395
3000,mha,123,3,0,0.07126444578170776,0.08565471321344376,1.3746685981750488
3000,mha,123,3,1,0.0584920234978199,0.06389503926038742,1.3746685981750488
3000,mha,123,3,2,0.04966674745082855,0.04854423180222511,1.3746685981750488
3000,mha,123,3,3,0.09025146812200546,0.07733470946550369,1.3746685981750488
3000,mha,123,3,4,0.020909016951918602,0.027141110971570015,1.3746685981750488
3000,mha,123,3,5,0.08188893646001816,0.07054214179515839,1.3746685981750488
3000,mha,123,3,6,0.0832747370004654,0.073896124958992,1.3746685981750488
3000,mha,123,3,7,0.049581196159124374,0.05030088871717453,1.3746685981750488
3000,mha,123,3,8,0.07254017889499664,0.0701763927936554,1.3746685981750488
3000,mha,123,3,9,0.07677988708019257,0.0708000659942627,1.3746685981750488
3000,mha,123,3,10,0.08551320433616638,0.09829393029212952,1.3746685981750488
3000,mha,123,3,11,0.04161631315946579,0.045091405510902405,1.3746685981750488
3000,mha,123,3,12,0.0444355271756649,0.039344772696495056,1.3746685981750488
3000,mha,123,3,13,0.0560862235724926,0.05978366360068321,1.3746685981750488
3000,mha,123,3,14,0.07298899441957474,0.06608227640390396,1.3746685981750488
3000,mha,123,3,15,0.04471110180020332,0.053118590265512466,1.3746685981750488
3000,mha,123,4,0,0.05646871030330658,0.06414228677749634,1.2215503454208374
3000,mha,123,4,1,0.04430145397782326,0.0460725799202919,1.2215503454208374
3000,mha,123,4,2,0.048591919243335724,0.052125006914138794,1.2215503454208374
3000,mha,123,4,3,0.0963611826300621,0.09438031166791916,1.2215503454208374
3000,mha,123,4,4,0.07826253026723862,0.07996518164873123,1.2215503454208374
3000,mha,123,4,5,0.06685607880353928,0.06718149036169052,1.2215503454208374
3000,mha,123,4,6,0.05311126634478569,0.062462031841278076,1.2215503454208374
3000,mha,123,4,7,0.06686737388372421,0.07414697855710983,1.2215503454208374
3000,mha,123,4,8,0.07546081393957138,0.06554241478443146,1.2215503454208374
3000,mha,123,4,9,0.08061767369508743,0.06306442618370056,1.2215503454208374
3000,mha,123,4,10,0.07794606685638428,0.06536581367254257,1.2215503454208374
3000,mha,123,4,11,0.0734519436955452,0.06086753308773041,1.2215503454208374
3000,mha,123,4,12,0.06069742888212204,0.05805085971951485,1.2215503454208374
3000,mha,123,4,13,0.046211037784814835,0.03913110867142677,1.2215503454208374
3000,mha,123,4,14,0.02101186104118824,0.027716662734746933,1.2215503454208374
3000,mha,123,4,15,0.05378265306353569,0.07978523522615433,1.2215503454208374
3000,mha,123,5,0,0.04589223116636276,0.0430556982755661,1.433242917060852
3000,mha,123,5,1,0.02440541610121727,0.03074079565703869,1.433242917060852
3000,mha,123,5,2,0.09199157357215881,0.07289884239435196,1.433242917060852
3000,mha,123,5,3,0.053097840398550034,0.07211792469024658,1.433242917060852
3000,mha,123,5,4,0.043506164103746414,0.055159930139780045,1.433242917060852
3000,mha,123,5,5,0.052260540425777435,0.054653141647577286,1.433242917060852
3000,mha,123,5,6,0.04480580613017082,0.03195042163133621,1.433242917060852
3000,mha,123,5,7,0.06845173984766006,0.05722150206565857,1.433242917060852
3000,mha,123,5,8,0.08114542812108994,0.06760845333337784,1.433242917060852
3000,mha,123,5,9,0.09490539878606796,0.11397413909435272,1.433242917060852
3000,mha,123,5,10,0.03697265684604645,0.0476473793387413,1.433242917060852
3000,mha,123,5,11,0.08002502471208572,0.06311457604169846,1.433242917060852
3000,mha,123,5,12,0.04806620255112648,0.06438550353050232,1.433242917060852
3000,mha,123,5,13,0.06400024145841599,0.059411559253931046,1.433242917060852
3000,mha,123,5,14,0.07149729132652283,0.06863994896411896,1.433242917060852
3000,mha,123,5,15,0.09897644072771072,0.09742002189159393,1.433242917060852
3500,mha,123,1,0,0.05543731525540352,0.05779048427939415,2.258544445037842
3500,mha,123,1,1,0.06010396406054497,0.059128984808921814,2.258544445037842
3500,mha,123,1,2,0.04460205137729645,0.05507003143429756,2.258544445037842
3500,mha,123,1,3,0.05576884001493454,0.05319080129265785,2.258544445037842
3500,mha,123,1,4,0.07818786799907684,0.05948004871606827,2.258544445037842
3500,mha,123,1,5,0.06545593589544296,0.06672527641057968,2.258544445037842
3500,mha,123,1,6,0.04743387922644615,0.05910128355026245,2.258544445037842
3500,mha,123,1,7,0.06369873136281967,0.06021314114332199,2.258544445037842
3500,mha,123,1,8,0.06723551452159882,0.06774620711803436,2.258544445037842
3500,mha,123,1,9,0.07980916649103165,0.07718540728092194,2.258544445037842
3500,mha,123,1,10,0.06383372098207474,0.06483331322669983,2.258544445037842
3500,mha,123,1,11,0.07417968660593033,0.06719518452882767,2.258544445037842
3500,mha,123,1,12,0.06725799292325974,0.06659047305583954,2.258544445037842
3500,mha,123,1,13,0.06335317343473434,0.07129260897636414,2.258544445037842
3500,mha,123,1,14,0.04984436184167862,0.05743102356791496,2.258544445037842
3500,mha,123,1,15,0.06379780918359756,0.05702557787299156,2.258544445037842
3500,mha,123,2,0,0.06693298369646072,0.06329026818275452,1.806453824043274
3500,mha,123,2,1,0.05473114177584648,0.05724383145570755,1.806453824043274
3500,mha,123,2,2,0.08361134678125381,0.0753665640950203,1.806453824043274
3500,mha,123,2,3,0.06558217108249664,0.061842046678066254,1.806453824043274
3500,mha,123,2,4,0.05699066072702408,0.05856655165553093,1.806453824043274
3500,mha,123,2,5,0.03868906572461128,0.06295941770076752,1.806453824043274
3500,mha,123,2,6,0.06262044608592987,0.05908231809735298,1.806453824043274
3500,mha,123,2,7,0.0590781643986702,0.05460904538631439,1.806453824043274
3500,mha,123,2,8,0.05918945372104645,0.05784052982926369,1.806453824043274
3500,mha,123,2,9,0.07306274771690369,0.062125492841005325,1.806453824043274
3500,mha,123,2,10,0.07716664671897888,0.08495373278856277,1.806453824043274
3500,mha,123,2,11,0.07469665259122849,0.07587572187185287,1.806453824043274
3500,mha,123,2,12,0.06515970826148987,0.054498717188835144,1.806453824043274
3500,mha,123,2,13,0.03571980819106102,0.04476400837302208,1.806453824043274
3500,mha,123,2,14,0.06139333173632622,0.06778445094823837,1.806453824043274
3500,mha,123,2,15,0.0653756707906723,0.0591973178088665,1.806453824043274
3500,mha,123,3,0,0.07140431553125381,0.08585584908723831,1.361541509628296
3500,mha,123,3,1,0.0485159307718277,0.05726167559623718,1.361541509628296
3500,mha,123,3,2,0.049610596150159836,0.048037346452474594,1.361541509628296
3500,mha,123,3,3,0.08640411496162415,0.07278203964233398,1.361541509628296
3500,mha,123,3,4,0.025841878727078438,0.03037739358842373,1.361541509628296
3500,mha,123,3,5,0.07782592624425888,0.06859660148620605,1.361541509628296
3500,mha,123,3,6,0.0833708718419075,0.07394953817129135,1.361541509628296
3500,mha,123,3,7,0.05383199080824852,0.05339067429304123,1.361541509628296
3500,mha,123,3,8,0.07245585322380066,0.06971056759357452,1.361541509628296
3500,mha,123,3,9,0.07663574069738388,0.0746816024184227,1.361541509628296
3500,mha,123,3,10,0.08768829703330994,0.09947288781404495,1.361541509628296
3500,mha,123,3,11,0.042410481721162796,0.04710816219449043,1.361541509628296
3500,mha,123,3,12,0.04782460629940033,0.0405881293118,1.361541509628296
3500,mha,123,3,13,0.050989482551813126,0.05559879168868065,1.361541509628296
3500,mha,123,3,14,0.07474039494991302,0.06449142098426819,1.361541509628296
3500,mha,123,3,15,0.05044952407479286,0.058097273111343384,1.361541509628296
3500,mha,123,4,0,0.05439748242497444,0.06289298087358475,1.2143782377243042
3500,mha,123,4,1,0.044575296342372894,0.04699545353651047,1.2143782377243042
3500,mha,123,4,2,0.0485038235783577,0.05154018849134445,1.2143782377243042
3500,mha,123,4,3,0.09934885799884796,0.0968882218003273,1.2143782377243042
3500,mha,123,4,4,0.0800069198012352,0.08239058405160904,1.2143782377243042
3500,mha,123,4,5,0.0670979842543602,0.06728169322013855,1.2143782377243042
3500,mha,123,4,6,0.05118774250149727,0.06245924159884453,1.2143782377243042
3500,mha,123,4,7,0.06163238361477852,0.06999810039997101,1.2143782377243042
3500,mha,123,4,8,0.07350311428308487,0.0637114942073822,1.2143782377243042
3500,mha,123,4,9,0.08183044195175171,0.06258581578731537,1.2143782377243042
3500,mha,123,4,10,0.07379862666130066,0.061959780752658844,1.2143782377243042
3500,mha,123,4,11,0.07345519959926605,0.060295041650533676,1.2143782377243042
3500,mha,123,4,12,0.06868357211351395,0.06437048316001892,1.2143782377243042
3500,mha,123,4,13,0.04770467057824135,0.03853495419025421,1.2143782377243042
3500,mha,123,4,14,0.020680135115981102,0.027436327189207077,1.2143782377243042
3500,mha,123,4,15,0.053593751043081284,0.08065971732139587,1.2143782377243042
3500,mha,123,5,0,0.04827595874667168,0.04572268947958946,1.4494340419769287
3500,mha,123,5,1,0.023357441648840904,0.03052775375545025,1.4494340419769287
3500,mha,123,5,2,0.09430114924907684,0.0785558670759201,1.4494340419769287
3500,mha,123,5,3,0.05279398709535599,0.07115712761878967,1.4494340419769287
3500,mha,123,5,4,0.038311462849378586,0.05209525674581528,1.4494340419769287
3500,mha,123,5,5,0.05665883421897888,0.057561226189136505,1.4494340419769287
3500,mha,123,5,6,0.04891398176550865,0.03436369448900223,1.4494340419769287
3500,mha,123,5,7,0.0679003894329071,0.05887581408023834,1.4494340419769287
3500,mha,123,5,8,0.07789235562086105,0.06707091629505157,1.4494340419769287
3500,mha,123,5,9,0.09720102697610855,0.11279017478227615,1.4494340419769287
3500,mha,123,5,10,0.034029439091682434,0.04555525630712509,1.4494340419769287
3500,mha,123,5,11,0.08508504182100296,0.06461603194475174,1.4494340419769287
3500,mha,123,5,12,0.05254720151424408,0.0679146870970726,1.4494340419769287
3500,mha,123,5,13,0.054024048149585724,0.052580539137125015,1.4494340419769287
3500,mha,123,5,14,0.07302235811948776,0.06776270270347595,1.4494340419769287
3500,mha,123,5,15,0.09568532556295395,0.09285031259059906,1.4494340419769287
4000,mha,123,1,0,0.051961466670036316,0.058421529829502106,2.268352508544922
4000,mha,123,1,1,0.07348388433456421,0.06515844911336899,2.268352508544922
4000,mha,123,1,2,0.06903696805238724,0.06228627637028694,2.268352508544922
4000,mha,123,1,3,0.04939768463373184,0.05062107741832733,2.268352508544922
4000,mha,123,1,4,0.0700829029083252,0.05615319684147835,2.268352508544922
4000,mha,123,1,5,0.0670451894402504,0.06713534146547318,2.268352508544922
4000,mha,123,1,6,0.06275248527526855,0.06449253857135773,2.268352508544922
4000,mha,123,1,7,0.053099874407052994,0.056679509580135345,2.268352508544922
4000,mha,123,1,8,0.06558583676815033,0.06491050869226456,2.268352508544922
4000,mha,123,1,9,0.07746429741382599,0.07406874001026154,2.268352508544922
4000,mha,123,1,10,0.06712249666452408,0.06662105023860931,2.268352508544922
4000,mha,123,1,11,0.057012226432561874,0.06239456310868263,2.268352508544922
4000,mha,123,1,12,0.06940917670726776,0.06753095239400864,2.268352508544922
4000,mha,123,1,13,0.05571502819657326,0.06991060078144073,2.268352508544922
4000,mha,123,1,14,0.04826558381319046,0.058309610933065414,2.268352508544922
4000,mha,123,1,15,0.0625649020075798,0.055306077003479004,2.268352508544922
4000,mha,123,2,0,0.0557861328125,0.05690450593829155,1.78947913646698
4000,mha,123,2,1,0.06111867353320122,0.05907105281949043,1.78947913646698
4000,mha,123,2,2,0.08873707801103592,0.0782405436038971,1.78947913646698
4000,mha,123,2,3,0.06774098426103592,0.06305376440286636,1.78947913646698
4000,mha,123,2,4,0.06410512328147888,0.06206003949046135,1.78947913646698
4000,mha,123,2,5,0.030662130564451218,0.0558728352189064,1.78947913646698
4000,mha,123,2,6,0.05802398547530174,0.055017635226249695,1.78947913646698
4000,mha,123,2,7,0.07388712465763092,0.06491680443286896,1.78947913646698
4000,mha,123,2,8,0.055581361055374146,0.05541663616895676,1.78947913646698
4000,mha,123,2,9,0.06215911731123924,0.05749717727303505,1.78947913646698
4000,mha,123,2,10,0.0734616070985794,0.08197484165430069,1.78947913646698
4000,mha,123,2,11,0.07636545598506927,0.07873653620481491,1.78947913646698
4000,mha,123,2,12,0.06560302525758743,0.05396515503525734,1.78947913646698
4000,mha,123,2,13,0.04061035066843033,0.04829235002398491,1.78947913646698
4000,mha,123,2,14,0.06591532379388809,0.07141673564910889,1.78947913646698
4000,mha,123,2,15,0.060242511332035065,0.05756334960460663,1.78947913646698
4000,mha,123,3,0,0.06764770299196243,0.08140683174133301,1.341852068901062
4000,mha,123,3,1,0.05286794155836105,0.06259392946958542,1.341852068901062
4000,mha,123,3,2,0.05328979343175888,0.050914257764816284,1.341852068901062
4000,mha,123,3,3,0.0877729281783104,0.07540977746248245,1.341852068901062
4000,mha,123,3,4,0.02683105506002903,0.03076745942234993,1.341852068901062
4000,mha,123,3,5,0.07881846278905869,0.06715204566717148,1.341852068901062
4000,mha,123,3,6,0.0798148587346077,0.0710972398519516,1.341852068901062
4000,mha,123,3,7,0.053171996027231216,0.05346457287669182,1.341852068901062
4000,mha,123,3,8,0.07395904511213303,0.07351215928792953,1.341852068901062
4000,mha,123,3,9,0.07990142703056335,0.07391150295734406,1.341852068901062
4000,mha,123,3,10,0.09115112572908401,0.1002623587846756,1.341852068901062
4000,mha,123,3,11,0.03736297786235809,0.043842874467372894,1.341852068901062
4000,mha,123,3,12,0.036696065217256546,0.03614217787981033,1.341852068901062
4000,mha,123,3,13,0.060729674994945526,0.06308390945196152,1.341852068901062
4000,mha,123,3,14,0.07247324287891388,0.06273242086172104,1.341852068901062
4000,mha,123,3,15,0.04751169681549072,0.053706392645835876,1.341852068901062
4000,mha,123,4,0,0.05445770174264908,0.06200862303376198,1.210837483406067
4000,mha,123,4,1,0.042206116020679474,0.046831678599119186,1.210837483406067
4000,mha,123,4,2,0.04973510652780533,0.0518154613673687,1.210837483406067
4000,mha,123,4,3,0.09998016059398651,0.09491710364818573,1.210837483406067
4000,mha,123,4,4,0.08080363273620605,0.08677496761083603,1.210837483406067
4000,mha,123,4,5,0.07686248421669006,0.07116225361824036,1.210837483406067
4000,mha,123,4,6,0.04830016940832138,0.061070360243320465,1.210837483406067
4000,mha,123,4,7,0.06061594560742378,0.0701800286769867,1.210837483406067
4000,mha,123,4,8,0.07985890656709671,0.0690792128443718,1.210837483406067
4000,mha,123,4,9,0.07749542593955994,0.05736319348216057,1.210837483406067
4000,mha,123,4,10,0.07396809756755829,0.06225322186946869,1.210837483406067
4000,mha,123,4,11,0.0793500766158104,0.06394783407449722,1.210837483406067
4000,mha,123,4,12,0.06488413363695145,0.06169181317090988,1.210837483406067
4000,mha,123,4,13,0.0366700254380703,0.033552154898643494,1.210837483406067
4000,mha,123,4,14,0.021060282364487648,0.027908198535442352,1.210837483406067
4000,mha,123,4,15,0.05375172942876816,0.07944395393133163,1.210837483406067
4000,mha,123,5,0,0.039860840886831284,0.040170811116695404,1.4155560731887817
4000,mha,123,5,1,0.024708658456802368,0.029791980981826782,1.4155560731887817
4000,mha,123,5,2,0.09637095034122467,0.08189469575881958,1.4155560731887817
4000,mha,123,5,3,0.0518360398709774,0.07076352089643478,1.4155560731887817
4000,mha,123,5,4,0.03994598239660263,0.0536537691950798,1.4155560731887817
4000,mha,123,5,5,0.05707499012351036,0.0587596632540226,1.4155560731887817
4000,mha,123,5,6,0.04858957976102829,0.03326135501265526,1.4155560731887817
4000,mha,123,5,7,0.07057321816682816,0.05853419005870819,1.4155560731887817
4000,mha,123,5,8,0.08003692328929901,0.07035121321678162,1.4155560731887817
4000,mha,123,5,9,0.10187245905399323,0.11833236366510391,1.4155560731887817
4000,mha,123,5,10,0.03187042102217674,0.043182648718357086,1.4155560731887817
4000,mha,123,5,11,0.09485086798667908,0.06882729381322861,1.4155560731887817
4000,mha,123,5,12,0.049675293266773224,0.06570591777563095,1.4155560731887817
4000,mha,123,5,13,0.05209411680698395,0.0494355782866478,1.4155560731887817
4000,mha,123,5,14,0.06770569086074829,0.06655894964933395,1.4155560731887817
4000,mha,123,5,15,0.09293396025896072,0.09077589213848114,1.4155560731887817
4500,mha,123,1,0,0.054604288190603256,0.06040887162089348,2.2255094051361084
4500,mha,123,1,1,0.06807393580675125,0.06264033168554306,2.2255094051361084
4500,mha,123,1,2,0.05867970734834671,0.05794787034392357,2.2255094051361084
4500,mha,123,1,3,0.048865560442209244,0.050994887948036194,2.2255094051361084
4500,mha,123,1,4,0.0795656368136406,0.06227938458323479,2.2255094051361084
4500,mha,123,1,5,0.06269185245037079,0.0623018778860569,2.2255094051361084
4500,mha,123,1,6,0.0604483038187027,0.06226919963955879,2.2255094051361084
4500,mha,123,1,7,0.0489228330552578,0.05324863642454147,2.2255094051361084
4500,mha,123,1,8,0.0683855190873146,0.0700681284070015,2.2255094051361084
4500,mha,123,1,9,0.07761485129594803,0.07384467869997025,2.2255094051361084
4500,mha,123,1,10,0.06346751004457474,0.06380167603492737,2.2255094051361084
4500,mha,123,1,11,0.05559743195772171,0.06065981090068817,2.2255094051361084
4500,mha,123,1,12,0.07295623421669006,0.06961861997842789,2.2255094051361084
4500,mha,123,1,13,0.05816233158111572,0.06920396536588669,2.2255094051361084
4500,mha,123,1,14,0.04952646791934967,0.05782683193683624,2.2255094051361084
4500,mha,123,1,15,0.07243753969669342,0.06288517266511917,2.2255094051361084
4500,mha,123,2,0,0.06566925346851349,0.05973535403609276,1.7505887746810913
4500,mha,123,2,1,0.07143371552228928,0.06732363253831863,1.7505887746810913
4500,mha,123,2,2,0.08633758872747421,0.07769370079040527,1.7505887746810913
4500,mha,123,2,3,0.06025960296392441,0.05834505707025528,1.7505887746810913
4500,mha,123,2,4,0.05849243327975273,0.05968015640974045,1.7505887746810913
4500,mha,123,2,5,0.0316721610724926,0.057663459330797195,1.7505887746810913
4500,mha,123,2,6,0.0675303116440773,0.06029278412461281,1.7505887746810913
4500,mha,123,2,7,0.06470408290624619,0.058031048625707626,1.7505887746810913
4500,mha,123,2,8,0.05521748960018158,0.05665984004735947,1.7505887746810913
4500,mha,123,2,9,0.06620880216360092,0.06021275371313095,1.7505887746810913
4500,mha,123,2,10,0.0690041109919548,0.07627782970666885,1.7505887746810913
4500,mha,123,2,11,0.07740366458892822,0.0795755535364151,1.7505887746810913
4500,mha,123,2,12,0.06506459414958954,0.054041679948568344,1.7505887746810913
4500,mha,123,2,13,0.039239197969436646,0.047120653092861176,1.7505887746810913
4500,mha,123,2,14,0.0643385797739029,0.07285967469215393,1.7505887746810913
4500,mha,123,2,15,0.05742441862821579,0.05448669567704201,1.7505887746810913
4500,mha,123,3,0,0.06175588071346283,0.080332450568676,1.3325544595718384
4500,mha,123,3,1,0.050279948860406876,0.060304589569568634,1.3325544595718384
4500,mha,123,3,2,0.05450531095266342,0.05253777652978897,1.3325544595718384
4500,mha,123,3,3,0.09046254307031631,0.07848397642374039,1.3325544595718384
4500,mha,123,3,4,0.028797505423426628,0.03179122135043144,1.3325544595718384
4500,mha,123,3,5,0.07928263396024704,0.06768041849136353,1.3325544595718384
4500,mha,123,3,6,0.07776428014039993,0.06739315390586853,1.3325544595718384
4500,mha,123,3,7,0.057482097297906876,0.05541371554136276,1.3325544595718384
4500,mha,123,3,8,0.07243530452251434,0.07128137350082397,1.3325544595718384
4500,mha,123,3,9,0.08119730651378632,0.07576398551464081,1.3325544595718384
4500,mha,123,3,10,0.08659668266773224,0.09609760344028473,1.3325544595718384
4500,mha,123,3,11,0.03488565981388092,0.04074682667851448,1.3325544595718384
4500,mha,123,3,12,0.036499328911304474,0.03527463600039482,1.3325544595718384
4500,mha,123,3,13,0.06434845179319382,0.06511048227548599,1.3325544595718384
4500,mha,123,3,14,0.07316873967647552,0.06505759805440903,1.3325544595718384
4500,mha,123,3,15,0.050538331270217896,0.056730207055807114,1.3325544595718384
4500,mha,123,4,0,0.051366984844207764,0.058942023664712906,1.2056550979614258
4500,mha,123,4,1,0.041729431599378586,0.04556386545300484,1.2056550979614258
4500,mha,123,4,2,0.05041097104549408,0.05422777310013771,1.2056550979614258
4500,mha,123,4,3,0.09932057559490204,0.09587783366441727,1.2056550979614258
4500,mha,123,4,4,0.08186452090740204,0.08669093251228333,1.2056550979614258
4500,mha,123,4,5,0.06910298764705658,0.06539517641067505,1.2056550979614258
4500,mha,123,4,6,0.04982493072748184,0.06305631995201111,1.2056550979614258
4500,mha,123,4,7,0.06630045920610428,0.07516069710254669,1.2056550979614258
4500,mha,123,4,8,0.07732544094324112,0.06740980595350266,1.2056550979614258
4500,mha,123,4,9,0.08281209319829941,0.062238097190856934,1.2056550979614258
4500,mha,123,4,10,0.07236135005950928,0.06115737929940224,1.2056550979614258
4500,mha,123,4,11,0.07765604555606842,0.06347601860761642,1.2056550979614258
4500,mha,123,4,12,0.06583953648805618,0.06166393309831619,1.2056550979614258
4500,mha,123,4,13,0.03877837955951691,0.03431685268878937,1.2056550979614258
4500,mha,123,4,14,0.02135467529296875,0.026379158720374107,1.2056550979614258
4500,mha,123,4,15,0.05395162105560303,0.07844410836696625,1.2056550979614258
4500,mha,123,5,0,0.04206553101539612,0.04102902114391327,1.4134455919265747
4500,mha,123,5,1,0.029639994725584984,0.03169174864888191,1.4134455919265747
4500,mha,123,5,2,0.09493856132030487,0.08032122254371643,1.4134455919265747
4500,mha,123,5,3,0.05243886262178421,0.07248139381408691,1.4134455919265747
4500,mha,123,5,4,0.038904622197151184,0.052035994827747345,1.4134455919265747
4500,mha,123,5,5,0.06389322876930237,0.06315179914236069,1.4134455919265747
4500,mha,123,5,6,0.04980428144335747,0.03563210740685463,1.4134455919265747
4500,mha,123,5,7,0.06757914274930954,0.0575699545443058,1.4134455919265747
4500,mha,123,5,8,0.07777822017669678,0.06905902922153473,1.4134455919265747
4500,mha,123,5,9,0.09866027534008026,0.11382226645946503,1.4134455919265747
4500,mha,123,5,10,0.03413696214556694,0.04636930301785469,1.4134455919265747
4500,mha,123,5,11,0.09107289463281631,0.06693615764379501,1.4134455919265747
4500,mha,123,5,12,0.047248534858226776,0.06417819112539291,1.4134455919265747
4500,mha,123,5,13,0.05210123583674431,0.049582339823246,1.4134455919265747
4500,mha,123,5,14,0.06682057678699493,0.06720022857189178,1.4134455919265747
4500,mha,123,5,15,0.0929170772433281,0.08893904089927673,1.4134455919265747
5000,mha,123,1,0,0.04558451473712921,0.0538722425699234,2.2031044960021973
5000,mha,123,1,1,0.06897979974746704,0.06157350540161133,2.2031044960021973
5000,mha,123,1,2,0.04602111876010895,0.05404020845890045,2.2031044960021973
5000,mha,123,1,3,0.050009459257125854,0.050966426730155945,2.2031044960021973
5000,mha,123,1,4,0.07071665674448013,0.055900562554597855,2.2031044960021973
5000,mha,123,1,5,0.07037648558616638,0.07122672349214554,2.2031044960021973
5000,mha,123,1,6,0.07391875982284546,0.0713329017162323,2.2031044960021973
5000,mha,123,1,7,0.046151936054229736,0.05136865749955177,2.2031044960021973
5000,mha,123,1,8,0.0731886774301529,0.0698615238070488,2.2031044960021973
5000,mha,123,1,9,0.07121521234512329,0.06937674432992935,2.2031044960021973
5000,mha,123,1,10,0.06484100222587585,0.0643133893609047,2.2031044960021973
5000,mha,123,1,11,0.055635783821344376,0.060213852673769,2.2031044960021973
5000,mha,123,1,12,0.07682403922080994,0.07279520481824875,2.2031044960021973
5000,mha,123,1,13,0.06270192563533783,0.07225252687931061,2.2031044960021973
5000,mha,123,1,14,0.05225026607513428,0.058404166251420975,2.2031044960021973
5000,mha,123,1,15,0.07158437371253967,0.06250136345624924,2.2031044960021973
5000,mha,123,2,0,0.06918945163488388,0.060764387249946594,1.733181357383728
5000,mha,123,2,1,0.06966064125299454,0.06379762291908264,1.733181357383728
5000,mha,123,2,2,0.09131215512752533,0.08268226683139801,1.733181357383728
5000,mha,123,2,3,0.0638510137796402,0.06169918179512024,1.733181357383728
5000,mha,123,2,4,0.060144245624542236,0.05984939634799957,1.733181357383728
5000,mha,123,2,5,0.03214121609926224,0.0572875514626503,1.733181357383728
5000,mha,123,2,6,0.059228211641311646,0.05439532548189163,1.733181357383728
5000,mha,123,2,7,0.06721445918083191,0.06038068234920502,1.733181357383728
5000,mha,123,2,8,0.05658264085650444,0.05769920349121094,1.733181357383728
5000,mha,123,2,9,0.06838999688625336,0.06201721727848053,1.733181357383728
5000,mha,123,2,10,0.07069386541843414,0.0796404629945755,1.733181357383728
5000,mha,123,2,11,0.0781809464097023,0.0799652710556984,1.733181357383728
5000,mha,123,2,12,0.06079600006341934,0.05064253881573677,1.733181357383728
5000,mha,123,2,13,0.03768829256296158,0.04700147360563278,1.733181357383728
5000,mha,123,2,14,0.061383869498968124,0.06920044869184494,1.733181357383728
5000,mha,123,2,15,0.05354299023747444,0.05297696962952614,1.733181357383728
5000,mha,123,3,0,0.06335357576608658,0.07952574640512466,1.3163734674453735
5000,mha,123,3,1,0.04904378205537796,0.05734024569392204,1.3163734674453735
5000,mha,123,3,2,0.05244852602481842,0.05145757645368576,1.3163734674453735
5000,mha,123,3,3,0.0846869945526123,0.07302816957235336,1.3163734674453735
5000,mha,123,3,4,0.03503112867474556,0.03399745374917984,1.3163734674453735
5000,mha,123,3,5,0.0789012685418129,0.07064573466777802,1.3163734674453735
5000,mha,123,3,6,0.0816352367401123,0.0717013031244278,1.3163734674453735
5000,mha,123,3,7,0.05946899577975273,0.057365722954273224,1.3163734674453735
5000,mha,123,3,8,0.07751139253377914,0.07566876709461212,1.3163734674453735
5000,mha,123,3,9,0.08245768398046494,0.07992342114448547,1.3163734674453735
5000,mha,123,3,10,0.09048034995794296,0.0981120839715004,1.3163734674453735
5000,mha,123,3,11,0.0339558906853199,0.03935743495821953,1.3163734674453735
5000,mha,123,3,12,0.0361735038459301,0.03519659489393234,1.3163734674453735
5000,mha,123,3,13,0.05267323926091194,0.05737656354904175,1.3163734674453735
5000,mha,123,3,14,0.07141133397817612,0.06167865917086601,1.3163734674453735
5000,mha,123,3,15,0.05076710879802704,0.05762459337711334,1.3163734674453735
5000,mha,123,4,0,0.051578063517808914,0.057691823691129684,1.2134742736816406
5000,mha,123,4,1,0.046453144401311874,0.05079488828778267,1.2134742736816406
5000,mha,123,4,2,0.048981018364429474,0.05223284661769867,1.2134742736816406
5000,mha,123,4,3,0.10239461064338684,0.09742725640535355,1.2134742736816406
5000,mha,123,4,4,0.07969187200069427,0.08255209773778915,1.2134742736816406
5000,mha,123,4,5,0.06808329373598099,0.0635368600487709,1.2134742736816406
5000,mha,123,4,6,0.048965148627758026,0.0620877780020237,1.2134742736816406
5000,mha,123,4,7,0.062079671770334244,0.07254341244697571,1.2134742736816406
5000,mha,123,4,8,0.07784902304410934,0.06754247099161148,1.2134742736816406
5000,mha,123,4,9,0.08494272828102112,0.0652473196387291,1.2134742736816406
5000,mha,123,4,10,0.07243835180997849,0.06211021915078163,1.2134742736816406
5000,mha,123,4,11,0.07694000005722046,0.06300073117017746,1.2134742736816406
5000,mha,123,4,12,0.0637836679816246,0.06078602373600006,1.2134742736816406
5000,mha,123,4,13,0.040787965059280396,0.03562586382031441,1.2134742736816406
5000,mha,123,4,14,0.021338196471333504,0.027584880590438843,1.2134742736816406
5000,mha,123,4,15,0.05369323864579201,0.07923559844493866,1.2134742736816406
5000,mha,123,5,0,0.03731272369623184,0.03835544362664223,1.4124157428741455
5000,mha,123,5,1,0.028725076466798782,0.030913878232240677,1.4124157428741455
5000,mha,123,5,2,0.09751373529434204,0.08408410102128983,1.4124157428741455
5000,mha,123,5,3,0.054624125361442566,0.0742897093296051,1.4124157428741455
5000,mha,123,5,4,0.03850596025586128,0.050878141075372696,1.4124157428741455
5000,mha,123,5,5,0.055500488728284836,0.057990171015262604,1.4124157428741455
5000,mha,123,5,6,0.050667621195316315,0.03615494817495346,1.4124157428741455
5000,mha,123,5,7,0.06951436400413513,0.05968159809708595,1.4124157428741455
5000,mha,123,5,8,0.0764496847987175,0.06930763274431229,1.4124157428741455
5000,mha,123,5,9,0.09927541017532349,0.1125989630818367,1.4124157428741455
5000,mha,123,5,10,0.030185038223862648,0.04274696856737137,1.4124157428741455
5000,mha,123,5,11,0.0985114574432373,0.07251789420843124,1.4124157428741455
5000,mha,123,5,12,0.0510844923555851,0.06801909953355789,1.4124157428741455
5000,mha,123,5,13,0.052955832332372665,0.04976020008325577,1.4124157428741455
5000,mha,123,5,14,0.06436309963464737,0.06249566376209259,1.4124157428741455
5000,mha,123,5,15,0.09481089562177658,0.09020565450191498,1.4124157428741455
5500,mha,123,1,0,0.05470835417509079,0.058232612907886505,2.174316167831421
5500,mha,123,1,1,0.0637894719839096,0.059267349541187286,2.174316167831421
5500,mha,123,1,2,0.051923420280218124,0.0561215840280056,2.174316167831421
5500,mha,123,1,3,0.05494781583547592,0.05353165417909622,2.174316167831421
5500,mha,123,1,4,0.07604929804801941,0.061008550226688385,2.174316167831421
5500,mha,123,1,5,0.06047200411558151,0.0633736252784729,2.174316167831421
5500,mha,123,1,6,0.07214619964361191,0.07074058800935745,2.174316167831421
5500,mha,123,1,7,0.058352354913949966,0.0557008795440197,2.174316167831421
5500,mha,123,1,8,0.06770660728216171,0.07038680464029312,2.174316167831421
5500,mha,123,1,9,0.06853963434696198,0.06814330071210861,2.174316167831421
5500,mha,123,1,10,0.06521057337522507,0.06359361112117767,2.174316167831421
5500,mha,123,1,11,0.06066141650080681,0.062471821904182434,2.174316167831421
5500,mha,123,1,12,0.0721588134765625,0.06994790583848953,2.174316167831421
5500,mha,123,1,13,0.058907777070999146,0.07031338661909103,2.174316167831421
5500,mha,123,1,14,0.043432820588350296,0.05479547008872032,2.174316167831421
5500,mha,123,1,15,0.07099344581365585,0.062370769679546356,2.174316167831421
5500,mha,123,2,0,0.059191081672906876,0.057090796530246735,1.7324501276016235
5500,mha,123,2,1,0.06520924717187881,0.06274047493934631,1.7324501276016235
5500,mha,123,2,2,0.08454671502113342,0.0761597603559494,1.7324501276016235
5500,mha,123,2,3,0.05702453479170799,0.05827074125409126,1.7324501276016235
5500,mha,123,2,4,0.05970520153641701,0.06038704514503479,1.7324501276016235
5500,mha,123,2,5,0.03477101773023605,0.060747720301151276,1.7324501276016235
5500,mha,123,2,6,0.0684814453125,0.062472425401210785,1.7324501276016235
5500,mha,123,2,7,0.07036590576171875,0.06265859305858612,1.7324501276016235
5500,mha,123,2,8,0.06314636021852493,0.060271505266427994,1.7324501276016235
5500,mha,123,2,9,0.06967946141958237,0.06216180697083473,1.7324501276016235
5500,mha,123,2,10,0.0631415843963623,0.07203633338212967,1.7324501276016235
5500,mha,123,2,11,0.07157674431800842,0.07185328006744385,1.7324501276016235
5500,mha,123,2,12,0.06348215788602829,0.05333055928349495,1.7324501276016235
5500,mha,123,2,13,0.04246887192130089,0.05035930499434471,1.7324501276016235
5500,mha,123,2,14,0.062012530863285065,0.07098405063152313,1.7324501276016235
5500,mha,123,2,15,0.06519713997840881,0.05847548320889473,1.7324501276016235
5500,mha,123,3,0,0.06983062624931335,0.08465706557035446,1.3285890817642212
5500,mha,123,3,1,0.049876097589731216,0.05743514373898506,1.3285890817642212
5500,mha,123,3,2,0.051359355449676514,0.051463786512613297,1.3285890817642212
5500,mha,123,3,3,0.08958017826080322,0.07900427281856537,1.3285890817642212
5500,mha,123,3,4,0.03057200089097023,0.03215939924120903,1.3285890817642212
5500,mha,123,3,5,0.07715565711259842,0.06697136908769608,1.3285890817642212
5500,mha,123,3,6,0.0826682522892952,0.07070120424032211,1.3285890817642212
5500,mha,123,3,7,0.05452616512775421,0.053683750331401825,1.3285890817642212
5500,mha,123,3,8,0.07227183133363724,0.07031822949647903,1.3285890817642212
5500,mha,123,3,9,0.08042002469301224,0.07462219893932343,1.3285890817642212
5500,mha,123,3,10,0.0899975597858429,0.09812107682228088,1.3285890817642212
5500,mha,123,3,11,0.034203287214040756,0.041123613715171814,1.3285890817642212
5500,mha,123,3,12,0.034929096698760986,0.0350569486618042,1.3285890817642212
5500,mha,123,3,13,0.05454915389418602,0.05943122133612633,1.3285890817642212
5500,mha,123,3,14,0.07776336371898651,0.06797818839550018,1.3285890817642212
5500,mha,123,3,15,0.050297342240810394,0.05727240815758705,1.3285890817642212
5500,mha,123,4,0,0.05256246030330658,0.060618866235017776,1.2249021530151367
5500,mha,123,4,1,0.04168691113591194,0.04533113166689873,1.2249021530151367
5500,mha,123,4,2,0.048319295048713684,0.0516786128282547,1.2249021530151367
5500,mha,123,4,3,0.10203582793474197,0.09645048528909683,1.2249021530151367
5500,mha,123,4,4,0.08102956414222717,0.08331045508384705,1.2249021530151367
5500,mha,123,4,5,0.06922536343336105,0.06449857354164124,1.2249021530151367
5500,mha,123,4,6,0.04750427231192589,0.0631323978304863,1.2249021530151367
5500,mha,123,4,7,0.06608530879020691,0.07651057094335556,1.2249021530151367
5500,mha,123,4,8,0.07631286978721619,0.06595436483621597,1.2249021530151367
5500,mha,123,4,9,0.08714091032743454,0.06729865074157715,1.2249021530151367
5500,mha,123,4,10,0.07500243932008743,0.0631248950958252,1.2249021530151367
5500,mha,123,4,11,0.07995086908340454,0.06477957963943481,1.2249021530151367
5500,mha,123,4,12,0.06281524896621704,0.0597434937953949,1.2249021530151367
5500,mha,123,4,13,0.03990031033754349,0.03630451858043671,1.2249021530151367
5500,mha,123,4,14,0.017807312309741974,0.02468853071331978,1.2249021530151367
5500,mha,123,4,15,0.05262105166912079,0.0765748843550682,1.2249021530151367
5500,mha,123,5,0,0.04501037672162056,0.043445292860269547,1.4222705364227295
5500,mha,123,5,1,0.02531840093433857,0.029318148270249367,1.4222705364227295
5500,mha,123,5,2,0.09458465874195099,0.08128458261489868,1.4222705364227295
5500,mha,123,5,3,0.0516471341252327,0.07147035747766495,1.4222705364227295
5500,mha,123,5,4,0.039131470024585724,0.051881369203329086,1.4222705364227295
5500,mha,123,5,5,0.05964955687522888,0.06102486327290535,1.4222705364227295
5500,mha,123,5,6,0.04760681092739105,0.03326622024178505,1.4222705364227295
5500,mha,123,5,7,0.07028920203447342,0.06082068756222725,1.4222705364227295
5500,mha,123,5,8,0.07460357993841171,0.06884893774986267,1.4222705364227295
5500,mha,123,5,9,0.09744638949632645,0.11011507362127304,1.4222705364227295
5500,mha,123,5,10,0.03128235042095184,0.044531676918268204,1.4222705364227295
5500,mha,123,5,11,0.09701019525527954,0.07284299284219742,1.4222705364227295
5500,mha,123,5,12,0.05278564617037773,0.0696326494216919,1.4222705364227295
5500,mha,123,5,13,0.05408955737948418,0.04917461425065994,1.4222705364227295
5500,mha,123,5,14,0.06491139531135559,0.06347326934337616,1.4222705364227295
5500,mha,123,5,15,0.09463328123092651,0.08886941522359848,1.4222705364227295
6000,mha,123,1,0,0.053140461444854736,0.05640099197626114,2.1546061038970947
6000,mha,123,1,1,0.07481221854686737,0.06645269691944122,2.1546061038970947
6000,mha,123,1,2,0.046967364847660065,0.054490622133016586,2.1546061038970947
6000,mha,123,1,3,0.05064493790268898,0.049549806863069534,2.1546061038970947
6000,mha,123,1,4,0.07152771204710007,0.05791192501783371,2.1546061038970947
6000,mha,123,1,5,0.06169484555721283,0.06373579800128937,2.1546061038970947
6000,mha,123,1,6,0.06726633757352829,0.06743768602609634,2.1546061038970947
6000,mha,123,1,7,0.052711181342601776,0.05272677540779114,2.1546061038970947
6000,mha,123,1,8,0.07569824159145355,0.07402192801237106,2.1546061038970947
6000,mha,123,1,9,0.07163970917463303,0.06982577592134476,2.1546061038970947
6000,mha,123,1,10,0.07231363654136658,0.06887846440076828,2.1546061038970947
6000,mha,123,1,11,0.05907043442130089,0.06221502274274826,2.1546061038970947
6000,mha,123,1,12,0.07353413850069046,0.07241983711719513,2.1546061038970947
6000,mha,123,1,13,0.060514118522405624,0.07045912742614746,2.1546061038970947
6000,mha,123,1,14,0.0415312685072422,0.05462861433625221,2.1546061038970947
6000,mha,123,1,15,0.06693339347839355,0.0588449090719223,2.1546061038970947
6000,mha,123,2,0,0.0764332041144371,0.06611431390047073,1.7198512554168701
6000,mha,123,2,1,0.0680573508143425,0.06368378549814224,1.7198512554168701
6000,mha,123,2,2,0.08634155243635178,0.07591626793146133,1.7198512554168701
6000,mha,123,2,3,0.059178974479436874,0.061712075024843216,1.7198512554168701
6000,mha,123,2,4,0.0580291748046875,0.05949738994240761,1.7198512554168701
6000,mha,123,2,5,0.03149892017245293,0.057608552277088165,1.7198512554168701
6000,mha,123,2,6,0.06676920503377914,0.06025490537285805,1.7198512554168701
6000,mha,123,2,7,0.05418650433421135,0.05087507516145706,1.7198512554168701
6000,mha,123,2,8,0.058601073920726776,0.058091044425964355,1.7198512554168701
6000,mha,123,2,9,0.0744483470916748,0.06411956250667572,1.7198512554168701
6000,mha,123,2,10,0.06977030634880066,0.08045762032270432,1.7198512554168701
6000,mha,123,2,11,0.07378865778446198,0.07364161312580109,1.7198512554168701
6000,mha,123,2,12,0.06039377674460411,0.05060911178588867,1.7198512554168701
6000,mha,123,2,13,0.04069152846932411,0.04966505616903305,1.7198512554168701
6000,mha,123,2,14,0.06339569389820099,0.07319317013025284,1.7198512554168701
6000,mha,123,2,15,0.0584157295525074,0.05456046387553215,1.7198512554168701
6000,mha,123,3,0,0.06442474573850632,0.07750516384840012,1.3301112651824951
6000,mha,123,3,1,0.05181844159960747,0.06034841015934944,1.3301112651824951
6000,mha,123,3,2,0.049269918352365494,0.04997926205396652,1.3301112651824951
6000,mha,123,3,3,0.08607849478721619,0.07330240309238434,1.3301112651824951
6000,mha,123,3,4,0.03267679736018181,0.033135250210762024,1.3301112651824951
6000,mha,123,3,5,0.07772267609834671,0.0689004585146904,1.3301112651824951
6000,mha,123,3,6,0.0855630487203598,0.07433556020259857,1.3301112651824951
6000,mha,123,3,7,0.0567341111600399,0.056597959250211716,1.3301112651824951
6000,mha,123,3,8,0.07423136383295059,0.07391297072172165,1.3301112651824951
6000,mha,123,3,9,0.08359608799219131,0.07957593351602554,1.3301112651824951
6000,mha,123,3,10,0.09013091772794724,0.09596192836761475,1.3301112651824951
6000,mha,123,3,11,0.03467722609639168,0.04166916385293007,1.3301112651824951
6000,mha,123,3,12,0.032681580632925034,0.033287450671195984,1.3301112651824951
6000,mha,123,3,13,0.055077921599149704,0.059183649718761444,1.3301112651824951
6000,mha,123,3,14,0.07723185420036316,0.06657496839761734,1.3301112651824951
6000,mha,123,3,15,0.048084817826747894,0.05572924762964249,1.3301112651824951
6000,mha,123,4,0,0.054614461958408356,0.06208043918013573,1.2201744318008423
6000,mha,123,4,1,0.04458058625459671,0.04903110861778259,1.2201744318008423
6000,mha,123,4,2,0.04893758147954941,0.05230296775698662,1.2201744318008423
6000,mha,123,4,3,0.10492279380559921,0.09824606776237488,1.2201744318008423
6000,mha,123,4,4,0.08136952668428421,0.08442878723144531,1.2201744318008423
6000,mha,123,4,5,0.07468007504940033,0.065537229180336,1.2201744318008423
6000,mha,123,4,6,0.04875020310282707,0.0651639774441719,1.2201744318008423
6000,mha,123,4,7,0.06411763280630112,0.07499814033508301,1.2201744318008423
6000,mha,123,4,8,0.08101501315832138,0.07069583982229233,1.2201744318008423
6000,mha,123,4,9,0.08458221703767776,0.06466733664274216,1.2201744318008423
6000,mha,123,4,10,0.07011464238166809,0.06029196456074715,1.2201744318008423
6000,mha,123,4,11,0.07808756828308105,0.061839669942855835,1.2201744318008423
6000,mha,123,4,12,0.06027231737971306,0.05728289857506752,1.2201744318008423
6000,mha,123,4,13,0.03542287275195122,0.03439628332853317,1.2201744318008423
6000,mha,123,4,14,0.017702942714095116,0.024563360959291458,1.2201744318008423
6000,mha,123,4,15,0.05082957074046135,0.07447390258312225,1.2201744318008423
6000,mha,123,5,0,0.040124308317899704,0.03929279372096062,1.4214966297149658
6000,mha,123,5,1,0.025119831785559654,0.028628839179873466,1.4214966297149658
6000,mha,123,5,2,0.09834890067577362,0.08551955223083496,1.4214966297149658
6000,mha,123,5,3,0.052098795771598816,0.07198560982942581,1.4214966297149658
6000,mha,123,5,4,0.04118642210960388,0.05341193452477455,1.4214966297149658
6000,mha,123,5,5,0.05291147902607918,0.057076726108789444,1.4214966297149658
6000,mha,123,5,6,0.05126668140292168,0.0362248532474041,1.4214966297149658
6000,mha,123,5,7,0.06978851556777954,0.0592426173388958,1.4214966297149658
6000,mha,123,5,8,0.07693033665418625,0.07025811821222305,1.4214966297149658
6000,mha,123,5,9,0.09918273985385895,0.10991302132606506,1.4214966297149658
6000,mha,123,5,10,0.030110778287053108,0.043235909193754196,1.4214966297149658
6000,mha,123,5,11,0.09641458839178085,0.07299398630857468,1.4214966297149658
6000,mha,123,5,12,0.05171091854572296,0.06846766173839569,1.4214966297149658
6000,mha,123,5,13,0.056641846895217896,0.05091555044054985,1.4214966297149658
6000,mha,123,5,14,0.06407521665096283,0.06359553337097168,1.4214966297149658
6000,mha,123,5,15,0.09408864378929138,0.08923732489347458,1.4214966297149658
6500,mha,123,1,0,0.05113108456134796,0.05622267350554466,2.1236894130706787
6500,mha,123,1,1,0.07104227691888809,0.06466729193925858,2.1236894130706787
6500,mha,123,1,2,0.04272165894508362,0.051548466086387634,2.1236894130706787
6500,mha,123,1,3,0.05084645748138428,0.050928473472595215,2.1236894130706787
6500,mha,123,1,4,0.07432566583156586,0.06074864789843559,2.1236894130706787
6500,mha,123,1,5,0.06746917963027954,0.06950460374355316,2.1236894130706787
6500,mha,123,1,6,0.06344889104366302,0.06475793570280075,2.1236894130706787
6500,mha,123,1,7,0.058321837335824966,0.054690998047590256,2.1236894130706787
6500,mha,123,1,8,0.0658104419708252,0.07256219536066055,2.1236894130706787
6500,mha,123,1,9,0.06847239285707474,0.06785114854574203,2.1236894130706787
6500,mha,123,1,10,0.06279968470335007,0.06176150590181351,2.1236894130706787
6500,mha,123,1,11,0.06554382294416428,0.0631127581000328,2.1236894130706787
6500,mha,123,1,12,0.06932057440280914,0.0691765695810318,2.1236894130706787
6500,mha,123,1,13,0.05801635608077049,0.07064840942621231,2.1236894130706787
6500,mha,123,1,14,0.059613849967718124,0.059167224913835526,2.1236894130706787
6500,mha,123,1,15,0.07111582159996033,0.06265098601579666,2.1236894130706787
6500,mha,123,2,0,0.06927093863487244,0.061532020568847656,1.6893949508666992
6500,mha,123,2,1,0.06166849657893181,0.061197008937597275,1.6893949508666992
6500,mha,123,2,2,0.08527476340532303,0.07557190954685211,1.6893949508666992
6500,mha,123,2,3,0.055659689009189606,0.06059305742383003,1.6893949508666992
6500,mha,123,2,4,0.060276590287685394,0.06047094240784645,1.6893949508666992
6500,mha,123,2,5,0.04244832322001457,0.062447212636470795,1.6893949508666992
6500,mha,123,2,6,0.06985066831111908,0.06270265579223633,1.6893949508666992
6500,mha,123,2,7,0.06254536658525467,0.057103633880615234,1.6893949508666992
6500,mha,123,2,8,0.05517435818910599,0.05589911714196205,1.6893949508666992
6500,mha,123,2,9,0.0756746456027031,0.06291336566209793,1.6893949508666992
6500,mha,123,2,10,0.06638427823781967,0.0761396512389183,1.6893949508666992
6500,mha,123,2,11,0.07730550318956375,0.07833090424537659,1.6893949508666992
6500,mha,123,2,12,0.058385010808706284,0.04968928173184395,1.6893949508666992
6500,mha,123,2,13,0.04144429415464401,0.04851954057812691,1.6893949508666992
6500,mha,123,2,14,0.06038380786776543,0.07041563093662262,1.6893949508666992
6500,mha,123,2,15,0.05825327709317207,0.05647396668791771,1.6893949508666992
6500,mha,123,3,0,0.060530804097652435,0.07608623802661896,1.2914577722549438
6500,mha,123,3,1,0.05204162746667862,0.06183196231722832,1.2914577722549438
6500,mha,123,3,2,0.046817321330308914,0.04753003269433975,1.2914577722549438
6500,mha,123,3,3,0.08932861685752869,0.07786218822002411,1.2914577722549438
6500,mha,123,3,4,0.031623635441064835,0.03236499801278114,1.2914577722549438
6500,mha,123,3,5,0.08093902468681335,0.07106273621320724,1.2914577722549438
6500,mha,123,3,6,0.08312245458364487,0.0724511668086052,1.2914577722549438
6500,mha,123,3,7,0.056936442852020264,0.056646671146154404,1.2914577722549438
6500,mha,123,3,8,0.07681386172771454,0.07504723966121674,1.2914577722549438
6500,mha,123,3,9,0.08449635654687881,0.08079707622528076,1.2914577722549438
6500,mha,123,3,10,0.08693227171897888,0.09110384434461594,1.2914577722549438
6500,mha,123,3,11,0.03189432621002197,0.03833834081888199,1.2914577722549438
6500,mha,123,3,12,0.038826700299978256,0.035796333104372025,1.2914577722549438
6500,mha,123,3,13,0.05383555218577385,0.05960836261510849,1.2914577722549438
6500,mha,123,3,14,0.07566111534833908,0.0672357976436615,1.2914577722549438
6500,mha,123,3,15,0.05019988864660263,0.05623702332377434,1.2914577722549438
6500,mha,123,4,0,0.052812907844781876,0.06003929302096367,1.213660717010498
6500,mha,123,4,1,0.04377339780330658,0.0478508323431015,1.213660717010498
6500,mha,123,4,2,0.043798625469207764,0.04686390236020088,1.213660717010498
6500,mha,123,4,3,0.1061440035700798,0.1010885015130043,1.213660717010498
6500,mha,123,4,4,0.08126728981733322,0.0851203203201294,1.213660717010498
6500,mha,123,4,5,0.0727323368191719,0.06436146795749664,1.213660717010498
6500,mha,123,4,6,0.04830637574195862,0.06387584656476974,1.213660717010498
6500,mha,123,4,7,0.06476287543773651,0.07600041478872299,1.213660717010498
6500,mha,123,4,8,0.07671254128217697,0.06544873863458633,1.213660717010498
6500,mha,123,4,9,0.08404815942049026,0.0639006644487381,1.213660717010498
6500,mha,123,4,10,0.0719216912984848,0.06184845790266991,1.213660717010498
6500,mha,123,4,11,0.0807182788848877,0.06382754445075989,1.213660717010498
6500,mha,123,4,12,0.06089060381054878,0.058947380632162094,1.213660717010498
6500,mha,123,4,13,0.03616851940751076,0.0345122255384922,1.213660717010498
6500,mha,123,4,14,0.02248585969209671,0.028645474463701248,1.213660717010498
6500,mha,123,4,15,0.05345652252435684,0.07766885310411453,1.213660717010498
6500,mha,123,5,0,0.042266845703125,0.04170727729797363,1.4210691452026367
6500,mha,123,5,1,0.03099161759018898,0.03150109574198723,1.4210691452026367
6500,mha,123,5,2,0.09643452614545822,0.0828159898519516,1.4210691452026367
6500,mha,123,5,3,0.0516694150865078,0.07204082608222961,1.4210691452026367
6500,mha,123,5,4,0.03474711254239082,0.04662388935685158,1.4210691452026367
6500,mha,123,5,5,0.06368622183799744,0.06470102071762085,1.4210691452026367
6500,mha,123,5,6,0.048629555851221085,0.03786500543355942,1.4210691452026367
6500,mha,123,5,7,0.06459441781044006,0.05563440918922424,1.4210691452026367
6500,mha,123,5,8,0.07610585540533066,0.06874246150255203,1.4210691452026367
6500,mha,123,5,9,0.09998789429664612,0.1114429235458374,1.4210691452026367
6500,mha,123,5,10,0.031641338020563126,0.043619271367788315,1.4210691452026367
6500,mha,123,5,11,0.09380198270082474,0.06916134804487228,1.4210691452026367
6500,mha,123,5,12,0.05125783383846283,0.06806566566228867,1.4210691452026367
6500,mha,123,5,13,0.05286102369427681,0.04852817952632904,1.4210691452026367
6500,mha,123,5,14,0.06517486274242401,0.06562411040067673,1.4210691452026367
6500,mha,123,5,15,0.0961494967341423,0.091926708817482,1.4210691452026367
7000,mha,123,1,0,0.0662192776799202,0.060495972633361816,2.109435796737671
7000,mha,123,1,1,0.07045196741819382,0.06357188522815704,2.109435796737671
7000,mha,123,1,2,0.0449778251349926,0.053788356482982635,2.109435796737671
7000,mha,123,1,3,0.05465393140912056,0.05302201211452484,2.109435796737671
7000,mha,123,1,4,0.07059834897518158,0.05758730694651604,2.109435796737671
7000,mha,123,1,5,0.06117197498679161,0.06441638618707657,2.109435796737671
7000,mha,123,1,6,0.06999044120311737,0.07077140361070633,2.109435796737671
7000,mha,123,1,7,0.049076538532972336,0.050025392323732376,2.109435796737671
7000,mha,123,1,8,0.07633992284536362,0.0759345218539238,2.109435796737671
7000,mha,123,1,9,0.0755876675248146,0.07260268181562424,2.109435796737671
7000,mha,123,1,10,0.057610880583524704,0.05802318453788757,2.109435796737671
7000,mha,123,1,11,0.04915527254343033,0.057134635746479034,2.109435796737671
7000,mha,123,1,12,0.07301503419876099,0.07180313020944595,2.109435796737671
7000,mha,123,1,13,0.059578247368335724,0.07275933772325516,2.109435796737671
7000,mha,123,1,14,0.05166412517428398,0.056343503296375275,2.109435796737671
7000,mha,123,1,15,0.06990855187177658,0.06172030791640282,2.109435796737671
7000,mha,123,2,0,0.06909311562776566,0.06113429367542267,1.6788909435272217
7000,mha,123,2,1,0.05732543766498566,0.058125197887420654,1.6788909435272217
7000,mha,123,2,2,0.09027954190969467,0.08099298179149628,1.6788909435272217
7000,mha,123,2,3,0.061591289937496185,0.06396548449993134,1.6788909435272217
7000,mha,123,2,4,0.0595041923224926,0.06017148494720459,1.6788909435272217
7000,mha,123,2,5,0.035071514546871185,0.058232858777046204,1.6788909435272217
7000,mha,123,2,6,0.06712127476930618,0.06017233431339264,1.6788909435272217
7000,mha,123,2,7,0.06616607308387756,0.06066368147730827,1.6788909435272217
7000,mha,123,2,8,0.05825897306203842,0.05820869281888008,1.6788909435272217
7000,mha,123,2,9,0.0706322193145752,0.061730943620204926,1.6788909435272217
7000,mha,123,2,10,0.06362254172563553,0.07176337391138077,1.6788909435272217
7000,mha,123,2,11,0.07321258634328842,0.0744253396987915,1.6788909435272217
7000,mha,123,2,12,0.060165099799633026,0.05064179003238678,1.6788909435272217
7000,mha,123,2,13,0.04840230196714401,0.052792396396398544,1.6788909435272217
7000,mha,123,2,14,0.05767099931836128,0.06839471310377121,1.6788909435272217
7000,mha,123,2,15,0.061882831156253815,0.05858434736728668,1.6788909435272217
7000,mha,123,3,0,0.06008361652493477,0.07611778378486633,1.2940603494644165
7000,mha,123,3,1,0.04834950715303421,0.05868618190288544,1.2940603494644165
7000,mha,123,3,2,0.04851877689361572,0.04903277009725571,1.2940603494644165
7000,mha,123,3,3,0.09127186983823776,0.07939960062503815,1.2940603494644165
7000,mha,123,3,4,0.0323740653693676,0.033506229519844055,1.2940603494644165
7000,mha,123,3,5,0.0795484408736229,0.0713309720158577,1.2940603494644165
7000,mha,123,3,6,0.08589395880699158,0.07426228374242783,1.2940603494644165
7000,mha,123,3,7,0.05413167178630829,0.05560965836048126,1.2940603494644165
7000,mha,123,3,8,0.07539255917072296,0.0729454979300499,1.2940603494644165
7000,mha,123,3,9,0.0832475796341896,0.07928889989852905,1.2940603494644165
7000,mha,123,3,10,0.08820068091154099,0.09289241582155228,1.2940603494644165
7000,mha,123,3,11,0.03320831432938576,0.04070976749062538,1.2940603494644165
7000,mha,123,3,12,0.03838206082582474,0.035784389823675156,1.2940603494644165
7000,mha,123,3,13,0.056258950382471085,0.06084161624312401,1.2940603494644165
7000,mha,123,3,14,0.07739318907260895,0.06592930853366852,1.2940603494644165
7000,mha,123,3,15,0.0477447509765625,0.05366257205605507,1.2940603494644165
7000,mha,123,4,0,0.05261027067899704,0.06044018268585205,1.2228525876998901
7000,mha,123,4,1,0.04155619442462921,0.04603596404194832,1.2228525876998901
7000,mha,123,4,2,0.047151997685432434,0.051347147673368454,1.2228525876998901
7000,mha,123,4,3,0.10297841578722,0.09549123793840408,1.2228525876998901
7000,mha,123,4,4,0.08040618896484375,0.08474870026111603,1.2228525876998901
7000,mha,123,4,5,0.0723273754119873,0.06382421404123306,1.2228525876998901
7000,mha,123,4,6,0.04772765934467316,0.06345272809267044,1.2228525876998901
7000,mha,123,4,7,0.06411661952733994,0.07550318539142609,1.2228525876998901
7000,mha,123,4,8,0.08045399934053421,0.06946348398923874,1.2228525876998901
7000,mha,123,4,9,0.08234090358018875,0.061847832053899765,1.2228525876998901
7000,mha,123,4,10,0.07314646244049072,0.06345771998167038,1.2228525876998901
7000,mha,123,4,11,0.07647013664245605,0.06086672469973564,1.2228525876998901
7000,mha,123,4,12,0.0668620839715004,0.06358832865953445,1.2228525876998901
7000,mha,123,4,13,0.03832153230905533,0.03592461720108986,1.2228525876998901
7000,mha,123,4,14,0.02227935753762722,0.028713839128613472,1.2228525876998901
7000,mha,123,4,15,0.05125081539154053,0.07529393583536148,1.2228525876998901
7000,mha,123,5,0,0.04296966642141342,0.04200110211968422,1.413450837135315
7000,mha,123,5,1,0.026260172948241234,0.02934899367392063,1.413450837135315
7000,mha,123,5,2,0.09895101189613342,0.08708219230175018,1.413450837135315
7000,mha,123,5,3,0.05231130123138428,0.07283307611942291,1.413450837135315
7000,mha,123,5,4,0.03640075773000717,0.048724159598350525,1.413450837135315
7000,mha,123,5,5,0.05765797942876816,0.059586409479379654,1.413450837135315
7000,mha,123,5,6,0.04880340397357941,0.0366397462785244,1.413450837135315
7000,mha,123,5,7,0.07037689536809921,0.06005150452256203,1.413450837135315
7000,mha,123,5,8,0.07657135277986526,0.07038209587335587,1.413450837135315
7000,mha,123,5,9,0.09770192205905914,0.10785309970378876,1.413450837135315
7000,mha,123,5,10,0.032294414937496185,0.04532436281442642,1.413450837135315
7000,mha,123,5,11,0.09921478480100632,0.07327171415090561,1.413450837135315
7000,mha,123,5,12,0.04868123307824135,0.06690573692321777,1.413450837135315
7000,mha,123,5,13,0.05250803753733635,0.046493519097566605,1.413450837135315
7000,mha,123,5,14,0.06583943963050842,0.06599994748830795,1.413450837135315
7000,mha,123,5,15,0.09345763921737671,0.08750235289335251,1.413450837135315
7500,mha,123,1,0,0.04419545456767082,0.053438521921634674,2.0965752601623535
7500,mha,123,1,1,0.07060851901769638,0.06242544203996658,2.0965752601623535
7500,mha,123,1,2,0.05618235096335411,0.05813577026128769,2.0965752601623535
7500,mha,123,1,3,0.053048402070999146,0.051392316818237305,2.0965752601623535
7500,mha,123,1,4,0.06892069429159164,0.05706913024187088,2.0965752601623535
7500,mha,123,1,5,0.06764323264360428,0.07058349251747131,2.0965752601623535
7500,mha,123,1,6,0.062294311821460724,0.06342755258083344,2.0965752601623535
7500,mha,123,1,7,0.05769459903240204,0.05381520465016365,2.0965752601623535
7500,mha,123,1,8,0.07088897377252579,0.0717422142624855,2.0965752601623535
7500,mha,123,1,9,0.07045776396989822,0.06977470219135284,2.0965752601623535
7500,mha,123,1,10,0.0738755315542221,0.07050490379333496,2.0965752601623535
7500,mha,123,1,11,0.053744710981845856,0.0587439090013504,2.0965752601623535
7500,mha,123,1,12,0.0706438198685646,0.07052864134311676,2.0965752601623535
7500,mha,123,1,13,0.06549672782421112,0.07510031014680862,2.0965752601623535
7500,mha,123,1,14,0.04831858351826668,0.05411909148097038,2.0965752601623535
7500,mha,123,1,15,0.06598632782697678,0.0591987743973732,2.0965752601623535
7500,mha,123,2,0,0.07140584290027618,0.06235763430595398,1.6815167665481567
7500,mha,123,2,1,0.06048217788338661,0.05911269038915634,1.6815167665481567
7500,mha,123,2,2,0.0855783075094223,0.07403476536273956,1.6815167665481567
7500,mha,123,2,3,0.05967091768980026,0.06267228722572327,1.6815167665481567
7500,mha,123,2,4,0.05539693310856819,0.05886659026145935,1.6815167665481567
7500,mha,123,2,5,0.041402995586395264,0.06312073022127151,1.6815167665481567
7500,mha,123,2,6,0.06781016290187836,0.060463134199380875,1.6815167665481567
7500,mha,123,2,7,0.06203277409076691,0.0576612614095211,1.6815167665481567
7500,mha,123,2,8,0.060271505266427994,0.060953255742788315,1.6815167665481567
7500,mha,123,2,9,0.0679657980799675,0.059654299169778824,1.6815167665481567
7500,mha,123,2,10,0.06475768983364105,0.07478172332048416,1.6815167665481567
7500,mha,123,2,11,0.07323689758777618,0.07375442236661911,1.6815167665481567
7500,mha,123,2,12,0.05964925140142441,0.04954168573021889,1.6815167665481567
7500,mha,123,2,13,0.04407552257180214,0.051363248378038406,1.6815167665481567
7500,mha,123,2,14,0.06207163631916046,0.07360446453094482,1.6815167665481567
7500,mha,123,2,15,0.06419158726930618,0.0580577589571476,1.6815167665481567
7500,mha,123,3,0,0.06836435943841934,0.08252599835395813,1.2976466417312622
7500,mha,123,3,1,0.04617207869887352,0.05702162906527519,1.2976466417312622
7500,mha,123,3,2,0.050321247428655624,0.050106484442949295,1.2976466417312622
7500,mha,123,3,3,0.09343292564153671,0.08074720948934555,1.2976466417312622
7500,mha,123,3,4,0.03218994289636612,0.03337663784623146,1.2976466417312622
7500,mha,123,3,5,0.07575693726539612,0.06845328956842422,1.2976466417312622
7500,mha,123,3,6,0.08362192660570145,0.07278203219175339,1.2976466417312622
7500,mha,123,3,7,0.0560118593275547,0.05444072559475899,1.2976466417312622
7500,mha,123,3,8,0.07402903586626053,0.0712476298213005,1.2976466417312622
7500,mha,123,3,9,0.08495991677045822,0.08093322068452835,1.2976466417312622
7500,mha,123,3,10,0.08910389989614487,0.0963193029165268,1.2976466417312622
7500,mha,123,3,11,0.03138213977217674,0.03840269893407822,1.2976466417312622
7500,mha,123,3,12,0.03828643634915352,0.03518849238753319,1.2976466417312622
7500,mha,123,3,13,0.05378580838441849,0.05893236771225929,1.2976466417312622
7500,mha,123,3,14,0.0742296352982521,0.0649256706237793,1.2976466417312622
7500,mha,123,3,15,0.048351846635341644,0.05459660291671753,1.2976466417312622
7500,mha,123,4,0,0.05268697068095207,0.0606696754693985,1.2319122552871704
7500,mha,123,4,1,0.04119395092129707,0.04513915255665779,1.2319122552871704
7500,mha,123,4,2,0.047448527067899704,0.05120474472641945,1.2319122552871704
7500,mha,123,4,3,0.10483337193727493,0.09769158065319061,1.2319122552871704
7500,mha,123,4,4,0.07930287718772888,0.0817255899310112,1.2319122552871704
7500,mha,123,4,5,0.07425923645496368,0.06571061164140701,1.2319122552871704
7500,mha,123,4,6,0.048356324434280396,0.06360241770744324,1.2319122552871704
7500,mha,123,4,7,0.06611501425504684,0.07787257432937622,1.2319122552871704
7500,mha,123,4,8,0.07833140343427658,0.06738439947366714,1.2319122552871704
7500,mha,123,4,9,0.0875338762998581,0.06800198554992676,1.2319122552871704
7500,mha,123,4,10,0.06926137208938599,0.05883213132619858,1.2319122552871704
7500,mha,123,4,11,0.07909026741981506,0.06456662714481354,1.2319122552871704
7500,mha,123,4,12,0.06443329155445099,0.061834800988435745,1.2319122552871704
7500,mha,123,4,13,0.035270385444164276,0.03453464061021805,1.2319122552871704
7500,mha,123,4,14,0.019961446523666382,0.026480747386813164,1.2319122552871704
7500,mha,123,4,15,0.05192169174551964,0.07474861294031143,1.2319122552871704
7500,mha,123,5,0,0.04145192354917526,0.041385866701602936,1.4312821626663208
7500,mha,123,5,1,0.02441975846886635,0.02809387817978859,1.4312821626663208
7500,mha,123,5,2,0.09698496758937836,0.08406838774681091,1.4312821626663208
7500,mha,123,5,3,0.04965098202228546,0.06933721899986267,1.4312821626663208
7500,mha,123,5,4,0.041711222380399704,0.05315878987312317,1.4312821626663208
7500,mha,123,5,5,0.05570119246840477,0.05807797610759735,1.4312821626663208
7500,mha,123,5,6,0.04747528210282326,0.03534187003970146,1.4312821626663208
7500,mha,123,5,7,0.07187693566083908,0.06095222011208534,1.4312821626663208
7500,mha,123,5,8,0.07416493445634842,0.07022520899772644,1.4312821626663208
7500,mha,123,5,9,0.09929158538579941,0.10959254205226898,1.4312821626663208
7500,mha,123,5,10,0.03294321522116661,0.045625217258930206,1.4312821626663208
7500,mha,123,5,11,0.10193430632352829,0.07584148645401001,1.4312821626663208
7500,mha,123,5,12,0.04845723509788513,0.06689217686653137,1.4312821626663208
7500,mha,123,5,13,0.05007273331284523,0.0455416738986969,1.4312821626663208
7500,mha,123,5,14,0.06889505684375763,0.06709170341491699,1.4312821626663208
7500,mha,123,5,15,0.09496866911649704,0.08877362310886383,1.4312821626663208
8000,mha,123,1,0,0.0504862479865551,0.054202161729335785,2.086484909057617
8000,mha,123,1,1,0.07153838872909546,0.06392856687307358,2.086484909057617
8000,mha,123,1,2,0.05004465579986572,0.05566408857703209,2.086484909057617
8000,mha,123,1,3,0.05179290845990181,0.05154911428689957,2.086484909057617
8000,mha,123,1,4,0.0744279995560646,0.062067992985248566,2.086484909057617
8000,mha,123,1,5,0.0604134127497673,0.06277882307767868,2.086484909057617
8000,mha,123,1,6,0.06253621727228165,0.06481289863586426,2.086484909057617
8000,mha,123,1,7,0.05877838283777237,0.05446561053395271,2.086484909057617
8000,mha,123,1,8,0.0663827508687973,0.06773009896278381,2.086484909057617
8000,mha,123,1,9,0.07058604061603546,0.07048318535089493,2.086484909057617
8000,mha,123,1,10,0.06439473479986191,0.06432259827852249,2.086484909057617
8000,mha,123,1,11,0.05796213820576668,0.06097313389182091,2.086484909057617
8000,mha,123,1,12,0.07388143241405487,0.07316551357507706,2.086484909057617
8000,mha,123,1,13,0.059489134699106216,0.07224071025848389,2.086484909057617
8000,mha,123,1,14,0.05462859943509102,0.05653073638677597,2.086484909057617
8000,mha,123,1,15,0.07265695929527283,0.06508480757474899,2.086484909057617
8000,mha,123,2,0,0.06835570931434631,0.060004934668540955,1.6555408239364624
8000,mha,123,2,1,0.05959899723529816,0.06008652225136757,1.6555408239364624
8000,mha,123,2,2,0.08886413276195526,0.07780522108078003,1.6555408239364624
8000,mha,123,2,3,0.057709045708179474,0.06378431618213654,1.6555408239364624
8000,mha,123,2,4,0.05853220447897911,0.05892477184534073,1.6555408239364624
8000,mha,123,2,5,0.04092122241854668,0.06103995069861412,1.6555408239364624
8000,mha,123,2,6,0.06528493016958237,0.05877094343304634,1.6555408239364624
8000,mha,123,2,7,0.06288085877895355,0.057893529534339905,1.6555408239364624
8000,mha,123,2,8,0.06163604557514191,0.0601830929517746,1.6555408239364624
8000,mha,123,2,9,0.06684600561857224,0.059661656618118286,1.6555408239364624
8000,mha,123,2,10,0.06740966439247131,0.07687024027109146,1.6555408239364624
8000,mha,123,2,11,0.07944132387638092,0.080243781208992,1.6555408239364624
8000,mha,123,2,12,0.06178232654929161,0.052008334547281265,1.6555408239364624
8000,mha,123,2,13,0.0425160713493824,0.049853868782520294,1.6555408239364624
8000,mha,123,2,14,0.055413614958524704,0.06457595527172089,1.6555408239364624
8000,mha,123,2,15,0.06280782073736191,0.05829285457730293,1.6555408239364624
8000,mha,123,3,0,0.06830200552940369,0.08160600811243057,1.288648009300232
8000,mha,123,3,1,0.047363076359033585,0.05776115506887436,1.288648009300232
8000,mha,123,3,2,0.05100636929273605,0.0504632331430912,1.288648009300232
8000,mha,123,3,3,0.09120473265647888,0.07803433388471603,1.288648009300232
8000,mha,123,3,4,0.03407735005021095,0.03431180492043495,1.288648009300232
8000,mha,123,3,5,0.07969675958156586,0.07182946801185608,1.288648009300232
8000,mha,123,3,6,0.08530385047197342,0.0754951760172844,1.288648009300232
8000,mha,123,3,7,0.05013539642095566,0.049988385289907455,1.288648009300232
8000,mha,123,3,8,0.07266591489315033,0.07225872576236725,1.288648009300232
8000,mha,123,3,9,0.08303111046552658,0.07818444818258286,1.288648009300232
8000,mha,123,3,10,0.09086792171001434,0.09626504778862,1.288648009300232
8000,mha,123,3,11,0.0337454229593277,0.041011374443769455,1.288648009300232
8000,mha,123,3,12,0.034310098737478256,0.03308030962944031,1.288648009300232
8000,mha,123,3,13,0.05651051923632622,0.061350904405117035,1.288648009300232
8000,mha,123,3,14,0.0738564059138298,0.06493674963712692,1.288648009300232
8000,mha,123,3,15,0.04792307689785957,0.05342290922999382,1.288648009300232
8000,mha,123,4,0,0.05277648940682411,0.059935733675956726,1.2254821062088013
8000,mha,123,4,1,0.04322672635316849,0.04735987260937691,1.2254821062088013
8000,mha,123,4,2,0.044921062886714935,0.04868055507540703,1.2254821062088013
8000,mha,123,4,3,0.10703714936971664,0.100862517952919,1.2254821062088013
8000,mha,123,4,4,0.0805714949965477,0.08500377833843231,1.2254821062088013
8000,mha,123,4,5,0.0743846669793129,0.06662528961896896,1.2254821062088013
8000,mha,123,4,6,0.0463084913790226,0.06205686554312706,1.2254821062088013
8000,mha,123,4,7,0.06632772088050842,0.07664142549037933,1.2254821062088013
8000,mha,123,4,8,0.08102244138717651,0.0694502666592598,1.2254821062088013
8000,mha,123,4,9,0.08777303248643875,0.06703957915306091,1.2254821062088013
8000,mha,123,4,10,0.06990692019462585,0.06027562543749809,1.2254821062088013
8000,mha,123,4,11,0.07814331352710724,0.06303481757640839,1.2254821062088013
8000,mha,123,4,12,0.06267914175987244,0.05976974591612816,1.2254821062088013
8000,mha,123,4,13,0.033745117485523224,0.0332014299929142,1.2254821062088013
8000,mha,123,4,14,0.020039163529872894,0.026411011815071106,1.2254821062088013
8000,mha,123,4,15,0.051137086004018784,0.0736515074968338,1.2254821062088013
8000,mha,123,5,0,0.04229380190372467,0.0419229120016098,1.4187334775924683
8000,mha,123,5,1,0.031310830265283585,0.03168477863073349,1.4187334775924683
8000,mha,123,5,2,0.10159017145633698,0.09071612358093262,1.4187334775924683
8000,mha,123,5,3,0.04960418865084648,0.069324791431427,1.4187334775924683
8000,mha,123,5,4,0.035756226629018784,0.048225440084934235,1.4187334775924683
8000,mha,123,5,5,0.05857503414154053,0.061240311712026596,1.4187334775924683
8000,mha,123,5,6,0.04798787459731102,0.03607480600476265,1.4187334775924683
8000,mha,123,5,7,0.06771504878997803,0.0580805204808712,1.4187334775924683
8000,mha,123,5,8,0.07413686066865921,0.06899900734424591,1.4187334775924683
8000,mha,123,5,9,0.10015604645013809,0.10886332392692566,1.4187334775924683
8000,mha,123,5,10,0.030398152768611908,0.04375660419464111,1.4187334775924683
8000,mha,123,5,11,0.10282887518405914,0.07595546543598175,1.4187334775924683
8000,mha,123,5,12,0.04653839021921158,0.06551779061555862,1.4187334775924683
8000,mha,123,5,13,0.05402689799666405,0.04754331707954407,1.4187334775924683
8000,mha,123,5,14,0.06421203911304474,0.06463448703289032,1.4187334775924683
8000,mha,123,5,15,0.09286956489086151,0.08746038377285004,1.4187334775924683
8500,mha,123,1,0,0.05465148761868477,0.05732419341802597,2.050562858581543
8500,mha,123,1,1,0.06738270819187164,0.06158290058374405,2.050562858581543
8500,mha,123,1,2,0.05216105282306671,0.055719636380672455,2.050562858581543
8500,mha,123,1,3,0.05327097699046135,0.05227470025420189,2.050562858581543
8500,mha,123,1,4,0.07407104223966599,0.06182970851659775,2.050562858581543
8500,mha,123,1,5,0.062198180705308914,0.06646084785461426,2.050562858581543
8500,mha,123,1,6,0.0707550048828125,0.06890410929918289,2.050562858581543
8500,mha,123,1,7,0.0525493361055851,0.05112079903483391,2.050562858581543
8500,mha,123,1,8,0.06773833930492401,0.07338589429855347,2.050562858581543
8500,mha,123,1,9,0.07113423943519592,0.0692678689956665,2.050562858581543
8500,mha,123,1,10,0.062196046113967896,0.06170901656150818,2.050562858581543
8500,mha,123,1,11,0.05358835682272911,0.05886557325720787,2.050562858581543
8500,mha,123,1,12,0.06972961127758026,0.07096021622419357,2.050562858581543
8500,mha,123,1,13,0.058417562395334244,0.0705927312374115,2.050562858581543
8500,mha,123,1,14,0.05856689438223839,0.057242728769779205,2.050562858581543
8500,mha,123,1,15,0.0715891495347023,0.06275904923677444,2.050562858581543
8500,mha,123,2,0,0.08136861026287079,0.06742633879184723,1.637799859046936
8500,mha,123,2,1,0.06398814171552658,0.06418459862470627,1.637799859046936
8500,mha,123,2,2,0.08960876613855362,0.07903739809989929,1.637799859046936
8500,mha,123,2,3,0.05814758315682411,0.06311061978340149,1.637799859046936
8500,mha,123,2,4,0.04958160221576691,0.05218316987156868,1.637799859046936
8500,mha,123,2,5,0.03192809969186783,0.05553952604532242,1.637799859046936
8500,mha,123,2,6,0.06848480552434921,0.061675623059272766,1.637799859046936
8500,mha,123,2,7,0.0617351271212101,0.05721617862582207,1.637799859046936
8500,mha,123,2,8,0.05549255385994911,0.055072467774152756,1.637799859046936
8500,mha,123,2,9,0.07086629420518875,0.06158832460641861,1.637799859046936
8500,mha,123,2,10,0.06844126433134079,0.07818061858415604,1.637799859046936
8500,mha,123,2,11,0.0759207159280777,0.07674187421798706,1.637799859046936
8500,mha,123,2,12,0.05994231998920441,0.05030329152941704,1.637799859046936
8500,mha,123,2,13,0.04669443890452385,0.05231339484453201,1.637799859046936
8500,mha,123,2,14,0.05598042905330658,0.06675533950328827,1.637799859046936
8500,mha,123,2,15,0.061819255352020264,0.05867107957601547,1.637799859046936
8500,mha,123,3,0,0.06384653598070145,0.07899872958660126,1.2787070274353027
8500,mha,123,3,1,0.04812276363372803,0.05771303176879883,1.2787070274353027
8500,mha,123,3,2,0.04954518750309944,0.04972779378294945,1.2787070274353027
8500,mha,123,3,3,0.08780629187822342,0.07658123970031738,1.2787070274353027
8500,mha,123,3,4,0.03670979663729668,0.03527039662003517,1.2787070274353027
8500,mha,123,3,5,0.0818704217672348,0.07479868829250336,1.2787070274353027
8500,mha,123,3,6,0.08715901523828506,0.07680439203977585,1.2787070274353027
8500,mha,123,3,7,0.053199462592601776,0.053159020841121674,1.2787070274353027
8500,mha,123,3,8,0.07833313196897507,0.0759187638759613,1.2787070274353027
8500,mha,123,3,9,0.08271199464797974,0.07823005318641663,1.2787070274353027
8500,mha,123,3,10,0.09019988775253296,0.09482306987047195,1.2787070274353027
8500,mha,123,3,11,0.030545348301529884,0.03706194832921028,1.2787070274353027
8500,mha,123,3,12,0.03419047221541405,0.03308100253343582,1.2787070274353027
8500,mha,123,3,13,0.05427602306008339,0.060215435922145844,1.2787070274353027
8500,mha,123,3,14,0.07385741919279099,0.06480520963668823,1.2787070274353027
8500,mha,123,3,15,0.04762624204158783,0.052811138331890106,1.2787070274353027
8500,mha,123,4,0,0.05140991136431694,0.058410994708538055,1.2238565683364868
8500,mha,123,4,1,0.04293986037373543,0.04681885242462158,1.2238565683364868
8500,mha,123,4,2,0.047000426799058914,0.05137510597705841,1.2238565683364868
8500,mha,123,4,3,0.10817556083202362,0.10146629810333252,1.2238565683364868
8500,mha,123,4,4,0.08028188347816467,0.08190333843231201,1.2238565683364868
8500,mha,123,4,5,0.07240234315395355,0.06499502807855606,1.2238565683364868
8500,mha,123,4,6,0.044997964054346085,0.06147127225995064,1.2238565683364868
8500,mha,123,4,7,0.06487935036420822,0.0756373479962349,1.2238565683364868
8500,mha,123,4,8,0.08125152438879013,0.069752536714077,1.2238565683364868
8500,mha,123,4,9,0.08580657839775085,0.06817919760942459,1.2238565683364868
8500,mha,123,4,10,0.06675445288419724,0.057787083089351654,1.2238565683364868
8500,mha,123,4,11,0.0774574801325798,0.06135370954871178,1.2238565683364868
8500,mha,123,4,12,0.06464263796806335,0.06156846508383751,1.2238565683364868
8500,mha,123,4,13,0.037850137799978256,0.035866472870111465,1.2238565683364868
8500,mha,123,4,14,0.021382039412856102,0.027653420343995094,1.2238565683364868
8500,mha,123,4,15,0.05276784300804138,0.07576095312833786,1.2238565683364868
8500,mha,123,5,0,0.043309833854436874,0.04258956387639046,1.4187276363372803
8500,mha,123,5,1,0.030499571934342384,0.031249690800905228,1.4187276363372803
8500,mha,123,5,2,0.09847167879343033,0.08653915673494339,1.4187276363372803
8500,mha,123,5,3,0.05113210156559944,0.07089192420244217,1.4187276363372803
8500,mha,123,5,4,0.0369059257209301,0.04902154579758644,1.4187276363372803
8500,mha,123,5,5,0.057907409965991974,0.06025774031877518,1.4187276363372803
8500,mha,123,5,6,0.04725504666566849,0.036441411823034286,1.4187276363372803
8500,mha,123,5,7,0.07147002965211868,0.060529835522174835,1.4187276363372803
8500,mha,123,5,8,0.07027231901884079,0.0660499855875969,1.4187276363372803
8500,mha,123,5,9,0.0988234430551529,0.1078827902674675,1.4187276363372803
8500,mha,123,5,10,0.03137959912419319,0.04469602555036545,1.4187276363372803
8500,mha,123,5,11,0.10387349128723145,0.07793617248535156,1.4187276363372803
8500,mha,123,5,12,0.04619842395186424,0.06528938561677933,1.4187276363372803
8500,mha,123,5,13,0.055345866829156876,0.04882081598043442,1.4187276363372803
8500,mha,123,5,14,0.06407928466796875,0.06493189185857773,1.4187276363372803
8500,mha,123,5,15,0.09307596832513809,0.08687198907136917,1.4187276363372803
9000,mha,123,1,0,0.05109568312764168,0.05547354370355606,2.0434346199035645
9000,mha,123,1,1,0.06795267760753632,0.06274302303791046,2.0434346199035645
9000,mha,123,1,2,0.055375367403030396,0.0550001859664917,2.0434346199035645
9000,mha,123,1,3,0.04724273830652237,0.049212995916604996,2.0434346199035645
9000,mha,123,1,4,0.07116760313510895,0.05943875014781952,2.0434346199035645
9000,mha,123,1,5,0.06609263271093369,0.07054297626018524,2.0434346199035645
9000,mha,123,1,6,0.0629049688577652,0.065352663397789,2.0434346199035645
9000,mha,123,1,7,0.06522410362958908,0.05701913312077522,2.0434346199035645
9000,mha,123,1,8,0.06829813867807388,0.07351890951395035,2.0434346199035645
9000,mha,123,1,9,0.06879394501447678,0.06683216989040375,2.0434346199035645
9000,mha,123,1,10,0.06295105069875717,0.06364219635725021,2.0434346199035645
9000,mha,123,1,11,0.05508311092853546,0.05997315049171448,2.0434346199035645
9000,mha,123,1,12,0.06937957555055618,0.07094479352235794,2.0434346199035645
9000,mha,123,1,13,0.05835510417819023,0.07006625086069107,2.0434346199035645
9000,mha,123,1,14,0.06033274158835411,0.057811520993709564,2.0434346199035645
9000,mha,123,1,15,0.06975056976079941,0.06242777407169342,2.0434346199035645
9000,mha,123,2,0,0.05905415862798691,0.05486485734581947,1.6400763988494873
9000,mha,123,2,1,0.06288085877895355,0.062363769859075546,1.6400763988494873
9000,mha,123,2,2,0.08855661749839783,0.07863639295101166,1.6400763988494873
9000,mha,123,2,3,0.057197876274585724,0.06168792024254799,1.6400763988494873
9000,mha,123,2,4,0.05964263901114464,0.059197209775447845,1.6400763988494873
9000,mha,123,2,5,0.04322062060236931,0.06278020143508911,1.6400763988494873
9000,mha,123,2,6,0.07097025215625763,0.0628897026181221,1.6400763988494873
9000,mha,123,2,7,0.06527547538280487,0.05913557857275009,1.6400763988494873
9000,mha,123,2,8,0.05777394771575928,0.05765806883573532,1.6400763988494873
9000,mha,123,2,9,0.06958252191543579,0.06033977493643761,1.6400763988494873
9000,mha,123,2,10,0.06525665521621704,0.07529811561107635,1.6400763988494873
9000,mha,123,2,11,0.07738891243934631,0.07858718931674957,1.6400763988494873
9000,mha,123,2,12,0.05904551222920418,0.05010240525007248,1.6400763988494873
9000,mha,123,2,13,0.04356679320335388,0.05067767947912216,1.6400763988494873
9000,mha,123,2,14,0.053807780146598816,0.06454245746135712,1.6400763988494873
9000,mha,123,2,15,0.06677937507629395,0.061238594353199005,1.6400763988494873
9000,mha,123,3,0,0.05905802547931671,0.07610926777124405,1.2733283042907715
9000,mha,123,3,1,0.047155559062957764,0.05618293583393097,1.2733283042907715
9000,mha,123,3,2,0.04866892471909523,0.04944254457950592,1.2733283042907715
9000,mha,123,3,3,0.09093261510133743,0.07826151698827744,1.2733283042907715
9000,mha,123,3,4,0.033439330756664276,0.032842811197042465,1.2733283042907715
9000,mha,123,3,5,0.0800463855266571,0.07222159951925278,1.2733283042907715
9000,mha,123,3,6,0.08483906835317612,0.0734257698059082,1.2733283042907715
9000,mha,123,3,7,0.053888142108917236,0.052466895431280136,1.2733283042907715
9000,mha,123,3,8,0.07681833952665329,0.074965700507164,1.2733283042907715
9000,mha,123,3,9,0.08653808385133743,0.08437288552522659,1.2733283042907715
9000,mha,123,3,10,0.08978962898254395,0.09456527978181839,1.2733283042907715
9000,mha,123,3,11,0.030957845970988274,0.03816535696387291,1.2733283042907715
9000,mha,123,3,12,0.036819152534008026,0.03470183536410332,1.2733283042907715
9000,mha,123,3,13,0.05614084750413895,0.062483470886945724,1.2733283042907715
9000,mha,123,3,14,0.07456176728010178,0.06332360208034515,1.2733283042907715
9000,mha,123,3,15,0.05034627392888069,0.05646849423646927,1.2733283042907715
9000,mha,123,4,0,0.05142669752240181,0.05835872143507004,1.236681342124939
9000,mha,123,4,1,0.041653238236904144,0.04623950645327568,1.236681342124939
9000,mha,123,4,2,0.043098755180835724,0.04699239507317543,1.236681342124939
9000,mha,123,4,3,0.10661997646093369,0.09913375228643417,1.236681342124939
9000,mha,123,4,4,0.07921671867370605,0.08138623833656311,1.236681342124939
9000,mha,123,4,5,0.07204721868038177,0.06550104171037674,1.236681342124939
9000,mha,123,4,6,0.045056965202093124,0.06140866130590439,1.236681342124939
9000,mha,123,4,7,0.06868112832307816,0.08013029396533966,1.236681342124939
9000,mha,123,4,8,0.0796126276254654,0.0675496757030487,1.236681342124939
9000,mha,123,4,9,0.08299794793128967,0.06508663296699524,1.236681342124939
9000,mha,123,4,10,0.071087546646595,0.06155617535114288,1.236681342124939
9000,mha,123,4,11,0.08232808113098145,0.06684970110654831,1.236681342124939
9000,mha,123,4,12,0.06257609277963638,0.05966160446405411,1.236681342124939
9000,mha,123,4,13,0.03934377059340477,0.03812012821435928,1.236681342124939
9000,mha,123,4,14,0.022932739928364754,0.028917880728840828,1.236681342124939
9000,mha,123,4,15,0.05132049694657326,0.07310755550861359,1.236681342124939
9000,mha,123,5,0,0.04262736067175865,0.04109290987253189,1.4098222255706787
9000,mha,123,5,1,0.033103130757808685,0.03236818686127663,1.4098222255706787
9000,mha,123,5,2,0.09930378943681717,0.08842109143733978,1.4098222255706787
9000,mha,123,5,3,0.047899577766656876,0.06806592643260956,1.4098222255706787
9000,mha,123,5,4,0.03510986268520355,0.04606126621365547,1.4098222255706787
9000,mha,123,5,5,0.054140523076057434,0.05843484774231911,1.4098222255706787
9000,mha,123,5,6,0.04608113691210747,0.03654048964381218,1.4098222255706787
9000,mha,123,5,7,0.06959716975688934,0.05910734832286835,1.4098222255706787
9000,mha,123,5,8,0.07204315066337585,0.06756630539894104,1.4098222255706787
9000,mha,123,5,9,0.1042335033416748,0.11414983123540878,1.4098222255706787
9000,mha,123,5,10,0.031883951276540756,0.04428665339946747,1.4098222255706787
9000,mha,123,5,11,0.10194305330514908,0.07428272813558578,1.4098222255706787
9000,mha,123,5,12,0.0498485304415226,0.06857456266880035,1.4098222255706787
9000,mha,123,5,13,0.05535410717129707,0.04720976948738098,1.4098222255706787
9000,mha,123,5,14,0.06418487429618835,0.0660046860575676,1.4098222255706787
9000,mha,123,5,15,0.0926462784409523,0.0878334641456604,1.4098222255706787
9500,mha,123,1,0,0.04947265610098839,0.05357919633388519,2.028430700302124
9500,mha,123,1,1,0.0706837996840477,0.06431081146001816,2.028430700302124
9500,mha,123,1,2,0.055946554988622665,0.055275630205869675,2.028430700302124
9500,mha,123,1,3,0.05612732097506523,0.05394060164690018,2.028430700302124
9500,mha,123,1,4,0.07318390160799026,0.0620504692196846,2.028430700302124
9500,mha,123,1,5,0.05937846004962921,0.06253200769424438,2.028430700302124
9500,mha,123,1,6,0.06252319365739822,0.06282522529363632,2.028430700302124
9500,mha,123,1,7,0.055644530802965164,0.0530565120279789,2.028430700302124
9500,mha,123,1,8,0.06621124595403671,0.07169950753450394,2.028430700302124
9500,mha,123,1,9,0.06951548159122467,0.06853891164064407,2.028430700302124
9500,mha,123,1,10,0.06515400856733322,0.0647619292140007,2.028430700302124
9500,mha,123,1,11,0.05824635922908783,0.061180081218481064,2.028430700302124
9500,mha,123,1,12,0.06898275017738342,0.0703919306397438,2.028430700302124
9500,mha,123,1,13,0.0648307278752327,0.07761364430189133,2.028430700302124
9500,mha,123,1,14,0.051856689155101776,0.0535334087908268,2.028430700302124
9500,mha,123,1,15,0.07224232703447342,0.06471012532711029,2.028430700302124
9500,mha,123,2,0,0.06979339569807053,0.06095316633582115,1.6176060438156128
9500,mha,123,2,1,0.06352050602436066,0.06302618980407715,1.6176060438156128
9500,mha,123,2,2,0.08764750510454178,0.07689468562602997,1.6176060438156128
9500,mha,123,2,3,0.05830423906445503,0.06438994407653809,1.6176060438156128
9500,mha,123,2,4,0.056610818952322006,0.057577189058065414,1.6176060438156128
9500,mha,123,2,5,0.033345337957143784,0.05659269914031029,1.6176060438156128
9500,mha,123,2,6,0.06965993344783783,0.06166106089949608,1.6176060438156128
9500,mha,123,2,7,0.06582275032997131,0.05989275127649307,1.6176060438156128
9500,mha,123,2,8,0.05962555110454559,0.05924383923411369,1.6176060438156128
9500,mha,123,2,9,0.07407663762569427,0.06396888196468353,1.6176060438156128
9500,mha,123,2,10,0.06710653007030487,0.07715956121683121,1.6176060438156128
9500,mha,123,2,11,0.0764828473329544,0.07620261609554291,1.6176060438156128
9500,mha,123,2,12,0.054131366312503815,0.04577435553073883,1.6176060438156128
9500,mha,123,2,13,0.043151143938302994,0.05018864572048187,1.6176060438156128
9500,mha,123,2,14,0.053916219621896744,0.06420356035232544,1.6176060438156128
9500,mha,123,2,15,0.06680521368980408,0.062270890921354294,1.6176060438156128
9500,mha,123,3,0,0.06251698732376099,0.07781551033258438,1.2606682777404785
9500,mha,123,3,1,0.04712270200252533,0.058138296008110046,1.2606682777404785
9500,mha,123,3,2,0.048099059611558914,0.04884124547243118,1.2606682777404785
9500,mha,123,3,3,0.08966705203056335,0.0772981122136116,1.2606682777404785
9500,mha,123,3,4,0.035498861223459244,0.0348106324672699,1.2606682777404785
9500,mha,123,3,5,0.07992798089981079,0.07107319682836533,1.2606682777404785
9500,mha,123,3,6,0.0888824462890625,0.07741866260766983,1.2606682777404785
9500,mha,123,3,7,0.05753377452492714,0.05607910081744194,1.2606682777404785
9500,mha,123,3,8,0.0749473050236702,0.07346697151660919,1.2606682777404785
9500,mha,123,3,9,0.08536112308502197,0.08434192836284637,1.2606682777404785
9500,mha,123,3,10,0.08806487917900085,0.09242254495620728,1.2606682777404785
9500,mha,123,3,11,0.031046854332089424,0.03728602081537247,1.2606682777404785
9500,mha,123,3,12,0.03459818661212921,0.034041713923215866,1.2606682777404785
9500,mha,123,3,13,0.05545186251401901,0.0610504075884819,1.2606682777404785
9500,mha,123,3,14,0.07497924566268921,0.06341387331485748,1.2606682777404785
9500,mha,123,3,15,0.04630167782306671,0.05250178650021553,1.2606682777404785
9500,mha,123,4,0,0.05043385922908783,0.057395946234464645,1.2201933860778809
9500,mha,123,4,1,0.04244394972920418,0.04706362262368202,1.2201933860778809
9500,mha,123,4,2,0.044630635529756546,0.049172788858413696,1.2201933860778809
9500,mha,123,4,3,0.10633981972932816,0.09906835108995438,1.2201933860778809
9500,mha,123,4,4,0.08164927363395691,0.08616458624601364,1.2201933860778809
9500,mha,123,4,5,0.07131632417440414,0.06337206810712814,1.2201933860778809
9500,mha,123,4,6,0.0467408262193203,0.06236439570784569,1.2201933860778809
9500,mha,123,4,7,0.06797973811626434,0.07915064692497253,1.2201933860778809
9500,mha,123,4,8,0.0831044539809227,0.07213668525218964,1.2201933860778809
9500,mha,123,4,9,0.08416157960891724,0.06445266306400299,1.2201933860778809
9500,mha,123,4,10,0.07179179042577744,0.061426449567079544,1.2201933860778809
9500,mha,123,4,11,0.07922566682100296,0.06332727521657944,1.2201933860778809
9500,mha,123,4,12,0.061857402324676514,0.059496115893125534,1.2201933860778809
9500,mha,123,4,13,0.03740234300494194,0.03578529134392738,1.2201933860778809
9500,mha,123,4,14,0.020399272441864014,0.02652672864496708,1.2201933860778809
9500,mha,123,4,15,0.050523072481155396,0.07309630513191223,1.2201933860778809
9500,mha,123,5,0,0.04157267138361931,0.040758490562438965,1.4100457429885864
9500,mha,123,5,1,0.029946593567728996,0.030073313042521477,1.4100457429885864
9500,mha,123,5,2,0.09866048395633698,0.08877848833799362,1.4100457429885864
9500,mha,123,5,3,0.05085693299770355,0.07044850289821625,1.4100457429885864
9500,mha,123,5,4,0.03628122806549072,0.04706845432519913,1.4100457429885864
9500,mha,123,5,5,0.057713624089956284,0.060673587024211884,1.4100457429885864
9500,mha,123,5,6,0.04738627001643181,0.03833246976137161,1.4100457429885864
9500,mha,123,5,7,0.06969279050827026,0.05932660400867462,1.4100457429885864
9500,mha,123,5,8,0.07305226475000381,0.06896088272333145,1.4100457429885864
9500,mha,123,5,9,0.0995992049574852,0.10652130097150803,1.4100457429885864
9500,mha,123,5,10,0.03163604810833931,0.045170173048973083,1.4100457429885864
9500,mha,123,5,11,0.10136555880308151,0.07628588378429413,1.4100457429885864
9500,mha,123,5,12,0.04970957338809967,0.06791487336158752,1.4100457429885864
9500,mha,123,5,13,0.05595652386546135,0.04744624346494675,1.4100457429885864
9500,mha,123,5,14,0.0630110651254654,0.06352625787258148,1.4100457429885864
9500,mha,123,5,15,0.0935591608285904,0.0887143686413765,1.4100457429885864
10000,mha,123,1,0,0.05126658082008362,0.05468091368675232,2.014784336090088
10000,mha,123,1,1,0.0707848072052002,0.06479889899492264,2.014784336090088
10000,mha,123,1,2,0.06205149367451668,0.058243438601493835,2.014784336090088
10000,mha,123,1,3,0.05011891573667526,0.05000666156411171,2.014784336090088
10000,mha,123,1,4,0.07039489597082138,0.059509504586458206,2.014784336090088
10000,mha,123,1,5,0.06442077457904816,0.06783376634120941,2.014784336090088
10000,mha,123,1,6,0.06017506867647171,0.06519151479005814,2.014784336090088
10000,mha,123,1,7,0.05729014053940773,0.05309051647782326,2.014784336090088
10000,mha,123,1,8,0.0644461065530777,0.07112476229667664,2.014784336090088
10000,mha,123,1,9,0.06953399628400803,0.06841200590133667,2.014784336090088
10000,mha,123,1,10,0.06195821240544319,0.06283589452505112,2.014784336090088
10000,mha,123,1,11,0.06107116863131523,0.06336669623851776,2.014784336090088
10000,mha,123,1,12,0.06549529731273651,0.06785501539707184,2.014784336090088
10000,mha,123,1,13,0.060220032930374146,0.07260528206825256,2.014784336090088
10000,mha,123,1,14,0.05908681079745293,0.05765329301357269,2.014784336090088
10000,mha,123,1,15,0.07168568670749664,0.06279177218675613,2.014784336090088
10000,mha,123,2,0,0.07549682259559631,0.06425779312849045,1.617864727973938
10000,mha,123,2,1,0.058529969304800034,0.05936083570122719,1.617864727973938
10000,mha,123,2,2,0.0885092169046402,0.07685187458992004,1.617864727973938
10000,mha,123,2,3,0.0615316778421402,0.0657469853758812,1.617864727973938
10000,mha,123,2,4,0.054862670600414276,0.05600154399871826,1.617864727973938
10000,mha,123,2,5,0.031840819865465164,0.05523763597011566,1.617864727973938
10000,mha,123,2,6,0.0687960833311081,0.06113928556442261,1.617864727973938
10000,mha,123,2,7,0.06508595496416092,0.059995733201503754,1.617864727973938
10000,mha,123,2,8,0.0597585029900074,0.05965016782283783,1.617864727973938
10000,mha,123,2,9,0.07268493622541428,0.06464039534330368,1.617864727973938
10000,mha,123,2,10,0.06358042359352112,0.073527492582798,1.617864727973938
10000,mha,123,2,11,0.07699676603078842,0.0768895149230957,1.617864727973938
10000,mha,123,2,12,0.05554463714361191,0.04641474783420563,1.617864727973938
10000,mha,123,2,13,0.04616353288292885,0.05286293849349022,1.617864727973938
10000,mha,123,2,14,0.055090535432100296,0.06590623408555984,1.617864727973938
10000,mha,123,2,15,0.06552744656801224,0.061516787856817245,1.617864727973938
10000,mha,123,3,0,0.06124887987971306,0.07688426226377487,1.2716424465179443
10000,mha,123,3,1,0.04604685306549072,0.05658133700489998,1.2716424465179443
10000,mha,123,3,2,0.04902038723230362,0.05008508637547493,1.2716424465179443
10000,mha,123,3,3,0.09191212803125381,0.08028986304998398,1.2716424465179443
10000,mha,123,3,4,0.03298136219382286,0.03277259320020676,1.2716424465179443
10000,mha,123,3,5,0.08152160793542862,0.07351301610469818,1.2716424465179443
10000,mha,123,3,6,0.08731333166360855,0.07637573778629303,1.2716424465179443
10000,mha,123,3,7,0.05546305328607559,0.05353187024593353,1.2716424465179443
10000,mha,123,3,8,0.07241638004779816,0.07108566164970398,1.2716424465179443
10000,mha,123,3,9,0.0843149796128273,0.0796668529510498,1.2716424465179443
10000,mha,123,3,10,0.09130625426769257,0.0957256481051445,1.2716424465179443
10000,mha,123,3,11,0.030790608376264572,0.03823965787887573,1.2716424465179443
10000,mha,123,3,12,0.037391867488622665,0.03533168509602547,1.2716424465179443
10000,mha,123,3,13,0.05863393098115921,0.06429331749677658,1.2716424465179443
10000,mha,123,3,14,0.07433909177780151,0.06485163420438766,1.2716424465179443
10000,mha,123,3,15,0.04529927670955658,0.050771597772836685,1.2716424465179443
10000,mha,123,4,0,0.04982157424092293,0.056885190308094025,1.2310974597930908
10000,mha,123,4,1,0.04229370132088661,0.04610518738627434,1.2310974597930908
10000,mha,123,4,2,0.04319651424884796,0.04728710651397705,1.2310974597930908
10000,mha,123,4,3,0.1061038225889206,0.09787610918283463,1.2310974597930908
10000,mha,123,4,4,0.07854553312063217,0.08010847121477127,1.2310974597930908
10000,mha,123,4,5,0.07495839148759842,0.06618940085172653,1.2310974597930908
10000,mha,123,4,6,0.04862324893474579,0.06581845879554749,1.2310974597930908
10000,mha,123,4,7,0.06674835085868835,0.07822517305612564,1.2310974597930908
10000,mha,123,4,8,0.08439412713050842,0.0723690539598465,1.2310974597930908
10000,mha,123,4,9,0.08455495536327362,0.06725659966468811,1.2310974597930908
10000,mha,123,4,10,0.07061970978975296,0.061524491757154465,1.2310974597930908
10000,mha,123,4,11,0.07804636657238007,0.06252460181713104,1.2310974597930908
10000,mha,123,4,12,0.06434448063373566,0.061950359493494034,1.2310974597930908
10000,mha,123,4,13,0.0335775762796402,0.033725555986166,1.2310974597930908
10000,mha,123,4,14,0.02264811284840107,0.028648294508457184,1.2310974597930908
10000,mha,123,4,15,0.051523540169000626,0.07350610941648483,1.2310974597930908
10000,mha,123,5,0,0.040964558720588684,0.04083430767059326,1.406443476676941
10000,mha,123,5,1,0.030860697850584984,0.030717117711901665,1.406443476676941
10000,mha,123,5,2,0.09726104885339737,0.08540915697813034,1.406443476676941
10000,mha,123,5,3,0.0485878512263298,0.06853872537612915,1.406443476676941
10000,mha,123,5,4,0.038290709257125854,0.04896657168865204,1.406443476676941
10000,mha,123,5,5,0.060394998639822006,0.0624956376850605,1.406443476676941
10000,mha,123,5,6,0.046893514692783356,0.03755345568060875,1.406443476676941
10000,mha,123,5,7,0.07359883934259415,0.06346132606267929,1.406443476676941
10000,mha,123,5,8,0.07516815513372421,0.07130145281553268,1.406443476676941
10000,mha,123,5,9,0.1015886440873146,0.10869690030813217,1.406443476676941
10000,mha,123,5,10,0.030602212995290756,0.04335135594010353,1.406443476676941
10000,mha,123,5,11,0.10030059516429901,0.07460325956344604,1.406443476676941
10000,mha,123,5,12,0.047894999384880066,0.06700152903795242,1.406443476676941
10000,mha,123,5,13,0.052780862897634506,0.0461839884519577,1.406443476676941
10000,mha,123,5,14,0.06429168581962585,0.06658878922462463,1.406443476676941
10000,mha,123,5,15,0.09052062779664993,0.08429622650146484,1.406443476676941
10500,mha,123,1,0,0.05091146007180214,0.05289819464087486,2.0003085136413574
10500,mha,123,1,1,0.0661405399441719,0.06159938871860504,2.0003085136413574
10500,mha,123,1,2,0.05166666582226753,0.05425947904586792,2.0003085136413574
10500,mha,123,1,3,0.04901408031582832,0.04959704354405403,2.0003085136413574
10500,mha,123,1,4,0.07282226532697678,0.061839114874601364,2.0003085136413574
10500,mha,123,1,5,0.06107717007398605,0.06536389142274857,2.0003085136413574
10500,mha,123,1,6,0.06291839480400085,0.06365270912647247,2.0003085136413574
10500,mha,123,1,7,0.06545135378837585,0.05713715776801109,2.0003085136413574
10500,mha,123,1,8,0.07126831263303757,0.07628221064805984,2.0003085136413574
10500,mha,123,1,9,0.0730597972869873,0.071853868663311,2.0003085136413574
10500,mha,123,1,10,0.0640907809138298,0.06352049857378006,2.0003085136413574
10500,mha,123,1,11,0.055808715522289276,0.06012125685811043,2.0003085136413574
10500,mha,123,1,12,0.06624969840049744,0.0683513805270195,2.0003085136413574
10500,mha,123,1,13,0.06216023862361908,0.07390312105417252,2.0003085136413574
10500,mha,123,1,14,0.05402170866727829,0.0541929230093956,2.0003085136413574
10500,mha,123,1,15,0.0733388289809227,0.06542767584323883,2.0003085136413574
10500,mha,123,2,0,0.07447703182697296,0.06427501887083054,1.6101086139678955
10500,mha,123,2,1,0.05978352949023247,0.06023695692420006,1.6101086139678955
10500,mha,123,2,2,0.0895189419388771,0.07763895392417908,1.6101086139678955
10500,mha,123,2,3,0.0636945590376854,0.06678047776222229,1.6101086139678955
10500,mha,123,2,4,0.0568256638944149,0.05791791155934334,1.6101086139678955
10500,mha,123,2,5,0.03533477708697319,0.057625871151685715,1.6101086139678955
10500,mha,123,2,6,0.0690542608499527,0.06080500781536102,1.6101086139678955
10500,mha,123,2,7,0.057734373956918716,0.0533040314912796,1.6101086139678955
10500,mha,123,2,8,0.05925893038511276,0.0591256283223629,1.6101086139678955
10500,mha,123,2,9,0.07038096338510513,0.06266786903142929,1.6101086139678955
10500,mha,123,2,10,0.06554392725229263,0.07552403211593628,1.6101086139678955
10500,mha,123,2,11,0.08006887137889862,0.08067681640386581,1.6101086139678955
10500,mha,123,2,12,0.05624349042773247,0.047197844833135605,1.6101086139678955
10500,mha,123,2,13,0.04532226547598839,0.05138275399804115,1.6101086139678955
10500,mha,123,2,14,0.05366912856698036,0.06541868299245834,1.6101086139678955
10500,mha,123,2,15,0.0630892962217331,0.059422221034765244,1.6101086139678955
10500,mha,123,3,0,0.060814108699560165,0.07679261267185211,1.2511705160140991
10500,mha,123,3,1,0.046618346124887466,0.057458940893411636,1.2511705160140991
10500,mha,123,3,2,0.0484599806368351,0.04901716858148575,1.2511705160140991
10500,mha,123,3,3,0.08954355865716934,0.07724308222532272,1.2511705160140991
10500,mha,123,3,4,0.03591461107134819,0.03438304364681244,1.2511705160140991
10500,mha,123,3,5,0.07829061150550842,0.07141609489917755,1.2511705160140991
10500,mha,123,3,6,0.0870589166879654,0.07526178658008575,1.2511705160140991
10500,mha,123,3,7,0.05699117109179497,0.055292680859565735,1.2511705160140991
10500,mha,123,3,8,0.07669240236282349,0.07444305717945099,1.2511705160140991
10500,mha,123,3,9,0.08397257328033447,0.08079886436462402,1.2511705160140991
10500,mha,123,3,10,0.08904968202114105,0.09439298510551453,1.2511705160140991
10500,mha,123,3,11,0.0305913295596838,0.0371236577630043,1.2511705160140991
10500,mha,123,3,12,0.03643320873379707,0.03447528928518295,1.2511705160140991
10500,mha,123,3,13,0.0557321161031723,0.06175638735294342,1.2511705160140991
10500,mha,123,3,14,0.07467305660247803,0.0654548928141594,1.2511705160140991
10500,mha,123,3,15,0.04916432872414589,0.05468948185443878,1.2511705160140991
10500,mha,123,4,0,0.0515727736055851,0.05776219069957733,1.23214590549469
10500,mha,123,4,1,0.04404652863740921,0.04829968512058258,1.23214590549469
10500,mha,123,4,2,0.04456176608800888,0.04852557182312012,1.23214590549469
10500,mha,123,4,3,0.10732422024011612,0.09921726584434509,1.23214590549469
10500,mha,123,4,4,0.07965535670518875,0.08232361823320389,1.23214590549469
10500,mha,123,4,5,0.0737062618136406,0.06431777030229568,1.23214590549469
10500,mha,123,4,6,0.04594828188419342,0.062392961233854294,1.23214590549469
10500,mha,123,4,7,0.0653533935546875,0.07616006582975388,1.23214590549469
10500,mha,123,4,8,0.08170714974403381,0.0700387954711914,1.23214590549469
10500,mha,123,4,9,0.08483459800481796,0.066440150141716,1.23214590549469
10500,mha,123,4,10,0.07090301811695099,0.06147319823503494,1.23214590549469
10500,mha,123,4,11,0.0806407704949379,0.06582508236169815,1.23214590549469
10500,mha,123,4,12,0.060172729194164276,0.05809350311756134,1.23214590549469
10500,mha,123,4,13,0.03508412837982178,0.03545406088232994,1.23214590549469
10500,mha,123,4,14,0.022650044411420822,0.029077211394906044,1.23214590549469
10500,mha,123,4,15,0.051838990300893784,0.07459885627031326,1.23214590549469
10500,mha,123,5,0,0.04367879405617714,0.041767023503780365,1.3989248275756836
10500,mha,123,5,1,0.03242696076631546,0.03159238025546074,1.3989248275756836
10500,mha,123,5,2,0.09824655950069427,0.08738095313310623,1.3989248275756836
10500,mha,123,5,3,0.05102244019508362,0.0707196593284607,1.3989248275756836
10500,mha,123,5,4,0.03589772433042526,0.04818149283528328,1.3989248275756836
10500,mha,123,5,5,0.055725403130054474,0.05887605622410774,1.3989248275756836
10500,mha,123,5,6,0.04385386034846306,0.03443026542663574,1.3989248275756836
10500,mha,123,5,7,0.07085927575826645,0.06103893741965294,1.3989248275756836
10500,mha,123,5,8,0.07027404755353928,0.06716322898864746,1.3989248275756836
10500,mha,123,5,9,0.10078094154596329,0.10741309076547623,1.3989248275756836
10500,mha,123,5,10,0.03267913684248924,0.04547896236181259,1.3989248275756836
10500,mha,123,5,11,0.10163604468107224,0.07578101009130478,1.3989248275756836
10500,mha,123,5,12,0.04726013168692589,0.06671969592571259,1.3989248275756836
10500,mha,123,5,13,0.0570526123046875,0.0485515296459198,1.3989248275756836
10500,mha,123,5,14,0.06350605934858322,0.06439123302698135,1.3989248275756836
10500,mha,123,5,15,0.09509999305009842,0.0905143991112709,1.3989248275756836
11000,mha,123,1,0,0.05262196809053421,0.05486936494708061,1.9967541694641113
11000,mha,123,1,1,0.06908009946346283,0.06348231434822083,1.9967541694641113
11000,mha,123,1,2,0.05435078963637352,0.05533602461218834,1.9967541694641113
11000,mha,123,1,3,0.051601968705654144,0.051558077335357666,1.9967541694641113
11000,mha,123,1,4,0.07131367921829224,0.060710009187459946,1.9967541694641113
11000,mha,123,1,5,0.06082906201481819,0.06507463753223419,1.9967541694641113
11000,mha,123,1,6,0.06822875887155533,0.06922993063926697,1.9967541694641113
11000,mha,123,1,7,0.0630652904510498,0.05549444258213043,1.9967541694641113
11000,mha,123,1,8,0.06572092324495316,0.07148794084787369,1.9967541694641113
11000,mha,123,1,9,0.069927878677845,0.06871476769447327,1.9967541694641113
11000,mha,123,1,10,0.0636436939239502,0.06441261619329453,1.9967541694641113
11000,mha,123,1,11,0.060775451362133026,0.06303982436656952,1.9967541694641113
11000,mha,123,1,12,0.06754150241613388,0.06959471851587296,1.9967541694641113
11000,mha,123,1,13,0.060066528618335724,0.07321147620677948,1.9967541694641113
11000,mha,123,1,14,0.0558675117790699,0.055833250284194946,1.9967541694641113
11000,mha,123,1,15,0.06536488980054855,0.05795067548751831,1.9967541694641113
11000,mha,123,2,0,0.07282501459121704,0.06195942685008049,1.6097354888916016
11000,mha,123,2,1,0.06387796998023987,0.06352010369300842,1.6097354888916016
11000,mha,123,2,2,0.08707183599472046,0.07561551779508591,1.6097354888916016
11000,mha,123,2,3,0.058053284883499146,0.06390803307294846,1.6097354888916016
11000,mha,123,2,4,0.05377197265625,0.05624156817793846,1.6097354888916016
11000,mha,123,2,5,0.03764485567808151,0.058823101222515106,1.6097354888916016
11000,mha,123,2,6,0.06625335663557053,0.05928203463554382,1.6097354888916016
11000,mha,123,2,7,0.06982788443565369,0.06441395729780197,1.6097354888916016
11000,mha,123,2,8,0.05797109007835388,0.05762060731649399,1.6097354888916016
11000,mha,123,2,9,0.07138030976057053,0.06327097117900848,1.6097354888916016
11000,mha,123,2,10,0.06469543278217316,0.07467757910490036,1.6097354888916016
11000,mha,123,2,11,0.07739227265119553,0.07795753329992294,1.6097354888916016
11000,mha,123,2,12,0.05980366840958595,0.050225939601659775,1.6097354888916016
11000,mha,123,2,13,0.043868206441402435,0.05011938884854317,1.6097354888916016
11000,mha,123,2,14,0.05353362858295441,0.06436067074537277,1.6097354888916016
11000,mha,123,2,15,0.062029216438531876,0.058003704994916916,1.6097354888916016
11000,mha,123,3,0,0.06100412830710411,0.07680260390043259,1.2731348276138306
11000,mha,123,3,1,0.04452046751976013,0.05517047271132469,1.2731348276138306
11000,mha,123,3,2,0.050203654915094376,0.050732601433992386,1.2731348276138306
11000,mha,123,3,3,0.08961740881204605,0.0770532637834549,1.2731348276138306
11000,mha,123,3,4,0.03500457853078842,0.034373193979263306,1.2731348276138306
11000,mha,123,3,5,0.0785617083311081,0.07119094580411911,1.2731348276138306
11000,mha,123,3,6,0.08820739388465881,0.07690152525901794,1.2731348276138306
11000,mha,123,3,7,0.05720662325620651,0.05532219633460045,1.2731348276138306
11000,mha,123,3,8,0.0752861499786377,0.07462257891893387,1.2731348276138306
11000,mha,123,3,9,0.0829385370016098,0.07958691567182541,1.2731348276138306
11000,mha,123,3,10,0.09095051884651184,0.09384601563215256,1.2731348276138306
11000,mha,123,3,11,0.028795979917049408,0.03571240231394768,1.2731348276138306
11000,mha,123,3,12,0.038983460515737534,0.03672468662261963,1.2731348276138306
11000,mha,123,3,13,0.05842437595129013,0.06404703110456467,1.2731348276138306
11000,mha,123,3,14,0.07271403074264526,0.06410306692123413,1.2731348276138306
11000,mha,123,3,15,0.04758097231388092,0.05381045117974281,1.2731348276138306
11000,mha,123,4,0,0.050988055765628815,0.05804168060421944,1.2280594110488892
11000,mha,123,4,1,0.04322855547070503,0.04764458164572716,1.2280594110488892
11000,mha,123,4,2,0.04465189576148987,0.04930439218878746,1.2280594110488892
11000,mha,123,4,3,0.10643503814935684,0.09755662828683853,1.2280594110488892
11000,mha,123,4,4,0.07972585409879684,0.08348193019628525,1.2280594110488892
11000,mha,123,4,5,0.07562205195426941,0.06717640161514282,1.2280594110488892
11000,mha,123,4,6,0.04677022248506546,0.06392122805118561,1.2280594110488892
11000,mha,123,4,7,0.06680440157651901,0.07767963409423828,1.2280594110488892
11000,mha,123,4,8,0.0793856829404831,0.06761623173952103,1.2280594110488892
11000,mha,123,4,9,0.08559224754571915,0.06646624952554703,1.2280594110488892
11000,mha,123,4,10,0.0689220204949379,0.05959995090961456,1.2280594110488892
11000,mha,123,4,11,0.08026306331157684,0.06450503319501877,1.2280594110488892
11000,mha,123,4,12,0.061759643256664276,0.05945175886154175,1.2280594110488892
11000,mha,123,4,13,0.035347189754247665,0.03595378249883652,1.2280594110488892
11000,mha,123,4,14,0.02397664450109005,0.029529323801398277,1.2280594110488892
11000,mha,123,4,15,0.05052744597196579,0.07207101583480835,1.2280594110488892
11000,mha,123,5,0,0.041048482060432434,0.04134204238653183,1.4086893796920776
11000,mha,123,5,1,0.03598490357398987,0.03358914330601692,1.4086893796920776
11000,mha,123,5,2,0.1008211299777031,0.09056474268436432,1.4086893796920776
11000,mha,123,5,3,0.04867452010512352,0.0678405836224556,1.4086893796920776
11000,mha,123,5,4,0.037748005241155624,0.050116363912820816,1.4086893796920776
11000,mha,123,5,5,0.05790863186120987,0.06081151217222214,1.4086893796920776
11000,mha,123,5,6,0.04543304443359375,0.03562406450510025,1.4086893796920776
11000,mha,123,5,7,0.07124430686235428,0.061414215713739395,1.4086893796920776
11000,mha,123,5,8,0.07163411378860474,0.0675671249628067,1.4086893796920776
11000,mha,123,5,9,0.1008007824420929,0.10791774839162827,1.4086893796920776
11000,mha,123,5,10,0.031450703740119934,0.044019587337970734,1.4086893796920776
11000,mha,123,5,11,0.10321014374494553,0.07729412615299225,1.4086893796920776
11000,mha,123,5,12,0.04812520369887352,0.06731082499027252,1.4086893796920776
11000,mha,123,5,13,0.05358266085386276,0.046181969344615936,1.4086893796920776
11000,mha,123,5,14,0.06167226284742355,0.06375863403081894,1.4086893796920776
11000,mha,123,5,15,0.09066111594438553,0.08464714139699936,1.4086893796920776
11500,mha,123,1,0,0.0555439256131649,0.05560111254453659,1.9913700819015503
11500,mha,123,1,1,0.06877075135707855,0.06340237706899643,1.9913700819015503
11500,mha,123,1,2,0.051077473908662796,0.053440507501363754,1.9913700819015503
11500,mha,123,1,3,0.05169280990958214,0.05131351947784424,1.9913700819015503
11500,mha,123,1,4,0.06921254843473434,0.059441495686769485,1.9913700819015503
11500,mha,123,1,5,0.061598408967256546,0.06484987586736679,1.9913700819015503
11500,mha,123,1,6,0.06364278495311737,0.06667965650558472,1.9913700819015503
11500,mha,123,1,7,0.06420990079641342,0.05648535490036011,1.9913700819015503
11500,mha,123,1,8,0.06447021663188934,0.07167887687683105,1.9913700819015503
11500,mha,123,1,9,0.07187958061695099,0.06999029964208603,1.9913700819015503
11500,mha,123,1,10,0.06429951637983322,0.06559459865093231,1.9913700819015503
11500,mha,123,1,11,0.05759338289499283,0.06167689710855484,1.9913700819015503
11500,mha,123,1,12,0.06712737679481506,0.06918055564165115,1.9913700819015503
11500,mha,123,1,13,0.05872843414545059,0.07204998284578323,1.9913700819015503
11500,mha,123,1,14,0.06377095729112625,0.05899189040064812,1.9913700819015503
11500,mha,123,1,15,0.06638193875551224,0.05962318554520607,1.9913700819015503
11500,mha,123,2,0,0.07536529749631882,0.06398755311965942,1.6110968589782715
11500,mha,123,2,1,0.06446380913257599,0.0636679157614708,1.6110968589782715
11500,mha,123,2,2,0.08616627752780914,0.07478664070367813,1.6110968589782715
11500,mha,123,2,3,0.060662638396024704,0.06466600298881531,1.6110968589782715
11500,mha,123,2,4,0.05574595183134079,0.05772862583398819,1.6110968589782715
11500,mha,123,2,5,0.03181660920381546,0.0547126829624176,1.6110968589782715
11500,mha,123,2,6,0.06762288510799408,0.06022907420992851,1.6110968589782715
11500,mha,123,2,7,0.0652555301785469,0.059906210750341415,1.6110968589782715
11500,mha,123,2,8,0.06060882657766342,0.0603850819170475,1.6110968589782715
11500,mha,123,2,9,0.0682971179485321,0.060680389404296875,1.6110968589782715
11500,mha,123,2,10,0.06574422121047974,0.07643122971057892,1.6110968589782715
11500,mha,123,2,11,0.07924459129571915,0.07902255654335022,1.6110968589782715
11500,mha,123,2,12,0.05691162124276161,0.04796191677451134,1.6110968589782715
11500,mha,123,2,13,0.04647074267268181,0.05289171263575554,1.6110968589782715
11500,mha,123,2,14,0.05415384843945503,0.06415043026208878,1.6110968589782715
11500,mha,123,2,15,0.06147003173828125,0.0587921142578125,1.6110968589782715
11500,mha,123,3,0,0.061584267765283585,0.07740873098373413,1.2763208150863647
11500,mha,123,3,1,0.04496246203780174,0.05540420487523079,1.2763208150863647
11500,mha,123,3,2,0.05150970444083214,0.05174580588936806,1.2763208150863647
11500,mha,123,3,3,0.08707712590694427,0.07551715523004532,1.2763208150863647
11500,mha,123,3,4,0.03616119548678398,0.034921202808618546,1.2763208150863647
11500,mha,123,3,5,0.08107981085777283,0.07412704825401306,1.2763208150863647
11500,mha,123,3,6,0.08693013340234756,0.07533404976129532,1.2763208150863647
11500,mha,123,3,7,0.054617613554000854,0.053705304861068726,1.2763208150863647
11500,mha,123,3,8,0.07368805259466171,0.07222994416952133,1.2763208150863647
11500,mha,123,3,9,0.08447987586259842,0.08011627197265625,1.2763208150863647
11500,mha,123,3,10,0.09032277762889862,0.0943286344408989,1.2763208150863647
11500,mha,123,3,11,0.030078532174229622,0.036894578486680984,1.2763208150863647
11500,mha,123,3,12,0.03879190981388092,0.036799248307943344,1.2763208150863647
11500,mha,123,3,13,0.05717712268233299,0.06366360187530518,1.2763208150863647
11500,mha,123,3,14,0.07422535866498947,0.0653257742524147,1.2763208150863647
11500,mha,123,3,15,0.04731404781341553,0.052478253841400146,1.2763208150863647
11500,mha,123,4,0,0.05203491076827049,0.0582200288772583,1.227165937423706
11500,mha,123,4,1,0.043803609907627106,0.04813419282436371,1.227165937423706
11500,mha,123,4,2,0.04354909434914589,0.04795392230153084,1.227165937423706
11500,mha,123,4,3,0.1079871654510498,0.10012172162532806,1.227165937423706
11500,mha,123,4,4,0.07917053252458572,0.08203263580799103,1.227165937423706
11500,mha,123,4,5,0.07349233329296112,0.06486595422029495,1.227165937423706
11500,mha,123,4,6,0.04542694240808487,0.06297682225704193,1.227165937423706
11500,mha,123,4,7,0.06583862006664276,0.07662919908761978,1.227165937423706
11500,mha,123,4,8,0.08254913240671158,0.07101042568683624,1.227165937423706
11500,mha,123,4,9,0.08373820036649704,0.06542329490184784,1.227165937423706
11500,mha,123,4,10,0.0673992931842804,0.05837751924991608,1.227165937423706
11500,mha,123,4,11,0.08205769956111908,0.06468404084444046,1.227165937423706
11500,mha,123,4,12,0.06275227665901184,0.06030775234103203,1.227165937423706
11500,mha,123,4,13,0.03543701022863388,0.03533801808953285,1.227165937423706
11500,mha,123,4,14,0.022923177108168602,0.028857307508587837,1.227165937423706
11500,mha,123,4,15,0.051840007305145264,0.07506721466779709,1.227165937423706
11500,mha,123,5,0,0.040137432515621185,0.03978839889168739,1.400938868522644
11500,mha,123,5,1,0.03487253934144974,0.03253971040248871,1.400938868522644
11500,mha,123,5,2,0.09957783669233322,0.09007759392261505,1.400938868522644
11500,mha,123,5,3,0.04863728955388069,0.06854666769504547,1.400938868522644
11500,mha,123,5,4,0.03811858966946602,0.04985002055764198,1.400938868522644
11500,mha,123,5,5,0.05922078341245651,0.060974858701229095,1.400938868522644
11500,mha,123,5,6,0.04644307494163513,0.036180682480335236,1.400938868522644
11500,mha,123,5,7,0.07234242558479309,0.06294034421443939,1.400938868522644
11500,mha,123,5,8,0.07148956507444382,0.06821422278881073,1.400938868522644
11500,mha,123,5,9,0.1013074740767479,0.10756312310695648,1.400938868522644
11500,mha,123,5,10,0.0321878045797348,0.045160938054323196,1.400938868522644
11500,mha,123,5,11,0.10179402679204941,0.07602632790803909,1.400938868522644
11500,mha,123,5,12,0.04928039386868477,0.06760530173778534,1.400938868522644
11500,mha,123,5,13,0.05339345335960388,0.046107128262519836,1.400938868522644
11500,mha,123,5,14,0.05994720384478569,0.06246994063258171,1.400938868522644
11500,mha,123,5,15,0.09125009924173355,0.08595475554466248,1.400938868522644
12000,mha,123,1,0,0.050527140498161316,0.05326468497514725,1.9819804430007935
12000,mha,123,1,1,0.06891398131847382,0.06311219185590744,1.9819804430007935
12000,mha,123,1,2,0.05694875121116638,0.05567420274019241,1.9819804430007935
12000,mha,123,1,3,0.048373617231845856,0.049886561930179596,1.9819804430007935
12000,mha,123,1,4,0.0704486072063446,0.06101270020008087,1.9819804430007935
12000,mha,123,1,5,0.06253021210432053,0.06678364425897598,1.9819804430007935
12000,mha,123,1,6,0.06372995674610138,0.06575494259595871,1.9819804430007935
12000,mha,123,1,7,0.0631389394402504,0.055241189897060394,1.9819804430007935
12000,mha,123,1,8,0.06823282688856125,0.07389496266841888,1.9819804430007935
12000,mha,123,1,9,0.07132873684167862,0.06950219720602036,1.9819804430007935
12000,mha,123,1,10,0.06325215846300125,0.06394467502832413,1.9819804430007935
12000,mha,123,1,11,0.05531870573759079,0.06008820980787277,1.9819804430007935
12000,mha,123,1,12,0.07093251496553421,0.07251632958650589,1.9819804430007935
12000,mha,123,1,13,0.0585193894803524,0.07143465429544449,1.9819804430007935
12000,mha,123,1,14,0.060137227177619934,0.05774945020675659,1.9819804430007935
12000,mha,123,1,15,0.06766723841428757,0.06013939529657364,1.9819804430007935
12000,mha,123,2,0,0.07816945761442184,0.0650264173746109,1.5921310186386108
12000,mha,123,2,1,0.06839070469141006,0.06689904630184174,1.5921310186386108
12000,mha,123,2,2,0.08788930624723434,0.07617358863353729,1.5921310186386108
12000,mha,123,2,3,0.05934499204158783,0.06485006958246231,1.5921310186386108
12000,mha,123,2,4,0.05411834642291069,0.056679122149944305,1.5921310186386108
12000,mha,123,2,5,0.032639771699905396,0.05577739700675011,1.5921310186386108
12000,mha,123,2,6,0.07145487517118454,0.06351333856582642,1.5921310186386108
12000,mha,123,2,7,0.06135274097323418,0.05701622739434242,1.5921310186386108
12000,mha,123,2,8,0.06219533458352089,0.061759769916534424,1.5921310186386108
12000,mha,123,2,9,0.0652356967329979,0.058049168437719345,1.5921310186386108
12000,mha,123,2,10,0.06508728116750717,0.07550317794084549,1.5921310186386108
12000,mha,123,2,11,0.07641632109880447,0.07627414911985397,1.5921310186386108
12000,mha,123,2,12,0.055662333965301514,0.047504208981990814,1.5921310186386108
12000,mha,123,2,13,0.047792766243219376,0.05345132201910019,1.5921310186386108
12000,mha,123,2,14,0.05367736890912056,0.06349357962608337,1.5921310186386108
12000,mha,123,2,15,0.06057271361351013,0.058029334992170334,1.5921310186386108
12000,mha,123,3,0,0.05928710848093033,0.0751013532280922,1.2576171159744263
12000,mha,123,3,1,0.04543925076723099,0.05629295855760574,1.2576171159744263
12000,mha,123,3,2,0.052046917378902435,0.05235167220234871,1.2576171159744263
12000,mha,123,3,3,0.08996713906526566,0.07762560248374939,1.2576171159744263
12000,mha,123,3,4,0.03612976148724556,0.03477058559656143,1.2576171159744263
12000,mha,123,3,5,0.08048960566520691,0.07417178899049759,1.2576171159744263
12000,mha,123,3,6,0.08943115174770355,0.07725818455219269,1.2576171159744263
12000,mha,123,3,7,0.05560658872127533,0.0543087013065815,1.2576171159744263
12000,mha,123,3,8,0.07597768306732178,0.07380390912294388,1.2576171159744263
12000,mha,123,3,9,0.08291392028331757,0.08085394650697708,1.2576171159744263
12000,mha,123,3,10,0.08976908028125763,0.09282777458429337,1.2576171159744263
12000,mha,123,3,11,0.029021911323070526,0.03602125495672226,1.2576171159744263
12000,mha,123,3,12,0.03765828534960747,0.03607177734375,1.2576171159744263
12000,mha,123,3,13,0.05257965251803398,0.05937812104821205,1.2576171159744263
12000,mha,123,3,14,0.0751819834113121,0.06495806574821472,1.2576171159744263
12000,mha,123,3,15,0.04849996045231819,0.0542043037712574,1.2576171159744263
12000,mha,123,4,0,0.0504385381937027,0.05641704052686691,1.227702021598816
12000,mha,123,4,1,0.041551411151885986,0.04614819213747978,1.227702021598816
12000,mha,123,4,2,0.04343322664499283,0.04765590280294418,1.227702021598816
12000,mha,123,4,3,0.10923797637224197,0.10190340876579285,1.227702021598816
12000,mha,123,4,4,0.07908263802528381,0.0805574283003807,1.227702021598816
12000,mha,123,4,5,0.07369130104780197,0.0649891272187233,1.227702021598816
12000,mha,123,4,6,0.04561137035489082,0.06330646574497223,1.227702021598816
12000,mha,123,4,7,0.06502868980169296,0.07629714906215668,1.227702021598816
12000,mha,123,4,8,0.08259033411741257,0.07070746272802353,1.227702021598816
12000,mha,123,4,9,0.08515787869691849,0.06764739751815796,1.227702021598816
12000,mha,123,4,10,0.06927907466888428,0.06048959866166115,1.227702021598816
12000,mha,123,4,11,0.08184488862752914,0.06495290249586105,1.227702021598816
12000,mha,123,4,12,0.06338246911764145,0.06092473492026329,1.227702021598816
12000,mha,123,4,13,0.03522074222564697,0.03562388941645622,1.227702021598816
12000,mha,123,4,14,0.023367512971162796,0.029212042689323425,1.227702021598816
12000,mha,123,4,15,0.05108195170760155,0.07316708564758301,1.227702021598816
12000,mha,123,5,0,0.04188069701194763,0.04143255203962326,1.3941563367843628
12000,mha,123,5,1,0.035573627799749374,0.0328412801027298,1.3941563367843628
12000,mha,123,5,2,0.09935323148965836,0.08899755030870438,1.3941563367843628
12000,mha,123,5,3,0.04782664030790329,0.06707886606454849,1.3941563367843628
12000,mha,123,5,4,0.03748057037591934,0.04955052211880684,1.3941563367843628
12000,mha,123,5,5,0.056339722126722336,0.05917385593056679,1.3941563367843628
12000,mha,123,5,6,0.0465361513197422,0.036472387611866,1.3941563367843628
12000,mha,123,5,7,0.07164489477872849,0.06259830296039581,1.3941563367843628
12000,mha,123,5,8,0.07381276786327362,0.0702638104557991,1.3941563367843628
12000,mha,123,5,9,0.10025268793106079,0.10604145377874374,1.3941563367843628
12000,mha,123,5,10,0.03110412508249283,0.04345156252384186,1.3941563367843628
12000,mha,123,5,11,0.10348226130008698,0.07828502357006073,1.3941563367843628
12000,mha,123,5,12,0.04661407321691513,0.06536975502967834,1.3941563367843628
12000,mha,123,5,13,0.052635904401540756,0.04590978845953941,1.3941563367843628
12000,mha,123,5,14,0.0619925931096077,0.06425201892852783,1.3941563367843628
12000,mha,123,5,15,0.09347005188465118,0.08828123658895493,1.3941563367843628
12500,mha,123,1,0,0.058669231832027435,0.05668533220887184,1.9763903617858887
12500,mha,123,1,1,0.06694813817739487,0.06193988770246506,1.9763903617858887
12500,mha,123,1,2,0.05636556074023247,0.05557498335838318,1.9763903617858887
12500,mha,123,1,3,0.05125132203102112,0.05177108570933342,1.9763903617858887
12500,mha,123,1,4,0.07067158818244934,0.061085935682058334,1.9763903617858887
12500,mha,123,1,5,0.06281555444002151,0.06644558161497116,1.9763903617858887
12500,mha,123,1,6,0.061858419328927994,0.06574245542287827,1.9763903617858887
12500,mha,123,1,7,0.0631643682718277,0.05564992129802704,1.9763903617858887
12500,mha,123,1,8,0.06535980105400085,0.0724368691444397,1.9763903617858887
12500,mha,123,1,9,0.06995249539613724,0.06766185909509659,1.9763903617858887
12500,mha,123,1,10,0.0621146634221077,0.06201846897602081,1.9763903617858887
12500,mha,123,1,11,0.057064615190029144,0.061656009405851364,1.9763903617858887
12500,mha,123,1,12,0.0661105364561081,0.06908030807971954,1.9763903617858887
12500,mha,123,1,13,0.059891052544116974,0.07237894088029861,1.9763903617858887
12500,mha,123,1,14,0.057463377714157104,0.056732673197984695,1.9763903617858887
12500,mha,123,1,15,0.07029927521944046,0.06313972920179367,1.9763903617858887
12500,mha,123,2,0,0.07209523767232895,0.061098162084817886,1.5972384214401245
12500,mha,123,2,1,0.06196248531341553,0.06243355572223663,1.5972384214401245
12500,mha,123,2,2,0.08760477602481842,0.07505906373262405,1.5972384214401245
12500,mha,123,2,3,0.06003682315349579,0.06664223223924637,1.5972384214401245
12500,mha,123,2,4,0.05704742297530174,0.05853874981403351,1.5972384214401245
12500,mha,123,2,5,0.03622375428676605,0.05825145170092583,1.5972384214401245
12500,mha,123,2,6,0.07135477662086487,0.06338796764612198,1.5972384214401245
12500,mha,123,2,7,0.06417358666658401,0.05902958661317825,1.5972384214401245
12500,mha,123,2,8,0.060409851372241974,0.060546278953552246,1.5972384214401245
12500,mha,123,2,9,0.07246500998735428,0.06232307478785515,1.5972384214401245
12500,mha,123,2,10,0.0634937509894371,0.07359600067138672,1.5972384214401245
12500,mha,123,2,11,0.07775726169347763,0.07716488838195801,1.5972384214401245
12500,mha,123,2,12,0.056226398795843124,0.04784943535923958,1.5972384214401245
12500,mha,123,2,13,0.04477935656905174,0.05155687779188156,1.5972384214401245
12500,mha,123,2,14,0.052066344767808914,0.06259425729513168,1.5972384214401245
12500,mha,123,2,15,0.06230316311120987,0.059928327798843384,1.5972384214401245
12500,mha,123,3,0,0.059647928923368454,0.07639279216527939,1.2688775062561035
12500,mha,123,3,1,0.04447123035788536,0.05644601210951805,1.2688775062561035
12500,mha,123,3,2,0.049469806253910065,0.050503235310316086,1.2688775062561035
12500,mha,123,3,3,0.09148915857076645,0.07916656881570816,1.2688775062561035
12500,mha,123,3,4,0.036614175885915756,0.03527194261550903,1.2688775062561035
12500,mha,123,3,5,0.0810801163315773,0.07456806302070618,1.2688775062561035
12500,mha,123,3,6,0.08766845613718033,0.07521267980337143,1.2688775062561035
12500,mha,123,3,7,0.057411398738622665,0.05591149628162384,1.2688775062561035
12500,mha,123,3,8,0.07597513496875763,0.07364603877067566,1.2688775062561035
12500,mha,123,3,9,0.08350453525781631,0.0801897943019867,1.2688775062561035
12500,mha,123,3,10,0.08762125670909882,0.09036284685134888,1.2688775062561035
12500,mha,123,3,11,0.028766682371497154,0.03553454950451851,1.2688775062561035
12500,mha,123,3,12,0.03882690519094467,0.03636031970381737,1.2688775062561035
12500,mha,123,3,13,0.05429891124367714,0.06164640933275223,1.2688775062561035
12500,mha,123,3,14,0.07445434480905533,0.06447521597146988,1.2688775062561035
12500,mha,123,3,15,0.04869995266199112,0.05431205779314041,1.2688775062561035
12500,mha,123,4,0,0.049780577421188354,0.05638179928064346,1.2445615530014038
12500,mha,123,4,1,0.043024495244026184,0.04743867740035057,1.2445615530014038
12500,mha,123,4,2,0.04429158568382263,0.04845491424202919,1.2445615530014038
12500,mha,123,4,3,0.10764750093221664,0.09891759604215622,1.2445615530014038
12500,mha,123,4,4,0.08041656762361526,0.08314487338066101,1.2445615530014038
12500,mha,123,4,5,0.0731956958770752,0.06547357887029648,1.2445615530014038
12500,mha,123,4,6,0.04631144180893898,0.06361668556928635,1.2445615530014038
12500,mha,123,4,7,0.06599456816911697,0.07685030251741409,1.2445615530014038
12500,mha,123,4,8,0.08119598031044006,0.07043101638555527,1.2445615530014038
12500,mha,123,4,9,0.08641459047794342,0.06733272224664688,1.2445615530014038
12500,mha,123,4,10,0.06883351504802704,0.05952315032482147,1.2445615530014038
12500,mha,123,4,11,0.08085835725069046,0.06517321616411209,1.2445615530014038
12500,mha,123,4,12,0.06068817153573036,0.05882635712623596,1.2445615530014038
12500,mha,123,4,13,0.035919394344091415,0.03597931191325188,1.2445615530014038
12500,mha,123,4,14,0.02379150316119194,0.030040116980671883,1.2445615530014038
12500,mha,123,4,15,0.051636047661304474,0.07241581380367279,1.2445615530014038
12500,mha,123,5,0,0.04086924344301224,0.041030287742614746,1.403552770614624
12500,mha,123,5,1,0.03388051316142082,0.03203584626317024,1.403552770614624
12500,mha,123,5,2,0.09794931858778,0.08730150759220123,1.403552770614624
12500,mha,123,5,3,0.048199158161878586,0.06782107800245285,1.403552770614624
12500,mha,123,5,4,0.03635701537132263,0.04725663736462593,1.403552770614624
12500,mha,123,5,5,0.05755330249667168,0.060305405408144,1.403552770614624
12500,mha,123,5,6,0.047060344368219376,0.03808484226465225,1.403552770614624
12500,mha,123,5,7,0.07046651095151901,0.062407467514276505,1.403552770614624
12500,mha,123,5,8,0.07528981566429138,0.07139071822166443,1.403552770614624
12500,mha,123,5,9,0.10121642798185349,0.10710541903972626,1.403552770614624
12500,mha,123,5,10,0.031392619013786316,0.043418075889348984,1.403552770614624
12500,mha,123,5,11,0.10139200836420059,0.07553298026323318,1.403552770614624
12500,mha,123,5,12,0.04790954664349556,0.06662809103727341,1.403552770614624
12500,mha,123,5,13,0.05464416369795799,0.04689766839146614,1.403552770614624
12500,mha,123,5,14,0.062119752168655396,0.06469002366065979,1.403552770614624
12500,mha,123,5,15,0.09370025992393494,0.08809412270784378,1.403552770614624
13000,mha,123,1,0,0.0597107969224453,0.05703699588775635,1.978389024734497
13000,mha,123,1,1,0.07254374027252197,0.06537117809057236,1.978389024734497
13000,mha,123,1,2,0.05461670085787773,0.05520663410425186,1.978389024734497
13000,mha,123,1,3,0.050381164997816086,0.0510750338435173,1.978389024734497
13000,mha,123,1,4,0.07099945098161697,0.06121601164340973,1.978389024734497
13000,mha,123,1,5,0.06349609047174454,0.0675138458609581,1.978389024734497
13000,mha,123,1,6,0.06190745159983635,0.06502231955528259,1.978389024734497
13000,mha,123,1,7,0.0578867606818676,0.05277516692876816,1.978389024734497
13000,mha,123,1,8,0.06603658199310303,0.0726451650261879,1.978389024734497
13000,mha,123,1,9,0.07151733338832855,0.06920439004898071,1.978389024734497
13000,mha,123,1,10,0.06200256198644638,0.061766039580106735,1.978389024734497
13000,mha,123,1,11,0.05271606519818306,0.05906300246715546,1.978389024734497
13000,mha,123,1,12,0.06711486726999283,0.06994528323411942,1.978389024734497
13000,mha,123,1,13,0.05918365344405174,0.07236851006746292,1.978389024734497
13000,mha,123,1,14,0.060510050505399704,0.057836126536130905,1.978389024734497
13000,mha,123,1,15,0.06937672942876816,0.06195440888404846,1.978389024734497
13000,mha,123,2,0,0.07843566685914993,0.06635415554046631,1.5897949934005737
13000,mha,123,2,1,0.06402119994163513,0.06369595974683762,1.5897949934005737
13000,mha,123,2,2,0.08872243016958237,0.07603153586387634,1.5897949934005737
13000,mha,123,2,3,0.06036417558789253,0.06494388729333878,1.5897949934005737
13000,mha,123,2,4,0.055868327617645264,0.05779467895627022,1.5897949934005737
13000,mha,123,2,5,0.03467519208788872,0.05658287554979324,1.5897949934005737
13000,mha,123,2,6,0.06844574213027954,0.06004280596971512,1.5897949934005737
13000,mha,123,2,7,0.060594379901885986,0.0566960833966732,1.5897949934005737
13000,mha,123,2,8,0.061473287642002106,0.06108158081769943,1.5897949934005737
13000,mha,123,2,9,0.06926137208938599,0.061186060309410095,1.5897949934005737
13000,mha,123,2,10,0.06371327489614487,0.07397706061601639,1.5897949934005737
13000,mha,123,2,11,0.07875986397266388,0.07908850908279419,1.5897949934005737
13000,mha,123,2,12,0.05733378231525421,0.04849301278591156,1.5897949934005737
13000,mha,123,2,13,0.04597259685397148,0.0528002493083477,1.5897949934005737
13000,mha,123,2,14,0.0526752732694149,0.06322166323661804,1.5897949934005737
13000,mha,123,2,15,0.059683430939912796,0.05800970643758774,1.5897949934005737
13000,mha,123,3,0,0.058283183723688126,0.074622742831707,1.2712202072143555
13000,mha,123,3,1,0.044704996049404144,0.05653614550828934,1.2712202072143555
13000,mha,123,3,2,0.049994710832834244,0.05093156546354294,1.2712202072143555
13000,mha,123,3,3,0.08986938744783401,0.07750038057565689,1.2712202072143555
13000,mha,123,3,4,0.03668630123138428,0.0353713221848011,1.2712202072143555
13000,mha,123,3,5,0.08069366216659546,0.07437663525342941,1.2712202072143555
13000,mha,123,3,6,0.08862874656915665,0.07618580758571625,1.2712202072143555
13000,mha,123,3,7,0.058048807084560394,0.05635206401348114,1.2712202072143555
13000,mha,123,3,8,0.07507304102182388,0.0724712535738945,1.2712202072143555
13000,mha,123,3,9,0.08401428163051605,0.08194253593683243,1.2712202072143555
13000,mha,123,3,10,0.08924845606088638,0.09117330610752106,1.2712202072143555
13000,mha,123,3,11,0.029620666056871414,0.03668910637497902,1.2712202072143555
13000,mha,123,3,12,0.038669127970933914,0.03636395186185837,1.2712202072143555
13000,mha,123,3,13,0.05307424068450928,0.06061077117919922,1.2712202072143555
13000,mha,123,3,14,0.07459940761327744,0.06425386667251587,1.2712202072143555
13000,mha,123,3,15,0.04879099503159523,0.05461866408586502,1.2712202072143555
13000,mha,123,4,0,0.05071818083524704,0.05759697034955025,1.2361475229263306
13000,mha,123,4,1,0.04096313565969467,0.045763906091451645,1.2361475229263306
13000,mha,123,4,2,0.043913066387176514,0.0483032763004303,1.2361475229263306
13000,mha,123,4,3,0.10984548181295395,0.10193604230880737,1.2361475229263306
13000,mha,123,4,4,0.07988138496875763,0.0824550986289978,1.2361475229263306
13000,mha,123,4,5,0.07327108085155487,0.06479886174201965,1.2361475229263306
13000,mha,123,4,6,0.045977070927619934,0.06418129056692123,1.2361475229263306
13000,mha,123,4,7,0.06588561832904816,0.07698394358158112,1.2361475229263306
13000,mha,123,4,8,0.08042490482330322,0.06879882514476776,1.2361475229263306
13000,mha,123,4,9,0.08367502689361572,0.06564454734325409,1.2361475229263306
13000,mha,123,4,10,0.06732442229986191,0.057892266660928726,1.2361475229263306
13000,mha,123,4,11,0.08214691281318665,0.06573808938264847,1.2361475229263306
13000,mha,123,4,12,0.0625077337026596,0.0599011555314064,1.2361475229263306
13000,mha,123,4,13,0.03733622282743454,0.03695949167013168,1.2361475229263306
13000,mha,123,4,14,0.025272928178310394,0.03104420006275177,1.2361475229263306
13000,mha,123,4,15,0.050856832414865494,0.07200207561254501,1.2361475229263306
13000,mha,123,5,0,0.04201975464820862,0.04179101809859276,1.39398992061615
13000,mha,123,5,1,0.03566233441233635,0.03271320089697838,1.39398992061615
13000,mha,123,5,2,0.10039235651493073,0.09122434258460999,1.39398992061615
13000,mha,123,5,3,0.048316244035959244,0.06785741448402405,1.39398992061615
13000,mha,123,5,4,0.03615407273173332,0.04818316921591759,1.39398992061615
13000,mha,123,5,5,0.05850270763039589,0.06032876297831535,1.39398992061615
13000,mha,123,5,6,0.04528747498989105,0.035837240517139435,1.39398992061615
13000,mha,123,5,7,0.07249949127435684,0.06301102042198181,1.39398992061615
13000,mha,123,5,8,0.07102518528699875,0.06855853646993637,1.39398992061615
13000,mha,123,5,9,0.10120900720357895,0.10661420971155167,1.39398992061615
13000,mha,123,5,10,0.03142069652676582,0.04340150207281113,1.39398992061615
13000,mha,123,5,11,0.1046377569437027,0.07902578264474869,1.39398992061615
13000,mha,123,5,12,0.04606669023633003,0.06505841761827469,1.39398992061615
13000,mha,123,5,13,0.05356414616107941,0.045464277267456055,1.39398992061615
13000,mha,123,5,14,0.05903065949678421,0.06212625652551651,1.39398992061615
13000,mha,123,5,15,0.09421142935752869,0.08880490064620972,1.39398992061615
13500,mha,123,1,0,0.056203003972768784,0.05553199723362923,1.9640793800354004
13500,mha,123,1,1,0.0694548562169075,0.0637945830821991,1.9640793800354004
13500,mha,123,1,2,0.0534718818962574,0.05473114550113678,1.9640793800354004
13500,mha,123,1,3,0.0517558790743351,0.0515434704720974,1.9640793800354004
13500,mha,123,1,4,0.07216043770313263,0.06217604875564575,1.9640793800354004
13500,mha,123,1,5,0.06091054156422615,0.06449610739946365,1.9640793800354004
13500,mha,123,1,6,0.06511810421943665,0.06710618734359741,1.9640793800354004
13500,mha,123,1,7,0.06442627310752869,0.05662789195775986,1.9640793800354004
13500,mha,123,1,8,0.06698750704526901,0.07357252389192581,1.9640793800354004
13500,mha,123,1,9,0.06914795190095901,0.06746801733970642,1.9640793800354004
13500,mha,123,1,10,0.06261026859283447,0.06290924549102783,1.9640793800354004
13500,mha,123,1,11,0.057790324091911316,0.061490364372730255,1.9640793800354004
13500,mha,123,1,12,0.06610066443681717,0.06908949464559555,1.9640793800354004
13500,mha,123,1,13,0.0602957159280777,0.07278639823198318,1.9640793800354004
13500,mha,123,1,14,0.055036213248968124,0.055172398686409,1.9640793800354004
13500,mha,123,1,15,0.06853037327528,0.06150403991341591,1.9640793800354004
13500,mha,123,2,0,0.07366444915533066,0.06345900148153305,1.5847145318984985
13500,mha,123,2,1,0.06299560517072678,0.06296392530202866,1.5847145318984985
13500,mha,123,2,2,0.08807983249425888,0.07571816444396973,1.5847145318984985
13500,mha,123,2,3,0.06054290756583214,0.06689880043268204,1.5847145318984985
13500,mha,123,2,4,0.056652627885341644,0.05828061327338219,1.5847145318984985
13500,mha,123,2,5,0.03626352921128273,0.057227376848459244,1.5847145318984985
13500,mha,123,2,6,0.06862833350896835,0.060352012515068054,1.5847145318984985
13500,mha,123,2,7,0.06594136357307434,0.061257220804691315,1.5847145318984985
13500,mha,123,2,8,0.05789631977677345,0.057898152619600296,1.5847145318984985
13500,mha,123,2,9,0.0688774585723877,0.06039847061038017,1.5847145318984985
13500,mha,123,2,10,0.06527465581893921,0.07527504861354828,1.5847145318984985
13500,mha,123,2,11,0.07723734527826309,0.07665028423070908,1.5847145318984985
13500,mha,123,2,12,0.05645599216222763,0.047381456941366196,1.5847145318984985
13500,mha,123,2,13,0.0466957613825798,0.05316683277487755,1.5847145318984985
13500,mha,123,2,14,0.0532093308866024,0.06418264657258987,1.5847145318984985
13500,mha,123,2,15,0.06158447265625,0.058890145272016525,1.5847145318984985
13500,mha,123,3,0,0.05825256183743477,0.07427247613668442,1.2637407779693604
13500,mha,123,3,1,0.045363157987594604,0.05688178911805153,1.2637407779693604
13500,mha,123,3,2,0.04989613965153694,0.05068248137831688,1.2637407779693604
13500,mha,123,3,3,0.09090901911258698,0.07884754985570908,1.2637407779693604
13500,mha,123,3,4,0.0371277891099453,0.03561894968152046,1.2637407779693604
13500,mha,123,3,5,0.0810820534825325,0.07389294356107712,1.2637407779693604
13500,mha,123,3,6,0.08754516392946243,0.0756305679678917,1.2637407779693604
13500,mha,123,3,7,0.05831441283226013,0.05598615109920502,1.2637407779693604
13500,mha,123,3,8,0.07455688714981079,0.07260476797819138,1.2637407779693604
13500,mha,123,3,9,0.0843583196401596,0.08160322904586792,1.2637407779693604
13500,mha,123,3,10,0.08935536444187164,0.09183132648468018,1.2637407779693604
13500,mha,123,3,11,0.029306843876838684,0.036175236105918884,1.2637407779693604
13500,mha,123,3,12,0.035598449409008026,0.0347839817404747,1.2637407779693604
13500,mha,123,3,13,0.055010680109262466,0.06222882494330406,1.2637407779693604
13500,mha,123,3,14,0.07415323704481125,0.06439553946256638,1.2637407779693604
13500,mha,123,3,15,0.04916992038488388,0.054564088582992554,1.2637407779693604
13500,mha,123,4,0,0.0508950799703598,0.057680949568748474,1.2348929643630981
13500,mha,123,4,1,0.04231862351298332,0.047324083745479584,1.2348929643630981
13500,mha,123,4,2,0.0441468320786953,0.04814816638827324,1.2348929643630981
13500,mha,123,4,3,0.10851532220840454,0.10028379410505295,1.2348929643630981
13500,mha,123,4,4,0.07928405702114105,0.0810273066163063,1.2348929643630981
13500,mha,123,4,5,0.0725066140294075,0.06366670876741409,1.2348929643630981
13500,mha,123,4,6,0.046069540083408356,0.06379440426826477,1.2348929643630981
13500,mha,123,4,7,0.06580241024494171,0.0755784809589386,1.2348929643630981
13500,mha,123,4,8,0.08257558196783066,0.07131294906139374,1.2348929643630981
13500,mha,123,4,9,0.08442911505699158,0.06714838743209839,1.2348929643630981
13500,mha,123,4,10,0.06628397852182388,0.057743098586797714,1.2348929643630981
13500,mha,123,4,11,0.08239227533340454,0.06567986309528351,1.2348929643630981
13500,mha,123,4,12,0.06269582360982895,0.06043573468923569,1.2348929643630981
13500,mha,123,4,13,0.03525899350643158,0.03549389913678169,1.2348929643630981
13500,mha,123,4,14,0.024258118122816086,0.030426178127527237,1.2348929643630981
13500,mha,123,4,15,0.05256764590740204,0.07425616681575775,1.2348929643630981
13500,mha,123,5,0,0.04122161865234375,0.040645696222782135,1.3896973133087158
13500,mha,123,5,1,0.036432087421417236,0.033259086310863495,1.3896973133087158
13500,mha,123,5,2,0.0982901006937027,0.08856517821550369,1.3896973133087158
13500,mha,123,5,3,0.048857420682907104,0.06874992698431015,1.3896973133087158
13500,mha,123,5,4,0.03602122142910957,0.04721274599432945,1.3896973133087158
13500,mha,123,5,5,0.05715881288051605,0.06007838621735573,1.3896973133087158
13500,mha,123,5,6,0.04587035998702049,0.03691461309790611,1.3896973133087158
13500,mha,123,5,7,0.07095906883478165,0.06105250492691994,1.3896973133087158
13500,mha,123,5,8,0.07236165553331375,0.06904144585132599,1.3896973133087158
13500,mha,123,5,9,0.10267405211925507,0.10849400609731674,1.3896973133087158
13500,mha,123,5,10,0.03148752823472023,0.04394267871975899,1.3896973133087158
13500,mha,123,5,11,0.1030978411436081,0.07702647894620895,1.3896973133087158
13500,mha,123,5,12,0.047112733125686646,0.06630656123161316,1.3896973133087158
13500,mha,123,5,13,0.05351002886891365,0.045569807291030884,1.3896973133087158
13500,mha,123,5,14,0.060226235538721085,0.06325782090425491,1.3896973133087158
13500,mha,123,5,15,0.09471923857927322,0.08988302946090698,1.3896973133087158
14000,mha,123,1,0,0.054734088480472565,0.05473681166768074,1.9617047309875488
14000,mha,123,1,1,0.07073751091957092,0.06480640172958374,1.9617047309875488
14000,mha,123,1,2,0.057792458683252335,0.0564899817109108,1.9617047309875488
14000,mha,123,1,3,0.04952097684144974,0.04985279217362404,1.9617047309875488
14000,mha,123,1,4,0.06998952478170395,0.060328349471092224,1.9617047309875488
14000,mha,123,1,5,0.060974426567554474,0.0651482492685318,1.9617047309875488
14000,mha,123,1,6,0.06330810487270355,0.06628014892339706,1.9617047309875488
14000,mha,123,1,7,0.06804260611534119,0.05882877856492996,1.9617047309875488
14000,mha,123,1,8,0.062365416437387466,0.07043087482452393,1.9617047309875488
14000,mha,123,1,9,0.06756998598575592,0.06604086607694626,1.9617047309875488
14000,mha,123,1,10,0.06327077001333237,0.06473196297883987,1.9617047309875488
14000,mha,123,1,11,0.06030720844864845,0.06272781640291214,1.9617047309875488
14000,mha,123,1,12,0.06341196596622467,0.06697557866573334,1.9617047309875488
14000,mha,123,1,13,0.05863372981548309,0.07193011790513992,1.9617047309875488
14000,mha,123,1,14,0.05874379351735115,0.05648510158061981,1.9617047309875488
14000,mha,123,1,15,0.07059743255376816,0.06420627236366272,1.9617047309875488
14000,mha,123,2,0,0.07552571594715118,0.0644347220659256,1.5894935131072998
14000,mha,123,2,1,0.06338470429182053,0.06298056244850159,1.5894935131072998
14000,mha,123,2,2,0.08804341405630112,0.07550252228975296,1.5894935131072998
14000,mha,123,2,3,0.0608164481818676,0.06585709005594254,1.5894935131072998
14000,mha,123,2,4,0.05799286067485809,0.05926579236984253,1.5894935131072998
14000,mha,123,2,5,0.036438193172216415,0.0576339028775692,1.5894935131072998
14000,mha,123,2,6,0.06863901764154434,0.06054411083459854,1.5894935131072998
14000,mha,123,2,7,0.06272247433662415,0.058597780764102936,1.5894935131072998
14000,mha,123,2,8,0.05935058742761612,0.05905316025018692,1.5894935131072998
14000,mha,123,2,9,0.06760050356388092,0.06036042049527168,1.5894935131072998
14000,mha,123,2,10,0.0650106817483902,0.07534897327423096,1.5894935131072998
14000,mha,123,2,11,0.07689544558525085,0.07664170861244202,1.5894935131072998
14000,mha,123,2,12,0.057046711444854736,0.047885846346616745,1.5894935131072998
14000,mha,123,2,13,0.04750823974609375,0.05367178097367287,1.5894935131072998
14000,mha,123,2,14,0.05363098159432411,0.06443794816732407,1.5894935131072998
14000,mha,123,2,15,0.059394024312496185,0.05778371915221214,1.5894935131072998
14000,mha,123,3,0,0.05962982028722763,0.07580637186765671,1.2625377178192139
14000,mha,123,3,1,0.04576273635029793,0.05666292831301689,1.2625377178192139
14000,mha,123,3,2,0.0500558465719223,0.050922732800245285,1.2625377178192139
14000,mha,123,3,3,0.09003183990716934,0.07784327119588852,1.2625377178192139
14000,mha,123,3,4,0.03784139081835747,0.035825055092573166,1.2625377178192139
14000,mha,123,3,5,0.08185089379549026,0.07533502578735352,1.2625377178192139
14000,mha,123,3,6,0.08765807747840881,0.0757131576538086,1.2625377178192139
14000,mha,123,3,7,0.05617238208651543,0.05452955141663551,1.2625377178192139
14000,mha,123,3,8,0.07491973787546158,0.07251358777284622,1.2625377178192139
14000,mha,123,3,9,0.08433695137500763,0.0818217322230339,1.2625377178192139
14000,mha,123,3,10,0.08845499902963638,0.09152619540691376,1.2625377178192139
14000,mha,123,3,11,0.029113363474607468,0.03570880740880966,1.2625377178192139
14000,mha,123,3,12,0.03725331649184227,0.035999927669763565,1.2625377178192139
14000,mha,123,3,13,0.05443837493658066,0.06219841167330742,1.2625377178192139
14000,mha,123,3,14,0.07435190677642822,0.06386737525463104,1.2625377178192139
14000,mha,123,3,15,0.04812835529446602,0.053725793957710266,1.2625377178192139
14000,mha,123,4,0,0.05055592954158783,0.05670226365327835,1.23164701461792
14000,mha,123,4,1,0.04187774658203125,0.046644989401102066,1.23164701461792
14000,mha,123,4,2,0.04331308975815773,0.04740748926997185,1.23164701461792
14000,mha,123,4,3,0.10929138213396072,0.10134682059288025,1.23164701461792
14000,mha,123,4,4,0.08030547946691513,0.08228626102209091,1.23164701461792
14000,mha,123,4,5,0.07162821292877197,0.06282883137464523,1.23164701461792
14000,mha,123,4,6,0.04516418278217316,0.06258225440979004,1.23164701461792
14000,mha,123,4,7,0.06589742004871368,0.07714660465717316,1.23164701461792
14000,mha,123,4,8,0.08256500214338303,0.07080933451652527,1.23164701461792
14000,mha,123,4,9,0.08590952306985855,0.0680873915553093,1.23164701461792
14000,mha,123,4,10,0.06787414848804474,0.0591387115418911,1.23164701461792
14000,mha,123,4,11,0.08162160217761993,0.06511768698692322,1.23164701461792
14000,mha,123,4,12,0.06158996745944023,0.05941944941878319,1.23164701461792
14000,mha,123,4,13,0.03615356609225273,0.03633463755249977,1.23164701461792
14000,mha,123,4,14,0.024131877347826958,0.030255453661084175,1.23164701461792
14000,mha,123,4,15,0.0521208681166172,0.0738917738199234,1.23164701461792
14000,mha,123,5,0,0.0409889742732048,0.0406670980155468,1.3941224813461304
14000,mha,123,5,1,0.03453826904296875,0.03221874311566353,1.3941224813461304
14000,mha,123,5,2,0.10059376806020737,0.09169664978981018,1.3941224813461304
14000,mha,123,5,3,0.04757140949368477,0.06690416485071182,1.3941224813461304
14000,mha,123,5,4,0.036993712186813354,0.048527780920267105,1.3941224813461304
14000,mha,123,5,5,0.0567665621638298,0.05932135134935379,1.3941224813461304
14000,mha,123,5,6,0.046560466289520264,0.037379343062639236,1.3941224813461304
14000,mha,123,5,7,0.0729268416762352,0.06323365867137909,1.3941224813461304
14000,mha,123,5,8,0.07167775183916092,0.06860356032848358,1.3941224813461304
14000,mha,123,5,9,0.10183075070381165,0.10722818970680237,1.3941224813461304
14000,mha,123,5,10,0.03149068355560303,0.04346633702516556,1.3941224813461304
14000,mha,123,5,11,0.10248850286006927,0.07677055150270462,1.3941224813461304
14000,mha,123,5,12,0.0470103956758976,0.06576854735612869,1.3941224813461304
14000,mha,123,5,13,0.054255980998277664,0.046565815806388855,1.3941224813461304
14000,mha,123,5,14,0.05947886034846306,0.062090251594781876,1.3941224813461304
14000,mha,123,5,15,0.0948270633816719,0.08955796808004379,1.3941224813461304
14500,mha,123,1,0,0.04730641841888428,0.051666248589754105,1.9480421543121338
14500,mha,123,1,1,0.06817169487476349,0.06299678981304169,1.9480421543121338
14500,mha,123,1,2,0.06063852831721306,0.05743434280157089,1.9480421543121338
14500,mha,123,1,3,0.04859558120369911,0.04923570156097412,1.9480421543121338
14500,mha,123,1,4,0.07230173796415329,0.061931438744068146,1.9480421543121338
14500,mha,123,1,5,0.059564922004938126,0.06371103227138519,1.9480421543121338
14500,mha,123,1,6,0.06345000863075256,0.06696465611457825,1.9480421543121338
14500,mha,123,1,7,0.06852711737155914,0.05863146483898163,1.9480421543121338
14500,mha,123,1,8,0.06469553709030151,0.07220440357923508,1.9480421543121338
14500,mha,123,1,9,0.07125722616910934,0.06890945136547089,1.9480421543121338
14500,mha,123,1,10,0.06324493139982224,0.06437602639198303,1.9480421543121338
14500,mha,123,1,11,0.0569070428609848,0.060717400163412094,1.9480421543121338
14500,mha,123,1,12,0.06457967311143875,0.06789825856685638,1.9480421543121338
14500,mha,123,1,13,0.060462240129709244,0.07312654703855515,1.9480421543121338
14500,mha,123,1,14,0.059696655720472336,0.056762516498565674,1.9480421543121338
14500,mha,123,1,15,0.07060068845748901,0.06343373656272888,1.9480421543121338
14500,mha,123,2,0,0.07135976105928421,0.06157086789608002,1.5879055261611938
14500,mha,123,2,1,0.06128112971782684,0.06191464141011238,1.5879055261611938
14500,mha,123,2,2,0.08879425376653671,0.07639680057764053,1.5879055261611938
14500,mha,123,2,3,0.06034708768129349,0.06602999567985535,1.5879055261611938
14500,mha,123,2,4,0.05782877653837204,0.05908085033297539,1.5879055261611938
14500,mha,123,2,5,0.03721883147954941,0.058278247714042664,1.5879055261611938
14500,mha,123,2,6,0.06857096403837204,0.06082310900092125,1.5879055261611938
14500,mha,123,2,7,0.061975300312042236,0.05795005336403847,1.5879055261611938
14500,mha,123,2,8,0.059967245906591415,0.059487875550985336,1.5879055261611938
14500,mha,123,2,9,0.07174520194530487,0.06275888532400131,1.5879055261611938
14500,mha,123,2,10,0.06449625641107559,0.07487494498491287,1.5879055261611938
14500,mha,123,2,11,0.0752340704202652,0.07446364313364029,1.5879055261611938
14500,mha,123,2,12,0.05709279328584671,0.04763348400592804,1.5879055261611938
14500,mha,123,2,13,0.048337604850530624,0.05438034236431122,1.5879055261611938
14500,mha,123,2,14,0.054343871772289276,0.06520934402942657,1.5879055261611938
14500,mha,123,2,15,0.06140686199069023,0.05914679914712906,1.5879055261611938
14500,mha,123,3,0,0.05952972546219826,0.07578223943710327,1.2653045654296875
14500,mha,123,3,1,0.04600168764591217,0.05742230638861656,1.2653045654296875
14500,mha,123,3,2,0.050282999873161316,0.05114720016717911,1.2653045654296875
14500,mha,123,3,3,0.08849629759788513,0.07642292976379395,1.2653045654296875
14500,mha,123,3,4,0.03704772889614105,0.03546605259180069,1.2653045654296875
14500,mha,123,3,5,0.08070943504571915,0.07428673654794693,1.2653045654296875
14500,mha,123,3,6,0.08937540650367737,0.07663913816213608,1.2653045654296875
14500,mha,123,3,7,0.05504221469163895,0.053951445966959,1.2653045654296875
14500,mha,123,3,8,0.07534494996070862,0.07278507202863693,1.2653045654296875
14500,mha,123,3,9,0.08497212827205658,0.08236569911241531,1.2653045654296875
14500,mha,123,3,10,0.08905680477619171,0.09127665311098099,1.2653045654296875
14500,mha,123,3,11,0.029606526717543602,0.03661300614476204,1.2653045654296875
14500,mha,123,3,12,0.03786376863718033,0.03594716265797615,1.2653045654296875
14500,mha,123,3,13,0.05485890805721283,0.06271234154701233,1.2653045654296875
14500,mha,123,3,14,0.07402628660202026,0.06377069652080536,1.2653045654296875
14500,mha,123,3,15,0.047785136848688126,0.05341140925884247,1.2653045654296875
14500,mha,123,4,0,0.05089528486132622,0.05736284330487251,1.236869215965271
14500,mha,123,4,1,0.04242055118083954,0.04712814837694168,1.236869215965271
14500,mha,123,4,2,0.04393910616636276,0.04793766140937805,1.236869215965271
14500,mha,123,4,3,0.10870534181594849,0.10006280243396759,1.236869215965271
14500,mha,123,4,4,0.07979227602481842,0.08194606751203537,1.236869215965271
14500,mha,123,4,5,0.07153788208961487,0.06336700171232224,1.236869215965271
14500,mha,123,4,6,0.04609670117497444,0.0644448846578598,1.236869215965271
14500,mha,123,4,7,0.06714314967393875,0.07800282537937164,1.236869215965271
14500,mha,123,4,8,0.08203409612178802,0.07022891938686371,1.236869215965271
14500,mha,123,4,9,0.08376332372426987,0.06615792959928513,1.236869215965271
14500,mha,123,4,10,0.0681718960404396,0.05961942672729492,1.236869215965271
14500,mha,123,4,11,0.08073211461305618,0.06393739581108093,1.236869215965271
14500,mha,123,4,12,0.06255493313074112,0.06032482907176018,1.236869215965271
14500,mha,123,4,13,0.036595966666936874,0.03612174466252327,1.236869215965271
14500,mha,123,4,14,0.0234699510037899,0.029994020238518715,1.236869215965271
14500,mha,123,4,15,0.05214742198586464,0.07336345314979553,1.236869215965271
14500,mha,123,5,0,0.042450662702322006,0.04185029864311218,1.3907091617584229
14500,mha,123,5,1,0.03626098483800888,0.03308306261897087,1.3907091617584229
14500,mha,123,5,2,0.09781117737293243,0.08799810707569122,1.3907091617584229
14500,mha,123,5,3,0.047878723591566086,0.06806624680757523,1.3907091617584229
14500,mha,123,5,4,0.03715097904205322,0.04896463826298714,1.3907091617584229
14500,mha,123,5,5,0.05594024807214737,0.05891728028655052,1.3907091617584229
14500,mha,123,5,6,0.04689798876643181,0.03740404173731804,1.3907091617584229
14500,mha,123,5,7,0.0721067264676094,0.06246623396873474,1.3907091617584229
14500,mha,123,5,8,0.06983551383018494,0.06748578697443008,1.3907091617584229
14500,mha,123,5,9,0.10211751610040665,0.1078566238284111,1.3907091617584229
14500,mha,123,5,10,0.032092589884996414,0.04349744692444801,1.3907091617584229
14500,mha,123,5,11,0.10333465784788132,0.07723603397607803,1.3907091617584229
14500,mha,123,5,12,0.04702199250459671,0.06576494127511978,1.3907091617584229
14500,mha,123,5,13,0.05365895479917526,0.045829590409994125,1.3907091617584229
14500,mha,123,5,14,0.06139587238430977,0.06407015770673752,1.3907091617584229
14500,mha,123,5,15,0.09404540807008743,0.0895095095038414,1.3907091617584229
15000,mha,123,1,0,0.057685546576976776,0.055809129029512405,1.9497177600860596
15000,mha,123,1,1,0.07026652246713638,0.06460706889629364,1.9497177600860596
15000,mha,123,1,2,0.05519663542509079,0.056422241032123566,1.9497177600860596
15000,mha,123,1,3,0.04707428067922592,0.04816802963614464,1.9497177600860596
15000,mha,123,1,4,0.0684211254119873,0.05906609073281288,1.9497177600860596
15000,mha,123,1,5,0.06224517896771431,0.06664251536130905,1.9497177600860596
15000,mha,123,1,6,0.06263203918933868,0.06436101347208023,1.9497177600860596
15000,mha,123,1,7,0.06670888513326645,0.05831047147512436,1.9497177600860596
15000,mha,123,1,8,0.06548237800598145,0.0730748400092125,1.9497177600860596
15000,mha,123,1,9,0.06656911224126816,0.06542038172483444,1.9497177600860596
15000,mha,123,1,10,0.06288431584835052,0.06375178694725037,1.9497177600860596
15000,mha,123,1,11,0.05676066130399704,0.061418432742357254,1.9497177600860596
15000,mha,123,1,12,0.06488443911075592,0.06795773655176163,1.9497177600860596
15000,mha,123,1,13,0.060884296894073486,0.07358935475349426,1.9497177600860596
15000,mha,123,1,14,0.061902161687612534,0.058442212641239166,1.9497177600860596
15000,mha,123,1,15,0.07040242850780487,0.0629587173461914,1.9497177600860596
15000,mha,123,2,0,0.07438720762729645,0.06328248977661133,1.5853068828582764
15000,mha,123,2,1,0.06471873074769974,0.06432323157787323,1.5853068828582764
15000,mha,123,2,2,0.0886942520737648,0.0759168192744255,1.5853068828582764
15000,mha,123,2,3,0.05957834795117378,0.06574760377407074,1.5853068828582764
15000,mha,123,2,4,0.05627960339188576,0.058311499655246735,1.5853068828582764
15000,mha,123,2,5,0.03651539981365204,0.05786149948835373,1.5853068828582764
15000,mha,123,2,6,0.06945495307445526,0.06126883253455162,1.5853068828582764
15000,mha,123,2,7,0.06175241991877556,0.05807702988386154,1.5853068828582764
15000,mha,123,2,8,0.06011240556836128,0.059758350253105164,1.5853068828582764
15000,mha,123,2,9,0.07200399041175842,0.06339588016271591,1.5853068828582764
15000,mha,123,2,10,0.06428070366382599,0.07442869991064072,1.5853068828582764
15000,mha,123,2,11,0.07719980925321579,0.07652661204338074,1.5853068828582764
15000,mha,123,2,12,0.056428324431180954,0.04769226163625717,1.5853068828582764
15000,mha,123,2,13,0.045066121965646744,0.051707517355680466,1.5853068828582764
15000,mha,123,2,14,0.05141092836856842,0.062290389090776443,1.5853068828582764
15000,mha,123,2,15,0.062116801738739014,0.05941121280193329,1.5853068828582764
15000,mha,123,3,0,0.06024627760052681,0.07586853206157684,1.2632122039794922
15000,mha,123,3,1,0.045186564326286316,0.056818887591362,1.2632122039794922
15000,mha,123,3,2,0.04913615062832832,0.05040577054023743,1.2632122039794922
15000,mha,123,3,3,0.08988342434167862,0.0779198482632637,1.2632122039794922
15000,mha,123,3,4,0.0373496487736702,0.03579341992735863,1.2632122039794922
15000,mha,123,3,5,0.07958190888166428,0.07323437184095383,1.2632122039794922
15000,mha,123,3,6,0.09005798399448395,0.07699227333068848,1.2632122039794922
15000,mha,123,3,7,0.056763507425785065,0.05516735091805458,1.2632122039794922
15000,mha,123,3,8,0.07699890434741974,0.07438161969184875,1.2632122039794922
15000,mha,123,3,9,0.08489542454481125,0.08277866989374161,1.2632122039794922
15000,mha,123,3,10,0.08769948035478592,0.0898529589176178,1.2632122039794922
15000,mha,123,3,11,0.028375040739774704,0.03525394946336746,1.2632122039794922
15000,mha,123,3,12,0.038436178117990494,0.036764394491910934,1.2632122039794922
15000,mha,123,3,13,0.05478058010339737,0.06291363388299942,1.2632122039794922
15000,mha,123,3,14,0.07321329414844513,0.06287658959627151,1.2632122039794922
15000,mha,123,3,15,0.04739563167095184,0.05297781899571419,1.2632122039794922
15000,mha,123,4,0,0.04983622208237648,0.0568493977189064,1.2361271381378174
15000,mha,123,4,1,0.04161733016371727,0.0457596592605114,1.2361271381378174
15000,mha,123,4,2,0.043279215693473816,0.047908224165439606,1.2361271381378174
15000,mha,123,4,3,0.10885355621576309,0.09944360703229904,1.2361271381378174
15000,mha,123,4,4,0.0800468921661377,0.08146324753761292,1.2361271381378174
15000,mha,123,4,5,0.07199890166521072,0.06327535212039948,1.2361271381378174
15000,mha,123,4,6,0.04615285247564316,0.06462515890598297,1.2361271381378174
15000,mha,123,4,7,0.0670737698674202,0.07857289910316467,1.2361271381378174
15000,mha,123,4,8,0.08180470764636993,0.07083381712436676,1.2361271381378174
15000,mha,123,4,9,0.08519063144922256,0.06744663417339325,1.2361271381378174
15000,mha,123,4,10,0.06801625341176987,0.05908094346523285,1.2361271381378174
15000,mha,123,4,11,0.08177673071622849,0.06445692479610443,1.2361271381378174
15000,mha,123,4,12,0.061251118779182434,0.059212252497673035,1.2361271381378174
15000,mha,123,4,13,0.03674051910638809,0.03653114289045334,1.2361271381378174
15000,mha,123,4,14,0.023384196683764458,0.0298170056194067,1.2361271381378174
15000,mha,123,4,15,0.05297709256410599,0.07472379505634308,1.2361271381378174
15000,mha,123,5,0,0.040044452995061874,0.040070027112960815,1.394679069519043
15000,mha,123,5,1,0.0357329286634922,0.033019326627254486,1.394679069519043
15000,mha,123,5,2,0.09881530702114105,0.08841904252767563,1.394679069519043
15000,mha,123,5,3,0.04747985675930977,0.0677444264292717,1.394679069519043
15000,mha,123,5,4,0.036396484822034836,0.04818838834762573,1.394679069519043
15000,mha,123,5,5,0.058038126677274704,0.06050474941730499,1.394679069519043
15000,mha,123,5,6,0.04581044614315033,0.03672906011343002,1.394679069519043
15000,mha,123,5,7,0.07115702331066132,0.062074434012174606,1.394679069519043
15000,mha,123,5,8,0.07095205038785934,0.06841393560171127,1.394679069519043
15000,mha,123,5,9,0.10229909420013428,0.10851863771677017,1.394679069519043
15000,mha,123,5,10,0.031593117862939835,0.04342721030116081,1.394679069519043
15000,mha,123,5,11,0.10344492644071579,0.0767858475446701,1.394679069519043
15000,mha,123,5,12,0.04696909710764885,0.06587029248476028,1.394679069519043
15000,mha,123,5,13,0.05551289767026901,0.04683326929807663,1.394679069519043
15000,mha,123,5,14,0.06267639249563217,0.06557466089725494,1.394679069519043
15000,mha,123,5,15,0.09307780116796494,0.08782660961151123,1.394679069519043
