iter,attn_mode,backbone,seed,layer,expert,selected_fraction,mean_probability,router_entropy
0,mla_coupled,moe,456,1,0,0.03749755769968033,0.05458543449640274,2.628491163253784
0,mla_coupled,moe,456,1,1,0.04707153141498566,0.05866735056042671,2.628491163253784
0,mla_coupled,moe,456,1,2,0.09017334133386612,0.07022611051797867,2.628491163253784
0,mla_coupled,moe,456,1,3,0.08967284858226776,0.07192881405353546,2.628491163253784
0,mla_coupled,moe,456,1,4,0.04347778484225273,0.05328793451189995,2.628491163253784
0,mla_coupled,moe,456,1,5,0.06712402403354645,0.06899064034223557,2.628491163253784
0,mla_coupled,moe,456,1,6,0.07625243812799454,0.06721732020378113,2.628491163253784
0,mla_coupled,moe,456,1,7,0.07068847864866257,0.0643642470240593,2.628491163253784
0,mla_coupled,moe,456,1,8,0.05994628742337227,0.06406833231449127,2.628491163253784
0,mla_coupled,moe,456,1,9,0.06943237036466599,0.06068204343318939,2.628491163253784
0,mla_coupled,moe,456,1,10,0.07033447176218033,0.06783612817525864,2.628491163253784
0,mla_coupled,moe,456,1,11,0.0839245617389679,0.07002560794353485,2.628491163253784
0,mla_coupled,moe,456,1,12,0.04954467713832855,0.0586019903421402,2.628491163253784
0,mla_coupled,moe,456,1,13,0.04464111477136612,0.05341213196516037,2.628491163253784
0,mla_coupled,moe,456,1,14,0.04455810412764549,0.05445949733257294,2.628491163253784
0,mla_coupled,moe,456,1,15,0.05566040053963661,0.061646394431591034,2.628491163253784
0,mla_coupled,moe,456,2,0,0.036497801542282104,0.05642695352435112,2.626370906829834
0,mla_coupled,moe,456,2,1,0.05028930678963661,0.05975661426782608,2.626370906829834
0,mla_coupled,moe,456,2,2,0.09542114287614822,0.07375533133745193,2.626370906829834
0,mla_coupled,moe,456,2,3,0.06184326112270355,0.06153128296136856,2.626370906829834
0,mla_coupled,moe,456,2,4,0.0739758312702179,0.06707991659641266,2.626370906829834
0,mla_coupled,moe,456,2,5,0.03303588926792145,0.05231349915266037,2.626370906829834
0,mla_coupled,moe,456,2,6,0.03539184480905533,0.052684370428323746,2.626370906829834
0,mla_coupled,moe,456,2,7,0.06867919862270355,0.06807096302509308,2.626370906829834
0,mla_coupled,moe,456,2,8,0.10586059838533401,0.07411760091781616,2.626370906829834
0,mla_coupled,moe,456,2,9,0.0839855968952179,0.06638170778751373,2.626370906829834
0,mla_coupled,moe,456,2,10,0.05463256686925888,0.06062403693795204,2.626370906829834
0,mla_coupled,moe,456,2,11,0.05725707858800888,0.058446839451789856,2.626370906829834
0,mla_coupled,moe,456,2,12,0.07763061672449112,0.0674431174993515,2.626370906829834
0,mla_coupled,moe,456,2,13,0.03807983547449112,0.052979979664087296,2.626370906829834
0,mla_coupled,moe,456,2,14,0.05504028499126434,0.059711530804634094,2.626370906829834
0,mla_coupled,moe,456,2,15,0.07237914949655533,0.06867622584104538,2.626370906829834
0,mla_coupled,moe,456,3,0,0.060548096895217896,0.06158412620425224,2.627488613128662
0,mla_coupled,moe,456,3,1,0.056812744587659836,0.05897554010152817,2.627488613128662
0,mla_coupled,moe,456,3,2,0.07088623195886612,0.06600743532180786,2.627488613128662
0,mla_coupled,moe,456,3,3,0.015870360657572746,0.046024344861507416,2.627488613128662
0,mla_coupled,moe,456,3,4,0.08008789271116257,0.07021801918745041,2.627488613128662
0,mla_coupled,moe,456,3,5,0.08184082061052322,0.06935849785804749,2.627488613128662
0,mla_coupled,moe,456,3,6,0.027468262240290642,0.049353718757629395,2.627488613128662
0,mla_coupled,moe,456,3,7,0.08698974549770355,0.07203264534473419,2.627488613128662
0,mla_coupled,moe,456,3,8,0.05281127989292145,0.05880783870816231,2.627488613128662
0,mla_coupled,moe,456,3,9,0.1279577612876892,0.08201851695775986,2.627488613128662
0,mla_coupled,moe,456,3,10,0.03342041000723839,0.05343208834528923,2.627488613128662
0,mla_coupled,moe,456,3,11,0.03291381895542145,0.05134616419672966,2.627488613128662
0,mla_coupled,moe,456,3,12,0.06446044892072678,0.06481707096099854,2.627488613128662
0,mla_coupled,moe,456,3,13,0.047233887016773224,0.05719846859574318,2.627488613128662
0,mla_coupled,moe,456,3,14,0.10695678740739822,0.07651295512914658,2.627488613128662
0,mla_coupled,moe,456,3,15,0.053741455078125,0.062312591820955276,2.627488613128662
0,mla_coupled,moe,456,4,0,0.02968505769968033,0.0500604547560215,2.622399091720581
0,mla_coupled,moe,456,4,1,0.04757446423172951,0.06125984713435173,2.622399091720581
0,mla_coupled,moe,456,4,2,0.029020996764302254,0.05378343537449837,2.622399091720581
0,mla_coupled,moe,456,4,3,0.04108642414212227,0.05693682283163071,2.622399091720581
0,mla_coupled,moe,456,4,4,0.08519408851861954,0.06943424791097641,2.622399091720581
0,mla_coupled,moe,456,4,5,0.057861328125,0.06180950254201889,2.622399091720581
0,mla_coupled,moe,456,4,6,0.08878783881664276,0.07118460536003113,2.622399091720581
0,mla_coupled,moe,456,4,7,0.14951172471046448,0.08792850375175476,2.622399091720581
0,mla_coupled,moe,456,4,8,0.05970459058880806,0.0639553964138031,2.622399091720581
0,mla_coupled,moe,456,4,9,0.018208008259534836,0.046262260526418686,2.622399091720581
0,mla_coupled,moe,456,4,10,0.03380493074655533,0.05216808617115021,2.622399091720581
0,mla_coupled,moe,456,4,11,0.156402587890625,0.08911880850791931,2.622399091720581
0,mla_coupled,moe,456,4,12,0.022359618917107582,0.04726148769259453,2.622399091720581
0,mla_coupled,moe,456,4,13,0.03575683757662773,0.05414637178182602,2.622399091720581
0,mla_coupled,moe,456,4,14,0.08082153648138046,0.06981437653303146,2.622399091720581
0,mla_coupled,moe,456,4,15,0.06421997398138046,0.06487586349248886,2.622399091720581
0,mla_coupled,moe,456,5,0,0.09768310189247131,0.07467752695083618,2.625791072845459
0,mla_coupled,moe,456,5,1,0.02849487215280533,0.04947514086961746,2.625791072845459
0,mla_coupled,moe,456,5,2,0.08258423209190369,0.06956871598958969,2.625791072845459
0,mla_coupled,moe,456,5,3,0.06338745355606079,0.06296668201684952,2.625791072845459
0,mla_coupled,moe,456,5,4,0.03747192397713661,0.05573723837733269,2.625791072845459
0,mla_coupled,moe,456,5,5,0.11808715760707855,0.07925263792276382,2.625791072845459
0,mla_coupled,moe,456,5,6,0.01891235262155533,0.04463370889425278,2.625791072845459
0,mla_coupled,moe,456,5,7,0.06282959133386612,0.064225934445858,2.625791072845459
0,mla_coupled,moe,456,5,8,0.034577637910842896,0.053051307797431946,2.625791072845459
0,mla_coupled,moe,456,5,9,0.09356689453125,0.0729343593120575,2.625791072845459
0,mla_coupled,moe,456,5,10,0.055974122136831284,0.06169610098004341,2.625791072845459
0,mla_coupled,moe,456,5,11,0.11806518584489822,0.07883647829294205,2.625791072845459
0,mla_coupled,moe,456,5,12,0.04135742038488388,0.05639113858342171,2.625791072845459
0,mla_coupled,moe,456,5,13,0.046783447265625,0.058453645557165146,2.625791072845459
0,mla_coupled,moe,456,5,14,0.04208740219473839,0.05637885257601738,2.625791072845459
0,mla_coupled,moe,456,5,15,0.058137208223342896,0.06172052025794983,2.625791072845459
500,mla_coupled,moe,456,1,0,0.06420166045427322,0.06535978615283966,2.3857996463775635
500,mla_coupled,moe,456,1,1,0.029143067076802254,0.049539171159267426,2.3857996463775635
500,mla_coupled,moe,456,1,2,0.07107177376747131,0.05908903479576111,2.3857996463775635
500,mla_coupled,moe,456,1,3,0.11594970524311066,0.0774802640080452,2.3857996463775635
500,mla_coupled,moe,456,1,4,0.04115478694438934,0.043858252465724945,2.3857996463775635
500,mla_coupled,moe,456,1,5,0.09814819693565369,0.07875075191259384,2.3857996463775635
500,mla_coupled,moe,456,1,6,0.025358887389302254,0.04728582501411438,2.3857996463775635
500,mla_coupled,moe,456,1,7,0.04608154296875,0.05707427114248276,2.3857996463775635
500,mla_coupled,moe,456,1,8,0.08305664360523224,0.07249179482460022,2.3857996463775635
500,mla_coupled,moe,456,1,9,0.07624145597219467,0.06975241005420685,2.3857996463775635
500,mla_coupled,moe,456,1,10,0.049467772245407104,0.06363698840141296,2.3857996463775635
500,mla_coupled,moe,456,1,11,0.07553588598966599,0.07721918821334839,2.3857996463775635
500,mla_coupled,moe,456,1,12,0.08821777254343033,0.07129869610071182,2.3857996463775635
500,mla_coupled,moe,456,1,13,0.04618774354457855,0.06258490681648254,2.3857996463775635
500,mla_coupled,moe,456,1,14,0.04437255859375,0.05095423385500908,2.3857996463775635
500,mla_coupled,moe,456,1,15,0.04581054672598839,0.053624462336301804,2.3857996463775635
500,mla_coupled,moe,456,2,0,0.054960936307907104,0.06314127147197723,2.405893564224243
500,mla_coupled,moe,456,2,1,0.06302612274885178,0.06792379170656204,2.405893564224243
500,mla_coupled,moe,456,2,2,0.05140380933880806,0.04820413514971733,2.405893564224243
500,mla_coupled,moe,456,2,3,0.057353515177965164,0.059239305555820465,2.405893564224243
500,mla_coupled,moe,456,2,4,0.059080809354782104,0.05239081010222435,2.405893564224243
500,mla_coupled,moe,456,2,5,0.05059814453125,0.04927404224872589,2.405893564224243
500,mla_coupled,moe,456,2,6,0.028977051377296448,0.04835767671465874,2.405893564224243
500,mla_coupled,moe,456,2,7,0.10822387784719467,0.08048558980226517,2.405893564224243
500,mla_coupled,moe,456,2,8,0.048411864787340164,0.057684049010276794,2.405893564224243
500,mla_coupled,moe,456,2,9,0.06932251155376434,0.0700850561261177,2.405893564224243
500,mla_coupled,moe,456,2,10,0.08075683563947678,0.06958449631929398,2.405893564224243
500,mla_coupled,moe,456,2,11,0.053642578423023224,0.06495313346385956,2.405893564224243
500,mla_coupled,moe,456,2,12,0.05558593571186066,0.06805580854415894,2.405893564224243
500,mla_coupled,moe,456,2,13,0.08995483070611954,0.06347908079624176,2.405893564224243
500,mla_coupled,moe,456,2,14,0.062388915568590164,0.07068418711423874,2.405893564224243
500,mla_coupled,moe,456,2,15,0.06631225347518921,0.06645751744508743,2.405893564224243
500,mla_coupled,moe,456,3,0,0.07681640982627869,0.07995076477527618,2.142037868499756
500,mla_coupled,moe,456,3,1,0.030238037928938866,0.04685905575752258,2.142037868499756
500,mla_coupled,moe,456,3,2,0.055054932832717896,0.06607778370380402,2.142037868499756
500,mla_coupled,moe,456,3,3,0.07172363251447678,0.0609905906021595,2.142037868499756
500,mla_coupled,moe,456,3,4,0.06044677644968033,0.05724295228719711,2.142037868499756
500,mla_coupled,moe,456,3,5,0.05353027209639549,0.05580292269587517,2.142037868499756
500,mla_coupled,moe,456,3,6,0.05581909045577049,0.06044502556324005,2.142037868499756
500,mla_coupled,moe,456,3,7,0.07569213956594467,0.06678508967161179,2.142037868499756
500,mla_coupled,moe,456,3,8,0.06300659477710724,0.060678958892822266,2.142037868499756
500,mla_coupled,moe,456,3,9,0.060725096613168716,0.06167593598365784,2.142037868499756
500,mla_coupled,moe,456,3,10,0.07438720762729645,0.06887707859277725,2.142037868499756
500,mla_coupled,moe,456,3,11,0.05427246168255806,0.060299213975667953,2.142037868499756
500,mla_coupled,moe,456,3,12,0.078369140625,0.07566870003938675,2.142037868499756
500,mla_coupled,moe,456,3,13,0.06177001819014549,0.0563998706638813,2.142037868499756
500,mla_coupled,moe,456,3,14,0.062165528535842896,0.0670541450381279,2.142037868499756
500,mla_coupled,moe,456,3,15,0.06598266959190369,0.05519190803170204,2.142037868499756
500,mla_coupled,moe,456,4,0,0.060362547636032104,0.05656427890062332,1.9752528667449951
500,mla_coupled,moe,456,4,1,0.061284180730581284,0.056532472372055054,1.9752528667449951
500,mla_coupled,moe,456,4,2,0.06055663898587227,0.062180448323488235,1.9752528667449951
500,mla_coupled,moe,456,4,3,0.07593383640050888,0.0751081109046936,1.9752528667449951
500,mla_coupled,moe,456,4,4,0.05796630680561066,0.05885712057352066,1.9752528667449951
500,mla_coupled,moe,456,4,5,0.05383056774735451,0.05023326352238655,1.9752528667449951
500,mla_coupled,moe,456,4,6,0.0794665515422821,0.08056274056434631,1.9752528667449951
500,mla_coupled,moe,456,4,7,0.0908825695514679,0.08855001628398895,1.9752528667449951
500,mla_coupled,moe,456,4,8,0.07469970732927322,0.06755942851305008,1.9752528667449951
500,mla_coupled,moe,456,4,9,0.08463134616613388,0.07589280605316162,1.9752528667449951
500,mla_coupled,moe,456,4,10,0.03899291902780533,0.06729918718338013,1.9752528667449951
500,mla_coupled,moe,456,4,11,0.04812378063797951,0.043702904134988785,1.9752528667449951
500,mla_coupled,moe,456,4,12,0.06995727866888046,0.06441634148359299,1.9752528667449951
500,mla_coupled,moe,456,4,13,0.04673950374126434,0.05575162544846535,1.9752528667449951
500,mla_coupled,moe,456,4,14,0.05837646499276161,0.054040174931287766,1.9752528667449951
500,mla_coupled,moe,456,4,15,0.03819580003619194,0.042749084532260895,1.9752528667449951
500,mla_coupled,moe,456,5,0,0.062236327677965164,0.0730910450220108,2.1354384422302246
500,mla_coupled,moe,456,5,1,0.05528564378619194,0.060134850442409515,2.1354384422302246
500,mla_coupled,moe,456,5,2,0.10108886659145355,0.07582999020814896,2.1354384422302246
500,mla_coupled,moe,456,5,3,0.06338745355606079,0.05697076767683029,2.1354384422302246
500,mla_coupled,moe,456,5,4,0.046143800020217896,0.04551363363862038,2.1354384422302246
500,mla_coupled,moe,456,5,5,0.075653076171875,0.07268273085355759,2.1354384422302246
500,mla_coupled,moe,456,5,6,0.06154419109225273,0.05615432187914848,2.1354384422302246
500,mla_coupled,moe,456,5,7,0.09219848364591599,0.08509930968284607,2.1354384422302246
500,mla_coupled,moe,456,5,8,0.03304199129343033,0.044863153249025345,2.1354384422302246
500,mla_coupled,moe,456,5,9,0.05899414047598839,0.054788585752248764,2.1354384422302246
500,mla_coupled,moe,456,5,10,0.04888549819588661,0.0541384182870388,2.1354384422302246
500,mla_coupled,moe,456,5,11,0.04785522446036339,0.05375292897224426,2.1354384422302246
500,mla_coupled,moe,456,5,12,0.044200439006090164,0.06850489228963852,2.1354384422302246
500,mla_coupled,moe,456,5,13,0.08979980647563934,0.07711176574230194,2.1354384422302246
500,mla_coupled,moe,456,5,14,0.05831298977136612,0.051369763910770416,2.1354384422302246
500,mla_coupled,moe,456,5,15,0.061372071504592896,0.06999385356903076,2.1354384422302246
1000,mla_coupled,moe,456,1,0,0.055183105170726776,0.06009310111403465,2.474066734313965
1000,mla_coupled,moe,456,1,1,0.05191284045577049,0.06117141619324684,2.474066734313965
1000,mla_coupled,moe,456,1,2,0.03788574039936066,0.05717647448182106,2.474066734313965
1000,mla_coupled,moe,456,1,3,0.0819104015827179,0.06493797898292542,2.474066734313965
1000,mla_coupled,moe,456,1,4,0.0419921875,0.056226540356874466,2.474066734313965
1000,mla_coupled,moe,456,1,5,0.07642089575529099,0.06597168743610382,2.474066734313965
1000,mla_coupled,moe,456,1,6,0.09347289800643921,0.06372212618589401,2.474066734313965
1000,mla_coupled,moe,456,1,7,0.05036987364292145,0.061264585703611374,2.474066734313965
1000,mla_coupled,moe,456,1,8,0.06862670928239822,0.061251651495695114,2.474066734313965
1000,mla_coupled,moe,456,1,9,0.07384033501148224,0.06798281520605087,2.474066734313965
1000,mla_coupled,moe,456,1,10,0.06194824352860451,0.06515786051750183,2.474066734313965
1000,mla_coupled,moe,456,1,11,0.05827636644244194,0.0646667405962944,2.474066734313965
1000,mla_coupled,moe,456,1,12,0.06465820223093033,0.06068895757198334,2.474066734313965
1000,mla_coupled,moe,456,1,13,0.05225585773587227,0.06411512196063995,2.474066734313965
1000,mla_coupled,moe,456,1,14,0.04414428770542145,0.05717143043875694,2.474066734313965
1000,mla_coupled,moe,456,1,15,0.08710204809904099,0.06840150058269501,2.474066734313965
1000,mla_coupled,moe,456,2,0,0.06898559629917145,0.0655188336968422,2.4450879096984863
1000,mla_coupled,moe,456,2,1,0.07277099788188934,0.06941799819469452,2.4450879096984863
1000,mla_coupled,moe,456,2,2,0.049903564155101776,0.057644061744213104,2.4450879096984863
1000,mla_coupled,moe,456,2,3,0.05865112319588661,0.05801485851407051,2.4450879096984863
1000,mla_coupled,moe,456,2,4,0.07271118462085724,0.05723181739449501,2.4450879096984863
1000,mla_coupled,moe,456,2,5,0.06677612662315369,0.05865492671728134,2.4450879096984863
1000,mla_coupled,moe,456,2,6,0.058098144829273224,0.061110034584999084,2.4450879096984863
1000,mla_coupled,moe,456,2,7,0.07643188536167145,0.07360877096652985,2.4450879096984863
1000,mla_coupled,moe,456,2,8,0.06389770656824112,0.06044752895832062,2.4450879096984863
1000,mla_coupled,moe,456,2,9,0.06480102241039276,0.06830273568630219,2.4450879096984863
1000,mla_coupled,moe,456,2,10,0.06463989615440369,0.05686630681157112,2.4450879096984863
1000,mla_coupled,moe,456,2,11,0.05589477717876434,0.06373727321624756,2.4450879096984863
1000,mla_coupled,moe,456,2,12,0.05085449293255806,0.060768622905015945,2.4450879096984863
1000,mla_coupled,moe,456,2,13,0.05549316480755806,0.05212881416082382,2.4450879096984863
1000,mla_coupled,moe,456,2,14,0.04835571348667145,0.06476986408233643,2.4450879096984863
1000,mla_coupled,moe,456,2,15,0.07173462212085724,0.07177750021219254,2.4450879096984863
1000,mla_coupled,moe,456,3,0,0.07775512337684631,0.09683923423290253,1.7943713665008545
1000,mla_coupled,moe,456,3,1,0.04822631925344467,0.049872010946273804,1.7943713665008545
1000,mla_coupled,moe,456,3,2,0.06725097447633743,0.07348613440990448,1.7943713665008545
1000,mla_coupled,moe,456,3,3,0.04679687321186066,0.04724450036883354,1.7943713665008545
1000,mla_coupled,moe,456,3,4,0.08588745445013046,0.08098898828029633,1.7943713665008545
1000,mla_coupled,moe,456,3,5,0.05022827163338661,0.05355537310242653,1.7943713665008545
1000,mla_coupled,moe,456,3,6,0.05533813312649727,0.05698191747069359,1.7943713665008545
1000,mla_coupled,moe,456,3,7,0.07932128757238388,0.06831009685993195,1.7943713665008545
1000,mla_coupled,moe,456,3,8,0.07516112923622131,0.07191096246242523,1.7943713665008545
1000,mla_coupled,moe,456,3,9,0.04472900554537773,0.05004255846142769,1.7943713665008545
1000,mla_coupled,moe,456,3,10,0.056116942316293716,0.05620158836245537,1.7943713665008545
1000,mla_coupled,moe,456,3,11,0.06651855260133743,0.0622873529791832,1.7943713665008545
1000,mla_coupled,moe,456,3,12,0.07357177883386612,0.06706912815570831,1.7943713665008545
1000,mla_coupled,moe,456,3,13,0.051567383110523224,0.053047191351652145,1.7943713665008545
1000,mla_coupled,moe,456,3,14,0.053306885063648224,0.05390326678752899,1.7943713665008545
1000,mla_coupled,moe,456,3,15,0.06822387874126434,0.05825965851545334,1.7943713665008545
1000,mla_coupled,moe,456,4,0,0.08650634437799454,0.08994156867265701,1.5065109729766846
1000,mla_coupled,moe,456,4,1,0.050933837890625,0.04938696697354317,1.5065109729766846
1000,mla_coupled,moe,456,4,2,0.06948608160018921,0.07357823103666306,1.5065109729766846
1000,mla_coupled,moe,456,4,3,0.08053222298622131,0.08332120627164841,1.5065109729766846
1000,mla_coupled,moe,456,4,4,0.05466308444738388,0.045784786343574524,1.5065109729766846
1000,mla_coupled,moe,456,4,5,0.05896240100264549,0.05474650487303734,1.5065109729766846
1000,mla_coupled,moe,456,4,6,0.08324218541383743,0.09272302687168121,1.5065109729766846
1000,mla_coupled,moe,456,4,7,0.07047241181135178,0.07206183671951294,1.5065109729766846
1000,mla_coupled,moe,456,4,8,0.05819335952401161,0.06227388232946396,1.5065109729766846
1000,mla_coupled,moe,456,4,9,0.07190307974815369,0.06719385832548141,1.5065109729766846
1000,mla_coupled,moe,456,4,10,0.040800780057907104,0.06068779155611992,1.5065109729766846
1000,mla_coupled,moe,456,4,11,0.04768188297748566,0.04147658497095108,1.5065109729766846
1000,mla_coupled,moe,456,4,12,0.0800769031047821,0.07247398793697357,1.5065109729766846
1000,mla_coupled,moe,456,4,13,0.038520507514476776,0.05008205398917198,1.5065109729766846
1000,mla_coupled,moe,456,4,14,0.06052612140774727,0.0478556826710701,1.5065109729766846
1000,mla_coupled,moe,456,4,15,0.04749877750873566,0.036411989480257034,1.5065109729766846
1000,mla_coupled,moe,456,5,0,0.049553222954273224,0.05649038404226303,1.5477241277694702
1000,mla_coupled,moe,456,5,1,0.05209106579422951,0.05686725303530693,1.5477241277694702
1000,mla_coupled,moe,456,5,2,0.08509887754917145,0.06805140525102615,1.5477241277694702
1000,mla_coupled,moe,456,5,3,0.07883910834789276,0.08113893866539001,1.5477241277694702
1000,mla_coupled,moe,456,5,4,0.05424804612994194,0.04556301236152649,1.5477241277694702
1000,mla_coupled,moe,456,5,5,0.08240845054388046,0.08738106489181519,1.5477241277694702
1000,mla_coupled,moe,456,5,6,0.06476074457168579,0.056411728262901306,1.5477241277694702
1000,mla_coupled,moe,456,5,7,0.10569702088832855,0.12441152334213257,1.5477241277694702
1000,mla_coupled,moe,456,5,8,0.04326416179537773,0.04720104858279228,1.5477241277694702
1000,mla_coupled,moe,456,5,9,0.07453491538763046,0.06343099474906921,1.5477241277694702
1000,mla_coupled,moe,456,5,10,0.049995116889476776,0.04513071849942207,1.5477241277694702
1000,mla_coupled,moe,456,5,11,0.05402587726712227,0.0422130785882473,1.5477241277694702
1000,mla_coupled,moe,456,5,12,0.039805907756090164,0.058217719197273254,1.5477241277694702
1000,mla_coupled,moe,456,5,13,0.04886718839406967,0.04479521885514259,1.5477241277694702
1000,mla_coupled,moe,456,5,14,0.06634033471345901,0.059053052216768265,1.5477241277694702
1000,mla_coupled,moe,456,5,15,0.05046997219324112,0.06364285200834274,1.5477241277694702
1500,mla_coupled,moe,456,1,0,0.035888671875,0.060128215700387955,2.5880560874938965
1500,mla_coupled,moe,456,1,1,0.05186401307582855,0.06114308536052704,2.5880560874938965
1500,mla_coupled,moe,456,1,2,0.0809313952922821,0.06151102855801582,2.5880560874938965
1500,mla_coupled,moe,456,1,3,0.06574096530675888,0.05682951956987381,2.5880560874938965
1500,mla_coupled,moe,456,1,4,0.09177123755216599,0.06298520416021347,2.5880560874938965
1500,mla_coupled,moe,456,1,5,0.0851428210735321,0.06699171662330627,2.5880560874938965
1500,mla_coupled,moe,456,1,6,0.05439819395542145,0.06112954020500183,2.5880560874938965
1500,mla_coupled,moe,456,1,7,0.03689941391348839,0.060912467539310455,2.5880560874938965
1500,mla_coupled,moe,456,1,8,0.06985718011856079,0.06337609142065048,2.5880560874938965
1500,mla_coupled,moe,456,1,9,0.053181152790784836,0.062395237386226654,2.5880560874938965
1500,mla_coupled,moe,456,1,10,0.05411621183156967,0.061779629439115524,2.5880560874938965
1500,mla_coupled,moe,456,1,11,0.05448364093899727,0.06402423977851868,2.5880560874938965
1500,mla_coupled,moe,456,1,12,0.07678467035293579,0.06596250087022781,2.5880560874938965
1500,mla_coupled,moe,456,1,13,0.05080810561776161,0.06240733712911606,2.5880560874938965
1500,mla_coupled,moe,456,1,14,0.0594482421875,0.06257998198270798,2.5880560874938965
1500,mla_coupled,moe,456,1,15,0.07868408411741257,0.06584418565034866,2.5880560874938965
1500,mla_coupled,moe,456,2,0,0.06218506023287773,0.06503916531801224,2.52219820022583
1500,mla_coupled,moe,456,2,1,0.09713500738143921,0.07252538204193115,2.52219820022583
1500,mla_coupled,moe,456,2,2,0.07696045190095901,0.063485287129879,2.52219820022583
1500,mla_coupled,moe,456,2,3,0.08485961705446243,0.06685562431812286,2.52219820022583
1500,mla_coupled,moe,456,2,4,0.03546142578125,0.05010125786066055,2.52219820022583
1500,mla_coupled,moe,456,2,5,0.04920409992337227,0.059235721826553345,2.52219820022583
1500,mla_coupled,moe,456,2,6,0.052491456270217896,0.05902474373579025,2.52219820022583
1500,mla_coupled,moe,456,2,7,0.07819946110248566,0.06972869485616684,2.52219820022583
1500,mla_coupled,moe,456,2,8,0.014739990234375,0.052522726356983185,2.52219820022583
1500,mla_coupled,moe,456,2,9,0.06365356594324112,0.06747527420520782,2.52219820022583
1500,mla_coupled,moe,456,2,10,0.07118530571460724,0.060461368411779404,2.52219820022583
1500,mla_coupled,moe,456,2,11,0.05573730543255806,0.06180545687675476,2.52219820022583
1500,mla_coupled,moe,456,2,12,0.0717150866985321,0.0654868632555008,2.52219820022583
1500,mla_coupled,moe,456,2,13,0.054291993379592896,0.05583629757165909,2.52219820022583
1500,mla_coupled,moe,456,2,14,0.05946411192417145,0.06416692584753036,2.52219820022583
1500,mla_coupled,moe,456,2,15,0.07271606475114822,0.06624922901391983,2.52219820022583
1500,mla_coupled,moe,456,3,0,0.071380615234375,0.08610564470291138,1.7726621627807617
1500,mla_coupled,moe,456,3,1,0.05256347730755806,0.05585527420043945,1.7726621627807617
1500,mla_coupled,moe,456,3,2,0.05470459163188934,0.06261081993579865,1.7726621627807617
1500,mla_coupled,moe,456,3,3,0.05209716781973839,0.051093440502882004,1.7726621627807617
1500,mla_coupled,moe,456,3,4,0.09209960699081421,0.09070052206516266,1.7726621627807617
1500,mla_coupled,moe,456,3,5,0.05146240070462227,0.0564698725938797,1.7726621627807617
1500,mla_coupled,moe,456,3,6,0.06229858472943306,0.06021394580602646,1.7726621627807617
1500,mla_coupled,moe,456,3,7,0.08055420219898224,0.06980498135089874,1.7726621627807617
1500,mla_coupled,moe,456,3,8,0.07639160007238388,0.07314611971378326,1.7726621627807617
1500,mla_coupled,moe,456,3,9,0.04351562634110451,0.04927245154976845,1.7726621627807617
1500,mla_coupled,moe,456,3,10,0.06339599937200546,0.061280347406864166,1.7726621627807617
1500,mla_coupled,moe,456,3,11,0.05788574367761612,0.053967710584402084,1.7726621627807617
1500,mla_coupled,moe,456,3,12,0.05599365383386612,0.05472211539745331,1.7726621627807617
1500,mla_coupled,moe,456,3,13,0.04615234211087227,0.0509292334318161,1.7726621627807617
1500,mla_coupled,moe,456,3,14,0.05100341886281967,0.0508543886244297,1.7726621627807617
1500,mla_coupled,moe,456,3,15,0.0885009765625,0.07297317683696747,1.7726621627807617
1500,mla_coupled,moe,456,4,0,0.09581787139177322,0.10229547321796417,1.3814444541931152
1500,mla_coupled,moe,456,4,1,0.056854248046875,0.05246945470571518,1.3814444541931152
1500,mla_coupled,moe,456,4,2,0.0715319812297821,0.07619764655828476,1.3814444541931152
1500,mla_coupled,moe,456,4,3,0.09079834073781967,0.09004026651382446,1.3814444541931152
1500,mla_coupled,moe,456,4,4,0.042418211698532104,0.0369037464261055,1.3814444541931152
1500,mla_coupled,moe,456,4,5,0.053303223103284836,0.05373094975948334,1.3814444541931152
1500,mla_coupled,moe,456,4,6,0.08554931730031967,0.09547176957130432,1.3814444541931152
1500,mla_coupled,moe,456,4,7,0.077545166015625,0.07663694024085999,1.3814444541931152
1500,mla_coupled,moe,456,4,8,0.06541137397289276,0.06210669130086899,1.3814444541931152
1500,mla_coupled,moe,456,4,9,0.06114868074655533,0.06251104921102524,1.3814444541931152
1500,mla_coupled,moe,456,4,10,0.03395996242761612,0.05328674241900444,1.3814444541931152
1500,mla_coupled,moe,456,4,11,0.04972778260707855,0.04043295979499817,1.3814444541931152
1500,mla_coupled,moe,456,4,12,0.0736401379108429,0.06860759109258652,1.3814444541931152
1500,mla_coupled,moe,456,4,13,0.037639159709215164,0.047879427671432495,1.3814444541931152
1500,mla_coupled,moe,456,4,14,0.05473266541957855,0.04307420551776886,1.3814444541931152
1500,mla_coupled,moe,456,4,15,0.049921873956918716,0.03835507482290268,1.3814444541931152
1500,mla_coupled,moe,456,5,0,0.04730468615889549,0.05365927144885063,1.5106201171875
1500,mla_coupled,moe,456,5,1,0.043018799275159836,0.05023608356714249,1.5106201171875
1500,mla_coupled,moe,456,5,2,0.08092162758111954,0.062445737421512604,1.5106201171875
1500,mla_coupled,moe,456,5,3,0.07941040396690369,0.08715712279081345,1.5106201171875
1500,mla_coupled,moe,456,5,4,0.03692260757088661,0.03445607051253319,1.5106201171875
1500,mla_coupled,moe,456,5,5,0.08641357719898224,0.09478314220905304,1.5106201171875
1500,mla_coupled,moe,456,5,6,0.07574829459190369,0.06385506689548492,1.5106201171875
1500,mla_coupled,moe,456,5,7,0.11360107362270355,0.12734822928905487,1.5106201171875
1500,mla_coupled,moe,456,5,8,0.04679199308156967,0.0501701645553112,1.5106201171875
1500,mla_coupled,moe,456,5,9,0.06976806372404099,0.057828135788440704,1.5106201171875
1500,mla_coupled,moe,456,5,10,0.04822753742337227,0.04426027834415436,1.5106201171875
1500,mla_coupled,moe,456,5,11,0.0673205554485321,0.05222132056951523,1.5106201171875
1500,mla_coupled,moe,456,5,12,0.039906006306409836,0.0529884397983551,1.5106201171875
1500,mla_coupled,moe,456,5,13,0.042033690959215164,0.04141480103135109,1.5106201171875
1500,mla_coupled,moe,456,5,14,0.07558716088533401,0.06500750780105591,1.5106201171875
1500,mla_coupled,moe,456,5,15,0.04702392593026161,0.062168631702661514,1.5106201171875
2000,mla_coupled,moe,456,1,0,0.03594970703125,0.06254971772432327,2.682286024093628
2000,mla_coupled,moe,456,1,1,0.033477783203125,0.05870617553591728,2.682286024093628
2000,mla_coupled,moe,456,1,2,0.03850097581744194,0.060933005064725876,2.682286024093628
2000,mla_coupled,moe,456,1,3,0.07474853843450546,0.05776244029402733,2.682286024093628
2000,mla_coupled,moe,456,1,4,0.04206543043255806,0.06312281638383865,2.682286024093628
2000,mla_coupled,moe,456,1,5,0.07805786281824112,0.06501247733831406,2.682286024093628
2000,mla_coupled,moe,456,1,6,0.07171875238418579,0.06192396581172943,2.682286024093628
2000,mla_coupled,moe,456,1,7,0.07491577416658401,0.06590268760919571,2.682286024093628
2000,mla_coupled,moe,456,1,8,0.07128661870956421,0.06297898292541504,2.682286024093628
2000,mla_coupled,moe,456,1,9,0.07885375618934631,0.06360281258821487,2.682286024093628
2000,mla_coupled,moe,456,1,10,0.07299316674470901,0.06387720257043839,2.682286024093628
2000,mla_coupled,moe,456,1,11,0.044194336980581284,0.0615176297724247,2.682286024093628
2000,mla_coupled,moe,456,1,12,0.06795287877321243,0.06418920308351517,2.682286024093628
2000,mla_coupled,moe,456,1,13,0.08819824457168579,0.06260060518980026,2.682286024093628
2000,mla_coupled,moe,456,1,14,0.0655224621295929,0.06122986227273941,2.682286024093628
2000,mla_coupled,moe,456,1,15,0.06156371906399727,0.06409039348363876,2.682286024093628
2000,mla_coupled,moe,456,2,0,0.062312010675668716,0.06061798706650734,2.6057071685791016
2000,mla_coupled,moe,456,2,1,0.08556152135133743,0.06631012260913849,2.6057071685791016
2000,mla_coupled,moe,456,2,2,0.06512695550918579,0.06606737524271011,2.6057071685791016
2000,mla_coupled,moe,456,2,3,0.06927245855331421,0.06161735951900482,2.6057071685791016
2000,mla_coupled,moe,456,2,4,0.03749145567417145,0.05536673590540886,2.6057071685791016
2000,mla_coupled,moe,456,2,5,0.07247192412614822,0.06288151443004608,2.6057071685791016
2000,mla_coupled,moe,456,2,6,0.03818359225988388,0.05851142480969429,2.6057071685791016
2000,mla_coupled,moe,456,2,7,0.07668823003768921,0.06664769351482391,2.6057071685791016
2000,mla_coupled,moe,456,2,8,0.037968751043081284,0.061781369149684906,2.6057071685791016
2000,mla_coupled,moe,456,2,9,0.06978515535593033,0.06603456288576126,2.6057071685791016
2000,mla_coupled,moe,456,2,10,0.05096801742911339,0.0563623420894146,2.6057071685791016
2000,mla_coupled,moe,456,2,11,0.05254272371530533,0.06027938053011894,2.6057071685791016
2000,mla_coupled,moe,456,2,12,0.05036987364292145,0.059974607080221176,2.6057071685791016
2000,mla_coupled,moe,456,2,13,0.05826660245656967,0.06233964487910271,2.6057071685791016
2000,mla_coupled,moe,456,2,14,0.09883666783571243,0.0715477243065834,2.6057071685791016
2000,mla_coupled,moe,456,2,15,0.07415404915809631,0.06366016715765,2.6057071685791016
2000,mla_coupled,moe,456,3,0,0.07057495415210724,0.08427312970161438,1.8654252290725708
2000,mla_coupled,moe,456,3,1,0.06196044757962227,0.06138668581843376,1.8654252290725708
2000,mla_coupled,moe,456,3,2,0.06887329369783401,0.07461386919021606,1.8654252290725708
2000,mla_coupled,moe,456,3,3,0.05668456852436066,0.05496884509921074,1.8654252290725708
2000,mla_coupled,moe,456,3,4,0.08289184421300888,0.08637189120054245,1.8654252290725708
2000,mla_coupled,moe,456,3,5,0.055537108331918716,0.06127064302563667,1.8654252290725708
2000,mla_coupled,moe,456,3,6,0.05526977404952049,0.054024677723646164,1.8654252290725708
2000,mla_coupled,moe,456,3,7,0.08542358130216599,0.07083921134471893,1.8654252290725708
2000,mla_coupled,moe,456,3,8,0.05953124910593033,0.056858278810977936,1.8654252290725708
2000,mla_coupled,moe,456,3,9,0.038795165717601776,0.04696930572390556,1.8654252290725708
2000,mla_coupled,moe,456,3,10,0.054912108927965164,0.05578922852873802,1.8654252290725708
2000,mla_coupled,moe,456,3,11,0.06468627601861954,0.059426140040159225,1.8654252290725708
2000,mla_coupled,moe,456,3,12,0.05845947191119194,0.055709511041641235,1.8654252290725708
2000,mla_coupled,moe,456,3,13,0.05121215805411339,0.05433184280991554,1.8654252290725708
2000,mla_coupled,moe,456,3,14,0.05934326350688934,0.05760514736175537,1.8654252290725708
2000,mla_coupled,moe,456,3,15,0.07584472745656967,0.06556164473295212,1.8654252290725708
2000,mla_coupled,moe,456,4,0,0.09504394233226776,0.10365565121173859,1.3354414701461792
2000,mla_coupled,moe,456,4,1,0.051536865532398224,0.05037597194314003,1.3354414701461792
2000,mla_coupled,moe,456,4,2,0.08014892786741257,0.08782511949539185,1.3354414701461792
2000,mla_coupled,moe,456,4,3,0.08317016810178757,0.08425340056419373,1.3354414701461792
2000,mla_coupled,moe,456,4,4,0.042662352323532104,0.03794311359524727,1.3354414701461792
2000,mla_coupled,moe,456,4,5,0.06127685680985451,0.05367225781083107,1.3354414701461792
2000,mla_coupled,moe,456,4,6,0.08050049096345901,0.08871776610612869,1.3354414701461792
2000,mla_coupled,moe,456,4,7,0.07798950374126434,0.07573723047971725,1.3354414701461792
2000,mla_coupled,moe,456,4,8,0.06179199367761612,0.06284498423337936,1.3354414701461792
2000,mla_coupled,moe,456,4,9,0.06856445223093033,0.06660033017396927,1.3354414701461792
2000,mla_coupled,moe,456,4,10,0.036164551973342896,0.056157879531383514,1.3354414701461792
2000,mla_coupled,moe,456,4,11,0.050190430134534836,0.0414985790848732,1.3354414701461792
2000,mla_coupled,moe,456,4,12,0.06173950061202049,0.05834685638546944,1.3354414701461792
2000,mla_coupled,moe,456,4,13,0.041362304240465164,0.05154266208410263,1.3354414701461792
2000,mla_coupled,moe,456,4,14,0.05199585109949112,0.039005350321531296,1.3354414701461792
2000,mla_coupled,moe,456,4,15,0.05586181581020355,0.04182286188006401,1.3354414701461792
2000,mla_coupled,moe,456,5,0,0.05021362379193306,0.05587123706936836,1.4937244653701782
2000,mla_coupled,moe,456,5,1,0.03961791843175888,0.04977520555257797,1.4937244653701782
2000,mla_coupled,moe,456,5,2,0.07874145358800888,0.061675168573856354,1.4937244653701782
2000,mla_coupled,moe,456,5,3,0.07909301668405533,0.08711783587932587,1.4937244653701782
2000,mla_coupled,moe,456,5,4,0.04275268688797951,0.03785185143351555,1.4937244653701782
2000,mla_coupled,moe,456,5,5,0.0892651379108429,0.09859663248062134,1.4937244653701782
2000,mla_coupled,moe,456,5,6,0.07336670160293579,0.06412308663129807,1.4937244653701782
2000,mla_coupled,moe,456,5,7,0.10778442025184631,0.11000937223434448,1.4937244653701782
2000,mla_coupled,moe,456,5,8,0.05201904475688934,0.05467966943979263,1.4937244653701782
2000,mla_coupled,moe,456,5,9,0.06725707650184631,0.05750816687941551,1.4937244653701782
2000,mla_coupled,moe,456,5,10,0.04571289196610451,0.04026518017053604,1.4937244653701782
2000,mla_coupled,moe,456,5,11,0.06132812425494194,0.0558876097202301,1.4937244653701782
2000,mla_coupled,moe,456,5,12,0.04216552898287773,0.05460122972726822,1.4937244653701782
2000,mla_coupled,moe,456,5,13,0.04443969577550888,0.042008791118860245,1.4937244653701782
2000,mla_coupled,moe,456,5,14,0.07631103694438934,0.0647207722067833,1.4937244653701782
2000,mla_coupled,moe,456,5,15,0.049931641668081284,0.06530822068452835,1.4937244653701782
2500,mla_coupled,moe,456,1,0,0.051055908203125,0.06505072861909866,2.714843988418579
2500,mla_coupled,moe,456,1,1,0.0846545398235321,0.06386590003967285,2.714843988418579
2500,mla_coupled,moe,456,1,2,0.04380737245082855,0.06026485934853554,2.714843988418579
2500,mla_coupled,moe,456,1,3,0.07908081263303757,0.05900487303733826,2.714843988418579
2500,mla_coupled,moe,456,1,4,0.0702221691608429,0.0668305903673172,2.714843988418579
2500,mla_coupled,moe,456,1,5,0.07594604790210724,0.062097858637571335,2.714843988418579
2500,mla_coupled,moe,456,1,6,0.044584959745407104,0.06104622781276703,2.714843988418579
2500,mla_coupled,moe,456,1,7,0.046385496854782104,0.06348125636577606,2.714843988418579
2500,mla_coupled,moe,456,1,8,0.07548339664936066,0.0617230087518692,2.714843988418579
2500,mla_coupled,moe,456,1,9,0.05808349698781967,0.06002608314156532,2.714843988418579
2500,mla_coupled,moe,456,1,10,0.041911620646715164,0.0614992156624794,2.714843988418579
2500,mla_coupled,moe,456,1,11,0.046661376953125,0.0631035789847374,2.714843988418579
2500,mla_coupled,moe,456,1,12,0.06953369081020355,0.06212037429213524,2.714843988418579
2500,mla_coupled,moe,456,1,13,0.09724242985248566,0.06268835812807083,2.714843988418579
2500,mla_coupled,moe,456,1,14,0.057471923530101776,0.06357429176568985,2.714843988418579
2500,mla_coupled,moe,456,1,15,0.05787475407123566,0.06362282484769821,2.714843988418579
2500,mla_coupled,moe,456,2,0,0.07846923917531967,0.062257736921310425,2.6231822967529297
2500,mla_coupled,moe,456,2,1,0.10294433683156967,0.07197295874357224,2.6231822967529297
2500,mla_coupled,moe,456,2,2,0.04609375074505806,0.06379776448011398,2.6231822967529297
2500,mla_coupled,moe,456,2,3,0.05091308429837227,0.05871976539492607,2.6231822967529297
2500,mla_coupled,moe,456,2,4,0.052497558295726776,0.0588015541434288,2.6231822967529297
2500,mla_coupled,moe,456,2,5,0.029635010287165642,0.05592994764447212,2.6231822967529297
2500,mla_coupled,moe,456,2,6,0.03877319395542145,0.060032378882169724,2.6231822967529297
2500,mla_coupled,moe,456,2,7,0.06565918028354645,0.06231173500418663,2.6231822967529297
2500,mla_coupled,moe,456,2,8,0.04180908203125,0.060470134019851685,2.6231822967529297
2500,mla_coupled,moe,456,2,9,0.07983765006065369,0.06890108436346054,2.6231822967529297
2500,mla_coupled,moe,456,2,10,0.08247436583042145,0.06412231177091599,2.6231822967529297
2500,mla_coupled,moe,456,2,11,0.07689209282398224,0.0656794011592865,2.6231822967529297
2500,mla_coupled,moe,456,2,12,0.06764037907123566,0.06264511495828629,2.6231822967529297
2500,mla_coupled,moe,456,2,13,0.041267089545726776,0.05731656402349472,2.6231822967529297
2500,mla_coupled,moe,456,2,14,0.07645263522863388,0.06584566831588745,2.6231822967529297
2500,mla_coupled,moe,456,2,15,0.06864135712385178,0.06119590625166893,2.6231822967529297
2500,mla_coupled,moe,456,3,0,0.07041015475988388,0.08555902540683746,1.8673897981643677
2500,mla_coupled,moe,456,3,1,0.050892334431409836,0.05576663836836815,1.8673897981643677
2500,mla_coupled,moe,456,3,2,0.06807861477136612,0.07340691238641739,1.8673897981643677
2500,mla_coupled,moe,456,3,3,0.046418458223342896,0.05036062374711037,1.8673897981643677
2500,mla_coupled,moe,456,3,4,0.08869872987270355,0.08977146446704865,1.8673897981643677
2500,mla_coupled,moe,456,3,5,0.05054565519094467,0.06029940024018288,1.8673897981643677
2500,mla_coupled,moe,456,3,6,0.06441894173622131,0.058986082673072815,1.8673897981643677
2500,mla_coupled,moe,456,3,7,0.08050292730331421,0.06761415302753448,1.8673897981643677
2500,mla_coupled,moe,456,3,8,0.06025024503469467,0.05742396041750908,1.8673897981643677
2500,mla_coupled,moe,456,3,9,0.038731690496206284,0.04585571214556694,1.8673897981643677
2500,mla_coupled,moe,456,3,10,0.06933838129043579,0.06543352454900742,1.8673897981643677
2500,mla_coupled,moe,456,3,11,0.06356323510408401,0.05937327817082405,1.8673897981643677
2500,mla_coupled,moe,456,3,12,0.05907348543405533,0.054324083030223846,1.8673897981643677
2500,mla_coupled,moe,456,3,13,0.04903808608651161,0.05241129919886589,1.8673897981643677
2500,mla_coupled,moe,456,3,14,0.05502929538488388,0.05233224481344223,1.8673897981643677
2500,mla_coupled,moe,456,3,15,0.08500976860523224,0.07108164578676224,1.8673897981643677
2500,mla_coupled,moe,456,4,0,0.09742431342601776,0.10514777898788452,1.2861441373825073
2500,mla_coupled,moe,456,4,1,0.054505616426467896,0.05401358753442764,1.2861441373825073
2500,mla_coupled,moe,456,4,2,0.07206054776906967,0.0789453387260437,1.2861441373825073
2500,mla_coupled,moe,456,4,3,0.08238769322633743,0.08319208770990372,1.2861441373825073
2500,mla_coupled,moe,456,4,4,0.04966919124126434,0.04293785244226456,1.2861441373825073
2500,mla_coupled,moe,456,4,5,0.05943603441119194,0.05125030130147934,1.2861441373825073
2500,mla_coupled,moe,456,4,6,0.08959106355905533,0.10049139708280563,1.2861441373825073
2500,mla_coupled,moe,456,4,7,0.08683227747678757,0.08242827653884888,1.2861441373825073
2500,mla_coupled,moe,456,4,8,0.057414550334215164,0.05643322318792343,1.2861441373825073
2500,mla_coupled,moe,456,4,9,0.056633301079273224,0.06054752692580223,1.2861441373825073
2500,mla_coupled,moe,456,4,10,0.03357543796300888,0.0541338287293911,1.2861441373825073
2500,mla_coupled,moe,456,4,11,0.04623657092452049,0.036190614104270935,1.2861441373825073
2500,mla_coupled,moe,456,4,12,0.06286865472793579,0.06139301136136055,1.2861441373825073
2500,mla_coupled,moe,456,4,13,0.03993774577975273,0.04992648959159851,1.2861441373825073
2500,mla_coupled,moe,456,4,14,0.06551636010408401,0.04800121486186981,1.2861441373825073
2500,mla_coupled,moe,456,4,15,0.04591064527630806,0.03496744856238365,1.2861441373825073
2500,mla_coupled,moe,456,5,0,0.04960449039936066,0.05663522705435753,1.4565727710723877
2500,mla_coupled,moe,456,5,1,0.036192625761032104,0.045267242938280106,1.4565727710723877
2500,mla_coupled,moe,456,5,2,0.07765503227710724,0.06011039763689041,1.4565727710723877
2500,mla_coupled,moe,456,5,3,0.08133789151906967,0.08908206969499588,1.4565727710723877
2500,mla_coupled,moe,456,5,4,0.036339111626148224,0.0327092744410038,1.4565727710723877
2500,mla_coupled,moe,456,5,5,0.08525024354457855,0.09605163335800171,1.4565727710723877
2500,mla_coupled,moe,456,5,6,0.07730834931135178,0.06695053726434708,1.4565727710723877
2500,mla_coupled,moe,456,5,7,0.11611450463533401,0.11838050186634064,1.4565727710723877
2500,mla_coupled,moe,456,5,8,0.05090698227286339,0.05323952063918114,1.4565727710723877
2500,mla_coupled,moe,456,5,9,0.06714477390050888,0.0561181977391243,1.4565727710723877
2500,mla_coupled,moe,456,5,10,0.04342895373702049,0.03533123806118965,1.4565727710723877
2500,mla_coupled,moe,456,5,11,0.05977783352136612,0.052216485142707825,1.4565727710723877
2500,mla_coupled,moe,456,5,12,0.04104370251297951,0.05664052814245224,1.4565727710723877
2500,mla_coupled,moe,456,5,13,0.04256591945886612,0.040176574140787125,1.4565727710723877
2500,mla_coupled,moe,456,5,14,0.08839477598667145,0.07720975577831268,1.4565727710723877
2500,mla_coupled,moe,456,5,15,0.046934813261032104,0.0638808086514473,1.4565727710723877
3000,mla_coupled,moe,456,1,0,0.04294189438223839,0.06458108127117157,2.720421075820923
3000,mla_coupled,moe,456,1,1,0.0675366222858429,0.06311597675085068,2.720421075820923
3000,mla_coupled,moe,456,1,2,0.06160034239292145,0.06238053739070892,2.720421075820923
3000,mla_coupled,moe,456,1,3,0.08576904237270355,0.05879008769989014,2.720421075820923
3000,mla_coupled,moe,456,1,4,0.08725342154502869,0.0670173391699791,2.720421075820923
3000,mla_coupled,moe,456,1,5,0.07643676549196243,0.06120254844427109,2.720421075820923
3000,mla_coupled,moe,456,1,6,0.046394042670726776,0.06108325347304344,2.720421075820923
3000,mla_coupled,moe,456,1,7,0.05109863355755806,0.06443000584840775,2.720421075820923
3000,mla_coupled,moe,456,1,8,0.051246337592601776,0.05937514454126358,2.720421075820923
3000,mla_coupled,moe,456,1,9,0.06737671047449112,0.06231125816702843,2.720421075820923
3000,mla_coupled,moe,456,1,10,0.036835938692092896,0.06138807162642479,2.720421075820923
3000,mla_coupled,moe,456,1,11,0.07023437321186066,0.06651114672422409,2.720421075820923
3000,mla_coupled,moe,456,1,12,0.06997070461511612,0.06085967645049095,2.720421075820923
3000,mla_coupled,moe,456,1,13,0.07315918058156967,0.062020353972911835,2.720421075820923
3000,mla_coupled,moe,456,1,14,0.06147094815969467,0.062192402780056,2.720421075820923
3000,mla_coupled,moe,456,1,15,0.05067504942417145,0.06274110078811646,2.720421075820923
3000,mla_coupled,moe,456,2,0,0.08118408173322678,0.06401368975639343,2.612070083618164
3000,mla_coupled,moe,456,2,1,0.11551880091428757,0.07894542068243027,2.612070083618164
3000,mla_coupled,moe,456,2,2,0.02628784254193306,0.05963713675737381,2.612070083618164
3000,mla_coupled,moe,456,2,3,0.056812744587659836,0.05909118801355362,2.612070083618164
3000,mla_coupled,moe,456,2,4,0.06452392786741257,0.05947135016322136,2.612070083618164
3000,mla_coupled,moe,456,2,5,0.029405517503619194,0.05478814244270325,2.612070083618164
3000,mla_coupled,moe,456,2,6,0.04062866047024727,0.05880890414118767,2.612070083618164
3000,mla_coupled,moe,456,2,7,0.06439208984375,0.060010042041540146,2.612070083618164
3000,mla_coupled,moe,456,2,8,0.041834715753793716,0.06018433719873428,2.612070083618164
3000,mla_coupled,moe,456,2,9,0.08937256038188934,0.07069656997919083,2.612070083618164
3000,mla_coupled,moe,456,2,10,0.07303466647863388,0.06192925572395325,2.612070083618164
3000,mla_coupled,moe,456,2,11,0.07165039330720901,0.06479319930076599,2.612070083618164
3000,mla_coupled,moe,456,2,12,0.05033203214406967,0.05852643400430679,2.612070083618164
3000,mla_coupled,moe,456,2,13,0.06363159418106079,0.0628088116645813,2.612070083618164
3000,mla_coupled,moe,456,2,14,0.06620605289936066,0.06559447944164276,2.612070083618164
3000,mla_coupled,moe,456,2,15,0.0651843249797821,0.06070112809538841,2.612070083618164
3000,mla_coupled,moe,456,3,0,0.07213256508111954,0.08491028100252151,1.8662344217300415
3000,mla_coupled,moe,456,3,1,0.04651489108800888,0.05474339798092842,1.8662344217300415
3000,mla_coupled,moe,456,3,2,0.06845337152481079,0.07274165749549866,1.8662344217300415
3000,mla_coupled,moe,456,3,3,0.03874389827251434,0.04674588143825531,1.8662344217300415
3000,mla_coupled,moe,456,3,4,0.08614013344049454,0.0840265154838562,1.8662344217300415
3000,mla_coupled,moe,456,3,5,0.05373169109225273,0.062080468982458115,1.8662344217300415
3000,mla_coupled,moe,456,3,6,0.05929931625723839,0.056343454867601395,1.8662344217300415
3000,mla_coupled,moe,456,3,7,0.075347900390625,0.06262420862913132,1.8662344217300415
3000,mla_coupled,moe,456,3,8,0.05814208835363388,0.05641678720712662,1.8662344217300415
3000,mla_coupled,moe,456,3,9,0.04576660320162773,0.05154178664088249,1.8662344217300415
3000,mla_coupled,moe,456,3,10,0.06847534328699112,0.06767401099205017,1.8662344217300415
3000,mla_coupled,moe,456,3,11,0.06711181998252869,0.05918777361512184,1.8662344217300415
3000,mla_coupled,moe,456,3,12,0.061778564006090164,0.05617056414484978,1.8662344217300415
3000,mla_coupled,moe,456,3,13,0.05194457992911339,0.05566612631082535,1.8662344217300415
3000,mla_coupled,moe,456,3,14,0.054381102323532104,0.05351121351122856,1.8662344217300415
3000,mla_coupled,moe,456,3,15,0.09203613549470901,0.07561585307121277,1.8662344217300415
3000,mla_coupled,moe,456,4,0,0.10481933504343033,0.11335495859384537,1.2835135459899902
3000,mla_coupled,moe,456,4,1,0.05277465656399727,0.052342452108860016,1.2835135459899902
3000,mla_coupled,moe,456,4,2,0.0666210949420929,0.06954040378332138,1.2835135459899902
3000,mla_coupled,moe,456,4,3,0.08521362394094467,0.08701734244823456,1.2835135459899902
3000,mla_coupled,moe,456,4,4,0.043848875910043716,0.04068339243531227,1.2835135459899902
3000,mla_coupled,moe,456,4,5,0.06471069157123566,0.05600564554333687,1.2835135459899902
3000,mla_coupled,moe,456,4,6,0.08614257723093033,0.08968992531299591,1.2835135459899902
3000,mla_coupled,moe,456,4,7,0.07945434749126434,0.0778103694319725,1.2835135459899902
3000,mla_coupled,moe,456,4,8,0.055988769978284836,0.05809324234724045,1.2835135459899902
3000,mla_coupled,moe,456,4,9,0.049766846001148224,0.05383358523249626,1.2835135459899902
3000,mla_coupled,moe,456,4,10,0.031824950128793716,0.05213984102010727,1.2835135459899902
3000,mla_coupled,moe,456,4,11,0.05025390535593033,0.04200180619955063,1.2835135459899902
3000,mla_coupled,moe,456,4,12,0.06669311225414276,0.06708158552646637,1.2835135459899902
3000,mla_coupled,moe,456,4,13,0.04186035320162773,0.05070669576525688,1.2835135459899902
3000,mla_coupled,moe,456,4,14,0.06700805574655533,0.04810130596160889,1.2835135459899902
3000,mla_coupled,moe,456,4,15,0.05301879718899727,0.04159748554229736,1.2835135459899902
3000,mla_coupled,moe,456,5,0,0.05059448257088661,0.06011028587818146,1.4572612047195435
3000,mla_coupled,moe,456,5,1,0.04276733472943306,0.04952719807624817,1.4572612047195435
3000,mla_coupled,moe,456,5,2,0.0720202624797821,0.05666377395391464,1.4572612047195435
3000,mla_coupled,moe,456,5,3,0.082489013671875,0.08756449073553085,1.4572612047195435
3000,mla_coupled,moe,456,5,4,0.03298583999276161,0.030237801373004913,1.4572612047195435
3000,mla_coupled,moe,456,5,5,0.08290283381938934,0.09332694113254547,1.4572612047195435
3000,mla_coupled,moe,456,5,6,0.07268799096345901,0.06431691348552704,1.4572612047195435
3000,mla_coupled,moe,456,5,7,0.11818725615739822,0.11637160927057266,1.4572612047195435
3000,mla_coupled,moe,456,5,8,0.04748901352286339,0.051030077040195465,1.4572612047195435
3000,mla_coupled,moe,456,5,9,0.07026733458042145,0.05886640027165413,1.4572612047195435
3000,mla_coupled,moe,456,5,10,0.04133300855755806,0.03348368778824806,1.4572612047195435
3000,mla_coupled,moe,456,5,11,0.06542236357927322,0.06040462478995323,1.4572612047195435
3000,mla_coupled,moe,456,5,12,0.040153808891773224,0.052880559116601944,1.4572612047195435
3000,mla_coupled,moe,456,5,13,0.04053955152630806,0.03956412523984909,1.4572612047195435
3000,mla_coupled,moe,456,5,14,0.091552734375,0.07953354716300964,1.4572612047195435
3000,mla_coupled,moe,456,5,15,0.048607178032398224,0.06611797958612442,1.4572612047195435
3500,mla_coupled,moe,456,1,0,0.04547485336661339,0.06459596753120422,2.7237539291381836
3500,mla_coupled,moe,456,1,1,0.07151733338832855,0.06276838481426239,2.7237539291381836
3500,mla_coupled,moe,456,1,2,0.05214843899011612,0.06220830976963043,2.7237539291381836
3500,mla_coupled,moe,456,1,3,0.08776611089706421,0.061096224933862686,2.7237539291381836
3500,mla_coupled,moe,456,1,4,0.04234375059604645,0.06314105540513992,2.7237539291381836
3500,mla_coupled,moe,456,1,5,0.06756836175918579,0.05888625606894493,2.7237539291381836
3500,mla_coupled,moe,456,1,6,0.09918700903654099,0.06392581760883331,2.7237539291381836
3500,mla_coupled,moe,456,1,7,0.04682006686925888,0.06434068828821182,2.7237539291381836
3500,mla_coupled,moe,456,1,8,0.07010132074356079,0.06204333156347275,2.7237539291381836
3500,mla_coupled,moe,456,1,9,0.06551757454872131,0.061017103493213654,2.7237539291381836
3500,mla_coupled,moe,456,1,10,0.05888305604457855,0.06274290382862091,2.7237539291381836
3500,mla_coupled,moe,456,1,11,0.044749755412340164,0.06486716121435165,2.7237539291381836
3500,mla_coupled,moe,456,1,12,0.05649780109524727,0.05984567478299141,2.7237539291381836
3500,mla_coupled,moe,456,1,13,0.060905762016773224,0.061755940318107605,2.7237539291381836
3500,mla_coupled,moe,456,1,14,0.07017333805561066,0.0628107562661171,2.7237539291381836
3500,mla_coupled,moe,456,1,15,0.06034545972943306,0.06395439803600311,2.7237539291381836
3500,mla_coupled,moe,456,2,0,0.07526367157697678,0.06460488587617874,2.5998404026031494
3500,mla_coupled,moe,456,2,1,0.10174316167831421,0.07253959774971008,2.5998404026031494
3500,mla_coupled,moe,456,2,2,0.05267333984375,0.06228020042181015,2.5998404026031494
3500,mla_coupled,moe,456,2,3,0.04758911207318306,0.05860763043165207,2.5998404026031494
3500,mla_coupled,moe,456,2,4,0.05603393539786339,0.059769030660390854,2.5998404026031494
3500,mla_coupled,moe,456,2,5,0.039464112371206284,0.055352188646793365,2.5998404026031494
3500,mla_coupled,moe,456,2,6,0.03682617098093033,0.0577847957611084,2.5998404026031494
3500,mla_coupled,moe,456,2,7,0.07350952178239822,0.06414616852998734,2.5998404026031494
3500,mla_coupled,moe,456,2,8,0.04562133923172951,0.061130885034799576,2.5998404026031494
3500,mla_coupled,moe,456,2,9,0.0680834949016571,0.06726978719234467,2.5998404026031494
3500,mla_coupled,moe,456,2,10,0.07364868372678757,0.06185222044587135,2.5998404026031494
3500,mla_coupled,moe,456,2,11,0.061677247285842896,0.06324949860572815,2.5998404026031494
3500,mla_coupled,moe,456,2,12,0.06426025182008743,0.061277881264686584,2.5998404026031494
3500,mla_coupled,moe,456,2,13,0.05695800855755806,0.060480035841464996,2.5998404026031494
3500,mla_coupled,moe,456,2,14,0.061900634318590164,0.06562201678752899,2.5998404026031494
3500,mla_coupled,moe,456,2,15,0.084747314453125,0.06403317302465439,2.5998404026031494
3500,mla_coupled,moe,456,3,0,0.06968994438648224,0.08427705615758896,1.8417303562164307
3500,mla_coupled,moe,456,3,1,0.048106689006090164,0.05483584478497505,1.8417303562164307
3500,mla_coupled,moe,456,3,2,0.06583008170127869,0.07258322834968567,1.8417303562164307
3500,mla_coupled,moe,456,3,3,0.03809570148587227,0.0482756644487381,1.8417303562164307
3500,mla_coupled,moe,456,3,4,0.09015624970197678,0.09031418710947037,1.8417303562164307
3500,mla_coupled,moe,456,3,5,0.053581543266773224,0.06306818872690201,1.8417303562164307
3500,mla_coupled,moe,456,3,6,0.060493163764476776,0.05483043193817139,1.8417303562164307
3500,mla_coupled,moe,456,3,7,0.07270019501447678,0.06068907678127289,1.8417303562164307
3500,mla_coupled,moe,456,3,8,0.0662829577922821,0.06102695316076279,1.8417303562164307
3500,mla_coupled,moe,456,3,9,0.04435058683156967,0.04929186403751373,1.8417303562164307
3500,mla_coupled,moe,456,3,10,0.07277954369783401,0.06890898942947388,1.8417303562164307
3500,mla_coupled,moe,456,3,11,0.05504394695162773,0.05281448736786842,1.8417303562164307
3500,mla_coupled,moe,456,3,12,0.06487426906824112,0.0580688938498497,1.8417303562164307
3500,mla_coupled,moe,456,3,13,0.057343751192092896,0.05541533976793289,1.8417303562164307
3500,mla_coupled,moe,456,3,14,0.06394165009260178,0.058202747255563736,1.8417303562164307
3500,mla_coupled,moe,456,3,15,0.07672973722219467,0.06739699840545654,1.8417303562164307
3500,mla_coupled,moe,456,4,0,0.1061694324016571,0.11884114146232605,1.2454118728637695
3500,mla_coupled,moe,456,4,1,0.052531737834215164,0.05424802750349045,1.2454118728637695
3500,mla_coupled,moe,456,4,2,0.0690295398235321,0.07415298372507095,1.2454118728637695
3500,mla_coupled,moe,456,4,3,0.08291870355606079,0.08475484699010849,1.2454118728637695
3500,mla_coupled,moe,456,4,4,0.04386352375149727,0.03970310091972351,1.2454118728637695
3500,mla_coupled,moe,456,4,5,0.05689452961087227,0.050107475370168686,1.2454118728637695
3500,mla_coupled,moe,456,4,6,0.08226806670427322,0.08698782324790955,1.2454118728637695
3500,mla_coupled,moe,456,4,7,0.08232299983501434,0.07987959682941437,1.2454118728637695
3500,mla_coupled,moe,456,4,8,0.06147216632962227,0.059846386313438416,1.2454118728637695
3500,mla_coupled,moe,456,4,9,0.05227050930261612,0.055898264050483704,1.2454118728637695
3500,mla_coupled,moe,456,4,10,0.03622192516922951,0.0551566407084465,1.2454118728637695
3500,mla_coupled,moe,456,4,11,0.049427490681409836,0.04011668637394905,1.2454118728637695
3500,mla_coupled,moe,456,4,12,0.06196289137005806,0.06268709897994995,1.2454118728637695
3500,mla_coupled,moe,456,4,13,0.0380859375,0.04977932944893837,1.2454118728637695
3500,mla_coupled,moe,456,4,14,0.07400879263877869,0.04994155094027519,1.2454118728637695
3500,mla_coupled,moe,456,4,15,0.05055175721645355,0.03789905831217766,1.2454118728637695
3500,mla_coupled,moe,456,5,0,0.048126220703125,0.056476835161447525,1.4521011114120483
3500,mla_coupled,moe,456,5,1,0.03911987319588661,0.0472802110016346,1.4521011114120483
3500,mla_coupled,moe,456,5,2,0.07685668766498566,0.059108391404151917,1.4521011114120483
3500,mla_coupled,moe,456,5,3,0.07965087890625,0.08649040013551712,1.4521011114120483
3500,mla_coupled,moe,456,5,4,0.035948485136032104,0.03365954011678696,1.4521011114120483
3500,mla_coupled,moe,456,5,5,0.077728271484375,0.08881467580795288,1.4521011114120483
3500,mla_coupled,moe,456,5,6,0.07226195931434631,0.0620378702878952,1.4521011114120483
3500,mla_coupled,moe,456,5,7,0.12284179776906967,0.12094912678003311,1.4521011114120483
3500,mla_coupled,moe,456,5,8,0.048308104276657104,0.052858151495456696,1.4521011114120483
3500,mla_coupled,moe,456,5,9,0.07033813744783401,0.058240409940481186,1.4521011114120483
3500,mla_coupled,moe,456,5,10,0.04340454190969467,0.0344146229326725,1.4521011114120483
3500,mla_coupled,moe,456,5,11,0.062474366277456284,0.05901864171028137,1.4521011114120483
3500,mla_coupled,moe,456,5,12,0.04176880046725273,0.05510786548256874,1.4521011114120483
3500,mla_coupled,moe,456,5,13,0.03984374925494194,0.03862664848566055,1.4521011114120483
3500,mla_coupled,moe,456,5,14,0.09181152284145355,0.0808376893401146,1.4521011114120483
3500,mla_coupled,moe,456,5,15,0.04951660335063934,0.06607894599437714,1.4521011114120483
4000,mla_coupled,moe,456,1,0,0.054570313543081284,0.06497487425804138,2.721369743347168
4000,mla_coupled,moe,456,1,1,0.05271240323781967,0.060035694390535355,2.721369743347168
4000,mla_coupled,moe,456,1,2,0.04361816495656967,0.06039142981171608,2.721369743347168
4000,mla_coupled,moe,456,1,3,0.08915161341428757,0.06091250106692314,2.721369743347168
4000,mla_coupled,moe,456,1,4,0.02814331091940403,0.06302088499069214,2.721369743347168
4000,mla_coupled,moe,456,1,5,0.07662719488143921,0.06068665534257889,2.721369743347168
4000,mla_coupled,moe,456,1,6,0.062128905206918716,0.061153240501880646,2.721369743347168
4000,mla_coupled,moe,456,1,7,0.05296020582318306,0.06482844054698944,2.721369743347168
4000,mla_coupled,moe,456,1,8,0.09215820580720901,0.06275233626365662,2.721369743347168
4000,mla_coupled,moe,456,1,9,0.05600830167531967,0.06197785213589668,2.721369743347168
4000,mla_coupled,moe,456,1,10,0.07384521514177322,0.0651618167757988,2.721369743347168
4000,mla_coupled,moe,456,1,11,0.06331665068864822,0.06558612734079361,2.721369743347168
4000,mla_coupled,moe,456,1,12,0.06220092624425888,0.05987199395895004,2.721369743347168
4000,mla_coupled,moe,456,1,13,0.07134032994508743,0.06303150951862335,2.721369743347168
4000,mla_coupled,moe,456,1,14,0.06211791932582855,0.062374696135520935,2.721369743347168
4000,mla_coupled,moe,456,1,15,0.05910034105181694,0.06323997676372528,2.721369743347168
4000,mla_coupled,moe,456,2,0,0.06294921785593033,0.06025758385658264,2.575739860534668
4000,mla_coupled,moe,456,2,1,0.10342162847518921,0.07365956157445908,2.575739860534668
4000,mla_coupled,moe,456,2,2,0.04137817397713661,0.06007798761129379,2.575739860534668
4000,mla_coupled,moe,456,2,3,0.04293213039636612,0.057120032608509064,2.575739860534668
4000,mla_coupled,moe,456,2,4,0.04475097730755806,0.055734433233737946,2.575739860534668
4000,mla_coupled,moe,456,2,5,0.06845947355031967,0.062274251133203506,2.575739860534668
4000,mla_coupled,moe,456,2,6,0.047392576932907104,0.059273861348629,2.575739860534668
4000,mla_coupled,moe,456,2,7,0.05782714858651161,0.06082313880324364,2.575739860534668
4000,mla_coupled,moe,456,2,8,0.052745360881090164,0.061580050736665726,2.575739860534668
4000,mla_coupled,moe,456,2,9,0.07145996391773224,0.06709033250808716,2.575739860534668
4000,mla_coupled,moe,456,2,10,0.07680297642946243,0.06309893727302551,2.575739860534668
4000,mla_coupled,moe,456,2,11,0.07484619319438934,0.0671408399939537,2.575739860534668
4000,mla_coupled,moe,456,2,12,0.08272460848093033,0.0660281777381897,2.575739860534668
4000,mla_coupled,moe,456,2,13,0.044764403253793716,0.05852218717336655,2.575739860534668
4000,mla_coupled,moe,456,2,14,0.05238891765475273,0.06313685327768326,2.575739860534668
4000,mla_coupled,moe,456,2,15,0.07515624910593033,0.06418177485466003,2.575739860534668
4000,mla_coupled,moe,456,3,0,0.07035034149885178,0.08479756116867065,1.8219963312149048
4000,mla_coupled,moe,456,3,1,0.05260375887155533,0.05523281171917915,1.8219963312149048
4000,mla_coupled,moe,456,3,2,0.06562866270542145,0.07072091102600098,1.8219963312149048
4000,mla_coupled,moe,456,3,3,0.04901367053389549,0.051731906831264496,1.8219963312149048
4000,mla_coupled,moe,456,3,4,0.08789550513029099,0.09072379767894745,1.8219963312149048
4000,mla_coupled,moe,456,3,5,0.053123779594898224,0.0615006648004055,1.8219963312149048
4000,mla_coupled,moe,456,3,6,0.060059815645217896,0.05519888550043106,1.8219963312149048
4000,mla_coupled,moe,456,3,7,0.0754711925983429,0.06200936809182167,1.8219963312149048
4000,mla_coupled,moe,456,3,8,0.06659423559904099,0.06284862756729126,1.8219963312149048
4000,mla_coupled,moe,456,3,9,0.04508056491613388,0.049432478845119476,1.8219963312149048
4000,mla_coupled,moe,456,3,10,0.06293091177940369,0.06338045746088028,1.8219963312149048
4000,mla_coupled,moe,456,3,11,0.06315673887729645,0.05938209593296051,1.8219963312149048
4000,mla_coupled,moe,456,3,12,0.05766479671001434,0.05365094169974327,1.8219963312149048
4000,mla_coupled,moe,456,3,13,0.05759521573781967,0.05667637288570404,1.8219963312149048
4000,mla_coupled,moe,456,3,14,0.055903319269418716,0.05418917536735535,1.8219963312149048
4000,mla_coupled,moe,456,3,15,0.07692749053239822,0.06852390617132187,1.8219963312149048
4000,mla_coupled,moe,456,4,0,0.10419921576976776,0.11241140216588974,1.2545561790466309
4000,mla_coupled,moe,456,4,1,0.05381469801068306,0.05842921882867813,1.2545561790466309
4000,mla_coupled,moe,456,4,2,0.06523803621530533,0.07012052088975906,1.2545561790466309
4000,mla_coupled,moe,456,4,3,0.08259155601263046,0.07891862839460373,1.2545561790466309
4000,mla_coupled,moe,456,4,4,0.05060669034719467,0.046365685760974884,1.2545561790466309
4000,mla_coupled,moe,456,4,5,0.06077880784869194,0.0524589978158474,1.2545561790466309
4000,mla_coupled,moe,456,4,6,0.08396240323781967,0.08796811103820801,1.2545561790466309
4000,mla_coupled,moe,456,4,7,0.0826098620891571,0.07938632369041443,1.2545561790466309
4000,mla_coupled,moe,456,4,8,0.060191649943590164,0.06124912574887276,1.2545561790466309
4000,mla_coupled,moe,456,4,9,0.049034424126148224,0.05393871292471886,1.2545561790466309
4000,mla_coupled,moe,456,4,10,0.03391357511281967,0.05308084562420845,1.2545561790466309
4000,mla_coupled,moe,456,4,11,0.048023682087659836,0.03946689888834953,1.2545561790466309
4000,mla_coupled,moe,456,4,12,0.05817871168255806,0.06242910400032997,1.2545561790466309
4000,mla_coupled,moe,456,4,13,0.03875976428389549,0.05073099210858345,1.2545561790466309
4000,mla_coupled,moe,456,4,14,0.08031006157398224,0.05508730933070183,1.2545561790466309
4000,mla_coupled,moe,456,4,15,0.04778686538338661,0.03795813396573067,1.2545561790466309
4000,mla_coupled,moe,456,5,0,0.05235351622104645,0.06175769865512848,1.4466164112091064
4000,mla_coupled,moe,456,5,1,0.03925536945462227,0.0453188419342041,1.4466164112091064
4000,mla_coupled,moe,456,5,2,0.07204101234674454,0.057048678398132324,1.4466164112091064
4000,mla_coupled,moe,456,5,3,0.07900512963533401,0.0828176960349083,1.4466164112091064
4000,mla_coupled,moe,456,5,4,0.03428833186626434,0.031699612736701965,1.4466164112091064
4000,mla_coupled,moe,456,5,5,0.07786010950803757,0.0881398618221283,1.4466164112091064
4000,mla_coupled,moe,456,5,6,0.07849365472793579,0.06856050342321396,1.4466164112091064
4000,mla_coupled,moe,456,5,7,0.11669311672449112,0.11391977220773697,1.4466164112091064
4000,mla_coupled,moe,456,5,8,0.049919433891773224,0.05421201139688492,1.4466164112091064
4000,mla_coupled,moe,456,5,9,0.06917602568864822,0.0587114542722702,1.4466164112091064
4000,mla_coupled,moe,456,5,10,0.04261474683880806,0.03496665880084038,1.4466164112091064
4000,mla_coupled,moe,456,5,11,0.06378784030675888,0.05934198945760727,1.4466164112091064
4000,mla_coupled,moe,456,5,12,0.03833862394094467,0.05315208062529564,1.4466164112091064
4000,mla_coupled,moe,456,5,13,0.040074463933706284,0.03921665623784065,1.4466164112091064
4000,mla_coupled,moe,456,5,14,0.09571655094623566,0.08303147554397583,1.4466164112091064
4000,mla_coupled,moe,456,5,15,0.05038208141922951,0.06810502707958221,1.4466164112091064
4500,mla_coupled,moe,456,1,0,0.049677733331918716,0.06464628875255585,2.715372323989868
4500,mla_coupled,moe,456,1,1,0.056965332478284836,0.0627186968922615,2.715372323989868
4500,mla_coupled,moe,456,1,2,0.05313720554113388,0.06243707984685898,2.715372323989868
4500,mla_coupled,moe,456,1,3,0.07851073890924454,0.059141963720321655,2.715372323989868
4500,mla_coupled,moe,456,1,4,0.07122802734375,0.06364062428474426,2.715372323989868
4500,mla_coupled,moe,456,1,5,0.07042602449655533,0.05850427597761154,2.715372323989868
4500,mla_coupled,moe,456,1,6,0.04332519695162773,0.060468889772892,2.715372323989868
4500,mla_coupled,moe,456,1,7,0.05840209871530533,0.06534065306186676,2.715372323989868
4500,mla_coupled,moe,456,1,8,0.06825561821460724,0.06046795845031738,2.715372323989868
4500,mla_coupled,moe,456,1,9,0.07963623106479645,0.06600696593523026,2.715372323989868
4500,mla_coupled,moe,456,1,10,0.04903808608651161,0.06352744251489639,2.715372323989868
4500,mla_coupled,moe,456,1,11,0.057606201618909836,0.06498974561691284,2.715372323989868
4500,mla_coupled,moe,456,1,12,0.062257081270217896,0.059116896241903305,2.715372323989868
4500,mla_coupled,moe,456,1,13,0.05535888671875,0.06140585243701935,2.715372323989868
4500,mla_coupled,moe,456,1,14,0.05670532211661339,0.06228380277752876,2.715372323989868
4500,mla_coupled,moe,456,1,15,0.08947021514177322,0.06530285626649857,2.715372323989868
4500,mla_coupled,moe,456,2,0,0.06965331733226776,0.06323361396789551,2.540052652359009
4500,mla_coupled,moe,456,2,1,0.10476928949356079,0.07834739238023758,2.540052652359009
4500,mla_coupled,moe,456,2,2,0.048588868230581284,0.05970138683915138,2.540052652359009
4500,mla_coupled,moe,456,2,3,0.048041991889476776,0.0567864328622818,2.540052652359009
4500,mla_coupled,moe,456,2,4,0.048253174871206284,0.05629326030611992,2.540052652359009
4500,mla_coupled,moe,456,2,5,0.06479369848966599,0.06028672307729721,2.540052652359009
4500,mla_coupled,moe,456,2,6,0.04254516586661339,0.0570841021835804,2.540052652359009
4500,mla_coupled,moe,456,2,7,0.06139892712235451,0.06250768899917603,2.540052652359009
4500,mla_coupled,moe,456,2,8,0.037293702363967896,0.05741105601191521,2.540052652359009
4500,mla_coupled,moe,456,2,9,0.06827392429113388,0.06633978337049484,2.540052652359009
4500,mla_coupled,moe,456,2,10,0.06539306789636612,0.06015285477042198,2.540052652359009
4500,mla_coupled,moe,456,2,11,0.07387817651033401,0.06775764375925064,2.540052652359009
4500,mla_coupled,moe,456,2,12,0.066314697265625,0.06142406165599823,2.540052652359009
4500,mla_coupled,moe,456,2,13,0.060325928032398224,0.062003277242183685,2.540052652359009
4500,mla_coupled,moe,456,2,14,0.059086915105581284,0.06532006710767746,2.540052652359009
4500,mla_coupled,moe,456,2,15,0.0813891589641571,0.06535065919160843,2.540052652359009
4500,mla_coupled,moe,456,3,0,0.06965210288763046,0.08428613841533661,1.8090885877609253
4500,mla_coupled,moe,456,3,1,0.06319335848093033,0.0593821257352829,1.8090885877609253
4500,mla_coupled,moe,456,3,2,0.06919677555561066,0.07213501632213593,1.8090885877609253
4500,mla_coupled,moe,456,3,3,0.053077392280101776,0.05369585007429123,1.8090885877609253
4500,mla_coupled,moe,456,3,4,0.07884765416383743,0.08216022700071335,1.8090885877609253
4500,mla_coupled,moe,456,3,5,0.05241088941693306,0.06327281147241592,1.8090885877609253
4500,mla_coupled,moe,456,3,6,0.05817871168255806,0.053890760987997055,1.8090885877609253
4500,mla_coupled,moe,456,3,7,0.07230956852436066,0.06074552610516548,1.8090885877609253
4500,mla_coupled,moe,456,3,8,0.06925903260707855,0.06502091884613037,1.8090885877609253
4500,mla_coupled,moe,456,3,9,0.034862060099840164,0.04232775792479515,1.8090885877609253
4500,mla_coupled,moe,456,3,10,0.07554199546575546,0.07437839359045029,1.8090885877609253
4500,mla_coupled,moe,456,3,11,0.052635498344898224,0.051366254687309265,1.8090885877609253
4500,mla_coupled,moe,456,3,12,0.05906738340854645,0.05472329258918762,1.8090885877609253
4500,mla_coupled,moe,456,3,13,0.05020385608077049,0.053249020129442215,1.8090885877609253
4500,mla_coupled,moe,456,3,14,0.06560058891773224,0.06177690625190735,1.8090885877609253
4500,mla_coupled,moe,456,3,15,0.07596313208341599,0.06758902966976166,1.8090885877609253
4500,mla_coupled,moe,456,4,0,0.1031811535358429,0.11227555572986603,1.2636656761169434
4500,mla_coupled,moe,456,4,1,0.054289549589157104,0.0572495236992836,1.2636656761169434
4500,mla_coupled,moe,456,4,2,0.06807983666658401,0.07176912575960159,1.2636656761169434
4500,mla_coupled,moe,456,4,3,0.08205199986696243,0.0805516242980957,1.2636656761169434
4500,mla_coupled,moe,456,4,4,0.04686279222369194,0.04331916943192482,1.2636656761169434
4500,mla_coupled,moe,456,4,5,0.06083129718899727,0.051813624799251556,1.2636656761169434
4500,mla_coupled,moe,456,4,6,0.08128051459789276,0.08147072792053223,1.2636656761169434
4500,mla_coupled,moe,456,4,7,0.08786987513303757,0.08466525375843048,1.2636656761169434
4500,mla_coupled,moe,456,4,8,0.05759033188223839,0.06025988608598709,1.2636656761169434
4500,mla_coupled,moe,456,4,9,0.054229736328125,0.059907592833042145,1.2636656761169434
4500,mla_coupled,moe,456,4,10,0.032469481229782104,0.05158209428191185,1.2636656761169434
4500,mla_coupled,moe,456,4,11,0.04936401546001434,0.043582215905189514,1.2636656761169434
4500,mla_coupled,moe,456,4,12,0.05402465909719467,0.05804259330034256,1.2636656761169434
4500,mla_coupled,moe,456,4,13,0.036687012761831284,0.048859477043151855,1.2636656761169434
4500,mla_coupled,moe,456,4,14,0.07817016541957855,0.052483223378658295,1.2636656761169434
4500,mla_coupled,moe,456,4,15,0.05301757901906967,0.042168330401182175,1.2636656761169434
4500,mla_coupled,moe,456,5,0,0.049840088933706284,0.058257807046175,1.4415532350540161
4500,mla_coupled,moe,456,5,1,0.04052368178963661,0.04858725517988205,1.4415532350540161
4500,mla_coupled,moe,456,5,2,0.07517089694738388,0.05932408198714256,1.4415532350540161
4500,mla_coupled,moe,456,5,3,0.07696288824081421,0.07962065935134888,1.4415532350540161
4500,mla_coupled,moe,456,5,4,0.040711671113967896,0.037001390010118484,1.4415532350540161
4500,mla_coupled,moe,456,5,5,0.07845702767372131,0.08992309868335724,1.4415532350540161
4500,mla_coupled,moe,456,5,6,0.07811889797449112,0.06888209283351898,1.4415532350540161
4500,mla_coupled,moe,456,5,7,0.11996093392372131,0.11580929905176163,1.4415532350540161
4500,mla_coupled,moe,456,5,8,0.04911987483501434,0.05388055741786957,1.4415532350540161
4500,mla_coupled,moe,456,5,9,0.061561278998851776,0.05275195091962814,1.4415532350540161
4500,mla_coupled,moe,456,5,10,0.040943603962659836,0.031292159110307693,1.4415532350540161
4500,mla_coupled,moe,456,5,11,0.061854247003793716,0.05888620391488075,1.4415532350540161
4500,mla_coupled,moe,456,5,12,0.037293702363967896,0.05131876841187477,1.4415532350540161
4500,mla_coupled,moe,456,5,13,0.04439331218600273,0.04379291459918022,1.4415532350540161
4500,mla_coupled,moe,456,5,14,0.09499267488718033,0.08274281769990921,1.4415532350540161
4500,mla_coupled,moe,456,5,15,0.05009521543979645,0.06792894005775452,1.4415532350540161
5000,mla_coupled,moe,456,1,0,0.06336425989866257,0.06470724940299988,2.712258815765381
5000,mla_coupled,moe,456,1,1,0.07186645269393921,0.06382611393928528,2.712258815765381
5000,mla_coupled,moe,456,1,2,0.08186034858226776,0.06265463680028915,2.712258815765381
5000,mla_coupled,moe,456,1,3,0.08055908232927322,0.05892239138484001,2.712258815765381
5000,mla_coupled,moe,456,1,4,0.03214355558156967,0.06157342344522476,2.712258815765381
5000,mla_coupled,moe,456,1,5,0.08095946907997131,0.05977790430188179,2.712258815765381
5000,mla_coupled,moe,456,1,6,0.088226318359375,0.06453242152929306,2.712258815765381
5000,mla_coupled,moe,456,1,7,0.061378173530101776,0.0650753527879715,2.712258815765381
5000,mla_coupled,moe,456,1,8,0.04709838703274727,0.06028367951512337,2.712258815765381
5000,mla_coupled,moe,456,1,9,0.045781251043081284,0.05993147939443588,2.712258815765381
5000,mla_coupled,moe,456,1,10,0.042724609375,0.06383917480707169,2.712258815765381
5000,mla_coupled,moe,456,1,11,0.034508056938648224,0.06296150386333466,2.712258815765381
5000,mla_coupled,moe,456,1,12,0.08134521543979645,0.06206464767456055,2.712258815765381
5000,mla_coupled,moe,456,1,13,0.05614624172449112,0.06129099801182747,2.712258815765381
5000,mla_coupled,moe,456,1,14,0.07866332679986954,0.06384392082691193,2.712258815765381
5000,mla_coupled,moe,456,1,15,0.053375244140625,0.06471511721611023,2.712258815765381
5000,mla_coupled,moe,456,2,0,0.07270996272563934,0.06509573012590408,2.5234856605529785
5000,mla_coupled,moe,456,2,1,0.10467041283845901,0.07838611304759979,2.5234856605529785
5000,mla_coupled,moe,456,2,2,0.0435791015625,0.05780309811234474,2.5234856605529785
5000,mla_coupled,moe,456,2,3,0.057301025837659836,0.058132074773311615,2.5234856605529785
5000,mla_coupled,moe,456,2,4,0.05482666194438934,0.055615250021219254,2.5234856605529785
5000,mla_coupled,moe,456,2,5,0.05785888805985451,0.057889267802238464,2.5234856605529785
5000,mla_coupled,moe,456,2,6,0.028854981064796448,0.05375269055366516,2.5234856605529785
5000,mla_coupled,moe,456,2,7,0.06656250357627869,0.06693527847528458,2.5234856605529785
5000,mla_coupled,moe,456,2,8,0.03975830227136612,0.057383108884096146,2.5234856605529785
5000,mla_coupled,moe,456,2,9,0.06140502914786339,0.06576318293809891,2.5234856605529785
5000,mla_coupled,moe,456,2,10,0.07418456673622131,0.06301745027303696,2.5234856605529785
5000,mla_coupled,moe,456,2,11,0.06860595941543579,0.06632756441831589,2.5234856605529785
5000,mla_coupled,moe,456,2,12,0.06888794153928757,0.062787726521492,2.5234856605529785
5000,mla_coupled,moe,456,2,13,0.059184569865465164,0.06266307830810547,2.5234856605529785
5000,mla_coupled,moe,456,2,14,0.06973633170127869,0.06595016270875931,2.5234856605529785
5000,mla_coupled,moe,456,2,15,0.07187377661466599,0.062498241662979126,2.5234856605529785
5000,mla_coupled,moe,456,3,0,0.07200928032398224,0.0842260867357254,1.7895430326461792
5000,mla_coupled,moe,456,3,1,0.050993651151657104,0.05269512161612511,1.7895430326461792
5000,mla_coupled,moe,456,3,2,0.06660400331020355,0.07093362510204315,1.7895430326461792
5000,mla_coupled,moe,456,3,3,0.04296020418405533,0.0478634387254715,1.7895430326461792
5000,mla_coupled,moe,456,3,4,0.08380981534719467,0.08395592868328094,1.7895430326461792
5000,mla_coupled,moe,456,3,5,0.05553222820162773,0.06548979878425598,1.7895430326461792
5000,mla_coupled,moe,456,3,6,0.05721435695886612,0.053443606942892075,1.7895430326461792
5000,mla_coupled,moe,456,3,7,0.07274291664361954,0.06170856952667236,1.7895430326461792
5000,mla_coupled,moe,456,3,8,0.06302367895841599,0.060180410742759705,1.7895430326461792
5000,mla_coupled,moe,456,3,9,0.047264404594898224,0.05038692429661751,1.7895430326461792
5000,mla_coupled,moe,456,3,10,0.07248901575803757,0.0711575299501419,1.7895430326461792
5000,mla_coupled,moe,456,3,11,0.06583129614591599,0.06235324218869209,1.7895430326461792
5000,mla_coupled,moe,456,3,12,0.054078370332717896,0.05249948799610138,1.7895430326461792
5000,mla_coupled,moe,456,3,13,0.05570434406399727,0.056681305170059204,1.7895430326461792
5000,mla_coupled,moe,456,3,14,0.053950194269418716,0.053429823368787766,1.7895430326461792
5000,mla_coupled,moe,456,3,15,0.08579223603010178,0.07299511134624481,1.7895430326461792
5000,mla_coupled,moe,456,4,0,0.11069580167531967,0.12344804406166077,1.2342140674591064
5000,mla_coupled,moe,456,4,1,0.05234619230031967,0.053499482572078705,1.2342140674591064
5000,mla_coupled,moe,456,4,2,0.06521362066268921,0.06953901052474976,1.2342140674591064
5000,mla_coupled,moe,456,4,3,0.08634155243635178,0.08523038029670715,1.2342140674591064
5000,mla_coupled,moe,456,4,4,0.04256835952401161,0.03978842496871948,1.2342140674591064
5000,mla_coupled,moe,456,4,5,0.056102294474840164,0.04927536100149155,1.2342140674591064
5000,mla_coupled,moe,456,4,6,0.0845019519329071,0.08301302045583725,1.2342140674591064
5000,mla_coupled,moe,456,4,7,0.08380859345197678,0.08068776875734329,1.2342140674591064
5000,mla_coupled,moe,456,4,8,0.06136474758386612,0.0611327663064003,1.2342140674591064
5000,mla_coupled,moe,456,4,9,0.05000854656100273,0.05515653267502785,1.2342140674591064
5000,mla_coupled,moe,456,4,10,0.031251221895217896,0.05144674330949783,1.2342140674591064
5000,mla_coupled,moe,456,4,11,0.04992919787764549,0.04494679346680641,1.2342140674591064
5000,mla_coupled,moe,456,4,12,0.06060791015625,0.06562116742134094,1.2342140674591064
5000,mla_coupled,moe,456,4,13,0.03636108338832855,0.04888064041733742,1.2342140674591064
5000,mla_coupled,moe,456,4,14,0.07640014588832855,0.048698168247938156,1.2342140674591064
5000,mla_coupled,moe,456,4,15,0.05249878019094467,0.039635688066482544,1.2342140674591064
5000,mla_coupled,moe,456,5,0,0.04915527254343033,0.058042362332344055,1.4152657985687256
5000,mla_coupled,moe,456,5,1,0.039210204035043716,0.04492667317390442,1.4152657985687256
5000,mla_coupled,moe,456,5,2,0.0700390636920929,0.05578574165701866,1.4152657985687256
5000,mla_coupled,moe,456,5,3,0.08180175721645355,0.0872742161154747,1.4152657985687256
5000,mla_coupled,moe,456,5,4,0.03809570148587227,0.033576253801584244,1.4152657985687256
5000,mla_coupled,moe,456,5,5,0.08121826499700546,0.09273461252450943,1.4152657985687256
5000,mla_coupled,moe,456,5,6,0.07240356504917145,0.06277737766504288,1.4152657985687256
5000,mla_coupled,moe,456,5,7,0.11904662847518921,0.11993370205163956,1.4152657985687256
5000,mla_coupled,moe,456,5,8,0.047515869140625,0.05201927199959755,1.4152657985687256
5000,mla_coupled,moe,456,5,9,0.07187622040510178,0.0589928962290287,1.4152657985687256
5000,mla_coupled,moe,456,5,10,0.041899412870407104,0.03345091640949249,1.4152657985687256
5000,mla_coupled,moe,456,5,11,0.06084961071610451,0.05536862462759018,1.4152657985687256
5000,mla_coupled,moe,456,5,12,0.03657715022563934,0.04838879033923149,1.4152657985687256
5000,mla_coupled,moe,456,5,13,0.041968993842601776,0.041588202118873596,1.4152657985687256
5000,mla_coupled,moe,456,5,14,0.09927978366613388,0.08974578231573105,1.4152657985687256
5000,mla_coupled,moe,456,5,15,0.04906250163912773,0.06539454311132431,1.4152657985687256
5500,mla_coupled,moe,456,1,0,0.05848388746380806,0.06402365118265152,2.705780029296875
5500,mla_coupled,moe,456,1,1,0.053089600056409836,0.06347106397151947,2.705780029296875
5500,mla_coupled,moe,456,1,2,0.048247069120407104,0.060941148549318314,2.705780029296875
5500,mla_coupled,moe,456,1,3,0.08497558534145355,0.06042935699224472,2.705780029296875
5500,mla_coupled,moe,456,1,4,0.06061645597219467,0.062296800315380096,2.705780029296875
5500,mla_coupled,moe,456,1,5,0.08238403499126434,0.060064125806093216,2.705780029296875
5500,mla_coupled,moe,456,1,6,0.049113769084215164,0.061369311064481735,2.705780029296875
5500,mla_coupled,moe,456,1,7,0.06521118432283401,0.06508518010377884,2.705780029296875
5500,mla_coupled,moe,456,1,8,0.0909716784954071,0.0633445754647255,2.705780029296875
5500,mla_coupled,moe,456,1,9,0.06517334282398224,0.06475844979286194,2.705780029296875
5500,mla_coupled,moe,456,1,10,0.027309570461511612,0.06099493056535721,2.705780029296875
5500,mla_coupled,moe,456,1,11,0.04993896558880806,0.06321023404598236,2.705780029296875
5500,mla_coupled,moe,456,1,12,0.07108520716428757,0.059890031814575195,2.705780029296875
5500,mla_coupled,moe,456,1,13,0.05147339031100273,0.06062578782439232,2.705780029296875
5500,mla_coupled,moe,456,1,14,0.06823120266199112,0.06432650983333588,2.705780029296875
5500,mla_coupled,moe,456,1,15,0.07369507104158401,0.06516881287097931,2.705780029296875
5500,mla_coupled,moe,456,2,0,0.058900147676467896,0.05945930629968643,2.5017244815826416
5500,mla_coupled,moe,456,2,1,0.09821533411741257,0.07424852252006531,2.5017244815826416
5500,mla_coupled,moe,456,2,2,0.07178222388029099,0.06388776004314423,2.5017244815826416
5500,mla_coupled,moe,456,2,3,0.04801757633686066,0.05599376559257507,2.5017244815826416
5500,mla_coupled,moe,456,2,4,0.06657958775758743,0.05873715505003929,2.5017244815826416
5500,mla_coupled,moe,456,2,5,0.06981201469898224,0.0628790333867073,2.5017244815826416
5500,mla_coupled,moe,456,2,6,0.028383789584040642,0.05280046910047531,2.5017244815826416
5500,mla_coupled,moe,456,2,7,0.06634277105331421,0.06633863598108292,2.5017244815826416
5500,mla_coupled,moe,456,2,8,0.04803710803389549,0.05928439274430275,2.5017244815826416
5500,mla_coupled,moe,456,2,9,0.07161743193864822,0.06818944215774536,2.5017244815826416
5500,mla_coupled,moe,456,2,10,0.06501831114292145,0.062190890312194824,2.5017244815826416
5500,mla_coupled,moe,456,2,11,0.062495116144418716,0.06524118781089783,2.5017244815826416
5500,mla_coupled,moe,456,2,12,0.054698485881090164,0.05800560861825943,2.5017244815826416
5500,mla_coupled,moe,456,2,13,0.056397706270217896,0.06170136108994484,2.5017244815826416
5500,mla_coupled,moe,456,2,14,0.059180907905101776,0.06551181524991989,2.5017244815826416
5500,mla_coupled,moe,456,2,15,0.07452148199081421,0.0655307024717331,2.5017244815826416
5500,mla_coupled,moe,456,3,0,0.06901733577251434,0.08144524693489075,1.7809510231018066
5500,mla_coupled,moe,456,3,1,0.06357178092002869,0.058293405920267105,1.7809510231018066
5500,mla_coupled,moe,456,3,2,0.0693957507610321,0.07302124798297882,1.7809510231018066
5500,mla_coupled,moe,456,3,3,0.04869384691119194,0.0500834621489048,1.7809510231018066
5500,mla_coupled,moe,456,3,4,0.08159912377595901,0.08430347591638565,1.7809510231018066
5500,mla_coupled,moe,456,3,5,0.05323730409145355,0.06320375204086304,1.7809510231018066
5500,mla_coupled,moe,456,3,6,0.06137328967452049,0.05574566498398781,1.7809510231018066
5500,mla_coupled,moe,456,3,7,0.06539062410593033,0.05557363107800484,1.7809510231018066
5500,mla_coupled,moe,456,3,8,0.06153320148587227,0.05954667925834656,1.7809510231018066
5500,mla_coupled,moe,456,3,9,0.04666747897863388,0.05155033618211746,1.7809510231018066
5500,mla_coupled,moe,456,3,10,0.07371094077825546,0.07322487980127335,1.7809510231018066
5500,mla_coupled,moe,456,3,11,0.061072997748851776,0.0578807108104229,1.7809510231018066
5500,mla_coupled,moe,456,3,12,0.056309815496206284,0.05447591468691826,1.7809510231018066
5500,mla_coupled,moe,456,3,13,0.05035034194588661,0.05407166853547096,1.7809510231018066
5500,mla_coupled,moe,456,3,14,0.05969604477286339,0.05840868875384331,1.7809510231018066
5500,mla_coupled,moe,456,3,15,0.07838013023138046,0.06917121261358261,1.7809510231018066
5500,mla_coupled,moe,456,4,0,0.10750610381364822,0.1144724115729332,1.2532784938812256
5500,mla_coupled,moe,456,4,1,0.05377563461661339,0.0563984289765358,1.2532784938812256
5500,mla_coupled,moe,456,4,2,0.06431762874126434,0.06937993317842484,1.2532784938812256
5500,mla_coupled,moe,456,4,3,0.08692016452550888,0.084449902176857,1.2532784938812256
5500,mla_coupled,moe,456,4,4,0.047614745795726776,0.04466116055846214,1.2532784938812256
5500,mla_coupled,moe,456,4,5,0.05870239436626434,0.05024702101945877,1.2532784938812256
5500,mla_coupled,moe,456,4,6,0.08234619349241257,0.07914289087057114,1.2532784938812256
5500,mla_coupled,moe,456,4,7,0.08130127191543579,0.07899560779333115,1.2532784938812256
5500,mla_coupled,moe,456,4,8,0.05745239183306694,0.05888180434703827,1.2532784938812256
5500,mla_coupled,moe,456,4,9,0.04890380799770355,0.05496971309185028,1.2532784938812256
5500,mla_coupled,moe,456,4,10,0.03380371257662773,0.0547303631901741,1.2532784938812256
5500,mla_coupled,moe,456,4,11,0.04779418930411339,0.04256441071629524,1.2532784938812256
5500,mla_coupled,moe,456,4,12,0.05730834975838661,0.062727190554142,1.2532784938812256
5500,mla_coupled,moe,456,4,13,0.036585692316293716,0.05111104995012283,1.2532784938812256
5500,mla_coupled,moe,456,4,14,0.08337890356779099,0.055796489119529724,1.2532784938812256
5500,mla_coupled,moe,456,4,15,0.05228881910443306,0.04147164523601532,1.2532784938812256
5500,mla_coupled,moe,456,5,0,0.05028930678963661,0.057962942868471146,1.4257001876831055
5500,mla_coupled,moe,456,5,1,0.03872436657547951,0.04582339897751808,1.4257001876831055
5500,mla_coupled,moe,456,5,2,0.07494629174470901,0.05985367298126221,1.4257001876831055
5500,mla_coupled,moe,456,5,3,0.07997680455446243,0.0856945738196373,1.4257001876831055
5500,mla_coupled,moe,456,5,4,0.038322754204273224,0.0352824404835701,1.4257001876831055
5500,mla_coupled,moe,456,5,5,0.07571777701377869,0.08775240182876587,1.4257001876831055
5500,mla_coupled,moe,456,5,6,0.07457641512155533,0.06594227999448776,1.4257001876831055
5500,mla_coupled,moe,456,5,7,0.12070190161466599,0.1134743019938469,1.4257001876831055
5500,mla_coupled,moe,456,5,8,0.04825805500149727,0.05264827236533165,1.4257001876831055
5500,mla_coupled,moe,456,5,9,0.06415405124425888,0.05316431075334549,1.4257001876831055
5500,mla_coupled,moe,456,5,10,0.04216308519244194,0.03325716033577919,1.4257001876831055
5500,mla_coupled,moe,456,5,11,0.06349853426218033,0.06219523400068283,1.4257001876831055
5500,mla_coupled,moe,456,5,12,0.03761108219623566,0.04989013820886612,1.4257001876831055
5500,mla_coupled,moe,456,5,13,0.04511840641498566,0.043278902769088745,1.4257001876831055
5500,mla_coupled,moe,456,5,14,0.09908325225114822,0.08877629041671753,1.4257001876831055
5500,mla_coupled,moe,456,5,15,0.04685790836811066,0.06500367820262909,1.4257001876831055
6000,mla_coupled,moe,456,1,0,0.04377929866313934,0.06270553916692734,2.697655439376831
6000,mla_coupled,moe,456,1,1,0.05726440250873566,0.0631813108921051,2.697655439376831
6000,mla_coupled,moe,456,1,2,0.05462890490889549,0.0630946084856987,2.697655439376831
6000,mla_coupled,moe,456,1,3,0.08437743782997131,0.06065978854894638,2.697655439376831
6000,mla_coupled,moe,456,1,4,0.07155395299196243,0.06101417541503906,2.697655439376831
6000,mla_coupled,moe,456,1,5,0.08732910454273224,0.06113415211439133,2.697655439376831
6000,mla_coupled,moe,456,1,6,0.05279785022139549,0.06210537254810333,2.697655439376831
6000,mla_coupled,moe,456,1,7,0.049128416925668716,0.06483004987239838,2.697655439376831
6000,mla_coupled,moe,456,1,8,0.06411498785018921,0.06284807622432709,2.697655439376831
6000,mla_coupled,moe,456,1,9,0.05764160305261612,0.06313876807689667,2.697655439376831
6000,mla_coupled,moe,456,1,10,0.07047729194164276,0.06298001110553741,2.697655439376831
6000,mla_coupled,moe,456,1,11,0.06224731355905533,0.062398601323366165,2.697655439376831
6000,mla_coupled,moe,456,1,12,0.07954345643520355,0.06117203086614609,2.697655439376831
6000,mla_coupled,moe,456,1,13,0.04953246936202049,0.06141923367977142,2.697655439376831
6000,mla_coupled,moe,456,1,14,0.05165649577975273,0.06280187517404556,2.697655439376831
6000,mla_coupled,moe,456,1,15,0.06392700225114822,0.06451643258333206,2.697655439376831
6000,mla_coupled,moe,456,2,0,0.06591552495956421,0.06278040260076523,2.474907159805298
6000,mla_coupled,moe,456,2,1,0.10242675989866257,0.07982714474201202,2.474907159805298
6000,mla_coupled,moe,456,2,2,0.04765014722943306,0.0566287524998188,2.474907159805298
6000,mla_coupled,moe,456,2,3,0.07356933504343033,0.06058115139603615,2.474907159805298
6000,mla_coupled,moe,456,2,4,0.05942016467452049,0.05726679414510727,2.474907159805298
6000,mla_coupled,moe,456,2,5,0.05159546062350273,0.056382618844509125,2.474907159805298
6000,mla_coupled,moe,456,2,6,0.03376464918255806,0.0534263513982296,2.474907159805298
6000,mla_coupled,moe,456,2,7,0.05545654147863388,0.06340685486793518,2.474907159805298
6000,mla_coupled,moe,456,2,8,0.03337036073207855,0.055079057812690735,2.474907159805298
6000,mla_coupled,moe,456,2,9,0.06915527582168579,0.06636901944875717,2.474907159805298
6000,mla_coupled,moe,456,2,10,0.07417724281549454,0.06660472601652145,2.474907159805298
6000,mla_coupled,moe,456,2,11,0.07152099907398224,0.06779179722070694,2.474907159805298
6000,mla_coupled,moe,456,2,12,0.06366821378469467,0.062181755900382996,2.474907159805298
6000,mla_coupled,moe,456,2,13,0.07070312649011612,0.06524255871772766,2.474907159805298
6000,mla_coupled,moe,456,2,14,0.05681518465280533,0.064577117562294,2.474907159805298
6000,mla_coupled,moe,456,2,15,0.07079101353883743,0.061853908002376556,2.474907159805298
6000,mla_coupled,moe,456,3,0,0.07013183832168579,0.08168347179889679,1.7703039646148682
6000,mla_coupled,moe,456,3,1,0.05536498874425888,0.05485354736447334,1.7703039646148682
6000,mla_coupled,moe,456,3,2,0.06645141541957855,0.07177605479955673,1.7703039646148682
6000,mla_coupled,moe,456,3,3,0.04456787183880806,0.048825252801179886,1.7703039646148682
6000,mla_coupled,moe,456,3,4,0.08492309600114822,0.08730773627758026,1.7703039646148682
6000,mla_coupled,moe,456,3,5,0.056770019233226776,0.06528334319591522,1.7703039646148682
6000,mla_coupled,moe,456,3,6,0.06491943448781967,0.058500081300735474,1.7703039646148682
6000,mla_coupled,moe,456,3,7,0.06596191227436066,0.056489989161491394,1.7703039646148682
6000,mla_coupled,moe,456,3,8,0.06152099743485451,0.05945764482021332,1.7703039646148682
6000,mla_coupled,moe,456,3,9,0.04377807676792145,0.04796747863292694,1.7703039646148682
6000,mla_coupled,moe,456,3,10,0.07102295011281967,0.06957215815782547,1.7703039646148682
6000,mla_coupled,moe,456,3,11,0.06446655094623566,0.06114385649561882,1.7703039646148682
6000,mla_coupled,moe,456,3,12,0.057060547173023224,0.05442763492465019,1.7703039646148682
6000,mla_coupled,moe,456,3,13,0.05449218675494194,0.05627458915114403,1.7703039646148682
6000,mla_coupled,moe,456,3,14,0.05766235291957855,0.056201282888650894,1.7703039646148682
6000,mla_coupled,moe,456,3,15,0.08090576529502869,0.07023587077856064,1.7703039646148682
6000,mla_coupled,moe,456,4,0,0.10979614406824112,0.11863547563552856,1.2643150091171265
6000,mla_coupled,moe,456,4,1,0.054969482123851776,0.05910973995923996,1.2643150091171265
6000,mla_coupled,moe,456,4,2,0.06179443374276161,0.06542298942804337,1.2643150091171265
6000,mla_coupled,moe,456,4,3,0.08457031100988388,0.08091779053211212,1.2643150091171265
6000,mla_coupled,moe,456,4,4,0.048747558146715164,0.04634006321430206,1.2643150091171265
6000,mla_coupled,moe,456,4,5,0.05965942516922951,0.05123971402645111,1.2643150091171265
6000,mla_coupled,moe,456,4,6,0.08557983487844467,0.0849098414182663,1.2643150091171265
6000,mla_coupled,moe,456,4,7,0.08429199457168579,0.07988077402114868,1.2643150091171265
6000,mla_coupled,moe,456,4,8,0.05977417156100273,0.06023750454187393,1.2643150091171265
6000,mla_coupled,moe,456,4,9,0.043201904743909836,0.05044179409742355,1.2643150091171265
6000,mla_coupled,moe,456,4,10,0.033604737371206284,0.05355087295174599,1.2643150091171265
6000,mla_coupled,moe,456,4,11,0.04949340969324112,0.04404665157198906,1.2643150091171265
6000,mla_coupled,moe,456,4,12,0.05833129957318306,0.06289181113243103,1.2643150091171265
6000,mla_coupled,moe,456,4,13,0.03344116359949112,0.048012834042310715,1.2643150091171265
6000,mla_coupled,moe,456,4,14,0.0802600085735321,0.05257142707705498,1.2643150091171265
6000,mla_coupled,moe,456,4,15,0.05248413234949112,0.041790690273046494,1.2643150091171265
6000,mla_coupled,moe,456,5,0,0.04903808608651161,0.05759486183524132,1.4067100286483765
6000,mla_coupled,moe,456,5,1,0.04027343913912773,0.04576624557375908,1.4067100286483765
6000,mla_coupled,moe,456,5,2,0.06403320282697678,0.05140852928161621,1.4067100286483765
6000,mla_coupled,moe,456,5,3,0.08113525062799454,0.08808738738298416,1.4067100286483765
6000,mla_coupled,moe,456,5,4,0.04075805842876434,0.03680216148495674,1.4067100286483765
6000,mla_coupled,moe,456,5,5,0.07476196438074112,0.08709109574556351,1.4067100286483765
6000,mla_coupled,moe,456,5,6,0.08154907077550888,0.0732874646782875,1.4067100286483765
6000,mla_coupled,moe,456,5,7,0.11644653230905533,0.10732366889715195,1.4067100286483765
6000,mla_coupled,moe,456,5,8,0.04461059719324112,0.051174063235521317,1.4067100286483765
6000,mla_coupled,moe,456,5,9,0.07480224967002869,0.061236537992954254,1.4067100286483765
6000,mla_coupled,moe,456,5,10,0.04255737364292145,0.03384758159518242,1.4067100286483765
6000,mla_coupled,moe,456,5,11,0.06032348796725273,0.06021928787231445,1.4067100286483765
6000,mla_coupled,moe,456,5,12,0.03736327961087227,0.04872922971844673,1.4067100286483765
6000,mla_coupled,moe,456,5,13,0.038392335176467896,0.03741734102368355,1.4067100286483765
6000,mla_coupled,moe,456,5,14,0.1019885241985321,0.09107647091150284,1.4067100286483765
6000,mla_coupled,moe,456,5,15,0.051966551691293716,0.06893801689147949,1.4067100286483765
6500,mla_coupled,moe,456,1,0,0.0638745129108429,0.06415238231420517,2.6939873695373535
6500,mla_coupled,moe,456,1,1,0.06795532256364822,0.06330528855323792,2.6939873695373535
6500,mla_coupled,moe,456,1,2,0.04847045987844467,0.06229884922504425,2.6939873695373535
6500,mla_coupled,moe,456,1,3,0.07600219547748566,0.05615564435720444,2.6939873695373535
6500,mla_coupled,moe,456,1,4,0.07027343660593033,0.061597760766744614,2.6939873695373535
6500,mla_coupled,moe,456,1,5,0.08938965201377869,0.06152039021253586,2.6939873695373535
6500,mla_coupled,moe,456,1,6,0.03916259855031967,0.06154768541455269,2.6939873695373535
6500,mla_coupled,moe,456,1,7,0.06835327297449112,0.06525309383869171,2.6939873695373535
6500,mla_coupled,moe,456,1,8,0.055842284113168716,0.06298726797103882,2.6939873695373535
6500,mla_coupled,moe,456,1,9,0.05802001804113388,0.06460459530353546,2.6939873695373535
6500,mla_coupled,moe,456,1,10,0.04540405422449112,0.06208023056387901,2.6939873695373535
6500,mla_coupled,moe,456,1,11,0.07747314125299454,0.06204667687416077,2.6939873695373535
6500,mla_coupled,moe,456,1,12,0.07856689393520355,0.0610334686934948,2.6939873695373535
6500,mla_coupled,moe,456,1,13,0.06274169683456421,0.06434155255556107,2.6939873695373535
6500,mla_coupled,moe,456,1,14,0.05097656324505806,0.06362470239400864,2.6939873695373535
6500,mla_coupled,moe,456,1,15,0.04749389737844467,0.063450388610363,2.6939873695373535
6500,mla_coupled,moe,456,2,0,0.059147950261831284,0.06047658622264862,2.4505796432495117
6500,mla_coupled,moe,456,2,1,0.09973632544279099,0.07744750380516052,2.4505796432495117
6500,mla_coupled,moe,456,2,2,0.04960815608501434,0.05714846029877663,2.4505796432495117
6500,mla_coupled,moe,456,2,3,0.05142578110098839,0.05517863854765892,2.4505796432495117
6500,mla_coupled,moe,456,2,4,0.05480346828699112,0.05570834502577782,2.4505796432495117
6500,mla_coupled,moe,456,2,5,0.06425049155950546,0.06123359128832817,2.4505796432495117
6500,mla_coupled,moe,456,2,6,0.03402099758386612,0.052377715706825256,2.4505796432495117
6500,mla_coupled,moe,456,2,7,0.058326415717601776,0.06460969150066376,2.4505796432495117
6500,mla_coupled,moe,456,2,8,0.053394775837659836,0.057171858847141266,2.4505796432495117
6500,mla_coupled,moe,456,2,9,0.07223022729158401,0.06784778833389282,2.4505796432495117
6500,mla_coupled,moe,456,2,10,0.07624633610248566,0.06767137348651886,2.4505796432495117
6500,mla_coupled,moe,456,2,11,0.05991821363568306,0.06404827535152435,2.4505796432495117
6500,mla_coupled,moe,456,2,12,0.07006591558456421,0.06471502035856247,2.4505796432495117
6500,mla_coupled,moe,456,2,13,0.0645751953125,0.06443550437688828,2.4505796432495117
6500,mla_coupled,moe,456,2,14,0.06020141765475273,0.06614814698696136,2.4505796432495117
6500,mla_coupled,moe,456,2,15,0.07204833626747131,0.06378156691789627,2.4505796432495117
6500,mla_coupled,moe,456,3,0,0.07127563655376434,0.0828336626291275,1.7635077238082886
6500,mla_coupled,moe,456,3,1,0.05183471739292145,0.0518798828125,1.7635077238082886
6500,mla_coupled,moe,456,3,2,0.07105102390050888,0.07520503550767899,1.7635077238082886
6500,mla_coupled,moe,456,3,3,0.047142334282398224,0.04997265711426735,1.7635077238082886
6500,mla_coupled,moe,456,3,4,0.08540160953998566,0.086356982588768,1.7635077238082886
6500,mla_coupled,moe,456,3,5,0.0538330078125,0.06361988186836243,1.7635077238082886
6500,mla_coupled,moe,456,3,6,0.06031494215130806,0.055426910519599915,1.7635077238082886
6500,mla_coupled,moe,456,3,7,0.06536010652780533,0.05508649721741676,1.7635077238082886
6500,mla_coupled,moe,456,3,8,0.05973999202251434,0.05819707363843918,1.7635077238082886
6500,mla_coupled,moe,456,3,9,0.04657348617911339,0.05141985043883324,1.7635077238082886
6500,mla_coupled,moe,456,3,10,0.07634155452251434,0.0754576325416565,1.7635077238082886
6500,mla_coupled,moe,456,3,11,0.05731811374425888,0.05453220009803772,1.7635077238082886
6500,mla_coupled,moe,456,3,12,0.05342285335063934,0.05252619832754135,1.7635077238082886
6500,mla_coupled,moe,456,3,13,0.06124633923172951,0.05937633663415909,1.7635077238082886
6500,mla_coupled,moe,456,3,14,0.05240844562649727,0.05406196042895317,1.7635077238082886
6500,mla_coupled,moe,456,3,15,0.08673583716154099,0.07404723763465881,1.7635077238082886
6500,mla_coupled,moe,456,4,0,0.10812622308731079,0.11446667462587357,1.2532204389572144
6500,mla_coupled,moe,456,4,1,0.05361694470047951,0.05612434446811676,1.2532204389572144
6500,mla_coupled,moe,456,4,2,0.05882202088832855,0.06373259425163269,1.2532204389572144
6500,mla_coupled,moe,456,4,3,0.08733520656824112,0.08521052449941635,1.2532204389572144
6500,mla_coupled,moe,456,4,4,0.04882446303963661,0.045627787709236145,1.2532204389572144
6500,mla_coupled,moe,456,4,5,0.053559571504592896,0.04730738699436188,1.2532204389572144
6500,mla_coupled,moe,456,4,6,0.08635009825229645,0.08552759140729904,1.2532204389572144
6500,mla_coupled,moe,456,4,7,0.08614745736122131,0.08192042261362076,1.2532204389572144
6500,mla_coupled,moe,456,4,8,0.06251709163188934,0.05828893184661865,1.2532204389572144
6500,mla_coupled,moe,456,4,9,0.046015623956918716,0.05381777882575989,1.2532204389572144
6500,mla_coupled,moe,456,4,10,0.034785155206918716,0.05579611286520958,1.2532204389572144
6500,mla_coupled,moe,456,4,11,0.05077148601412773,0.04625432938337326,1.2532204389572144
6500,mla_coupled,moe,456,4,12,0.05931274592876434,0.0653243288397789,1.2532204389572144
6500,mla_coupled,moe,456,4,13,0.03138183429837227,0.04527865722775459,1.2532204389572144
6500,mla_coupled,moe,456,4,14,0.08369872719049454,0.05688349902629852,1.2532204389572144
6500,mla_coupled,moe,456,4,15,0.048735350370407104,0.03843897953629494,1.2532204389572144
6500,mla_coupled,moe,456,5,0,0.049158934503793716,0.05612536519765854,1.4135061502456665
6500,mla_coupled,moe,456,5,1,0.03879760578274727,0.04401380941271782,1.4135061502456665
6500,mla_coupled,moe,456,5,2,0.06587402522563934,0.051432203501462936,1.4135061502456665
6500,mla_coupled,moe,456,5,3,0.08137817680835724,0.08711688965559006,1.4135061502456665
6500,mla_coupled,moe,456,5,4,0.04048828035593033,0.03644270822405815,1.4135061502456665
6500,mla_coupled,moe,456,5,5,0.07416626065969467,0.08718034625053406,1.4135061502456665
6500,mla_coupled,moe,456,5,6,0.07181030511856079,0.06465311348438263,1.4135061502456665
6500,mla_coupled,moe,456,5,7,0.12243042141199112,0.11148568987846375,1.4135061502456665
6500,mla_coupled,moe,456,5,8,0.04531494155526161,0.05226960778236389,1.4135061502456665
6500,mla_coupled,moe,456,5,9,0.07120849937200546,0.059377290308475494,1.4135061502456665
6500,mla_coupled,moe,456,5,10,0.0418701171875,0.033906541764736176,1.4135061502456665
6500,mla_coupled,moe,456,5,11,0.0647570788860321,0.06572622060775757,1.4135061502456665
6500,mla_coupled,moe,456,5,12,0.03742065280675888,0.04927599057555199,1.4135061502456665
6500,mla_coupled,moe,456,5,13,0.041972655802965164,0.040505874902009964,1.4135061502456665
6500,mla_coupled,moe,456,5,14,0.10466552525758743,0.09604278206825256,1.4135061502456665
6500,mla_coupled,moe,456,5,15,0.048686522990465164,0.06444557011127472,1.4135061502456665
7000,mla_coupled,moe,456,1,0,0.06160522624850273,0.06323864310979843,2.686408042907715
7000,mla_coupled,moe,456,1,1,0.05524536222219467,0.06440682709217072,2.686408042907715
7000,mla_coupled,moe,456,1,2,0.05609985440969467,0.06169877201318741,2.686408042907715
7000,mla_coupled,moe,456,1,3,0.09346435219049454,0.06166442856192589,2.686408042907715
7000,mla_coupled,moe,456,1,4,0.049659423530101776,0.06012484058737755,2.686408042907715
7000,mla_coupled,moe,456,1,5,0.08210571110248566,0.05832004174590111,2.686408042907715
7000,mla_coupled,moe,456,1,6,0.0753161609172821,0.06398096680641174,2.686408042907715
7000,mla_coupled,moe,456,1,7,0.043061524629592896,0.06407877802848816,2.686408042907715
7000,mla_coupled,moe,456,1,8,0.06189331039786339,0.06216450035572052,2.686408042907715
7000,mla_coupled,moe,456,1,9,0.07041382044553757,0.06509115546941757,2.686408042907715
7000,mla_coupled,moe,456,1,10,0.040870361030101776,0.061790451407432556,2.686408042907715
7000,mla_coupled,moe,456,1,11,0.04520874097943306,0.06101057678461075,2.686408042907715
7000,mla_coupled,moe,456,1,12,0.06447997689247131,0.058021701872348785,2.686408042907715
7000,mla_coupled,moe,456,1,13,0.059227295219898224,0.06383252143859863,2.686408042907715
7000,mla_coupled,moe,456,1,14,0.07933471351861954,0.06508013606071472,2.686408042907715
7000,mla_coupled,moe,456,1,15,0.06201415881514549,0.06549568474292755,2.686408042907715
7000,mla_coupled,moe,456,2,0,0.06026245281100273,0.061846084892749786,2.4281563758850098
7000,mla_coupled,moe,456,2,1,0.09646362066268921,0.0750546082854271,2.4281563758850098
7000,mla_coupled,moe,456,2,2,0.05256591737270355,0.057144101709127426,2.4281563758850098
7000,mla_coupled,moe,456,2,3,0.054320067167282104,0.05577676743268967,2.4281563758850098
7000,mla_coupled,moe,456,2,4,0.06093750149011612,0.05714735388755798,2.4281563758850098
7000,mla_coupled,moe,456,2,5,0.06648437678813934,0.06271246820688248,2.4281563758850098
7000,mla_coupled,moe,456,2,6,0.03267822414636612,0.05159424617886543,2.4281563758850098
7000,mla_coupled,moe,456,2,7,0.05958007648587227,0.06670264154672623,2.4281563758850098
7000,mla_coupled,moe,456,2,8,0.048176269978284836,0.05646444857120514,2.4281563758850098
7000,mla_coupled,moe,456,2,9,0.065216064453125,0.06529364734888077,2.4281563758850098
7000,mla_coupled,moe,456,2,10,0.07219482213258743,0.06646288931369781,2.4281563758850098
7000,mla_coupled,moe,456,2,11,0.06770507991313934,0.0679624155163765,2.4281563758850098
7000,mla_coupled,moe,456,2,12,0.063079833984375,0.06131879985332489,2.4281563758850098
7000,mla_coupled,moe,456,2,13,0.059223633259534836,0.06296330690383911,2.4281563758850098
7000,mla_coupled,moe,456,2,14,0.06689941138029099,0.06692562997341156,2.4281563758850098
7000,mla_coupled,moe,456,2,15,0.07421264797449112,0.06463055312633514,2.4281563758850098
7000,mla_coupled,moe,456,3,0,0.06697876006364822,0.07633987814188004,1.7659862041473389
7000,mla_coupled,moe,456,3,1,0.06352782994508743,0.058020543307065964,1.7659862041473389
7000,mla_coupled,moe,456,3,2,0.07122314721345901,0.07554525136947632,1.7659862041473389
7000,mla_coupled,moe,456,3,3,0.051197510212659836,0.051558103412389755,1.7659862041473389
7000,mla_coupled,moe,456,3,4,0.08156982064247131,0.08098232001066208,1.7659862041473389
7000,mla_coupled,moe,456,3,5,0.05977538973093033,0.06839331984519958,1.7659862041473389
7000,mla_coupled,moe,456,3,6,0.06376709043979645,0.05868858844041824,1.7659862041473389
7000,mla_coupled,moe,456,3,7,0.0685107409954071,0.0584077313542366,1.7659862041473389
7000,mla_coupled,moe,456,3,8,0.06081909313797951,0.059775181114673615,1.7659862041473389
7000,mla_coupled,moe,456,3,9,0.04219360277056694,0.047645315527915955,1.7659862041473389
7000,mla_coupled,moe,456,3,10,0.07208862155675888,0.07219584286212921,1.7659862041473389
7000,mla_coupled,moe,456,3,11,0.05680663883686066,0.05569755658507347,1.7659862041473389
7000,mla_coupled,moe,456,3,12,0.05328002944588661,0.053120408207178116,1.7659862041473389
7000,mla_coupled,moe,456,3,13,0.05665283277630806,0.05805107578635216,1.7659862041473389
7000,mla_coupled,moe,456,3,14,0.05021118000149727,0.05308110639452934,1.7659862041473389
7000,mla_coupled,moe,456,3,15,0.08139770478010178,0.07249777764081955,1.7659862041473389
7000,mla_coupled,moe,456,4,0,0.10811035335063934,0.11502115428447723,1.2501411437988281
7000,mla_coupled,moe,456,4,1,0.055241700261831284,0.05695389583706856,1.2501411437988281
7000,mla_coupled,moe,456,4,2,0.058808594942092896,0.06330113112926483,1.2501411437988281
7000,mla_coupled,moe,456,4,3,0.08927123993635178,0.08839520812034607,1.2501411437988281
7000,mla_coupled,moe,456,4,4,0.04991088807582855,0.04665317013859749,1.2501411437988281
7000,mla_coupled,moe,456,4,5,0.051005858927965164,0.046880170702934265,1.2501411437988281
7000,mla_coupled,moe,456,4,6,0.0855395495891571,0.08251595497131348,1.2501411437988281
7000,mla_coupled,moe,456,4,7,0.08195922523736954,0.07885380834341049,1.2501411437988281
7000,mla_coupled,moe,456,4,8,0.06774535775184631,0.06205775588750839,1.2501411437988281
7000,mla_coupled,moe,456,4,9,0.042937010526657104,0.051071614027023315,1.2501411437988281
7000,mla_coupled,moe,456,4,10,0.033680420368909836,0.05410616472363472,1.2501411437988281
7000,mla_coupled,moe,456,4,11,0.05077880993485451,0.04493958130478859,1.2501411437988281
7000,mla_coupled,moe,456,4,12,0.06046753004193306,0.06668750941753387,1.2501411437988281
7000,mla_coupled,moe,456,4,13,0.03313842788338661,0.04909658432006836,1.2501411437988281
7000,mla_coupled,moe,456,4,14,0.08067138493061066,0.05327824130654335,1.2501411437988281
7000,mla_coupled,moe,456,4,15,0.05073364078998566,0.04018807411193848,1.2501411437988281
7000,mla_coupled,moe,456,5,0,0.050617676228284836,0.05953952670097351,1.3898369073867798
7000,mla_coupled,moe,456,5,1,0.03848510608077049,0.04406042397022247,1.3898369073867798
7000,mla_coupled,moe,456,5,2,0.06897827237844467,0.05423745512962341,1.3898369073867798
7000,mla_coupled,moe,456,5,3,0.08046630769968033,0.08484012633562088,1.3898369073867798
7000,mla_coupled,moe,456,5,4,0.03792968764901161,0.03351179137825966,1.3898369073867798
7000,mla_coupled,moe,456,5,5,0.0712573230266571,0.08351261168718338,1.3898369073867798
7000,mla_coupled,moe,456,5,6,0.07779175043106079,0.0702255591750145,1.3898369073867798
7000,mla_coupled,moe,456,5,7,0.1176464855670929,0.10768678784370422,1.3898369073867798
7000,mla_coupled,moe,456,5,8,0.04586181789636612,0.053125638514757156,1.3898369073867798
7000,mla_coupled,moe,456,5,9,0.07648193091154099,0.06360963732004166,1.3898369073867798
7000,mla_coupled,moe,456,5,10,0.042064208537340164,0.03285251930356026,1.3898369073867798
7000,mla_coupled,moe,456,5,11,0.061033934354782104,0.061782799661159515,1.3898369073867798
7000,mla_coupled,moe,456,5,12,0.037297364324331284,0.04848535358905792,1.3898369073867798
7000,mla_coupled,moe,456,5,13,0.03787475451827049,0.03784172609448433,1.3898369073867798
7000,mla_coupled,moe,456,5,14,0.10359741002321243,0.09621784090995789,1.3898369073867798
7000,mla_coupled,moe,456,5,15,0.05261596664786339,0.06847019493579865,1.3898369073867798
7500,mla_coupled,moe,456,1,0,0.039342042058706284,0.0620233528316021,2.6825618743896484
7500,mla_coupled,moe,456,1,1,0.05647094547748566,0.06373551487922668,2.6825618743896484
7500,mla_coupled,moe,456,1,2,0.057764891535043716,0.06205951049923897,2.6825618743896484
7500,mla_coupled,moe,456,1,3,0.08765747398138046,0.06001879274845123,2.6825618743896484
7500,mla_coupled,moe,456,1,4,0.04656982421875,0.058735284954309464,2.6825618743896484
7500,mla_coupled,moe,456,1,5,0.07655273377895355,0.05655108392238617,2.6825618743896484
7500,mla_coupled,moe,456,1,6,0.05675293132662773,0.06351825594902039,2.6825618743896484
7500,mla_coupled,moe,456,1,7,0.07568603754043579,0.06451085209846497,2.6825618743896484
7500,mla_coupled,moe,456,1,8,0.07300171256065369,0.06499671190977097,2.6825618743896484
7500,mla_coupled,moe,456,1,9,0.07603760063648224,0.0666341632604599,2.6825618743896484
7500,mla_coupled,moe,456,1,10,0.08306640386581421,0.06322195380926132,2.6825618743896484
7500,mla_coupled,moe,456,1,11,0.024876708164811134,0.060450032353401184,2.6825618743896484
7500,mla_coupled,moe,456,1,12,0.07749145478010178,0.06078935042023659,2.6825618743896484
7500,mla_coupled,moe,456,1,13,0.053001709282398224,0.06347078084945679,2.6825618743896484
7500,mla_coupled,moe,456,1,14,0.0672314465045929,0.0648893490433693,2.6825618743896484
7500,mla_coupled,moe,456,1,15,0.04849609360098839,0.064395010471344,2.6825618743896484
7500,mla_coupled,moe,456,2,0,0.06244872882962227,0.0634882003068924,2.4063477516174316
7500,mla_coupled,moe,456,2,1,0.0978686511516571,0.07761944830417633,2.4063477516174316
7500,mla_coupled,moe,456,2,2,0.04798950254917145,0.05627185478806496,2.4063477516174316
7500,mla_coupled,moe,456,2,3,0.04683227464556694,0.05338180065155029,2.4063477516174316
7500,mla_coupled,moe,456,2,4,0.050963133573532104,0.05558821186423302,2.4063477516174316
7500,mla_coupled,moe,456,2,5,0.06737426668405533,0.06241612136363983,2.4063477516174316
7500,mla_coupled,moe,456,2,6,0.06198974698781967,0.05609434098005295,2.4063477516174316
7500,mla_coupled,moe,456,2,7,0.05318969860672951,0.062460146844387054,2.4063477516174316
7500,mla_coupled,moe,456,2,8,0.058045655488967896,0.05875704437494278,2.4063477516174316
7500,mla_coupled,moe,456,2,9,0.07059814780950546,0.06877107918262482,2.4063477516174316
7500,mla_coupled,moe,456,2,10,0.06972167640924454,0.06509551405906677,2.4063477516174316
7500,mla_coupled,moe,456,2,11,0.06788574159145355,0.06773920357227325,2.4063477516174316
7500,mla_coupled,moe,456,2,12,0.06208496168255806,0.060954660177230835,2.4063477516174316
7500,mla_coupled,moe,456,2,13,0.05842040851712227,0.06336318701505661,2.4063477516174316
7500,mla_coupled,moe,456,2,14,0.05244995281100273,0.06489767879247665,2.4063477516174316
7500,mla_coupled,moe,456,2,15,0.07213745266199112,0.06310147792100906,2.4063477516174316
7500,mla_coupled,moe,456,3,0,0.06674438714981079,0.07594729214906693,1.7544550895690918
7500,mla_coupled,moe,456,3,1,0.05764160305261612,0.05420280620455742,1.7544550895690918
7500,mla_coupled,moe,456,3,2,0.06765259057283401,0.07183060050010681,1.7544550895690918
7500,mla_coupled,moe,456,3,3,0.053223878145217896,0.051777757704257965,1.7544550895690918
7500,mla_coupled,moe,456,3,4,0.085296630859375,0.08455401659011841,1.7544550895690918
7500,mla_coupled,moe,456,3,5,0.05363159254193306,0.06341373175382614,1.7544550895690918
7500,mla_coupled,moe,456,3,6,0.059681396931409836,0.05520189180970192,1.7544550895690918
7500,mla_coupled,moe,456,3,7,0.06686034798622131,0.057081956416368484,1.7544550895690918
7500,mla_coupled,moe,456,3,8,0.06567138433456421,0.06342101842164993,1.7544550895690918
7500,mla_coupled,moe,456,3,9,0.04000244289636612,0.04584158957004547,1.7544550895690918
7500,mla_coupled,moe,456,3,10,0.07279541343450546,0.07276694476604462,1.7544550895690918
7500,mla_coupled,moe,456,3,11,0.062305908650159836,0.05953622981905937,1.7544550895690918
7500,mla_coupled,moe,456,3,12,0.055689696222543716,0.05537630617618561,1.7544550895690918
7500,mla_coupled,moe,456,3,13,0.057493895292282104,0.05985628068447113,1.7544550895690918
7500,mla_coupled,moe,456,3,14,0.053651124238967896,0.05652946978807449,1.7544550895690918
7500,mla_coupled,moe,456,3,15,0.08165771514177322,0.07266214489936829,1.7544550895690918
7500,mla_coupled,moe,456,4,0,0.10945312678813934,0.11665253341197968,1.2542883157730103
7500,mla_coupled,moe,456,4,1,0.052668455988168716,0.05536352097988129,1.2542883157730103
7500,mla_coupled,moe,456,4,2,0.05971679836511612,0.06387706100940704,1.2542883157730103
7500,mla_coupled,moe,456,4,3,0.08761841058731079,0.08490818738937378,1.2542883157730103
7500,mla_coupled,moe,456,4,4,0.04966674745082855,0.04604620859026909,1.2542883157730103
7500,mla_coupled,moe,456,4,5,0.05698242038488388,0.04984850436449051,1.2542883157730103
7500,mla_coupled,moe,456,4,6,0.08421142399311066,0.081296406686306,1.2542883157730103
7500,mla_coupled,moe,456,4,7,0.08210083097219467,0.07860060036182404,1.2542883157730103
7500,mla_coupled,moe,456,4,8,0.060917969793081284,0.06082633137702942,1.2542883157730103
7500,mla_coupled,moe,456,4,9,0.045692138373851776,0.05391811206936836,1.2542883157730103
7500,mla_coupled,moe,456,4,10,0.03349487483501434,0.05313773453235626,1.2542883157730103
7500,mla_coupled,moe,456,4,11,0.05118774250149727,0.04598020389676094,1.2542883157730103
7500,mla_coupled,moe,456,4,12,0.05546508729457855,0.062381476163864136,1.2542883157730103
7500,mla_coupled,moe,456,4,13,0.034760743379592896,0.050608597695827484,1.2542883157730103
7500,mla_coupled,moe,456,4,14,0.08576171845197678,0.057280801236629486,1.2542883157730103
7500,mla_coupled,moe,456,4,15,0.05030151456594467,0.0392736941576004,1.2542883157730103
7500,mla_coupled,moe,456,5,0,0.04707275331020355,0.05504366010427475,1.405442237854004
7500,mla_coupled,moe,456,5,1,0.04071899503469467,0.045218683779239655,1.405442237854004
7500,mla_coupled,moe,456,5,2,0.06888305395841599,0.05451827496290207,1.405442237854004
7500,mla_coupled,moe,456,5,3,0.08099975436925888,0.08506117016077042,1.405442237854004
7500,mla_coupled,moe,456,5,4,0.039128419011831284,0.034624770283699036,1.405442237854004
7500,mla_coupled,moe,456,5,5,0.07671874761581421,0.08974147588014603,1.405442237854004
7500,mla_coupled,moe,456,5,6,0.07499145716428757,0.06760121881961823,1.405442237854004
7500,mla_coupled,moe,456,5,7,0.12309692054986954,0.11457721889019012,1.405442237854004
7500,mla_coupled,moe,456,5,8,0.04384765774011612,0.050452519208192825,1.405442237854004
7500,mla_coupled,moe,456,5,9,0.06818725913763046,0.05634491518139839,1.405442237854004
7500,mla_coupled,moe,456,5,10,0.04142700135707855,0.03116505779325962,1.405442237854004
7500,mla_coupled,moe,456,5,11,0.061676025390625,0.06184912845492363,1.405442237854004
7500,mla_coupled,moe,456,5,12,0.03660644590854645,0.048520077019929886,1.405442237854004
7500,mla_coupled,moe,456,5,13,0.04363647475838661,0.04376336559653282,1.405442237854004
7500,mla_coupled,moe,456,5,14,0.10212646424770355,0.0933370515704155,1.405442237854004
7500,mla_coupled,moe,456,5,15,0.05088256672024727,0.06818144023418427,1.405442237854004
8000,mla_coupled,moe,456,1,0,0.041505128145217896,0.062461767345666885,2.6738882064819336
8000,mla_coupled,moe,456,1,1,0.057972412556409836,0.0641535222530365,2.6738882064819336
8000,mla_coupled,moe,456,1,2,0.042143553495407104,0.05950808525085449,2.6738882064819336
8000,mla_coupled,moe,456,1,3,0.08410400152206421,0.05826471373438835,2.6738882064819336
8000,mla_coupled,moe,456,1,4,0.046741943806409836,0.058670371770858765,2.6738882064819336
8000,mla_coupled,moe,456,1,5,0.08324096351861954,0.059418272227048874,2.6738882064819336
8000,mla_coupled,moe,456,1,6,0.08099853247404099,0.06393057107925415,2.6738882064819336
8000,mla_coupled,moe,456,1,7,0.031015625223517418,0.06284736096858978,2.6738882064819336
8000,mla_coupled,moe,456,1,8,0.06503783911466599,0.06444685906171799,2.6738882064819336
8000,mla_coupled,moe,456,1,9,0.07364258170127869,0.06724285334348679,2.6738882064819336
8000,mla_coupled,moe,456,1,10,0.06602783501148224,0.062053680419921875,2.6738882064819336
8000,mla_coupled,moe,456,1,11,0.050135497003793716,0.06102560833096504,2.6738882064819336
8000,mla_coupled,moe,456,1,12,0.08425536751747131,0.06191427633166313,2.6738882064819336
8000,mla_coupled,moe,456,1,13,0.061011962592601776,0.06448748707771301,2.6738882064819336
8000,mla_coupled,moe,456,1,14,0.058067627251148224,0.06361984461545944,2.6738882064819336
8000,mla_coupled,moe,456,1,15,0.07409912347793579,0.06595475971698761,2.6738882064819336
8000,mla_coupled,moe,456,2,0,0.05730834975838661,0.06126600131392479,2.383943557739258
8000,mla_coupled,moe,456,2,1,0.0958544909954071,0.07612607628107071,2.383943557739258
8000,mla_coupled,moe,456,2,2,0.06139892712235451,0.059526968747377396,2.383943557739258
8000,mla_coupled,moe,456,2,3,0.054163817316293716,0.05429614707827568,2.383943557739258
8000,mla_coupled,moe,456,2,4,0.052409667521715164,0.05580336973071098,2.383943557739258
8000,mla_coupled,moe,456,2,5,0.07376831024885178,0.06641283631324768,2.383943557739258
8000,mla_coupled,moe,456,2,6,0.055286865681409836,0.0545511394739151,2.383943557739258
8000,mla_coupled,moe,456,2,7,0.053436279296875,0.061977893114089966,2.383943557739258
8000,mla_coupled,moe,456,2,8,0.051112059503793716,0.056870874017477036,2.383943557739258
8000,mla_coupled,moe,456,2,9,0.06994873285293579,0.06956280022859573,2.383943557739258
8000,mla_coupled,moe,456,2,10,0.06992187350988388,0.06660798192024231,2.383943557739258
8000,mla_coupled,moe,456,2,11,0.06336303800344467,0.06523634493350983,2.383943557739258
8000,mla_coupled,moe,456,2,12,0.0644213855266571,0.062229614704847336,2.383943557739258
8000,mla_coupled,moe,456,2,13,0.05382446199655533,0.06099963188171387,2.383943557739258
8000,mla_coupled,moe,456,2,14,0.05254272371530533,0.06458485871553421,2.383943557739258
8000,mla_coupled,moe,456,2,15,0.07123901695013046,0.06394746154546738,2.383943557739258
8000,mla_coupled,moe,456,3,0,0.06958984583616257,0.08083545416593552,1.7550270557403564
8000,mla_coupled,moe,456,3,1,0.058234862983226776,0.05343084782361984,1.7550270557403564
8000,mla_coupled,moe,456,3,2,0.06703979521989822,0.07134893536567688,1.7550270557403564
8000,mla_coupled,moe,456,3,3,0.05690063536167145,0.05475403741002083,1.7550270557403564
8000,mla_coupled,moe,456,3,4,0.08474243432283401,0.08670254051685333,1.7550270557403564
8000,mla_coupled,moe,456,3,5,0.05272461101412773,0.06320361793041229,1.7550270557403564
8000,mla_coupled,moe,456,3,6,0.06013672053813934,0.05481510981917381,1.7550270557403564
8000,mla_coupled,moe,456,3,7,0.06679565459489822,0.05663178116083145,1.7550270557403564
8000,mla_coupled,moe,456,3,8,0.06480834633111954,0.06327523291110992,1.7550270557403564
8000,mla_coupled,moe,456,3,9,0.044719237834215164,0.04837806150317192,1.7550270557403564
8000,mla_coupled,moe,456,3,10,0.07109618932008743,0.0710299089550972,1.7550270557403564
8000,mla_coupled,moe,456,3,11,0.05783325061202049,0.05677469074726105,1.7550270557403564
8000,mla_coupled,moe,456,3,12,0.05879760906100273,0.05656036362051964,1.7550270557403564
8000,mla_coupled,moe,456,3,13,0.050999756902456284,0.054673757404088974,1.7550270557403564
8000,mla_coupled,moe,456,3,14,0.05474243313074112,0.056645091623067856,1.7550270557403564
8000,mla_coupled,moe,456,3,15,0.08083862066268921,0.07094058394432068,1.7550270557403564
8000,mla_coupled,moe,456,4,0,0.10848754644393921,0.1162896454334259,1.2425895929336548
8000,mla_coupled,moe,456,4,1,0.050895996391773224,0.05409998074173927,1.2425895929336548
8000,mla_coupled,moe,456,4,2,0.06060180813074112,0.06457852572202682,1.2425895929336548
8000,mla_coupled,moe,456,4,3,0.08539062738418579,0.08258028328418732,1.2425895929336548
8000,mla_coupled,moe,456,4,4,0.04798705875873566,0.04485975578427315,1.2425895929336548
8000,mla_coupled,moe,456,4,5,0.056773681193590164,0.04967394471168518,1.2425895929336548
8000,mla_coupled,moe,456,4,6,0.08451294153928757,0.08217664062976837,1.2425895929336548
8000,mla_coupled,moe,456,4,7,0.0843505859375,0.08170448243618011,1.2425895929336548
8000,mla_coupled,moe,456,4,8,0.06047363206744194,0.05823303759098053,1.2425895929336548
8000,mla_coupled,moe,456,4,9,0.046391602605581284,0.0545278899371624,1.2425895929336548
8000,mla_coupled,moe,456,4,10,0.03258667141199112,0.053582027554512024,1.2425895929336548
8000,mla_coupled,moe,456,4,11,0.050712890923023224,0.04516572505235672,1.2425895929336548
8000,mla_coupled,moe,456,4,12,0.05860595777630806,0.06582878530025482,1.2425895929336548
8000,mla_coupled,moe,456,4,13,0.03500732406973839,0.05048013851046562,1.2425895929336548
8000,mla_coupled,moe,456,4,14,0.08465820550918579,0.0554235465824604,1.2425895929336548
8000,mla_coupled,moe,456,4,15,0.05256347730755806,0.04079560935497284,1.2425895929336548
8000,mla_coupled,moe,456,5,0,0.04521484300494194,0.05326496437191963,1.4075547456741333
8000,mla_coupled,moe,456,5,1,0.041130371391773224,0.04727130010724068,1.4075547456741333
8000,mla_coupled,moe,456,5,2,0.06968505680561066,0.05593114718794823,1.4075547456741333
8000,mla_coupled,moe,456,5,3,0.08051757514476776,0.08679655194282532,1.4075547456741333
8000,mla_coupled,moe,456,5,4,0.04061279445886612,0.035851746797561646,1.4075547456741333
8000,mla_coupled,moe,456,5,5,0.07782959192991257,0.09013834595680237,1.4075547456741333
8000,mla_coupled,moe,456,5,6,0.0780322253704071,0.07095398753881454,1.4075547456741333
8000,mla_coupled,moe,456,5,7,0.12166015803813934,0.10989154130220413,1.4075547456741333
8000,mla_coupled,moe,456,5,8,0.04320678859949112,0.04998365417122841,1.4075547456741333
8000,mla_coupled,moe,456,5,9,0.06804443150758743,0.0558912418782711,1.4075547456741333
8000,mla_coupled,moe,456,5,10,0.041168212890625,0.03302757814526558,1.4075547456741333
8000,mla_coupled,moe,456,5,11,0.060938719660043716,0.06276487559080124,1.4075547456741333
8000,mla_coupled,moe,456,5,12,0.034522704780101776,0.04471290484070778,1.4075547456741333
8000,mla_coupled,moe,456,5,13,0.043690185993909836,0.042507704347372055,1.4075547456741333
8000,mla_coupled,moe,456,5,14,0.10427001863718033,0.0950450599193573,1.4075547456741333
8000,mla_coupled,moe,456,5,15,0.049476318061351776,0.06596735119819641,1.4075547456741333
8500,mla_coupled,moe,456,1,0,0.05091796815395355,0.06234745681285858,2.668278217315674
8500,mla_coupled,moe,456,1,1,0.056910399347543716,0.06367526948451996,2.668278217315674
8500,mla_coupled,moe,456,1,2,0.05914916843175888,0.06116121634840965,2.668278217315674
8500,mla_coupled,moe,456,1,3,0.09007568657398224,0.06081848219037056,2.668278217315674
8500,mla_coupled,moe,456,1,4,0.05127807706594467,0.058166611939668655,2.668278217315674
8500,mla_coupled,moe,456,1,5,0.08911865204572678,0.060478076338768005,2.668278217315674
8500,mla_coupled,moe,456,1,6,0.054045408964157104,0.06293939054012299,2.668278217315674
8500,mla_coupled,moe,456,1,7,0.06025390699505806,0.06335368752479553,2.668278217315674
8500,mla_coupled,moe,456,1,8,0.06973022222518921,0.06517712771892548,2.668278217315674
8500,mla_coupled,moe,456,1,9,0.06400512903928757,0.06558577716350555,2.668278217315674
8500,mla_coupled,moe,456,1,10,0.06148437410593033,0.06202707812190056,2.668278217315674
8500,mla_coupled,moe,456,1,11,0.04791625961661339,0.06015239655971527,2.668278217315674
8500,mla_coupled,moe,456,1,12,0.07961059361696243,0.061153605580329895,2.668278217315674
8500,mla_coupled,moe,456,1,13,0.04817138612270355,0.06287083029747009,2.668278217315674
8500,mla_coupled,moe,456,1,14,0.059852294623851776,0.06475373357534409,2.668278217315674
8500,mla_coupled,moe,456,1,15,0.05748046934604645,0.06533925235271454,2.668278217315674
8500,mla_coupled,moe,456,2,0,0.05733886733651161,0.06096413731575012,2.3639466762542725
8500,mla_coupled,moe,456,2,1,0.09776855260133743,0.07967245578765869,2.3639466762542725
8500,mla_coupled,moe,456,2,2,0.059294432401657104,0.05877025052905083,2.3639466762542725
8500,mla_coupled,moe,456,2,3,0.04610351473093033,0.05208662524819374,2.3639466762542725
8500,mla_coupled,moe,456,2,4,0.056757811456918716,0.056223850697278976,2.3639466762542725
8500,mla_coupled,moe,456,2,5,0.07816161960363388,0.06814441829919815,2.3639466762542725
8500,mla_coupled,moe,456,2,6,0.056281737983226776,0.053787894546985626,2.3639466762542725
8500,mla_coupled,moe,456,2,7,0.05351318418979645,0.06294618546962738,2.3639466762542725
8500,mla_coupled,moe,456,2,8,0.04592651501297951,0.05572033300995827,2.3639466762542725
8500,mla_coupled,moe,456,2,9,0.06337768584489822,0.06601312756538391,2.3639466762542725
8500,mla_coupled,moe,456,2,10,0.0734851062297821,0.06761202961206436,2.3639466762542725
8500,mla_coupled,moe,456,2,11,0.058930665254592896,0.06400637328624725,2.3639466762542725
8500,mla_coupled,moe,456,2,12,0.06004272401332855,0.06019739806652069,2.3639466762542725
8500,mla_coupled,moe,456,2,13,0.06135742366313934,0.06475263833999634,2.3639466762542725
8500,mla_coupled,moe,456,2,14,0.060755614191293716,0.06709811836481094,2.3639466762542725
8500,mla_coupled,moe,456,2,15,0.07090453803539276,0.06200413778424263,2.3639466762542725
8500,mla_coupled,moe,456,3,0,0.06900268793106079,0.07891358435153961,1.7325797080993652
8500,mla_coupled,moe,456,3,1,0.05503173917531967,0.052666984498500824,1.7325797080993652
8500,mla_coupled,moe,456,3,2,0.07081787288188934,0.0762941762804985,1.7325797080993652
8500,mla_coupled,moe,456,3,3,0.05599609389901161,0.05395509675145149,1.7325797080993652
8500,mla_coupled,moe,456,3,4,0.0832202136516571,0.08451195061206818,1.7325797080993652
8500,mla_coupled,moe,456,3,5,0.053691405802965164,0.06310824304819107,1.7325797080993652
8500,mla_coupled,moe,456,3,6,0.062254637479782104,0.057172056287527084,1.7325797080993652
8500,mla_coupled,moe,456,3,7,0.06199951097369194,0.05424881353974342,1.7325797080993652
8500,mla_coupled,moe,456,3,8,0.06037719547748566,0.05872143805027008,1.7325797080993652
8500,mla_coupled,moe,456,3,9,0.041374512016773224,0.046617910265922546,1.7325797080993652
8500,mla_coupled,moe,456,3,10,0.07448974251747131,0.07336460798978806,1.7325797080993652
8500,mla_coupled,moe,456,3,11,0.06154540926218033,0.05960444360971451,1.7325797080993652
8500,mla_coupled,moe,456,3,12,0.06022338941693306,0.05775405839085579,1.7325797080993652
8500,mla_coupled,moe,456,3,13,0.05449829250574112,0.05689983069896698,1.7325797080993652
8500,mla_coupled,moe,456,3,14,0.051746826618909836,0.05466088652610779,1.7325797080993652
8500,mla_coupled,moe,456,3,15,0.08373046666383743,0.07150592654943466,1.7325797080993652
8500,mla_coupled,moe,456,4,0,0.10992187261581421,0.11696750670671463,1.23751962184906
8500,mla_coupled,moe,456,4,1,0.054558105766773224,0.05797463282942772,1.23751962184906
8500,mla_coupled,moe,456,4,2,0.05826415866613388,0.06331383436918259,1.23751962184906
8500,mla_coupled,moe,456,4,3,0.08692993223667145,0.08420996367931366,1.23751962184906
8500,mla_coupled,moe,456,4,4,0.04955078288912773,0.04623139277100563,1.23751962184906
8500,mla_coupled,moe,456,4,5,0.056639403104782104,0.04818931967020035,1.23751962184906
8500,mla_coupled,moe,456,4,6,0.08488403260707855,0.08024042099714279,1.23751962184906
8500,mla_coupled,moe,456,4,7,0.08365356177091599,0.0818084180355072,1.23751962184906
8500,mla_coupled,moe,456,4,8,0.06281127780675888,0.060952913016080856,1.23751962184906
8500,mla_coupled,moe,456,4,9,0.042268067598342896,0.05012314394116402,1.23751962184906
8500,mla_coupled,moe,456,4,10,0.033045653253793716,0.055090438574552536,1.23751962184906
8500,mla_coupled,moe,456,4,11,0.05162719637155533,0.048638977110385895,1.23751962184906
8500,mla_coupled,moe,456,4,12,0.05402465909719467,0.060469627380371094,1.23751962184906
8500,mla_coupled,moe,456,4,13,0.031977538019418716,0.04586479067802429,1.23751962184906
8500,mla_coupled,moe,456,4,14,0.09010498225688934,0.06072956696152687,1.23751962184906
8500,mla_coupled,moe,456,4,15,0.049738768488168716,0.03919501602649689,1.23751962184906
8500,mla_coupled,moe,456,5,0,0.05044921860098839,0.05814041197299957,1.391190528869629
8500,mla_coupled,moe,456,5,1,0.040705565363168716,0.04671512544155121,1.391190528869629
8500,mla_coupled,moe,456,5,2,0.06474975496530533,0.05211101472377777,1.391190528869629
8500,mla_coupled,moe,456,5,3,0.07994140684604645,0.08367303013801575,1.391190528869629
8500,mla_coupled,moe,456,5,4,0.03800659254193306,0.03420804440975189,1.391190528869629
8500,mla_coupled,moe,456,5,5,0.07382446527481079,0.08462374657392502,1.391190528869629
8500,mla_coupled,moe,456,5,6,0.07973998785018921,0.0722971186041832,1.391190528869629
8500,mla_coupled,moe,456,5,7,0.12009643763303757,0.11105102300643921,1.391190528869629
8500,mla_coupled,moe,456,5,8,0.04446655139327049,0.050659142434597015,1.391190528869629
8500,mla_coupled,moe,456,5,9,0.06993164122104645,0.05946636199951172,1.391190528869629
8500,mla_coupled,moe,456,5,10,0.041343994438648224,0.03157924860715866,1.391190528869629
8500,mla_coupled,moe,456,5,11,0.060699462890625,0.061249054968357086,1.391190528869629
8500,mla_coupled,moe,456,5,12,0.036339111626148224,0.04698949679732323,1.391190528869629
8500,mla_coupled,moe,456,5,13,0.04316161945462227,0.0430576466023922,1.391190528869629
8500,mla_coupled,moe,456,5,14,0.10621093958616257,0.09750396758317947,1.391190528869629
8500,mla_coupled,moe,456,5,15,0.05033325031399727,0.0666755735874176,1.391190528869629
9000,mla_coupled,moe,456,1,0,0.04659790173172951,0.0628916546702385,2.665523052215576
9000,mla_coupled,moe,456,1,1,0.06666503846645355,0.06499621272087097,2.665523052215576
9000,mla_coupled,moe,456,1,2,0.05530029162764549,0.06098705902695656,2.665523052215576
9000,mla_coupled,moe,456,1,3,0.0833447277545929,0.05835893750190735,2.665523052215576
9000,mla_coupled,moe,456,1,4,0.06026855483651161,0.05992524325847626,2.665523052215576
9000,mla_coupled,moe,456,1,5,0.08499877899885178,0.058892883360385895,2.665523052215576
9000,mla_coupled,moe,456,1,6,0.047282714396715164,0.06316904723644257,2.665523052215576
9000,mla_coupled,moe,456,1,7,0.05632202327251434,0.06388141214847565,2.665523052215576
9000,mla_coupled,moe,456,1,8,0.05737914890050888,0.06277725100517273,2.665523052215576
9000,mla_coupled,moe,456,1,9,0.059349365532398224,0.06457154452800751,2.665523052215576
9000,mla_coupled,moe,456,1,10,0.06017090007662773,0.06270010024309158,2.665523052215576
9000,mla_coupled,moe,456,1,11,0.077301025390625,0.062210895121097565,2.665523052215576
9000,mla_coupled,moe,456,1,12,0.07203857600688934,0.05968080088496208,2.665523052215576
9000,mla_coupled,moe,456,1,13,0.04978393390774727,0.06377247720956802,2.665523052215576
9000,mla_coupled,moe,456,1,14,0.06343749910593033,0.06535156816244125,2.665523052215576
9000,mla_coupled,moe,456,1,15,0.05975951999425888,0.06583290547132492,2.665523052215576
9000,mla_coupled,moe,456,2,0,0.05506591871380806,0.05998540297150612,2.346395969390869
9000,mla_coupled,moe,456,2,1,0.09319335967302322,0.07480627298355103,2.346395969390869
9000,mla_coupled,moe,456,2,2,0.05438476428389549,0.057019494473934174,2.346395969390869
9000,mla_coupled,moe,456,2,3,0.06334106624126434,0.056387368589639664,2.346395969390869
9000,mla_coupled,moe,456,2,4,0.05395874008536339,0.05601554363965988,2.346395969390869
9000,mla_coupled,moe,456,2,5,0.06456787139177322,0.06262197345495224,2.346395969390869
9000,mla_coupled,moe,456,2,6,0.050689697265625,0.052992332726716995,2.346395969390869
9000,mla_coupled,moe,456,2,7,0.05140747129917145,0.06196868047118187,2.346395969390869
9000,mla_coupled,moe,456,2,8,0.05522094666957855,0.05764617770910263,2.346395969390869
9000,mla_coupled,moe,456,2,9,0.06276733428239822,0.06647176295518875,2.346395969390869
9000,mla_coupled,moe,456,2,10,0.07332153618335724,0.06956280022859573,2.346395969390869
9000,mla_coupled,moe,456,2,11,0.06189331039786339,0.06606995314359665,2.346395969390869
9000,mla_coupled,moe,456,2,12,0.06938842684030533,0.06492126733064651,2.346395969390869
9000,mla_coupled,moe,456,2,13,0.06034301593899727,0.06380769610404968,2.346395969390869
9000,mla_coupled,moe,456,2,14,0.056086424738168716,0.06563283503055573,2.346395969390869
9000,mla_coupled,moe,456,2,15,0.0743701159954071,0.06409045308828354,2.346395969390869
9000,mla_coupled,moe,456,3,0,0.06727905571460724,0.07664819806814194,1.7260441780090332
9000,mla_coupled,moe,456,3,1,0.06583984196186066,0.0569525845348835,1.7260441780090332
9000,mla_coupled,moe,456,3,2,0.06957275420427322,0.07420814037322998,1.7260441780090332
9000,mla_coupled,moe,456,3,3,0.053455810993909836,0.05088484659790993,1.7260441780090332
9000,mla_coupled,moe,456,3,4,0.08210815489292145,0.08323459327220917,1.7260441780090332
9000,mla_coupled,moe,456,3,5,0.05585571378469467,0.06595243513584137,1.7260441780090332
9000,mla_coupled,moe,456,3,6,0.06591186672449112,0.06009289622306824,1.7260441780090332
9000,mla_coupled,moe,456,3,7,0.06449706852436066,0.05525127053260803,1.7260441780090332
9000,mla_coupled,moe,456,3,8,0.05869872868061066,0.05770299583673477,1.7260441780090332
9000,mla_coupled,moe,456,3,9,0.03807251155376434,0.04401295632123947,1.7260441780090332
9000,mla_coupled,moe,456,3,10,0.07116332650184631,0.07235653698444366,1.7260441780090332
9000,mla_coupled,moe,456,3,11,0.06385497748851776,0.06181827187538147,1.7260441780090332
9000,mla_coupled,moe,456,3,12,0.058796387165784836,0.05784966051578522,1.7260441780090332
9000,mla_coupled,moe,456,3,13,0.055961914360523224,0.058539342135190964,1.7260441780090332
9000,mla_coupled,moe,456,3,14,0.04936034977436066,0.0524107851088047,1.7260441780090332
9000,mla_coupled,moe,456,3,15,0.07957153022289276,0.0720844641327858,1.7260441780090332
9000,mla_coupled,moe,456,4,0,0.10874023288488388,0.11340304464101791,1.2527753114700317
9000,mla_coupled,moe,456,4,1,0.057426758110523224,0.06016111373901367,1.2527753114700317
9000,mla_coupled,moe,456,4,2,0.057579346001148224,0.06214956194162369,1.2527753114700317
9000,mla_coupled,moe,456,4,3,0.08712036162614822,0.08411896973848343,1.2527753114700317
9000,mla_coupled,moe,456,4,4,0.047919921576976776,0.04570717737078667,1.2527753114700317
9000,mla_coupled,moe,456,4,5,0.05087524279952049,0.04603564366698265,1.2527753114700317
9000,mla_coupled,moe,456,4,6,0.08484374731779099,0.08032151311635971,1.2527753114700317
9000,mla_coupled,moe,456,4,7,0.0864550769329071,0.0831146165728569,1.2527753114700317
9000,mla_coupled,moe,456,4,8,0.07002563774585724,0.06356529891490936,1.2527753114700317
9000,mla_coupled,moe,456,4,9,0.043583985418081284,0.05232003703713417,1.2527753114700317
9000,mla_coupled,moe,456,4,10,0.03393188491463661,0.056273773312568665,1.2527753114700317
9000,mla_coupled,moe,456,4,11,0.049995116889476776,0.046846162527799606,1.2527753114700317
9000,mla_coupled,moe,456,4,12,0.054719239473342896,0.061668362468481064,1.2527753114700317
9000,mla_coupled,moe,456,4,13,0.03161010891199112,0.0471857413649559,1.2527753114700317
9000,mla_coupled,moe,456,4,14,0.08280883729457855,0.055203307420015335,1.2527753114700317
9000,mla_coupled,moe,456,4,15,0.05236450210213661,0.041925687342882156,1.2527753114700317
9000,mla_coupled,moe,456,5,0,0.05048828199505806,0.058246854692697525,1.3947049379348755
9000,mla_coupled,moe,456,5,1,0.03911498934030533,0.044044289737939835,1.3947049379348755
9000,mla_coupled,moe,456,5,2,0.06305908411741257,0.051200032234191895,1.3947049379348755
9000,mla_coupled,moe,456,5,3,0.08138671517372131,0.08593998104333878,1.3947049379348755
9000,mla_coupled,moe,456,5,4,0.042454835027456284,0.038268864154815674,1.3947049379348755
9000,mla_coupled,moe,456,5,5,0.071990966796875,0.08419356495141983,1.3947049379348755
9000,mla_coupled,moe,456,5,6,0.0773913562297821,0.07058386504650116,1.3947049379348755
9000,mla_coupled,moe,456,5,7,0.11884155124425888,0.10787886381149292,1.3947049379348755
9000,mla_coupled,moe,456,5,8,0.04233642667531967,0.04941309615969658,1.3947049379348755
9000,mla_coupled,moe,456,5,9,0.07198242098093033,0.06006591022014618,1.3947049379348755
9000,mla_coupled,moe,456,5,10,0.04137207195162773,0.031750161200761795,1.3947049379348755
9000,mla_coupled,moe,456,5,11,0.06279662996530533,0.06385593861341476,1.3947049379348755
9000,mla_coupled,moe,456,5,12,0.03725952282547951,0.04767307639122009,1.3947049379348755
9000,mla_coupled,moe,456,5,13,0.041889648884534836,0.042336732149124146,1.3947049379348755
9000,mla_coupled,moe,456,5,14,0.10707519203424454,0.09793993085622787,1.3947049379348755
9000,mla_coupled,moe,456,5,15,0.050560303032398224,0.06660883873701096,1.3947049379348755
9500,mla_coupled,moe,456,1,0,0.046412352472543716,0.06278161704540253,2.6631176471710205
9500,mla_coupled,moe,456,1,1,0.06082519516348839,0.0650772899389267,2.6631176471710205
9500,mla_coupled,moe,456,1,2,0.05598999187350273,0.06120305880904198,2.6631176471710205
9500,mla_coupled,moe,456,1,3,0.08484863489866257,0.05899069830775261,2.6631176471710205
9500,mla_coupled,moe,456,1,4,0.050419922918081284,0.05892135947942734,2.6631176471710205
9500,mla_coupled,moe,456,1,5,0.08171630650758743,0.057708725333213806,2.6631176471710205
9500,mla_coupled,moe,456,1,6,0.06455077975988388,0.06404682993888855,2.6631176471710205
9500,mla_coupled,moe,456,1,7,0.037750244140625,0.0637044832110405,2.6631176471710205
9500,mla_coupled,moe,456,1,8,0.068756103515625,0.06460846215486526,2.6631176471710205
9500,mla_coupled,moe,456,1,9,0.06017211824655533,0.06508300453424454,2.6631176471710205
9500,mla_coupled,moe,456,1,10,0.06860839575529099,0.061915647238492966,2.6631176471710205
9500,mla_coupled,moe,456,1,11,0.06095214933156967,0.061398494988679886,2.6631176471710205
9500,mla_coupled,moe,456,1,12,0.0699450671672821,0.05815744027495384,2.6631176471710205
9500,mla_coupled,moe,456,1,13,0.050281982868909836,0.06421702355146408,2.6631176471710205
9500,mla_coupled,moe,456,1,14,0.06519775092601776,0.06597816199064255,2.6631176471710205
9500,mla_coupled,moe,456,1,15,0.07357300072908401,0.06620769202709198,2.6631176471710205
9500,mla_coupled,moe,456,2,0,0.06003662198781967,0.06331188976764679,2.329651355743408
9500,mla_coupled,moe,456,2,1,0.09069579839706421,0.07409685105085373,2.329651355743408
9500,mla_coupled,moe,456,2,2,0.05757080018520355,0.05718941241502762,2.329651355743408
9500,mla_coupled,moe,456,2,3,0.053068846464157104,0.05421937629580498,2.329651355743408
9500,mla_coupled,moe,456,2,4,0.053569335490465164,0.056347280740737915,2.329651355743408
9500,mla_coupled,moe,456,2,5,0.06879394501447678,0.06475164741277695,2.329651355743408
9500,mla_coupled,moe,456,2,6,0.05513549968600273,0.05275589972734451,2.329651355743408
9500,mla_coupled,moe,456,2,7,0.05191894620656967,0.062408775091171265,2.329651355743408
9500,mla_coupled,moe,456,2,8,0.05317382887005806,0.05745808780193329,2.329651355743408
9500,mla_coupled,moe,456,2,9,0.062156982719898224,0.06581246852874756,2.329651355743408
9500,mla_coupled,moe,456,2,10,0.0693981945514679,0.06649311631917953,2.329651355743408
9500,mla_coupled,moe,456,2,11,0.0658581554889679,0.06761376559734344,2.329651355743408
9500,mla_coupled,moe,456,2,12,0.06015258654952049,0.060785721987485886,2.329651355743408
9500,mla_coupled,moe,456,2,13,0.06591430306434631,0.06626827269792557,2.329651355743408
9500,mla_coupled,moe,456,2,14,0.060100097209215164,0.06724398583173752,2.329651355743408
9500,mla_coupled,moe,456,2,15,0.07245605438947678,0.06324343383312225,2.329651355743408
9500,mla_coupled,moe,456,3,0,0.06795654445886612,0.07803221791982651,1.7264858484268188
9500,mla_coupled,moe,456,3,1,0.06332885473966599,0.05619555339217186,1.7264858484268188
9500,mla_coupled,moe,456,3,2,0.06813842803239822,0.07379228621721268,1.7264858484268188
9500,mla_coupled,moe,456,3,3,0.05610107257962227,0.053542133420705795,1.7264858484268188
9500,mla_coupled,moe,456,3,4,0.08200317621231079,0.08188939094543457,1.7264858484268188
9500,mla_coupled,moe,456,3,5,0.05588378757238388,0.06534050405025482,1.7264858484268188
9500,mla_coupled,moe,456,3,6,0.06101440265774727,0.05627012625336647,1.7264858484268188
9500,mla_coupled,moe,456,3,7,0.06314941495656967,0.054443359375,1.7264858484268188
9500,mla_coupled,moe,456,3,8,0.06199707090854645,0.06129397451877594,1.7264858484268188
9500,mla_coupled,moe,456,3,9,0.04474487155675888,0.04894988238811493,1.7264858484268188
9500,mla_coupled,moe,456,3,10,0.07340942323207855,0.0738392099738121,1.7264858484268188
9500,mla_coupled,moe,456,3,11,0.06096069514751434,0.05953872203826904,1.7264858484268188
9500,mla_coupled,moe,456,3,12,0.053809814155101776,0.05352052301168442,1.7264858484268188
9500,mla_coupled,moe,456,3,13,0.05478271469473839,0.05753074213862419,1.7264858484268188
9500,mla_coupled,moe,456,3,14,0.04978393390774727,0.05269785225391388,1.7264858484268188
9500,mla_coupled,moe,456,3,15,0.08293578773736954,0.07312353700399399,1.7264858484268188
9500,mla_coupled,moe,456,4,0,0.109375,0.11647830158472061,1.257265329360962
9500,mla_coupled,moe,456,4,1,0.05574340745806694,0.0589277409017086,1.257265329360962
9500,mla_coupled,moe,456,4,2,0.05718627944588661,0.06117427721619606,1.257265329360962
9500,mla_coupled,moe,456,4,3,0.08742187172174454,0.08313989639282227,1.257265329360962
9500,mla_coupled,moe,456,4,4,0.049504395574331284,0.04707038030028343,1.257265329360962
9500,mla_coupled,moe,456,4,5,0.05460815504193306,0.04693993926048279,1.257265329360962
9500,mla_coupled,moe,456,4,6,0.08392944186925888,0.0790240541100502,1.257265329360962
9500,mla_coupled,moe,456,4,7,0.08419433236122131,0.08279775828123093,1.257265329360962
9500,mla_coupled,moe,456,4,8,0.06456664949655533,0.06216238811612129,1.257265329360962
9500,mla_coupled,moe,456,4,9,0.04365356266498566,0.05177177116274834,1.257265329360962
9500,mla_coupled,moe,456,4,10,0.03468017652630806,0.056303784251213074,1.257265329360962
9500,mla_coupled,moe,456,4,11,0.05045165866613388,0.04716145992279053,1.257265329360962
9500,mla_coupled,moe,456,4,12,0.05317993089556694,0.059502482414245605,1.257265329360962
9500,mla_coupled,moe,456,4,13,0.03413330018520355,0.05014855042099953,1.257265329360962
9500,mla_coupled,moe,456,4,14,0.08771118521690369,0.0580078549683094,1.257265329360962
9500,mla_coupled,moe,456,4,15,0.04966064542531967,0.039389342069625854,1.257265329360962
9500,mla_coupled,moe,456,5,0,0.05246215686202049,0.060853347182273865,1.406246304512024
9500,mla_coupled,moe,456,5,1,0.03983154147863388,0.04538130760192871,1.406246304512024
9500,mla_coupled,moe,456,5,2,0.0714733898639679,0.058366674929857254,1.406246304512024
9500,mla_coupled,moe,456,5,3,0.08019775152206421,0.08394193649291992,1.406246304512024
9500,mla_coupled,moe,456,5,4,0.04103271663188934,0.03715555742383003,1.406246304512024
9500,mla_coupled,moe,456,5,5,0.07263550162315369,0.08535422384738922,1.406246304512024
9500,mla_coupled,moe,456,5,6,0.07689452916383743,0.07036027312278748,1.406246304512024
9500,mla_coupled,moe,456,5,7,0.11555175483226776,0.10365085303783417,1.406246304512024
9500,mla_coupled,moe,456,5,8,0.045631103217601776,0.05206192657351494,1.406246304512024
9500,mla_coupled,moe,456,5,9,0.06767334043979645,0.05614958330988884,1.406246304512024
9500,mla_coupled,moe,456,5,10,0.04250488430261612,0.033298980444669724,1.406246304512024
9500,mla_coupled,moe,456,5,11,0.06007568538188934,0.061986565589904785,1.406246304512024
9500,mla_coupled,moe,456,5,12,0.036646727472543716,0.04689378663897514,1.406246304512024
9500,mla_coupled,moe,456,5,13,0.04210449382662773,0.04191801697015762,1.406246304512024
9500,mla_coupled,moe,456,5,14,0.10380981117486954,0.09487780928611755,1.406246304512024
9500,mla_coupled,moe,456,5,15,0.05147460848093033,0.06774915009737015,1.406246304512024
10000,mla_coupled,moe,456,1,0,0.07114624232053757,0.0628347098827362,2.6547412872314453
10000,mla_coupled,moe,456,1,1,0.05397583171725273,0.06514006108045578,2.6547412872314453
10000,mla_coupled,moe,456,1,2,0.05958373844623566,0.06144668534398079,2.6547412872314453
10000,mla_coupled,moe,456,1,3,0.09027343988418579,0.061421122401952744,2.6547412872314453
10000,mla_coupled,moe,456,1,4,0.06404174864292145,0.059343304485082626,2.6547412872314453
10000,mla_coupled,moe,456,1,5,0.08207031339406967,0.05711768940091133,2.6547412872314453
10000,mla_coupled,moe,456,1,6,0.05627197399735451,0.0636044442653656,2.6547412872314453
10000,mla_coupled,moe,456,1,7,0.05034057796001434,0.06331393867731094,2.6547412872314453
10000,mla_coupled,moe,456,1,8,0.05995483323931694,0.06404074281454086,2.6547412872314453
10000,mla_coupled,moe,456,1,9,0.06253418326377869,0.06631509959697723,2.6547412872314453
10000,mla_coupled,moe,456,1,10,0.049641113728284836,0.06226792186498642,2.6547412872314453
10000,mla_coupled,moe,456,1,11,0.05780273303389549,0.061031047254800797,2.6547412872314453
10000,mla_coupled,moe,456,1,12,0.06494995206594467,0.056823521852493286,2.6547412872314453
10000,mla_coupled,moe,456,1,13,0.056281737983226776,0.06396180391311646,2.6547412872314453
10000,mla_coupled,moe,456,1,14,0.05871215835213661,0.06553754210472107,2.6547412872314453
10000,mla_coupled,moe,456,1,15,0.062419433146715164,0.06580033153295517,2.6547412872314453
10000,mla_coupled,moe,456,2,0,0.05608520656824112,0.06109468638896942,2.3147687911987305
10000,mla_coupled,moe,456,2,1,0.09062743932008743,0.07399369031190872,2.3147687911987305
10000,mla_coupled,moe,456,2,2,0.06207519397139549,0.05911799892783165,2.3147687911987305
10000,mla_coupled,moe,456,2,3,0.051484376192092896,0.05462038144469261,2.3147687911987305
10000,mla_coupled,moe,456,2,4,0.05755005031824112,0.05812438949942589,2.3147687911987305
10000,mla_coupled,moe,456,2,5,0.07335205376148224,0.06755729764699936,2.3147687911987305
10000,mla_coupled,moe,456,2,6,0.06484497338533401,0.05460368096828461,2.3147687911987305
10000,mla_coupled,moe,456,2,7,0.055531006306409836,0.06505565345287323,2.3147687911987305
10000,mla_coupled,moe,456,2,8,0.054655760526657104,0.05655256658792496,2.3147687911987305
10000,mla_coupled,moe,456,2,9,0.06291137635707855,0.06516028195619583,2.3147687911987305
10000,mla_coupled,moe,456,2,10,0.06736328452825546,0.0653599202632904,2.3147687911987305
10000,mla_coupled,moe,456,2,11,0.05821166932582855,0.06413360685110092,2.3147687911987305
10000,mla_coupled,moe,456,2,12,0.06108276546001434,0.060647062957286835,2.3147687911987305
10000,mla_coupled,moe,456,2,13,0.06188110262155533,0.06538832932710648,2.3147687911987305
10000,mla_coupled,moe,456,2,14,0.04947265610098839,0.06504227966070175,2.3147687911987305
10000,mla_coupled,moe,456,2,15,0.07287109643220901,0.06354819238185883,2.3147687911987305
10000,mla_coupled,moe,456,3,0,0.06706786900758743,0.07563931494951248,1.7277703285217285
10000,mla_coupled,moe,456,3,1,0.0683911144733429,0.058701928704977036,1.7277703285217285
10000,mla_coupled,moe,456,3,2,0.067596435546875,0.07188448309898376,1.7277703285217285
10000,mla_coupled,moe,456,3,3,0.05422607436776161,0.05312461405992508,1.7277703285217285
10000,mla_coupled,moe,456,3,4,0.08348266780376434,0.0839642882347107,1.7277703285217285
10000,mla_coupled,moe,456,3,5,0.053068846464157104,0.06416342407464981,1.7277703285217285
10000,mla_coupled,moe,456,3,6,0.06372802704572678,0.05782197043299675,1.7277703285217285
10000,mla_coupled,moe,456,3,7,0.06237426772713661,0.054416365921497345,1.7277703285217285
10000,mla_coupled,moe,456,3,8,0.06020874157547951,0.0599990077316761,1.7277703285217285
10000,mla_coupled,moe,456,3,9,0.03962158039212227,0.04529794305562973,1.7277703285217285
10000,mla_coupled,moe,456,3,10,0.07729247957468033,0.07662507146596909,1.7277703285217285
10000,mla_coupled,moe,456,3,11,0.060053709894418716,0.05872136726975441,1.7277703285217285
10000,mla_coupled,moe,456,3,12,0.05943481624126434,0.058064211159944534,1.7277703285217285
10000,mla_coupled,moe,456,3,13,0.054443359375,0.057043541222810745,1.7277703285217285
10000,mla_coupled,moe,456,3,14,0.049754638224840164,0.053841885179281235,1.7277703285217285
10000,mla_coupled,moe,456,3,15,0.0792553722858429,0.07069054245948792,1.7277703285217285
10000,mla_coupled,moe,456,4,0,0.10881469398736954,0.11442432552576065,1.2568141222000122
10000,mla_coupled,moe,456,4,1,0.051756590604782104,0.05442515388131142,1.2568141222000122
10000,mla_coupled,moe,456,4,2,0.06075073406100273,0.06443062424659729,1.2568141222000122
10000,mla_coupled,moe,456,4,3,0.08644653111696243,0.08384223282337189,1.2568141222000122
10000,mla_coupled,moe,456,4,4,0.05104980617761612,0.049047354608774185,1.2568141222000122
10000,mla_coupled,moe,456,4,5,0.05296996980905533,0.048233017325401306,1.2568141222000122
10000,mla_coupled,moe,456,4,6,0.08412719517946243,0.07987138628959656,1.2568141222000122
10000,mla_coupled,moe,456,4,7,0.0869738757610321,0.08319741487503052,1.2568141222000122
10000,mla_coupled,moe,456,4,8,0.06594116240739822,0.061326764523983,1.2568141222000122
10000,mla_coupled,moe,456,4,9,0.044648438692092896,0.053044091910123825,1.2568141222000122
10000,mla_coupled,moe,456,4,10,0.03308349475264549,0.05434345081448555,1.2568141222000122
10000,mla_coupled,moe,456,4,11,0.049705810844898224,0.046302132308483124,1.2568141222000122
10000,mla_coupled,moe,456,4,12,0.054417725652456284,0.061243936419487,1.2568141222000122
10000,mla_coupled,moe,456,4,13,0.032744139432907104,0.04800909012556076,1.2568141222000122
10000,mla_coupled,moe,456,4,14,0.08570678532123566,0.057363200932741165,1.2568141222000122
10000,mla_coupled,moe,456,4,15,0.05086303874850273,0.04089580103754997,1.2568141222000122
10000,mla_coupled,moe,456,5,0,0.05165039002895355,0.05978308990597725,1.393815517425537
10000,mla_coupled,moe,456,5,1,0.04062133654952049,0.04530506953597069,1.393815517425537
10000,mla_coupled,moe,456,5,2,0.06707397103309631,0.054282013326883316,1.393815517425537
10000,mla_coupled,moe,456,5,3,0.0794079601764679,0.08364500105381012,1.393815517425537
10000,mla_coupled,moe,456,5,4,0.042109373956918716,0.037333179265260696,1.393815517425537
10000,mla_coupled,moe,456,5,5,0.0760498046875,0.08882550895214081,1.393815517425537
10000,mla_coupled,moe,456,5,6,0.07535766810178757,0.06878867745399475,1.393815517425537
10000,mla_coupled,moe,456,5,7,0.11910156160593033,0.10730769485235214,1.393815517425537
10000,mla_coupled,moe,456,5,8,0.04324584826827049,0.0500699058175087,1.393815517425537
10000,mla_coupled,moe,456,5,9,0.06961426138877869,0.05787227302789688,1.393815517425537
10000,mla_coupled,moe,456,5,10,0.04074951261281967,0.03119300678372383,1.393815517425537
10000,mla_coupled,moe,456,5,11,0.06032470613718033,0.0613463893532753,1.393815517425537
10000,mla_coupled,moe,456,5,12,0.036439210176467896,0.047750476747751236,1.393815517425537
10000,mla_coupled,moe,456,5,13,0.04126952961087227,0.040824178606271744,1.393815517425537
10000,mla_coupled,moe,456,5,14,0.10776244848966599,0.101233571767807,1.393815517425537
10000,mla_coupled,moe,456,5,15,0.04922241345047951,0.0644400417804718,1.393815517425537
10500,mla_coupled,moe,456,1,0,0.05229736492037773,0.06293714791536331,2.6585636138916016
10500,mla_coupled,moe,456,1,1,0.06423217803239822,0.06517591327428818,2.6585636138916016
10500,mla_coupled,moe,456,1,2,0.04592285305261612,0.05969822779297829,2.6585636138916016
10500,mla_coupled,moe,456,1,3,0.07997558265924454,0.056790806353092194,2.6585636138916016
10500,mla_coupled,moe,456,1,4,0.04514160007238388,0.05862044170498848,2.6585636138916016
10500,mla_coupled,moe,456,1,5,0.08154052495956421,0.05817483738064766,2.6585636138916016
10500,mla_coupled,moe,456,1,6,0.06391235440969467,0.06449496746063232,2.6585636138916016
10500,mla_coupled,moe,456,1,7,0.07132202386856079,0.06375044584274292,2.6585636138916016
10500,mla_coupled,moe,456,1,8,0.056743163615465164,0.06323535740375519,2.6585636138916016
10500,mla_coupled,moe,456,1,9,0.06366821378469467,0.06714268773794174,2.6585636138916016
10500,mla_coupled,moe,456,1,10,0.05077758803963661,0.06127967685461044,2.6585636138916016
10500,mla_coupled,moe,456,1,11,0.04381714016199112,0.06076005473732948,2.6585636138916016
10500,mla_coupled,moe,456,1,12,0.07190551608800888,0.058859046548604965,2.6585636138916016
10500,mla_coupled,moe,456,1,13,0.07034546136856079,0.06629107147455215,2.6585636138916016
10500,mla_coupled,moe,456,1,14,0.07122314721345901,0.06549207121133804,2.6585636138916016
10500,mla_coupled,moe,456,1,15,0.06717529147863388,0.06729727983474731,2.6585636138916016
10500,mla_coupled,moe,456,2,0,0.06168212741613388,0.06447374075651169,2.3060038089752197
10500,mla_coupled,moe,456,2,1,0.09322753548622131,0.07705684006214142,2.3060038089752197
10500,mla_coupled,moe,456,2,2,0.061717528849840164,0.058416400104761124,2.3060038089752197
10500,mla_coupled,moe,456,2,3,0.05797729641199112,0.055325139313936234,2.3060038089752197
10500,mla_coupled,moe,456,2,4,0.05419555678963661,0.05628478154540062,2.3060038089752197
10500,mla_coupled,moe,456,2,5,0.06870849430561066,0.06489845365285873,2.3060038089752197
10500,mla_coupled,moe,456,2,6,0.060252685099840164,0.05344753712415695,2.3060038089752197
10500,mla_coupled,moe,456,2,7,0.051494140177965164,0.06270748376846313,2.3060038089752197
10500,mla_coupled,moe,456,2,8,0.056364744901657104,0.057732414454221725,2.3060038089752197
10500,mla_coupled,moe,456,2,9,0.06152587756514549,0.06428974121809006,2.3060038089752197
10500,mla_coupled,moe,456,2,10,0.06916015595197678,0.06656481325626373,2.3060038089752197
10500,mla_coupled,moe,456,2,11,0.06453125178813934,0.06804504245519638,2.3060038089752197
10500,mla_coupled,moe,456,2,12,0.06279540807008743,0.06311610341072083,2.3060038089752197
10500,mla_coupled,moe,456,2,13,0.055754393339157104,0.06189190223813057,2.3060038089752197
10500,mla_coupled,moe,456,2,14,0.04989257827401161,0.06437179446220398,2.3060038089752197
10500,mla_coupled,moe,456,2,15,0.07072021812200546,0.061377812176942825,2.3060038089752197
10500,mla_coupled,moe,456,3,0,0.06750121712684631,0.07705278694629669,1.733006238937378
10500,mla_coupled,moe,456,3,1,0.06961791962385178,0.05978170409798622,1.733006238937378
10500,mla_coupled,moe,456,3,2,0.06727905571460724,0.07252281904220581,1.733006238937378
10500,mla_coupled,moe,456,3,3,0.051788330078125,0.051638178527355194,1.733006238937378
10500,mla_coupled,moe,456,3,4,0.08110595494508743,0.08051740378141403,1.733006238937378
10500,mla_coupled,moe,456,3,5,0.05301269516348839,0.06380869448184967,1.733006238937378
10500,mla_coupled,moe,456,3,6,0.062370605766773224,0.05670830234885216,1.733006238937378
10500,mla_coupled,moe,456,3,7,0.06653198599815369,0.057221733033657074,1.733006238937378
10500,mla_coupled,moe,456,3,8,0.06281127780675888,0.062202975153923035,1.733006238937378
10500,mla_coupled,moe,456,3,9,0.04474853351712227,0.050036944448947906,1.733006238937378
10500,mla_coupled,moe,456,3,10,0.07297607511281967,0.07272196561098099,1.733006238937378
10500,mla_coupled,moe,456,3,11,0.059173583984375,0.0578133724629879,1.733006238937378
10500,mla_coupled,moe,456,3,12,0.05739135667681694,0.05662107095122337,1.733006238937378
10500,mla_coupled,moe,456,3,13,0.05838378891348839,0.05930069461464882,1.733006238937378
10500,mla_coupled,moe,456,3,14,0.048206787556409836,0.0524069182574749,1.733006238937378
10500,mla_coupled,moe,456,3,15,0.07710082828998566,0.06964447349309921,1.733006238937378
10500,mla_coupled,moe,456,4,0,0.11000854521989822,0.11382998526096344,1.2666305303573608
10500,mla_coupled,moe,456,4,1,0.05485839769244194,0.05821436271071434,1.2666305303573608
10500,mla_coupled,moe,456,4,2,0.05729614198207855,0.06176424399018288,1.2666305303573608
10500,mla_coupled,moe,456,4,3,0.08588501065969467,0.08282466232776642,1.2666305303573608
10500,mla_coupled,moe,456,4,4,0.05003906413912773,0.04756389558315277,1.2666305303573608
10500,mla_coupled,moe,456,4,5,0.056977540254592896,0.050397686660289764,1.2666305303573608
10500,mla_coupled,moe,456,4,6,0.0846850574016571,0.07952512800693512,1.2666305303573608
10500,mla_coupled,moe,456,4,7,0.085968017578125,0.08297576755285263,1.2666305303573608
10500,mla_coupled,moe,456,4,8,0.06363525241613388,0.0606488473713398,1.2666305303573608
10500,mla_coupled,moe,456,4,9,0.03885742276906967,0.04700040817260742,1.2666305303573608
10500,mla_coupled,moe,456,4,10,0.03465820476412773,0.055274609476327896,1.2666305303573608
10500,mla_coupled,moe,456,4,11,0.048951417207717896,0.04655995965003967,1.2666305303573608
10500,mla_coupled,moe,456,4,12,0.05466552823781967,0.06245799362659454,1.2666305303573608
10500,mla_coupled,moe,456,4,13,0.034404296427965164,0.050484538078308105,1.2666305303573608
10500,mla_coupled,moe,456,4,14,0.09041259437799454,0.06111379712820053,1.2666305303573608
10500,mla_coupled,moe,456,4,15,0.04869750887155533,0.03936411440372467,1.2666305303573608
10500,mla_coupled,moe,456,5,0,0.050445556640625,0.05859624221920967,1.3957984447479248
10500,mla_coupled,moe,456,5,1,0.03913818299770355,0.04587925598025322,1.3957984447479248
10500,mla_coupled,moe,456,5,2,0.06773070991039276,0.05351995304226875,1.3957984447479248
10500,mla_coupled,moe,456,5,3,0.08130737394094467,0.0869474783539772,1.3957984447479248
10500,mla_coupled,moe,456,5,4,0.040620118379592896,0.036999791860580444,1.3957984447479248
10500,mla_coupled,moe,456,5,5,0.07171875238418579,0.08328360319137573,1.3957984447479248
10500,mla_coupled,moe,456,5,6,0.07957153022289276,0.07282986491918564,1.3957984447479248
10500,mla_coupled,moe,456,5,7,0.11998046934604645,0.10551401972770691,1.3957984447479248
10500,mla_coupled,moe,456,5,8,0.04435424879193306,0.052248455584049225,1.3957984447479248
10500,mla_coupled,moe,456,5,9,0.0711376965045929,0.05844882130622864,1.3957984447479248
10500,mla_coupled,moe,456,5,10,0.041374512016773224,0.03262679651379585,1.3957984447479248
10500,mla_coupled,moe,456,5,11,0.06099121272563934,0.06334423273801804,1.3957984447479248
10500,mla_coupled,moe,456,5,12,0.0360107421875,0.04637235030531883,1.3957984447479248
10500,mla_coupled,moe,456,5,13,0.03873046860098839,0.03866761550307274,1.3957984447479248
10500,mla_coupled,moe,456,5,14,0.10658569633960724,0.09883079677820206,1.3957984447479248
10500,mla_coupled,moe,456,5,15,0.05030273273587227,0.06589069217443466,1.3957984447479248
11000,mla_coupled,moe,456,1,0,0.0443115234375,0.06203322485089302,2.6511318683624268
11000,mla_coupled,moe,456,1,1,0.04936889559030533,0.06438086926937103,2.6511318683624268
11000,mla_coupled,moe,456,1,2,0.05340820178389549,0.060087770223617554,2.6511318683624268
11000,mla_coupled,moe,456,1,3,0.0837414562702179,0.05871884897351265,2.6511318683624268
11000,mla_coupled,moe,456,1,4,0.06304321438074112,0.05888446792960167,2.6511318683624268
11000,mla_coupled,moe,456,1,5,0.08069457858800888,0.05772984400391579,2.6511318683624268
11000,mla_coupled,moe,456,1,6,0.06201415881514549,0.06534788012504578,2.6511318683624268
11000,mla_coupled,moe,456,1,7,0.04869140684604645,0.06320223212242126,2.6511318683624268
11000,mla_coupled,moe,456,1,8,0.06763305515050888,0.06549760699272156,2.6511318683624268
11000,mla_coupled,moe,456,1,9,0.06462768465280533,0.06684338301420212,2.6511318683624268
11000,mla_coupled,moe,456,1,10,0.062476806342601776,0.06054030358791351,2.6511318683624268
11000,mla_coupled,moe,456,1,11,0.06483886390924454,0.06086091697216034,2.6511318683624268
11000,mla_coupled,moe,456,1,12,0.07326050102710724,0.05932753160595894,2.6511318683624268
11000,mla_coupled,moe,456,1,13,0.05589965730905533,0.06439365446567535,2.6511318683624268
11000,mla_coupled,moe,456,1,14,0.06836914271116257,0.06608571857213974,2.6511318683624268
11000,mla_coupled,moe,456,1,15,0.05762084946036339,0.06606569141149521,2.6511318683624268
11000,mla_coupled,moe,456,2,0,0.05318603664636612,0.05908355861902237,2.2867231369018555
11000,mla_coupled,moe,456,2,1,0.0910656750202179,0.07517150789499283,2.2867231369018555
11000,mla_coupled,moe,456,2,2,0.06162475422024727,0.059083241969347,2.2867231369018555
11000,mla_coupled,moe,456,2,3,0.06101440265774727,0.056431498378515244,2.2867231369018555
11000,mla_coupled,moe,456,2,4,0.0625903308391571,0.060535673052072525,2.2867231369018555
11000,mla_coupled,moe,456,2,5,0.06715698540210724,0.06475882977247238,2.2867231369018555
11000,mla_coupled,moe,456,2,6,0.052772216498851776,0.050892800092697144,2.2867231369018555
11000,mla_coupled,moe,456,2,7,0.05208496004343033,0.06293192505836487,2.2867231369018555
11000,mla_coupled,moe,456,2,8,0.057459715753793716,0.05795782059431076,2.2867231369018555
11000,mla_coupled,moe,456,2,9,0.06204467639327049,0.06432237476110458,2.2867231369018555
11000,mla_coupled,moe,456,2,10,0.0654309093952179,0.06393478810787201,2.2867231369018555
11000,mla_coupled,moe,456,2,11,0.058741454035043716,0.06535833328962326,2.2867231369018555
11000,mla_coupled,moe,456,2,12,0.06675048917531967,0.06442907452583313,2.2867231369018555
11000,mla_coupled,moe,456,2,13,0.06025756895542145,0.06442412734031677,2.2867231369018555
11000,mla_coupled,moe,456,2,14,0.05576782301068306,0.06662075966596603,2.2867231369018555
11000,mla_coupled,moe,456,2,15,0.072052001953125,0.0640636458992958,2.2867231369018555
11000,mla_coupled,moe,456,3,0,0.06848632544279099,0.07774447649717331,1.7315999269485474
11000,mla_coupled,moe,456,3,1,0.07153930515050888,0.05983242392539978,1.7315999269485474
11000,mla_coupled,moe,456,3,2,0.06519653648138046,0.06981950998306274,1.7315999269485474
11000,mla_coupled,moe,456,3,3,0.05767212063074112,0.05482916533946991,1.7315999269485474
11000,mla_coupled,moe,456,3,4,0.0815136730670929,0.08089286088943481,1.7315999269485474
11000,mla_coupled,moe,456,3,5,0.05386596545577049,0.0642385184764862,1.7315999269485474
11000,mla_coupled,moe,456,3,6,0.059528809040784836,0.05485553294420242,1.7315999269485474
11000,mla_coupled,moe,456,3,7,0.06468261778354645,0.056622911244630814,1.7315999269485474
11000,mla_coupled,moe,456,3,8,0.06284057348966599,0.06184489279985428,1.7315999269485474
11000,mla_coupled,moe,456,3,9,0.044261474162340164,0.04964097961783409,1.7315999269485474
11000,mla_coupled,moe,456,3,10,0.07414916902780533,0.07335486263036728,1.7315999269485474
11000,mla_coupled,moe,456,3,11,0.05863403156399727,0.058362383395433426,1.7315999269485474
11000,mla_coupled,moe,456,3,12,0.058344725519418716,0.05724077299237251,1.7315999269485474
11000,mla_coupled,moe,456,3,13,0.05292602628469467,0.05711279809474945,1.7315999269485474
11000,mla_coupled,moe,456,3,14,0.049000244587659836,0.0537261962890625,1.7315999269485474
11000,mla_coupled,moe,456,3,15,0.07735839486122131,0.06988172978162766,1.7315999269485474
11000,mla_coupled,moe,456,4,0,0.10892944037914276,0.113939568400383,1.2612886428833008
11000,mla_coupled,moe,456,4,1,0.053535155951976776,0.055661238729953766,1.2612886428833008
11000,mla_coupled,moe,456,4,2,0.058635253459215164,0.06261052936315536,1.2612886428833008
11000,mla_coupled,moe,456,4,3,0.08768920600414276,0.08535852283239365,1.2612886428833008
11000,mla_coupled,moe,456,4,4,0.048515625298023224,0.04625871032476425,1.2612886428833008
11000,mla_coupled,moe,456,4,5,0.05331787094473839,0.048853326588869095,1.2612886428833008
11000,mla_coupled,moe,456,4,6,0.08192504942417145,0.07600139826536179,1.2612886428833008
11000,mla_coupled,moe,456,4,7,0.08458495885133743,0.08282116055488586,1.2612886428833008
11000,mla_coupled,moe,456,4,8,0.06954101473093033,0.06315919756889343,1.2612886428833008
11000,mla_coupled,moe,456,4,9,0.043128661811351776,0.05133471637964249,1.2612886428833008
11000,mla_coupled,moe,456,4,10,0.03398193418979645,0.055300112813711166,1.2612886428833008
11000,mla_coupled,moe,456,4,11,0.04893676936626434,0.046517711132764816,1.2612886428833008
11000,mla_coupled,moe,456,4,12,0.05340332165360451,0.06110869348049164,1.2612886428833008
11000,mla_coupled,moe,456,4,13,0.034760743379592896,0.05148913711309433,1.2612886428833008
11000,mla_coupled,moe,456,4,14,0.08850464224815369,0.05899052321910858,1.2612886428833008
11000,mla_coupled,moe,456,4,15,0.05061035230755806,0.04059547558426857,1.2612886428833008
11000,mla_coupled,moe,456,5,0,0.05015869066119194,0.058394905179739,1.3983869552612305
11000,mla_coupled,moe,456,5,1,0.04087158292531967,0.04625547304749489,1.3983869552612305
11000,mla_coupled,moe,456,5,2,0.07014770805835724,0.05680318921804428,1.3983869552612305
11000,mla_coupled,moe,456,5,3,0.07951293885707855,0.08326463401317596,1.3983869552612305
11000,mla_coupled,moe,456,5,4,0.04339843615889549,0.03865448012948036,1.3983869552612305
11000,mla_coupled,moe,456,5,5,0.07304199039936066,0.08548498153686523,1.3983869552612305
11000,mla_coupled,moe,456,5,6,0.0774853527545929,0.07137040793895721,1.3983869552612305
11000,mla_coupled,moe,456,5,7,0.11619140952825546,0.1051914319396019,1.3983869552612305
11000,mla_coupled,moe,456,5,8,0.04284057766199112,0.05002204328775406,1.3983869552612305
11000,mla_coupled,moe,456,5,9,0.07036743313074112,0.059646300971508026,1.3983869552612305
11000,mla_coupled,moe,456,5,10,0.04251708835363388,0.03353951871395111,1.3983869552612305
11000,mla_coupled,moe,456,5,11,0.06001342833042145,0.061286769807338715,1.3983869552612305
11000,mla_coupled,moe,456,5,12,0.03715576231479645,0.04686961695551872,1.3983869552612305
11000,mla_coupled,moe,456,5,13,0.04165405407547951,0.04174159839749336,1.3983869552612305
11000,mla_coupled,moe,456,5,14,0.10511963069438934,0.09639593958854675,1.3983869552612305
11000,mla_coupled,moe,456,5,15,0.04952392727136612,0.0650787279009819,1.3983869552612305
11500,mla_coupled,moe,456,1,0,0.04863281175494194,0.06200852990150452,2.6485021114349365
11500,mla_coupled,moe,456,1,1,0.053016357123851776,0.0645531713962555,2.6485021114349365
11500,mla_coupled,moe,456,1,2,0.05954589694738388,0.059855807572603226,2.6485021114349365
11500,mla_coupled,moe,456,1,3,0.08907593041658401,0.06127940118312836,2.6485021114349365
11500,mla_coupled,moe,456,1,4,0.061040040105581284,0.05846800282597542,2.6485021114349365
11500,mla_coupled,moe,456,1,5,0.07698364555835724,0.056365177035331726,2.6485021114349365
11500,mla_coupled,moe,456,1,6,0.05562378093600273,0.0641409233212471,2.6485021114349365
11500,mla_coupled,moe,456,1,7,0.06536255031824112,0.06376826018095016,2.6485021114349365
11500,mla_coupled,moe,456,1,8,0.05873779207468033,0.06392007321119308,2.6485021114349365
11500,mla_coupled,moe,456,1,9,0.06168212741613388,0.0671226754784584,2.6485021114349365
11500,mla_coupled,moe,456,1,10,0.04545776546001434,0.06062363088130951,2.6485021114349365
11500,mla_coupled,moe,456,1,11,0.0697644054889679,0.06028660759329796,2.6485021114349365
11500,mla_coupled,moe,456,1,12,0.07673218101263046,0.06079455837607384,2.6485021114349365
11500,mla_coupled,moe,456,1,13,0.06473144888877869,0.06563717126846313,2.6485021114349365
11500,mla_coupled,moe,456,1,14,0.05992675945162773,0.06558527797460556,2.6485021114349365
11500,mla_coupled,moe,456,1,15,0.05368652194738388,0.06559069454669952,2.6485021114349365
11500,mla_coupled,moe,456,2,0,0.05260375887155533,0.05874260514974594,2.272759437561035
11500,mla_coupled,moe,456,2,1,0.09024414420127869,0.07403300702571869,2.272759437561035
11500,mla_coupled,moe,456,2,2,0.06466430425643921,0.060416001826524734,2.272759437561035
11500,mla_coupled,moe,456,2,3,0.05142578110098839,0.05412866175174713,2.272759437561035
11500,mla_coupled,moe,456,2,4,0.053386230021715164,0.05624711140990257,2.272759437561035
11500,mla_coupled,moe,456,2,5,0.06095947325229645,0.06223641708493233,2.272759437561035
11500,mla_coupled,moe,456,2,6,0.06121826171875,0.05376264080405235,2.272759437561035
11500,mla_coupled,moe,456,2,7,0.05144653469324112,0.06220904365181923,2.272759437561035
11500,mla_coupled,moe,456,2,8,0.06774535775184631,0.06068951636552811,2.272759437561035
11500,mla_coupled,moe,456,2,9,0.06432738900184631,0.06635278463363647,2.272759437561035
11500,mla_coupled,moe,456,2,10,0.06805907934904099,0.06672298908233643,2.272759437561035
11500,mla_coupled,moe,456,2,11,0.05780883878469467,0.06412603706121445,2.272759437561035
11500,mla_coupled,moe,456,2,12,0.06300170719623566,0.06174030154943466,2.272759437561035
11500,mla_coupled,moe,456,2,13,0.0637829601764679,0.0668097659945488,2.272759437561035
11500,mla_coupled,moe,456,2,14,0.054865721613168716,0.06637666374444962,2.272759437561035
11500,mla_coupled,moe,456,2,15,0.07446044683456421,0.0654064491391182,2.272759437561035
11500,mla_coupled,moe,456,3,0,0.07129760831594467,0.08123990148305893,1.7222563028335571
11500,mla_coupled,moe,456,3,1,0.07084350287914276,0.059153493493795395,1.7222563028335571
11500,mla_coupled,moe,456,3,2,0.06714477390050888,0.07146575301885605,1.7222563028335571
11500,mla_coupled,moe,456,3,3,0.05670410022139549,0.05379075929522514,1.7222563028335571
11500,mla_coupled,moe,456,3,4,0.08195434510707855,0.0812152549624443,1.7222563028335571
11500,mla_coupled,moe,456,3,5,0.053956300020217896,0.06477092951536179,1.7222563028335571
11500,mla_coupled,moe,456,3,6,0.062346190214157104,0.056624460965394974,1.7222563028335571
11500,mla_coupled,moe,456,3,7,0.05946655198931694,0.05115406587719917,1.7222563028335571
11500,mla_coupled,moe,456,3,8,0.06236328184604645,0.0616169273853302,1.7222563028335571
11500,mla_coupled,moe,456,3,9,0.043421629816293716,0.049040537327528,1.7222563028335571
11500,mla_coupled,moe,456,3,10,0.07819702476263046,0.07731121778488159,1.7222563028335571
11500,mla_coupled,moe,456,3,11,0.05506713688373566,0.05437779426574707,1.7222563028335571
11500,mla_coupled,moe,456,3,12,0.05802368000149727,0.05759048089385033,1.7222563028335571
11500,mla_coupled,moe,456,3,13,0.05017333850264549,0.05469460040330887,1.7222563028335571
11500,mla_coupled,moe,456,3,14,0.04826171696186066,0.053749002516269684,1.7222563028335571
11500,mla_coupled,moe,456,3,15,0.0807788074016571,0.0722048431634903,1.7222563028335571
11500,mla_coupled,moe,456,4,0,0.11164184659719467,0.11716470122337341,1.2571932077407837
11500,mla_coupled,moe,456,4,1,0.053913574665784836,0.057342346757650375,1.2571932077407837
11500,mla_coupled,moe,456,4,2,0.056031495332717896,0.05957754701375961,1.2571932077407837
11500,mla_coupled,moe,456,4,3,0.08585937321186066,0.08247587084770203,1.2571932077407837
11500,mla_coupled,moe,456,4,4,0.051264647394418716,0.04886705055832863,1.2571932077407837
11500,mla_coupled,moe,456,4,5,0.054102782160043716,0.048923660069704056,1.2571932077407837
11500,mla_coupled,moe,456,4,6,0.08349242806434631,0.07660309970378876,1.2571932077407837
11500,mla_coupled,moe,456,4,7,0.08621582388877869,0.0826600193977356,1.2571932077407837
11500,mla_coupled,moe,456,4,8,0.06685791164636612,0.0621103011071682,1.2571932077407837
11500,mla_coupled,moe,456,4,9,0.040943603962659836,0.05041586980223656,1.2571932077407837
11500,mla_coupled,moe,456,4,10,0.033808592706918716,0.055758003145456314,1.2571932077407837
11500,mla_coupled,moe,456,4,11,0.04976074397563934,0.047355394810438156,1.2571932077407837
11500,mla_coupled,moe,456,4,12,0.053046874701976776,0.06081341579556465,1.2571932077407837
11500,mla_coupled,moe,456,4,13,0.033295899629592896,0.04965862259268761,1.2571932077407837
11500,mla_coupled,moe,456,4,14,0.09071655571460724,0.05994153395295143,1.2571932077407837
11500,mla_coupled,moe,456,4,15,0.04904785007238388,0.04033258557319641,1.2571932077407837
11500,mla_coupled,moe,456,5,0,0.05051513761281967,0.05800606682896614,1.4011352062225342
11500,mla_coupled,moe,456,5,1,0.04028686508536339,0.04515797644853592,1.4011352062225342
11500,mla_coupled,moe,456,5,2,0.06695923209190369,0.05462231487035751,1.4011352062225342
11500,mla_coupled,moe,456,5,3,0.08016357570886612,0.08395382016897202,1.4011352062225342
11500,mla_coupled,moe,456,5,4,0.04132446274161339,0.0368398055434227,1.4011352062225342
11500,mla_coupled,moe,456,5,5,0.0710156261920929,0.08417120575904846,1.4011352062225342
11500,mla_coupled,moe,456,5,6,0.07558105140924454,0.0695919618010521,1.4011352062225342
11500,mla_coupled,moe,456,5,7,0.12172119319438934,0.10914677381515503,1.4011352062225342
11500,mla_coupled,moe,456,5,8,0.043970946222543716,0.05135168880224228,1.4011352062225342
11500,mla_coupled,moe,456,5,9,0.07059692591428757,0.0590352788567543,1.4011352062225342
11500,mla_coupled,moe,456,5,10,0.041038818657398224,0.03318212181329727,1.4011352062225342
11500,mla_coupled,moe,456,5,11,0.061433106660842896,0.06318404525518417,1.4011352062225342
11500,mla_coupled,moe,456,5,12,0.03642578050494194,0.04631461203098297,1.4011352062225342
11500,mla_coupled,moe,456,5,13,0.04100586101412773,0.04081962630152702,1.4011352062225342
11500,mla_coupled,moe,456,5,14,0.10711425542831421,0.09814848005771637,1.4011352062225342
11500,mla_coupled,moe,456,5,15,0.050847169011831284,0.06647424399852753,1.4011352062225342
12000,mla_coupled,moe,456,1,0,0.050792235881090164,0.06167297065258026,2.647031307220459
12000,mla_coupled,moe,456,1,1,0.06442870944738388,0.06532766669988632,2.647031307220459
12000,mla_coupled,moe,456,1,2,0.06731323152780533,0.06056792661547661,2.647031307220459
12000,mla_coupled,moe,456,1,3,0.08406860381364822,0.05958668142557144,2.647031307220459
12000,mla_coupled,moe,456,1,4,0.035639647394418716,0.05707024410367012,2.647031307220459
12000,mla_coupled,moe,456,1,5,0.07909057289361954,0.057041481137275696,2.647031307220459
12000,mla_coupled,moe,456,1,6,0.056541748344898224,0.06393057107925415,2.647031307220459
12000,mla_coupled,moe,456,1,7,0.05958252027630806,0.06403784453868866,2.647031307220459
12000,mla_coupled,moe,456,1,8,0.06478027254343033,0.06522002816200256,2.647031307220459
12000,mla_coupled,moe,456,1,9,0.06692138314247131,0.06803863495588303,2.647031307220459
12000,mla_coupled,moe,456,1,10,0.055205076932907104,0.06025473028421402,2.647031307220459
12000,mla_coupled,moe,456,1,11,0.04306640475988388,0.059220876544713974,2.647031307220459
12000,mla_coupled,moe,456,1,12,0.0734545886516571,0.059981077909469604,2.647031307220459
12000,mla_coupled,moe,456,1,13,0.0737927258014679,0.06676393747329712,2.647031307220459
12000,mla_coupled,moe,456,1,14,0.06853271275758743,0.06594876945018768,2.647031307220459
12000,mla_coupled,moe,456,1,15,0.05678955093026161,0.06533654034137726,2.647031307220459
12000,mla_coupled,moe,456,2,0,0.05304809659719467,0.05945707485079765,2.268305778503418
12000,mla_coupled,moe,456,2,1,0.08864989876747131,0.0721641406416893,2.268305778503418
12000,mla_coupled,moe,456,2,2,0.0638134777545929,0.06017591804265976,2.268305778503418
12000,mla_coupled,moe,456,2,3,0.05475097522139549,0.05461212620139122,2.268305778503418
12000,mla_coupled,moe,456,2,4,0.054393310099840164,0.05760284513235092,2.268305778503418
12000,mla_coupled,moe,456,2,5,0.061882324516773224,0.06281065195798874,2.268305778503418
12000,mla_coupled,moe,456,2,6,0.06631714105606079,0.05572503060102463,2.268305778503418
12000,mla_coupled,moe,456,2,7,0.05033813416957855,0.061146195977926254,2.268305778503418
12000,mla_coupled,moe,456,2,8,0.070098876953125,0.062215834856033325,2.268305778503418
12000,mla_coupled,moe,456,2,9,0.061329346150159836,0.06480500102043152,2.268305778503418
12000,mla_coupled,moe,456,2,10,0.0685437023639679,0.06659577041864395,2.268305778503418
12000,mla_coupled,moe,456,2,11,0.06069702282547951,0.06603068113327026,2.268305778503418
12000,mla_coupled,moe,456,2,12,0.06476562470197678,0.0635305717587471,2.268305778503418
12000,mla_coupled,moe,456,2,13,0.060447998344898224,0.06501611322164536,2.268305778503418
12000,mla_coupled,moe,456,2,14,0.04951415956020355,0.0641188696026802,2.268305778503418
12000,mla_coupled,moe,456,2,15,0.0714099109172821,0.06399322301149368,2.268305778503418
12000,mla_coupled,moe,456,3,0,0.06786742806434631,0.0768413096666336,1.7286776304244995
12000,mla_coupled,moe,456,3,1,0.07163574546575546,0.06065018102526665,1.7286776304244995
12000,mla_coupled,moe,456,3,2,0.06674560904502869,0.07169803231954575,1.7286776304244995
12000,mla_coupled,moe,456,3,3,0.05673827975988388,0.05327070876955986,1.7286776304244995
12000,mla_coupled,moe,456,3,4,0.08135253936052322,0.08015868067741394,1.7286776304244995
12000,mla_coupled,moe,456,3,5,0.053504638373851776,0.0636913925409317,1.7286776304244995
12000,mla_coupled,moe,456,3,6,0.061981201171875,0.056905098259449005,1.7286776304244995
12000,mla_coupled,moe,456,3,7,0.06100097671151161,0.053231898695230484,1.7286776304244995
12000,mla_coupled,moe,456,3,8,0.06434448063373566,0.06344432383775711,1.7286776304244995
12000,mla_coupled,moe,456,3,9,0.04502563551068306,0.049922842532396317,1.7286776304244995
12000,mla_coupled,moe,456,3,10,0.07399047911167145,0.07351801544427872,1.7286776304244995
12000,mla_coupled,moe,456,3,11,0.05826415866613388,0.05725131183862686,1.7286776304244995
12000,mla_coupled,moe,456,3,12,0.05706176906824112,0.05714743956923485,1.7286776304244995
12000,mla_coupled,moe,456,3,13,0.05270995944738388,0.056978050619363785,1.7286776304244995
12000,mla_coupled,moe,456,3,14,0.05045410245656967,0.05483429506421089,1.7286776304244995
12000,mla_coupled,moe,456,3,15,0.07732299715280533,0.07045643031597137,1.7286776304244995
12000,mla_coupled,moe,456,4,0,0.10844970494508743,0.11132492125034332,1.2604519128799438
12000,mla_coupled,moe,456,4,1,0.05312866345047951,0.056050799787044525,1.2604519128799438
12000,mla_coupled,moe,456,4,2,0.05791870132088661,0.06216242164373398,1.2604519128799438
12000,mla_coupled,moe,456,4,3,0.08646972477436066,0.08374405652284622,1.2604519128799438
12000,mla_coupled,moe,456,4,4,0.04790038987994194,0.04630906879901886,1.2604519128799438
12000,mla_coupled,moe,456,4,5,0.05473266541957855,0.05026501789689064,1.2604519128799438
12000,mla_coupled,moe,456,4,6,0.08335082978010178,0.07653577625751495,1.2604519128799438
12000,mla_coupled,moe,456,4,7,0.08467407524585724,0.08210355788469315,1.2604519128799438
12000,mla_coupled,moe,456,4,8,0.06795898079872131,0.0623365081846714,1.2604519128799438
12000,mla_coupled,moe,456,4,9,0.04355224594473839,0.052241697907447815,1.2604519128799438
12000,mla_coupled,moe,456,4,10,0.03438720852136612,0.056102290749549866,1.2604519128799438
12000,mla_coupled,moe,456,4,11,0.049158934503793716,0.047474607825279236,1.2604519128799438
12000,mla_coupled,moe,456,4,12,0.052775878459215164,0.06154248118400574,1.2604519128799438
12000,mla_coupled,moe,456,4,13,0.03441528230905533,0.049797069281339645,1.2604519128799438
12000,mla_coupled,moe,456,4,14,0.09078124910593033,0.060796670615673065,1.2604519128799438
12000,mla_coupled,moe,456,4,15,0.05034545809030533,0.04121308773756027,1.2604519128799438
12000,mla_coupled,moe,456,5,0,0.05023437365889549,0.05896618217229843,1.3936734199523926
12000,mla_coupled,moe,456,5,1,0.040013428777456284,0.04584277793765068,1.3936734199523926
12000,mla_coupled,moe,456,5,2,0.06611206382513046,0.053321145474910736,1.3936734199523926
12000,mla_coupled,moe,456,5,3,0.07939574867486954,0.08375752717256546,1.3936734199523926
12000,mla_coupled,moe,456,5,4,0.04496826231479645,0.04042034223675728,1.3936734199523926
12000,mla_coupled,moe,456,5,5,0.07160766422748566,0.08312837779521942,1.3936734199523926
12000,mla_coupled,moe,456,5,6,0.07703491300344467,0.07034440338611603,1.3936734199523926
12000,mla_coupled,moe,456,5,7,0.11749755591154099,0.10583257675170898,1.3936734199523926
12000,mla_coupled,moe,456,5,8,0.04372558742761612,0.05156581103801727,1.3936734199523926
12000,mla_coupled,moe,456,5,9,0.07060424983501434,0.058180056512355804,1.3936734199523926
12000,mla_coupled,moe,456,5,10,0.04302123934030533,0.033933259546756744,1.3936734199523926
12000,mla_coupled,moe,456,5,11,0.05967407301068306,0.06076986342668533,1.3936734199523926
12000,mla_coupled,moe,456,5,12,0.03823486343026161,0.04881606623530388,1.3936734199523926
12000,mla_coupled,moe,456,5,13,0.042670898139476776,0.04185612127184868,1.3936734199523926
12000,mla_coupled,moe,456,5,14,0.10562621802091599,0.09839266538619995,1.3936734199523926
12000,mla_coupled,moe,456,5,15,0.04957885667681694,0.0648728683590889,1.3936734199523926
12500,mla_coupled,moe,456,1,0,0.044440917670726776,0.06210309639573097,2.647495746612549
12500,mla_coupled,moe,456,1,1,0.06565430015325546,0.06600725650787354,2.647495746612549
12500,mla_coupled,moe,456,1,2,0.06855590641498566,0.061362992972135544,2.647495746612549
12500,mla_coupled,moe,456,1,3,0.07971557974815369,0.056729793548583984,2.647495746612549
12500,mla_coupled,moe,456,1,4,0.05721679702401161,0.05868392437696457,2.647495746612549
12500,mla_coupled,moe,456,1,5,0.07860595732927322,0.05704215168952942,2.647495746612549
12500,mla_coupled,moe,456,1,6,0.065155029296875,0.06496386229991913,2.647495746612549
12500,mla_coupled,moe,456,1,7,0.05571167171001434,0.06383736431598663,2.647495746612549
12500,mla_coupled,moe,456,1,8,0.06486327946186066,0.065113864839077,2.647495746612549
12500,mla_coupled,moe,456,1,9,0.058195799589157104,0.06670568138360977,2.647495746612549
12500,mla_coupled,moe,456,1,10,0.05700439587235451,0.06047875061631203,2.647495746612549
12500,mla_coupled,moe,456,1,11,0.05627075210213661,0.060116883367300034,2.647495746612549
12500,mla_coupled,moe,456,1,12,0.06856933236122131,0.05840827152132988,2.647495746612549
12500,mla_coupled,moe,456,1,13,0.054942626506090164,0.06550522893667221,2.647495746612549
12500,mla_coupled,moe,456,1,14,0.055186767131090164,0.06559031456708908,2.647495746612549
12500,mla_coupled,moe,456,1,15,0.06991089135408401,0.06735055148601532,2.647495746612549
12500,mla_coupled,moe,456,2,0,0.05279785022139549,0.058751240372657776,2.2540783882141113
12500,mla_coupled,moe,456,2,1,0.08750488609075546,0.0707087591290474,2.2540783882141113
12500,mla_coupled,moe,456,2,2,0.06557739526033401,0.061543334275484085,2.2540783882141113
12500,mla_coupled,moe,456,2,3,0.049995116889476776,0.05375649034976959,2.2540783882141113
12500,mla_coupled,moe,456,2,4,0.04748168960213661,0.053696438670158386,2.2540783882141113
12500,mla_coupled,moe,456,2,5,0.07057739049196243,0.0677291601896286,2.2540783882141113
12500,mla_coupled,moe,456,2,6,0.06908080726861954,0.056435391306877136,2.2540783882141113
12500,mla_coupled,moe,456,2,7,0.05012573301792145,0.06063693389296532,2.2540783882141113
12500,mla_coupled,moe,456,2,8,0.0706188976764679,0.06331269443035126,2.2540783882141113
12500,mla_coupled,moe,456,2,9,0.063995361328125,0.06562986969947815,2.2540783882141113
12500,mla_coupled,moe,456,2,10,0.06681396812200546,0.06653308123350143,2.2540783882141113
12500,mla_coupled,moe,456,2,11,0.05578247085213661,0.06292060017585754,2.2540783882141113
12500,mla_coupled,moe,456,2,12,0.06449218839406967,0.06321172416210175,2.2540783882141113
12500,mla_coupled,moe,456,2,13,0.06014404445886612,0.06500380486249924,2.2540783882141113
12500,mla_coupled,moe,456,2,14,0.052971191704273224,0.06603115797042847,2.2540783882141113
12500,mla_coupled,moe,456,2,15,0.07204101234674454,0.06409932672977448,2.2540783882141113
12500,mla_coupled,moe,456,3,0,0.06655517220497131,0.07457208633422852,1.7233902215957642
12500,mla_coupled,moe,456,3,1,0.07313843071460724,0.06040279567241669,1.7233902215957642
12500,mla_coupled,moe,456,3,2,0.06718383729457855,0.07122047245502472,1.7233902215957642
12500,mla_coupled,moe,456,3,3,0.05940063297748566,0.05607519671320915,1.7233902215957642
12500,mla_coupled,moe,456,3,4,0.08305053412914276,0.08289565145969391,1.7233902215957642
12500,mla_coupled,moe,456,3,5,0.05538085848093033,0.06611011922359467,1.7233902215957642
12500,mla_coupled,moe,456,3,6,0.06169189512729645,0.056593962013721466,1.7233902215957642
12500,mla_coupled,moe,456,3,7,0.06155029311776161,0.053441546857357025,1.7233902215957642
12500,mla_coupled,moe,456,3,8,0.060179442167282104,0.05970345064997673,1.7233902215957642
12500,mla_coupled,moe,456,3,9,0.042957764118909836,0.04857954382896423,1.7233902215957642
12500,mla_coupled,moe,456,3,10,0.07543457299470901,0.0761318951845169,1.7233902215957642
12500,mla_coupled,moe,456,3,11,0.059333495795726776,0.058357883244752884,1.7233902215957642
12500,mla_coupled,moe,456,3,12,0.057624511420726776,0.057407137006521225,1.7233902215957642
12500,mla_coupled,moe,456,3,13,0.05142455920577049,0.05637487396597862,1.7233902215957642
12500,mla_coupled,moe,456,3,14,0.04699340835213661,0.05216946080327034,1.7233902215957642
12500,mla_coupled,moe,456,3,15,0.07810058444738388,0.0699639692902565,1.7233902215957642
12500,mla_coupled,moe,456,4,0,0.1094982922077179,0.11463043093681335,1.2549021244049072
12500,mla_coupled,moe,456,4,1,0.054179687052965164,0.056946925818920135,1.2549021244049072
12500,mla_coupled,moe,456,4,2,0.056640625,0.060277339071035385,1.2549021244049072
12500,mla_coupled,moe,456,4,3,0.08754760771989822,0.08431614190340042,1.2549021244049072
12500,mla_coupled,moe,456,4,4,0.04921264573931694,0.04708466678857803,1.2549021244049072
12500,mla_coupled,moe,456,4,5,0.05366211012005806,0.04865241423249245,1.2549021244049072
12500,mla_coupled,moe,456,4,6,0.08367431908845901,0.07688513398170471,1.2549021244049072
12500,mla_coupled,moe,456,4,7,0.08644775301218033,0.08381424099206924,1.2549021244049072
12500,mla_coupled,moe,456,4,8,0.06726928800344467,0.06129850074648857,1.2549021244049072
12500,mla_coupled,moe,456,4,9,0.04142211750149727,0.05005975067615509,1.2549021244049072
12500,mla_coupled,moe,456,4,10,0.03363647311925888,0.05610975623130798,1.2549021244049072
12500,mla_coupled,moe,456,4,11,0.050657957792282104,0.0494341179728508,1.2549021244049072
12500,mla_coupled,moe,456,4,12,0.05378173664212227,0.061683572828769684,1.2549021244049072
12500,mla_coupled,moe,456,4,13,0.034019775688648224,0.04956647753715515,1.2549021244049072
12500,mla_coupled,moe,456,4,14,0.08967163413763046,0.05923321843147278,1.2549021244049072
12500,mla_coupled,moe,456,4,15,0.04867797717452049,0.040007323026657104,1.2549021244049072
12500,mla_coupled,moe,456,5,0,0.050059814006090164,0.058323632925748825,1.3880184888839722
12500,mla_coupled,moe,456,5,1,0.04034790024161339,0.04556407034397125,1.3880184888839722
12500,mla_coupled,moe,456,5,2,0.06641845405101776,0.05331437662243843,1.3880184888839722
12500,mla_coupled,moe,456,5,3,0.07998047024011612,0.08412989974021912,1.3880184888839722
12500,mla_coupled,moe,456,5,4,0.0421142578125,0.03772363066673279,1.3880184888839722
12500,mla_coupled,moe,456,5,5,0.070831298828125,0.0829487070441246,1.3880184888839722
12500,mla_coupled,moe,456,5,6,0.07804565131664276,0.07140097767114639,1.3880184888839722
12500,mla_coupled,moe,456,5,7,0.11898559331893921,0.10588278621435165,1.3880184888839722
12500,mla_coupled,moe,456,5,8,0.04374633729457855,0.051695432513952255,1.3880184888839722
12500,mla_coupled,moe,456,5,9,0.06921020150184631,0.05724027752876282,1.3880184888839722
12500,mla_coupled,moe,456,5,10,0.041923828423023224,0.03174214065074921,1.3880184888839722
12500,mla_coupled,moe,456,5,11,0.05980102717876434,0.06179817020893097,1.3880184888839722
12500,mla_coupled,moe,456,5,12,0.03692870959639549,0.0479118786752224,1.3880184888839722
12500,mla_coupled,moe,456,5,13,0.04274047911167145,0.04231803119182587,1.3880184888839722
12500,mla_coupled,moe,456,5,14,0.10647094994783401,0.09962257742881775,1.3880184888839722
12500,mla_coupled,moe,456,5,15,0.05239501968026161,0.06838346272706985,1.3880184888839722
13000,mla_coupled,moe,456,1,0,0.05997070297598839,0.06238402798771858,2.643899917602539
13000,mla_coupled,moe,456,1,1,0.05969848483800888,0.06618800759315491,2.643899917602539
13000,mla_coupled,moe,456,1,2,0.058624267578125,0.060246359556913376,2.643899917602539
13000,mla_coupled,moe,456,1,3,0.08135741949081421,0.05777670070528984,2.643899917602539
13000,mla_coupled,moe,456,1,4,0.05077880993485451,0.05893811583518982,2.643899917602539
13000,mla_coupled,moe,456,1,5,0.07443969696760178,0.055188607424497604,2.643899917602539
13000,mla_coupled,moe,456,1,6,0.06839721649885178,0.06597078591585159,2.643899917602539
13000,mla_coupled,moe,456,1,7,0.06208984553813934,0.06428607553243637,2.643899917602539
13000,mla_coupled,moe,456,1,8,0.061192627996206284,0.06497623026371002,2.643899917602539
13000,mla_coupled,moe,456,1,9,0.058189697563648224,0.06725404411554337,2.643899917602539
13000,mla_coupled,moe,456,1,10,0.0632617175579071,0.06061956286430359,2.643899917602539
13000,mla_coupled,moe,456,1,11,0.0641467273235321,0.0604548454284668,2.643899917602539
13000,mla_coupled,moe,456,1,12,0.0673828125,0.05838138982653618,2.643899917602539
13000,mla_coupled,moe,456,1,13,0.05547241121530533,0.06535647064447403,2.643899917602539
13000,mla_coupled,moe,456,1,14,0.05816284194588661,0.06573236733675003,2.643899917602539
13000,mla_coupled,moe,456,1,15,0.056834716349840164,0.06624642014503479,2.643899917602539
13000,mla_coupled,moe,456,2,0,0.054686278104782104,0.06074972078204155,2.250131845474243
13000,mla_coupled,moe,456,2,1,0.08922973275184631,0.07326705753803253,2.250131845474243
13000,mla_coupled,moe,456,2,2,0.0651843249797821,0.060878604650497437,2.250131845474243
13000,mla_coupled,moe,456,2,3,0.054901123046875,0.054899826645851135,2.250131845474243
13000,mla_coupled,moe,456,2,4,0.05960693210363388,0.059633608907461166,2.250131845474243
13000,mla_coupled,moe,456,2,5,0.06585693359375,0.06473720818758011,2.250131845474243
13000,mla_coupled,moe,456,2,6,0.0698229968547821,0.05615869536995888,2.250131845474243
13000,mla_coupled,moe,456,2,7,0.05071777477860451,0.06207825988531113,2.250131845474243
13000,mla_coupled,moe,456,2,8,0.06496093422174454,0.06047960743308067,2.250131845474243
13000,mla_coupled,moe,456,2,9,0.057392578572034836,0.06288395076990128,2.250131845474243
13000,mla_coupled,moe,456,2,10,0.06632202118635178,0.0655495747923851,2.250131845474243
13000,mla_coupled,moe,456,2,11,0.05888549983501434,0.06516151130199432,2.250131845474243
13000,mla_coupled,moe,456,2,12,0.06440551578998566,0.06338953226804733,2.250131845474243
13000,mla_coupled,moe,456,2,13,0.05858398601412773,0.06354227662086487,2.250131845474243
13000,mla_coupled,moe,456,2,14,0.047111816704273224,0.06368932127952576,2.250131845474243
13000,mla_coupled,moe,456,2,15,0.07233154028654099,0.06290122866630554,2.250131845474243
13000,mla_coupled,moe,456,3,0,0.06986450403928757,0.07829447090625763,1.717219352722168
13000,mla_coupled,moe,456,3,1,0.07025634497404099,0.058785535395145416,1.717219352722168
13000,mla_coupled,moe,456,3,2,0.06626342982053757,0.07073353976011276,1.717219352722168
13000,mla_coupled,moe,456,3,3,0.059788819402456284,0.05546015128493309,1.717219352722168
13000,mla_coupled,moe,456,3,4,0.08177123963832855,0.08156748116016388,1.717219352722168
13000,mla_coupled,moe,456,3,5,0.05526123195886612,0.06517685949802399,1.717219352722168
13000,mla_coupled,moe,456,3,6,0.05982055515050888,0.054969027638435364,1.717219352722168
13000,mla_coupled,moe,456,3,7,0.06057129055261612,0.05288325622677803,1.717219352722168
13000,mla_coupled,moe,456,3,8,0.06012939289212227,0.05974818393588066,1.717219352722168
13000,mla_coupled,moe,456,3,9,0.04322876036167145,0.049489811062812805,1.717219352722168
13000,mla_coupled,moe,456,3,10,0.07466674596071243,0.07467857003211975,1.717219352722168
13000,mla_coupled,moe,456,3,11,0.05784301832318306,0.057124871760606766,1.717219352722168
13000,mla_coupled,moe,456,3,12,0.05882812663912773,0.05803300812840462,1.717219352722168
13000,mla_coupled,moe,456,3,13,0.05605468899011612,0.059256412088871,1.717219352722168
13000,mla_coupled,moe,456,3,14,0.04853271320462227,0.053688663989305496,1.717219352722168
13000,mla_coupled,moe,456,3,15,0.0771191418170929,0.07011014223098755,1.717219352722168
13000,mla_coupled,moe,456,4,0,0.10982788354158401,0.11518387496471405,1.255215048789978
13000,mla_coupled,moe,456,4,1,0.05469726398587227,0.05849035084247589,1.255215048789978
13000,mla_coupled,moe,456,4,2,0.05697998031973839,0.060139093548059464,1.255215048789978
13000,mla_coupled,moe,456,4,3,0.08516235649585724,0.08143886923789978,1.255215048789978
13000,mla_coupled,moe,456,4,4,0.04858032241463661,0.04766883701086044,1.255215048789978
13000,mla_coupled,moe,456,4,5,0.05292968824505806,0.04833698272705078,1.255215048789978
13000,mla_coupled,moe,456,4,6,0.0843505859375,0.07818640023469925,1.255215048789978
13000,mla_coupled,moe,456,4,7,0.0861523449420929,0.08171575516462326,1.255215048789978
13000,mla_coupled,moe,456,4,8,0.06816650182008743,0.0617389976978302,1.255215048789978
13000,mla_coupled,moe,456,4,9,0.04176880046725273,0.05069021135568619,1.255215048789978
13000,mla_coupled,moe,456,4,10,0.03381103649735451,0.05713473632931709,1.255215048789978
13000,mla_coupled,moe,456,4,11,0.04905883967876434,0.046503614634275436,1.255215048789978
13000,mla_coupled,moe,456,4,12,0.05318603664636612,0.060947712510824203,1.255215048789978
13000,mla_coupled,moe,456,4,13,0.033049315214157104,0.04962999373674393,1.255215048789978
13000,mla_coupled,moe,456,4,14,0.09061767905950546,0.05986277014017105,1.255215048789978
13000,mla_coupled,moe,456,4,15,0.051661375910043716,0.042331766337156296,1.255215048789978
13000,mla_coupled,moe,456,5,0,0.049549560993909836,0.05790825933218002,1.3838521242141724
13000,mla_coupled,moe,456,5,1,0.040034178644418716,0.04508091136813164,1.3838521242141724
13000,mla_coupled,moe,456,5,2,0.06609619408845901,0.05421951413154602,1.3838521242141724
13000,mla_coupled,moe,456,5,3,0.07893677055835724,0.08300843834877014,1.3838521242141724
13000,mla_coupled,moe,456,5,4,0.04429687559604645,0.039429664611816406,1.3838521242141724
13000,mla_coupled,moe,456,5,5,0.06956055015325546,0.0829848200082779,1.3838521242141724
13000,mla_coupled,moe,456,5,6,0.07809203863143921,0.07146012037992477,1.3838521242141724
13000,mla_coupled,moe,456,5,7,0.12016967684030533,0.10671618580818176,1.3838521242141724
13000,mla_coupled,moe,456,5,8,0.042847901582717896,0.049976132810115814,1.3838521242141724
13000,mla_coupled,moe,456,5,9,0.06881347298622131,0.05679122358560562,1.3838521242141724
13000,mla_coupled,moe,456,5,10,0.04222045838832855,0.03305809199810028,1.3838521242141724
13000,mla_coupled,moe,456,5,11,0.061213377863168716,0.0632806271314621,1.3838521242141724
13000,mla_coupled,moe,456,5,12,0.03761596605181694,0.04806387424468994,1.3838521242141724
13000,mla_coupled,moe,456,5,13,0.04364013671875,0.0432538166642189,1.3838521242141724
13000,mla_coupled,moe,456,5,14,0.10657958686351776,0.0992220938205719,1.3838521242141724
13000,mla_coupled,moe,456,5,15,0.05033325031399727,0.06554624438285828,1.3838521242141724
13500,mla_coupled,moe,456,1,0,0.05405517667531967,0.06224692985415459,2.6417112350463867
13500,mla_coupled,moe,456,1,1,0.05561523512005806,0.06565257906913757,2.6417112350463867
13500,mla_coupled,moe,456,1,2,0.060740966349840164,0.060325004160404205,2.6417112350463867
13500,mla_coupled,moe,456,1,3,0.08274535834789276,0.05846515670418739,2.6417112350463867
13500,mla_coupled,moe,456,1,4,0.05909057706594467,0.05861157923936844,2.6417112350463867
13500,mla_coupled,moe,456,1,5,0.07655028998851776,0.05624452605843544,2.6417112350463867
13500,mla_coupled,moe,456,1,6,0.05834350734949112,0.06506379693746567,2.6417112350463867
13500,mla_coupled,moe,456,1,7,0.05986938625574112,0.06375432759523392,2.6417112350463867
13500,mla_coupled,moe,456,1,8,0.060999754816293716,0.06482573598623276,2.6417112350463867
13500,mla_coupled,moe,456,1,9,0.05953124910593033,0.06710446625947952,2.6417112350463867
13500,mla_coupled,moe,456,1,10,0.07597534358501434,0.061219118535518646,2.6417112350463867
13500,mla_coupled,moe,456,1,11,0.05156860500574112,0.0595502033829689,2.6417112350463867
13500,mla_coupled,moe,456,1,12,0.06574218720197678,0.05815751478075981,2.6417112350463867
13500,mla_coupled,moe,456,1,13,0.05933959782123566,0.06578868627548218,2.6417112350463867
13500,mla_coupled,moe,456,1,14,0.06039184704422951,0.06623933464288712,2.6417112350463867
13500,mla_coupled,moe,456,1,15,0.059440918266773224,0.06675106287002563,2.6417112350463867
13500,mla_coupled,moe,456,2,0,0.05320190265774727,0.05911310017108917,2.2427194118499756
13500,mla_coupled,moe,456,2,1,0.08717895299196243,0.07153856009244919,2.2427194118499756
13500,mla_coupled,moe,456,2,2,0.06762328743934631,0.06121962144970894,2.2427194118499756
13500,mla_coupled,moe,456,2,3,0.04730468615889549,0.05284970626235008,2.2427194118499756
13500,mla_coupled,moe,456,2,4,0.05592041090130806,0.05772138014435768,2.2427194118499756
13500,mla_coupled,moe,456,2,5,0.06566528230905533,0.06475291401147842,2.2427194118499756
13500,mla_coupled,moe,456,2,6,0.07403564453125,0.05784175544977188,2.2427194118499756
13500,mla_coupled,moe,456,2,7,0.052836913615465164,0.06295637786388397,2.2427194118499756
13500,mla_coupled,moe,456,2,8,0.06352539360523224,0.0604054294526577,2.2427194118499756
13500,mla_coupled,moe,456,2,9,0.05913085862994194,0.06344487518072128,2.2427194118499756
13500,mla_coupled,moe,456,2,10,0.0654614269733429,0.06522806733846664,2.2427194118499756
13500,mla_coupled,moe,456,2,11,0.06126220524311066,0.06612517684698105,2.2427194118499756
13500,mla_coupled,moe,456,2,12,0.060277100652456284,0.060826677829027176,2.2427194118499756
13500,mla_coupled,moe,456,2,13,0.06138061359524727,0.06558796763420105,2.2427194118499756
13500,mla_coupled,moe,456,2,14,0.05298217758536339,0.06606097519397736,2.2427194118499756
13500,mla_coupled,moe,456,2,15,0.07221313565969467,0.0643274113535881,2.2427194118499756
13500,mla_coupled,moe,456,3,0,0.06846313178539276,0.07729743421077728,1.7231805324554443
13500,mla_coupled,moe,456,3,1,0.06893676519393921,0.05823253467679024,1.7231805324554443
13500,mla_coupled,moe,456,3,2,0.06654419004917145,0.07115641236305237,1.7231805324554443
13500,mla_coupled,moe,456,3,3,0.060455322265625,0.056673504412174225,1.7231805324554443
13500,mla_coupled,moe,456,3,4,0.08155639469623566,0.0809745192527771,1.7231805324554443
13500,mla_coupled,moe,456,3,5,0.05149902403354645,0.062384363263845444,1.7231805324554443
13500,mla_coupled,moe,456,3,6,0.06072021648287773,0.05567620322108269,1.7231805324554443
13500,mla_coupled,moe,456,3,7,0.06129394471645355,0.05361781269311905,1.7231805324554443
13500,mla_coupled,moe,456,3,8,0.06309325993061066,0.0628308653831482,1.7231805324554443
13500,mla_coupled,moe,456,3,9,0.045258790254592896,0.05003407597541809,1.7231805324554443
13500,mla_coupled,moe,456,3,10,0.07360473275184631,0.07382549345493317,1.7231805324554443
13500,mla_coupled,moe,456,3,11,0.05929809436202049,0.05780074745416641,1.7231805324554443
13500,mla_coupled,moe,456,3,12,0.058887939900159836,0.05788712203502655,1.7231805324554443
13500,mla_coupled,moe,456,3,13,0.05416015535593033,0.05809841677546501,1.7231805324554443
13500,mla_coupled,moe,456,3,14,0.04932861402630806,0.054052963852882385,1.7231805324554443
13500,mla_coupled,moe,456,3,15,0.07689941674470901,0.0694575384259224,1.7231805324554443
13500,mla_coupled,moe,456,4,0,0.10819336026906967,0.11293892562389374,1.2622942924499512
13500,mla_coupled,moe,456,4,1,0.05296630784869194,0.05630781501531601,1.2622942924499512
13500,mla_coupled,moe,456,4,2,0.058289796113967896,0.06261337548494339,1.2622942924499512
13500,mla_coupled,moe,456,4,3,0.0850817859172821,0.08187902718782425,1.2622942924499512
13500,mla_coupled,moe,456,4,4,0.049647215753793716,0.04804008826613426,1.2622942924499512
13500,mla_coupled,moe,456,4,5,0.05322265625,0.04874320328235626,1.2622942924499512
13500,mla_coupled,moe,456,4,6,0.08336914330720901,0.07659647613763809,1.2622942924499512
13500,mla_coupled,moe,456,4,7,0.08720947057008743,0.0848119705915451,1.2622942924499512
13500,mla_coupled,moe,456,4,8,0.0674121081829071,0.06015788018703461,1.2622942924499512
13500,mla_coupled,moe,456,4,9,0.043345946818590164,0.05192994698882103,1.2622942924499512
13500,mla_coupled,moe,456,4,10,0.03434570133686066,0.05666596069931984,1.2622942924499512
13500,mla_coupled,moe,456,4,11,0.04933837801218033,0.04774140194058418,1.2622942924499512
13500,mla_coupled,moe,456,4,12,0.05221923813223839,0.060241393744945526,1.2622942924499512
13500,mla_coupled,moe,456,4,13,0.03506103530526161,0.051117464900016785,1.2622942924499512
13500,mla_coupled,moe,456,4,14,0.09093505889177322,0.060699354857206345,1.2622942924499512
13500,mla_coupled,moe,456,4,15,0.04936279356479645,0.03951572999358177,1.2622942924499512
13500,mla_coupled,moe,456,5,0,0.05050292983651161,0.05884900689125061,1.3888992071151733
13500,mla_coupled,moe,456,5,1,0.03986450284719467,0.04562932625412941,1.3888992071151733
13500,mla_coupled,moe,456,5,2,0.06752929836511612,0.055189937353134155,1.3888992071151733
13500,mla_coupled,moe,456,5,3,0.07975219935178757,0.08367540687322617,1.3888992071151733
13500,mla_coupled,moe,456,5,4,0.04487793147563934,0.03997233137488365,1.3888992071151733
13500,mla_coupled,moe,456,5,5,0.07042846828699112,0.08187384903430939,1.3888992071151733
13500,mla_coupled,moe,456,5,6,0.0774829089641571,0.0713442862033844,1.3888992071151733
13500,mla_coupled,moe,456,5,7,0.1187731921672821,0.10518199950456619,1.3888992071151733
13500,mla_coupled,moe,456,5,8,0.041206054389476776,0.04858798533678055,1.3888992071151733
13500,mla_coupled,moe,456,5,9,0.07020385563373566,0.058809660375118256,1.3888992071151733
13500,mla_coupled,moe,456,5,10,0.04212402179837227,0.0334327332675457,1.3888992071151733
13500,mla_coupled,moe,456,5,11,0.06070312485098839,0.06337650120258331,1.3888992071151733
13500,mla_coupled,moe,456,5,12,0.03758300840854645,0.04705871641635895,1.3888992071151733
13500,mla_coupled,moe,456,5,13,0.04287109524011612,0.04240764304995537,1.3888992071151733
13500,mla_coupled,moe,456,5,14,0.10573852807283401,0.09839877486228943,1.3888992071151733
13500,mla_coupled,moe,456,5,15,0.050358887761831284,0.06621186435222626,1.3888992071151733
14000,mla_coupled,moe,456,1,0,0.05025878921151161,0.061953991651535034,2.6400301456451416
14000,mla_coupled,moe,456,1,1,0.07105346769094467,0.0662393644452095,2.6400301456451416
14000,mla_coupled,moe,456,1,2,0.06643310189247131,0.060640230774879456,2.6400301456451416
14000,mla_coupled,moe,456,1,3,0.08130981773138046,0.05843218415975571,2.6400301456451416
14000,mla_coupled,moe,456,1,4,0.05115112289786339,0.058199673891067505,2.6400301456451416
14000,mla_coupled,moe,456,1,5,0.07591796666383743,0.05586202070116997,2.6400301456451416
14000,mla_coupled,moe,456,1,6,0.06312622129917145,0.06474940478801727,2.6400301456451416
14000,mla_coupled,moe,456,1,7,0.05367187410593033,0.06350676715373993,2.6400301456451416
14000,mla_coupled,moe,456,1,8,0.06492309272289276,0.06540103256702423,2.6400301456451416
14000,mla_coupled,moe,456,1,9,0.05994506925344467,0.06743437051773071,2.6400301456451416
14000,mla_coupled,moe,456,1,10,0.058826904743909836,0.060220103710889816,2.6400301456451416
14000,mla_coupled,moe,456,1,11,0.05295654386281967,0.059535130858421326,2.6400301456451416
14000,mla_coupled,moe,456,1,12,0.06947021186351776,0.059123970568180084,2.6400301456451416
14000,mla_coupled,moe,456,1,13,0.060340575873851776,0.06580215692520142,2.6400301456451416
14000,mla_coupled,moe,456,1,14,0.06041870266199112,0.06632965803146362,2.6400301456451416
14000,mla_coupled,moe,456,1,15,0.06019653379917145,0.06656987965106964,2.6400301456451416
14000,mla_coupled,moe,456,2,0,0.05523315444588661,0.060677770525217056,2.236835479736328
14000,mla_coupled,moe,456,2,1,0.0882580578327179,0.07231718301773071,2.236835479736328
14000,mla_coupled,moe,456,2,2,0.06325073540210724,0.0608438104391098,2.236835479736328
14000,mla_coupled,moe,456,2,3,0.054759521037340164,0.05550677329301834,2.236835479736328
14000,mla_coupled,moe,456,2,4,0.056403808295726776,0.057966895401477814,2.236835479736328
14000,mla_coupled,moe,456,2,5,0.061870116740465164,0.06282415241003036,2.236835479736328
14000,mla_coupled,moe,456,2,6,0.07636108249425888,0.058483801782131195,2.236835479736328
14000,mla_coupled,moe,456,2,7,0.050989989191293716,0.06203122064471245,2.236835479736328
14000,mla_coupled,moe,456,2,8,0.06389648467302322,0.05983401834964752,2.236835479736328
14000,mla_coupled,moe,456,2,9,0.06004882976412773,0.06367622315883636,2.236835479736328
14000,mla_coupled,moe,456,2,10,0.06644897162914276,0.06545687466859818,2.236835479736328
14000,mla_coupled,moe,456,2,11,0.05891357362270355,0.06535646319389343,2.236835479736328
14000,mla_coupled,moe,456,2,12,0.0637829601764679,0.06288033723831177,2.236835479736328
14000,mla_coupled,moe,456,2,13,0.06015869230031967,0.06496638059616089,2.236835479736328
14000,mla_coupled,moe,456,2,14,0.04744262620806694,0.06339705735445023,2.236835479736328
14000,mla_coupled,moe,456,2,15,0.07218139618635178,0.06378108263015747,2.236835479736328
14000,mla_coupled,moe,456,3,0,0.06814941763877869,0.07647331058979034,1.7203054428100586
14000,mla_coupled,moe,456,3,1,0.07163330167531967,0.05909081920981407,1.7203054428100586
14000,mla_coupled,moe,456,3,2,0.06611206382513046,0.07092233747243881,1.7203054428100586
14000,mla_coupled,moe,456,3,3,0.05838378891348839,0.054814066737890244,1.7203054428100586
14000,mla_coupled,moe,456,3,4,0.08148681372404099,0.08063799887895584,1.7203054428100586
14000,mla_coupled,moe,456,3,5,0.053071290254592896,0.06354423612356186,1.7203054428100586
14000,mla_coupled,moe,456,3,6,0.06114501878619194,0.056349363178014755,1.7203054428100586
14000,mla_coupled,moe,456,3,7,0.06255736947059631,0.054410263895988464,1.7203054428100586
14000,mla_coupled,moe,456,3,8,0.06166747957468033,0.06075187027454376,1.7203054428100586
14000,mla_coupled,moe,456,3,9,0.04481323063373566,0.051499251276254654,1.7203054428100586
14000,mla_coupled,moe,456,3,10,0.07361450046300888,0.07440392673015594,1.7203054428100586
14000,mla_coupled,moe,456,3,11,0.059785157442092896,0.05843883380293846,1.7203054428100586
14000,mla_coupled,moe,456,3,12,0.05873291194438934,0.05796651542186737,1.7203054428100586
14000,mla_coupled,moe,456,3,13,0.056610107421875,0.05964787304401398,1.7203054428100586
14000,mla_coupled,moe,456,3,14,0.04642700031399727,0.052427005022764206,1.7203054428100586
14000,mla_coupled,moe,456,3,15,0.07581054419279099,0.06862237304449081,1.7203054428100586
14000,mla_coupled,moe,456,4,0,0.10844970494508743,0.11227056384086609,1.2657356262207031
14000,mla_coupled,moe,456,4,1,0.05331787094473839,0.056343525648117065,1.2657356262207031
14000,mla_coupled,moe,456,4,2,0.057335205376148224,0.061413973569869995,1.2657356262207031
14000,mla_coupled,moe,456,4,3,0.08605590462684631,0.08253597468137741,1.2657356262207031
14000,mla_coupled,moe,456,4,4,0.048735350370407104,0.04734831675887108,1.2657356262207031
14000,mla_coupled,moe,456,4,5,0.05259643495082855,0.04803053289651871,1.2657356262207031
14000,mla_coupled,moe,456,4,6,0.083282470703125,0.07691684365272522,1.2657356262207031
14000,mla_coupled,moe,456,4,7,0.08627685904502869,0.08330416679382324,1.2657356262207031
14000,mla_coupled,moe,456,4,8,0.0683300793170929,0.06177458167076111,1.2657356262207031
14000,mla_coupled,moe,456,4,9,0.04319946467876434,0.051971063017845154,1.2657356262207031
14000,mla_coupled,moe,456,4,10,0.03421996906399727,0.05701712518930435,1.2657356262207031
14000,mla_coupled,moe,456,4,11,0.04955078288912773,0.047172822058200836,1.2657356262207031
14000,mla_coupled,moe,456,4,12,0.05389770492911339,0.06290217489004135,1.2657356262207031
14000,mla_coupled,moe,456,4,13,0.033879395574331284,0.04997839778661728,1.2657356262207031
14000,mla_coupled,moe,456,4,14,0.09099242836236954,0.060192037373781204,1.2657356262207031
14000,mla_coupled,moe,456,4,15,0.04988037049770355,0.040827833116054535,1.2657356262207031
14000,mla_coupled,moe,456,5,0,0.050590820610523224,0.058302976191043854,1.3843623399734497
14000,mla_coupled,moe,456,5,1,0.038762208074331284,0.043752189725637436,1.3843623399734497
14000,mla_coupled,moe,456,5,2,0.06748291105031967,0.05491739884018898,1.3843623399734497
14000,mla_coupled,moe,456,5,3,0.07995238900184631,0.08374598622322083,1.3843623399734497
14000,mla_coupled,moe,456,5,4,0.04543701186776161,0.041232019662857056,1.3843623399734497
14000,mla_coupled,moe,456,5,5,0.07123657315969467,0.08369486033916473,1.3843623399734497
14000,mla_coupled,moe,456,5,6,0.07738769799470901,0.07179857045412064,1.3843623399734497
14000,mla_coupled,moe,456,5,7,0.11906372010707855,0.10570046305656433,1.3843623399734497
14000,mla_coupled,moe,456,5,8,0.04235473647713661,0.04986346885561943,1.3843623399734497
14000,mla_coupled,moe,456,5,9,0.06908691674470901,0.05706386640667915,1.3843623399734497
14000,mla_coupled,moe,456,5,10,0.04303588718175888,0.0342041477560997,1.3843623399734497
14000,mla_coupled,moe,456,5,11,0.06026977673172951,0.06243382394313812,1.3843623399734497
14000,mla_coupled,moe,456,5,12,0.03632812574505806,0.04589428752660751,1.3843623399734497
14000,mla_coupled,moe,456,5,13,0.04410034045577049,0.04397420585155487,1.3843623399734497
14000,mla_coupled,moe,456,5,14,0.10532592982053757,0.09790945798158646,1.3843623399734497
14000,mla_coupled,moe,456,5,15,0.04958496242761612,0.06551224738359451,1.3843623399734497
14500,mla_coupled,moe,456,1,0,0.06547607481479645,0.0627530962228775,2.638582706451416
14500,mla_coupled,moe,456,1,1,0.058439940214157104,0.06605932861566544,2.638582706451416
14500,mla_coupled,moe,456,1,2,0.06725586205720901,0.06120479479432106,2.638582706451416
14500,mla_coupled,moe,456,1,3,0.08082153648138046,0.05792917683720589,2.638582706451416
14500,mla_coupled,moe,456,1,4,0.055937498807907104,0.058590006083250046,2.638582706451416
14500,mla_coupled,moe,456,1,5,0.0749829113483429,0.05538170784711838,2.638582706451416
14500,mla_coupled,moe,456,1,6,0.06052978336811066,0.06530845165252686,2.638582706451416
14500,mla_coupled,moe,456,1,7,0.06299804896116257,0.06422115117311478,2.638582706451416
14500,mla_coupled,moe,456,1,8,0.05896240100264549,0.06401009112596512,2.638582706451416
14500,mla_coupled,moe,456,1,9,0.059357911348342896,0.06714680790901184,2.638582706451416
14500,mla_coupled,moe,456,1,10,0.06498534977436066,0.06083031743764877,2.638582706451416
14500,mla_coupled,moe,456,1,11,0.051628418266773224,0.05977453291416168,2.638582706451416
14500,mla_coupled,moe,456,1,12,0.06380248814821243,0.05747469514608383,2.638582706451416
14500,mla_coupled,moe,456,1,13,0.05715698376297951,0.0663684830069542,2.638582706451416
14500,mla_coupled,moe,456,1,14,0.06004028394818306,0.06633120775222778,2.638582706451416
14500,mla_coupled,moe,456,1,15,0.057624511420726776,0.06661610305309296,2.638582706451416
14500,mla_coupled,moe,456,2,0,0.05479614436626434,0.06042550131678581,2.2317817211151123
14500,mla_coupled,moe,456,2,1,0.08829955756664276,0.07165353745222092,2.2317817211151123
14500,mla_coupled,moe,456,2,2,0.0631420910358429,0.06075035408139229,2.2317817211151123
14500,mla_coupled,moe,456,2,3,0.06285888701677322,0.05782289057970047,2.2317817211151123
14500,mla_coupled,moe,456,2,4,0.05234130844473839,0.056378740817308426,2.2317817211151123
14500,mla_coupled,moe,456,2,5,0.06424560397863388,0.06452929228544235,2.2317817211151123
14500,mla_coupled,moe,456,2,6,0.07422851771116257,0.05791087448596954,2.2317817211151123
14500,mla_coupled,moe,456,2,7,0.049956053495407104,0.06122495234012604,2.2317817211151123
14500,mla_coupled,moe,456,2,8,0.06586792320013046,0.06113983690738678,2.2317817211151123
14500,mla_coupled,moe,456,2,9,0.058769531548023224,0.06298626214265823,2.2317817211151123
14500,mla_coupled,moe,456,2,10,0.06689941138029099,0.06610064208507538,2.2317817211151123
14500,mla_coupled,moe,456,2,11,0.05742431804537773,0.06416940689086914,2.2317817211151123
14500,mla_coupled,moe,456,2,12,0.060142822563648224,0.06094389036297798,2.2317817211151123
14500,mla_coupled,moe,456,2,13,0.059031981974840164,0.06480702757835388,2.2317817211151123
14500,mla_coupled,moe,456,2,14,0.04831909015774727,0.06406176835298538,2.2317817211151123
14500,mla_coupled,moe,456,2,15,0.07367675751447678,0.06509505957365036,2.2317817211151123
14500,mla_coupled,moe,456,3,0,0.06790771335363388,0.07560788840055466,1.7238829135894775
14500,mla_coupled,moe,456,3,1,0.07198730111122131,0.0597851388156414,1.7238829135894775
14500,mla_coupled,moe,456,3,2,0.06717895716428757,0.07203326374292374,1.7238829135894775
14500,mla_coupled,moe,456,3,3,0.060389403253793716,0.056436073035001755,1.7238829135894775
14500,mla_coupled,moe,456,3,4,0.08249878138303757,0.08232616633176804,1.7238829135894775
14500,mla_coupled,moe,456,3,5,0.05414184555411339,0.06479176878929138,1.7238829135894775
14500,mla_coupled,moe,456,3,6,0.05994873121380806,0.05525350570678711,1.7238829135894775
14500,mla_coupled,moe,456,3,7,0.05971435457468033,0.05175476893782616,1.7238829135894775
14500,mla_coupled,moe,456,3,8,0.06087402254343033,0.06079486012458801,1.7238829135894775
14500,mla_coupled,moe,456,3,9,0.045258790254592896,0.051105938851833344,1.7238829135894775
14500,mla_coupled,moe,456,3,10,0.07455199956893921,0.074381522834301,1.7238829135894775
14500,mla_coupled,moe,456,3,11,0.05898681655526161,0.057959653437137604,1.7238829135894775
14500,mla_coupled,moe,456,3,12,0.05800537019968033,0.05719525367021561,1.7238829135894775
14500,mla_coupled,moe,456,3,13,0.052275389432907104,0.05696742609143257,1.7238829135894775
14500,mla_coupled,moe,456,3,14,0.04715576022863388,0.05309215560555458,1.7238829135894775
14500,mla_coupled,moe,456,3,15,0.07912475615739822,0.07051464915275574,1.7238829135894775
14500,mla_coupled,moe,456,4,0,0.10978882014751434,0.11315543949604034,1.2656242847442627
14500,mla_coupled,moe,456,4,1,0.055125731974840164,0.05905401334166527,1.2656242847442627
14500,mla_coupled,moe,456,4,2,0.05536743253469467,0.05820951610803604,1.2656242847442627
14500,mla_coupled,moe,456,4,3,0.08713745325803757,0.08292018622159958,1.2656242847442627
14500,mla_coupled,moe,456,4,4,0.048731688410043716,0.047347549349069595,1.2656242847442627
14500,mla_coupled,moe,456,4,5,0.05068603530526161,0.047818347811698914,1.2656242847442627
14500,mla_coupled,moe,456,4,6,0.08335937559604645,0.07673376798629761,1.2656242847442627
14500,mla_coupled,moe,456,4,7,0.08635742217302322,0.08365540206432343,1.2656242847442627
14500,mla_coupled,moe,456,4,8,0.07078246772289276,0.0630367323756218,1.2656242847442627
14500,mla_coupled,moe,456,4,9,0.042225342243909836,0.05164673924446106,1.2656242847442627
14500,mla_coupled,moe,456,4,10,0.03385986387729645,0.0556841641664505,1.2656242847442627
14500,mla_coupled,moe,456,4,11,0.04956664890050888,0.04799497500061989,1.2656242847442627
14500,mla_coupled,moe,456,4,12,0.05313964933156967,0.06171374022960663,1.2656242847442627
14500,mla_coupled,moe,456,4,13,0.032862547785043716,0.04892528057098389,1.2656242847442627
14500,mla_coupled,moe,456,4,14,0.09206176549196243,0.06145060062408447,1.2656242847442627
14500,mla_coupled,moe,456,4,15,0.04894775524735451,0.04065355286002159,1.2656242847442627
14500,mla_coupled,moe,456,5,0,0.05067748948931694,0.058058109134435654,1.382453203201294
14500,mla_coupled,moe,456,5,1,0.04007812589406967,0.045829735696315765,1.382453203201294
14500,mla_coupled,moe,456,5,2,0.06750976294279099,0.05463477969169617,1.382453203201294
14500,mla_coupled,moe,456,5,3,0.07885131984949112,0.0832352340221405,1.382453203201294
14500,mla_coupled,moe,456,5,4,0.047508545219898224,0.0428135022521019,1.382453203201294
14500,mla_coupled,moe,456,5,5,0.06950927525758743,0.0816451758146286,1.382453203201294
14500,mla_coupled,moe,456,5,6,0.0751660168170929,0.06919466704130173,1.382453203201294
14500,mla_coupled,moe,456,5,7,0.11867798119783401,0.10535096377134323,1.382453203201294
14500,mla_coupled,moe,456,5,8,0.04280151426792145,0.05021683871746063,1.382453203201294
14500,mla_coupled,moe,456,5,9,0.0686047375202179,0.056766197085380554,1.382453203201294
14500,mla_coupled,moe,456,5,10,0.04206787049770355,0.03370092436671257,1.382453203201294
14500,mla_coupled,moe,456,5,11,0.061005860567092896,0.06350439041852951,1.382453203201294
14500,mla_coupled,moe,456,5,12,0.03643188625574112,0.045488473027944565,1.382453203201294
14500,mla_coupled,moe,456,5,13,0.04486938565969467,0.04430257901549339,1.382453203201294
14500,mla_coupled,moe,456,5,14,0.10578612983226776,0.09882055968046188,1.382453203201294
14500,mla_coupled,moe,456,5,15,0.05045410245656967,0.06643787026405334,1.382453203201294
15000,mla_coupled,moe,456,1,0,0.053160399198532104,0.06241070106625557,2.6372811794281006
15000,mla_coupled,moe,456,1,1,0.06181396543979645,0.06666988134384155,2.6372811794281006
15000,mla_coupled,moe,456,1,2,0.06298095732927322,0.06068367511034012,2.6372811794281006
15000,mla_coupled,moe,456,1,3,0.08244995027780533,0.05869616940617561,2.6372811794281006
15000,mla_coupled,moe,456,1,4,0.05350952222943306,0.05839720368385315,2.6372811794281006
15000,mla_coupled,moe,456,1,5,0.07444214075803757,0.055368613451719284,2.6372811794281006
15000,mla_coupled,moe,456,1,6,0.05585937574505806,0.0647876039147377,2.6372811794281006
15000,mla_coupled,moe,456,1,7,0.07620727270841599,0.06431656330823898,2.6372811794281006
15000,mla_coupled,moe,456,1,8,0.05744384601712227,0.06392059475183487,2.6372811794281006
15000,mla_coupled,moe,456,1,9,0.058021239936351776,0.06693120300769806,2.6372811794281006
15000,mla_coupled,moe,456,1,10,0.06275146454572678,0.0605216845870018,2.6372811794281006
15000,mla_coupled,moe,456,1,11,0.06579834222793579,0.05990765988826752,2.6372811794281006
15000,mla_coupled,moe,456,1,12,0.06692260503768921,0.05856041610240936,2.6372811794281006
15000,mla_coupled,moe,456,1,13,0.055687256157398224,0.06619296967983246,2.6372811794281006
15000,mla_coupled,moe,456,1,14,0.05426879972219467,0.06597281247377396,2.6372811794281006
15000,mla_coupled,moe,456,1,15,0.05868286266922951,0.0666622668504715,2.6372811794281006
15000,mla_coupled,moe,456,2,0,0.053962402045726776,0.060135431587696075,2.2211644649505615
15000,mla_coupled,moe,456,2,1,0.08873046934604645,0.07302682101726532,2.2211644649505615
15000,mla_coupled,moe,456,2,2,0.06489989906549454,0.06117308512330055,2.2211644649505615
15000,mla_coupled,moe,456,2,3,0.054237060248851776,0.05465111881494522,2.2211644649505615
15000,mla_coupled,moe,456,2,4,0.05487426742911339,0.05761318653821945,2.2211644649505615
15000,mla_coupled,moe,456,2,5,0.058021239936351776,0.06076164171099663,2.2211644649505615
15000,mla_coupled,moe,456,2,6,0.07359740883111954,0.05735155567526817,2.2211644649505615
15000,mla_coupled,moe,456,2,7,0.05101684480905533,0.06196717172861099,2.2211644649505615
15000,mla_coupled,moe,456,2,8,0.06968872249126434,0.06254566460847855,2.2211644649505615
15000,mla_coupled,moe,456,2,9,0.05906860530376434,0.06336607038974762,2.2211644649505615
15000,mla_coupled,moe,456,2,10,0.06734741479158401,0.06633740663528442,2.2211644649505615
15000,mla_coupled,moe,456,2,11,0.058319091796875,0.06515316665172577,2.2211644649505615
15000,mla_coupled,moe,456,2,12,0.06107421964406967,0.06171369552612305,2.2211644649505615
15000,mla_coupled,moe,456,2,13,0.06046508625149727,0.06529141217470169,2.2211644649505615
15000,mla_coupled,moe,456,2,14,0.05192749202251434,0.06535744667053223,2.2211644649505615
15000,mla_coupled,moe,456,2,15,0.07276977598667145,0.06355515122413635,2.2211644649505615
15000,mla_coupled,moe,456,3,0,0.06867797672748566,0.07626695930957794,1.7241144180297852
15000,mla_coupled,moe,456,3,1,0.07233642786741257,0.06023778021335602,1.7241144180297852
15000,mla_coupled,moe,456,3,2,0.06774169951677322,0.07271751761436462,1.7241144180297852
15000,mla_coupled,moe,456,3,3,0.05988525226712227,0.05531188100576401,1.7241144180297852
15000,mla_coupled,moe,456,3,4,0.08266723901033401,0.08111860603094101,1.7241144180297852
15000,mla_coupled,moe,456,3,5,0.05342407152056694,0.06404856592416763,1.7241144180297852
15000,mla_coupled,moe,456,3,6,0.06114501878619194,0.05611862242221832,1.7241144180297852
15000,mla_coupled,moe,456,3,7,0.060942381620407104,0.05339564383029938,1.7241144180297852
15000,mla_coupled,moe,456,3,8,0.05912841856479645,0.05843907967209816,1.7241144180297852
15000,mla_coupled,moe,456,3,9,0.041502684354782104,0.04797390475869179,1.7241144180297852
15000,mla_coupled,moe,456,3,10,0.07605468481779099,0.07663552463054657,1.7241144180297852
15000,mla_coupled,moe,456,3,11,0.05926147475838661,0.05841076374053955,1.7241144180297852
15000,mla_coupled,moe,456,3,12,0.05832519382238388,0.05778322368860245,1.7241144180297852
15000,mla_coupled,moe,456,3,13,0.05311523377895355,0.05767349898815155,1.7241144180297852
15000,mla_coupled,moe,456,3,14,0.047764893621206284,0.05357421562075615,1.7241144180297852
15000,mla_coupled,moe,456,3,15,0.07802734524011612,0.07029423117637634,1.7241144180297852
15000,mla_coupled,moe,456,4,0,0.10935180634260178,0.11326289176940918,1.2618489265441895
15000,mla_coupled,moe,456,4,1,0.053802490234375,0.05668194219470024,1.2618489265441895
15000,mla_coupled,moe,456,4,2,0.056334227323532104,0.05914489924907684,1.2618489265441895
15000,mla_coupled,moe,456,4,3,0.08704101294279099,0.08443846553564072,1.2618489265441895
15000,mla_coupled,moe,456,4,4,0.05093749985098839,0.04955950751900673,1.2618489265441895
15000,mla_coupled,moe,456,4,5,0.051219481974840164,0.04687748849391937,1.2618489265441895
15000,mla_coupled,moe,456,4,6,0.08372070640325546,0.07643438130617142,1.2618489265441895
15000,mla_coupled,moe,456,4,7,0.08643432706594467,0.0839359313249588,1.2618489265441895
15000,mla_coupled,moe,456,4,8,0.06922729313373566,0.06143449619412422,1.2618489265441895
15000,mla_coupled,moe,456,4,9,0.04236083850264549,0.05189799144864082,1.2618489265441895
15000,mla_coupled,moe,456,4,10,0.03302612155675888,0.0558389313519001,1.2618489265441895
15000,mla_coupled,moe,456,4,11,0.04906616359949112,0.047718167304992676,1.2618489265441895
15000,mla_coupled,moe,456,4,12,0.05425659194588661,0.06289476156234741,1.2618489265441895
15000,mla_coupled,moe,456,4,13,0.03288574144244194,0.049011584371328354,1.2618489265441895
15000,mla_coupled,moe,456,4,14,0.09082885831594467,0.059825822710990906,1.2618489265441895
15000,mla_coupled,moe,456,4,15,0.049506835639476776,0.0410427488386631,1.2618489265441895
15000,mla_coupled,moe,456,5,0,0.0516357421875,0.059790439903736115,1.3863650560379028
15000,mla_coupled,moe,456,5,1,0.03914550691843033,0.04423997551202774,1.3863650560379028
15000,mla_coupled,moe,456,5,2,0.06618530303239822,0.053591229021549225,1.3863650560379028
15000,mla_coupled,moe,456,5,3,0.08004516363143921,0.08435151726007462,1.3863650560379028
15000,mla_coupled,moe,456,5,4,0.044090576469898224,0.03954097628593445,1.3863650560379028
15000,mla_coupled,moe,456,5,5,0.07066772133111954,0.08354397118091583,1.3863650560379028
15000,mla_coupled,moe,456,5,6,0.07523193210363388,0.06938822567462921,1.3863650560379028
15000,mla_coupled,moe,456,5,7,0.12049316614866257,0.10580277442932129,1.3863650560379028
15000,mla_coupled,moe,456,5,8,0.04292968660593033,0.050450004637241364,1.3863650560379028
15000,mla_coupled,moe,456,5,9,0.06975463777780533,0.05726136639714241,1.3863650560379028
15000,mla_coupled,moe,456,5,10,0.04204467684030533,0.03306373581290245,1.3863650560379028
15000,mla_coupled,moe,456,5,11,0.06115478649735451,0.06414255499839783,1.3863650560379028
15000,mla_coupled,moe,456,5,12,0.03699706867337227,0.04663217067718506,1.3863650560379028
15000,mla_coupled,moe,456,5,13,0.04264282062649727,0.04239920154213905,1.3863650560379028
15000,mla_coupled,moe,456,5,14,0.10668335109949112,0.0996989905834198,1.3863650560379028
15000,mla_coupled,moe,456,5,15,0.050297852605581284,0.06610285490751266,1.3863650560379028
