iter,attn_mode,backbone,seed,layer,expert,selected_fraction,mean_probability,router_entropy
0,mha_decoupled,moe,456,1,0,0.045008543878793716,0.05902312323451042,2.626617670059204
0,mha_decoupled,moe,456,1,1,0.08808227628469467,0.0690254345536232,2.626617670059204
0,mha_decoupled,moe,456,1,2,0.07207763940095901,0.0662313774228096,2.626617670059204
0,mha_decoupled,moe,456,1,3,0.02651122957468033,0.05041595920920372,2.626617670059204
0,mha_decoupled,moe,456,1,4,0.03354492038488388,0.052191805094480515,2.626617670059204
0,mha_decoupled,moe,456,1,5,0.051793213933706284,0.057525262236595154,2.626617670059204
0,mha_decoupled,moe,456,1,6,0.04518432542681694,0.05952318757772446,2.626617670059204
0,mha_decoupled,moe,456,1,7,0.06157226487994194,0.06415611505508423,2.626617670059204
0,mha_decoupled,moe,456,1,8,0.052589111030101776,0.05825330317020416,2.626617670059204
0,mha_decoupled,moe,456,1,9,0.12287841737270355,0.08247021585702896,2.626617670059204
0,mha_decoupled,moe,456,1,10,0.019307861104607582,0.04508398100733757,2.626617670059204
0,mha_decoupled,moe,456,1,11,0.09895507991313934,0.07394527643918991,2.626617670059204
0,mha_decoupled,moe,456,1,12,0.10181518644094467,0.07465264201164246,2.626617670059204
0,mha_decoupled,moe,456,1,13,0.07542480528354645,0.06746938824653625,2.626617670059204
0,mha_decoupled,moe,456,1,14,0.07088378816843033,0.06511037796735764,2.626617670059204
0,mha_decoupled,moe,456,1,15,0.03437133878469467,0.05492256209254265,2.626617670059204
0,mha_decoupled,moe,456,2,0,0.03645874187350273,0.05573122203350067,2.624873161315918
0,mha_decoupled,moe,456,2,1,0.021586913615465164,0.049249857664108276,2.624873161315918
0,mha_decoupled,moe,456,2,2,0.03639282286167145,0.05671411380171776,2.624873161315918
0,mha_decoupled,moe,456,2,3,0.07575195282697678,0.07009784877300262,2.624873161315918
0,mha_decoupled,moe,456,2,4,0.0836474597454071,0.0696130096912384,2.624873161315918
0,mha_decoupled,moe,456,2,5,0.013826903887093067,0.040998492389917374,2.624873161315918
0,mha_decoupled,moe,456,2,6,0.024478759616613388,0.050339460372924805,2.624873161315918
0,mha_decoupled,moe,456,2,7,0.04118896648287773,0.05653182044625282,2.624873161315918
0,mha_decoupled,moe,456,2,8,0.13736450672149658,0.08663350343704224,2.624873161315918
0,mha_decoupled,moe,456,2,9,0.19145263731479645,0.0975320041179657,2.624873161315918
0,mha_decoupled,moe,456,2,10,0.01385498046875,0.045068804174661636,2.624873161315918
0,mha_decoupled,moe,456,2,11,0.022667236626148224,0.04989905655384064,2.624873161315918
0,mha_decoupled,moe,456,2,12,0.066497802734375,0.06459876894950867,2.624873161315918
0,mha_decoupled,moe,456,2,13,0.08024536073207855,0.07024859637022018,2.624873161315918
0,mha_decoupled,moe,456,2,14,0.05499877780675888,0.06204398721456528,2.624873161315918
0,mha_decoupled,moe,456,2,15,0.09958618134260178,0.07469946891069412,2.624873161315918
0,mha_decoupled,moe,456,3,0,0.09985839575529099,0.07575225085020065,2.6273467540740967
0,mha_decoupled,moe,456,3,1,0.0856030285358429,0.0732913613319397,2.6273467540740967
0,mha_decoupled,moe,456,3,2,0.038188476115465164,0.05581962689757347,2.6273467540740967
0,mha_decoupled,moe,456,3,3,0.03128295764327049,0.051875896751880646,2.6273467540740967
0,mha_decoupled,moe,456,3,4,0.022579345852136612,0.04756169766187668,2.6273467540740967
0,mha_decoupled,moe,456,3,5,0.06714721769094467,0.06532184034585953,2.6273467540740967
0,mha_decoupled,moe,456,3,6,0.05806640535593033,0.06386748701334,2.6273467540740967
0,mha_decoupled,moe,456,3,7,0.014176025055348873,0.042082443833351135,2.6273467540740967
0,mha_decoupled,moe,456,3,8,0.02891235426068306,0.05144234746694565,2.6273467540740967
0,mha_decoupled,moe,456,3,9,0.0638110339641571,0.06710954755544662,2.6273467540740967
0,mha_decoupled,moe,456,3,10,0.02930908277630806,0.04976534843444824,2.6273467540740967
0,mha_decoupled,moe,456,3,11,0.09665771573781967,0.07622059434652328,2.6273467540740967
0,mha_decoupled,moe,456,3,12,0.10845459252595901,0.07823358476161957,2.6273467540740967
0,mha_decoupled,moe,456,3,13,0.13569213449954987,0.0836041271686554,2.6273467540740967
0,mha_decoupled,moe,456,3,14,0.09222656488418579,0.07167704403400421,2.6273467540740967
0,mha_decoupled,moe,456,3,15,0.028034668415784836,0.046374816447496414,2.6273467540740967
0,mha_decoupled,moe,456,4,0,0.08962646126747131,0.07183290272951126,2.6368308067321777
0,mha_decoupled,moe,456,4,1,0.08868774771690369,0.07034515589475632,2.6368308067321777
0,mha_decoupled,moe,456,4,2,0.07814209163188934,0.06907788664102554,2.6368308067321777
0,mha_decoupled,moe,456,4,3,0.017725830897688866,0.04133733734488487,2.6368308067321777
0,mha_decoupled,moe,456,4,4,0.027890624478459358,0.050667330622673035,2.6368308067321777
0,mha_decoupled,moe,456,4,5,0.06823974847793579,0.06478223949670792,2.6368308067321777
0,mha_decoupled,moe,456,4,6,0.03178710862994194,0.05367784574627876,2.6368308067321777
0,mha_decoupled,moe,456,4,7,0.06245727464556694,0.06391442567110062,2.6368308067321777
0,mha_decoupled,moe,456,4,8,0.050236817449331284,0.057855620980262756,2.6368308067321777
0,mha_decoupled,moe,456,4,9,0.08156860619783401,0.06852369755506516,2.6368308067321777
0,mha_decoupled,moe,456,4,10,0.06809204071760178,0.06421495974063873,2.6368308067321777
0,mha_decoupled,moe,456,4,11,0.05938964709639549,0.06441648304462433,2.6368308067321777
0,mha_decoupled,moe,456,4,12,0.11308959871530533,0.07751584053039551,2.6368308067321777
0,mha_decoupled,moe,456,4,13,0.03005371056497097,0.05308406800031662,2.6368308067321777
0,mha_decoupled,moe,456,4,14,0.03814941272139549,0.05637715011835098,2.6368308067321777
0,mha_decoupled,moe,456,4,15,0.09486328065395355,0.07237701863050461,2.6368308067321777
0,mha_decoupled,moe,456,5,0,0.023977050557732582,0.048135824501514435,2.629124641418457
0,mha_decoupled,moe,456,5,1,0.03278564289212227,0.0558425672352314,2.629124641418457
0,mha_decoupled,moe,456,5,2,0.06824462860822678,0.06403099745512009,2.629124641418457
0,mha_decoupled,moe,456,5,3,0.02337646484375,0.045492373406887054,2.629124641418457
0,mha_decoupled,moe,456,5,4,0.03309692442417145,0.05501450598239899,2.629124641418457
0,mha_decoupled,moe,456,5,5,0.05622558668255806,0.06411275267601013,2.629124641418457
0,mha_decoupled,moe,456,5,6,0.10884765535593033,0.07679428905248642,2.629124641418457
0,mha_decoupled,moe,456,5,7,0.06905028969049454,0.06724809855222702,2.629124641418457
0,mha_decoupled,moe,456,5,8,0.039771728217601776,0.05478488281369209,2.629124641418457
0,mha_decoupled,moe,456,5,9,0.06010131910443306,0.06431405991315842,2.629124641418457
0,mha_decoupled,moe,456,5,10,0.16850830614566803,0.09247385710477829,2.629124641418457
0,mha_decoupled,moe,456,5,11,0.07645263522863388,0.06752750277519226,2.629124641418457
0,mha_decoupled,moe,456,5,12,0.04405883699655533,0.05918147414922714,2.629124641418457
0,mha_decoupled,moe,456,5,13,0.015451660379767418,0.04705747961997986,2.629124641418457
0,mha_decoupled,moe,456,5,14,0.1580786108970642,0.08871559798717499,2.629124641418457
0,mha_decoupled,moe,456,5,15,0.02197265625,0.04927374795079231,2.629124641418457
500,mha_decoupled,moe,456,1,0,0.10066039860248566,0.0800294280052185,2.148343563079834
500,mha_decoupled,moe,456,1,1,0.07359375059604645,0.0680285170674324,2.148343563079834
500,mha_decoupled,moe,456,1,2,0.04046386852860451,0.06492222100496292,2.148343563079834
500,mha_decoupled,moe,456,1,3,0.014084472320973873,0.026425771415233612,2.148343563079834
500,mha_decoupled,moe,456,1,4,0.07942871004343033,0.058760128915309906,2.148343563079834
500,mha_decoupled,moe,456,1,5,0.014970703050494194,0.023926537483930588,2.148343563079834
500,mha_decoupled,moe,456,1,6,0.09639160335063934,0.08332771062850952,2.148343563079834
500,mha_decoupled,moe,456,1,7,0.09974731504917145,0.0837760642170906,2.148343563079834
500,mha_decoupled,moe,456,1,8,0.056428223848342896,0.0581606850028038,2.148343563079834
500,mha_decoupled,moe,456,1,9,0.08505737036466599,0.07644031196832657,2.148343563079834
500,mha_decoupled,moe,456,1,10,0.10303588956594467,0.08214371651411057,2.148343563079834
500,mha_decoupled,moe,456,1,11,0.04115966707468033,0.055674754083156586,2.148343563079834
500,mha_decoupled,moe,456,1,12,0.050935059785842896,0.05770245939493179,2.148343563079834
500,mha_decoupled,moe,456,1,13,0.046174317598342896,0.05972005054354668,2.148343563079834
500,mha_decoupled,moe,456,1,14,0.04932861402630806,0.06213707476854324,2.148343563079834
500,mha_decoupled,moe,456,1,15,0.04854004085063934,0.058824602514505386,2.148343563079834
500,mha_decoupled,moe,456,2,0,0.05101318284869194,0.05405189096927643,2.164257764816284
500,mha_decoupled,moe,456,2,1,0.05381713807582855,0.06495590507984161,2.164257764816284
500,mha_decoupled,moe,456,2,2,0.10297241061925888,0.07881888747215271,2.164257764816284
500,mha_decoupled,moe,456,2,3,0.1143200695514679,0.08566518872976303,2.164257764816284
500,mha_decoupled,moe,456,2,4,0.06751830875873566,0.062137700617313385,2.164257764816284
500,mha_decoupled,moe,456,2,5,0.07014404237270355,0.07426059991121292,2.164257764816284
500,mha_decoupled,moe,456,2,6,0.03699706867337227,0.04784233495593071,2.164257764816284
500,mha_decoupled,moe,456,2,7,0.04322876036167145,0.03844176605343819,2.164257764816284
500,mha_decoupled,moe,456,2,8,0.039708252996206284,0.05259951576590538,2.164257764816284
500,mha_decoupled,moe,456,2,9,0.03348754718899727,0.04090981185436249,2.164257764816284
500,mha_decoupled,moe,456,2,10,0.07870727777481079,0.0723038837313652,2.164257764816284
500,mha_decoupled,moe,456,2,11,0.04956909269094467,0.0589139498770237,2.164257764816284
500,mha_decoupled,moe,456,2,12,0.08757202327251434,0.07783252000808716,2.164257764816284
500,mha_decoupled,moe,456,2,13,0.07944580167531967,0.0704888328909874,2.164257764816284
500,mha_decoupled,moe,456,2,14,0.04193359240889549,0.06405392289161682,2.164257764816284
500,mha_decoupled,moe,456,2,15,0.049565430730581284,0.05672327056527138,2.164257764816284
500,mha_decoupled,moe,456,3,0,0.09151977300643921,0.07306049019098282,2.039261817932129
500,mha_decoupled,moe,456,3,1,0.02541259676218033,0.04175417125225067,2.039261817932129
500,mha_decoupled,moe,456,3,2,0.09441039711236954,0.07029373943805695,2.039261817932129
500,mha_decoupled,moe,456,3,3,0.05088989436626434,0.06254011392593384,2.039261817932129
500,mha_decoupled,moe,456,3,4,0.07300049066543579,0.0713466927409172,2.039261817932129
500,mha_decoupled,moe,456,3,5,0.04291747882962227,0.0561051070690155,2.039261817932129
500,mha_decoupled,moe,456,3,6,0.026627197861671448,0.041544109582901,2.039261817932129
500,mha_decoupled,moe,456,3,7,0.09719360619783401,0.07844813913106918,2.039261817932129
500,mha_decoupled,moe,456,3,8,0.08830444514751434,0.08072513341903687,2.039261817932129
500,mha_decoupled,moe,456,3,9,0.04316772520542145,0.0601440966129303,2.039261817932129
500,mha_decoupled,moe,456,3,10,0.033916015177965164,0.0637541338801384,2.039261817932129
500,mha_decoupled,moe,456,3,11,0.06214599683880806,0.05213504284620285,2.039261817932129
500,mha_decoupled,moe,456,3,12,0.06976562738418579,0.06280434876680374,2.039261817932129
500,mha_decoupled,moe,456,3,13,0.03795410320162773,0.047508787363767624,2.039261817932129
500,mha_decoupled,moe,456,3,14,0.10157959163188934,0.07964804768562317,2.039261817932129
500,mha_decoupled,moe,456,3,15,0.061195068061351776,0.0581878237426281,2.039261817932129
500,mha_decoupled,moe,456,4,0,0.07085449248552322,0.08068865537643433,2.133368730545044
500,mha_decoupled,moe,456,4,1,0.06253296136856079,0.0659283846616745,2.133368730545044
500,mha_decoupled,moe,456,4,2,0.04610595852136612,0.054079413414001465,2.133368730545044
500,mha_decoupled,moe,456,4,3,0.053150635212659836,0.05237465351819992,2.133368730545044
500,mha_decoupled,moe,456,4,4,0.04645385593175888,0.04775727912783623,2.133368730545044
500,mha_decoupled,moe,456,4,5,0.053447265177965164,0.060265980660915375,2.133368730545044
500,mha_decoupled,moe,456,4,6,0.08332519233226776,0.06783712655305862,2.133368730545044
500,mha_decoupled,moe,456,4,7,0.06620727479457855,0.05981792137026787,2.133368730545044
500,mha_decoupled,moe,456,4,8,0.09468627721071243,0.07557480037212372,2.133368730545044
500,mha_decoupled,moe,456,4,9,0.05259399488568306,0.055802226066589355,2.133368730545044
500,mha_decoupled,moe,456,4,10,0.06781250238418579,0.06143369525671005,2.133368730545044
500,mha_decoupled,moe,456,4,11,0.06364746391773224,0.06873708963394165,2.133368730545044
500,mha_decoupled,moe,456,4,12,0.06127563491463661,0.06603071838617325,2.133368730545044
500,mha_decoupled,moe,456,4,13,0.07911010831594467,0.0729576125741005,2.133368730545044
500,mha_decoupled,moe,456,4,14,0.05102172866463661,0.057996716350317,2.133368730545044
500,mha_decoupled,moe,456,4,15,0.04777465760707855,0.0527176707983017,2.133368730545044
500,mha_decoupled,moe,456,5,0,0.10854370146989822,0.10242590308189392,2.178713321685791
500,mha_decoupled,moe,456,5,1,0.06843383610248566,0.054915208369493484,2.178713321685791
500,mha_decoupled,moe,456,5,2,0.05063842609524727,0.057173196226358414,2.178713321685791
500,mha_decoupled,moe,456,5,3,0.07354736328125,0.06938009709119797,2.178713321685791
500,mha_decoupled,moe,456,5,4,0.045936278998851776,0.05463411659002304,2.178713321685791
500,mha_decoupled,moe,456,5,5,0.04500121995806694,0.05100155994296074,2.178713321685791
500,mha_decoupled,moe,456,5,6,0.05148071423172951,0.05643110349774361,2.178713321685791
500,mha_decoupled,moe,456,5,7,0.07945556938648224,0.08108969777822495,2.178713321685791
500,mha_decoupled,moe,456,5,8,0.02406005933880806,0.0503825917840004,2.178713321685791
500,mha_decoupled,moe,456,5,9,0.05167480558156967,0.05417371168732643,2.178713321685791
500,mha_decoupled,moe,456,5,10,0.04811157286167145,0.04574938863515854,2.178713321685791
500,mha_decoupled,moe,456,5,11,0.08153686672449112,0.051657535135746,2.178713321685791
500,mha_decoupled,moe,456,5,12,0.08634033054113388,0.07529272884130478,2.178713321685791
500,mha_decoupled,moe,456,5,13,0.04339843615889549,0.05320331081748009,2.178713321685791
500,mha_decoupled,moe,456,5,14,0.07996215671300888,0.07914175093173981,2.178713321685791
500,mha_decoupled,moe,456,5,15,0.061878662556409836,0.06334808468818665,2.178713321685791
1000,mha_decoupled,moe,456,1,0,0.09418945014476776,0.07997582107782364,2.218629837036133
1000,mha_decoupled,moe,456,1,1,0.05336303636431694,0.05262205749750137,2.218629837036133
1000,mha_decoupled,moe,456,1,2,0.05570312589406967,0.06262815743684769,2.218629837036133
1000,mha_decoupled,moe,456,1,3,0.02000122144818306,0.040298376232385635,2.218629837036133
1000,mha_decoupled,moe,456,1,4,0.05413452163338661,0.05219004303216934,2.218629837036133
1000,mha_decoupled,moe,456,1,5,0.04491211101412773,0.042642559856176376,2.218629837036133
1000,mha_decoupled,moe,456,1,6,0.08630004525184631,0.07858261466026306,2.218629837036133
1000,mha_decoupled,moe,456,1,7,0.08880248665809631,0.07534245401620865,2.218629837036133
1000,mha_decoupled,moe,456,1,8,0.05840209871530533,0.06246061623096466,2.218629837036133
1000,mha_decoupled,moe,456,1,9,0.050269775092601776,0.04614894092082977,2.218629837036133
1000,mha_decoupled,moe,456,1,10,0.07400757074356079,0.07280853390693665,2.218629837036133
1000,mha_decoupled,moe,456,1,11,0.0664965808391571,0.06365057080984116,2.218629837036133
1000,mha_decoupled,moe,456,1,12,0.06548705697059631,0.06484782695770264,2.218629837036133
1000,mha_decoupled,moe,456,1,13,0.057945556938648224,0.06407730281352997,2.218629837036133
1000,mha_decoupled,moe,456,1,14,0.07169555872678757,0.07477489113807678,2.218629837036133
1000,mha_decoupled,moe,456,1,15,0.058289796113967896,0.06694924831390381,2.218629837036133
1000,mha_decoupled,moe,456,2,0,0.07084350287914276,0.06629575043916702,2.0559797286987305
1000,mha_decoupled,moe,456,2,1,0.07627685368061066,0.07509483397006989,2.0559797286987305
1000,mha_decoupled,moe,456,2,2,0.07221801578998566,0.07975117862224579,2.0559797286987305
1000,mha_decoupled,moe,456,2,3,0.08390381187200546,0.06830272078514099,2.0559797286987305
1000,mha_decoupled,moe,456,2,4,0.059650879353284836,0.06282906234264374,2.0559797286987305
1000,mha_decoupled,moe,456,2,5,0.06592895835638046,0.06882422417402267,2.0559797286987305
1000,mha_decoupled,moe,456,2,6,0.042475584894418716,0.048406265676021576,2.0559797286987305
1000,mha_decoupled,moe,456,2,7,0.04173339903354645,0.04518875479698181,2.0559797286987305
1000,mha_decoupled,moe,456,2,8,0.07031860202550888,0.06457927823066711,2.0559797286987305
1000,mha_decoupled,moe,456,2,9,0.04030029475688934,0.04429486766457558,2.0559797286987305
1000,mha_decoupled,moe,456,2,10,0.09891601651906967,0.08313820511102676,2.0559797286987305
1000,mha_decoupled,moe,456,2,11,0.04208984225988388,0.05129978060722351,2.0559797286987305
1000,mha_decoupled,moe,456,2,12,0.0696728527545929,0.06733368337154388,2.0559797286987305
1000,mha_decoupled,moe,456,2,13,0.06019531190395355,0.05522724241018295,2.0559797286987305
1000,mha_decoupled,moe,456,2,14,0.04765869304537773,0.06266186386346817,2.0559797286987305
1000,mha_decoupled,moe,456,2,15,0.05781738460063934,0.056772276759147644,2.0559797286987305
1000,mha_decoupled,moe,456,3,0,0.09023437649011612,0.08238934725522995,1.6003390550613403
1000,mha_decoupled,moe,456,3,1,0.019107665866613388,0.02943744696676731,1.6003390550613403
1000,mha_decoupled,moe,456,3,2,0.0953076183795929,0.07840358465909958,1.6003390550613403
1000,mha_decoupled,moe,456,3,3,0.053675536066293716,0.06351105868816376,1.6003390550613403
1000,mha_decoupled,moe,456,3,4,0.0632006824016571,0.05990202724933624,1.6003390550613403
1000,mha_decoupled,moe,456,3,5,0.04211059585213661,0.05420633777976036,1.6003390550613403
1000,mha_decoupled,moe,456,3,6,0.055207520723342896,0.0572383888065815,1.6003390550613403
1000,mha_decoupled,moe,456,3,7,0.06520507484674454,0.06147531419992447,1.6003390550613403
1000,mha_decoupled,moe,456,3,8,0.08619140833616257,0.08723721653223038,1.6003390550613403
1000,mha_decoupled,moe,456,3,9,0.035517577081918716,0.04308636114001274,1.6003390550613403
1000,mha_decoupled,moe,456,3,10,0.06806884706020355,0.07708413898944855,1.6003390550613403
1000,mha_decoupled,moe,456,3,11,0.045897215604782104,0.04403818026185036,1.6003390550613403
1000,mha_decoupled,moe,456,3,12,0.06750854849815369,0.06168336048722267,1.6003390550613403
1000,mha_decoupled,moe,456,3,13,0.054741211235523224,0.052569612860679626,1.6003390550613403
1000,mha_decoupled,moe,456,3,14,0.09109252691268921,0.0800960436463356,1.6003390550613403
1000,mha_decoupled,moe,456,3,15,0.06693359464406967,0.06764160096645355,1.6003390550613403
1000,mha_decoupled,moe,456,4,0,0.05493774265050888,0.06657078117132187,1.5126150846481323
1000,mha_decoupled,moe,456,4,1,0.07436523586511612,0.06452930718660355,1.5126150846481323
1000,mha_decoupled,moe,456,4,2,0.05067382752895355,0.06318589299917221,1.5126150846481323
1000,mha_decoupled,moe,456,4,3,0.04645629972219467,0.05073945224285126,1.5126150846481323
1000,mha_decoupled,moe,456,4,4,0.07606689631938934,0.06918464601039886,1.5126150846481323
1000,mha_decoupled,moe,456,4,5,0.05934081971645355,0.06637256592512131,1.5126150846481323
1000,mha_decoupled,moe,456,4,6,0.09352295100688934,0.10060634464025497,1.5126150846481323
1000,mha_decoupled,moe,456,4,7,0.057526856660842896,0.048180967569351196,1.5126150846481323
1000,mha_decoupled,moe,456,4,8,0.08156860619783401,0.06709331274032593,1.5126150846481323
1000,mha_decoupled,moe,456,4,9,0.049652099609375,0.03631775453686714,1.5126150846481323
1000,mha_decoupled,moe,456,4,10,0.07497069984674454,0.08657093346118927,1.5126150846481323
1000,mha_decoupled,moe,456,4,11,0.05746093764901161,0.060735732316970825,1.5126150846481323
1000,mha_decoupled,moe,456,4,12,0.04620727524161339,0.045633912086486816,1.5126150846481323
1000,mha_decoupled,moe,456,4,13,0.06582153588533401,0.06461840867996216,1.5126150846481323
1000,mha_decoupled,moe,456,4,14,0.051948241889476776,0.05334913358092308,1.5126150846481323
1000,mha_decoupled,moe,456,4,15,0.059479981660842896,0.05631086230278015,1.5126150846481323
1000,mha_decoupled,moe,456,5,0,0.10753417760133743,0.13007806241512299,1.628325343132019
1000,mha_decoupled,moe,456,5,1,0.07191040366888046,0.07339685410261154,1.628325343132019
1000,mha_decoupled,moe,456,5,2,0.03697875887155533,0.037328850477933884,1.628325343132019
1000,mha_decoupled,moe,456,5,3,0.05991210788488388,0.055337417870759964,1.628325343132019
1000,mha_decoupled,moe,456,5,4,0.05772216618061066,0.05593585968017578,1.628325343132019
1000,mha_decoupled,moe,456,5,5,0.05298706144094467,0.042613182216882706,1.628325343132019
1000,mha_decoupled,moe,456,5,6,0.05020996183156967,0.06495209038257599,1.628325343132019
1000,mha_decoupled,moe,456,5,7,0.0869738757610321,0.09226005524396896,1.628325343132019
1000,mha_decoupled,moe,456,5,8,0.021749267354607582,0.03186396509408951,1.628325343132019
1000,mha_decoupled,moe,456,5,9,0.0440673828125,0.04193849489092827,1.628325343132019
1000,mha_decoupled,moe,456,5,10,0.07594604790210724,0.06291048973798752,1.628325343132019
1000,mha_decoupled,moe,456,5,11,0.08834594488143921,0.055447787046432495,1.628325343132019
1000,mha_decoupled,moe,456,5,12,0.08913940191268921,0.08271503448486328,1.628325343132019
1000,mha_decoupled,moe,456,5,13,0.026474609971046448,0.03629817068576813,1.628325343132019
1000,mha_decoupled,moe,456,5,14,0.07139404118061066,0.08037859946489334,1.628325343132019
1000,mha_decoupled,moe,456,5,15,0.05865478515625,0.056545037776231766,1.628325343132019
1500,mha_decoupled,moe,456,1,0,0.10027831792831421,0.07329023629426956,2.3997011184692383
1500,mha_decoupled,moe,456,1,1,0.033623047173023224,0.05225883424282074,2.3997011184692383
1500,mha_decoupled,moe,456,1,2,0.025491943582892418,0.05175400897860527,2.3997011184692383
1500,mha_decoupled,moe,456,1,3,0.07534302026033401,0.05679734796285629,2.3997011184692383
1500,mha_decoupled,moe,456,1,4,0.05183105543255806,0.05583101883530617,2.3997011184692383
1500,mha_decoupled,moe,456,1,5,0.042290039360523224,0.05290833115577698,2.3997011184692383
1500,mha_decoupled,moe,456,1,6,0.0838635265827179,0.07509163022041321,2.3997011184692383
1500,mha_decoupled,moe,456,1,7,0.05910888686776161,0.06536649912595749,2.3997011184692383
1500,mha_decoupled,moe,456,1,8,0.06037841737270355,0.06355660408735275,2.3997011184692383
1500,mha_decoupled,moe,456,1,9,0.06614379584789276,0.056708816438913345,2.3997011184692383
1500,mha_decoupled,moe,456,1,10,0.07607055455446243,0.06729795038700104,2.3997011184692383
1500,mha_decoupled,moe,456,1,11,0.052525635808706284,0.06157683953642845,2.3997011184692383
1500,mha_decoupled,moe,456,1,12,0.07425171136856079,0.06394535303115845,2.3997011184692383
1500,mha_decoupled,moe,456,1,13,0.05692993104457855,0.0636339858174324,2.3997011184692383
1500,mha_decoupled,moe,456,1,14,0.08649902045726776,0.07857494056224823,2.3997011184692383
1500,mha_decoupled,moe,456,1,15,0.05537109449505806,0.06140756979584694,2.3997011184692383
1500,mha_decoupled,moe,456,2,0,0.08290039002895355,0.07187234610319138,2.126145362854004
1500,mha_decoupled,moe,456,2,1,0.06505370885133743,0.07207269221544266,2.126145362854004
1500,mha_decoupled,moe,456,2,2,0.05641357600688934,0.06281936913728714,2.126145362854004
1500,mha_decoupled,moe,456,2,3,0.07706908881664276,0.06530004739761353,2.126145362854004
1500,mha_decoupled,moe,456,2,4,0.07072387635707855,0.070133276283741,2.126145362854004
1500,mha_decoupled,moe,456,2,5,0.05610840022563934,0.059200990945100784,2.126145362854004
1500,mha_decoupled,moe,456,2,6,0.041569825261831284,0.051792506128549576,2.126145362854004
1500,mha_decoupled,moe,456,2,7,0.056041259318590164,0.05805841088294983,2.126145362854004
1500,mha_decoupled,moe,456,2,8,0.059886474162340164,0.060520343482494354,2.126145362854004
1500,mha_decoupled,moe,456,2,9,0.05705077946186066,0.05664540454745293,2.126145362854004
1500,mha_decoupled,moe,456,2,10,0.08701049536466599,0.07426567375659943,2.126145362854004
1500,mha_decoupled,moe,456,2,11,0.040949705988168716,0.047696396708488464,2.126145362854004
1500,mha_decoupled,moe,456,2,12,0.06308471411466599,0.06282512098550797,2.126145362854004
1500,mha_decoupled,moe,456,2,13,0.058476563543081284,0.054100047796964645,2.126145362854004
1500,mha_decoupled,moe,456,2,14,0.06664672493934631,0.07314798980951309,2.126145362854004
1500,mha_decoupled,moe,456,2,15,0.06101440265774727,0.05954942852258682,2.126145362854004
1500,mha_decoupled,moe,456,3,0,0.09351440519094467,0.08930817246437073,1.5355806350708008
1500,mha_decoupled,moe,456,3,1,0.026240235194563866,0.0332743301987648,1.5355806350708008
1500,mha_decoupled,moe,456,3,2,0.09703002870082855,0.08225090801715851,1.5355806350708008
1500,mha_decoupled,moe,456,3,3,0.058460693806409836,0.06754690408706665,1.5355806350708008
1500,mha_decoupled,moe,456,3,4,0.057758789509534836,0.05711289495229721,1.5355806350708008
1500,mha_decoupled,moe,456,3,5,0.04764037951827049,0.05818613991141319,1.5355806350708008
1500,mha_decoupled,moe,456,3,6,0.05653198063373566,0.05724524334073067,1.5355806350708008
1500,mha_decoupled,moe,456,3,7,0.05460204929113388,0.05338975787162781,1.5355806350708008
1500,mha_decoupled,moe,456,3,8,0.0772717297077179,0.07739360630512238,1.5355806350708008
1500,mha_decoupled,moe,456,3,9,0.03971923887729645,0.04363800212740898,1.5355806350708008
1500,mha_decoupled,moe,456,3,10,0.05916503816843033,0.06248043105006218,1.5355806350708008
1500,mha_decoupled,moe,456,3,11,0.04988159239292145,0.04644210264086723,1.5355806350708008
1500,mha_decoupled,moe,456,3,12,0.07128296047449112,0.06345507502555847,1.5355806350708008
1500,mha_decoupled,moe,456,3,13,0.07355224341154099,0.07274197041988373,1.5355806350708008
1500,mha_decoupled,moe,456,3,14,0.06664672493934631,0.06480518728494644,1.5355806350708008
1500,mha_decoupled,moe,456,3,15,0.07070190459489822,0.07072924822568893,1.5355806350708008
1500,mha_decoupled,moe,456,4,0,0.056580811738967896,0.0641041249036789,1.2941323518753052
1500,mha_decoupled,moe,456,4,1,0.05862182751297951,0.053833190351724625,1.2941323518753052
1500,mha_decoupled,moe,456,4,2,0.053132325410842896,0.06663557887077332,1.2941323518753052
1500,mha_decoupled,moe,456,4,3,0.05253417789936066,0.05189786106348038,1.2941323518753052
1500,mha_decoupled,moe,456,4,4,0.07278198003768921,0.06624437123537064,1.2941323518753052
1500,mha_decoupled,moe,456,4,5,0.06392822414636612,0.07146846503019333,1.2941323518753052
1500,mha_decoupled,moe,456,4,6,0.09116088598966599,0.1052229180932045,1.2941323518753052
1500,mha_decoupled,moe,456,4,7,0.06060424819588661,0.04949307441711426,1.2941323518753052
1500,mha_decoupled,moe,456,4,8,0.08494751155376434,0.07107335329055786,1.2941323518753052
1500,mha_decoupled,moe,456,4,9,0.05630249157547951,0.0389995276927948,1.2941323518753052
1500,mha_decoupled,moe,456,4,10,0.07752563804388046,0.0885770246386528,1.2941323518753052
1500,mha_decoupled,moe,456,4,11,0.05188232287764549,0.058089300990104675,1.2941323518753052
1500,mha_decoupled,moe,456,4,12,0.04041503742337227,0.038271985948085785,1.2941323518753052
1500,mha_decoupled,moe,456,4,13,0.07694946229457855,0.07062628120183945,1.2941323518753052
1500,mha_decoupled,moe,456,4,14,0.05189819261431694,0.051578179001808167,1.2941323518753052
1500,mha_decoupled,moe,456,4,15,0.05073486268520355,0.05388478934764862,1.2941323518753052
1500,mha_decoupled,moe,456,5,0,0.10814941674470901,0.13009242713451385,1.5148309469223022
1500,mha_decoupled,moe,456,5,1,0.07230102270841599,0.07417964190244675,1.5148309469223022
1500,mha_decoupled,moe,456,5,2,0.03510497882962227,0.03580045700073242,1.5148309469223022
1500,mha_decoupled,moe,456,5,3,0.053801268339157104,0.05178357660770416,1.5148309469223022
1500,mha_decoupled,moe,456,5,4,0.060615234076976776,0.0574188232421875,1.5148309469223022
1500,mha_decoupled,moe,456,5,5,0.053919676691293716,0.04359142854809761,1.5148309469223022
1500,mha_decoupled,moe,456,5,6,0.048951417207717896,0.06092502921819687,1.5148309469223022
1500,mha_decoupled,moe,456,5,7,0.0800488293170929,0.08581449836492538,1.5148309469223022
1500,mha_decoupled,moe,456,5,8,0.03323730453848839,0.0352882482111454,1.5148309469223022
1500,mha_decoupled,moe,456,5,9,0.049799803644418716,0.043740786612033844,1.5148309469223022
1500,mha_decoupled,moe,456,5,10,0.07199951261281967,0.06105659157037735,1.5148309469223022
1500,mha_decoupled,moe,456,5,11,0.09185546636581421,0.05986901745200157,1.5148309469223022
1500,mha_decoupled,moe,456,5,12,0.09205932915210724,0.09018873423337936,1.5148309469223022
1500,mha_decoupled,moe,456,5,13,0.026505127549171448,0.03677009418606758,1.5148309469223022
1500,mha_decoupled,moe,456,5,14,0.07043090462684631,0.08252335339784622,1.5148309469223022
1500,mha_decoupled,moe,456,5,15,0.05122070387005806,0.05095730721950531,1.5148309469223022
2000,mha_decoupled,moe,456,1,0,0.06340575963258743,0.053222719579935074,2.5521047115325928
2000,mha_decoupled,moe,456,1,1,0.05446166917681694,0.0593881793320179,2.5521047115325928
2000,mha_decoupled,moe,456,1,2,0.029057616367936134,0.05765976011753082,2.5521047115325928
2000,mha_decoupled,moe,456,1,3,0.04650512710213661,0.0625312551856041,2.5521047115325928
2000,mha_decoupled,moe,456,1,4,0.02695922926068306,0.0577160008251667,2.5521047115325928
2000,mha_decoupled,moe,456,1,5,0.053070068359375,0.06251204758882523,2.5521047115325928
2000,mha_decoupled,moe,456,1,6,0.07427490502595901,0.06577824056148529,2.5521047115325928
2000,mha_decoupled,moe,456,1,7,0.0831311047077179,0.06350180506706238,2.5521047115325928
2000,mha_decoupled,moe,456,1,8,0.05372802913188934,0.06164361163973808,2.5521047115325928
2000,mha_decoupled,moe,456,1,9,0.08428222686052322,0.06369298696517944,2.5521047115325928
2000,mha_decoupled,moe,456,1,10,0.06773925572633743,0.059064965695142746,2.5521047115325928
2000,mha_decoupled,moe,456,1,11,0.06399048119783401,0.06291502714157104,2.5521047115325928
2000,mha_decoupled,moe,456,1,12,0.09663696587085724,0.06579043716192245,2.5521047115325928
2000,mha_decoupled,moe,456,1,13,0.047783203423023224,0.06065751612186432,2.5521047115325928
2000,mha_decoupled,moe,456,1,14,0.08302123844623566,0.07784854620695114,2.5521047115325928
2000,mha_decoupled,moe,456,1,15,0.07195312529802322,0.06607690453529358,2.5521047115325928
2000,mha_decoupled,moe,456,2,0,0.07521362602710724,0.06732703000307083,2.160487651824951
2000,mha_decoupled,moe,456,2,1,0.07237549126148224,0.07196059077978134,2.160487651824951
2000,mha_decoupled,moe,456,2,2,0.066497802734375,0.07475405931472778,2.160487651824951
2000,mha_decoupled,moe,456,2,3,0.07163940370082855,0.061708904802799225,2.160487651824951
2000,mha_decoupled,moe,456,2,4,0.08494751155376434,0.0731349065899849,2.160487651824951
2000,mha_decoupled,moe,456,2,5,0.05455932766199112,0.05890309438109398,2.160487651824951
2000,mha_decoupled,moe,456,2,6,0.04375854507088661,0.052569929510354996,2.160487651824951
2000,mha_decoupled,moe,456,2,7,0.04929931461811066,0.056238025426864624,2.160487651824951
2000,mha_decoupled,moe,456,2,8,0.05474853515625,0.057416725903749466,2.160487651824951
2000,mha_decoupled,moe,456,2,9,0.03232666105031967,0.0484650582075119,2.160487651824951
2000,mha_decoupled,moe,456,2,10,0.07313720881938934,0.0626247376203537,2.160487651824951
2000,mha_decoupled,moe,456,2,11,0.054468993097543716,0.05377807095646858,2.160487651824951
2000,mha_decoupled,moe,456,2,12,0.0798962414264679,0.07424798607826233,2.160487651824951
2000,mha_decoupled,moe,456,2,13,0.059478759765625,0.055953994393348694,2.160487651824951
2000,mha_decoupled,moe,456,2,14,0.06086547672748566,0.06893271952867508,2.160487651824951
2000,mha_decoupled,moe,456,2,15,0.06678710877895355,0.06198418140411377,2.160487651824951
2000,mha_decoupled,moe,456,3,0,0.08953613042831421,0.08385010808706284,1.5365309715270996
2000,mha_decoupled,moe,456,3,1,0.028081053867936134,0.03518526628613472,1.5365309715270996
2000,mha_decoupled,moe,456,3,2,0.09522216767072678,0.07935573905706406,1.5365309715270996
2000,mha_decoupled,moe,456,3,3,0.05668090656399727,0.06781429052352905,1.5365309715270996
2000,mha_decoupled,moe,456,3,4,0.056865233927965164,0.057156551629304886,1.5365309715270996
2000,mha_decoupled,moe,456,3,5,0.05007568374276161,0.06089266389608383,1.5365309715270996
2000,mha_decoupled,moe,456,3,6,0.053166504949331284,0.0542413629591465,1.5365309715270996
2000,mha_decoupled,moe,456,3,7,0.05000121891498566,0.05180738866329193,1.5365309715270996
2000,mha_decoupled,moe,456,3,8,0.0810559093952179,0.07645052671432495,1.5365309715270996
2000,mha_decoupled,moe,456,3,9,0.045463867485523224,0.048124365508556366,1.5365309715270996
2000,mha_decoupled,moe,456,3,10,0.05998046696186066,0.06287085264921188,1.5365309715270996
2000,mha_decoupled,moe,456,3,11,0.059052735567092896,0.051556725054979324,1.5365309715270996
2000,mha_decoupled,moe,456,3,12,0.0666186511516571,0.0621488094329834,1.5365309715270996
2000,mha_decoupled,moe,456,3,13,0.07113403081893921,0.07086892426013947,1.5365309715270996
2000,mha_decoupled,moe,456,3,14,0.0712597668170929,0.07020479440689087,1.5365309715270996
2000,mha_decoupled,moe,456,3,15,0.06580566614866257,0.06747160106897354,1.5365309715270996
2000,mha_decoupled,moe,456,4,0,0.05396484211087227,0.062484610825777054,1.1550188064575195
2000,mha_decoupled,moe,456,4,1,0.06250732392072678,0.057067371904850006,1.1550188064575195
2000,mha_decoupled,moe,456,4,2,0.06130371242761612,0.07751298695802689,1.1550188064575195
2000,mha_decoupled,moe,456,4,3,0.05451049655675888,0.05236275494098663,1.1550188064575195
2000,mha_decoupled,moe,456,4,4,0.07515869289636612,0.07014025747776031,1.1550188064575195
2000,mha_decoupled,moe,456,4,5,0.055229492485523224,0.06147076189517975,1.1550188064575195
2000,mha_decoupled,moe,456,4,6,0.08613891899585724,0.09983482956886292,1.1550188064575195
2000,mha_decoupled,moe,456,4,7,0.06064819172024727,0.05097527801990509,1.1550188064575195
2000,mha_decoupled,moe,456,4,8,0.08174316585063934,0.06767862290143967,1.1550188064575195
2000,mha_decoupled,moe,456,4,9,0.05328613147139549,0.034748077392578125,1.1550188064575195
2000,mha_decoupled,moe,456,4,10,0.07691162079572678,0.09103885293006897,1.1550188064575195
2000,mha_decoupled,moe,456,4,11,0.05400024354457855,0.06069646403193474,1.1550188064575195
2000,mha_decoupled,moe,456,4,12,0.05061401426792145,0.045467477291822433,1.1550188064575195
2000,mha_decoupled,moe,456,4,13,0.07027221471071243,0.06521523743867874,1.1550188064575195
2000,mha_decoupled,moe,456,4,14,0.05295776203274727,0.05076029896736145,1.1550188064575195
2000,mha_decoupled,moe,456,4,15,0.05075317248702049,0.052546124905347824,1.1550188064575195
2000,mha_decoupled,moe,456,5,0,0.09803466498851776,0.11675623804330826,1.4689722061157227
2000,mha_decoupled,moe,456,5,1,0.07242065668106079,0.07821911573410034,1.4689722061157227
2000,mha_decoupled,moe,456,5,2,0.03719848766922951,0.03367745503783226,1.4689722061157227
2000,mha_decoupled,moe,456,5,3,0.05375732481479645,0.05300569906830788,1.4689722061157227
2000,mha_decoupled,moe,456,5,4,0.0628649890422821,0.060401711612939835,1.4689722061157227
2000,mha_decoupled,moe,456,5,5,0.04157348722219467,0.039988160133361816,1.4689722061157227
2000,mha_decoupled,moe,456,5,6,0.048309326171875,0.06289264559745789,1.4689722061157227
2000,mha_decoupled,moe,456,5,7,0.07596924155950546,0.08288326859474182,1.4689722061157227
2000,mha_decoupled,moe,456,5,8,0.04187988117337227,0.03908892348408699,1.4689722061157227
2000,mha_decoupled,moe,456,5,9,0.04360595718026161,0.04015885293483734,1.4689722061157227
2000,mha_decoupled,moe,456,5,10,0.07557251304388046,0.06212560832500458,1.4689722061157227
2000,mha_decoupled,moe,456,5,11,0.09933227300643921,0.06445339322090149,1.4689722061157227
2000,mha_decoupled,moe,456,5,12,0.08211181312799454,0.08138016611337662,1.4689722061157227
2000,mha_decoupled,moe,456,5,13,0.027333984151482582,0.03610242158174515,1.4689722061157227
2000,mha_decoupled,moe,456,5,14,0.08307983726263046,0.0950152575969696,1.4689722061157227
2000,mha_decoupled,moe,456,5,15,0.05695556476712227,0.05385104566812515,1.4689722061157227
2500,mha_decoupled,moe,456,1,0,0.08529175072908401,0.06111522763967514,2.601538896560669
2500,mha_decoupled,moe,456,1,1,0.03879028186202049,0.05989067628979683,2.601538896560669
2500,mha_decoupled,moe,456,1,2,0.038441162556409836,0.061659153550863266,2.601538896560669
2500,mha_decoupled,moe,456,1,3,0.06455688178539276,0.06463843584060669,2.601538896560669
2500,mha_decoupled,moe,456,1,4,0.07755615562200546,0.06509654968976974,2.601538896560669
2500,mha_decoupled,moe,456,1,5,0.03551879897713661,0.06346508860588074,2.601538896560669
2500,mha_decoupled,moe,456,1,6,0.06684570014476776,0.06229270622134209,2.601538896560669
2500,mha_decoupled,moe,456,1,7,0.08137451112270355,0.06280830502510071,2.601538896560669
2500,mha_decoupled,moe,456,1,8,0.074462890625,0.0658060610294342,2.601538896560669
2500,mha_decoupled,moe,456,1,9,0.04090942442417145,0.059632688760757446,2.601538896560669
2500,mha_decoupled,moe,456,1,10,0.07070434838533401,0.05871916934847832,2.601538896560669
2500,mha_decoupled,moe,456,1,11,0.07002807408571243,0.062269292771816254,2.601538896560669
2500,mha_decoupled,moe,456,1,12,0.036009520292282104,0.05600666627287865,2.601538896560669
2500,mha_decoupled,moe,456,1,13,0.054779052734375,0.06079299747943878,2.601538896560669
2500,mha_decoupled,moe,456,1,14,0.08025756478309631,0.07403074949979782,2.601538896560669
2500,mha_decoupled,moe,456,1,15,0.0844738781452179,0.061776190996170044,2.601538896560669
2500,mha_decoupled,moe,456,2,0,0.0802001953125,0.06590266525745392,2.1517772674560547
2500,mha_decoupled,moe,456,2,1,0.07063476741313934,0.0721614882349968,2.1517772674560547
2500,mha_decoupled,moe,456,2,2,0.06729736179113388,0.07361169904470444,2.1517772674560547
2500,mha_decoupled,moe,456,2,3,0.07013671845197678,0.06240665540099144,2.1517772674560547
2500,mha_decoupled,moe,456,2,4,0.05895141512155533,0.06584642827510834,2.1517772674560547
2500,mha_decoupled,moe,456,2,5,0.059367675334215164,0.06291912496089935,2.1517772674560547
2500,mha_decoupled,moe,456,2,6,0.060856934636831284,0.05945540592074394,2.1517772674560547
2500,mha_decoupled,moe,456,2,7,0.037818603217601776,0.05338575690984726,2.1517772674560547
2500,mha_decoupled,moe,456,2,8,0.04811645671725273,0.05275563895702362,2.1517772674560547
2500,mha_decoupled,moe,456,2,9,0.04395141452550888,0.05314270034432411,2.1517772674560547
2500,mha_decoupled,moe,456,2,10,0.07602905482053757,0.06557583808898926,2.1517772674560547
2500,mha_decoupled,moe,456,2,11,0.04039184749126434,0.05047154054045677,2.1517772674560547
2500,mha_decoupled,moe,456,2,12,0.08081787079572678,0.06661374866962433,2.1517772674560547
2500,mha_decoupled,moe,456,2,13,0.06472533941268921,0.057888973504304886,2.1517772674560547
2500,mha_decoupled,moe,456,2,14,0.07898315787315369,0.07754059135913849,2.1517772674560547
2500,mha_decoupled,moe,456,2,15,0.06172119081020355,0.060321785509586334,2.1517772674560547
2500,mha_decoupled,moe,456,3,0,0.08697997778654099,0.08429466933012009,1.514782428741455
2500,mha_decoupled,moe,456,3,1,0.02811279334127903,0.03510836139321327,1.514782428741455
2500,mha_decoupled,moe,456,3,2,0.09851440787315369,0.08193744719028473,1.514782428741455
2500,mha_decoupled,moe,456,3,3,0.064483642578125,0.07482390105724335,1.514782428741455
2500,mha_decoupled,moe,456,3,4,0.06416992098093033,0.061444371938705444,1.514782428741455
2500,mha_decoupled,moe,456,3,5,0.04092041030526161,0.0545380562543869,1.514782428741455
2500,mha_decoupled,moe,456,3,6,0.058564454317092896,0.058547042310237885,1.514782428741455
2500,mha_decoupled,moe,456,3,7,0.051838379353284836,0.05379300191998482,1.514782428741455
2500,mha_decoupled,moe,456,3,8,0.0765698254108429,0.07275314629077911,1.514782428741455
2500,mha_decoupled,moe,456,3,9,0.038288574665784836,0.04211552441120148,1.514782428741455
2500,mha_decoupled,moe,456,3,10,0.06885498017072678,0.06862978637218475,1.514782428741455
2500,mha_decoupled,moe,456,3,11,0.045280762016773224,0.046355895698070526,1.514782428741455
2500,mha_decoupled,moe,456,3,12,0.07857666164636612,0.0669037327170372,1.514782428741455
2500,mha_decoupled,moe,456,3,13,0.06923095881938934,0.06820214539766312,1.514782428741455
2500,mha_decoupled,moe,456,3,14,0.07021606713533401,0.06828948110342026,1.514782428741455
2500,mha_decoupled,moe,456,3,15,0.059398192912340164,0.06226344034075737,1.514782428741455
2500,mha_decoupled,moe,456,4,0,0.053339842706918716,0.06312660127878189,1.109896183013916
2500,mha_decoupled,moe,456,4,1,0.05665527284145355,0.05165939778089523,1.109896183013916
2500,mha_decoupled,moe,456,4,2,0.05543823167681694,0.07112482190132141,1.109896183013916
2500,mha_decoupled,moe,456,4,3,0.046995848417282104,0.04910214990377426,1.109896183013916
2500,mha_decoupled,moe,456,4,4,0.08149535953998566,0.07442224770784378,1.109896183013916
2500,mha_decoupled,moe,456,4,5,0.06055297702550888,0.06712055206298828,1.109896183013916
2500,mha_decoupled,moe,456,4,6,0.08835326880216599,0.10404015332460403,1.109896183013916
2500,mha_decoupled,moe,456,4,7,0.06861694157123566,0.05631000176072121,1.109896183013916
2500,mha_decoupled,moe,456,4,8,0.07720947265625,0.06554083526134491,1.109896183013916
2500,mha_decoupled,moe,456,4,9,0.054749757051467896,0.03688575699925423,1.109896183013916
2500,mha_decoupled,moe,456,4,10,0.08028564602136612,0.09125937521457672,1.109896183013916
2500,mha_decoupled,moe,456,4,11,0.05133911222219467,0.06073662266135216,1.109896183013916
2500,mha_decoupled,moe,456,4,12,0.04294433444738388,0.04040360450744629,1.109896183013916
2500,mha_decoupled,moe,456,4,13,0.07860595732927322,0.07149410247802734,1.109896183013916
2500,mha_decoupled,moe,456,4,14,0.052495118230581284,0.04595954343676567,1.109896183013916
2500,mha_decoupled,moe,456,4,15,0.050922852009534836,0.05081423744559288,1.109896183013916
2500,mha_decoupled,moe,456,5,0,0.10891235619783401,0.12210343033075333,1.4578405618667603
2500,mha_decoupled,moe,456,5,1,0.07297363132238388,0.0781606063246727,1.4578405618667603
2500,mha_decoupled,moe,456,5,2,0.048198241740465164,0.041151706129312515,1.4578405618667603
2500,mha_decoupled,moe,456,5,3,0.04889526218175888,0.05005999654531479,1.4578405618667603
2500,mha_decoupled,moe,456,5,4,0.05247192457318306,0.055353354662656784,1.4578405618667603
2500,mha_decoupled,moe,456,5,5,0.04652221500873566,0.043698038905858994,1.4578405618667603
2500,mha_decoupled,moe,456,5,6,0.049738768488168716,0.06307234615087509,1.4578405618667603
2500,mha_decoupled,moe,456,5,7,0.07233032584190369,0.08168622851371765,1.4578405618667603
2500,mha_decoupled,moe,456,5,8,0.03958373889327049,0.035586241632699966,1.4578405618667603
2500,mha_decoupled,moe,456,5,9,0.03647216781973839,0.036655448377132416,1.4578405618667603
2500,mha_decoupled,moe,456,5,10,0.08247436583042145,0.06675194948911667,1.4578405618667603
2500,mha_decoupled,moe,456,5,11,0.11256225407123566,0.07283623516559601,1.4578405618667603
2500,mha_decoupled,moe,456,5,12,0.07518921047449112,0.07794617861509323,1.4578405618667603
2500,mha_decoupled,moe,456,5,13,0.024119872599840164,0.03263986483216286,1.4578405618667603
2500,mha_decoupled,moe,456,5,14,0.07808715850114822,0.0906260684132576,1.4578405618667603
2500,mha_decoupled,moe,456,5,15,0.05146850645542145,0.05167225003242493,1.4578405618667603
3000,mha_decoupled,moe,456,1,0,0.0753796398639679,0.05753326043486595,2.6143829822540283
3000,mha_decoupled,moe,456,1,1,0.045166015625,0.06146221607923508,2.6143829822540283
3000,mha_decoupled,moe,456,1,2,0.027766114100813866,0.061043500900268555,2.6143829822540283
3000,mha_decoupled,moe,456,1,3,0.06524048000574112,0.06468196213245392,2.6143829822540283
3000,mha_decoupled,moe,456,1,4,0.05099121108651161,0.06438800692558289,2.6143829822540283
3000,mha_decoupled,moe,456,1,5,0.04748779162764549,0.06294414401054382,2.6143829822540283
3000,mha_decoupled,moe,456,1,6,0.0768115222454071,0.06498715281486511,2.6143829822540283
3000,mha_decoupled,moe,456,1,7,0.06288208067417145,0.06194130331277847,2.6143829822540283
3000,mha_decoupled,moe,456,1,8,0.047545164823532104,0.059714771807193756,2.6143829822540283
3000,mha_decoupled,moe,456,1,9,0.11485961824655533,0.0697028711438179,2.6143829822540283
3000,mha_decoupled,moe,456,1,10,0.07256469875574112,0.057561349123716354,2.6143829822540283
3000,mha_decoupled,moe,456,1,11,0.049830321222543716,0.057602811604738235,2.6143829822540283
3000,mha_decoupled,moe,456,1,12,0.0640271008014679,0.06269491463899612,2.6143829822540283
3000,mha_decoupled,moe,456,1,13,0.05406005680561066,0.05916133522987366,2.6143829822540283
3000,mha_decoupled,moe,456,1,14,0.08192870765924454,0.07570824772119522,2.6143829822540283
3000,mha_decoupled,moe,456,1,15,0.06345947086811066,0.05887214094400406,2.6143829822540283
3000,mha_decoupled,moe,456,2,0,0.08327026665210724,0.07162781804800034,2.12274432182312
3000,mha_decoupled,moe,456,2,1,0.07233276218175888,0.07322686910629272,2.12274432182312
3000,mha_decoupled,moe,456,2,2,0.06242431700229645,0.0725165382027626,2.12274432182312
3000,mha_decoupled,moe,456,2,3,0.07264403998851776,0.06315013766288757,2.12274432182312
3000,mha_decoupled,moe,456,2,4,0.07380370795726776,0.06942383944988251,2.12274432182312
3000,mha_decoupled,moe,456,2,5,0.05536743253469467,0.05915498360991478,2.12274432182312
3000,mha_decoupled,moe,456,2,6,0.05759887769818306,0.05730581656098366,2.12274432182312
3000,mha_decoupled,moe,456,2,7,0.03760131821036339,0.051992639899253845,2.12274432182312
3000,mha_decoupled,moe,456,2,8,0.05086914077401161,0.056359194219112396,2.12274432182312
3000,mha_decoupled,moe,456,2,9,0.037230223417282104,0.04868501052260399,2.12274432182312
3000,mha_decoupled,moe,456,2,10,0.07066161930561066,0.06070776283740997,2.12274432182312
3000,mha_decoupled,moe,456,2,11,0.054114989936351776,0.05647504702210426,2.12274432182312
3000,mha_decoupled,moe,456,2,12,0.07658080756664276,0.06895136088132858,2.12274432182312
3000,mha_decoupled,moe,456,2,13,0.0684521496295929,0.058281417936086655,2.12274432182312
3000,mha_decoupled,moe,456,2,14,0.060108643025159836,0.06876105070114136,2.12274432182312
3000,mha_decoupled,moe,456,2,15,0.06693969666957855,0.06338047236204147,2.12274432182312
3000,mha_decoupled,moe,456,3,0,0.09440307319164276,0.0922284871339798,1.4480705261230469
3000,mha_decoupled,moe,456,3,1,0.029538573697209358,0.034641288220882416,1.4480705261230469
3000,mha_decoupled,moe,456,3,2,0.10218505561351776,0.0847318097949028,1.4480705261230469
3000,mha_decoupled,moe,456,3,3,0.06623657047748566,0.07637067139148712,1.4480705261230469
3000,mha_decoupled,moe,456,3,4,0.06165160983800888,0.05881194770336151,1.4480705261230469
3000,mha_decoupled,moe,456,3,5,0.04628051817417145,0.05775085464119911,1.4480705261230469
3000,mha_decoupled,moe,456,3,6,0.06275513023138046,0.061674606055021286,1.4480705261230469
3000,mha_decoupled,moe,456,3,7,0.056304931640625,0.05844520032405853,1.4480705261230469
3000,mha_decoupled,moe,456,3,8,0.06983398646116257,0.06592746078968048,1.4480705261230469
3000,mha_decoupled,moe,456,3,9,0.038142088800668716,0.04149084910750389,1.4480705261230469
3000,mha_decoupled,moe,456,3,10,0.060810547322034836,0.064206063747406,1.4480705261230469
3000,mha_decoupled,moe,456,3,11,0.038538817316293716,0.041891902685165405,1.4480705261230469
3000,mha_decoupled,moe,456,3,12,0.0721447765827179,0.06481914222240448,1.4480705261230469
3000,mha_decoupled,moe,456,3,13,0.065643310546875,0.06230013817548752,1.4480705261230469
3000,mha_decoupled,moe,456,3,14,0.06652221828699112,0.06656195223331451,1.4480705261230469
3000,mha_decoupled,moe,456,3,15,0.06900878995656967,0.06814763695001602,1.4480705261230469
3000,mha_decoupled,moe,456,4,0,0.051362305879592896,0.06029905006289482,1.060258388519287
3000,mha_decoupled,moe,456,4,1,0.05848510563373566,0.05409584566950798,1.060258388519287
3000,mha_decoupled,moe,456,4,2,0.051243897527456284,0.06711186468601227,1.060258388519287
3000,mha_decoupled,moe,456,4,3,0.04701049625873566,0.04790467396378517,1.060258388519287
3000,mha_decoupled,moe,456,4,4,0.08587890863418579,0.07678218185901642,1.060258388519287
3000,mha_decoupled,moe,456,4,5,0.05980468913912773,0.06515013426542282,1.060258388519287
3000,mha_decoupled,moe,456,4,6,0.09043823182582855,0.10593665391206741,1.060258388519287
3000,mha_decoupled,moe,456,4,7,0.0692126452922821,0.0587303452193737,1.060258388519287
3000,mha_decoupled,moe,456,4,8,0.07317748665809631,0.06415646523237228,1.060258388519287
3000,mha_decoupled,moe,456,4,9,0.059636231511831284,0.039530232548713684,1.060258388519287
3000,mha_decoupled,moe,456,4,10,0.07898925989866257,0.0913643091917038,1.060258388519287
3000,mha_decoupled,moe,456,4,11,0.050159912556409836,0.06028879061341286,1.060258388519287
3000,mha_decoupled,moe,456,4,12,0.038764648139476776,0.037809163331985474,1.060258388519287
3000,mha_decoupled,moe,456,4,13,0.07080688327550888,0.06481845676898956,1.060258388519287
3000,mha_decoupled,moe,456,4,14,0.05710082873702049,0.049022264778614044,1.060258388519287
3000,mha_decoupled,moe,456,4,15,0.05792846530675888,0.056999534368515015,1.060258388519287
3000,mha_decoupled,moe,456,5,0,0.11112426966428757,0.12747111916542053,1.4455556869506836
3000,mha_decoupled,moe,456,5,1,0.07479614019393921,0.07815206795930862,1.4455556869506836
3000,mha_decoupled,moe,456,5,2,0.04853515699505806,0.04164230450987816,1.4455556869506836
3000,mha_decoupled,moe,456,5,3,0.04337768629193306,0.04461480304598808,1.4455556869506836
3000,mha_decoupled,moe,456,5,4,0.05826171860098839,0.06017814576625824,1.4455556869506836
3000,mha_decoupled,moe,456,5,5,0.043189696967601776,0.04351804777979851,1.4455556869506836
3000,mha_decoupled,moe,456,5,6,0.04900512844324112,0.06143253296613693,1.4455556869506836
3000,mha_decoupled,moe,456,5,7,0.07152221351861954,0.080756776034832,1.4455556869506836
3000,mha_decoupled,moe,456,5,8,0.03987671062350273,0.03461739793419838,1.4455556869506836
3000,mha_decoupled,moe,456,5,9,0.03623291105031967,0.0373973473906517,1.4455556869506836
3000,mha_decoupled,moe,456,5,10,0.0797131359577179,0.06667973101139069,1.4455556869506836
3000,mha_decoupled,moe,456,5,11,0.11277587711811066,0.06972985714673996,1.4455556869506836
3000,mha_decoupled,moe,456,5,12,0.07300049066543579,0.07644288241863251,1.4455556869506836
3000,mha_decoupled,moe,456,5,13,0.027641601860523224,0.035095103085041046,1.4455556869506836
3000,mha_decoupled,moe,456,5,14,0.07628051936626434,0.08938249945640564,1.4455556869506836
3000,mha_decoupled,moe,456,5,15,0.05466674640774727,0.052889399230480194,1.4455556869506836
3500,mha_decoupled,moe,456,1,0,0.08319336175918579,0.06032627075910568,2.6223907470703125
3500,mha_decoupled,moe,456,1,1,0.08101196587085724,0.06372979283332825,2.6223907470703125
3500,mha_decoupled,moe,456,1,2,0.06313354521989822,0.06429215520620346,2.6223907470703125
3500,mha_decoupled,moe,456,1,3,0.03380493074655533,0.06010514870285988,2.6223907470703125
3500,mha_decoupled,moe,456,1,4,0.07367553561925888,0.06489887088537216,2.6223907470703125
3500,mha_decoupled,moe,456,1,5,0.06232910230755806,0.0636298730969429,2.6223907470703125
3500,mha_decoupled,moe,456,1,6,0.0742504894733429,0.06306883692741394,2.6223907470703125
3500,mha_decoupled,moe,456,1,7,0.04124267399311066,0.05726682022213936,2.6223907470703125
3500,mha_decoupled,moe,456,1,8,0.03851318359375,0.05957736074924469,2.6223907470703125
3500,mha_decoupled,moe,456,1,9,0.05966552719473839,0.0637691542506218,2.6223907470703125
3500,mha_decoupled,moe,456,1,10,0.07132690399885178,0.060083579272031784,2.6223907470703125
3500,mha_decoupled,moe,456,1,11,0.07234252989292145,0.06326358020305634,2.6223907470703125
3500,mha_decoupled,moe,456,1,12,0.0690319836139679,0.06451714783906937,2.6223907470703125
3500,mha_decoupled,moe,456,1,13,0.04405151307582855,0.05962419882416725,2.6223907470703125
3500,mha_decoupled,moe,456,1,14,0.06721923500299454,0.07239694893360138,2.6223907470703125
3500,mha_decoupled,moe,456,1,15,0.06520751863718033,0.05945025384426117,2.6223907470703125
3500,mha_decoupled,moe,456,2,0,0.08127807825803757,0.06744620949029922,2.1145615577697754
3500,mha_decoupled,moe,456,2,1,0.06781738251447678,0.0739993005990982,2.1145615577697754
3500,mha_decoupled,moe,456,2,2,0.066314697265625,0.07662837207317352,2.1145615577697754
3500,mha_decoupled,moe,456,2,3,0.07429931312799454,0.06246493011713028,2.1145615577697754
3500,mha_decoupled,moe,456,2,4,0.049976807087659836,0.06153663620352745,2.1145615577697754
3500,mha_decoupled,moe,456,2,5,0.059162598103284836,0.06494274735450745,2.1145615577697754
3500,mha_decoupled,moe,456,2,6,0.07785766571760178,0.062329068779945374,2.1145615577697754
3500,mha_decoupled,moe,456,2,7,0.052958983927965164,0.058482736349105835,2.1145615577697754
3500,mha_decoupled,moe,456,2,8,0.058826904743909836,0.062450651079416275,2.1145615577697754
3500,mha_decoupled,moe,456,2,9,0.04609985277056694,0.0524703785777092,2.1145615577697754
3500,mha_decoupled,moe,456,2,10,0.0675341784954071,0.057967185974121094,2.1145615577697754
3500,mha_decoupled,moe,456,2,11,0.040593262761831284,0.050451092422008514,2.1145615577697754
3500,mha_decoupled,moe,456,2,12,0.07732909917831421,0.06501023471355438,2.1145615577697754
3500,mha_decoupled,moe,456,2,13,0.06445556879043579,0.05715838819742203,2.1145615577697754
3500,mha_decoupled,moe,456,2,14,0.055125731974840164,0.06553152203559875,2.1145615577697754
3500,mha_decoupled,moe,456,2,15,0.06036987155675888,0.061130523681640625,2.1145615577697754
3500,mha_decoupled,moe,456,3,0,0.08805175870656967,0.08581161499023438,1.425421118736267
3500,mha_decoupled,moe,456,3,1,0.029221192002296448,0.034291818737983704,1.425421118736267
3500,mha_decoupled,moe,456,3,2,0.10219848901033401,0.08643748611211777,1.425421118736267
3500,mha_decoupled,moe,456,3,3,0.06538940221071243,0.07709736377000809,1.425421118736267
3500,mha_decoupled,moe,456,3,4,0.061186522245407104,0.059246670454740524,1.425421118736267
3500,mha_decoupled,moe,456,3,5,0.045872803777456284,0.05813151225447655,1.425421118736267
3500,mha_decoupled,moe,456,3,6,0.06359618902206421,0.06232721731066704,1.425421118736267
3500,mha_decoupled,moe,456,3,7,0.053529053926467896,0.05579955503344536,1.425421118736267
3500,mha_decoupled,moe,456,3,8,0.06651245057582855,0.06276862323284149,1.425421118736267
3500,mha_decoupled,moe,456,3,9,0.044902343302965164,0.047905031591653824,1.425421118736267
3500,mha_decoupled,moe,456,3,10,0.06848632544279099,0.06869739294052124,1.425421118736267
3500,mha_decoupled,moe,456,3,11,0.04566039890050888,0.045097824186086655,1.425421118736267
3500,mha_decoupled,moe,456,3,12,0.06709960848093033,0.062408801168203354,1.425421118736267
3500,mha_decoupled,moe,456,3,13,0.07086914032697678,0.06665395945310593,1.425421118736267
3500,mha_decoupled,moe,456,3,14,0.06523437798023224,0.06485176831483841,1.425421118736267
3500,mha_decoupled,moe,456,3,15,0.062189940363168716,0.06247334182262421,1.425421118736267
3500,mha_decoupled,moe,456,4,0,0.05433715879917145,0.06694801896810532,1.0674880743026733
3500,mha_decoupled,moe,456,4,1,0.06097168102860451,0.054939910769462585,1.0674880743026733
3500,mha_decoupled,moe,456,4,2,0.0526123046875,0.06967473775148392,1.0674880743026733
3500,mha_decoupled,moe,456,4,3,0.05514160171151161,0.053277794271707535,1.0674880743026733
3500,mha_decoupled,moe,456,4,4,0.09145385771989822,0.0863722488284111,1.0674880743026733
3500,mha_decoupled,moe,456,4,5,0.05881347507238388,0.06330138444900513,1.0674880743026733
3500,mha_decoupled,moe,456,4,6,0.08591186255216599,0.1014215350151062,1.0674880743026733
3500,mha_decoupled,moe,456,4,7,0.06791870296001434,0.05397257208824158,1.0674880743026733
3500,mha_decoupled,moe,456,4,8,0.06525390595197678,0.0567224882543087,1.0674880743026733
3500,mha_decoupled,moe,456,4,9,0.05754394456744194,0.04000472649931908,1.0674880743026733
3500,mha_decoupled,moe,456,4,10,0.0784924328327179,0.08718337118625641,1.0674880743026733
3500,mha_decoupled,moe,456,4,11,0.05108398571610451,0.06127458065748215,1.0674880743026733
3500,mha_decoupled,moe,456,4,12,0.0406494140625,0.03927331790328026,1.0674880743026733
3500,mha_decoupled,moe,456,4,13,0.06943115592002869,0.06502783298492432,1.0674880743026733
3500,mha_decoupled,moe,456,4,14,0.05691894516348839,0.04751573130488396,1.0674880743026733
3500,mha_decoupled,moe,456,4,15,0.053465574979782104,0.05308971926569939,1.0674880743026733
3500,mha_decoupled,moe,456,5,0,0.11067382991313934,0.12093093991279602,1.464326024055481
3500,mha_decoupled,moe,456,5,1,0.07287964224815369,0.0775819644331932,1.464326024055481
3500,mha_decoupled,moe,456,5,2,0.052763670682907104,0.04427531361579895,1.464326024055481
3500,mha_decoupled,moe,456,5,3,0.04686523601412773,0.050141289830207825,1.464326024055481
3500,mha_decoupled,moe,456,5,4,0.05604248121380806,0.05820530280470848,1.464326024055481
3500,mha_decoupled,moe,456,5,5,0.04793335124850273,0.04728531464934349,1.464326024055481
3500,mha_decoupled,moe,456,5,6,0.051054686307907104,0.0635179877281189,1.464326024055481
3500,mha_decoupled,moe,456,5,7,0.06701415777206421,0.07639987766742706,1.464326024055481
3500,mha_decoupled,moe,456,5,8,0.03861816227436066,0.032830964773893356,1.464326024055481
3500,mha_decoupled,moe,456,5,9,0.03495117276906967,0.03692427650094032,1.464326024055481
3500,mha_decoupled,moe,456,5,10,0.07748779654502869,0.06356917321681976,1.464326024055481
3500,mha_decoupled,moe,456,5,11,0.11364013701677322,0.07236789911985397,1.464326024055481
3500,mha_decoupled,moe,456,5,12,0.0701281726360321,0.0749753937125206,1.464326024055481
3500,mha_decoupled,moe,456,5,13,0.02655883878469467,0.03435404598712921,1.464326024055481
3500,mha_decoupled,moe,456,5,14,0.07859863340854645,0.09254172444343567,1.464326024055481
3500,mha_decoupled,moe,456,5,15,0.054790038615465164,0.05409853905439377,1.464326024055481
4000,mha_decoupled,moe,456,1,0,0.0941174328327179,0.06385026127099991,2.6134777069091797
4000,mha_decoupled,moe,456,1,1,0.06162109225988388,0.061126697808504105,2.6134777069091797
4000,mha_decoupled,moe,456,1,2,0.044257812201976776,0.05993814021348953,2.6134777069091797
4000,mha_decoupled,moe,456,1,3,0.06330322474241257,0.05856196582317352,2.6134777069091797
4000,mha_decoupled,moe,456,1,4,0.06423462182283401,0.06301657855510712,2.6134777069091797
4000,mha_decoupled,moe,456,1,5,0.039976805448532104,0.05680377781391144,2.6134777069091797
4000,mha_decoupled,moe,456,1,6,0.08414306491613388,0.06732616573572159,2.6134777069091797
4000,mha_decoupled,moe,456,1,7,0.05036010593175888,0.06160740926861763,2.6134777069091797
4000,mha_decoupled,moe,456,1,8,0.05311645567417145,0.062482237815856934,2.6134777069091797
4000,mha_decoupled,moe,456,1,9,0.04766601696610451,0.06111672520637512,2.6134777069091797
4000,mha_decoupled,moe,456,1,10,0.07495727390050888,0.06196640431880951,2.6134777069091797
4000,mha_decoupled,moe,456,1,11,0.06227661296725273,0.06311444938182831,2.6134777069091797
4000,mha_decoupled,moe,456,1,12,0.05611572414636612,0.0638652890920639,2.6134777069091797
4000,mha_decoupled,moe,456,1,13,0.048127442598342896,0.06138502433896065,2.6134777069091797
4000,mha_decoupled,moe,456,1,14,0.08686157315969467,0.07170725613832474,2.6134777069091797
4000,mha_decoupled,moe,456,1,15,0.06886474788188934,0.062131527811288834,2.6134777069091797
4000,mha_decoupled,moe,456,2,0,0.08177978545427322,0.06863458454608917,2.0946264266967773
4000,mha_decoupled,moe,456,2,1,0.06341308355331421,0.07117798924446106,2.0946264266967773
4000,mha_decoupled,moe,456,2,2,0.06818237155675888,0.07581733912229538,2.0946264266967773
4000,mha_decoupled,moe,456,2,3,0.06947143375873566,0.06074688956141472,2.0946264266967773
4000,mha_decoupled,moe,456,2,4,0.06588378548622131,0.06844044476747513,2.0946264266967773
4000,mha_decoupled,moe,456,2,5,0.05649169906973839,0.06158280372619629,2.0946264266967773
4000,mha_decoupled,moe,456,2,6,0.060333251953125,0.0562945120036602,2.0946264266967773
4000,mha_decoupled,moe,456,2,7,0.04347167909145355,0.05220157653093338,2.0946264266967773
4000,mha_decoupled,moe,456,2,8,0.052769776433706284,0.05862388759851456,2.0946264266967773
4000,mha_decoupled,moe,456,2,9,0.04857422038912773,0.05238525941967964,2.0946264266967773
4000,mha_decoupled,moe,456,2,10,0.06741943210363388,0.057622604072093964,2.0946264266967773
4000,mha_decoupled,moe,456,2,11,0.05463256686925888,0.05798265337944031,2.0946264266967773
4000,mha_decoupled,moe,456,2,12,0.07802367955446243,0.06569743901491165,2.0946264266967773
4000,mha_decoupled,moe,456,2,13,0.06411376595497131,0.057746220380067825,2.0946264266967773
4000,mha_decoupled,moe,456,2,14,0.058409422636032104,0.06795401871204376,2.0946264266967773
4000,mha_decoupled,moe,456,2,15,0.06703002750873566,0.06709179282188416,2.0946264266967773
4000,mha_decoupled,moe,456,3,0,0.09874511510133743,0.09286803007125854,1.3874555826187134
4000,mha_decoupled,moe,456,3,1,0.031234130263328552,0.03462836891412735,1.3874555826187134
4000,mha_decoupled,moe,456,3,2,0.0952771008014679,0.07712049037218094,1.3874555826187134
4000,mha_decoupled,moe,456,3,3,0.06436523795127869,0.07374582439661026,1.3874555826187134
4000,mha_decoupled,moe,456,3,4,0.06064819172024727,0.05994725227355957,1.3874555826187134
4000,mha_decoupled,moe,456,3,5,0.04270751774311066,0.055852290242910385,1.3874555826187134
4000,mha_decoupled,moe,456,3,6,0.062464598566293716,0.06253677606582642,1.3874555826187134
4000,mha_decoupled,moe,456,3,7,0.05265136808156967,0.05642569437623024,1.3874555826187134
4000,mha_decoupled,moe,456,3,8,0.07191650569438934,0.0688091441988945,1.3874555826187134
4000,mha_decoupled,moe,456,3,9,0.042774658650159836,0.045099563896656036,1.3874555826187134
4000,mha_decoupled,moe,456,3,10,0.06596923619508743,0.06387306749820709,1.3874555826187134
4000,mha_decoupled,moe,456,3,11,0.04137939587235451,0.0426599346101284,1.3874555826187134
4000,mha_decoupled,moe,456,3,12,0.06409668177366257,0.06276331096887589,1.3874555826187134
4000,mha_decoupled,moe,456,3,13,0.07545532286167145,0.0705578401684761,1.3874555826187134
4000,mha_decoupled,moe,456,3,14,0.06414062529802322,0.0666920393705368,1.3874555826187134
4000,mha_decoupled,moe,456,3,15,0.06617431342601776,0.06642039865255356,1.3874555826187134
4000,mha_decoupled,moe,456,4,0,0.05044311657547951,0.06086127460002899,1.0607225894927979
4000,mha_decoupled,moe,456,4,1,0.06798096001148224,0.06225547194480896,1.0607225894927979
4000,mha_decoupled,moe,456,4,2,0.05067627131938934,0.06826948374509811,1.0607225894927979
4000,mha_decoupled,moe,456,4,3,0.05342651531100273,0.05230015143752098,1.0607225894927979
4000,mha_decoupled,moe,456,4,4,0.08817627280950546,0.08016861230134964,1.0607225894927979
4000,mha_decoupled,moe,456,4,5,0.057286377996206284,0.06042880192399025,1.0607225894927979
4000,mha_decoupled,moe,456,4,6,0.0875842273235321,0.09931709617376328,1.0607225894927979
4000,mha_decoupled,moe,456,4,7,0.07131591439247131,0.060781799256801605,1.0607225894927979
4000,mha_decoupled,moe,456,4,8,0.06626953184604645,0.058997686952352524,1.0607225894927979
4000,mha_decoupled,moe,456,4,9,0.06360473483800888,0.046525802463293076,1.0607225894927979
4000,mha_decoupled,moe,456,4,10,0.08076660335063934,0.09183039516210556,1.0607225894927979
4000,mha_decoupled,moe,456,4,11,0.04956909269094467,0.06040938198566437,1.0607225894927979
4000,mha_decoupled,moe,456,4,12,0.03786376863718033,0.03817726671695709,1.0607225894927979
4000,mha_decoupled,moe,456,4,13,0.06578002870082855,0.06021852046251297,1.0607225894927979
4000,mha_decoupled,moe,456,4,14,0.05712890625,0.046768151223659515,1.0607225894927979
4000,mha_decoupled,moe,456,4,15,0.05212768539786339,0.052690159529447556,1.0607225894927979
4000,mha_decoupled,moe,456,5,0,0.10654541105031967,0.11813504993915558,1.4317928552627563
4000,mha_decoupled,moe,456,5,1,0.07109008729457855,0.07685761153697968,1.4317928552627563
4000,mha_decoupled,moe,456,5,2,0.050135497003793716,0.042523931711912155,1.4317928552627563
4000,mha_decoupled,moe,456,5,3,0.043449707329273224,0.04592432454228401,1.4317928552627563
4000,mha_decoupled,moe,456,5,4,0.052122801542282104,0.056426819413900375,1.4317928552627563
4000,mha_decoupled,moe,456,5,5,0.043663330376148224,0.04549190029501915,1.4317928552627563
4000,mha_decoupled,moe,456,5,6,0.05130859464406967,0.06478632241487503,1.4317928552627563
4000,mha_decoupled,moe,456,5,7,0.07070312649011612,0.07898534089326859,1.4317928552627563
4000,mha_decoupled,moe,456,5,8,0.04118286073207855,0.03430552780628204,1.4317928552627563
4000,mha_decoupled,moe,456,5,9,0.039488524198532104,0.03914972394704819,1.4317928552627563
4000,mha_decoupled,moe,456,5,10,0.07936157286167145,0.06527380645275116,1.4317928552627563
4000,mha_decoupled,moe,456,5,11,0.11017822474241257,0.06779831647872925,1.4317928552627563
4000,mha_decoupled,moe,456,5,12,0.06935180723667145,0.0734931007027626,1.4317928552627563
4000,mha_decoupled,moe,456,5,13,0.028022460639476776,0.03581687808036804,1.4317928552627563
4000,mha_decoupled,moe,456,5,14,0.08244384825229645,0.0968538299202919,1.4317928552627563
4000,mha_decoupled,moe,456,5,15,0.06095214933156967,0.05817747116088867,1.4317928552627563
4500,mha_decoupled,moe,456,1,0,0.07603515684604645,0.05881553515791893,2.615908145904541
4500,mha_decoupled,moe,456,1,1,0.06141479313373566,0.062206096947193146,2.615908145904541
4500,mha_decoupled,moe,456,1,2,0.04255371168255806,0.06015888601541519,2.615908145904541
4500,mha_decoupled,moe,456,1,3,0.04851440340280533,0.05628445744514465,2.615908145904541
4500,mha_decoupled,moe,456,1,4,0.034089356660842896,0.061849404126405716,2.615908145904541
4500,mha_decoupled,moe,456,1,5,0.05474487319588661,0.06043262779712677,2.615908145904541
4500,mha_decoupled,moe,456,1,6,0.08150878548622131,0.06678508967161179,2.615908145904541
4500,mha_decoupled,moe,456,1,7,0.08643066138029099,0.06444042921066284,2.615908145904541
4500,mha_decoupled,moe,456,1,8,0.053870849311351776,0.0626271590590477,2.615908145904541
4500,mha_decoupled,moe,456,1,9,0.03698486462235451,0.059936776757240295,2.615908145904541
4500,mha_decoupled,moe,456,1,10,0.06902588158845901,0.06085216626524925,2.615908145904541
4500,mha_decoupled,moe,456,1,11,0.07819946110248566,0.06528966873884201,2.615908145904541
4500,mha_decoupled,moe,456,1,12,0.05122314393520355,0.0619775764644146,2.615908145904541
4500,mha_decoupled,moe,456,1,13,0.06909546256065369,0.06366832554340363,2.615908145904541
4500,mha_decoupled,moe,456,1,14,0.08344726264476776,0.0717737078666687,2.615908145904541
4500,mha_decoupled,moe,456,1,15,0.07286132872104645,0.062902070581913,2.615908145904541
4500,mha_decoupled,moe,456,2,0,0.08085449039936066,0.06882917881011963,2.06681752204895
4500,mha_decoupled,moe,456,2,1,0.057850342243909836,0.06761728972196579,2.06681752204895
4500,mha_decoupled,moe,456,2,2,0.07250244170427322,0.07966357469558716,2.06681752204895
4500,mha_decoupled,moe,456,2,3,0.07484985142946243,0.0623089075088501,2.06681752204895
4500,mha_decoupled,moe,456,2,4,0.06739135831594467,0.06681359559297562,2.06681752204895
4500,mha_decoupled,moe,456,2,5,0.05338989198207855,0.06008968874812126,2.06681752204895
4500,mha_decoupled,moe,456,2,6,0.06377807259559631,0.05804465711116791,2.06681752204895
4500,mha_decoupled,moe,456,2,7,0.046947021037340164,0.05303117632865906,2.06681752204895
4500,mha_decoupled,moe,456,2,8,0.052440185099840164,0.060534149408340454,2.06681752204895
4500,mha_decoupled,moe,456,2,9,0.048609618097543716,0.05138613283634186,2.06681752204895
4500,mha_decoupled,moe,456,2,10,0.06149658188223839,0.052962493151426315,2.06681752204895
4500,mha_decoupled,moe,456,2,11,0.05023559555411339,0.055020660161972046,2.06681752204895
4500,mha_decoupled,moe,456,2,12,0.0791918933391571,0.06863780319690704,2.06681752204895
4500,mha_decoupled,moe,456,2,13,0.06282104551792145,0.057345446199178696,2.06681752204895
4500,mha_decoupled,moe,456,2,14,0.05781860277056694,0.06640762090682983,2.06681752204895
4500,mha_decoupled,moe,456,2,15,0.0698229968547821,0.07130762934684753,2.06681752204895
4500,mha_decoupled,moe,456,3,0,0.08917846530675888,0.08287561684846878,1.4165987968444824
4500,mha_decoupled,moe,456,3,1,0.029912108555436134,0.03462221100926399,1.4165987968444824
4500,mha_decoupled,moe,456,3,2,0.09632080048322678,0.07988329976797104,1.4165987968444824
4500,mha_decoupled,moe,456,3,3,0.06165771558880806,0.0729127749800682,1.4165987968444824
4500,mha_decoupled,moe,456,3,4,0.06065918132662773,0.05944638326764107,1.4165987968444824
4500,mha_decoupled,moe,456,3,5,0.048179931938648224,0.05974951386451721,1.4165987968444824
4500,mha_decoupled,moe,456,3,6,0.05851684510707855,0.05827980116009712,1.4165987968444824
4500,mha_decoupled,moe,456,3,7,0.05861450359225273,0.0605626218020916,1.4165987968444824
4500,mha_decoupled,moe,456,3,8,0.07014770805835724,0.06605707108974457,1.4165987968444824
4500,mha_decoupled,moe,456,3,9,0.04005127027630806,0.043472886085510254,1.4165987968444824
4500,mha_decoupled,moe,456,3,10,0.07278930395841599,0.06915540993213654,1.4165987968444824
4500,mha_decoupled,moe,456,3,11,0.04753173887729645,0.0474267452955246,1.4165987968444824
4500,mha_decoupled,moe,456,3,12,0.06963744759559631,0.06738290935754776,1.4165987968444824
4500,mha_decoupled,moe,456,3,13,0.07232178002595901,0.0671425610780716,1.4165987968444824
4500,mha_decoupled,moe,456,3,14,0.06266357749700546,0.06660090386867523,1.4165987968444824
4500,mha_decoupled,moe,456,3,15,0.061817627400159836,0.06442932039499283,1.4165987968444824
4500,mha_decoupled,moe,456,4,0,0.05317504703998566,0.06450282037258148,1.0629521608352661
4500,mha_decoupled,moe,456,4,1,0.06544433534145355,0.05983006954193115,1.0629521608352661
4500,mha_decoupled,moe,456,4,2,0.052940674126148224,0.06977257132530212,1.0629521608352661
4500,mha_decoupled,moe,456,4,3,0.053978271782398224,0.05260850861668587,1.0629521608352661
4500,mha_decoupled,moe,456,4,4,0.087554931640625,0.0799676924943924,1.0629521608352661
4500,mha_decoupled,moe,456,4,5,0.057841796427965164,0.06272165477275848,1.0629521608352661
4500,mha_decoupled,moe,456,4,6,0.0857250988483429,0.09616050869226456,1.0629521608352661
4500,mha_decoupled,moe,456,4,7,0.07345214486122131,0.06230127438902855,1.0629521608352661
4500,mha_decoupled,moe,456,4,8,0.06727905571460724,0.060288142412900925,1.0629521608352661
4500,mha_decoupled,moe,456,4,9,0.057586669921875,0.04001137614250183,1.0629521608352661
4500,mha_decoupled,moe,456,4,10,0.07932983338832855,0.09248628467321396,1.0629521608352661
4500,mha_decoupled,moe,456,4,11,0.05043213069438934,0.0609743706882,1.0629521608352661
4500,mha_decoupled,moe,456,4,12,0.03773315250873566,0.03804502636194229,1.0629521608352661
4500,mha_decoupled,moe,456,4,13,0.06930908560752869,0.06382448226213455,1.0629521608352661
4500,mha_decoupled,moe,456,4,14,0.05686401203274727,0.044846776872873306,1.0629521608352661
4500,mha_decoupled,moe,456,4,15,0.051353760063648224,0.051658447831869125,1.0629521608352661
4500,mha_decoupled,moe,456,5,0,0.11473022401332855,0.1237780973315239,1.4511804580688477
4500,mha_decoupled,moe,456,5,1,0.06703247129917145,0.0685371682047844,1.4511804580688477
4500,mha_decoupled,moe,456,5,2,0.053619384765625,0.046675004065036774,1.4511804580688477
4500,mha_decoupled,moe,456,5,3,0.04269653186202049,0.04576197266578674,1.4511804580688477
4500,mha_decoupled,moe,456,5,4,0.05295776203274727,0.0569322295486927,1.4511804580688477
4500,mha_decoupled,moe,456,5,5,0.04352416843175888,0.04543469846248627,1.4511804580688477
4500,mha_decoupled,moe,456,5,6,0.05026855319738388,0.0613718256354332,1.4511804580688477
4500,mha_decoupled,moe,456,5,7,0.07023803889751434,0.07959674298763275,1.4511804580688477
4500,mha_decoupled,moe,456,5,8,0.04154418781399727,0.03547055274248123,1.4511804580688477
4500,mha_decoupled,moe,456,5,9,0.0391845703125,0.03881027549505234,1.4511804580688477
4500,mha_decoupled,moe,456,5,10,0.08174682408571243,0.06806156784296036,1.4511804580688477
4500,mha_decoupled,moe,456,5,11,0.10604248195886612,0.06706911325454712,1.4511804580688477
4500,mha_decoupled,moe,456,5,12,0.07164794951677322,0.07663803547620773,1.4511804580688477
4500,mha_decoupled,moe,456,5,13,0.028437500819563866,0.036003176122903824,1.4511804580688477
4500,mha_decoupled,moe,456,5,14,0.081268310546875,0.09587940573692322,1.4511804580688477
4500,mha_decoupled,moe,456,5,15,0.055061034858226776,0.053980130702257156,1.4511804580688477
5000,mha_decoupled,moe,456,1,0,0.08877319097518921,0.061607904732227325,2.6111152172088623
5000,mha_decoupled,moe,456,1,1,0.056785888969898224,0.06023472175002098,2.6111152172088623
5000,mha_decoupled,moe,456,1,2,0.04700683429837227,0.061590634286403656,2.6111152172088623
5000,mha_decoupled,moe,456,1,3,0.08163696527481079,0.05987788736820221,2.6111152172088623
5000,mha_decoupled,moe,456,1,4,0.059483643621206284,0.06387048214673996,2.6111152172088623
5000,mha_decoupled,moe,456,1,5,0.06553100794553757,0.06229637935757637,2.6111152172088623
5000,mha_decoupled,moe,456,1,6,0.06920654326677322,0.06120719388127327,2.6111152172088623
5000,mha_decoupled,moe,456,1,7,0.055571287870407104,0.062121521681547165,2.6111152172088623
5000,mha_decoupled,moe,456,1,8,0.07311401516199112,0.06724913418292999,2.6111152172088623
5000,mha_decoupled,moe,456,1,9,0.053687743842601776,0.0632365420460701,2.6111152172088623
5000,mha_decoupled,moe,456,1,10,0.07192138582468033,0.06210223212838173,2.6111152172088623
5000,mha_decoupled,moe,456,1,11,0.053687743842601776,0.06035183370113373,2.6111152172088623
5000,mha_decoupled,moe,456,1,12,0.05439208820462227,0.06238284707069397,2.6111152172088623
5000,mha_decoupled,moe,456,1,13,0.04246582090854645,0.06102735921740532,2.6111152172088623
5000,mha_decoupled,moe,456,1,14,0.06719604134559631,0.07019318640232086,2.6111152172088623
5000,mha_decoupled,moe,456,1,15,0.059539794921875,0.06065015494823456,2.6111152172088623
5000,mha_decoupled,moe,456,2,0,0.08642944693565369,0.07058195769786835,2.053072452545166
5000,mha_decoupled,moe,456,2,1,0.059486083686351776,0.06865732371807098,2.053072452545166
5000,mha_decoupled,moe,456,2,2,0.06847167760133743,0.07754117250442505,2.053072452545166
5000,mha_decoupled,moe,456,2,3,0.0756213366985321,0.06427556276321411,2.053072452545166
5000,mha_decoupled,moe,456,2,4,0.04977660998702049,0.06258907914161682,2.053072452545166
5000,mha_decoupled,moe,456,2,5,0.049738768488168716,0.057222019881010056,2.053072452545166
5000,mha_decoupled,moe,456,2,6,0.06928222626447678,0.05929121375083923,2.053072452545166
5000,mha_decoupled,moe,456,2,7,0.042347412556409836,0.05233397334814072,2.053072452545166
5000,mha_decoupled,moe,456,2,8,0.06587035953998566,0.06570199877023697,2.053072452545166
5000,mha_decoupled,moe,456,2,9,0.062462158501148224,0.05713147670030594,2.053072452545166
5000,mha_decoupled,moe,456,2,10,0.06725097447633743,0.05725729465484619,2.053072452545166
5000,mha_decoupled,moe,456,2,11,0.052495118230581284,0.05619580298662186,2.053072452545166
5000,mha_decoupled,moe,456,2,12,0.06427978724241257,0.05982988327741623,2.053072452545166
5000,mha_decoupled,moe,456,2,13,0.07162842154502869,0.06261056661605835,2.053072452545166
5000,mha_decoupled,moe,456,2,14,0.05634521320462227,0.06660877913236618,2.053072452545166
5000,mha_decoupled,moe,456,2,15,0.05851440504193306,0.06217191368341446,2.053072452545166
5000,mha_decoupled,moe,456,3,0,0.10035644471645355,0.09335201978683472,1.393373966217041
5000,mha_decoupled,moe,456,3,1,0.029725341126322746,0.033752478659152985,1.393373966217041
5000,mha_decoupled,moe,456,3,2,0.10129883140325546,0.0830625370144844,1.393373966217041
5000,mha_decoupled,moe,456,3,3,0.06257568299770355,0.0722670629620552,1.393373966217041
5000,mha_decoupled,moe,456,3,4,0.06095336750149727,0.05984862148761749,1.393373966217041
5000,mha_decoupled,moe,456,3,5,0.043696288019418716,0.05594418942928314,1.393373966217041
5000,mha_decoupled,moe,456,3,6,0.06163574382662773,0.061242327094078064,1.393373966217041
5000,mha_decoupled,moe,456,3,7,0.05394653230905533,0.0574081614613533,1.393373966217041
5000,mha_decoupled,moe,456,3,8,0.06512695550918579,0.06171758472919464,1.393373966217041
5000,mha_decoupled,moe,456,3,9,0.042945556342601776,0.046266645193099976,1.393373966217041
5000,mha_decoupled,moe,456,3,10,0.06904052942991257,0.06692605465650558,1.393373966217041
5000,mha_decoupled,moe,456,3,11,0.042133789509534836,0.04470692574977875,1.393373966217041
5000,mha_decoupled,moe,456,3,12,0.06132812425494194,0.062226396054029465,1.393373966217041
5000,mha_decoupled,moe,456,3,13,0.07852905243635178,0.06883379071950912,1.393373966217041
5000,mha_decoupled,moe,456,3,14,0.06654541194438934,0.06978181004524231,1.393373966217041
5000,mha_decoupled,moe,456,3,15,0.06016235426068306,0.06266341358423233,1.393373966217041
5000,mha_decoupled,moe,456,4,0,0.05012328922748566,0.0612257681787014,1.0652551651000977
5000,mha_decoupled,moe,456,4,1,0.06260375678539276,0.05891739949584007,1.0652551651000977
5000,mha_decoupled,moe,456,4,2,0.0460205078125,0.06266690045595169,1.0652551651000977
5000,mha_decoupled,moe,456,4,3,0.046812742948532104,0.048811979591846466,1.0652551651000977
5000,mha_decoupled,moe,456,4,4,0.08672851324081421,0.07845863699913025,1.0652551651000977
5000,mha_decoupled,moe,456,4,5,0.061610106378793716,0.06666529178619385,1.0652551651000977
5000,mha_decoupled,moe,456,4,6,0.08764892816543579,0.09779439121484756,1.0652551651000977
5000,mha_decoupled,moe,456,4,7,0.07106201350688934,0.060169387608766556,1.0652551651000977
5000,mha_decoupled,moe,456,4,8,0.06704101711511612,0.0604388602077961,1.0652551651000977
5000,mha_decoupled,moe,456,4,9,0.06044922024011612,0.04432906210422516,1.0652551651000977
5000,mha_decoupled,moe,456,4,10,0.08127930015325546,0.09023558348417282,1.0652551651000977
5000,mha_decoupled,moe,456,4,11,0.053431395441293716,0.06345386058092117,1.0652551651000977
5000,mha_decoupled,moe,456,4,12,0.038554687052965164,0.03880583494901657,1.0652551651000977
5000,mha_decoupled,moe,456,4,13,0.07198242098093033,0.06484504044055939,1.0652551651000977
5000,mha_decoupled,moe,456,4,14,0.05915771424770355,0.04737965762615204,1.0652551651000977
5000,mha_decoupled,moe,456,4,15,0.05549438297748566,0.05580231174826622,1.0652551651000977
5000,mha_decoupled,moe,456,5,0,0.11298584192991257,0.12071602791547775,1.469370722770691
5000,mha_decoupled,moe,456,5,1,0.06992187350988388,0.07370639592409134,1.469370722770691
5000,mha_decoupled,moe,456,5,2,0.05639404430985451,0.04935842379927635,1.469370722770691
5000,mha_decoupled,moe,456,5,3,0.03981567546725273,0.04275807738304138,1.469370722770691
5000,mha_decoupled,moe,456,5,4,0.06171020492911339,0.06429897993803024,1.469370722770691
5000,mha_decoupled,moe,456,5,5,0.041718751192092896,0.045102789998054504,1.469370722770691
5000,mha_decoupled,moe,456,5,6,0.050236817449331284,0.05918225273489952,1.469370722770691
5000,mha_decoupled,moe,456,5,7,0.06687378138303757,0.07405143976211548,1.469370722770691
5000,mha_decoupled,moe,456,5,8,0.04078979417681694,0.03635318949818611,1.469370722770691
5000,mha_decoupled,moe,456,5,9,0.034119874238967896,0.038234908133745193,1.469370722770691
5000,mha_decoupled,moe,456,5,10,0.08033813536167145,0.06650562584400177,1.469370722770691
5000,mha_decoupled,moe,456,5,11,0.11222412437200546,0.070035919547081,1.469370722770691
5000,mha_decoupled,moe,456,5,12,0.06949096918106079,0.0739397183060646,1.469370722770691
5000,mha_decoupled,moe,456,5,13,0.027102051302790642,0.03558938577771187,1.469370722770691
5000,mha_decoupled,moe,456,5,14,0.07768920809030533,0.09358444064855576,1.469370722770691
5000,mha_decoupled,moe,456,5,15,0.058588866144418716,0.05658241733908653,1.469370722770691
5500,mha_decoupled,moe,456,1,0,0.09271484613418579,0.06379515677690506,2.604508876800537
5500,mha_decoupled,moe,456,1,1,0.0635363757610321,0.06175774708390236,2.604508876800537
5500,mha_decoupled,moe,456,1,2,0.07735229283571243,0.06264884769916534,2.604508876800537
5500,mha_decoupled,moe,456,1,3,0.07065185904502869,0.056713126599788666,2.604508876800537
5500,mha_decoupled,moe,456,1,4,0.03322021663188934,0.06151396781206131,2.604508876800537
5500,mha_decoupled,moe,456,1,5,0.05092407390475273,0.05896536260843277,2.604508876800537
5500,mha_decoupled,moe,456,1,6,0.08214844018220901,0.06683655083179474,2.604508876800537
5500,mha_decoupled,moe,456,1,7,0.058629151433706284,0.0639929324388504,2.604508876800537
5500,mha_decoupled,moe,456,1,8,0.0741589367389679,0.06657351553440094,2.604508876800537
5500,mha_decoupled,moe,456,1,9,0.038886718451976776,0.060387153178453445,2.604508876800537
5500,mha_decoupled,moe,456,1,10,0.06261230260133743,0.05993705615401268,2.604508876800537
5500,mha_decoupled,moe,456,1,11,0.06267943978309631,0.06317253410816193,2.604508876800537
5500,mha_decoupled,moe,456,1,12,0.04792236164212227,0.06234298273921013,2.604508876800537
5500,mha_decoupled,moe,456,1,13,0.04472045972943306,0.061627473682165146,2.604508876800537
5500,mha_decoupled,moe,456,1,14,0.08912231773138046,0.07242200523614883,2.604508876800537
5500,mha_decoupled,moe,456,1,15,0.05072021484375,0.05731359124183655,2.604508876800537
5500,mha_decoupled,moe,456,2,0,0.07849487662315369,0.0680275559425354,2.0230698585510254
5500,mha_decoupled,moe,456,2,1,0.06010986492037773,0.06798646599054337,2.0230698585510254
5500,mha_decoupled,moe,456,2,2,0.06403198093175888,0.07469210773706436,2.0230698585510254
5500,mha_decoupled,moe,456,2,3,0.07397094368934631,0.06233903020620346,2.0230698585510254
5500,mha_decoupled,moe,456,2,4,0.061402589082717896,0.06557200103998184,2.0230698585510254
5500,mha_decoupled,moe,456,2,5,0.05397216975688934,0.05964941531419754,2.0230698585510254
5500,mha_decoupled,moe,456,2,6,0.06744872778654099,0.058523669838905334,2.0230698585510254
5500,mha_decoupled,moe,456,2,7,0.04871215671300888,0.05388292297720909,2.0230698585510254
5500,mha_decoupled,moe,456,2,8,0.054057616740465164,0.06165187805891037,2.0230698585510254
5500,mha_decoupled,moe,456,2,9,0.05838622897863388,0.056085728108882904,2.0230698585510254
5500,mha_decoupled,moe,456,2,10,0.07049804925918579,0.059662580490112305,2.0230698585510254
5500,mha_decoupled,moe,456,2,11,0.05322875827550888,0.05793701484799385,2.0230698585510254
5500,mha_decoupled,moe,456,2,12,0.07506591826677322,0.06354344636201859,2.0230698585510254
5500,mha_decoupled,moe,456,2,13,0.06072998046875,0.05675710737705231,2.0230698585510254
5500,mha_decoupled,moe,456,2,14,0.06463623046875,0.07015801221132278,2.0230698585510254
5500,mha_decoupled,moe,456,2,15,0.05525390803813934,0.0635310709476471,2.0230698585510254
5500,mha_decoupled,moe,456,3,0,0.09748291224241257,0.0921797975897789,1.3777456283569336
5500,mha_decoupled,moe,456,3,1,0.028972167521715164,0.033282551914453506,1.3777456283569336
5500,mha_decoupled,moe,456,3,2,0.10055786371231079,0.08311435580253601,1.3777456283569336
5500,mha_decoupled,moe,456,3,3,0.06815429776906967,0.0777864158153534,1.3777456283569336
5500,mha_decoupled,moe,456,3,4,0.060582276433706284,0.0590209998190403,1.3777456283569336
5500,mha_decoupled,moe,456,3,5,0.04664428532123566,0.05977015197277069,1.3777456283569336
5500,mha_decoupled,moe,456,3,6,0.06401123106479645,0.06242561340332031,1.3777456283569336
5500,mha_decoupled,moe,456,3,7,0.058344725519418716,0.06053456291556358,1.3777456283569336
5500,mha_decoupled,moe,456,3,8,0.06476196646690369,0.06079958379268646,1.3777456283569336
5500,mha_decoupled,moe,456,3,9,0.040557861328125,0.043475013226270676,1.3777456283569336
5500,mha_decoupled,moe,456,3,10,0.07031616568565369,0.06597577035427094,1.3777456283569336
5500,mha_decoupled,moe,456,3,11,0.03941161930561066,0.04218348488211632,1.3777456283569336
5500,mha_decoupled,moe,456,3,12,0.0625927746295929,0.062178872525691986,1.3777456283569336
5500,mha_decoupled,moe,456,3,13,0.07379150390625,0.06714291870594025,1.3777456283569336
5500,mha_decoupled,moe,456,3,14,0.061614990234375,0.06544524431228638,1.3777456283569336
5500,mha_decoupled,moe,456,3,15,0.06220337003469467,0.06468461453914642,1.3777456283569336
5500,mha_decoupled,moe,456,4,0,0.053608398884534836,0.06629833579063416,1.0744998455047607
5500,mha_decoupled,moe,456,4,1,0.06656128168106079,0.05991249904036522,1.0744998455047607
5500,mha_decoupled,moe,456,4,2,0.046049803495407104,0.06380520761013031,1.0744998455047607
5500,mha_decoupled,moe,456,4,3,0.048912353813648224,0.0493430569767952,1.0744998455047607
5500,mha_decoupled,moe,456,4,4,0.08906982094049454,0.0820680558681488,1.0744998455047607
5500,mha_decoupled,moe,456,4,5,0.058833006769418716,0.06186205521225929,1.0744998455047607
5500,mha_decoupled,moe,456,4,6,0.08873534947633743,0.09876026213169098,1.0744998455047607
5500,mha_decoupled,moe,456,4,7,0.07151611149311066,0.060114506632089615,1.0744998455047607
5500,mha_decoupled,moe,456,4,8,0.06245605647563934,0.05722824111580849,1.0744998455047607
5500,mha_decoupled,moe,456,4,9,0.061439208686351776,0.046628545969724655,1.0744998455047607
5500,mha_decoupled,moe,456,4,10,0.08073486387729645,0.0872766524553299,1.0744998455047607
5500,mha_decoupled,moe,456,4,11,0.05129150301218033,0.06393896788358688,1.0744998455047607
5500,mha_decoupled,moe,456,4,12,0.04075927659869194,0.041345514357089996,1.0744998455047607
5500,mha_decoupled,moe,456,4,13,0.06552856415510178,0.0624111033976078,1.0744998455047607
5500,mha_decoupled,moe,456,4,14,0.06140502914786339,0.04681196063756943,1.0744998455047607
5500,mha_decoupled,moe,456,4,15,0.053099364042282104,0.05219500511884689,1.0744998455047607
5500,mha_decoupled,moe,456,5,0,0.11414184421300888,0.12027657777070999,1.4744024276733398
5500,mha_decoupled,moe,456,5,1,0.07112792879343033,0.07688374072313309,1.4744024276733398
5500,mha_decoupled,moe,456,5,2,0.04996582120656967,0.04414837062358856,1.4744024276733398
5500,mha_decoupled,moe,456,5,3,0.043128661811351776,0.04619055613875389,1.4744024276733398
5500,mha_decoupled,moe,456,5,4,0.05338867008686066,0.05629478767514229,1.4744024276733398
5500,mha_decoupled,moe,456,5,5,0.04039550945162773,0.043921276926994324,1.4744024276733398
5500,mha_decoupled,moe,456,5,6,0.05018920823931694,0.06123068928718567,1.4744024276733398
5500,mha_decoupled,moe,456,5,7,0.06834472715854645,0.07741426676511765,1.4744024276733398
5500,mha_decoupled,moe,456,5,8,0.041297607123851776,0.036622870713472366,1.4744024276733398
5500,mha_decoupled,moe,456,5,9,0.042979735881090164,0.04127192124724388,1.4744024276733398
5500,mha_decoupled,moe,456,5,10,0.08458740264177322,0.07021960616111755,1.4744024276733398
5500,mha_decoupled,moe,456,5,11,0.11094971001148224,0.06877140700817108,1.4744024276733398
5500,mha_decoupled,moe,456,5,12,0.06700317561626434,0.07229046523571014,1.4744024276733398
5500,mha_decoupled,moe,456,5,13,0.030777588486671448,0.0382990725338459,1.4744024276733398
5500,mha_decoupled,moe,456,5,14,0.07656615972518921,0.09080258011817932,1.4744024276733398
5500,mha_decoupled,moe,456,5,15,0.055156249552965164,0.055361803621053696,1.4744024276733398
6000,mha_decoupled,moe,456,1,0,0.0877685546875,0.06242891401052475,2.591059684753418
6000,mha_decoupled,moe,456,1,1,0.041759032756090164,0.05893354490399361,2.591059684753418
6000,mha_decoupled,moe,456,1,2,0.037700194865465164,0.05713057890534401,2.591059684753418
6000,mha_decoupled,moe,456,1,3,0.07130371034145355,0.05356257036328316,2.591059684753418
6000,mha_decoupled,moe,456,1,4,0.041724853217601776,0.059260107576847076,2.591059684753418
6000,mha_decoupled,moe,456,1,5,0.04395141452550888,0.05824444815516472,2.591059684753418
6000,mha_decoupled,moe,456,1,6,0.08504516631364822,0.06937305629253387,2.591059684753418
6000,mha_decoupled,moe,456,1,7,0.06172485277056694,0.06538087874650955,2.591059684753418
6000,mha_decoupled,moe,456,1,8,0.06476074457168579,0.0653727650642395,2.591059684753418
6000,mha_decoupled,moe,456,1,9,0.07037841528654099,0.0620427243411541,2.591059684753418
6000,mha_decoupled,moe,456,1,10,0.06810668855905533,0.06194330379366875,2.591059684753418
6000,mha_decoupled,moe,456,1,11,0.055211182683706284,0.06284511834383011,2.591059684753418
6000,mha_decoupled,moe,456,1,12,0.06167236343026161,0.06327379494905472,2.591059684753418
6000,mha_decoupled,moe,456,1,13,0.054100342094898224,0.06348946690559387,2.591059684753418
6000,mha_decoupled,moe,456,1,14,0.08667968958616257,0.07176795601844788,2.591059684753418
6000,mha_decoupled,moe,456,1,15,0.06811279058456421,0.06495077908039093,2.591059684753418
6000,mha_decoupled,moe,456,2,0,0.07574950903654099,0.06672446429729462,2.0142741203308105
6000,mha_decoupled,moe,456,2,1,0.05973510816693306,0.06890737265348434,2.0142741203308105
6000,mha_decoupled,moe,456,2,2,0.06706543266773224,0.07564134895801544,2.0142741203308105
6000,mha_decoupled,moe,456,2,3,0.07215332239866257,0.0628623217344284,2.0142741203308105
6000,mha_decoupled,moe,456,2,4,0.06245727464556694,0.06646601855754852,2.0142741203308105
6000,mha_decoupled,moe,456,2,5,0.04530029371380806,0.05424804612994194,2.0142741203308105
6000,mha_decoupled,moe,456,2,6,0.07047607749700546,0.059539929032325745,2.0142741203308105
6000,mha_decoupled,moe,456,2,7,0.04491943493485451,0.05229233577847481,2.0142741203308105
6000,mha_decoupled,moe,456,2,8,0.05048583820462227,0.05973044037818909,2.0142741203308105
6000,mha_decoupled,moe,456,2,9,0.06531494110822678,0.05733620747923851,2.0142741203308105
6000,mha_decoupled,moe,456,2,10,0.07380737364292145,0.06254484504461288,2.0142741203308105
6000,mha_decoupled,moe,456,2,11,0.052490234375,0.05700249224901199,2.0142741203308105
6000,mha_decoupled,moe,456,2,12,0.07736938446760178,0.06482592225074768,2.0142741203308105
6000,mha_decoupled,moe,456,2,13,0.06797485053539276,0.06133989989757538,2.0142741203308105
6000,mha_decoupled,moe,456,2,14,0.059813231229782104,0.06855928152799606,2.0142741203308105
6000,mha_decoupled,moe,456,2,15,0.05488769710063934,0.06197909265756607,2.0142741203308105
6000,mha_decoupled,moe,456,3,0,0.09756225347518921,0.0914873480796814,1.3816437721252441
6000,mha_decoupled,moe,456,3,1,0.028334960341453552,0.03183571249246597,1.3816437721252441
6000,mha_decoupled,moe,456,3,2,0.10456054657697678,0.08493103832006454,1.3816437721252441
6000,mha_decoupled,moe,456,3,3,0.06231933459639549,0.07232984900474548,1.3816437721252441
6000,mha_decoupled,moe,456,3,4,0.062462158501148224,0.060646504163742065,1.3816437721252441
6000,mha_decoupled,moe,456,3,5,0.04212646558880806,0.05549206584692001,1.3816437721252441
6000,mha_decoupled,moe,456,3,6,0.06408081203699112,0.06308640539646149,1.3816437721252441
6000,mha_decoupled,moe,456,3,7,0.05583129823207855,0.05948299542069435,1.3816437721252441
6000,mha_decoupled,moe,456,3,8,0.06226928532123566,0.05951232463121414,1.3816437721252441
6000,mha_decoupled,moe,456,3,9,0.04275756701827049,0.04559767246246338,1.3816437721252441
6000,mha_decoupled,moe,456,3,10,0.06937012076377869,0.06561996042728424,1.3816437721252441
6000,mha_decoupled,moe,456,3,11,0.04578002914786339,0.046880804002285004,1.3816437721252441
6000,mha_decoupled,moe,456,3,12,0.06191040202975273,0.06296220421791077,1.3816437721252441
6000,mha_decoupled,moe,456,3,13,0.07155884057283401,0.06583978235721588,1.3816437721252441
6000,mha_decoupled,moe,456,3,14,0.06416626274585724,0.06891045719385147,1.3816437721252441
6000,mha_decoupled,moe,456,3,15,0.0649096667766571,0.0653848797082901,1.3816437721252441
6000,mha_decoupled,moe,456,4,0,0.05119262635707855,0.06290910392999649,1.0816500186920166
6000,mha_decoupled,moe,456,4,1,0.06538207828998566,0.059504833072423935,1.0816500186920166
6000,mha_decoupled,moe,456,4,2,0.04438842833042145,0.06150712072849274,1.0816500186920166
6000,mha_decoupled,moe,456,4,3,0.04476074129343033,0.04702518880367279,1.0816500186920166
6000,mha_decoupled,moe,456,4,4,0.09208495914936066,0.08617254346609116,1.0816500186920166
6000,mha_decoupled,moe,456,4,5,0.06112426891922951,0.06376984715461731,1.0816500186920166
6000,mha_decoupled,moe,456,4,6,0.0892956554889679,0.09947371482849121,1.0816500186920166
6000,mha_decoupled,moe,456,4,7,0.07213135063648224,0.0603984072804451,1.0816500186920166
6000,mha_decoupled,moe,456,4,8,0.06322875618934631,0.058190248906612396,1.0816500186920166
6000,mha_decoupled,moe,456,4,9,0.06060424819588661,0.048260558396577835,1.0816500186920166
6000,mha_decoupled,moe,456,4,10,0.08058105409145355,0.08502667397260666,1.0816500186920166
6000,mha_decoupled,moe,456,4,11,0.05269775539636612,0.06360279768705368,1.0816500186920166
6000,mha_decoupled,moe,456,4,12,0.03573974594473839,0.03719806298613548,1.0816500186920166
6000,mha_decoupled,moe,456,4,13,0.07314208894968033,0.069471076130867,1.0816500186920166
6000,mha_decoupled,moe,456,4,14,0.06113037094473839,0.044648490846157074,1.0816500186920166
6000,mha_decoupled,moe,456,4,15,0.052515868097543716,0.05284130200743675,1.0816500186920166
6000,mha_decoupled,moe,456,5,0,0.1158154308795929,0.12167412042617798,1.4837151765823364
6000,mha_decoupled,moe,456,5,1,0.07149048149585724,0.07379560172557831,1.4837151765823364
6000,mha_decoupled,moe,456,5,2,0.048187255859375,0.04328441619873047,1.4837151765823364
6000,mha_decoupled,moe,456,5,3,0.04120849445462227,0.0457146055996418,1.4837151765823364
6000,mha_decoupled,moe,456,5,4,0.05769043043255806,0.06156446784734726,1.4837151765823364
6000,mha_decoupled,moe,456,5,5,0.04258056730031967,0.04540465027093887,1.4837151765823364
6000,mha_decoupled,moe,456,5,6,0.05015502870082855,0.06248493120074272,1.4837151765823364
6000,mha_decoupled,moe,456,5,7,0.07201781868934631,0.08042654395103455,1.4837151765823364
6000,mha_decoupled,moe,456,5,8,0.040013428777456284,0.0358259454369545,1.4837151765823364
6000,mha_decoupled,moe,456,5,9,0.03553222492337227,0.03763322904706001,1.4837151765823364
6000,mha_decoupled,moe,456,5,10,0.08316284418106079,0.0668429434299469,1.4837151765823364
6000,mha_decoupled,moe,456,5,11,0.11674316227436066,0.07240179181098938,1.4837151765823364
6000,mha_decoupled,moe,456,5,12,0.0634472668170929,0.06914611160755157,1.4837151765823364
6000,mha_decoupled,moe,456,5,13,0.028630370274186134,0.03609500825405121,1.4837151765823364
6000,mha_decoupled,moe,456,5,14,0.07585693150758743,0.09044193476438522,1.4837151765823364
6000,mha_decoupled,moe,456,5,15,0.05746826156973839,0.05726366117596626,1.4837151765823364
6500,mha_decoupled,moe,456,1,0,0.09563964605331421,0.06511383503675461,2.588618516921997
6500,mha_decoupled,moe,456,1,1,0.06328368932008743,0.06099284067749977,2.588618516921997
6500,mha_decoupled,moe,456,1,2,0.061481934040784836,0.057138580828905106,2.588618516921997
6500,mha_decoupled,moe,456,1,3,0.058112792670726776,0.053141191601753235,2.588618516921997
6500,mha_decoupled,moe,456,1,4,0.03912719711661339,0.05907429754734039,2.588618516921997
6500,mha_decoupled,moe,456,1,5,0.06324829161167145,0.059058379381895065,2.588618516921997
6500,mha_decoupled,moe,456,1,6,0.08258056640625,0.06819865107536316,2.588618516921997
6500,mha_decoupled,moe,456,1,7,0.057365722954273224,0.06469845771789551,2.588618516921997
6500,mha_decoupled,moe,456,1,8,0.0772998034954071,0.0667504221200943,2.588618516921997
6500,mha_decoupled,moe,456,1,9,0.043272703886032104,0.059820279479026794,2.588618516921997
6500,mha_decoupled,moe,456,1,10,0.07209716737270355,0.06362801045179367,2.588618516921997
6500,mha_decoupled,moe,456,1,11,0.06101440265774727,0.06460391730070114,2.588618516921997
6500,mha_decoupled,moe,456,1,12,0.04062133654952049,0.06066138669848442,2.588618516921997
6500,mha_decoupled,moe,456,1,13,0.05033569410443306,0.06374658644199371,2.588618516921997
6500,mha_decoupled,moe,456,1,14,0.06669799983501434,0.06963660567998886,2.588618516921997
6500,mha_decoupled,moe,456,1,15,0.06782104820013046,0.06373656541109085,2.588618516921997
6500,mha_decoupled,moe,456,2,0,0.08223388344049454,0.06967482715845108,1.9815510511398315
6500,mha_decoupled,moe,456,2,1,0.060454100370407104,0.06856580078601837,1.9815510511398315
6500,mha_decoupled,moe,456,2,2,0.06316650658845901,0.07368996739387512,1.9815510511398315
6500,mha_decoupled,moe,456,2,3,0.0759265124797821,0.06439677625894547,1.9815510511398315
6500,mha_decoupled,moe,456,2,4,0.062263183295726776,0.06567135453224182,1.9815510511398315
6500,mha_decoupled,moe,456,2,5,0.05351440608501434,0.06044907867908478,1.9815510511398315
6500,mha_decoupled,moe,456,2,6,0.0650622546672821,0.05682848021388054,1.9815510511398315
6500,mha_decoupled,moe,456,2,7,0.04412597790360451,0.0498633049428463,1.9815510511398315
6500,mha_decoupled,moe,456,2,8,0.05406372249126434,0.06351634860038757,1.9815510511398315
6500,mha_decoupled,moe,456,2,9,0.06202881038188934,0.054012250155210495,1.9815510511398315
6500,mha_decoupled,moe,456,2,10,0.06832519173622131,0.057169441133737564,1.9815510511398315
6500,mha_decoupled,moe,456,2,11,0.051671143621206284,0.053916383534669876,1.9815510511398315
6500,mha_decoupled,moe,456,2,12,0.06504882872104645,0.061623670160770416,1.9815510511398315
6500,mha_decoupled,moe,456,2,13,0.07301391661167145,0.06466486304998398,1.9815510511398315
6500,mha_decoupled,moe,456,2,14,0.05889892578125,0.06893701106309891,1.9815510511398315
6500,mha_decoupled,moe,456,2,15,0.06020263582468033,0.06702042371034622,1.9815510511398315
6500,mha_decoupled,moe,456,3,0,0.09449584782123566,0.08724819123744965,1.3572763204574585
6500,mha_decoupled,moe,456,3,1,0.029056396335363388,0.033119186758995056,1.3572763204574585
6500,mha_decoupled,moe,456,3,2,0.1068737804889679,0.0890023335814476,1.3572763204574585
6500,mha_decoupled,moe,456,3,3,0.06498901546001434,0.073359414935112,1.3572763204574585
6500,mha_decoupled,moe,456,3,4,0.06074340641498566,0.057791806757450104,1.3572763204574585
6500,mha_decoupled,moe,456,3,5,0.04235595837235451,0.05639832466840744,1.3572763204574585
6500,mha_decoupled,moe,456,3,6,0.06565430015325546,0.06415187567472458,1.3572763204574585
6500,mha_decoupled,moe,456,3,7,0.05353027209639549,0.058402858674526215,1.3572763204574585
6500,mha_decoupled,moe,456,3,8,0.06596191227436066,0.062986820936203,1.3572763204574585
6500,mha_decoupled,moe,456,3,9,0.04234619066119194,0.045278970152139664,1.3572763204574585
6500,mha_decoupled,moe,456,3,10,0.06912719458341599,0.06781706213951111,1.3572763204574585
6500,mha_decoupled,moe,456,3,11,0.04048217833042145,0.04390618950128555,1.3572763204574585
6500,mha_decoupled,moe,456,3,12,0.05784423649311066,0.060542333871126175,1.3572763204574585
6500,mha_decoupled,moe,456,3,13,0.07883545011281967,0.0667615458369255,1.3572763204574585
6500,mha_decoupled,moe,456,3,14,0.06691894680261612,0.07106173783540726,1.3572763204574585
6500,mha_decoupled,moe,456,3,15,0.06078491359949112,0.06217135116457939,1.3572763204574585
6500,mha_decoupled,moe,456,4,0,0.049957275390625,0.06095156818628311,1.0651730298995972
6500,mha_decoupled,moe,456,4,1,0.06381957978010178,0.059554897248744965,1.0651730298995972
6500,mha_decoupled,moe,456,4,2,0.04451293870806694,0.0631609857082367,1.0651730298995972
6500,mha_decoupled,moe,456,4,3,0.04498901218175888,0.04575216397643089,1.0651730298995972
6500,mha_decoupled,moe,456,4,4,0.08784179389476776,0.07992024719715118,1.0651730298995972
6500,mha_decoupled,moe,456,4,5,0.060126952826976776,0.06401903927326202,1.0651730298995972
6500,mha_decoupled,moe,456,4,6,0.09005249291658401,0.09959542006254196,1.0651730298995972
6500,mha_decoupled,moe,456,4,7,0.0762622058391571,0.06603396683931351,1.0651730298995972
6500,mha_decoupled,moe,456,4,8,0.064971923828125,0.059835776686668396,1.0651730298995972
6500,mha_decoupled,moe,456,4,9,0.06255859136581421,0.049841586500406265,1.0651730298995972
6500,mha_decoupled,moe,456,4,10,0.07934082299470901,0.08384454995393753,1.0651730298995972
6500,mha_decoupled,moe,456,4,11,0.05281371995806694,0.06464185565710068,1.0651730298995972
6500,mha_decoupled,moe,456,4,12,0.03855712711811066,0.03932531923055649,1.0651730298995972
6500,mha_decoupled,moe,456,4,13,0.0690930187702179,0.06549889594316483,1.0651730298995972
6500,mha_decoupled,moe,456,4,14,0.062348634004592896,0.04592316225171089,1.0651730298995972
6500,mha_decoupled,moe,456,4,15,0.052753906697034836,0.05210060253739357,1.0651730298995972
6500,mha_decoupled,moe,456,5,0,0.1173413097858429,0.12263832241296768,1.4865219593048096
6500,mha_decoupled,moe,456,5,1,0.07062134146690369,0.07457775622606277,1.4865219593048096
6500,mha_decoupled,moe,456,5,2,0.05143798887729645,0.04840104654431343,1.4865219593048096
6500,mha_decoupled,moe,456,5,3,0.03856201097369194,0.04292154312133789,1.4865219593048096
6500,mha_decoupled,moe,456,5,4,0.053642578423023224,0.05848053842782974,1.4865219593048096
6500,mha_decoupled,moe,456,5,5,0.044200439006090164,0.046437934041023254,1.4865219593048096
6500,mha_decoupled,moe,456,5,6,0.047917481511831284,0.05531658977270126,1.4865219593048096
6500,mha_decoupled,moe,456,5,7,0.06540405005216599,0.07356217503547668,1.4865219593048096
6500,mha_decoupled,moe,456,5,8,0.03816894441843033,0.034995220601558685,1.4865219593048096
6500,mha_decoupled,moe,456,5,9,0.03976196423172951,0.04143593832850456,1.4865219593048096
6500,mha_decoupled,moe,456,5,10,0.08217895776033401,0.06826400011777878,1.4865219593048096
6500,mha_decoupled,moe,456,5,11,0.12479614466428757,0.07841663062572479,1.4865219593048096
6500,mha_decoupled,moe,456,5,12,0.06828857213258743,0.07458509504795074,1.4865219593048096
6500,mha_decoupled,moe,456,5,13,0.030030516907572746,0.037685368210077286,1.4865219593048096
6500,mha_decoupled,moe,456,5,14,0.07510742545127869,0.08850833773612976,1.4865219593048096
6500,mha_decoupled,moe,456,5,15,0.052540283650159836,0.05377355217933655,1.4865219593048096
7000,mha_decoupled,moe,456,1,0,0.08242309838533401,0.061743393540382385,2.5796146392822266
7000,mha_decoupled,moe,456,1,1,0.06696899235248566,0.06197880208492279,2.5796146392822266
7000,mha_decoupled,moe,456,1,2,0.06577637046575546,0.057573895901441574,2.5796146392822266
7000,mha_decoupled,moe,456,1,3,0.039893798530101776,0.050866298377513885,2.5796146392822266
7000,mha_decoupled,moe,456,1,4,0.052424315363168716,0.06032051518559456,2.5796146392822266
7000,mha_decoupled,moe,456,1,5,0.04752563312649727,0.05795839801430702,2.5796146392822266
7000,mha_decoupled,moe,456,1,6,0.07801269739866257,0.06638696044683456,2.5796146392822266
7000,mha_decoupled,moe,456,1,7,0.05308715999126434,0.06440809369087219,2.5796146392822266
7000,mha_decoupled,moe,456,1,8,0.053181152790784836,0.06269854307174683,2.5796146392822266
7000,mha_decoupled,moe,456,1,9,0.059532471001148224,0.061661701649427414,2.5796146392822266
7000,mha_decoupled,moe,456,1,10,0.0694592297077179,0.06336331367492676,2.5796146392822266
7000,mha_decoupled,moe,456,1,11,0.07109741121530533,0.06762661039829254,2.5796146392822266
7000,mha_decoupled,moe,456,1,12,0.07298462092876434,0.062112826853990555,2.5796146392822266
7000,mha_decoupled,moe,456,1,13,0.05782714858651161,0.06605447083711624,2.5796146392822266
7000,mha_decoupled,moe,456,1,14,0.0653369128704071,0.07125821709632874,2.5796146392822266
7000,mha_decoupled,moe,456,1,15,0.06446899473667145,0.06398792564868927,2.5796146392822266
7000,mha_decoupled,moe,456,2,0,0.07836059480905533,0.06837420165538788,1.9828813076019287
7000,mha_decoupled,moe,456,2,1,0.05934448167681694,0.0694156065583229,1.9828813076019287
7000,mha_decoupled,moe,456,2,2,0.06492920219898224,0.07420697063207626,1.9828813076019287
7000,mha_decoupled,moe,456,2,3,0.07557861506938934,0.0646444782614708,1.9828813076019287
7000,mha_decoupled,moe,456,2,4,0.05095214769244194,0.061219677329063416,1.9828813076019287
7000,mha_decoupled,moe,456,2,5,0.055134277790784836,0.06004108488559723,1.9828813076019287
7000,mha_decoupled,moe,456,2,6,0.07670532166957855,0.06285920739173889,1.9828813076019287
7000,mha_decoupled,moe,456,2,7,0.04638915881514549,0.05107105150818825,1.9828813076019287
7000,mha_decoupled,moe,456,2,8,0.05124511569738388,0.05793466046452522,1.9828813076019287
7000,mha_decoupled,moe,456,2,9,0.058521728962659836,0.05171302706003189,1.9828813076019287
7000,mha_decoupled,moe,456,2,10,0.07561156898736954,0.06440716981887817,1.9828813076019287
7000,mha_decoupled,moe,456,2,11,0.05442504957318306,0.05734362080693245,1.9828813076019287
7000,mha_decoupled,moe,456,2,12,0.06152587756514549,0.059683699160814285,1.9828813076019287
7000,mha_decoupled,moe,456,2,13,0.0748291015625,0.06398129463195801,1.9828813076019287
7000,mha_decoupled,moe,456,2,14,0.05592895671725273,0.06600336730480194,1.9828813076019287
7000,mha_decoupled,moe,456,2,15,0.06051879748702049,0.067100889980793,1.9828813076019287
7000,mha_decoupled,moe,456,3,0,0.09417358040809631,0.08725422620773315,1.3463836908340454
7000,mha_decoupled,moe,456,3,1,0.030924072489142418,0.03439601883292198,1.3463836908340454
7000,mha_decoupled,moe,456,3,2,0.10654418915510178,0.08957353234291077,1.3463836908340454
7000,mha_decoupled,moe,456,3,3,0.06404297053813934,0.07187997549772263,1.3463836908340454
7000,mha_decoupled,moe,456,3,4,0.05900512635707855,0.05669194832444191,1.3463836908340454
7000,mha_decoupled,moe,456,3,5,0.04258422926068306,0.055051546543836594,1.3463836908340454
7000,mha_decoupled,moe,456,3,6,0.06457275152206421,0.0621003583073616,1.3463836908340454
7000,mha_decoupled,moe,456,3,7,0.05526489391922951,0.05996236205101013,1.3463836908340454
7000,mha_decoupled,moe,456,3,8,0.067169189453125,0.06433359533548355,1.3463836908340454
7000,mha_decoupled,moe,456,3,9,0.04068237170577049,0.04475511610507965,1.3463836908340454
7000,mha_decoupled,moe,456,3,10,0.06962158530950546,0.06823518872261047,1.3463836908340454
7000,mha_decoupled,moe,456,3,11,0.040137939155101776,0.04352237284183502,1.3463836908340454
7000,mha_decoupled,moe,456,3,12,0.058643799275159836,0.05994800105690956,1.3463836908340454
7000,mha_decoupled,moe,456,3,13,0.07421264797449112,0.0664028748869896,1.3463836908340454
7000,mha_decoupled,moe,456,3,14,0.06715942174196243,0.07055994868278503,1.3463836908340454
7000,mha_decoupled,moe,456,3,15,0.06526122987270355,0.06533291935920715,1.3463836908340454
7000,mha_decoupled,moe,456,4,0,0.05121826007962227,0.061822567135095596,1.0539120435714722
7000,mha_decoupled,moe,456,4,1,0.06536010652780533,0.06174366921186447,1.0539120435714722
7000,mha_decoupled,moe,456,4,2,0.042243652045726776,0.05994223430752754,1.0539120435714722
7000,mha_decoupled,moe,456,4,3,0.04683593660593033,0.04864265397191048,1.0539120435714722
7000,mha_decoupled,moe,456,4,4,0.09181274473667145,0.08409805595874786,1.0539120435714722
7000,mha_decoupled,moe,456,4,5,0.05974121019244194,0.06324363499879837,1.0539120435714722
7000,mha_decoupled,moe,456,4,6,0.08977904915809631,0.09773163497447968,1.0539120435714722
7000,mha_decoupled,moe,456,4,7,0.07543457299470901,0.06396161764860153,1.0539120435714722
7000,mha_decoupled,moe,456,4,8,0.060911864042282104,0.05601140111684799,1.0539120435714722
7000,mha_decoupled,moe,456,4,9,0.06015258654952049,0.04675992950797081,1.0539120435714722
7000,mha_decoupled,moe,456,4,10,0.08090942353010178,0.08675038069486618,1.0539120435714722
7000,mha_decoupled,moe,456,4,11,0.05296386778354645,0.06494616717100143,1.0539120435714722
7000,mha_decoupled,moe,456,4,12,0.036072999238967896,0.03753271698951721,1.0539120435714722
7000,mha_decoupled,moe,456,4,13,0.06743652373552322,0.06396665424108505,1.0539120435714722
7000,mha_decoupled,moe,456,4,14,0.06224365159869194,0.04570896178483963,1.0539120435714722
7000,mha_decoupled,moe,456,4,15,0.056883543729782104,0.057137761265039444,1.0539120435714722
7000,mha_decoupled,moe,456,5,0,0.11553222686052322,0.11951099336147308,1.4645957946777344
7000,mha_decoupled,moe,456,5,1,0.07140014320611954,0.07435180991888046,1.4645957946777344
7000,mha_decoupled,moe,456,5,2,0.05299072340130806,0.047976668924093246,1.4645957946777344
7000,mha_decoupled,moe,456,5,3,0.036195069551467896,0.041945453733205795,1.4645957946777344
7000,mha_decoupled,moe,456,5,4,0.05885864421725273,0.06252561509609222,1.4645957946777344
7000,mha_decoupled,moe,456,5,5,0.040552977472543716,0.04324707016348839,1.4645957946777344
7000,mha_decoupled,moe,456,5,6,0.05006713792681694,0.05847002938389778,1.4645957946777344
7000,mha_decoupled,moe,456,5,7,0.07063110172748566,0.07879738509654999,1.4645957946777344
7000,mha_decoupled,moe,456,5,8,0.040764160454273224,0.03629918396472931,1.4645957946777344
7000,mha_decoupled,moe,456,5,9,0.03707275539636612,0.039214372634887695,1.4645957946777344
7000,mha_decoupled,moe,456,5,10,0.08530151098966599,0.07218615710735321,1.4645957946777344
7000,mha_decoupled,moe,456,5,11,0.12087280303239822,0.07531809061765671,1.4645957946777344
7000,mha_decoupled,moe,456,5,12,0.06062988191843033,0.06731639802455902,1.4645957946777344
7000,mha_decoupled,moe,456,5,13,0.02896972745656967,0.03622640669345856,1.4645957946777344
7000,mha_decoupled,moe,456,5,14,0.07645752280950546,0.09240862727165222,1.4645957946777344
7000,mha_decoupled,moe,456,5,15,0.053703613579273224,0.05420577526092529,1.4645957946777344
7500,mha_decoupled,moe,456,1,0,0.0921337902545929,0.06498350948095322,2.5704946517944336
7500,mha_decoupled,moe,456,1,1,0.04898925870656967,0.05897854268550873,2.5704946517944336
7500,mha_decoupled,moe,456,1,2,0.038475342094898224,0.05484485253691673,2.5704946517944336
7500,mha_decoupled,moe,456,1,3,0.07884033024311066,0.05785191431641579,2.5704946517944336
7500,mha_decoupled,moe,456,1,4,0.046971436589956284,0.05860445648431778,2.5704946517944336
7500,mha_decoupled,moe,456,1,5,0.06562378257513046,0.05837329849600792,2.5704946517944336
7500,mha_decoupled,moe,456,1,6,0.07193603366613388,0.0643390342593193,2.5704946517944336
7500,mha_decoupled,moe,456,1,7,0.05555419996380806,0.0647657960653305,2.5704946517944336
7500,mha_decoupled,moe,456,1,8,0.06117798015475273,0.06352914124727249,2.5704946517944336
7500,mha_decoupled,moe,456,1,9,0.06052001938223839,0.06104292348027229,2.5704946517944336
7500,mha_decoupled,moe,456,1,10,0.07311157137155533,0.06560956686735153,2.5704946517944336
7500,mha_decoupled,moe,456,1,11,0.07403808832168579,0.06867359578609467,2.5704946517944336
7500,mha_decoupled,moe,456,1,12,0.04520019516348839,0.059335995465517044,2.5704946517944336
7500,mha_decoupled,moe,456,1,13,0.05196533352136612,0.06528852134943008,2.5704946517944336
7500,mha_decoupled,moe,456,1,14,0.07120727747678757,0.06989429146051407,2.5704946517944336
7500,mha_decoupled,moe,456,1,15,0.06425537168979645,0.06388457119464874,2.5704946517944336
7500,mha_decoupled,moe,456,2,0,0.07912109047174454,0.0684330016374588,1.9714767932891846
7500,mha_decoupled,moe,456,2,1,0.058948975056409836,0.06798776984214783,1.9714767932891846
7500,mha_decoupled,moe,456,2,2,0.060169678181409836,0.07068810611963272,1.9714767932891846
7500,mha_decoupled,moe,456,2,3,0.07968506217002869,0.0676848292350769,1.9714767932891846
7500,mha_decoupled,moe,456,2,4,0.059581298381090164,0.06460975110530853,1.9714767932891846
7500,mha_decoupled,moe,456,2,5,0.053044434636831284,0.05902881547808647,1.9714767932891846
7500,mha_decoupled,moe,456,2,6,0.06344237923622131,0.055871933698654175,1.9714767932891846
7500,mha_decoupled,moe,456,2,7,0.050892334431409836,0.05353767052292824,1.9714767932891846
7500,mha_decoupled,moe,456,2,8,0.05728515610098839,0.06569740921258926,1.9714767932891846
7500,mha_decoupled,moe,456,2,9,0.05937744304537773,0.052914805710315704,1.9714767932891846
7500,mha_decoupled,moe,456,2,10,0.06798706203699112,0.05749916657805443,1.9714767932891846
7500,mha_decoupled,moe,456,2,11,0.05714721605181694,0.06005711108446121,1.9714767932891846
7500,mha_decoupled,moe,456,2,12,0.07112548500299454,0.06356050074100494,1.9714767932891846
7500,mha_decoupled,moe,456,2,13,0.06622314453125,0.059407323598861694,1.9714767932891846
7500,mha_decoupled,moe,456,2,14,0.05728393420577049,0.06659941375255585,1.9714767932891846
7500,mha_decoupled,moe,456,2,15,0.058685302734375,0.06642238795757294,1.9714767932891846
7500,mha_decoupled,moe,456,3,0,0.09473388642072678,0.08833280205726624,1.3617287874221802
7500,mha_decoupled,moe,456,3,1,0.03144531324505806,0.0345408171415329,1.3617287874221802
7500,mha_decoupled,moe,456,3,2,0.10945556312799454,0.09160225093364716,1.3617287874221802
7500,mha_decoupled,moe,456,3,3,0.06433349847793579,0.07345004379749298,1.3617287874221802
7500,mha_decoupled,moe,456,3,4,0.05949462950229645,0.05829673632979393,1.3617287874221802
7500,mha_decoupled,moe,456,3,5,0.042060546576976776,0.0539209358394146,1.3617287874221802
7500,mha_decoupled,moe,456,3,6,0.06530029326677322,0.06293168663978577,1.3617287874221802
7500,mha_decoupled,moe,456,3,7,0.05296264588832855,0.05760718882083893,1.3617287874221802
7500,mha_decoupled,moe,456,3,8,0.06642089784145355,0.06338639557361603,1.3617287874221802
7500,mha_decoupled,moe,456,3,9,0.043223876506090164,0.04747375100851059,1.3617287874221802
7500,mha_decoupled,moe,456,3,10,0.06817382574081421,0.06680604815483093,1.3617287874221802
7500,mha_decoupled,moe,456,3,11,0.03877197206020355,0.041441306471824646,1.3617287874221802
7500,mha_decoupled,moe,456,3,12,0.059052735567092896,0.06179723143577576,1.3617287874221802
7500,mha_decoupled,moe,456,3,13,0.07693725824356079,0.06654178351163864,1.3617287874221802
7500,mha_decoupled,moe,456,3,14,0.06174560636281967,0.06527283042669296,1.3617287874221802
7500,mha_decoupled,moe,456,3,15,0.065887451171875,0.06659819930791855,1.3617287874221802
7500,mha_decoupled,moe,456,4,0,0.05035766586661339,0.062140945345163345,1.0752911567687988
7500,mha_decoupled,moe,456,4,1,0.06390625238418579,0.058060839772224426,1.0752911567687988
7500,mha_decoupled,moe,456,4,2,0.04701171815395355,0.0662546455860138,1.0752911567687988
7500,mha_decoupled,moe,456,4,3,0.04449462890625,0.045298997312784195,1.0752911567687988
7500,mha_decoupled,moe,456,4,4,0.09034179896116257,0.0831235945224762,1.0752911567687988
7500,mha_decoupled,moe,456,4,5,0.05775268375873566,0.06085788086056709,1.0752911567687988
7500,mha_decoupled,moe,456,4,6,0.08780883997678757,0.09545553475618362,1.0752911567687988
7500,mha_decoupled,moe,456,4,7,0.0764782726764679,0.06579440832138062,1.0752911567687988
7500,mha_decoupled,moe,456,4,8,0.06571289151906967,0.059257909655570984,1.0752911567687988
7500,mha_decoupled,moe,456,4,9,0.06036987155675888,0.046638935804367065,1.0752911567687988
7500,mha_decoupled,moe,456,4,10,0.08042968809604645,0.08761889487504959,1.0752911567687988
7500,mha_decoupled,moe,456,4,11,0.05015014484524727,0.06268246471881866,1.0752911567687988
7500,mha_decoupled,moe,456,4,12,0.03756957873702049,0.03891483321785927,1.0752911567687988
7500,mha_decoupled,moe,456,4,13,0.06799560785293579,0.06329195201396942,1.0752911567687988
7500,mha_decoupled,moe,456,4,14,0.06206420809030533,0.04755791276693344,1.0752911567687988
7500,mha_decoupled,moe,456,4,15,0.05755615234375,0.0570501945912838,1.0752911567687988
7500,mha_decoupled,moe,456,5,0,0.11328369379043579,0.11513280868530273,1.4834598302841187
7500,mha_decoupled,moe,456,5,1,0.07114502042531967,0.07429377734661102,1.4834598302841187
7500,mha_decoupled,moe,456,5,2,0.05032104626297951,0.046385180205106735,1.4834598302841187
7500,mha_decoupled,moe,456,5,3,0.039093017578125,0.044868212193250656,1.4834598302841187
7500,mha_decoupled,moe,456,5,4,0.053520508110523224,0.05872790887951851,1.4834598302841187
7500,mha_decoupled,moe,456,5,5,0.04104370251297951,0.04412137344479561,1.4834598302841187
7500,mha_decoupled,moe,456,5,6,0.04952148348093033,0.05929282680153847,1.4834598302841187
7500,mha_decoupled,moe,456,5,7,0.07084839046001434,0.0792926624417305,1.4834598302841187
7500,mha_decoupled,moe,456,5,8,0.04301391541957855,0.039243005216121674,1.4834598302841187
7500,mha_decoupled,moe,456,5,9,0.03982787951827049,0.039934854954481125,1.4834598302841187
7500,mha_decoupled,moe,456,5,10,0.08867798000574112,0.07373207807540894,1.4834598302841187
7500,mha_decoupled,moe,456,5,11,0.11343750357627869,0.07123450189828873,1.4834598302841187
7500,mha_decoupled,moe,456,5,12,0.06654419004917145,0.07281430810689926,1.4834598302841187
7500,mha_decoupled,moe,456,5,13,0.02785400301218033,0.03548940271139145,1.4834598302841187
7500,mha_decoupled,moe,456,5,14,0.07554687559604645,0.0892949104309082,1.4834598302841187
7500,mha_decoupled,moe,456,5,15,0.05632080137729645,0.0561421662569046,1.4834598302841187
8000,mha_decoupled,moe,456,1,0,0.09044799953699112,0.0644693449139595,2.5668771266937256
8000,mha_decoupled,moe,456,1,1,0.06646240502595901,0.06145351752638817,2.5668771266937256
8000,mha_decoupled,moe,456,1,2,0.05189575254917145,0.055546313524246216,2.5668771266937256
8000,mha_decoupled,moe,456,1,3,0.05414062365889549,0.054531097412109375,2.5668771266937256
8000,mha_decoupled,moe,456,1,4,0.04256835952401161,0.05785640329122543,2.5668771266937256
8000,mha_decoupled,moe,456,1,5,0.05847778171300888,0.057246528565883636,2.5668771266937256
8000,mha_decoupled,moe,456,1,6,0.08655761927366257,0.06970652937889099,2.5668771266937256
8000,mha_decoupled,moe,456,1,7,0.057911377400159836,0.06621083617210388,2.5668771266937256
8000,mha_decoupled,moe,456,1,8,0.06048583984375,0.06360387057065964,2.5668771266937256
8000,mha_decoupled,moe,456,1,9,0.05928710848093033,0.060679979622364044,2.5668771266937256
8000,mha_decoupled,moe,456,1,10,0.07430663704872131,0.06534311175346375,2.5668771266937256
8000,mha_decoupled,moe,456,1,11,0.06012329086661339,0.06434760242700577,2.5668771266937256
8000,mha_decoupled,moe,456,1,12,0.05270751938223839,0.06096824258565903,2.5668771266937256
8000,mha_decoupled,moe,456,1,13,0.050208739936351776,0.0640043318271637,2.5668771266937256
8000,mha_decoupled,moe,456,1,14,0.07029418647289276,0.0702017992734909,2.5668771266937256
8000,mha_decoupled,moe,456,1,15,0.06412475556135178,0.06383047997951508,2.5668771266937256
8000,mha_decoupled,moe,456,2,0,0.07777221500873566,0.06793306022882462,1.9572323560714722
8000,mha_decoupled,moe,456,2,1,0.06095947325229645,0.07046141475439072,1.9572323560714722
8000,mha_decoupled,moe,456,2,2,0.06159301847219467,0.07265348732471466,1.9572323560714722
8000,mha_decoupled,moe,456,2,3,0.07650268822908401,0.06566488742828369,1.9572323560714722
8000,mha_decoupled,moe,456,2,4,0.055604249238967896,0.06119515374302864,1.9572323560714722
8000,mha_decoupled,moe,456,2,5,0.05270141735672951,0.05760489031672478,1.9572323560714722
8000,mha_decoupled,moe,456,2,6,0.0678393542766571,0.057451944798231125,1.9572323560714722
8000,mha_decoupled,moe,456,2,7,0.05031127855181694,0.052968285977840424,1.9572323560714722
8000,mha_decoupled,moe,456,2,8,0.05270141735672951,0.061894968152046204,1.9572323560714722
8000,mha_decoupled,moe,456,2,9,0.06077758967876434,0.05407781898975372,1.9572323560714722
8000,mha_decoupled,moe,456,2,10,0.07432372868061066,0.06237560883164406,1.9572323560714722
8000,mha_decoupled,moe,456,2,11,0.055076904594898224,0.05707768350839615,1.9572323560714722
8000,mha_decoupled,moe,456,2,12,0.06954468041658401,0.06252218037843704,1.9572323560714722
8000,mha_decoupled,moe,456,2,13,0.06401000916957855,0.05874151363968849,1.9572323560714722
8000,mha_decoupled,moe,456,2,14,0.057252198457717896,0.06667460501194,1.9572323560714722
8000,mha_decoupled,moe,456,2,15,0.06302978843450546,0.070702463388443,1.9572323560714722
8000,mha_decoupled,moe,456,3,0,0.09253906458616257,0.0853312686085701,1.3598116636276245
8000,mha_decoupled,moe,456,3,1,0.034819334745407104,0.03749127313494682,1.3598116636276245
8000,mha_decoupled,moe,456,3,2,0.10419067740440369,0.08572257310152054,1.3598116636276245
8000,mha_decoupled,moe,456,3,3,0.0618896484375,0.07067498564720154,1.3598116636276245
8000,mha_decoupled,moe,456,3,4,0.05520019680261612,0.05463184416294098,1.3598116636276245
8000,mha_decoupled,moe,456,3,5,0.042817384004592896,0.05433760583400726,1.3598116636276245
8000,mha_decoupled,moe,456,3,6,0.06430786103010178,0.06214740872383118,1.3598116636276245
8000,mha_decoupled,moe,456,3,7,0.05694580078125,0.06026921421289444,1.3598116636276245
8000,mha_decoupled,moe,456,3,8,0.06470093131065369,0.0612756721675396,1.3598116636276245
8000,mha_decoupled,moe,456,3,9,0.043385010212659836,0.04703843221068382,1.3598116636276245
8000,mha_decoupled,moe,456,3,10,0.07004638761281967,0.06884758174419403,1.3598116636276245
8000,mha_decoupled,moe,456,3,11,0.04002441465854645,0.0430590957403183,1.3598116636276245
8000,mha_decoupled,moe,456,3,12,0.06256835907697678,0.06561630964279175,1.3598116636276245
8000,mha_decoupled,moe,456,3,13,0.07838745415210724,0.06865151226520538,1.3598116636276245
8000,mha_decoupled,moe,456,3,14,0.06305176019668579,0.06836128234863281,1.3598116636276245
8000,mha_decoupled,moe,456,3,15,0.0651257336139679,0.06654391437768936,1.3598116636276245
8000,mha_decoupled,moe,456,4,0,0.05228637531399727,0.0639960840344429,1.0882493257522583
8000,mha_decoupled,moe,456,4,1,0.06421753019094467,0.060856204479932785,1.0882493257522583
8000,mha_decoupled,moe,456,4,2,0.04629882797598839,0.06523353606462479,1.0882493257522583
8000,mha_decoupled,moe,456,4,3,0.04733520373702049,0.04855531081557274,1.0882493257522583
8000,mha_decoupled,moe,456,4,4,0.09062500298023224,0.08489765971899033,1.0882493257522583
8000,mha_decoupled,moe,456,4,5,0.05576782301068306,0.057497553527355194,1.0882493257522583
8000,mha_decoupled,moe,456,4,6,0.08854614198207855,0.09283384680747986,1.0882493257522583
8000,mha_decoupled,moe,456,4,7,0.07512328773736954,0.06362727284431458,1.0882493257522583
8000,mha_decoupled,moe,456,4,8,0.06499023735523224,0.0596359521150589,1.0882493257522583
8000,mha_decoupled,moe,456,4,9,0.06083007901906967,0.047177232801914215,1.0882493257522583
8000,mha_decoupled,moe,456,4,10,0.08012573421001434,0.08582258969545364,1.0882493257522583
8000,mha_decoupled,moe,456,4,11,0.05188232287764549,0.06494460999965668,1.0882493257522583
8000,mha_decoupled,moe,456,4,12,0.03885253891348839,0.04021802544593811,1.0882493257522583
8000,mha_decoupled,moe,456,4,13,0.06727050989866257,0.064938485622406,1.0882493257522583
8000,mha_decoupled,moe,456,4,14,0.06155151501297951,0.04509346932172775,1.0882493257522583
8000,mha_decoupled,moe,456,4,15,0.05429687350988388,0.05467221140861511,1.0882493257522583
8000,mha_decoupled,moe,456,5,0,0.11557617038488388,0.11827529966831207,1.498619556427002
8000,mha_decoupled,moe,456,5,1,0.06996093690395355,0.07283883541822433,1.498619556427002
8000,mha_decoupled,moe,456,5,2,0.04997558519244194,0.04628509655594826,1.498619556427002
8000,mha_decoupled,moe,456,5,3,0.04216308519244194,0.04679745063185692,1.498619556427002
8000,mha_decoupled,moe,456,5,4,0.05296264588832855,0.05780775472521782,1.498619556427002
8000,mha_decoupled,moe,456,5,5,0.0416259765625,0.04447038099169731,1.498619556427002
8000,mha_decoupled,moe,456,5,6,0.048524171113967896,0.05826835706830025,1.498619556427002
8000,mha_decoupled,moe,456,5,7,0.06601684540510178,0.074274942278862,1.498619556427002
8000,mha_decoupled,moe,456,5,8,0.04036865383386612,0.03700266778469086,1.498619556427002
8000,mha_decoupled,moe,456,5,9,0.03923095762729645,0.040009867399930954,1.498619556427002
8000,mha_decoupled,moe,456,5,10,0.08704101294279099,0.07154746353626251,1.498619556427002
8000,mha_decoupled,moe,456,5,11,0.11433227360248566,0.07330185174942017,1.498619556427002
8000,mha_decoupled,moe,456,5,12,0.06582031399011612,0.07184623926877975,1.498619556427002
8000,mha_decoupled,moe,456,5,13,0.03193115070462227,0.03970135375857353,1.498619556427002
8000,mha_decoupled,moe,456,5,14,0.07738158851861954,0.090477854013443,1.498619556427002
8000,mha_decoupled,moe,456,5,15,0.05708862468600273,0.05709458515048027,1.498619556427002
8500,mha_decoupled,moe,456,1,0,0.0912487804889679,0.0656137466430664,2.553849220275879
8500,mha_decoupled,moe,456,1,1,0.07533935457468033,0.061920247972011566,2.553849220275879
8500,mha_decoupled,moe,456,1,2,0.048704832792282104,0.05378188565373421,2.553849220275879
8500,mha_decoupled,moe,456,1,3,0.0638134777545929,0.05586625635623932,2.553849220275879
8500,mha_decoupled,moe,456,1,4,0.04967651516199112,0.058228421956300735,2.553849220275879
8500,mha_decoupled,moe,456,1,5,0.04546508938074112,0.05566389858722687,2.553849220275879
8500,mha_decoupled,moe,456,1,6,0.08617309480905533,0.0709955096244812,2.553849220275879
8500,mha_decoupled,moe,456,1,7,0.057667236775159836,0.06666842848062515,2.553849220275879
8500,mha_decoupled,moe,456,1,8,0.06685180962085724,0.06538434326648712,2.553849220275879
8500,mha_decoupled,moe,456,1,9,0.05342040956020355,0.059409260749816895,2.553849220275879
8500,mha_decoupled,moe,456,1,10,0.06757934391498566,0.06332308799028397,2.553849220275879
8500,mha_decoupled,moe,456,1,11,0.05960937589406967,0.06419909745454788,2.553849220275879
8500,mha_decoupled,moe,456,1,12,0.031822510063648224,0.05569955334067345,2.553849220275879
8500,mha_decoupled,moe,456,1,13,0.06273926049470901,0.06813408434391022,2.553849220275879
8500,mha_decoupled,moe,456,1,14,0.08005370944738388,0.07128803431987762,2.553849220275879
8500,mha_decoupled,moe,456,1,15,0.05983520671725273,0.06382416933774948,2.553849220275879
8500,mha_decoupled,moe,456,2,0,0.07392334192991257,0.0658816397190094,1.9441241025924683
8500,mha_decoupled,moe,456,2,1,0.05724243074655533,0.06663377583026886,1.9441241025924683
8500,mha_decoupled,moe,456,2,2,0.05881103500723839,0.07005149126052856,1.9441241025924683
8500,mha_decoupled,moe,456,2,3,0.08354248106479645,0.07113587111234665,1.9441241025924683
8500,mha_decoupled,moe,456,2,4,0.05774780362844467,0.0655403882265091,1.9441241025924683
8500,mha_decoupled,moe,456,2,5,0.04783325269818306,0.05372224748134613,1.9441241025924683
8500,mha_decoupled,moe,456,2,6,0.0663769543170929,0.05732934921979904,1.9441241025924683
8500,mha_decoupled,moe,456,2,7,0.06162475422024727,0.05801696702837944,1.9441241025924683
8500,mha_decoupled,moe,456,2,8,0.051240235567092896,0.05924134701490402,1.9441241025924683
8500,mha_decoupled,moe,456,2,9,0.061760254204273224,0.05387130379676819,1.9441241025924683
8500,mha_decoupled,moe,456,2,10,0.07244873046875,0.06200006604194641,1.9441241025924683
8500,mha_decoupled,moe,456,2,11,0.04960449039936066,0.05432935059070587,1.9441241025924683
8500,mha_decoupled,moe,456,2,12,0.06863158941268921,0.06305725127458572,1.9441241025924683
8500,mha_decoupled,moe,456,2,13,0.07021850347518921,0.06280405074357986,1.9441241025924683
8500,mha_decoupled,moe,456,2,14,0.05665038898587227,0.06655606627464294,1.9441241025924683
8500,mha_decoupled,moe,456,2,15,0.06234375014901161,0.06982880085706711,1.9441241025924683
8500,mha_decoupled,moe,456,3,0,0.09670532494783401,0.08953189849853516,1.3554818630218506
8500,mha_decoupled,moe,456,3,1,0.032951660454273224,0.036591313779354095,1.3554818630218506
8500,mha_decoupled,moe,456,3,2,0.1025708019733429,0.08374221622943878,1.3554818630218506
8500,mha_decoupled,moe,456,3,3,0.06716430932283401,0.07461204379796982,1.3554818630218506
8500,mha_decoupled,moe,456,3,4,0.06147827208042145,0.05893690884113312,1.3554818630218506
8500,mha_decoupled,moe,456,3,5,0.04523925855755806,0.05705614387989044,1.3554818630218506
8500,mha_decoupled,moe,456,3,6,0.06289428472518921,0.06125296652317047,1.3554818630218506
8500,mha_decoupled,moe,456,3,7,0.054774168878793716,0.05850718170404434,1.3554818630218506
8500,mha_decoupled,moe,456,3,8,0.06599120795726776,0.06249966099858284,1.3554818630218506
8500,mha_decoupled,moe,456,3,9,0.04182128980755806,0.0447356142103672,1.3554818630218506
8500,mha_decoupled,moe,456,3,10,0.06666626036167145,0.06808160245418549,1.3554818630218506
8500,mha_decoupled,moe,456,3,11,0.039281006902456284,0.04301632568240166,1.3554818630218506
8500,mha_decoupled,moe,456,3,12,0.05949096754193306,0.060601308941841125,1.3554818630218506
8500,mha_decoupled,moe,456,3,13,0.07544189691543579,0.0655013844370842,1.3554818630218506
8500,mha_decoupled,moe,456,3,14,0.06356567144393921,0.06895149499177933,1.3554818630218506
8500,mha_decoupled,moe,456,3,15,0.0639636218547821,0.06638192385435104,1.3554818630218506
8500,mha_decoupled,moe,456,4,0,0.05137695372104645,0.0631067305803299,1.0660560131072998
8500,mha_decoupled,moe,456,4,1,0.06423462182283401,0.06103493645787239,1.0660560131072998
8500,mha_decoupled,moe,456,4,2,0.04355468600988388,0.06204524636268616,1.0660560131072998
8500,mha_decoupled,moe,456,4,3,0.0445556640625,0.047162432223558426,1.0660560131072998
8500,mha_decoupled,moe,456,4,4,0.0918591320514679,0.08494380116462708,1.0660560131072998
8500,mha_decoupled,moe,456,4,5,0.05616699159145355,0.057845067232847214,1.0660560131072998
8500,mha_decoupled,moe,456,4,6,0.08839111030101776,0.09459506720304489,1.0660560131072998
8500,mha_decoupled,moe,456,4,7,0.07407348603010178,0.06294705718755722,1.0660560131072998
8500,mha_decoupled,moe,456,4,8,0.06308715790510178,0.057798873633146286,1.0660560131072998
8500,mha_decoupled,moe,456,4,9,0.06199829280376434,0.04876409471035004,1.0660560131072998
8500,mha_decoupled,moe,456,4,10,0.0822131335735321,0.08824938535690308,1.0660560131072998
8500,mha_decoupled,moe,456,4,11,0.05448242276906967,0.06863445788621902,1.0660560131072998
8500,mha_decoupled,moe,456,4,12,0.03877807781100273,0.04013814404606819,1.0660560131072998
8500,mha_decoupled,moe,456,4,13,0.06828369200229645,0.06370772421360016,1.0660560131072998
8500,mha_decoupled,moe,456,4,14,0.06109619140625,0.04455431550741196,1.0660560131072998
8500,mha_decoupled,moe,456,4,15,0.055848389863967896,0.054472699761390686,1.0660560131072998
8500,mha_decoupled,moe,456,5,0,0.11571045219898224,0.1181151270866394,1.4810398817062378
8500,mha_decoupled,moe,456,5,1,0.07261108607053757,0.07726456969976425,1.4810398817062378
8500,mha_decoupled,moe,456,5,2,0.05113281309604645,0.047237664461135864,1.4810398817062378
8500,mha_decoupled,moe,456,5,3,0.037574462592601776,0.04244966804981232,1.4810398817062378
8500,mha_decoupled,moe,456,5,4,0.05564819276332855,0.060067158192396164,1.4810398817062378
8500,mha_decoupled,moe,456,5,5,0.03991333022713661,0.04260237142443657,1.4810398817062378
8500,mha_decoupled,moe,456,5,6,0.049677733331918716,0.05981124937534332,1.4810398817062378
8500,mha_decoupled,moe,456,5,7,0.06931762397289276,0.07726749032735825,1.4810398817062378
8500,mha_decoupled,moe,456,5,8,0.041441649198532104,0.03765999898314476,1.4810398817062378
8500,mha_decoupled,moe,456,5,9,0.03825927898287773,0.03965321183204651,1.4810398817062378
8500,mha_decoupled,moe,456,5,10,0.08992065489292145,0.07487713545560837,1.4810398817062378
8500,mha_decoupled,moe,456,5,11,0.11511597037315369,0.07104756683111191,1.4810398817062378
8500,mha_decoupled,moe,456,5,12,0.06437133997678757,0.07023715227842331,1.4810398817062378
8500,mha_decoupled,moe,456,5,13,0.02894287183880806,0.036329057067632675,1.4810398817062378
8500,mha_decoupled,moe,456,5,14,0.07447388023138046,0.09020661562681198,1.4810398817062378
8500,mha_decoupled,moe,456,5,15,0.055888671427965164,0.05517400801181793,1.4810398817062378
9000,mha_decoupled,moe,456,1,0,0.0916760265827179,0.06643699109554291,2.5466742515563965
9000,mha_decoupled,moe,456,1,1,0.06071288883686066,0.058860015124082565,2.5466742515563965
9000,mha_decoupled,moe,456,1,2,0.06946655362844467,0.05667128413915634,2.5466742515563965
9000,mha_decoupled,moe,456,1,3,0.04986938461661339,0.05431056022644043,2.5466742515563965
9000,mha_decoupled,moe,456,1,4,0.04941650480031967,0.056574564427137375,2.5466742515563965
9000,mha_decoupled,moe,456,1,5,0.05539795011281967,0.056091222912073135,2.5466742515563965
9000,mha_decoupled,moe,456,1,6,0.08097290247678757,0.06935960054397583,2.5466742515563965
9000,mha_decoupled,moe,456,1,7,0.06560424715280533,0.06851239502429962,2.5466742515563965
9000,mha_decoupled,moe,456,1,8,0.06891968101263046,0.06544718146324158,2.5466742515563965
9000,mha_decoupled,moe,456,1,9,0.05167480558156967,0.05817335471510887,2.5466742515563965
9000,mha_decoupled,moe,456,1,10,0.06656493991613388,0.06397152692079544,2.5466742515563965
9000,mha_decoupled,moe,456,1,11,0.06670043617486954,0.06803987920284271,2.5466742515563965
9000,mha_decoupled,moe,456,1,12,0.05140014737844467,0.058040399104356766,2.5466742515563965
9000,mha_decoupled,moe,456,1,13,0.059382323175668716,0.06698699295520782,2.5466742515563965
9000,mha_decoupled,moe,456,1,14,0.049644775688648224,0.06674748659133911,2.5466742515563965
9000,mha_decoupled,moe,456,1,15,0.06259643286466599,0.06577654927968979,2.5466742515563965
9000,mha_decoupled,moe,456,2,0,0.07715210318565369,0.06844580173492432,1.9251599311828613
9000,mha_decoupled,moe,456,2,1,0.05705444514751434,0.06542997062206268,1.9251599311828613
9000,mha_decoupled,moe,456,2,2,0.06333129853010178,0.07515591382980347,1.9251599311828613
9000,mha_decoupled,moe,456,2,3,0.08134887367486954,0.06829167157411575,1.9251599311828613
9000,mha_decoupled,moe,456,2,4,0.06302978843450546,0.0664893165230751,1.9251599311828613
9000,mha_decoupled,moe,456,2,5,0.05004638805985451,0.05367232859134674,1.9251599311828613
9000,mha_decoupled,moe,456,2,6,0.06818969547748566,0.0596441850066185,1.9251599311828613
9000,mha_decoupled,moe,456,2,7,0.05076782405376434,0.052823204547166824,1.9251599311828613
9000,mha_decoupled,moe,456,2,8,0.049262695014476776,0.05922653526067734,1.9251599311828613
9000,mha_decoupled,moe,456,2,9,0.05287475511431694,0.049095816910266876,1.9251599311828613
9000,mha_decoupled,moe,456,2,10,0.07407715171575546,0.0628761500120163,1.9251599311828613
9000,mha_decoupled,moe,456,2,11,0.04952636733651161,0.0534847155213356,1.9251599311828613
9000,mha_decoupled,moe,456,2,12,0.07307007163763046,0.06509917229413986,1.9251599311828613
9000,mha_decoupled,moe,456,2,13,0.06791870296001434,0.061338700354099274,1.9251599311828613
9000,mha_decoupled,moe,456,2,14,0.06308227777481079,0.07074518501758575,1.9251599311828613
9000,mha_decoupled,moe,456,2,15,0.05926757678389549,0.06818138808012009,1.9251599311828613
9000,mha_decoupled,moe,456,3,0,0.09771118313074112,0.08869151026010513,1.3508658409118652
9000,mha_decoupled,moe,456,3,1,0.033625487238168716,0.03682590276002884,1.3508658409118652
9000,mha_decoupled,moe,456,3,2,0.10260254144668579,0.08296244591474533,1.3508658409118652
9000,mha_decoupled,moe,456,3,3,0.06436645239591599,0.07287278026342392,1.3508658409118652
9000,mha_decoupled,moe,456,3,4,0.06072021648287773,0.058126334100961685,1.3508658409118652
9000,mha_decoupled,moe,456,3,5,0.04294677823781967,0.05442000553011894,1.3508658409118652
9000,mha_decoupled,moe,456,3,6,0.0652783215045929,0.06376198679208755,1.3508658409118652
9000,mha_decoupled,moe,456,3,7,0.055394288152456284,0.06027495488524437,1.3508658409118652
9000,mha_decoupled,moe,456,3,8,0.06579834222793579,0.0625380426645279,1.3508658409118652
9000,mha_decoupled,moe,456,3,9,0.042210694402456284,0.04641275480389595,1.3508658409118652
9000,mha_decoupled,moe,456,3,10,0.0667736828327179,0.0677076131105423,1.3508658409118652
9000,mha_decoupled,moe,456,3,11,0.04126342758536339,0.04460770636796951,1.3508658409118652
9000,mha_decoupled,moe,456,3,12,0.05759033188223839,0.06154775992035866,1.3508658409118652
9000,mha_decoupled,moe,456,3,13,0.07780273258686066,0.06647960096597672,1.3508658409118652
9000,mha_decoupled,moe,456,3,14,0.06448974460363388,0.06934264302253723,1.3508658409118652
9000,mha_decoupled,moe,456,3,15,0.06142578274011612,0.06342791765928268,1.3508658409118652
9000,mha_decoupled,moe,456,4,0,0.051044922322034836,0.06281999498605728,1.0933412313461304
9000,mha_decoupled,moe,456,4,1,0.0663159191608429,0.06227942556142807,1.0933412313461304
9000,mha_decoupled,moe,456,4,2,0.04238525405526161,0.05949001759290695,1.0933412313461304
9000,mha_decoupled,moe,456,4,3,0.045738525688648224,0.04826580360531807,1.0933412313461304
9000,mha_decoupled,moe,456,4,4,0.08693969994783401,0.0778164267539978,1.0933412313461304
9000,mha_decoupled,moe,456,4,5,0.05929321423172951,0.062157515436410904,1.0933412313461304
9000,mha_decoupled,moe,456,4,6,0.09017577767372131,0.09586909413337708,1.0933412313461304
9000,mha_decoupled,moe,456,4,7,0.07688964903354645,0.06683894991874695,1.0933412313461304
9000,mha_decoupled,moe,456,4,8,0.06152099743485451,0.05707089975476265,1.0933412313461304
9000,mha_decoupled,moe,456,4,9,0.060936279594898224,0.04884352535009384,1.0933412313461304
9000,mha_decoupled,moe,456,4,10,0.08105102181434631,0.0865141749382019,1.0933412313461304
9000,mha_decoupled,moe,456,4,11,0.053009033203125,0.06507403403520584,1.0933412313461304
9000,mha_decoupled,moe,456,4,12,0.03790893405675888,0.03977245092391968,1.0933412313461304
9000,mha_decoupled,moe,456,4,13,0.06703124940395355,0.06424015760421753,1.0933412313461304
9000,mha_decoupled,moe,456,4,14,0.06178344786167145,0.045168086886405945,1.0933412313461304
9000,mha_decoupled,moe,456,4,15,0.057976074516773224,0.05777943506836891,1.0933412313461304
9000,mha_decoupled,moe,456,5,0,0.11244628578424454,0.11467662453651428,1.4926731586456299
9000,mha_decoupled,moe,456,5,1,0.07020263373851776,0.07416370511054993,1.4926731586456299
9000,mha_decoupled,moe,456,5,2,0.04948364198207855,0.04512856900691986,1.4926731586456299
9000,mha_decoupled,moe,456,5,3,0.039116211235523224,0.04443754628300667,1.4926731586456299
9000,mha_decoupled,moe,456,5,4,0.05885376036167145,0.06323406845331192,1.4926731586456299
9000,mha_decoupled,moe,456,5,5,0.04082885757088661,0.043456412851810455,1.4926731586456299
9000,mha_decoupled,moe,456,5,6,0.049012452363967896,0.05907034873962402,1.4926731586456299
9000,mha_decoupled,moe,456,5,7,0.07023193687200546,0.07874186336994171,1.4926731586456299
9000,mha_decoupled,moe,456,5,8,0.03996337950229645,0.03681209683418274,1.4926731586456299
9000,mha_decoupled,moe,456,5,9,0.041401367634534836,0.04213661700487137,1.4926731586456299
9000,mha_decoupled,moe,456,5,10,0.08744995296001434,0.07252244651317596,1.4926731586456299
9000,mha_decoupled,moe,456,5,11,0.11989746242761612,0.07629545778036118,1.4926731586456299
9000,mha_decoupled,moe,456,5,12,0.06409423798322678,0.07048454880714417,1.4926731586456299
9000,mha_decoupled,moe,456,5,13,0.027275390923023224,0.03465777263045311,1.4926731586456299
9000,mha_decoupled,moe,456,5,14,0.07295532524585724,0.08718868345022202,1.4926731586456299
9000,mha_decoupled,moe,456,5,15,0.05678711086511612,0.05699317902326584,1.4926731586456299
9500,mha_decoupled,moe,456,1,0,0.09239380061626434,0.06679364293813705,2.5353832244873047
9500,mha_decoupled,moe,456,1,1,0.060820311307907104,0.05883436277508736,2.5353832244873047
9500,mha_decoupled,moe,456,1,2,0.06723632663488388,0.056292809545993805,2.5353832244873047
9500,mha_decoupled,moe,456,1,3,0.06850463896989822,0.05782783031463623,2.5353832244873047
9500,mha_decoupled,moe,456,1,4,0.047077637165784836,0.05784119665622711,2.5353832244873047
9500,mha_decoupled,moe,456,1,5,0.05211181566119194,0.05628160014748573,2.5353832244873047
9500,mha_decoupled,moe,456,1,6,0.08351196348667145,0.06991861015558243,2.5353832244873047
9500,mha_decoupled,moe,456,1,7,0.05298217758536339,0.06610523909330368,2.5353832244873047
9500,mha_decoupled,moe,456,1,8,0.05903808772563934,0.06216471642255783,2.5353832244873047
9500,mha_decoupled,moe,456,1,9,0.051666259765625,0.05886746570467949,2.5353832244873047
9500,mha_decoupled,moe,456,1,10,0.0637499988079071,0.0626569613814354,2.5353832244873047
9500,mha_decoupled,moe,456,1,11,0.06676513701677322,0.06787727028131485,2.5353832244873047
9500,mha_decoupled,moe,456,1,12,0.06025024503469467,0.05898545682430267,2.5353832244873047
9500,mha_decoupled,moe,456,1,13,0.05128173902630806,0.06652096658945084,2.5353832244873047
9500,mha_decoupled,moe,456,1,14,0.061431884765625,0.0689014121890068,2.5353832244873047
9500,mha_decoupled,moe,456,1,15,0.06117798015475273,0.06413043290376663,2.5353832244873047
9500,mha_decoupled,moe,456,2,0,0.07415771484375,0.06597749143838882,1.9219876527786255
9500,mha_decoupled,moe,456,2,1,0.06009155139327049,0.06873360276222229,1.9219876527786255
9500,mha_decoupled,moe,456,2,2,0.06036132946610451,0.07248266041278839,1.9219876527786255
9500,mha_decoupled,moe,456,2,3,0.07738158851861954,0.06579442322254181,1.9219876527786255
9500,mha_decoupled,moe,456,2,4,0.05370483547449112,0.06234794110059738,1.9219876527786255
9500,mha_decoupled,moe,456,2,5,0.053520508110523224,0.05848780274391174,1.9219876527786255
9500,mha_decoupled,moe,456,2,6,0.06812622398138046,0.05806723237037659,1.9219876527786255
9500,mha_decoupled,moe,456,2,7,0.052204590290784836,0.0540047362446785,1.9219876527786255
9500,mha_decoupled,moe,456,2,8,0.060344237834215164,0.06402532756328583,1.9219876527786255
9500,mha_decoupled,moe,456,2,9,0.061878662556409836,0.05382169783115387,1.9219876527786255
9500,mha_decoupled,moe,456,2,10,0.07680542021989822,0.06484989821910858,1.9219876527786255
9500,mha_decoupled,moe,456,2,11,0.05552612245082855,0.05744462460279465,1.9219876527786255
9500,mha_decoupled,moe,456,2,12,0.06628784537315369,0.06218922510743141,1.9219876527786255
9500,mha_decoupled,moe,456,2,13,0.06852173060178757,0.06151391565799713,1.9219876527786255
9500,mha_decoupled,moe,456,2,14,0.05413574352860451,0.06414754688739777,1.9219876527786255
9500,mha_decoupled,moe,456,2,15,0.05695190280675888,0.06611184775829315,1.9219876527786255
9500,mha_decoupled,moe,456,3,0,0.09483276307582855,0.08581710606813431,1.3593132495880127
9500,mha_decoupled,moe,456,3,1,0.03364501893520355,0.03726944327354431,1.3593132495880127
9500,mha_decoupled,moe,456,3,2,0.10676635801792145,0.08778391033411026,1.3593132495880127
9500,mha_decoupled,moe,456,3,3,0.06434325873851776,0.07155954092741013,1.3593132495880127
9500,mha_decoupled,moe,456,3,4,0.061585694551467896,0.05944209173321724,1.3593132495880127
9500,mha_decoupled,moe,456,3,5,0.042133789509534836,0.05309002846479416,1.3593132495880127
9500,mha_decoupled,moe,456,3,6,0.06653076410293579,0.06471553444862366,1.3593132495880127
9500,mha_decoupled,moe,456,3,7,0.05399902164936066,0.058605775237083435,1.3593132495880127
9500,mha_decoupled,moe,456,3,8,0.06325561553239822,0.06053842604160309,1.3593132495880127
9500,mha_decoupled,moe,456,3,9,0.04083495959639549,0.04496806487441063,1.3593132495880127
9500,mha_decoupled,moe,456,3,10,0.06957763433456421,0.0714971050620079,1.3593132495880127
9500,mha_decoupled,moe,456,3,11,0.04007812589406967,0.04436143487691879,1.3593132495880127
9500,mha_decoupled,moe,456,3,12,0.05791870132088661,0.059852857142686844,1.3593132495880127
9500,mha_decoupled,moe,456,3,13,0.07595458626747131,0.06514531373977661,1.3593132495880127
9500,mha_decoupled,moe,456,3,14,0.06499511748552322,0.07001613080501556,1.3593132495880127
9500,mha_decoupled,moe,456,3,15,0.06354858726263046,0.06533723324537277,1.3593132495880127
9500,mha_decoupled,moe,456,4,0,0.05208984389901161,0.06394711136817932,1.0926408767700195
9500,mha_decoupled,moe,456,4,1,0.06825805455446243,0.06342513859272003,1.0926408767700195
9500,mha_decoupled,moe,456,4,2,0.04312377795577049,0.061447154730558395,1.0926408767700195
9500,mha_decoupled,moe,456,4,3,0.04569091647863388,0.04682053253054619,1.0926408767700195
9500,mha_decoupled,moe,456,4,4,0.09096191078424454,0.08279722929000854,1.0926408767700195
9500,mha_decoupled,moe,456,4,5,0.05648437514901161,0.05962294712662697,1.0926408767700195
9500,mha_decoupled,moe,456,4,6,0.08894775062799454,0.09431704878807068,1.0926408767700195
9500,mha_decoupled,moe,456,4,7,0.07587157934904099,0.06565915793180466,1.0926408767700195
9500,mha_decoupled,moe,456,4,8,0.06083374097943306,0.05660436674952507,1.0926408767700195
9500,mha_decoupled,moe,456,4,9,0.06204467639327049,0.04921584576368332,1.0926408767700195
9500,mha_decoupled,moe,456,4,10,0.07939086854457855,0.08483807742595673,1.0926408767700195
9500,mha_decoupled,moe,456,4,11,0.05294433608651161,0.0645965114235878,1.0926408767700195
9500,mha_decoupled,moe,456,4,12,0.03930297866463661,0.04134739562869072,1.0926408767700195
9500,mha_decoupled,moe,456,4,13,0.06725707650184631,0.06388816237449646,1.0926408767700195
9500,mha_decoupled,moe,456,4,14,0.06169067323207855,0.04632343351840973,1.0926408767700195
9500,mha_decoupled,moe,456,4,15,0.055107422173023224,0.05514989048242569,1.0926408767700195
9500,mha_decoupled,moe,456,5,0,0.1105029284954071,0.10998821258544922,1.496180772781372
9500,mha_decoupled,moe,456,5,1,0.07118896394968033,0.07492899894714355,1.496180772781372
9500,mha_decoupled,moe,456,5,2,0.05180297791957855,0.049158040434122086,1.496180772781372
9500,mha_decoupled,moe,456,5,3,0.03734130784869194,0.04353654384613037,1.496180772781372
9500,mha_decoupled,moe,456,5,4,0.058326415717601776,0.06243160739541054,1.496180772781372
9500,mha_decoupled,moe,456,5,5,0.040379639714956284,0.04350842162966728,1.496180772781372
9500,mha_decoupled,moe,456,5,6,0.05001464858651161,0.059262365102767944,1.496180772781372
9500,mha_decoupled,moe,456,5,7,0.06807129085063934,0.07505832612514496,1.496180772781372
9500,mha_decoupled,moe,456,5,8,0.04243774339556694,0.03887902945280075,1.496180772781372
9500,mha_decoupled,moe,456,5,9,0.04041137546300888,0.042270347476005554,1.496180772781372
9500,mha_decoupled,moe,456,5,10,0.08883178979158401,0.07232063263654709,1.496180772781372
9500,mha_decoupled,moe,456,5,11,0.1170971691608429,0.07502493262290955,1.496180772781372
9500,mha_decoupled,moe,456,5,12,0.05996948108077049,0.0679551288485527,1.496180772781372
9500,mha_decoupled,moe,456,5,13,0.030802002176642418,0.03871965408325195,1.496180772781372
9500,mha_decoupled,moe,456,5,14,0.07669555395841599,0.09086469560861588,1.496180772781372
9500,mha_decoupled,moe,456,5,15,0.056126710027456284,0.05609305948019028,1.496180772781372
10000,mha_decoupled,moe,456,1,0,0.09062866121530533,0.06606511771678925,2.5328867435455322
10000,mha_decoupled,moe,456,1,1,0.06312377750873566,0.05896903946995735,2.5328867435455322
10000,mha_decoupled,moe,456,1,2,0.05919799953699112,0.054323915392160416,2.5328867435455322
10000,mha_decoupled,moe,456,1,3,0.048847656697034836,0.05357309803366661,2.5328867435455322
10000,mha_decoupled,moe,456,1,4,0.058692626655101776,0.057070497423410416,2.5328867435455322
10000,mha_decoupled,moe,456,1,5,0.050114747136831284,0.05531240627169609,2.5328867435455322
10000,mha_decoupled,moe,456,1,6,0.082275390625,0.06973490864038467,2.5328867435455322
10000,mha_decoupled,moe,456,1,7,0.05751220881938934,0.06795600801706314,2.5328867435455322
10000,mha_decoupled,moe,456,1,8,0.0628063976764679,0.06433618813753128,2.5328867435455322
10000,mha_decoupled,moe,456,1,9,0.06194213777780533,0.06023779511451721,2.5328867435455322
10000,mha_decoupled,moe,456,1,10,0.06618285924196243,0.06440779566764832,2.5328867435455322
10000,mha_decoupled,moe,456,1,11,0.06706054508686066,0.06758521497249603,2.5328867435455322
10000,mha_decoupled,moe,456,1,12,0.05165649577975273,0.05832960456609726,2.5328867435455322
10000,mha_decoupled,moe,456,1,13,0.06184448301792145,0.06854632496833801,2.5328867435455322
10000,mha_decoupled,moe,456,1,14,0.055671386420726776,0.06835257261991501,2.5328867435455322
10000,mha_decoupled,moe,456,1,15,0.06244262680411339,0.06519949436187744,2.5328867435455322
10000,mha_decoupled,moe,456,2,0,0.07097289711236954,0.06360577046871185,1.915828824043274
10000,mha_decoupled,moe,456,2,1,0.05671386793255806,0.06700167804956436,1.915828824043274
10000,mha_decoupled,moe,456,2,2,0.05649780109524727,0.06742626428604126,1.915828824043274
10000,mha_decoupled,moe,456,2,3,0.08090697973966599,0.06938768178224564,1.915828824043274
10000,mha_decoupled,moe,456,2,4,0.059764403849840164,0.06518077850341797,1.915828824043274
10000,mha_decoupled,moe,456,2,5,0.05179077014327049,0.05667862296104431,1.915828824043274
10000,mha_decoupled,moe,456,2,6,0.06799682974815369,0.05733601748943329,1.915828824043274
10000,mha_decoupled,moe,456,2,7,0.058372803032398224,0.05653708800673485,1.915828824043274
10000,mha_decoupled,moe,456,2,8,0.053919676691293716,0.06346701830625534,1.915828824043274
10000,mha_decoupled,moe,456,2,9,0.06244872882962227,0.05485744774341583,1.915828824043274
10000,mha_decoupled,moe,456,2,10,0.07528076320886612,0.06340260803699493,1.915828824043274
10000,mha_decoupled,moe,456,2,11,0.04966796934604645,0.05473814532160759,1.915828824043274
10000,mha_decoupled,moe,456,2,12,0.07245117425918579,0.06538917869329453,1.915828824043274
10000,mha_decoupled,moe,456,2,13,0.0675366222858429,0.061117984354496,1.915828824043274
10000,mha_decoupled,moe,456,2,14,0.054295655339956284,0.0644993707537651,1.915828824043274
10000,mha_decoupled,moe,456,2,15,0.06138305738568306,0.06937433034181595,1.915828824043274
10000,mha_decoupled,moe,456,3,0,0.09379394352436066,0.08511563390493393,1.3600233793258667
10000,mha_decoupled,moe,456,3,1,0.03419311344623566,0.0369645431637764,1.3600233793258667
10000,mha_decoupled,moe,456,3,2,0.1060778796672821,0.08561423420906067,1.3600233793258667
10000,mha_decoupled,moe,456,3,3,0.06416747719049454,0.07173358649015427,1.3600233793258667
10000,mha_decoupled,moe,456,3,4,0.05985473468899727,0.05838657543063164,1.3600233793258667
10000,mha_decoupled,moe,456,3,5,0.041748046875,0.05350227653980255,1.3600233793258667
10000,mha_decoupled,moe,456,3,6,0.06623413413763046,0.06473466753959656,1.3600233793258667
10000,mha_decoupled,moe,456,3,7,0.05373535305261612,0.059085097163915634,1.3600233793258667
10000,mha_decoupled,moe,456,3,8,0.06677490472793579,0.06491418182849884,1.3600233793258667
10000,mha_decoupled,moe,456,3,9,0.04098876938223839,0.04456879198551178,1.3600233793258667
10000,mha_decoupled,moe,456,3,10,0.06861938536167145,0.06967802345752716,1.3600233793258667
10000,mha_decoupled,moe,456,3,11,0.04215942323207855,0.04469271004199982,1.3600233793258667
10000,mha_decoupled,moe,456,3,12,0.06026245281100273,0.06416232883930206,1.3600233793258667
10000,mha_decoupled,moe,456,3,13,0.07773559540510178,0.06592962890863419,1.3600233793258667
10000,mha_decoupled,moe,456,3,14,0.060639649629592896,0.06648804247379303,1.3600233793258667
10000,mha_decoupled,moe,456,3,15,0.06301513314247131,0.06442973017692566,1.3600233793258667
10000,mha_decoupled,moe,456,4,0,0.049854736775159836,0.06011825427412987,1.0973842144012451
10000,mha_decoupled,moe,456,4,1,0.06696899235248566,0.06241314858198166,1.0973842144012451
10000,mha_decoupled,moe,456,4,2,0.04482788220047951,0.06387224793434143,1.0973842144012451
10000,mha_decoupled,moe,456,4,3,0.045695800334215164,0.048146024346351624,1.0973842144012451
10000,mha_decoupled,moe,456,4,4,0.09051269292831421,0.08325567841529846,1.0973842144012451
10000,mha_decoupled,moe,456,4,5,0.058686524629592896,0.06061508506536484,1.0973842144012451
10000,mha_decoupled,moe,456,4,6,0.08817138522863388,0.09416092187166214,1.0973842144012451
10000,mha_decoupled,moe,456,4,7,0.07735595852136612,0.06704995036125183,1.0973842144012451
10000,mha_decoupled,moe,456,4,8,0.06324218958616257,0.05812107399106026,1.0973842144012451
10000,mha_decoupled,moe,456,4,9,0.060734864324331284,0.04816170036792755,1.0973842144012451
10000,mha_decoupled,moe,456,4,10,0.07975219935178757,0.08430841565132141,1.0973842144012451
10000,mha_decoupled,moe,456,4,11,0.05183593928813934,0.064881332218647,1.0973842144012451
10000,mha_decoupled,moe,456,4,12,0.040119629353284836,0.04215320199728012,1.0973842144012451
10000,mha_decoupled,moe,456,4,13,0.0667126476764679,0.06487182527780533,1.0973842144012451
10000,mha_decoupled,moe,456,4,14,0.06115966662764549,0.0436522401869297,1.0973842144012451
10000,mha_decoupled,moe,456,4,15,0.05436889827251434,0.054218925535678864,1.0973842144012451
10000,mha_decoupled,moe,456,5,0,0.11146239936351776,0.10970960557460785,1.498817801475525
10000,mha_decoupled,moe,456,5,1,0.06961303949356079,0.07235261052846909,1.498817801475525
10000,mha_decoupled,moe,456,5,2,0.052086181938648224,0.04934811219573021,1.498817801475525
10000,mha_decoupled,moe,456,5,3,0.037720948457717896,0.04496229812502861,1.498817801475525
10000,mha_decoupled,moe,456,5,4,0.05292602628469467,0.058293379843235016,1.498817801475525
10000,mha_decoupled,moe,456,5,5,0.03904540836811066,0.041685551404953,1.498817801475525
10000,mha_decoupled,moe,456,5,6,0.04993896558880806,0.05729687586426735,1.498817801475525
10000,mha_decoupled,moe,456,5,7,0.0694262683391571,0.07613880187273026,1.498817801475525
10000,mha_decoupled,moe,456,5,8,0.043333739042282104,0.041323304176330566,1.498817801475525
10000,mha_decoupled,moe,456,5,9,0.03992553800344467,0.041200075298547745,1.498817801475525
10000,mha_decoupled,moe,456,5,10,0.08977051079273224,0.0734320655465126,1.498817801475525
10000,mha_decoupled,moe,456,5,11,0.1157519519329071,0.07461480051279068,1.498817801475525
10000,mha_decoupled,moe,456,5,12,0.062409669160842896,0.06948676705360413,1.498817801475525
10000,mha_decoupled,moe,456,5,13,0.031383056193590164,0.039323579519987106,1.498817801475525
10000,mha_decoupled,moe,456,5,14,0.07675781100988388,0.09237737953662872,1.498817801475525
10000,mha_decoupled,moe,456,5,15,0.058448486030101776,0.05845476686954498,1.498817801475525
10500,mha_decoupled,moe,456,1,0,0.08709350228309631,0.06558690220117569,2.528933048248291
10500,mha_decoupled,moe,456,1,1,0.06574585288763046,0.05947193503379822,2.528933048248291
10500,mha_decoupled,moe,456,1,2,0.057557374238967896,0.05345853418111801,2.528933048248291
10500,mha_decoupled,moe,456,1,3,0.05785766616463661,0.05708419904112816,2.528933048248291
10500,mha_decoupled,moe,456,1,4,0.05150146409869194,0.05622239410877228,2.528933048248291
10500,mha_decoupled,moe,456,1,5,0.05574585124850273,0.0558091402053833,2.528933048248291
10500,mha_decoupled,moe,456,1,6,0.08003173768520355,0.06954129785299301,2.528933048248291
10500,mha_decoupled,moe,456,1,7,0.05998413264751434,0.06829376518726349,2.528933048248291
10500,mha_decoupled,moe,456,1,8,0.06083862483501434,0.06310736387968063,2.528933048248291
10500,mha_decoupled,moe,456,1,9,0.06176513805985451,0.060030702501535416,2.528933048248291
10500,mha_decoupled,moe,456,1,10,0.06697631627321243,0.06470045447349548,2.528933048248291
10500,mha_decoupled,moe,456,1,11,0.06224609538912773,0.06573233008384705,2.528933048248291
10500,mha_decoupled,moe,456,1,12,0.05160888656973839,0.05742902308702469,2.528933048248291
10500,mha_decoupled,moe,456,1,13,0.062128905206918716,0.06851185858249664,2.528933048248291
10500,mha_decoupled,moe,456,1,14,0.05768798664212227,0.06884897500276566,2.528933048248291
10500,mha_decoupled,moe,456,1,15,0.06123046949505806,0.06617112457752228,2.528933048248291
10500,mha_decoupled,moe,456,2,0,0.07275024056434631,0.06575235724449158,1.907139539718628
10500,mha_decoupled,moe,456,2,1,0.057432860136032104,0.06661368161439896,1.907139539718628
10500,mha_decoupled,moe,456,2,2,0.05864135921001434,0.07083844393491745,1.907139539718628
10500,mha_decoupled,moe,456,2,3,0.08235229551792145,0.0706220492720604,1.907139539718628
10500,mha_decoupled,moe,456,2,4,0.05993408337235451,0.06383746862411499,1.907139539718628
10500,mha_decoupled,moe,456,2,5,0.051121827214956284,0.05530792102217674,1.907139539718628
10500,mha_decoupled,moe,456,2,6,0.06954589486122131,0.059312839061021805,1.907139539718628
10500,mha_decoupled,moe,456,2,7,0.050816651433706284,0.053294893354177475,1.907139539718628
10500,mha_decoupled,moe,456,2,8,0.05090698227286339,0.060882482677698135,1.907139539718628
10500,mha_decoupled,moe,456,2,9,0.061835937201976776,0.054123654961586,1.907139539718628
10500,mha_decoupled,moe,456,2,10,0.0743420422077179,0.06223469600081444,1.907139539718628
10500,mha_decoupled,moe,456,2,11,0.06152587756514549,0.060952749103307724,1.907139539718628
10500,mha_decoupled,moe,456,2,12,0.06931884586811066,0.06487437337636948,1.907139539718628
10500,mha_decoupled,moe,456,2,13,0.06842773407697678,0.06160174682736397,1.907139539718628
10500,mha_decoupled,moe,456,2,14,0.05439087003469467,0.06437371671199799,1.907139539718628
10500,mha_decoupled,moe,456,2,15,0.05665649473667145,0.06537692248821259,1.907139539718628
10500,mha_decoupled,moe,456,3,0,0.09203613549470901,0.08566480875015259,1.3539854288101196
10500,mha_decoupled,moe,456,3,1,0.03445068374276161,0.03767427057027817,1.3539854288101196
10500,mha_decoupled,moe,456,3,2,0.10687988251447678,0.08775769174098969,1.3539854288101196
10500,mha_decoupled,moe,456,3,3,0.06415039300918579,0.07202862948179245,1.3539854288101196
10500,mha_decoupled,moe,456,3,4,0.05952636897563934,0.05738064646720886,1.3539854288101196
10500,mha_decoupled,moe,456,3,5,0.043403320014476776,0.05460737273097038,1.3539854288101196
10500,mha_decoupled,moe,456,3,6,0.06558959931135178,0.06366294622421265,1.3539854288101196
10500,mha_decoupled,moe,456,3,7,0.05431274324655533,0.058962274342775345,1.3539854288101196
10500,mha_decoupled,moe,456,3,8,0.06625610589981079,0.06362929195165634,1.3539854288101196
10500,mha_decoupled,moe,456,3,9,0.042473144829273224,0.04621614143252373,1.3539854288101196
10500,mha_decoupled,moe,456,3,10,0.06900268793106079,0.06977081298828125,1.3539854288101196
10500,mha_decoupled,moe,456,3,11,0.04194457828998566,0.044625379145145416,1.3539854288101196
10500,mha_decoupled,moe,456,3,12,0.055174559354782104,0.05749798193573952,1.3539854288101196
10500,mha_decoupled,moe,456,3,13,0.07682739198207855,0.06560135632753372,1.3539854288101196
10500,mha_decoupled,moe,456,3,14,0.061927489936351776,0.06741901487112045,1.3539854288101196
10500,mha_decoupled,moe,456,3,15,0.06604491919279099,0.06750138103961945,1.3539854288101196
10500,mha_decoupled,moe,456,4,0,0.051483154296875,0.061568617820739746,1.0961779356002808
10500,mha_decoupled,moe,456,4,1,0.06611084192991257,0.06299412995576859,1.0961779356002808
10500,mha_decoupled,moe,456,4,2,0.04240600764751434,0.05992487072944641,1.0961779356002808
10500,mha_decoupled,moe,456,4,3,0.04539184644818306,0.048454638570547104,1.0961779356002808
10500,mha_decoupled,moe,456,4,4,0.09119384735822678,0.0836338922381401,1.0961779356002808
10500,mha_decoupled,moe,456,4,5,0.057384032756090164,0.05983028560876846,1.0961779356002808
10500,mha_decoupled,moe,456,4,6,0.08942627161741257,0.09423306584358215,1.0961779356002808
10500,mha_decoupled,moe,456,4,7,0.07729492336511612,0.06676997989416122,1.0961779356002808
10500,mha_decoupled,moe,456,4,8,0.06122802570462227,0.05655577778816223,1.0961779356002808
10500,mha_decoupled,moe,456,4,9,0.06287963688373566,0.0502987876534462,1.0961779356002808
10500,mha_decoupled,moe,456,4,10,0.08271362632513046,0.08769434690475464,1.0961779356002808
10500,mha_decoupled,moe,456,4,11,0.05188964679837227,0.0644790381193161,1.0961779356002808
10500,mha_decoupled,moe,456,4,12,0.03729248046875,0.03989219292998314,1.0961779356002808
10500,mha_decoupled,moe,456,4,13,0.06670532375574112,0.06493814289569855,1.0961779356002808
10500,mha_decoupled,moe,456,4,14,0.061302490532398224,0.04422483965754509,1.0961779356002808
10500,mha_decoupled,moe,456,4,15,0.0552978515625,0.05450742691755295,1.0961779356002808
10500,mha_decoupled,moe,456,5,0,0.11411865055561066,0.1124262735247612,1.493109941482544
10500,mha_decoupled,moe,456,5,1,0.07137694954872131,0.07569990307092667,1.493109941482544
10500,mha_decoupled,moe,456,5,2,0.05361328274011612,0.05094371363520622,1.493109941482544
10500,mha_decoupled,moe,456,5,3,0.03722778335213661,0.04381033033132553,1.493109941482544
10500,mha_decoupled,moe,456,5,4,0.05460571125149727,0.059458475559949875,1.493109941482544
10500,mha_decoupled,moe,456,5,5,0.040130615234375,0.043763529509305954,1.493109941482544
10500,mha_decoupled,moe,456,5,6,0.050404053181409836,0.06049467995762825,1.493109941482544
10500,mha_decoupled,moe,456,5,7,0.06623169034719467,0.07378530502319336,1.493109941482544
10500,mha_decoupled,moe,456,5,8,0.041319578886032104,0.03810996189713478,1.493109941482544
10500,mha_decoupled,moe,456,5,9,0.04089721664786339,0.04280806705355644,1.493109941482544
10500,mha_decoupled,moe,456,5,10,0.08925292640924454,0.07413782924413681,1.493109941482544
10500,mha_decoupled,moe,456,5,11,0.12142089754343033,0.07662644237279892,1.493109941482544
10500,mha_decoupled,moe,456,5,12,0.05993896350264549,0.06767947226762772,1.493109941482544
10500,mha_decoupled,moe,456,5,13,0.031025391072034836,0.03811246529221535,1.493109941482544
10500,mha_decoupled,moe,456,5,14,0.07351318001747131,0.08701994270086288,1.493109941482544
10500,mha_decoupled,moe,456,5,15,0.05492309480905533,0.05512361600995064,1.493109941482544
11000,mha_decoupled,moe,456,1,0,0.092559814453125,0.0677308663725853,2.5209157466888428
11000,mha_decoupled,moe,456,1,1,0.06470825523138046,0.05872383713722229,2.5209157466888428
11000,mha_decoupled,moe,456,1,2,0.06024536117911339,0.05434069782495499,2.5209157466888428
11000,mha_decoupled,moe,456,1,3,0.06085449084639549,0.058557845652103424,2.5209157466888428
11000,mha_decoupled,moe,456,1,4,0.05312133952975273,0.05607228726148605,2.5209157466888428
11000,mha_decoupled,moe,456,1,5,0.06190185621380806,0.05779145285487175,2.5209157466888428
11000,mha_decoupled,moe,456,1,6,0.0756848156452179,0.06727702170610428,2.5209157466888428
11000,mha_decoupled,moe,456,1,7,0.052967529743909836,0.06702790409326553,2.5209157466888428
11000,mha_decoupled,moe,456,1,8,0.06104125827550888,0.06353683769702911,2.5209157466888428
11000,mha_decoupled,moe,456,1,9,0.057490233331918716,0.059710465371608734,2.5209157466888428
11000,mha_decoupled,moe,456,1,10,0.0657666027545929,0.06325791031122208,2.5209157466888428
11000,mha_decoupled,moe,456,1,11,0.06010375916957855,0.0649188831448555,2.5209157466888428
11000,mha_decoupled,moe,456,1,12,0.05650024488568306,0.0587533563375473,2.5209157466888428
11000,mha_decoupled,moe,456,1,13,0.06675048917531967,0.06974084675312042,2.5209157466888428
11000,mha_decoupled,moe,456,1,14,0.05399780347943306,0.06945665180683136,2.5209157466888428
11000,mha_decoupled,moe,456,1,15,0.056306153535842896,0.06310313194990158,2.5209157466888428
11000,mha_decoupled,moe,456,2,0,0.07403197884559631,0.06567821651697159,1.911622166633606
11000,mha_decoupled,moe,456,2,1,0.058186035603284836,0.06759577244520187,1.911622166633606
11000,mha_decoupled,moe,456,2,2,0.05470580980181694,0.06656377017498016,1.911622166633606
11000,mha_decoupled,moe,456,2,3,0.07890746742486954,0.06867904216051102,1.911622166633606
11000,mha_decoupled,moe,456,2,4,0.055412597954273224,0.06216064840555191,1.911622166633606
11000,mha_decoupled,moe,456,2,5,0.05231689289212227,0.05669731646776199,1.911622166633606
11000,mha_decoupled,moe,456,2,6,0.07047851383686066,0.059179916977882385,1.911622166633606
11000,mha_decoupled,moe,456,2,7,0.05689452961087227,0.05558272451162338,1.911622166633606
11000,mha_decoupled,moe,456,2,8,0.051719971001148224,0.06035285070538521,1.911622166633606
11000,mha_decoupled,moe,456,2,9,0.06481323391199112,0.05621867999434471,1.911622166633606
11000,mha_decoupled,moe,456,2,10,0.07461303472518921,0.06305111944675446,1.911622166633606
11000,mha_decoupled,moe,456,2,11,0.05856567248702049,0.059675220400094986,1.911622166633606
11000,mha_decoupled,moe,456,2,12,0.06553955376148224,0.062440767884254456,1.911622166633606
11000,mha_decoupled,moe,456,2,13,0.06897949427366257,0.06192830577492714,1.911622166633606
11000,mha_decoupled,moe,456,2,14,0.05547485500574112,0.06587640941143036,1.911622166633606
11000,mha_decoupled,moe,456,2,15,0.05936035141348839,0.06831926107406616,1.911622166633606
11000,mha_decoupled,moe,456,3,0,0.09071655571460724,0.08322052657604218,1.3667529821395874
11000,mha_decoupled,moe,456,3,1,0.03608886897563934,0.03976952284574509,1.3667529821395874
11000,mha_decoupled,moe,456,3,2,0.10460693389177322,0.08493272960186005,1.3667529821395874
11000,mha_decoupled,moe,456,3,3,0.0638427734375,0.07023967057466507,1.3667529821395874
11000,mha_decoupled,moe,456,3,4,0.059050291776657104,0.056915488094091415,1.3667529821395874
11000,mha_decoupled,moe,456,3,5,0.046013183891773224,0.05688817426562309,1.3667529821395874
11000,mha_decoupled,moe,456,3,6,0.06369628757238388,0.062048424035310745,1.3667529821395874
11000,mha_decoupled,moe,456,3,7,0.05518188327550888,0.06004006415605545,1.3667529821395874
11000,mha_decoupled,moe,456,3,8,0.06409790366888046,0.061424173414707184,1.3667529821395874
11000,mha_decoupled,moe,456,3,9,0.04367309436202049,0.04702576994895935,1.3667529821395874
11000,mha_decoupled,moe,456,3,10,0.06849731504917145,0.06930507719516754,1.3667529821395874
11000,mha_decoupled,moe,456,3,11,0.04342895373702049,0.046245962381362915,1.3667529821395874
11000,mha_decoupled,moe,456,3,12,0.05891357362270355,0.06138280779123306,1.3667529821395874
11000,mha_decoupled,moe,456,3,13,0.07689452916383743,0.06623340398073196,1.3667529821395874
11000,mha_decoupled,moe,456,3,14,0.05952148512005806,0.06615247577428818,1.3667529821395874
11000,mha_decoupled,moe,456,3,15,0.06577637046575546,0.06817569583654404,1.3667529821395874
11000,mha_decoupled,moe,456,4,0,0.052440185099840164,0.0632956326007843,1.1083285808563232
11000,mha_decoupled,moe,456,4,1,0.062342528253793716,0.05917937308549881,1.1083285808563232
11000,mha_decoupled,moe,456,4,2,0.04433349519968033,0.06212736293673515,1.1083285808563232
11000,mha_decoupled,moe,456,4,3,0.048469237983226776,0.05060632526874542,1.1083285808563232
11000,mha_decoupled,moe,456,4,4,0.08934936672449112,0.08114498108625412,1.1083285808563232
11000,mha_decoupled,moe,456,4,5,0.05784545838832855,0.05997645854949951,1.1083285808563232
11000,mha_decoupled,moe,456,4,6,0.08678589016199112,0.09116103500127792,1.1083285808563232
11000,mha_decoupled,moe,456,4,7,0.07666015625,0.06647330522537231,1.1083285808563232
11000,mha_decoupled,moe,456,4,8,0.06170044094324112,0.05712876841425896,1.1083285808563232
11000,mha_decoupled,moe,456,4,9,0.061676025390625,0.0498785525560379,1.1083285808563232
11000,mha_decoupled,moe,456,4,10,0.08135376125574112,0.08590370416641235,1.1083285808563232
11000,mha_decoupled,moe,456,4,11,0.05327514559030533,0.06728920340538025,1.1083285808563232
11000,mha_decoupled,moe,456,4,12,0.03804199397563934,0.04087662696838379,1.1083285808563232
11000,mha_decoupled,moe,456,4,13,0.06754028052091599,0.06474783271551132,1.1083285808563232
11000,mha_decoupled,moe,456,4,14,0.06328491121530533,0.045702945441007614,1.1083285808563232
11000,mha_decoupled,moe,456,4,15,0.054901123046875,0.054507914930582047,1.1083285808563232
11000,mha_decoupled,moe,456,5,0,0.11179321259260178,0.11199082434177399,1.4982680082321167
11000,mha_decoupled,moe,456,5,1,0.06933349370956421,0.07284107059240341,1.4982680082321167
11000,mha_decoupled,moe,456,5,2,0.05423950031399727,0.051535334438085556,1.4982680082321167
11000,mha_decoupled,moe,456,5,3,0.039543457329273224,0.04635826498270035,1.4982680082321167
11000,mha_decoupled,moe,456,5,4,0.05347534269094467,0.0580519437789917,1.4982680082321167
11000,mha_decoupled,moe,456,5,5,0.04078979417681694,0.044537317007780075,1.4982680082321167
11000,mha_decoupled,moe,456,5,6,0.050959471613168716,0.06058002635836601,1.4982680082321167
11000,mha_decoupled,moe,456,5,7,0.06706909090280533,0.07298977673053741,1.4982680082321167
11000,mha_decoupled,moe,456,5,8,0.04254150390625,0.03885946795344353,1.4982680082321167
11000,mha_decoupled,moe,456,5,9,0.04212280362844467,0.043850816786289215,1.4982680082321167
11000,mha_decoupled,moe,456,5,10,0.08861084282398224,0.07270463556051254,1.4982680082321167
11000,mha_decoupled,moe,456,5,11,0.1159045398235321,0.07294219732284546,1.4982680082321167
11000,mha_decoupled,moe,456,5,12,0.06232910230755806,0.06984670460224152,1.4982680082321167
11000,mha_decoupled,moe,456,5,13,0.034504394978284836,0.0411652997136116,1.4982680082321167
11000,mha_decoupled,moe,456,5,14,0.07363525032997131,0.08739344775676727,1.4982680082321167
11000,mha_decoupled,moe,456,5,15,0.05314819514751434,0.05435289815068245,1.4982680082321167
11500,mha_decoupled,moe,456,1,0,0.08926147222518921,0.06694617867469788,2.515634536743164
11500,mha_decoupled,moe,456,1,1,0.06821899116039276,0.05890406668186188,2.515634536743164
11500,mha_decoupled,moe,456,1,2,0.061259765177965164,0.05376410111784935,2.515634536743164
11500,mha_decoupled,moe,456,1,3,0.04858032241463661,0.05522174760699272,2.515634536743164
11500,mha_decoupled,moe,456,1,4,0.058283690363168716,0.05609807372093201,2.515634536743164
11500,mha_decoupled,moe,456,1,5,0.052698973566293716,0.05509160831570625,2.515634536743164
11500,mha_decoupled,moe,456,1,6,0.07749389857053757,0.06934241205453873,2.515634536743164
11500,mha_decoupled,moe,456,1,7,0.05925659090280533,0.06912324577569962,2.515634536743164
11500,mha_decoupled,moe,456,1,8,0.06325073540210724,0.0643279105424881,2.515634536743164
11500,mha_decoupled,moe,456,1,9,0.06025512516498566,0.05985688045620918,2.515634536743164
11500,mha_decoupled,moe,456,1,10,0.06380981206893921,0.0630686804652214,2.515634536743164
11500,mha_decoupled,moe,456,1,11,0.06144653260707855,0.06597008556127548,2.515634536743164
11500,mha_decoupled,moe,456,1,12,0.06003051623702049,0.05795423686504364,2.515634536743164
11500,mha_decoupled,moe,456,1,13,0.058135986328125,0.06856483221054077,2.515634536743164
11500,mha_decoupled,moe,456,1,14,0.05929321423172951,0.07087859511375427,2.515634536743164
11500,mha_decoupled,moe,456,1,15,0.05872436612844467,0.06488729268312454,2.515634536743164
11500,mha_decoupled,moe,456,2,0,0.07638305425643921,0.0671565979719162,1.9074923992156982
11500,mha_decoupled,moe,456,2,1,0.058997802436351776,0.0672018826007843,1.9074923992156982
11500,mha_decoupled,moe,456,2,2,0.06049560382962227,0.07265093177556992,1.9074923992156982
11500,mha_decoupled,moe,456,2,3,0.07865112274885178,0.06734592467546463,1.9074923992156982
11500,mha_decoupled,moe,456,2,4,0.05614257976412773,0.06272522360086441,1.9074923992156982
11500,mha_decoupled,moe,456,2,5,0.04959961026906967,0.055194661021232605,1.9074923992156982
11500,mha_decoupled,moe,456,2,6,0.06908202916383743,0.059051789343357086,1.9074923992156982
11500,mha_decoupled,moe,456,2,7,0.054890137165784836,0.05487014725804329,1.9074923992156982
11500,mha_decoupled,moe,456,2,8,0.05100708082318306,0.06032777205109596,1.9074923992156982
11500,mha_decoupled,moe,456,2,9,0.06361816078424454,0.05478457361459732,1.9074923992156982
11500,mha_decoupled,moe,456,2,10,0.07429565489292145,0.06232653930783272,1.9074923992156982
11500,mha_decoupled,moe,456,2,11,0.05607910081744194,0.05840563774108887,1.9074923992156982
11500,mha_decoupled,moe,456,2,12,0.06937255710363388,0.0650724247097969,1.9074923992156982
11500,mha_decoupled,moe,456,2,13,0.0662854015827179,0.060014452785253525,1.9074923992156982
11500,mha_decoupled,moe,456,2,14,0.05648193508386612,0.06534899026155472,1.9074923992156982
11500,mha_decoupled,moe,456,2,15,0.05861816555261612,0.06752246618270874,1.9074923992156982
11500,mha_decoupled,moe,456,3,0,0.0943920910358429,0.08553712069988251,1.350103735923767
11500,mha_decoupled,moe,456,3,1,0.03249145671725273,0.03671883046627045,1.350103735923767
11500,mha_decoupled,moe,456,3,2,0.10694213956594467,0.08666405826807022,1.350103735923767
11500,mha_decoupled,moe,456,3,3,0.0657958984375,0.07188091427087784,1.350103735923767
11500,mha_decoupled,moe,456,3,4,0.06078735366463661,0.058875031769275665,1.350103735923767
11500,mha_decoupled,moe,456,3,5,0.04313842952251434,0.05424301326274872,1.350103735923767
11500,mha_decoupled,moe,456,3,6,0.0686657726764679,0.06674714386463165,1.350103735923767
11500,mha_decoupled,moe,456,3,7,0.054749757051467896,0.060786593705415726,1.350103735923767
11500,mha_decoupled,moe,456,3,8,0.06428954750299454,0.06197020038962364,1.350103735923767
11500,mha_decoupled,moe,456,3,9,0.04378296062350273,0.04734974354505539,1.350103735923767
11500,mha_decoupled,moe,456,3,10,0.06798706203699112,0.06921795010566711,1.350103735923767
11500,mha_decoupled,moe,456,3,11,0.04139404371380806,0.0439722053706646,1.350103735923767
11500,mha_decoupled,moe,456,3,12,0.05493530258536339,0.05837591737508774,1.350103735923767
11500,mha_decoupled,moe,456,3,13,0.07598876953125,0.0654647946357727,1.350103735923767
11500,mha_decoupled,moe,456,3,14,0.061553955078125,0.06704877316951752,1.350103735923767
11500,mha_decoupled,moe,456,3,15,0.06310547143220901,0.06514773517847061,1.350103735923767
11500,mha_decoupled,moe,456,4,0,0.04994872957468033,0.06158239394426346,1.1099146604537964
11500,mha_decoupled,moe,456,4,1,0.06523681432008743,0.06305914372205734,1.1099146604537964
11500,mha_decoupled,moe,456,4,2,0.042613524943590164,0.06051899865269661,1.1099146604537964
11500,mha_decoupled,moe,456,4,3,0.04377685487270355,0.04478064924478531,1.1099146604537964
11500,mha_decoupled,moe,456,4,4,0.0924072265625,0.08439228683710098,1.1099146604537964
11500,mha_decoupled,moe,456,4,5,0.060722656548023224,0.0631459653377533,1.1099146604537964
11500,mha_decoupled,moe,456,4,6,0.08841674774885178,0.09134431928396225,1.1099146604537964
11500,mha_decoupled,moe,456,4,7,0.07728271186351776,0.06721121817827225,1.1099146604537964
11500,mha_decoupled,moe,456,4,8,0.061579588800668716,0.05664273723959923,1.1099146604537964
11500,mha_decoupled,moe,456,4,9,0.06400024145841599,0.052486125379800797,1.1099146604537964
11500,mha_decoupled,moe,456,4,10,0.0830700695514679,0.08646916598081589,1.1099146604537964
11500,mha_decoupled,moe,456,4,11,0.052000731229782104,0.06545679271221161,1.1099146604537964
11500,mha_decoupled,moe,456,4,12,0.036448974162340164,0.03985298052430153,1.1099146604537964
11500,mha_decoupled,moe,456,4,13,0.06538085639476776,0.06362014263868332,1.1099146604537964
11500,mha_decoupled,moe,456,4,14,0.061555176973342896,0.044418010860681534,1.1099146604537964
11500,mha_decoupled,moe,456,4,15,0.05555908381938934,0.05501905456185341,1.1099146604537964
11500,mha_decoupled,moe,456,5,0,0.11468750238418579,0.11293604969978333,1.5072593688964844
11500,mha_decoupled,moe,456,5,1,0.07127685844898224,0.07449273765087128,1.5072593688964844
11500,mha_decoupled,moe,456,5,2,0.04972900450229645,0.047679200768470764,1.5072593688964844
11500,mha_decoupled,moe,456,5,3,0.03717895597219467,0.043486595153808594,1.5072593688964844
11500,mha_decoupled,moe,456,5,4,0.0533447265625,0.05862385779619217,1.5072593688964844
11500,mha_decoupled,moe,456,5,5,0.03999145328998566,0.04382617771625519,1.5072593688964844
11500,mha_decoupled,moe,456,5,6,0.048920899629592896,0.057571765035390854,1.5072593688964844
11500,mha_decoupled,moe,456,5,7,0.06817871332168579,0.07422231882810593,1.5072593688964844
11500,mha_decoupled,moe,456,5,8,0.04231933504343033,0.039951637387275696,1.5072593688964844
11500,mha_decoupled,moe,456,5,9,0.04390869289636612,0.04492698237299919,1.5072593688964844
11500,mha_decoupled,moe,456,5,10,0.09206908941268921,0.07622189074754715,1.5072593688964844
11500,mha_decoupled,moe,456,5,11,0.11539062857627869,0.0720343142747879,1.5072593688964844
11500,mha_decoupled,moe,456,5,12,0.06019409000873566,0.06874054670333862,1.5072593688964844
11500,mha_decoupled,moe,456,5,13,0.03149658069014549,0.038691192865371704,1.5072593688964844
11500,mha_decoupled,moe,456,5,14,0.07433105260133743,0.08921516686677933,1.5072593688964844
11500,mha_decoupled,moe,456,5,15,0.05698242038488388,0.057379551231861115,1.5072593688964844
12000,mha_decoupled,moe,456,1,0,0.08299194276332855,0.06443171203136444,2.508647918701172
12000,mha_decoupled,moe,456,1,1,0.07444214075803757,0.05985597148537636,2.508647918701172
12000,mha_decoupled,moe,456,1,2,0.060328368097543716,0.05433230102062225,2.508647918701172
12000,mha_decoupled,moe,456,1,3,0.048778075724840164,0.05621929466724396,2.508647918701172
12000,mha_decoupled,moe,456,1,4,0.054600831121206284,0.05540541559457779,2.508647918701172
12000,mha_decoupled,moe,456,1,5,0.05484618991613388,0.056138552725315094,2.508647918701172
12000,mha_decoupled,moe,456,1,6,0.07586181908845901,0.06839939951896667,2.508647918701172
12000,mha_decoupled,moe,456,1,7,0.056373290717601776,0.0683327317237854,2.508647918701172
12000,mha_decoupled,moe,456,1,8,0.062257081270217896,0.06367316097021103,2.508647918701172
12000,mha_decoupled,moe,456,1,9,0.07108031958341599,0.06281058490276337,2.508647918701172
12000,mha_decoupled,moe,456,1,10,0.06385131925344467,0.06306049227714539,2.508647918701172
12000,mha_decoupled,moe,456,1,11,0.06336791813373566,0.06687819212675095,2.508647918701172
12000,mha_decoupled,moe,456,1,12,0.05992187559604645,0.05823373422026634,2.508647918701172
12000,mha_decoupled,moe,456,1,13,0.059569090604782104,0.06831275671720505,2.508647918701172
12000,mha_decoupled,moe,456,1,14,0.05475097522139549,0.0700787827372551,2.508647918701172
12000,mha_decoupled,moe,456,1,15,0.05697875842452049,0.06383689492940903,2.508647918701172
12000,mha_decoupled,moe,456,2,0,0.07250244170427322,0.06550250202417374,1.8993651866912842
12000,mha_decoupled,moe,456,2,1,0.05482544004917145,0.06433507800102234,1.8993651866912842
12000,mha_decoupled,moe,456,2,2,0.059782713651657104,0.07150416821241379,1.8993651866912842
12000,mha_decoupled,moe,456,2,3,0.07772216945886612,0.06686399132013321,1.8993651866912842
12000,mha_decoupled,moe,456,2,4,0.05495849624276161,0.061826132237911224,1.8993651866912842
12000,mha_decoupled,moe,456,2,5,0.05176757648587227,0.056503601372241974,1.8993651866912842
12000,mha_decoupled,moe,456,2,6,0.07279052585363388,0.061118993908166885,1.8993651866912842
12000,mha_decoupled,moe,456,2,7,0.06453125178813934,0.05982011929154396,1.8993651866912842
12000,mha_decoupled,moe,456,2,8,0.050468750298023224,0.059594620019197464,1.8993651866912842
12000,mha_decoupled,moe,456,2,9,0.062347412109375,0.054976388812065125,1.8993651866912842
12000,mha_decoupled,moe,456,2,10,0.07638794183731079,0.0645398497581482,1.8993651866912842
12000,mha_decoupled,moe,456,2,11,0.05576171725988388,0.05950162559747696,1.8993651866912842
12000,mha_decoupled,moe,456,2,12,0.06623291224241257,0.06275322288274765,1.8993651866912842
12000,mha_decoupled,moe,456,2,13,0.06848876923322678,0.06053948402404785,1.8993651866912842
12000,mha_decoupled,moe,456,2,14,0.05401977524161339,0.0643162727355957,1.8993651866912842
12000,mha_decoupled,moe,456,2,15,0.05741211026906967,0.06630395352840424,1.8993651866912842
12000,mha_decoupled,moe,456,3,0,0.095245361328125,0.087738998234272,1.356358289718628
12000,mha_decoupled,moe,456,3,1,0.036009520292282104,0.03885643556714058,1.356358289718628
12000,mha_decoupled,moe,456,3,2,0.10441040247678757,0.08599799126386642,1.356358289718628
12000,mha_decoupled,moe,456,3,3,0.06432495266199112,0.07247696071863174,1.356358289718628
12000,mha_decoupled,moe,456,3,4,0.06023803725838661,0.05842527374625206,1.356358289718628
12000,mha_decoupled,moe,456,3,5,0.044611815363168716,0.05531803518533707,1.356358289718628
12000,mha_decoupled,moe,456,3,6,0.06461670249700546,0.062402334064245224,1.356358289718628
12000,mha_decoupled,moe,456,3,7,0.05454711988568306,0.05922572687268257,1.356358289718628
12000,mha_decoupled,moe,456,3,8,0.06283813714981079,0.05998799949884415,1.356358289718628
12000,mha_decoupled,moe,456,3,9,0.04420410096645355,0.04811624065041542,1.356358289718628
12000,mha_decoupled,moe,456,3,10,0.06904663145542145,0.07016360014677048,1.356358289718628
12000,mha_decoupled,moe,456,3,11,0.04134155437350273,0.0449708066880703,1.356358289718628
12000,mha_decoupled,moe,456,3,12,0.058502197265625,0.0614873543381691,1.356358289718628
12000,mha_decoupled,moe,456,3,13,0.0759875476360321,0.06425163149833679,1.356358289718628
12000,mha_decoupled,moe,456,3,14,0.06179565563797951,0.06684043258428574,1.356358289718628
12000,mha_decoupled,moe,456,3,15,0.06228027492761612,0.06374016404151917,1.356358289718628
12000,mha_decoupled,moe,456,4,0,0.05328735336661339,0.06279849261045456,1.101913332939148
12000,mha_decoupled,moe,456,4,1,0.06357910484075546,0.060858651995658875,1.101913332939148
12000,mha_decoupled,moe,456,4,2,0.04360717907547951,0.06030142679810524,1.101913332939148
12000,mha_decoupled,moe,456,4,3,0.04834838956594467,0.05189169943332672,1.101913332939148
12000,mha_decoupled,moe,456,4,4,0.0887463390827179,0.08188089728355408,1.101913332939148
12000,mha_decoupled,moe,456,4,5,0.05834716930985451,0.060315731912851334,1.101913332939148
12000,mha_decoupled,moe,456,4,6,0.08887939155101776,0.0939263179898262,1.101913332939148
12000,mha_decoupled,moe,456,4,7,0.07494262605905533,0.06468763947486877,1.101913332939148
12000,mha_decoupled,moe,456,4,8,0.06070556491613388,0.05618838965892792,1.101913332939148
12000,mha_decoupled,moe,456,4,9,0.06235961988568306,0.05061759799718857,1.101913332939148
12000,mha_decoupled,moe,456,4,10,0.07987060397863388,0.08388286828994751,1.101913332939148
12000,mha_decoupled,moe,456,4,11,0.05315918102860451,0.06715188175439835,1.101913332939148
12000,mha_decoupled,moe,456,4,12,0.037904053926467896,0.04065735265612602,1.101913332939148
12000,mha_decoupled,moe,456,4,13,0.06707275658845901,0.06423410773277283,1.101913332939148
12000,mha_decoupled,moe,456,4,14,0.06323730200529099,0.04554511606693268,1.101913332939148
12000,mha_decoupled,moe,456,4,15,0.05595336854457855,0.05506188049912453,1.101913332939148
12000,mha_decoupled,moe,456,5,0,0.11166992038488388,0.11068721115589142,1.4988112449645996
12000,mha_decoupled,moe,456,5,1,0.07159790396690369,0.07645057886838913,1.4988112449645996
12000,mha_decoupled,moe,456,5,2,0.05208496004343033,0.04919670894742012,1.4988112449645996
12000,mha_decoupled,moe,456,5,3,0.03929199278354645,0.046473078429698944,1.4988112449645996
12000,mha_decoupled,moe,456,5,4,0.05598632991313934,0.06026385352015495,1.4988112449645996
12000,mha_decoupled,moe,456,5,5,0.04017944261431694,0.042983341962099075,1.4988112449645996
12000,mha_decoupled,moe,456,5,6,0.05152709782123566,0.060641810297966,1.4988112449645996
12000,mha_decoupled,moe,456,5,7,0.06595215201377869,0.0726705864071846,1.4988112449645996
12000,mha_decoupled,moe,456,5,8,0.041748046875,0.03832975775003433,1.4988112449645996
12000,mha_decoupled,moe,456,5,9,0.04072875902056694,0.04304417595267296,1.4988112449645996
12000,mha_decoupled,moe,456,5,10,0.08928588777780533,0.07359159737825394,1.4988112449645996
12000,mha_decoupled,moe,456,5,11,0.11584839224815369,0.07261635363101959,1.4988112449645996
12000,mha_decoupled,moe,456,5,12,0.060606688261032104,0.06814078241586685,1.4988112449645996
12000,mha_decoupled,moe,456,5,13,0.03210205212235451,0.03915083780884743,1.4988112449645996
12000,mha_decoupled,moe,456,5,14,0.07433227449655533,0.08847174048423767,1.4988112449645996
12000,mha_decoupled,moe,456,5,15,0.05705810710787773,0.05728760361671448,1.4988112449645996
12500,mha_decoupled,moe,456,1,0,0.08349242806434631,0.06550465524196625,2.505910873413086
12500,mha_decoupled,moe,456,1,1,0.06048339977860451,0.05684399977326393,2.505910873413086
12500,mha_decoupled,moe,456,1,2,0.06547240912914276,0.05418050289154053,2.505910873413086
12500,mha_decoupled,moe,456,1,3,0.05482299625873566,0.05801468715071678,2.505910873413086
12500,mha_decoupled,moe,456,1,4,0.05906372144818306,0.05503791943192482,2.505910873413086
12500,mha_decoupled,moe,456,1,5,0.05334838852286339,0.0559377484023571,2.505910873413086
12500,mha_decoupled,moe,456,1,6,0.07518676668405533,0.06857006251811981,2.505910873413086
12500,mha_decoupled,moe,456,1,7,0.057062987238168716,0.06832215934991837,2.505910873413086
12500,mha_decoupled,moe,456,1,8,0.06392212212085724,0.06380391865968704,2.505910873413086
12500,mha_decoupled,moe,456,1,9,0.06261596828699112,0.06023387610912323,2.505910873413086
12500,mha_decoupled,moe,456,1,10,0.06282226741313934,0.06337399035692215,2.505910873413086
12500,mha_decoupled,moe,456,1,11,0.06559814512729645,0.06731655448675156,2.505910873413086
12500,mha_decoupled,moe,456,1,12,0.057526856660842896,0.05744130536913872,2.505910873413086
12500,mha_decoupled,moe,456,1,13,0.06092163175344467,0.06933486461639404,2.505910873413086
12500,mha_decoupled,moe,456,1,14,0.05531372129917145,0.06939457356929779,2.505910873413086
12500,mha_decoupled,moe,456,1,15,0.062346190214157104,0.06668917834758759,2.505910873413086
12500,mha_decoupled,moe,456,2,0,0.07397705316543579,0.06630373746156693,1.8962558507919312
12500,mha_decoupled,moe,456,2,1,0.05540527403354645,0.06457947194576263,1.8962558507919312
12500,mha_decoupled,moe,456,2,2,0.056737061589956284,0.06835674494504929,1.8962558507919312
12500,mha_decoupled,moe,456,2,3,0.081024169921875,0.06907663494348526,1.8962558507919312
12500,mha_decoupled,moe,456,2,4,0.0555419921875,0.06292500346899033,1.8962558507919312
12500,mha_decoupled,moe,456,2,5,0.051732178777456284,0.05616222321987152,1.8962558507919312
12500,mha_decoupled,moe,456,2,6,0.07235229760408401,0.06040054187178612,1.8962558507919312
12500,mha_decoupled,moe,456,2,7,0.055601805448532104,0.05563948303461075,1.8962558507919312
12500,mha_decoupled,moe,456,2,8,0.052509766072034836,0.06174919754266739,1.8962558507919312
12500,mha_decoupled,moe,456,2,9,0.06586181372404099,0.05704527348279953,1.8962558507919312
12500,mha_decoupled,moe,456,2,10,0.0729052722454071,0.06099465489387512,1.8962558507919312
12500,mha_decoupled,moe,456,2,11,0.054710693657398224,0.057516444474458694,1.8962558507919312
12500,mha_decoupled,moe,456,2,12,0.06820923089981079,0.06479831039905548,1.8962558507919312
12500,mha_decoupled,moe,456,2,13,0.06841674447059631,0.061092790216207504,1.8962558507919312
12500,mha_decoupled,moe,456,2,14,0.05417114123702049,0.06423785537481308,1.8962558507919312
12500,mha_decoupled,moe,456,2,15,0.06084350496530533,0.06912167370319366,1.8962558507919312
12500,mha_decoupled,moe,456,3,0,0.09193114936351776,0.08304215222597122,1.3507628440856934
12500,mha_decoupled,moe,456,3,1,0.034672852605581284,0.03820998966693878,1.3507628440856934
12500,mha_decoupled,moe,456,3,2,0.10417724400758743,0.08530925959348679,1.3507628440856934
12500,mha_decoupled,moe,456,3,3,0.06610595434904099,0.07242509722709656,1.3507628440856934
12500,mha_decoupled,moe,456,3,4,0.05829833820462227,0.057136207818984985,1.3507628440856934
12500,mha_decoupled,moe,456,3,5,0.043977051973342896,0.05504561588168144,1.3507628440856934
12500,mha_decoupled,moe,456,3,6,0.06494140625,0.06313960254192352,1.3507628440856934
12500,mha_decoupled,moe,456,3,7,0.05589965730905533,0.06074577942490578,1.3507628440856934
12500,mha_decoupled,moe,456,3,8,0.0643310546875,0.0613165982067585,1.3507628440856934
12500,mha_decoupled,moe,456,3,9,0.04463256895542145,0.04805190488696098,1.3507628440856934
12500,mha_decoupled,moe,456,3,10,0.0684826672077179,0.07004830241203308,1.3507628440856934
12500,mha_decoupled,moe,456,3,11,0.04020996019244194,0.04442115128040314,1.3507628440856934
12500,mha_decoupled,moe,456,3,12,0.05692504718899727,0.05948381498456001,1.3507628440856934
12500,mha_decoupled,moe,456,3,13,0.07624877989292145,0.0661836490035057,1.3507628440856934
12500,mha_decoupled,moe,456,3,14,0.06319213658571243,0.06805184483528137,1.3507628440856934
12500,mha_decoupled,moe,456,3,15,0.06597412377595901,0.06738904863595963,1.3507628440856934
12500,mha_decoupled,moe,456,4,0,0.05180663987994194,0.06110311672091484,1.1014732122421265
12500,mha_decoupled,moe,456,4,1,0.06253418326377869,0.0602681003510952,1.1014732122421265
12500,mha_decoupled,moe,456,4,2,0.04363647475838661,0.061640042811632156,1.1014732122421265
12500,mha_decoupled,moe,456,4,3,0.04597412049770355,0.04865506663918495,1.1014732122421265
12500,mha_decoupled,moe,456,4,4,0.09061401337385178,0.08274316787719727,1.1014732122421265
12500,mha_decoupled,moe,456,4,5,0.056547850370407104,0.05931629613041878,1.1014732122421265
12500,mha_decoupled,moe,456,4,6,0.08755248785018921,0.09080607444047928,1.1014732122421265
12500,mha_decoupled,moe,456,4,7,0.07845702767372131,0.0678604394197464,1.1014732122421265
12500,mha_decoupled,moe,456,4,8,0.061046142131090164,0.05579701438546181,1.1014732122421265
12500,mha_decoupled,moe,456,4,9,0.06302367895841599,0.05219542980194092,1.1014732122421265
12500,mha_decoupled,moe,456,4,10,0.08116333186626434,0.08449892699718475,1.1014732122421265
12500,mha_decoupled,moe,456,4,11,0.053852539509534836,0.06810971349477768,1.1014732122421265
12500,mha_decoupled,moe,456,4,12,0.035212401300668716,0.038352832198143005,1.1014732122421265
12500,mha_decoupled,moe,456,4,13,0.06782958656549454,0.06555955111980438,1.1014732122421265
12500,mha_decoupled,moe,456,4,14,0.06365600228309631,0.04641661047935486,1.1014732122421265
12500,mha_decoupled,moe,456,4,15,0.057093504816293716,0.05667763575911522,1.1014732122421265
12500,mha_decoupled,moe,456,5,0,0.11362671107053757,0.11207109689712524,1.4921473264694214
12500,mha_decoupled,moe,456,5,1,0.07092895358800888,0.07498263567686081,1.4921473264694214
12500,mha_decoupled,moe,456,5,2,0.051420897245407104,0.04928861930966377,1.4921473264694214
12500,mha_decoupled,moe,456,5,3,0.039031982421875,0.04543374851346016,1.4921473264694214
12500,mha_decoupled,moe,456,5,4,0.054901123046875,0.0603141114115715,1.4921473264694214
12500,mha_decoupled,moe,456,5,5,0.03932373225688934,0.0428072027862072,1.4921473264694214
12500,mha_decoupled,moe,456,5,6,0.050120849162340164,0.05997464805841446,1.4921473264694214
12500,mha_decoupled,moe,456,5,7,0.06919433921575546,0.07585220783948898,1.4921473264694214
12500,mha_decoupled,moe,456,5,8,0.04189819470047951,0.038510195910930634,1.4921473264694214
12500,mha_decoupled,moe,456,5,9,0.041834715753793716,0.043187215924263,1.4921473264694214
12500,mha_decoupled,moe,456,5,10,0.09014404565095901,0.0746137872338295,1.4921473264694214
12500,mha_decoupled,moe,456,5,11,0.11470215022563934,0.07117749005556107,1.4921473264694214
12500,mha_decoupled,moe,456,5,12,0.05983276292681694,0.0681617334485054,1.4921473264694214
12500,mha_decoupled,moe,456,5,13,0.030740967020392418,0.03777281567454338,1.4921473264694214
12500,mha_decoupled,moe,456,5,14,0.07381835579872131,0.08824954926967621,1.4921473264694214
12500,mha_decoupled,moe,456,5,15,0.05848022550344467,0.05760296434164047,1.4921473264694214
13000,mha_decoupled,moe,456,1,0,0.0817858874797821,0.06420397013425827,2.4983134269714355
13000,mha_decoupled,moe,456,1,1,0.06357421725988388,0.057826489210128784,2.4983134269714355
13000,mha_decoupled,moe,456,1,2,0.06962036341428757,0.056023791432380676,2.4983134269714355
13000,mha_decoupled,moe,456,1,3,0.055756837129592896,0.059057287871837616,2.4983134269714355
13000,mha_decoupled,moe,456,1,4,0.06272461265325546,0.05567307397723198,2.4983134269714355
13000,mha_decoupled,moe,456,1,5,0.05301879718899727,0.05586358904838562,2.4983134269714355
13000,mha_decoupled,moe,456,1,6,0.0726940929889679,0.06709375232458115,2.4983134269714355
13000,mha_decoupled,moe,456,1,7,0.05485595762729645,0.06746967136859894,2.4983134269714355
13000,mha_decoupled,moe,456,1,8,0.06492309272289276,0.06467583775520325,2.4983134269714355
13000,mha_decoupled,moe,456,1,9,0.06606445461511612,0.0611538402736187,2.4983134269714355
13000,mha_decoupled,moe,456,1,10,0.06041625887155533,0.06152486428618431,2.4983134269714355
13000,mha_decoupled,moe,456,1,11,0.06576293706893921,0.06764006614685059,2.4983134269714355
13000,mha_decoupled,moe,456,1,12,0.06186157092452049,0.05867084115743637,2.4983134269714355
13000,mha_decoupled,moe,456,1,13,0.05696167051792145,0.06839372962713242,2.4983134269714355
13000,mha_decoupled,moe,456,1,14,0.04905761778354645,0.06876726448535919,2.4983134269714355
13000,mha_decoupled,moe,456,1,15,0.06092163175344467,0.06596192717552185,2.4983134269714355
13000,mha_decoupled,moe,456,2,0,0.07280761748552322,0.06553827971220016,1.8905874490737915
13000,mha_decoupled,moe,456,2,1,0.05774902179837227,0.06691744178533554,1.8905874490737915
13000,mha_decoupled,moe,456,2,2,0.05744995176792145,0.06789366900920868,1.8905874490737915
13000,mha_decoupled,moe,456,2,3,0.07899902015924454,0.06836360692977905,1.8905874490737915
13000,mha_decoupled,moe,456,2,4,0.054951172322034836,0.06213795766234398,1.8905874490737915
13000,mha_decoupled,moe,456,2,5,0.05004516616463661,0.05547463893890381,1.8905874490737915
13000,mha_decoupled,moe,456,2,6,0.06913818418979645,0.05803414806723595,1.8905874490737915
13000,mha_decoupled,moe,456,2,7,0.06253661960363388,0.05877057462930679,1.8905874490737915
13000,mha_decoupled,moe,456,2,8,0.05298827961087227,0.06131497770547867,1.8905874490737915
13000,mha_decoupled,moe,456,2,9,0.06637085229158401,0.057550836354494095,1.8905874490737915
13000,mha_decoupled,moe,456,2,10,0.07337646186351776,0.06202956289052963,1.8905874490737915
13000,mha_decoupled,moe,456,2,11,0.05419921875,0.05749644711613655,1.8905874490737915
13000,mha_decoupled,moe,456,2,12,0.06908935308456421,0.06453010439872742,1.8905874490737915
13000,mha_decoupled,moe,456,2,13,0.06771118193864822,0.060528382658958435,1.8905874490737915
13000,mha_decoupled,moe,456,2,14,0.05285034328699112,0.06356531381607056,1.8905874490737915
13000,mha_decoupled,moe,456,2,15,0.05973754823207855,0.06985408067703247,1.8905874490737915
13000,mha_decoupled,moe,456,3,0,0.09210449457168579,0.08288504928350449,1.354459285736084
13000,mha_decoupled,moe,456,3,1,0.03493286296725273,0.038923345506191254,1.354459285736084
13000,mha_decoupled,moe,456,3,2,0.10511840879917145,0.08551765233278275,1.354459285736084
13000,mha_decoupled,moe,456,3,3,0.06528197973966599,0.07199913263320923,1.354459285736084
13000,mha_decoupled,moe,456,3,4,0.06064697355031967,0.05756980553269386,1.354459285736084
13000,mha_decoupled,moe,456,3,5,0.04391113296151161,0.05466601252555847,1.354459285736084
13000,mha_decoupled,moe,456,3,6,0.06662475317716599,0.06462810188531876,1.354459285736084
13000,mha_decoupled,moe,456,3,7,0.053187254816293716,0.05871669203042984,1.354459285736084
13000,mha_decoupled,moe,456,3,8,0.06362427026033401,0.06108258292078972,1.354459285736084
13000,mha_decoupled,moe,456,3,9,0.044166259467601776,0.04784815385937691,1.354459285736084
13000,mha_decoupled,moe,456,3,10,0.06904540956020355,0.07063639909029007,1.354459285736084
13000,mha_decoupled,moe,456,3,11,0.041224364191293716,0.04564472287893295,1.354459285736084
13000,mha_decoupled,moe,456,3,12,0.05635131895542145,0.05919128283858299,1.354459285736084
13000,mha_decoupled,moe,456,3,13,0.07560424506664276,0.065794438123703,1.354459285736084
13000,mha_decoupled,moe,456,3,14,0.06350341439247131,0.06863318383693695,1.354459285736084
13000,mha_decoupled,moe,456,3,15,0.06467285007238388,0.06626345217227936,1.354459285736084
13000,mha_decoupled,moe,456,4,0,0.05200805515050888,0.06349116563796997,1.101564645767212
13000,mha_decoupled,moe,456,4,1,0.06464477628469467,0.06201468035578728,1.101564645767212
13000,mha_decoupled,moe,456,4,2,0.04311157390475273,0.06147979199886322,1.101564645767212
13000,mha_decoupled,moe,456,4,3,0.04504150524735451,0.045736704021692276,1.101564645767212
13000,mha_decoupled,moe,456,4,4,0.09044555574655533,0.0831354558467865,1.101564645767212
13000,mha_decoupled,moe,456,4,5,0.057465821504592896,0.059276338666677475,1.101564645767212
13000,mha_decoupled,moe,456,4,6,0.08815673738718033,0.09119497984647751,1.101564645767212
13000,mha_decoupled,moe,456,4,7,0.07702392339706421,0.06718617677688599,1.101564645767212
13000,mha_decoupled,moe,456,4,8,0.06242187321186066,0.05696014314889908,1.101564645767212
13000,mha_decoupled,moe,456,4,9,0.06205200031399727,0.049560580402612686,1.101564645767212
13000,mha_decoupled,moe,456,4,10,0.08222900331020355,0.08647111058235168,1.101564645767212
13000,mha_decoupled,moe,456,4,11,0.052833251655101776,0.06662827730178833,1.101564645767212
13000,mha_decoupled,moe,456,4,12,0.03628784045577049,0.03980449214577675,1.101564645767212
13000,mha_decoupled,moe,456,4,13,0.06741821020841599,0.06520547717809677,1.101564645767212
13000,mha_decoupled,moe,456,4,14,0.0632311999797821,0.04641233757138252,1.101564645767212
13000,mha_decoupled,moe,456,4,15,0.055628661066293716,0.055442262440919876,1.101564645767212
13000,mha_decoupled,moe,456,5,0,0.1139208972454071,0.1121026873588562,1.485587477684021
13000,mha_decoupled,moe,456,5,1,0.07103027403354645,0.07539220154285431,1.485587477684021
13000,mha_decoupled,moe,456,5,2,0.05449584871530533,0.052421167492866516,1.485587477684021
13000,mha_decoupled,moe,456,5,3,0.038909912109375,0.04561137780547142,1.485587477684021
13000,mha_decoupled,moe,456,5,4,0.053468018770217896,0.058491889387369156,1.485587477684021
13000,mha_decoupled,moe,456,5,5,0.040538329631090164,0.043112289160490036,1.485587477684021
13000,mha_decoupled,moe,456,5,6,0.05019897595047951,0.05975394695997238,1.485587477684021
13000,mha_decoupled,moe,456,5,7,0.06762085109949112,0.07445300370454788,1.485587477684021
13000,mha_decoupled,moe,456,5,8,0.04049438610672951,0.03750648722052574,1.485587477684021
13000,mha_decoupled,moe,456,5,9,0.04281006008386612,0.044177018105983734,1.485587477684021
13000,mha_decoupled,moe,456,5,10,0.0920703113079071,0.07683863490819931,1.485587477684021
13000,mha_decoupled,moe,456,5,11,0.11507446318864822,0.07162842899560928,1.485587477684021
13000,mha_decoupled,moe,456,5,12,0.05915649235248566,0.06718699634075165,1.485587477684021
13000,mha_decoupled,moe,456,5,13,0.031822510063648224,0.03847639635205269,1.485587477684021
13000,mha_decoupled,moe,456,5,14,0.07161132991313934,0.08594328910112381,1.485587477684021
13000,mha_decoupled,moe,456,5,15,0.05677734315395355,0.05690416693687439,1.485587477684021
13500,mha_decoupled,moe,456,1,0,0.0794689953327179,0.06355384737253189,2.4916012287139893
13500,mha_decoupled,moe,456,1,1,0.06743530184030533,0.05858169123530388,2.4916012287139893
13500,mha_decoupled,moe,456,1,2,0.0641162097454071,0.05468951165676117,2.4916012287139893
13500,mha_decoupled,moe,456,1,3,0.051060792058706284,0.057026635855436325,2.4916012287139893
13500,mha_decoupled,moe,456,1,4,0.05755615234375,0.05441049113869667,2.4916012287139893
13500,mha_decoupled,moe,456,1,5,0.047968748956918716,0.054915208369493484,2.4916012287139893
13500,mha_decoupled,moe,456,1,6,0.07277343422174454,0.06734638661146164,2.4916012287139893
13500,mha_decoupled,moe,456,1,7,0.05706176906824112,0.06858953833580017,2.4916012287139893
13500,mha_decoupled,moe,456,1,8,0.0635693371295929,0.06420601904392242,2.4916012287139893
13500,mha_decoupled,moe,456,1,9,0.06573241949081421,0.061548180878162384,2.4916012287139893
13500,mha_decoupled,moe,456,1,10,0.06238403171300888,0.06261646747589111,2.4916012287139893
13500,mha_decoupled,moe,456,1,11,0.06373535096645355,0.06701546907424927,2.4916012287139893
13500,mha_decoupled,moe,456,1,12,0.06815551966428757,0.058665551245212555,2.4916012287139893
13500,mha_decoupled,moe,456,1,13,0.06453613191843033,0.07101735472679138,2.4916012287139893
13500,mha_decoupled,moe,456,1,14,0.05465332046151161,0.07061953842639923,2.4916012287139893
13500,mha_decoupled,moe,456,1,15,0.05979248136281967,0.06519810110330582,2.4916012287139893
13500,mha_decoupled,moe,456,2,0,0.07154540717601776,0.06458994001150131,1.8837629556655884
13500,mha_decoupled,moe,456,2,1,0.057048339396715164,0.06587536633014679,1.8837629556655884
13500,mha_decoupled,moe,456,2,2,0.057475585490465164,0.06961490213871002,1.8837629556655884
13500,mha_decoupled,moe,456,2,3,0.07780273258686066,0.06696923077106476,1.8837629556655884
13500,mha_decoupled,moe,456,2,4,0.05218749865889549,0.06020146235823631,1.8837629556655884
13500,mha_decoupled,moe,456,2,5,0.05384643375873566,0.05785934627056122,1.8837629556655884
13500,mha_decoupled,moe,456,2,6,0.07361206412315369,0.060398902744054794,1.8837629556655884
13500,mha_decoupled,moe,456,2,7,0.05787475407123566,0.056486811488866806,1.8837629556655884
13500,mha_decoupled,moe,456,2,8,0.050871580839157104,0.0604567751288414,1.8837629556655884
13500,mha_decoupled,moe,456,2,9,0.06718261539936066,0.05779261514544487,1.8837629556655884
13500,mha_decoupled,moe,456,2,10,0.07477661222219467,0.06271834671497345,1.8837629556655884
13500,mha_decoupled,moe,456,2,11,0.05927123874425888,0.060355294495821,1.8837629556655884
13500,mha_decoupled,moe,456,2,12,0.06660644710063934,0.06364370137453079,1.8837629556655884
13500,mha_decoupled,moe,456,2,13,0.0643017590045929,0.05836008861660957,1.8837629556655884
13500,mha_decoupled,moe,456,2,14,0.05479492247104645,0.06419200450181961,1.8837629556655884
13500,mha_decoupled,moe,456,2,15,0.060802001506090164,0.07048525661230087,1.8837629556655884
13500,mha_decoupled,moe,456,3,0,0.09215454012155533,0.08356145024299622,1.3635772466659546
13500,mha_decoupled,moe,456,3,1,0.036219481378793716,0.03937961906194687,1.3635772466659546
13500,mha_decoupled,moe,456,3,2,0.10584228485822678,0.0864093080163002,1.3635772466659546
13500,mha_decoupled,moe,456,3,3,0.06373047083616257,0.07046223431825638,1.3635772466659546
13500,mha_decoupled,moe,456,3,4,0.05824829265475273,0.05597146973013878,1.3635772466659546
13500,mha_decoupled,moe,456,3,5,0.04447265714406967,0.055636849254369736,1.3635772466659546
13500,mha_decoupled,moe,456,3,6,0.06521362066268921,0.06362175196409225,1.3635772466659546
13500,mha_decoupled,moe,456,3,7,0.05525268614292145,0.05985035002231598,1.3635772466659546
13500,mha_decoupled,moe,456,3,8,0.06404785066843033,0.061792511492967606,1.3635772466659546
13500,mha_decoupled,moe,456,3,9,0.04467163234949112,0.04881995543837547,1.3635772466659546
13500,mha_decoupled,moe,456,3,10,0.06882568448781967,0.07042693346738815,1.3635772466659546
13500,mha_decoupled,moe,456,3,11,0.041832275688648224,0.0457356832921505,1.3635772466659546
13500,mha_decoupled,moe,456,3,12,0.06000122055411339,0.06168453395366669,1.3635772466659546
13500,mha_decoupled,moe,456,3,13,0.07518432289361954,0.06566791981458664,1.3635772466659546
13500,mha_decoupled,moe,456,3,14,0.06102173030376434,0.06629891693592072,1.3635772466659546
13500,mha_decoupled,moe,456,3,15,0.06328125298023224,0.06468052417039871,1.3635772466659546
13500,mha_decoupled,moe,456,4,0,0.05284423753619194,0.062220945954322815,1.1123353242874146
13500,mha_decoupled,moe,456,4,1,0.06396972388029099,0.061591025441884995,1.1123353242874146
13500,mha_decoupled,moe,456,4,2,0.04395385831594467,0.061654843389987946,1.1123353242874146
13500,mha_decoupled,moe,456,4,3,0.04756835848093033,0.050746649503707886,1.1123353242874146
13500,mha_decoupled,moe,456,4,4,0.0885327160358429,0.08116758614778519,1.1123353242874146
13500,mha_decoupled,moe,456,4,5,0.05800415202975273,0.06021367385983467,1.1123353242874146
13500,mha_decoupled,moe,456,4,6,0.08796020597219467,0.0918453112244606,1.1123353242874146
13500,mha_decoupled,moe,456,4,7,0.07633666694164276,0.06662219762802124,1.1123353242874146
13500,mha_decoupled,moe,456,4,8,0.062164306640625,0.05718650668859482,1.1123353242874146
13500,mha_decoupled,moe,456,4,9,0.06248779222369194,0.0503876730799675,1.1123353242874146
13500,mha_decoupled,moe,456,4,10,0.08130859583616257,0.08489537984132767,1.1123353242874146
13500,mha_decoupled,moe,456,4,11,0.05188964679837227,0.06544294208288193,1.1123353242874146
13500,mha_decoupled,moe,456,4,12,0.038055419921875,0.040899381041526794,1.1123353242874146
13500,mha_decoupled,moe,456,4,13,0.06620849668979645,0.06482832133769989,1.1123353242874146
13500,mha_decoupled,moe,456,4,14,0.06366211175918579,0.045771703124046326,1.1123353242874146
13500,mha_decoupled,moe,456,4,15,0.0550537109375,0.05452585592865944,1.1123353242874146
13500,mha_decoupled,moe,456,5,0,0.11252563446760178,0.1100602075457573,1.5023304224014282
13500,mha_decoupled,moe,456,5,1,0.07069213688373566,0.07377371937036514,1.5023304224014282
13500,mha_decoupled,moe,456,5,2,0.05455322191119194,0.05206463858485222,1.5023304224014282
13500,mha_decoupled,moe,456,5,3,0.03941894695162773,0.04670381918549538,1.5023304224014282
13500,mha_decoupled,moe,456,5,4,0.05343383923172951,0.05838872492313385,1.5023304224014282
13500,mha_decoupled,moe,456,5,5,0.03911743313074112,0.04276096820831299,1.5023304224014282
13500,mha_decoupled,moe,456,5,6,0.050892334431409836,0.06036726012825966,1.5023304224014282
13500,mha_decoupled,moe,456,5,7,0.06772705167531967,0.07457532733678818,1.5023304224014282
13500,mha_decoupled,moe,456,5,8,0.042113035917282104,0.03904815763235092,1.5023304224014282
13500,mha_decoupled,moe,456,5,9,0.04120727628469467,0.042725011706352234,1.5023304224014282
13500,mha_decoupled,moe,456,5,10,0.0914904773235321,0.0756855458021164,1.5023304224014282
13500,mha_decoupled,moe,456,5,11,0.11762939393520355,0.07491740584373474,1.5023304224014282
13500,mha_decoupled,moe,456,5,12,0.05983154475688934,0.06850296258926392,1.5023304224014282
13500,mha_decoupled,moe,456,5,13,0.03302612155675888,0.03923911228775978,1.5023304224014282
13500,mha_decoupled,moe,456,5,14,0.07098022103309631,0.08528771996498108,1.5023304224014282
13500,mha_decoupled,moe,456,5,15,0.05536132678389549,0.055899400264024734,1.5023304224014282
14000,mha_decoupled,moe,456,1,0,0.08352416753768921,0.06505544483661652,2.4893174171447754
14000,mha_decoupled,moe,456,1,1,0.062347412109375,0.057276591658592224,2.4893174171447754
14000,mha_decoupled,moe,456,1,2,0.062128905206918716,0.054203540086746216,2.4893174171447754
14000,mha_decoupled,moe,456,1,3,0.05165405198931694,0.05831068381667137,2.4893174171447754
14000,mha_decoupled,moe,456,1,4,0.06541381776332855,0.055160656571388245,2.4893174171447754
14000,mha_decoupled,moe,456,1,5,0.06062866374850273,0.057995643466711044,2.4893174171447754
14000,mha_decoupled,moe,456,1,6,0.06869873404502869,0.06546824425458908,2.4893174171447754
14000,mha_decoupled,moe,456,1,7,0.05675048753619194,0.06826670467853546,2.4893174171447754
14000,mha_decoupled,moe,456,1,8,0.0629895031452179,0.06398249417543411,2.4893174171447754
14000,mha_decoupled,moe,456,1,9,0.06701293587684631,0.061553552746772766,2.4893174171447754
14000,mha_decoupled,moe,456,1,10,0.06369995325803757,0.06373927742242813,2.4893174171447754
14000,mha_decoupled,moe,456,1,11,0.06325317174196243,0.06648491322994232,2.4893174171447754
14000,mha_decoupled,moe,456,1,12,0.06519409269094467,0.05876161903142929,2.4893174171447754
14000,mha_decoupled,moe,456,1,13,0.05481567233800888,0.068205825984478,2.4893174171447754
14000,mha_decoupled,moe,456,1,14,0.04997802898287773,0.06912168860435486,2.4893174171447754
14000,mha_decoupled,moe,456,1,15,0.06191040202975273,0.06641311943531036,2.4893174171447754
14000,mha_decoupled,moe,456,2,0,0.0745849609375,0.06700409203767776,1.8804892301559448
14000,mha_decoupled,moe,456,2,1,0.05851684510707855,0.06741438060998917,1.8804892301559448
14000,mha_decoupled,moe,456,2,2,0.05711425840854645,0.06877925992012024,1.8804892301559448
14000,mha_decoupled,moe,456,2,3,0.07905395328998566,0.06759980320930481,1.8804892301559448
14000,mha_decoupled,moe,456,2,4,0.05308715999126434,0.06118455529212952,1.8804892301559448
14000,mha_decoupled,moe,456,2,5,0.051750488579273224,0.05698532983660698,1.8804892301559448
14000,mha_decoupled,moe,456,2,6,0.07187499850988388,0.05970769375562668,1.8804892301559448
14000,mha_decoupled,moe,456,2,7,0.05631835758686066,0.054980650544166565,1.8804892301559448
14000,mha_decoupled,moe,456,2,8,0.05437256023287773,0.06190274655818939,1.8804892301559448
14000,mha_decoupled,moe,456,2,9,0.06663696467876434,0.05712943896651268,1.8804892301559448
14000,mha_decoupled,moe,456,2,10,0.07173095643520355,0.060188110917806625,1.8804892301559448
14000,mha_decoupled,moe,456,2,11,0.05583496019244194,0.05763396620750427,1.8804892301559448
14000,mha_decoupled,moe,456,2,12,0.06745727360248566,0.06461465358734131,1.8804892301559448
14000,mha_decoupled,moe,456,2,13,0.06656371802091599,0.06009418144822121,1.8804892301559448
14000,mha_decoupled,moe,456,2,14,0.05375854671001434,0.0642034038901329,1.8804892301559448
14000,mha_decoupled,moe,456,2,15,0.06134399399161339,0.07057774811983109,1.8804892301559448
14000,mha_decoupled,moe,456,3,0,0.09221924096345901,0.08375947922468185,1.3533375263214111
14000,mha_decoupled,moe,456,3,1,0.03670654445886612,0.03968668356537819,1.3533375263214111
14000,mha_decoupled,moe,456,3,2,0.10446777194738388,0.08465929329395294,1.3533375263214111
14000,mha_decoupled,moe,456,3,3,0.06431396305561066,0.0709594190120697,1.3533375263214111
14000,mha_decoupled,moe,456,3,4,0.057586669921875,0.05553904175758362,1.3533375263214111
14000,mha_decoupled,moe,456,3,5,0.04349975660443306,0.054734185338020325,1.3533375263214111
14000,mha_decoupled,moe,456,3,6,0.0656750500202179,0.06416069716215134,1.3533375263214111
14000,mha_decoupled,moe,456,3,7,0.054863281548023224,0.06030610203742981,1.3533375263214111
14000,mha_decoupled,moe,456,3,8,0.06410888582468033,0.061337634921073914,1.3533375263214111
14000,mha_decoupled,moe,456,3,9,0.0443115234375,0.04872177913784981,1.3533375263214111
14000,mha_decoupled,moe,456,3,10,0.06986694037914276,0.07093154639005661,1.3533375263214111
14000,mha_decoupled,moe,456,3,11,0.04048340022563934,0.04431118816137314,1.3533375263214111
14000,mha_decoupled,moe,456,3,12,0.059437256306409836,0.061422090977430344,1.3533375263214111
14000,mha_decoupled,moe,456,3,13,0.07636597007513046,0.06586813181638718,1.3533375263214111
14000,mha_decoupled,moe,456,3,14,0.062591552734375,0.06831318140029907,1.3533375263214111
14000,mha_decoupled,moe,456,3,15,0.06350219994783401,0.06528952717781067,1.3533375263214111
14000,mha_decoupled,moe,456,4,0,0.05140747129917145,0.061332155019044876,1.1139808893203735
14000,mha_decoupled,moe,456,4,1,0.0638439953327179,0.06075189635157585,1.1139808893203735
14000,mha_decoupled,moe,456,4,2,0.04442138597369194,0.062336381524801254,1.1139808893203735
14000,mha_decoupled,moe,456,4,3,0.04651489108800888,0.04818393662571907,1.1139808893203735
14000,mha_decoupled,moe,456,4,4,0.09039306640625,0.08201800286769867,1.1139808893203735
14000,mha_decoupled,moe,456,4,5,0.05744995176792145,0.059584397822618484,1.1139808893203735
14000,mha_decoupled,moe,456,4,6,0.08793579041957855,0.0907919853925705,1.1139808893203735
14000,mha_decoupled,moe,456,4,7,0.07805053889751434,0.0684913620352745,1.1139808893203735
14000,mha_decoupled,moe,456,4,8,0.061223145574331284,0.05628303065896034,1.1139808893203735
14000,mha_decoupled,moe,456,4,9,0.06338867545127869,0.052428171038627625,1.1139808893203735
14000,mha_decoupled,moe,456,4,10,0.08191284537315369,0.08554219454526901,1.1139808893203735
14000,mha_decoupled,moe,456,4,11,0.05206054821610451,0.06598824262619019,1.1139808893203735
14000,mha_decoupled,moe,456,4,12,0.03547118976712227,0.0390925258398056,1.1139808893203735
14000,mha_decoupled,moe,456,4,13,0.06622070074081421,0.06405259668827057,1.1139808893203735
14000,mha_decoupled,moe,456,4,14,0.06404052674770355,0.047080427408218384,1.1139808893203735
14000,mha_decoupled,moe,456,4,15,0.055665284395217896,0.056042689830064774,1.1139808893203735
14000,mha_decoupled,moe,456,5,0,0.11369872838258743,0.11060650646686554,1.5029292106628418
14000,mha_decoupled,moe,456,5,1,0.07140014320611954,0.07608316093683243,1.5029292106628418
14000,mha_decoupled,moe,456,5,2,0.05334106460213661,0.050570931285619736,1.5029292106628418
14000,mha_decoupled,moe,456,5,3,0.03788818418979645,0.044870395213365555,1.5029292106628418
14000,mha_decoupled,moe,456,5,4,0.05228027328848839,0.05760916694998741,1.5029292106628418
14000,mha_decoupled,moe,456,5,5,0.03944458067417145,0.04278060048818588,1.5029292106628418
14000,mha_decoupled,moe,456,5,6,0.05042724683880806,0.05916561931371689,1.5029292106628418
14000,mha_decoupled,moe,456,5,7,0.06684814393520355,0.07345383614301682,1.5029292106628418
14000,mha_decoupled,moe,456,5,8,0.04108642414212227,0.03970580920577049,1.5029292106628418
14000,mha_decoupled,moe,456,5,9,0.04200805723667145,0.04361845552921295,1.5029292106628418
14000,mha_decoupled,moe,456,5,10,0.09127441048622131,0.07524456083774567,1.5029292106628418
14000,mha_decoupled,moe,456,5,11,0.11793091148138046,0.07456038892269135,1.5029292106628418
14000,mha_decoupled,moe,456,5,12,0.060943603515625,0.06952663511037827,1.5029292106628418
14000,mha_decoupled,moe,456,5,13,0.031676024198532104,0.038353726267814636,1.5029292106628418
14000,mha_decoupled,moe,456,5,14,0.07419433444738388,0.08753961324691772,1.5029292106628418
14000,mha_decoupled,moe,456,5,15,0.05555786192417145,0.05631055310368538,1.5029292106628418
14500,mha_decoupled,moe,456,1,0,0.08067870885133743,0.06389656662940979,2.4880025386810303
14500,mha_decoupled,moe,456,1,1,0.06526733189821243,0.05818121135234833,2.4880025386810303
14500,mha_decoupled,moe,456,1,2,0.07636230438947678,0.057477422058582306,2.4880025386810303
14500,mha_decoupled,moe,456,1,3,0.05674072355031967,0.06053222715854645,2.4880025386810303
14500,mha_decoupled,moe,456,1,4,0.07055176049470901,0.05546870827674866,2.4880025386810303
14500,mha_decoupled,moe,456,1,5,0.05951293930411339,0.057967375963926315,2.4880025386810303
14500,mha_decoupled,moe,456,1,6,0.06820923089981079,0.0652378499507904,2.4880025386810303
14500,mha_decoupled,moe,456,1,7,0.05707153305411339,0.06818817555904388,2.4880025386810303
14500,mha_decoupled,moe,456,1,8,0.06074340641498566,0.0633525624871254,2.4880025386810303
14500,mha_decoupled,moe,456,1,9,0.06337646394968033,0.06084677204489708,2.4880025386810303
14500,mha_decoupled,moe,456,1,10,0.06135009601712227,0.06273393332958221,2.4880025386810303
14500,mha_decoupled,moe,456,1,11,0.06147827208042145,0.06509312987327576,2.4880025386810303
14500,mha_decoupled,moe,456,1,12,0.05528320372104645,0.05734949931502342,2.4880025386810303
14500,mha_decoupled,moe,456,1,13,0.0565185546875,0.06924919039011002,2.4880025386810303
14500,mha_decoupled,moe,456,1,14,0.04771606624126434,0.06901242583990097,2.4880025386810303
14500,mha_decoupled,moe,456,1,15,0.05913940444588661,0.0654129832983017,2.4880025386810303
14500,mha_decoupled,moe,456,2,0,0.07453369349241257,0.06650378555059433,1.8874387741088867
14500,mha_decoupled,moe,456,2,1,0.05799316242337227,0.0668458491563797,1.8874387741088867
14500,mha_decoupled,moe,456,2,2,0.05668456852436066,0.06837932020425797,1.8874387741088867
14500,mha_decoupled,moe,456,2,3,0.07876831293106079,0.06779428571462631,1.8874387741088867
14500,mha_decoupled,moe,456,2,4,0.05254760757088661,0.06019117683172226,1.8874387741088867
14500,mha_decoupled,moe,456,2,5,0.050019532442092896,0.055035557597875595,1.8874387741088867
14500,mha_decoupled,moe,456,2,6,0.07176269590854645,0.0595623143017292,1.8874387741088867
14500,mha_decoupled,moe,456,2,7,0.060200195759534836,0.0575740709900856,1.8874387741088867
14500,mha_decoupled,moe,456,2,8,0.05087890475988388,0.05978764593601227,1.8874387741088867
14500,mha_decoupled,moe,456,2,9,0.06779541075229645,0.05800497159361839,1.8874387741088867
14500,mha_decoupled,moe,456,2,10,0.07442016899585724,0.062226369976997375,1.8874387741088867
14500,mha_decoupled,moe,456,2,11,0.057769775390625,0.05862162634730339,1.8874387741088867
14500,mha_decoupled,moe,456,2,12,0.0650622546672821,0.06350501626729965,1.8874387741088867
14500,mha_decoupled,moe,456,2,13,0.06710083037614822,0.0605379119515419,1.8874387741088867
14500,mha_decoupled,moe,456,2,14,0.053612060844898224,0.06414590030908585,1.8874387741088867
14500,mha_decoupled,moe,456,2,15,0.060850828886032104,0.0712842047214508,1.8874387741088867
14500,mha_decoupled,moe,456,3,0,0.0917346179485321,0.08272753655910492,1.36411452293396
14500,mha_decoupled,moe,456,3,1,0.03614135831594467,0.04010147228837013,1.36411452293396
14500,mha_decoupled,moe,456,3,2,0.10535522550344467,0.08431332558393478,1.36411452293396
14500,mha_decoupled,moe,456,3,3,0.06476929038763046,0.0718490332365036,1.36411452293396
14500,mha_decoupled,moe,456,3,4,0.05794921889901161,0.056271690875291824,1.36411452293396
14500,mha_decoupled,moe,456,3,5,0.042744141072034836,0.054583486169576645,1.36411452293396
14500,mha_decoupled,moe,456,3,6,0.06704956293106079,0.06566424667835236,1.36411452293396
14500,mha_decoupled,moe,456,3,7,0.05610107257962227,0.06145566329360008,1.36411452293396
14500,mha_decoupled,moe,456,3,8,0.06201538071036339,0.06022605299949646,1.36411452293396
14500,mha_decoupled,moe,456,3,9,0.04303588718175888,0.046824440360069275,1.36411452293396
14500,mha_decoupled,moe,456,3,10,0.06996460258960724,0.07043822854757309,1.36411452293396
14500,mha_decoupled,moe,456,3,11,0.04186157137155533,0.04575631767511368,1.36411452293396
14500,mha_decoupled,moe,456,3,12,0.05774169787764549,0.06100482493638992,1.36411452293396
14500,mha_decoupled,moe,456,3,13,0.07843505591154099,0.06741169840097427,1.36411452293396
14500,mha_decoupled,moe,456,3,14,0.06169677898287773,0.06660543382167816,1.36411452293396
14500,mha_decoupled,moe,456,3,15,0.06340453773736954,0.0647665411233902,1.36411452293396
14500,mha_decoupled,moe,456,4,0,0.05177123844623566,0.062324728816747665,1.1112092733383179
14500,mha_decoupled,moe,456,4,1,0.06348266452550888,0.0615847073495388,1.1112092733383179
14500,mha_decoupled,moe,456,4,2,0.04336791858077049,0.06187661737203598,1.1112092733383179
14500,mha_decoupled,moe,456,4,3,0.045128174126148224,0.045497503131628036,1.1112092733383179
14500,mha_decoupled,moe,456,4,4,0.09035034477710724,0.08187218755483627,1.1112092733383179
14500,mha_decoupled,moe,456,4,5,0.05818481370806694,0.06002703681588173,1.1112092733383179
14500,mha_decoupled,moe,456,4,6,0.08788695931434631,0.0906858891248703,1.1112092733383179
14500,mha_decoupled,moe,456,4,7,0.0785815417766571,0.06843194365501404,1.1112092733383179
14500,mha_decoupled,moe,456,4,8,0.06043456867337227,0.055821895599365234,1.1112092733383179
14500,mha_decoupled,moe,456,4,9,0.06265625357627869,0.050726912915706635,1.1112092733383179
14500,mha_decoupled,moe,456,4,10,0.08148193359375,0.08621464669704437,1.1112092733383179
14500,mha_decoupled,moe,456,4,11,0.05354614183306694,0.06819713860750198,1.1112092733383179
14500,mha_decoupled,moe,456,4,12,0.036406248807907104,0.0398954413831234,1.1112092733383179
14500,mha_decoupled,moe,456,4,13,0.06628662347793579,0.06426606327295303,1.1112092733383179
14500,mha_decoupled,moe,456,4,14,0.06431762874126434,0.046729639172554016,1.1112092733383179
14500,mha_decoupled,moe,456,4,15,0.056116942316293716,0.055847663432359695,1.1112092733383179
14500,mha_decoupled,moe,456,5,0,0.1129138171672821,0.1108708456158638,1.4967334270477295
14500,mha_decoupled,moe,456,5,1,0.0712573230266571,0.07577679306268692,1.4967334270477295
14500,mha_decoupled,moe,456,5,2,0.05500976741313934,0.05269616097211838,1.4967334270477295
14500,mha_decoupled,moe,456,5,3,0.03778320178389549,0.04472684860229492,1.4967334270477295
14500,mha_decoupled,moe,456,5,4,0.05338378995656967,0.05871278792619705,1.4967334270477295
14500,mha_decoupled,moe,456,5,5,0.03926269710063934,0.0428098626434803,1.4967334270477295
14500,mha_decoupled,moe,456,5,6,0.049830321222543716,0.059024590998888016,1.4967334270477295
14500,mha_decoupled,moe,456,5,7,0.06693481653928757,0.07320839166641235,1.4967334270477295
14500,mha_decoupled,moe,456,5,8,0.04134521633386612,0.03869791328907013,1.4967334270477295
14500,mha_decoupled,moe,456,5,9,0.043132323771715164,0.04422083497047424,1.4967334270477295
14500,mha_decoupled,moe,456,5,10,0.09177368134260178,0.07577401399612427,1.4967334270477295
14500,mha_decoupled,moe,456,5,11,0.11559204012155533,0.07177115231752396,1.4967334270477295
14500,mha_decoupled,moe,456,5,12,0.058704834431409836,0.06721022725105286,1.4967334270477295
14500,mha_decoupled,moe,456,5,13,0.03197387605905533,0.03906996548175812,1.4967334270477295
14500,mha_decoupled,moe,456,5,14,0.07490356266498566,0.08892586082220078,1.4967334270477295
14500,mha_decoupled,moe,456,5,15,0.05619873106479645,0.056503742933273315,1.4967334270477295
15000,mha_decoupled,moe,456,1,0,0.07950683683156967,0.06374289095401764,2.4819774627685547
15000,mha_decoupled,moe,456,1,1,0.06596069037914276,0.058105405420064926,2.4819774627685547
15000,mha_decoupled,moe,456,1,2,0.06718261539936066,0.055051520466804504,2.4819774627685547
15000,mha_decoupled,moe,456,1,3,0.05916015803813934,0.061084989458322525,2.4819774627685547
15000,mha_decoupled,moe,456,1,4,0.06533325463533401,0.05439876392483711,2.4819774627685547
15000,mha_decoupled,moe,456,1,5,0.05488525331020355,0.05698278546333313,2.4819774627685547
15000,mha_decoupled,moe,456,1,6,0.07025878876447678,0.06594999134540558,2.4819774627685547
15000,mha_decoupled,moe,456,1,7,0.05480590835213661,0.06818903237581253,2.4819774627685547
15000,mha_decoupled,moe,456,1,8,0.060454100370407104,0.06334493309259415,2.4819774627685547
15000,mha_decoupled,moe,456,1,9,0.07179076969623566,0.06269438564777374,2.4819774627685547
15000,mha_decoupled,moe,456,1,10,0.06205810606479645,0.0625094622373581,2.4819774627685547
15000,mha_decoupled,moe,456,1,11,0.06251586973667145,0.06581950932741165,2.4819774627685547
15000,mha_decoupled,moe,456,1,12,0.06273071467876434,0.057987142354249954,2.4819774627685547
15000,mha_decoupled,moe,456,1,13,0.05249389633536339,0.06886852532625198,2.4819774627685547
15000,mha_decoupled,moe,456,1,14,0.052418213337659836,0.07035108655691147,2.4819774627685547
15000,mha_decoupled,moe,456,1,15,0.05844482406973839,0.06491953879594803,2.4819774627685547
15000,mha_decoupled,moe,456,2,0,0.07283203303813934,0.06501993536949158,1.8821020126342773
15000,mha_decoupled,moe,456,2,1,0.05844482406973839,0.06730521470308304,1.8821020126342773
15000,mha_decoupled,moe,456,2,2,0.05579467862844467,0.0670730471611023,1.8821020126342773
15000,mha_decoupled,moe,456,2,3,0.07968872040510178,0.06851653754711151,1.8821020126342773
15000,mha_decoupled,moe,456,2,4,0.05409545823931694,0.06118600815534592,1.8821020126342773
15000,mha_decoupled,moe,456,2,5,0.050318602472543716,0.05542902648448944,1.8821020126342773
15000,mha_decoupled,moe,456,2,6,0.0709521472454071,0.059451356530189514,1.8821020126342773
15000,mha_decoupled,moe,456,2,7,0.06064452975988388,0.05830753222107887,1.8821020126342773
15000,mha_decoupled,moe,456,2,8,0.05121826007962227,0.0601515956223011,1.8821020126342773
15000,mha_decoupled,moe,456,2,9,0.06858398765325546,0.05932328850030899,1.8821020126342773
15000,mha_decoupled,moe,456,2,10,0.07548096030950546,0.06321356445550919,1.8821020126342773
15000,mha_decoupled,moe,456,2,11,0.05821289122104645,0.05942058935761452,1.8821020126342773
15000,mha_decoupled,moe,456,2,12,0.06389770656824112,0.06252851337194443,1.8821020126342773
15000,mha_decoupled,moe,456,2,13,0.0657031238079071,0.05948461592197418,1.8821020126342773
15000,mha_decoupled,moe,456,2,14,0.052464600652456284,0.0631784051656723,1.8821020126342773
15000,mha_decoupled,moe,456,2,15,0.06166747957468033,0.07041073590517044,1.8821020126342773
15000,mha_decoupled,moe,456,3,0,0.09276855736970901,0.08482346683740616,1.357325792312622
15000,mha_decoupled,moe,456,3,1,0.03550659120082855,0.039185263216495514,1.357325792312622
15000,mha_decoupled,moe,456,3,2,0.10503417998552322,0.08484049886465073,1.357325792312622
15000,mha_decoupled,moe,456,3,3,0.06511474400758743,0.07164330035448074,1.357325792312622
15000,mha_decoupled,moe,456,3,4,0.059086915105581284,0.05614028498530388,1.357325792312622
15000,mha_decoupled,moe,456,3,5,0.04239135608077049,0.05323753505945206,1.357325792312622
15000,mha_decoupled,moe,456,3,6,0.06694702059030533,0.06483712792396545,1.357325792312622
15000,mha_decoupled,moe,456,3,7,0.054997559636831284,0.06090870499610901,1.357325792312622
15000,mha_decoupled,moe,456,3,8,0.06343627721071243,0.06078820675611496,1.357325792312622
15000,mha_decoupled,moe,456,3,9,0.04312988370656967,0.04735098406672478,1.357325792312622
15000,mha_decoupled,moe,456,3,10,0.06960693001747131,0.07061105966567993,1.357325792312622
15000,mha_decoupled,moe,456,3,11,0.04136474430561066,0.04565529525279999,1.357325792312622
15000,mha_decoupled,moe,456,3,12,0.05732788145542145,0.05994823947548866,1.357325792312622
15000,mha_decoupled,moe,456,3,13,0.07720702886581421,0.06669400632381439,1.357325792312622
15000,mha_decoupled,moe,456,3,14,0.06217040866613388,0.06776447594165802,1.357325792312622
15000,mha_decoupled,moe,456,3,15,0.06390991061925888,0.06557157635688782,1.357325792312622
15000,mha_decoupled,moe,456,4,0,0.05043701082468033,0.060763463377952576,1.1135165691375732
15000,mha_decoupled,moe,456,4,1,0.06495117396116257,0.061988867819309235,1.1135165691375732
15000,mha_decoupled,moe,456,4,2,0.04298095777630806,0.061771925538778305,1.1135165691375732
15000,mha_decoupled,moe,456,4,3,0.04357055574655533,0.04448124021291733,1.1135165691375732
15000,mha_decoupled,moe,456,4,4,0.09049926698207855,0.08311737328767776,1.1135165691375732
15000,mha_decoupled,moe,456,4,5,0.05826782062649727,0.06006273627281189,1.1135165691375732
15000,mha_decoupled,moe,456,4,6,0.08872070163488388,0.0920342430472374,1.1135165691375732
15000,mha_decoupled,moe,456,4,7,0.07768188416957855,0.06816849112510681,1.1135165691375732
15000,mha_decoupled,moe,456,4,8,0.06205688416957855,0.05707372725009918,1.1135165691375732
15000,mha_decoupled,moe,456,4,9,0.06263916194438934,0.05178167298436165,1.1135165691375732
15000,mha_decoupled,moe,456,4,10,0.08103515952825546,0.08380033820867538,1.1135165691375732
15000,mha_decoupled,moe,456,4,11,0.052946776151657104,0.06695407629013062,1.1135165691375732
15000,mha_decoupled,moe,456,4,12,0.03716674819588661,0.04014311730861664,1.1135165691375732
15000,mha_decoupled,moe,456,4,13,0.06781616061925888,0.06677389144897461,1.1135165691375732
15000,mha_decoupled,moe,456,4,14,0.0640551745891571,0.04602951556444168,1.1135165691375732
15000,mha_decoupled,moe,456,4,15,0.055174559354782104,0.055055294185876846,1.1135165691375732
15000,mha_decoupled,moe,456,5,0,0.11329956352710724,0.11023365706205368,1.4973318576812744
15000,mha_decoupled,moe,456,5,1,0.07127197086811066,0.07525443285703659,1.4973318576812744
15000,mha_decoupled,moe,456,5,2,0.05337158218026161,0.051386453211307526,1.4973318576812744
15000,mha_decoupled,moe,456,5,3,0.036839600652456284,0.04418948292732239,1.4973318576812744
15000,mha_decoupled,moe,456,5,4,0.054462891072034836,0.05925764888525009,1.4973318576812744
15000,mha_decoupled,moe,456,5,5,0.03987671062350273,0.04263584315776825,1.4973318576812744
15000,mha_decoupled,moe,456,5,6,0.04921630769968033,0.05768927186727524,1.4973318576812744
15000,mha_decoupled,moe,456,5,7,0.0685717761516571,0.07473525404930115,1.4973318576812744
15000,mha_decoupled,moe,456,5,8,0.040660399943590164,0.038799308240413666,1.4973318576812744
15000,mha_decoupled,moe,456,5,9,0.04234252870082855,0.044172123074531555,1.4973318576812744
15000,mha_decoupled,moe,456,5,10,0.09213501214981079,0.07630227506160736,1.4973318576812744
15000,mha_decoupled,moe,456,5,11,0.11684448271989822,0.07314281165599823,1.4973318576812744
15000,mha_decoupled,moe,456,5,12,0.059758301824331284,0.06847264617681503,1.4973318576812744
15000,mha_decoupled,moe,456,5,13,0.031203612685203552,0.03863566741347313,1.4973318576812744
15000,mha_decoupled,moe,456,5,14,0.07471557706594467,0.08922655135393143,1.4973318576812744
15000,mha_decoupled,moe,456,5,15,0.05542968586087227,0.055866584181785583,1.4973318576812744
