iter,attn_mode,backbone,seed,layer,expert,selected_fraction,mean_probability,router_entropy
0,mha_decoupled,moe,42,1,0,0.022292479872703552,0.04716157540678978,2.635392427444458
0,mha_decoupled,moe,42,1,1,0.06768432259559631,0.06341727823019028,2.635392427444458
0,mha_decoupled,moe,42,1,2,0.043458253145217896,0.056379448622465134,2.635392427444458
0,mha_decoupled,moe,42,1,3,0.07344238460063934,0.06454771757125854,2.635392427444458
0,mha_decoupled,moe,42,1,4,0.10868652164936066,0.07475511729717255,2.635392427444458
0,mha_decoupled,moe,42,1,5,0.09312377870082855,0.07359183579683304,2.635392427444458
0,mha_decoupled,moe,42,1,6,0.05013427883386612,0.062182046473026276,2.635392427444458
0,mha_decoupled,moe,42,1,7,0.08121459931135178,0.07100392132997513,2.635392427444458
0,mha_decoupled,moe,42,1,8,0.03484131023287773,0.05458705127239227,2.635392427444458
0,mha_decoupled,moe,42,1,9,0.08323608338832855,0.06990442425012589,2.635392427444458
0,mha_decoupled,moe,42,1,10,0.04209838807582855,0.05532122030854225,2.635392427444458
0,mha_decoupled,moe,42,1,11,0.06022094562649727,0.061810243874788284,2.635392427444458
0,mha_decoupled,moe,42,1,12,0.05563110485672951,0.05935324355959892,2.635392427444458
0,mha_decoupled,moe,42,1,13,0.07267822325229645,0.06531769037246704,2.635392427444458
0,mha_decoupled,moe,42,1,14,0.08640746772289276,0.07080419361591339,2.635392427444458
0,mha_decoupled,moe,42,1,15,0.02484985440969467,0.04986296594142914,2.635392427444458
0,mha_decoupled,moe,42,2,0,0.009904785081744194,0.0387045219540596,2.613879919052124
0,mha_decoupled,moe,42,2,1,0.014899902045726776,0.03928927332162857,2.613879919052124
0,mha_decoupled,moe,42,2,2,0.1367199718952179,0.08558349311351776,2.613879919052124
0,mha_decoupled,moe,42,2,3,0.1489892601966858,0.08964650332927704,2.613879919052124
0,mha_decoupled,moe,42,2,4,0.023933105170726776,0.05122588947415352,2.613879919052124
0,mha_decoupled,moe,42,2,5,0.029822997748851776,0.05321483314037323,2.613879919052124
0,mha_decoupled,moe,42,2,6,0.04593505710363388,0.059794098138809204,2.613879919052124
0,mha_decoupled,moe,42,2,7,0.019332274794578552,0.04636187478899956,2.613879919052124
0,mha_decoupled,moe,42,2,8,0.13795410096645355,0.08605270087718964,2.613879919052124
0,mha_decoupled,moe,42,2,9,0.1213061511516571,0.08153210580348969,2.613879919052124
0,mha_decoupled,moe,42,2,10,0.02707519568502903,0.05217443406581879,2.613879919052124
0,mha_decoupled,moe,42,2,11,0.05390014499425888,0.0629350021481514,2.613879919052124
0,mha_decoupled,moe,42,2,12,0.06396850943565369,0.06481728702783585,2.613879919052124
0,mha_decoupled,moe,42,2,13,0.04808349534869194,0.05993290990591049,2.613879919052124
0,mha_decoupled,moe,42,2,14,0.03193359449505806,0.05385621637105942,2.613879919052124
0,mha_decoupled,moe,42,2,15,0.0862414538860321,0.07487887144088745,2.613879919052124
0,mha_decoupled,moe,42,3,0,0.06682495027780533,0.06568369269371033,2.6250414848327637
0,mha_decoupled,moe,42,3,1,0.04593871906399727,0.06012555584311485,2.6250414848327637
0,mha_decoupled,moe,42,3,2,0.03363647311925888,0.053011905401945114,2.6250414848327637
0,mha_decoupled,moe,42,3,3,0.04726196452975273,0.06138076260685921,2.6250414848327637
0,mha_decoupled,moe,42,3,4,0.03064819425344467,0.05088448151946068,2.6250414848327637
0,mha_decoupled,moe,42,3,5,0.03153320401906967,0.05128307268023491,2.6250414848327637
0,mha_decoupled,moe,42,3,6,0.03674926608800888,0.057089630514383316,2.6250414848327637
0,mha_decoupled,moe,42,3,7,0.02575073204934597,0.05397135391831398,2.6250414848327637
0,mha_decoupled,moe,42,3,8,0.041112061589956284,0.053429532796144485,2.6250414848327637
0,mha_decoupled,moe,42,3,9,0.08173706382513046,0.07016925513744354,2.6250414848327637
0,mha_decoupled,moe,42,3,10,0.08413451910018921,0.07112862169742584,2.6250414848327637
0,mha_decoupled,moe,42,3,11,0.10658691078424454,0.07758284360170364,2.6250414848327637
0,mha_decoupled,moe,42,3,12,0.09164916723966599,0.07214472442865372,2.6250414848327637
0,mha_decoupled,moe,42,3,13,0.22200927138328552,0.1051037609577179,2.6250414848327637
0,mha_decoupled,moe,42,3,14,0.020021973177790642,0.04569318890571594,2.6250414848327637
0,mha_decoupled,moe,42,3,15,0.03440551832318306,0.05131767317652702,2.6250414848327637
0,mha_decoupled,moe,42,4,0,0.0827954113483429,0.07250634580850601,2.615260362625122
0,mha_decoupled,moe,42,4,1,0.08408935368061066,0.0714845061302185,2.615260362625122
0,mha_decoupled,moe,42,4,2,0.19627441465854645,0.09968196600675583,2.615260362625122
0,mha_decoupled,moe,42,4,3,0.055305175483226776,0.06273919343948364,2.615260362625122
0,mha_decoupled,moe,42,4,4,0.016398925334215164,0.0458020456135273,2.615260362625122
0,mha_decoupled,moe,42,4,5,0.02037963829934597,0.047953516244888306,2.615260362625122
0,mha_decoupled,moe,42,4,6,0.012882079929113388,0.042757224291563034,2.615260362625122
0,mha_decoupled,moe,42,4,7,0.05737060680985451,0.06068839132785797,2.615260362625122
0,mha_decoupled,moe,42,4,8,0.14293700456619263,0.08618450164794922,2.615260362625122
0,mha_decoupled,moe,42,4,9,0.048826903104782104,0.058523133397102356,2.615260362625122
0,mha_decoupled,moe,42,4,10,0.04211791977286339,0.05966456979513168,2.615260362625122
0,mha_decoupled,moe,42,4,11,0.07308593392372131,0.06886349618434906,2.615260362625122
0,mha_decoupled,moe,42,4,12,0.08943481743335724,0.07455834746360779,2.615260362625122
0,mha_decoupled,moe,42,4,13,0.038798827677965164,0.05575777590274811,2.615260362625122
0,mha_decoupled,moe,42,4,14,0.014145507477223873,0.04192175343632698,2.615260362625122
0,mha_decoupled,moe,42,4,15,0.025157470256090164,0.05091323330998421,2.615260362625122
0,mha_decoupled,moe,42,5,0,0.027814941480755806,0.053787961602211,2.6220061779022217
0,mha_decoupled,moe,42,5,1,0.091949462890625,0.07331176102161407,2.6220061779022217
0,mha_decoupled,moe,42,5,2,0.04628174006938934,0.05755068361759186,2.6220061779022217
0,mha_decoupled,moe,42,5,3,0.07328002899885178,0.06905033439397812,2.6220061779022217
0,mha_decoupled,moe,42,5,4,0.036346435546875,0.058034561574459076,2.6220061779022217
0,mha_decoupled,moe,42,5,5,0.0283203125,0.052263639867305756,2.6220061779022217
0,mha_decoupled,moe,42,5,6,0.09346679598093033,0.07393618673086166,2.6220061779022217
0,mha_decoupled,moe,42,5,7,0.045323487371206284,0.056028757244348526,2.6220061779022217
0,mha_decoupled,moe,42,5,8,0.03583984449505806,0.05138523504137993,2.6220061779022217
0,mha_decoupled,moe,42,5,9,0.05388061702251434,0.061615582555532455,2.6220061779022217
0,mha_decoupled,moe,42,5,10,0.028896484524011612,0.04957692697644234,2.6220061779022217
0,mha_decoupled,moe,42,5,11,0.02860107459127903,0.05216513201594353,2.6220061779022217
0,mha_decoupled,moe,42,5,12,0.03486938402056694,0.05231213569641113,2.6220061779022217
0,mha_decoupled,moe,42,5,13,0.20710937678813934,0.1023230329155922,2.6220061779022217
0,mha_decoupled,moe,42,5,14,0.05188354477286339,0.05715814605355263,2.6220061779022217
0,mha_decoupled,moe,42,5,15,0.11613647639751434,0.07949994504451752,2.6220061779022217
500,mha_decoupled,moe,42,1,0,0.08023681491613388,0.07046739757061005,2.2219536304473877
500,mha_decoupled,moe,42,1,1,0.0785205066204071,0.058164458721876144,2.2219536304473877
500,mha_decoupled,moe,42,1,2,0.012229003943502903,0.03445373848080635,2.2219536304473877
500,mha_decoupled,moe,42,1,3,0.05256103351712227,0.06349927186965942,2.2219536304473877
500,mha_decoupled,moe,42,1,4,0.06596557796001434,0.06388891488313675,2.2219536304473877
500,mha_decoupled,moe,42,1,5,0.08595459163188934,0.07608214020729065,2.2219536304473877
500,mha_decoupled,moe,42,1,6,0.09585204720497131,0.07730353623628616,2.2219536304473877
500,mha_decoupled,moe,42,1,7,0.025184325873851776,0.04092061519622803,2.2219536304473877
500,mha_decoupled,moe,42,1,8,0.07826294004917145,0.06970515102148056,2.2219536304473877
500,mha_decoupled,moe,42,1,9,0.0680859386920929,0.06715169548988342,2.2219536304473877
500,mha_decoupled,moe,42,1,10,0.0896289050579071,0.07570764422416687,2.2219536304473877
500,mha_decoupled,moe,42,1,11,0.03633178770542145,0.06744831800460815,2.2219536304473877
500,mha_decoupled,moe,42,1,12,0.059608153998851776,0.06870352476835251,2.2219536304473877
500,mha_decoupled,moe,42,1,13,0.07935912907123566,0.0671238973736763,2.2219536304473877
500,mha_decoupled,moe,42,1,14,0.06457031518220901,0.06306076794862747,2.2219536304473877
500,mha_decoupled,moe,42,1,15,0.02764892578125,0.036318909376859665,2.2219536304473877
500,mha_decoupled,moe,42,2,0,0.07630614936351776,0.06721983850002289,2.1933767795562744
500,mha_decoupled,moe,42,2,1,0.046516112983226776,0.07564332336187363,2.1933767795562744
500,mha_decoupled,moe,42,2,2,0.03691162168979645,0.054359760135412216,2.1933767795562744
500,mha_decoupled,moe,42,2,3,0.04386840760707855,0.04724515601992607,2.1933767795562744
500,mha_decoupled,moe,42,2,4,0.05027832090854645,0.05227963626384735,2.1933767795562744
500,mha_decoupled,moe,42,2,5,0.06442016363143921,0.05820883810520172,2.1933767795562744
500,mha_decoupled,moe,42,2,6,0.0644519031047821,0.058248139917850494,2.1933767795562744
500,mha_decoupled,moe,42,2,7,0.07373534888029099,0.06513411551713943,2.1933767795562744
500,mha_decoupled,moe,42,2,8,0.06356323510408401,0.06536297500133514,2.1933767795562744
500,mha_decoupled,moe,42,2,9,0.061676025390625,0.04852819815278053,2.1933767795562744
500,mha_decoupled,moe,42,2,10,0.08963257074356079,0.08272035419940948,2.1933767795562744
500,mha_decoupled,moe,42,2,11,0.045964356511831284,0.06040731444954872,2.1933767795562744
500,mha_decoupled,moe,42,2,12,0.10687743872404099,0.08307591080665588,2.1933767795562744
500,mha_decoupled,moe,42,2,13,0.06729613989591599,0.0653357207775116,2.1933767795562744
500,mha_decoupled,moe,42,2,14,0.040153808891773224,0.04833080247044563,2.1933767795562744
500,mha_decoupled,moe,42,2,15,0.06834838539361954,0.06789988279342651,2.1933767795562744
500,mha_decoupled,moe,42,3,0,0.07303466647863388,0.07766515761613846,2.003941774368286
500,mha_decoupled,moe,42,3,1,0.06132568418979645,0.05401070415973663,2.003941774368286
500,mha_decoupled,moe,42,3,2,0.04637695476412773,0.06075495854020119,2.003941774368286
500,mha_decoupled,moe,42,3,3,0.10739745944738388,0.09622930735349655,2.003941774368286
500,mha_decoupled,moe,42,3,4,0.06887207180261612,0.07102686911821365,2.003941774368286
500,mha_decoupled,moe,42,3,5,0.030275879427790642,0.03918931260704994,2.003941774368286
500,mha_decoupled,moe,42,3,6,0.09449584782123566,0.08910901099443436,2.003941774368286
500,mha_decoupled,moe,42,3,7,0.04740844666957855,0.054498422890901566,2.003941774368286
500,mha_decoupled,moe,42,3,8,0.07265258580446243,0.058156564831733704,2.003941774368286
500,mha_decoupled,moe,42,3,9,0.05050048977136612,0.052115172147750854,2.003941774368286
500,mha_decoupled,moe,42,3,10,0.05545654147863388,0.060045257210731506,2.003941774368286
500,mha_decoupled,moe,42,3,11,0.05913940444588661,0.06395997852087021,2.003941774368286
500,mha_decoupled,moe,42,3,12,0.04633422940969467,0.047500383108854294,2.003941774368286
500,mha_decoupled,moe,42,3,13,0.04694946110248566,0.04706093296408653,2.003941774368286
500,mha_decoupled,moe,42,3,14,0.08180785924196243,0.07233566045761108,2.003941774368286
500,mha_decoupled,moe,42,3,15,0.057972412556409836,0.05634229630231857,2.003941774368286
500,mha_decoupled,moe,42,4,0,0.054938964545726776,0.06644698232412338,1.982206106185913
500,mha_decoupled,moe,42,4,1,0.03799804672598839,0.04557003825902939,1.982206106185913
500,mha_decoupled,moe,42,4,2,0.06678588688373566,0.06157827749848366,1.982206106185913
500,mha_decoupled,moe,42,4,3,0.05902343615889549,0.06873586773872375,1.982206106185913
500,mha_decoupled,moe,42,4,4,0.10123779624700546,0.08356425166130066,1.982206106185913
500,mha_decoupled,moe,42,4,5,0.07406249642372131,0.06048943102359772,1.982206106185913
500,mha_decoupled,moe,42,4,6,0.019758300855755806,0.041669100522994995,1.982206106185913
500,mha_decoupled,moe,42,4,7,0.055491942912340164,0.053682222962379456,1.982206106185913
500,mha_decoupled,moe,42,4,8,0.058623045682907104,0.06600737571716309,1.982206106185913
500,mha_decoupled,moe,42,4,9,0.08419433236122131,0.0769846960902214,1.982206106185913
500,mha_decoupled,moe,42,4,10,0.07253540307283401,0.06639905273914337,1.982206106185913
500,mha_decoupled,moe,42,4,11,0.040496826171875,0.042708612978458405,1.982206106185913
500,mha_decoupled,moe,42,4,12,0.06467895209789276,0.07030890136957169,1.982206106185913
500,mha_decoupled,moe,42,4,13,0.051874998956918716,0.059232503175735474,1.982206106185913
500,mha_decoupled,moe,42,4,14,0.07740356773138046,0.05980987474322319,1.982206106185913
500,mha_decoupled,moe,42,4,15,0.08089599758386612,0.07681286334991455,1.982206106185913
500,mha_decoupled,moe,42,5,0,0.04386718571186066,0.05047941207885742,2.1227383613586426
500,mha_decoupled,moe,42,5,1,0.08481933921575546,0.07104353606700897,2.1227383613586426
500,mha_decoupled,moe,42,5,2,0.08523803949356079,0.059146150946617126,2.1227383613586426
500,mha_decoupled,moe,42,5,3,0.07921386510133743,0.07302659004926682,2.1227383613586426
500,mha_decoupled,moe,42,5,4,0.05955444276332855,0.058798402547836304,2.1227383613586426
500,mha_decoupled,moe,42,5,5,0.07719726860523224,0.060781363397836685,2.1227383613586426
500,mha_decoupled,moe,42,5,6,0.04863159358501434,0.04492451995611191,2.1227383613586426
500,mha_decoupled,moe,42,5,7,0.06325805932283401,0.06948740780353546,2.1227383613586426
500,mha_decoupled,moe,42,5,8,0.03544921800494194,0.05754512920975685,2.1227383613586426
500,mha_decoupled,moe,42,5,9,0.09137939661741257,0.07180652022361755,2.1227383613586426
500,mha_decoupled,moe,42,5,10,0.0737316906452179,0.06274450570344925,2.1227383613586426
500,mha_decoupled,moe,42,5,11,0.04494018480181694,0.05806775391101837,2.1227383613586426
500,mha_decoupled,moe,42,5,12,0.05349487438797951,0.07328543066978455,2.1227383613586426
500,mha_decoupled,moe,42,5,13,0.013178710825741291,0.038852933794260025,2.1227383613586426
500,mha_decoupled,moe,42,5,14,0.0671704113483429,0.059294089674949646,2.1227383613586426
500,mha_decoupled,moe,42,5,15,0.07887573540210724,0.09071628749370575,2.1227383613586426
1000,mha_decoupled,moe,42,1,0,0.05296875163912773,0.06232532113790512,2.2478368282318115
1000,mha_decoupled,moe,42,1,1,0.04917358234524727,0.04958418756723404,2.2478368282318115
1000,mha_decoupled,moe,42,1,2,0.06816284358501434,0.05491158366203308,2.2478368282318115
1000,mha_decoupled,moe,42,1,3,0.04304199293255806,0.05610206723213196,2.2478368282318115
1000,mha_decoupled,moe,42,1,4,0.07262573391199112,0.07039404660463333,2.2478368282318115
1000,mha_decoupled,moe,42,1,5,0.07376953214406967,0.07200480252504349,2.2478368282318115
1000,mha_decoupled,moe,42,1,6,0.07645995914936066,0.07273319363594055,2.2478368282318115
1000,mha_decoupled,moe,42,1,7,0.058955077081918716,0.05517152324318886,2.2478368282318115
1000,mha_decoupled,moe,42,1,8,0.05663207918405533,0.06254169344902039,2.2478368282318115
1000,mha_decoupled,moe,42,1,9,0.05073852464556694,0.05413784086704254,2.2478368282318115
1000,mha_decoupled,moe,42,1,10,0.0700671374797821,0.0686601996421814,2.2478368282318115
1000,mha_decoupled,moe,42,1,11,0.05952758714556694,0.06779854744672775,2.2478368282318115
1000,mha_decoupled,moe,42,1,12,0.06695068627595901,0.07201570272445679,2.2478368282318115
1000,mha_decoupled,moe,42,1,13,0.09502319246530533,0.07886116951704025,2.2478368282318115
1000,mha_decoupled,moe,42,1,14,0.04493042081594467,0.05427311360836029,2.2478368282318115
1000,mha_decoupled,moe,42,1,15,0.060972899198532104,0.04848501831293106,2.2478368282318115
1000,mha_decoupled,moe,42,2,0,0.08970580995082855,0.07722771912813187,1.9812262058258057
1000,mha_decoupled,moe,42,2,1,0.06731933355331421,0.082552470266819,1.9812262058258057
1000,mha_decoupled,moe,42,2,2,0.05465088039636612,0.056154947727918625,1.9812262058258057
1000,mha_decoupled,moe,42,2,3,0.0467529296875,0.05471542477607727,1.9812262058258057
1000,mha_decoupled,moe,42,2,4,0.046092528849840164,0.04639396071434021,1.9812262058258057
1000,mha_decoupled,moe,42,2,5,0.05997314304113388,0.0595473051071167,1.9812262058258057
1000,mha_decoupled,moe,42,2,6,0.057647705078125,0.054463066160678864,1.9812262058258057
1000,mha_decoupled,moe,42,2,7,0.07407836616039276,0.06823088973760605,1.9812262058258057
1000,mha_decoupled,moe,42,2,8,0.06721802055835724,0.0648927390575409,1.9812262058258057
1000,mha_decoupled,moe,42,2,9,0.05383056774735451,0.05004740133881569,1.9812262058258057
1000,mha_decoupled,moe,42,2,10,0.044709473848342896,0.062110405415296555,1.9812262058258057
1000,mha_decoupled,moe,42,2,11,0.06748168915510178,0.0714019164443016,1.9812262058258057
1000,mha_decoupled,moe,42,2,12,0.0960070788860321,0.08414749801158905,1.9812262058258057
1000,mha_decoupled,moe,42,2,13,0.06131347641348839,0.06099675968289375,1.9812262058258057
1000,mha_decoupled,moe,42,2,14,0.056950684636831284,0.05067046731710434,1.9812262058258057
1000,mha_decoupled,moe,42,2,15,0.05626831203699112,0.05644702538847923,1.9812262058258057
1000,mha_decoupled,moe,42,3,0,0.064697265625,0.07623431831598282,1.587766170501709
1000,mha_decoupled,moe,42,3,1,0.04207519441843033,0.0431642159819603,1.587766170501709
1000,mha_decoupled,moe,42,3,2,0.05976562574505806,0.059814050793647766,1.587766170501709
1000,mha_decoupled,moe,42,3,3,0.10560424625873566,0.10556979477405548,1.587766170501709
1000,mha_decoupled,moe,42,3,4,0.061097413301467896,0.0651542916893959,1.587766170501709
1000,mha_decoupled,moe,42,3,5,0.024794921278953552,0.030060037970542908,1.587766170501709
1000,mha_decoupled,moe,42,3,6,0.08152587711811066,0.08123799413442612,1.587766170501709
1000,mha_decoupled,moe,42,3,7,0.05781738460063934,0.053604818880558014,1.587766170501709
1000,mha_decoupled,moe,42,3,8,0.05884399265050888,0.05102420970797539,1.587766170501709
1000,mha_decoupled,moe,42,3,9,0.0771496593952179,0.07356881350278854,1.587766170501709
1000,mha_decoupled,moe,42,3,10,0.050853271037340164,0.053220342844724655,1.587766170501709
1000,mha_decoupled,moe,42,3,11,0.06511230766773224,0.06458267569541931,1.587766170501709
1000,mha_decoupled,moe,42,3,12,0.053278807550668716,0.04847681149840355,1.587766170501709
1000,mha_decoupled,moe,42,3,13,0.06963744759559631,0.07277984917163849,1.587766170501709
1000,mha_decoupled,moe,42,3,14,0.05925903469324112,0.0600704587996006,1.587766170501709
1000,mha_decoupled,moe,42,3,15,0.06848754733800888,0.061437323689460754,1.587766170501709
1000,mha_decoupled,moe,42,4,0,0.06166259944438934,0.07954464852809906,1.4455292224884033
1000,mha_decoupled,moe,42,4,1,0.05071777477860451,0.047929953783750534,1.4455292224884033
1000,mha_decoupled,moe,42,4,2,0.056586913764476776,0.055325698107481,1.4455292224884033
1000,mha_decoupled,moe,42,4,3,0.06072143465280533,0.0683920830488205,1.4455292224884033
1000,mha_decoupled,moe,42,4,4,0.06670043617486954,0.0658353939652443,1.4455292224884033
1000,mha_decoupled,moe,42,4,5,0.05036621168255806,0.04717053472995758,1.4455292224884033
1000,mha_decoupled,moe,42,4,6,0.054133299738168716,0.04598436504602432,1.4455292224884033
1000,mha_decoupled,moe,42,4,7,0.033916015177965164,0.03534037992358208,1.4455292224884033
1000,mha_decoupled,moe,42,4,8,0.05604003742337227,0.0652332678437233,1.4455292224884033
1000,mha_decoupled,moe,42,4,9,0.0928637683391571,0.08143062889575958,1.4455292224884033
1000,mha_decoupled,moe,42,4,10,0.08979003876447678,0.07816413044929504,1.4455292224884033
1000,mha_decoupled,moe,42,4,11,0.03968872129917145,0.03724275156855583,1.4455292224884033
1000,mha_decoupled,moe,42,4,12,0.07519897818565369,0.09051726013422012,1.4455292224884033
1000,mha_decoupled,moe,42,4,13,0.05464233458042145,0.06505957245826721,1.4455292224884033
1000,mha_decoupled,moe,42,4,14,0.08158447593450546,0.069361113011837,1.4455292224884033
1000,mha_decoupled,moe,42,4,15,0.07538696378469467,0.06746820360422134,1.4455292224884033
1000,mha_decoupled,moe,42,5,0,0.07348999381065369,0.060501184314489365,1.6308871507644653
1000,mha_decoupled,moe,42,5,1,0.08528076112270355,0.06823790073394775,1.6308871507644653
1000,mha_decoupled,moe,42,5,2,0.10846924036741257,0.08079550415277481,1.6308871507644653
1000,mha_decoupled,moe,42,5,3,0.03155517578125,0.044006869196891785,1.6308871507644653
1000,mha_decoupled,moe,42,5,4,0.057988282293081284,0.05270486697554588,1.6308871507644653
1000,mha_decoupled,moe,42,5,5,0.05936279147863388,0.04816456884145737,1.6308871507644653
1000,mha_decoupled,moe,42,5,6,0.06326049566268921,0.05441083759069443,1.6308871507644653
1000,mha_decoupled,moe,42,5,7,0.05628906190395355,0.07319615036249161,1.6308871507644653
1000,mha_decoupled,moe,42,5,8,0.043609619140625,0.06078917160630226,1.6308871507644653
1000,mha_decoupled,moe,42,5,9,0.04732910171151161,0.045719098299741745,1.6308871507644653
1000,mha_decoupled,moe,42,5,10,0.09170165657997131,0.0775127038359642,1.6308871507644653
1000,mha_decoupled,moe,42,5,11,0.058555908501148224,0.05669555813074112,1.6308871507644653
1000,mha_decoupled,moe,42,5,12,0.039069823920726776,0.05964280664920807,1.6308871507644653
1000,mha_decoupled,moe,42,5,13,0.011104736477136612,0.02534010447561741,1.6308871507644653
1000,mha_decoupled,moe,42,5,14,0.0758068859577179,0.0721057578921318,1.6308871507644653
1000,mha_decoupled,moe,42,5,15,0.09712646156549454,0.12017688900232315,1.6308871507644653
1500,mha_decoupled,moe,42,1,0,0.06843750178813934,0.06705417484045029,2.4302256107330322
1500,mha_decoupled,moe,42,1,1,0.054710693657398224,0.059159744530916214,2.4302256107330322
1500,mha_decoupled,moe,42,1,2,0.05821411311626434,0.06050315499305725,2.4302256107330322
1500,mha_decoupled,moe,42,1,3,0.06307006627321243,0.06046382337808609,2.4302256107330322
1500,mha_decoupled,moe,42,1,4,0.08320434391498566,0.07138258963823318,2.4302256107330322
1500,mha_decoupled,moe,42,1,5,0.06939087063074112,0.06612378358840942,2.4302256107330322
1500,mha_decoupled,moe,42,1,6,0.07489868253469467,0.07153808325529099,2.4302256107330322
1500,mha_decoupled,moe,42,1,7,0.07425293326377869,0.06019102409482002,2.4302256107330322
1500,mha_decoupled,moe,42,1,8,0.07331787049770355,0.0650351420044899,2.4302256107330322
1500,mha_decoupled,moe,42,1,9,0.044483643025159836,0.05813990905880928,2.4302256107330322
1500,mha_decoupled,moe,42,1,10,0.06428954750299454,0.06319845467805862,2.4302256107330322
1500,mha_decoupled,moe,42,1,11,0.03424072265625,0.0511319525539875,2.4302256107330322
1500,mha_decoupled,moe,42,1,12,0.06940307468175888,0.07178113609552383,2.4302256107330322
1500,mha_decoupled,moe,42,1,13,0.07433837652206421,0.06444036215543747,2.4302256107330322
1500,mha_decoupled,moe,42,1,14,0.031124267727136612,0.05113864317536354,2.4302256107330322
1500,mha_decoupled,moe,42,1,15,0.0626232922077179,0.058718033134937286,2.4302256107330322
1500,mha_decoupled,moe,42,2,0,0.07397216558456421,0.06530927866697311,1.9591970443725586
1500,mha_decoupled,moe,42,2,1,0.05227050930261612,0.07455036044120789,1.9591970443725586
1500,mha_decoupled,moe,42,2,2,0.05716796964406967,0.054838016629219055,1.9591970443725586
1500,mha_decoupled,moe,42,2,3,0.04517456144094467,0.05330883339047432,1.9591970443725586
1500,mha_decoupled,moe,42,2,4,0.05731201171875,0.05216699093580246,1.9591970443725586
1500,mha_decoupled,moe,42,2,5,0.07600219547748566,0.0711614266037941,1.9591970443725586
1500,mha_decoupled,moe,42,2,6,0.05496826022863388,0.05250798538327217,1.9591970443725586
1500,mha_decoupled,moe,42,2,7,0.0704968273639679,0.06840117275714874,1.9591970443725586
1500,mha_decoupled,moe,42,2,8,0.06341064721345901,0.06120555102825165,1.9591970443725586
1500,mha_decoupled,moe,42,2,9,0.059746094048023224,0.05335955321788788,1.9591970443725586
1500,mha_decoupled,moe,42,2,10,0.05774902179837227,0.07132650166749954,1.9591970443725586
1500,mha_decoupled,moe,42,2,11,0.053966064006090164,0.06808856129646301,1.9591970443725586
1500,mha_decoupled,moe,42,2,12,0.07508423179388046,0.06538931280374527,1.9591970443725586
1500,mha_decoupled,moe,42,2,13,0.07479370385408401,0.06949786096811295,1.9591970443725586
1500,mha_decoupled,moe,42,2,14,0.06726318597793579,0.05682918056845665,1.9591970443725586
1500,mha_decoupled,moe,42,2,15,0.06062255799770355,0.06205939128994942,1.9591970443725586
1500,mha_decoupled,moe,42,3,0,0.05915771424770355,0.07555469125509262,1.5398445129394531
1500,mha_decoupled,moe,42,3,1,0.038116455078125,0.04061463475227356,1.5398445129394531
1500,mha_decoupled,moe,42,3,2,0.06743407994508743,0.06301221251487732,1.5398445129394531
1500,mha_decoupled,moe,42,3,3,0.11110229790210724,0.10613549500703812,1.5398445129394531
1500,mha_decoupled,moe,42,3,4,0.06598632782697678,0.06783156096935272,1.5398445129394531
1500,mha_decoupled,moe,42,3,5,0.03154174983501434,0.0346057303249836,1.5398445129394531
1500,mha_decoupled,moe,42,3,6,0.07872802764177322,0.07770922780036926,1.5398445129394531
1500,mha_decoupled,moe,42,3,7,0.06366699188947678,0.055623628199100494,1.5398445129394531
1500,mha_decoupled,moe,42,3,8,0.06789428740739822,0.056839920580387115,1.5398445129394531
1500,mha_decoupled,moe,42,3,9,0.06776367127895355,0.06958696991205215,1.5398445129394531
1500,mha_decoupled,moe,42,3,10,0.05204101651906967,0.05310661345720291,1.5398445129394531
1500,mha_decoupled,moe,42,3,11,0.052155762910842896,0.05476009473204613,1.5398445129394531
1500,mha_decoupled,moe,42,3,12,0.05641113221645355,0.05215367674827576,1.5398445129394531
1500,mha_decoupled,moe,42,3,13,0.061522215604782104,0.0721118375658989,1.5398445129394531
1500,mha_decoupled,moe,42,3,14,0.06746093928813934,0.0659116581082344,1.5398445129394531
1500,mha_decoupled,moe,42,3,15,0.05901733413338661,0.05444208160042763,1.5398445129394531
1500,mha_decoupled,moe,42,4,0,0.05614379793405533,0.07508841902017593,1.272499680519104
1500,mha_decoupled,moe,42,4,1,0.05542602390050888,0.04861459881067276,1.272499680519104
1500,mha_decoupled,moe,42,4,2,0.06219726428389549,0.059777211397886276,1.272499680519104
1500,mha_decoupled,moe,42,4,3,0.07239989936351776,0.07691549509763718,1.272499680519104
1500,mha_decoupled,moe,42,4,4,0.07117309421300888,0.06949418783187866,1.272499680519104
1500,mha_decoupled,moe,42,4,5,0.05286010727286339,0.04530705139040947,1.272499680519104
1500,mha_decoupled,moe,42,4,6,0.052971191704273224,0.04535525292158127,1.272499680519104
1500,mha_decoupled,moe,42,4,7,0.024425048381090164,0.02679731324315071,1.272499680519104
1500,mha_decoupled,moe,42,4,8,0.06632934510707855,0.07374192029237747,1.272499680519104
1500,mha_decoupled,moe,42,4,9,0.08755248785018921,0.07663252204656601,1.272499680519104
1500,mha_decoupled,moe,42,4,10,0.08620971441268921,0.07719293236732483,1.272499680519104
1500,mha_decoupled,moe,42,4,11,0.040593262761831284,0.03611551970243454,1.272499680519104
1500,mha_decoupled,moe,42,4,12,0.06991821527481079,0.0899309515953064,1.272499680519104
1500,mha_decoupled,moe,42,4,13,0.055389404296875,0.06536108255386353,1.272499680519104
1500,mha_decoupled,moe,42,4,14,0.08031616359949112,0.0711105614900589,1.272499680519104
1500,mha_decoupled,moe,42,4,15,0.06609497219324112,0.06256496161222458,1.272499680519104
1500,mha_decoupled,moe,42,5,0,0.07654785364866257,0.058649636805057526,1.4844762086868286
1500,mha_decoupled,moe,42,5,1,0.08358276635408401,0.06932614743709564,1.4844762086868286
1500,mha_decoupled,moe,42,5,2,0.10657470673322678,0.08385714888572693,1.4844762086868286
1500,mha_decoupled,moe,42,5,3,0.03201537951827049,0.040596671402454376,1.4844762086868286
1500,mha_decoupled,moe,42,5,4,0.06702759116888046,0.05745502561330795,1.4844762086868286
1500,mha_decoupled,moe,42,5,5,0.041688233613967896,0.039367176592350006,1.4844762086868286
1500,mha_decoupled,moe,42,5,6,0.0784912109375,0.06691105663776398,1.4844762086868286
1500,mha_decoupled,moe,42,5,7,0.06643066555261612,0.08428553491830826,1.4844762086868286
1500,mha_decoupled,moe,42,5,8,0.04112914949655533,0.05594931170344353,1.4844762086868286
1500,mha_decoupled,moe,42,5,9,0.05146972835063934,0.04624932259321213,1.4844762086868286
1500,mha_decoupled,moe,42,5,10,0.09038940072059631,0.07806407660245895,1.4844762086868286
1500,mha_decoupled,moe,42,5,11,0.061457518488168716,0.05669678747653961,1.4844762086868286
1500,mha_decoupled,moe,42,5,12,0.04060180485248566,0.06187588721513748,1.4844762086868286
1500,mha_decoupled,moe,42,5,13,0.009707030840218067,0.022802310064435005,1.4844762086868286
1500,mha_decoupled,moe,42,5,14,0.06190185621380806,0.06385788321495056,1.4844762086868286
1500,mha_decoupled,moe,42,5,15,0.09098510444164276,0.1140560507774353,1.4844762086868286
2000,mha_decoupled,moe,42,1,0,0.07565795630216599,0.06608264148235321,2.5619866847991943
2000,mha_decoupled,moe,42,1,1,0.054107666015625,0.058425430208444595,2.5619866847991943
2000,mha_decoupled,moe,42,1,2,0.04011718928813934,0.06099219247698784,2.5619866847991943
2000,mha_decoupled,moe,42,1,3,0.05390869081020355,0.0622124969959259,2.5619866847991943
2000,mha_decoupled,moe,42,1,4,0.0738513171672821,0.06238144263625145,2.5619866847991943
2000,mha_decoupled,moe,42,1,5,0.06441406160593033,0.0624254085123539,2.5619866847991943
2000,mha_decoupled,moe,42,1,6,0.06689697504043579,0.06158805266022682,2.5619866847991943
2000,mha_decoupled,moe,42,1,7,0.04543457180261612,0.05913268029689789,2.5619866847991943
2000,mha_decoupled,moe,42,1,8,0.07325927913188934,0.06358324736356735,2.5619866847991943
2000,mha_decoupled,moe,42,1,9,0.03246460109949112,0.060814160853624344,2.5619866847991943
2000,mha_decoupled,moe,42,1,10,0.0863024890422821,0.06583774834871292,2.5619866847991943
2000,mha_decoupled,moe,42,1,11,0.057789307087659836,0.060524459928274155,2.5619866847991943
2000,mha_decoupled,moe,42,1,12,0.07990112155675888,0.06907849758863449,2.5619866847991943
2000,mha_decoupled,moe,42,1,13,0.08626464754343033,0.06254895031452179,2.5619866847991943
2000,mha_decoupled,moe,42,1,14,0.056147459894418716,0.061813220381736755,2.5619866847991943
2000,mha_decoupled,moe,42,1,15,0.05348266661167145,0.06255939602851868,2.5619866847991943
2000,mha_decoupled,moe,42,2,0,0.06645751744508743,0.05971350520849228,1.9861167669296265
2000,mha_decoupled,moe,42,2,1,0.05752319470047951,0.07297836244106293,1.9861167669296265
2000,mha_decoupled,moe,42,2,2,0.052119139581918716,0.0521915927529335,1.9861167669296265
2000,mha_decoupled,moe,42,2,3,0.05165039002895355,0.05571993812918663,1.9861167669296265
2000,mha_decoupled,moe,42,2,4,0.053154297173023224,0.05020523443818092,1.9861167669296265
2000,mha_decoupled,moe,42,2,5,0.07715698331594467,0.07880312204360962,1.9861167669296265
2000,mha_decoupled,moe,42,2,6,0.062427978962659836,0.056570664048194885,1.9861167669296265
2000,mha_decoupled,moe,42,2,7,0.07151367515325546,0.07117172330617905,1.9861167669296265
2000,mha_decoupled,moe,42,2,8,0.06470458954572678,0.06022278964519501,1.9861167669296265
2000,mha_decoupled,moe,42,2,9,0.055140379816293716,0.05160456523299217,1.9861167669296265
2000,mha_decoupled,moe,42,2,10,0.056312255561351776,0.06711006909608841,1.9861167669296265
2000,mha_decoupled,moe,42,2,11,0.051795653998851776,0.06902792304754257,1.9861167669296265
2000,mha_decoupled,moe,42,2,12,0.07350952178239822,0.062080640345811844,1.9861167669296265
2000,mha_decoupled,moe,42,2,13,0.07188964635133743,0.06525084376335144,1.9861167669296265
2000,mha_decoupled,moe,42,2,14,0.07151000946760178,0.06330395489931107,1.9861167669296265
2000,mha_decoupled,moe,42,2,15,0.06313476711511612,0.06404506415128708,1.9861167669296265
2000,mha_decoupled,moe,42,3,0,0.05989013612270355,0.07767949998378754,1.5357344150543213
2000,mha_decoupled,moe,42,3,1,0.038365479558706284,0.039292171597480774,1.5357344150543213
2000,mha_decoupled,moe,42,3,2,0.08183837682008743,0.07631904631853104,1.5357344150543213
2000,mha_decoupled,moe,42,3,3,0.10936767607927322,0.10348258912563324,1.5357344150543213
2000,mha_decoupled,moe,42,3,4,0.054747313261032104,0.057596415281295776,1.5357344150543213
2000,mha_decoupled,moe,42,3,5,0.02991333045065403,0.03359793871641159,1.5357344150543213
2000,mha_decoupled,moe,42,3,6,0.08475098013877869,0.07878614217042923,1.5357344150543213
2000,mha_decoupled,moe,42,3,7,0.047840576618909836,0.04623063653707504,1.5357344150543213
2000,mha_decoupled,moe,42,3,8,0.057774659246206284,0.05010237544775009,1.5357344150543213
2000,mha_decoupled,moe,42,3,9,0.07883789390325546,0.0753345936536789,1.5357344150543213
2000,mha_decoupled,moe,42,3,10,0.04562744125723839,0.05036280304193497,1.5357344150543213
2000,mha_decoupled,moe,42,3,11,0.06782104820013046,0.06722283363342285,1.5357344150543213
2000,mha_decoupled,moe,42,3,12,0.06360840052366257,0.05591535195708275,1.5357344150543213
2000,mha_decoupled,moe,42,3,13,0.057524412870407104,0.07255057990550995,1.5357344150543213
2000,mha_decoupled,moe,42,3,14,0.06630737334489822,0.06567410379648209,1.5357344150543213
2000,mha_decoupled,moe,42,3,15,0.055784910917282104,0.04985293373465538,1.5357344150543213
2000,mha_decoupled,moe,42,4,0,0.056096192449331284,0.07839201390743256,1.1620179414749146
2000,mha_decoupled,moe,42,4,1,0.06474487483501434,0.0590892918407917,1.1620179414749146
2000,mha_decoupled,moe,42,4,2,0.061866454780101776,0.057783886790275574,1.1620179414749146
2000,mha_decoupled,moe,42,4,3,0.06247802823781967,0.06895821541547775,1.1620179414749146
2000,mha_decoupled,moe,42,4,4,0.06770263612270355,0.067519910633564,1.1620179414749146
2000,mha_decoupled,moe,42,4,5,0.05255370959639549,0.04372056946158409,1.1620179414749146
2000,mha_decoupled,moe,42,4,6,0.05935424938797951,0.0506943017244339,1.1620179414749146
2000,mha_decoupled,moe,42,4,7,0.020732421427965164,0.02294258587062359,1.1620179414749146
2000,mha_decoupled,moe,42,4,8,0.0667736828327179,0.07772853225469589,1.1620179414749146
2000,mha_decoupled,moe,42,4,9,0.08673828095197678,0.07807251811027527,1.1620179414749146
2000,mha_decoupled,moe,42,4,10,0.08551757782697678,0.07377289980649948,1.1620179414749146
2000,mha_decoupled,moe,42,4,11,0.03633056581020355,0.031898487359285355,1.1620179414749146
2000,mha_decoupled,moe,42,4,12,0.06614990532398224,0.08550333976745605,1.1620179414749146
2000,mha_decoupled,moe,42,4,13,0.057945556938648224,0.06294604390859604,1.1620179414749146
2000,mha_decoupled,moe,42,4,14,0.08660034090280533,0.07720927894115448,1.1620179414749146
2000,mha_decoupled,moe,42,4,15,0.06841553002595901,0.06376810371875763,1.1620179414749146
2000,mha_decoupled,moe,42,5,0,0.09306274354457855,0.06933335959911346,1.4434973001480103
2000,mha_decoupled,moe,42,5,1,0.08480346947908401,0.0686676949262619,1.4434973001480103
2000,mha_decoupled,moe,42,5,2,0.09441161900758743,0.07583054900169373,1.4434973001480103
2000,mha_decoupled,moe,42,5,3,0.024464111775159836,0.035597287118434906,1.4434973001480103
2000,mha_decoupled,moe,42,5,4,0.06484252959489822,0.05869199335575104,1.4434973001480103
2000,mha_decoupled,moe,42,5,5,0.042625732719898224,0.04118776321411133,1.4434973001480103
2000,mha_decoupled,moe,42,5,6,0.08121826499700546,0.0709628313779831,1.4434973001480103
2000,mha_decoupled,moe,42,5,7,0.06535766273736954,0.08446023613214493,1.4434973001480103
2000,mha_decoupled,moe,42,5,8,0.04170410335063934,0.0552733913064003,1.4434973001480103
2000,mha_decoupled,moe,42,5,9,0.05515136569738388,0.04365070164203644,1.4434973001480103
2000,mha_decoupled,moe,42,5,10,0.08174926787614822,0.07464027404785156,1.4434973001480103
2000,mha_decoupled,moe,42,5,11,0.06545410305261612,0.06036966294050217,1.4434973001480103
2000,mha_decoupled,moe,42,5,12,0.04063354432582855,0.05934058129787445,1.4434973001480103
2000,mha_decoupled,moe,42,5,13,0.016639403998851776,0.026677003130316734,1.4434973001480103
2000,mha_decoupled,moe,42,5,14,0.06123657152056694,0.06317222863435745,1.4434973001480103
2000,mha_decoupled,moe,42,5,15,0.08664550632238388,0.11214447766542435,1.4434973001480103
2500,mha_decoupled,moe,42,1,0,0.06890136748552322,0.06079889461398125,2.6175267696380615
2500,mha_decoupled,moe,42,1,1,0.050262451171875,0.06256362795829773,2.6175267696380615
2500,mha_decoupled,moe,42,1,2,0.04599609225988388,0.06118582561612129,2.6175267696380615
2500,mha_decoupled,moe,42,1,3,0.03315795958042145,0.05976931005716324,2.6175267696380615
2500,mha_decoupled,moe,42,1,4,0.07017578184604645,0.062436867505311966,2.6175267696380615
2500,mha_decoupled,moe,42,1,5,0.08216796815395355,0.065267413854599,2.6175267696380615
2500,mha_decoupled,moe,42,1,6,0.07332519441843033,0.06197036802768707,2.6175267696380615
2500,mha_decoupled,moe,42,1,7,0.04213256761431694,0.06226703152060509,2.6175267696380615
2500,mha_decoupled,moe,42,1,8,0.11271118372678757,0.07082290202379227,2.6175267696380615
2500,mha_decoupled,moe,42,1,9,0.05665283277630806,0.06541203707456589,2.6175267696380615
2500,mha_decoupled,moe,42,1,10,0.05257202312350273,0.05574313551187515,2.6175267696380615
2500,mha_decoupled,moe,42,1,11,0.057423096150159836,0.060740865767002106,2.6175267696380615
2500,mha_decoupled,moe,42,1,12,0.07906494289636612,0.06838254630565643,2.6175267696380615
2500,mha_decoupled,moe,42,1,13,0.07682861387729645,0.05898693576455116,2.6175267696380615
2500,mha_decoupled,moe,42,1,14,0.07115356624126434,0.06381344795227051,2.6175267696380615
2500,mha_decoupled,moe,42,1,15,0.02747436612844467,0.059838805347681046,2.6175267696380615
2500,mha_decoupled,moe,42,2,0,0.0745532214641571,0.06492649018764496,1.9600365161895752
2500,mha_decoupled,moe,42,2,1,0.06307128816843033,0.07646691799163818,1.9600365161895752
2500,mha_decoupled,moe,42,2,2,0.04076904430985451,0.04685591533780098,1.9600365161895752
2500,mha_decoupled,moe,42,2,3,0.0655224621295929,0.06369906663894653,1.9600365161895752
2500,mha_decoupled,moe,42,2,4,0.053557127714157104,0.0496210902929306,1.9600365161895752
2500,mha_decoupled,moe,42,2,5,0.07209594547748566,0.07278499752283096,1.9600365161895752
2500,mha_decoupled,moe,42,2,6,0.05803833156824112,0.055514249950647354,1.9600365161895752
2500,mha_decoupled,moe,42,2,7,0.0631726086139679,0.06748589128255844,1.9600365161895752
2500,mha_decoupled,moe,42,2,8,0.07216919213533401,0.06633798032999039,1.9600365161895752
2500,mha_decoupled,moe,42,2,9,0.05970214679837227,0.05300507694482803,1.9600365161895752
2500,mha_decoupled,moe,42,2,10,0.044642332941293716,0.062209486961364746,1.9600365161895752
2500,mha_decoupled,moe,42,2,11,0.07394042611122131,0.07714352756738663,1.9600365161895752
2500,mha_decoupled,moe,42,2,12,0.06422118842601776,0.05722086504101753,1.9600365161895752
2500,mha_decoupled,moe,42,2,13,0.06838012486696243,0.06418761610984802,1.9600365161895752
2500,mha_decoupled,moe,42,2,14,0.06999023258686066,0.062184080481529236,1.9600365161895752
2500,mha_decoupled,moe,42,2,15,0.05617431551218033,0.060356706380844116,1.9600365161895752
2500,mha_decoupled,moe,42,3,0,0.05887695401906967,0.07998925447463989,1.5214104652404785
2500,mha_decoupled,moe,42,3,1,0.054387208074331284,0.047511886805295944,1.5214104652404785
2500,mha_decoupled,moe,42,3,2,0.07462158054113388,0.07410957664251328,1.5214104652404785
2500,mha_decoupled,moe,42,3,3,0.10792114585638046,0.10350999236106873,1.5214104652404785
2500,mha_decoupled,moe,42,3,4,0.05819458141922951,0.0562712624669075,1.5214104652404785
2500,mha_decoupled,moe,42,3,5,0.032105714082717896,0.03495471179485321,1.5214104652404785
2500,mha_decoupled,moe,42,3,6,0.07897704839706421,0.07546565681695938,1.5214104652404785
2500,mha_decoupled,moe,42,3,7,0.05997924879193306,0.051768284291028976,1.5214104652404785
2500,mha_decoupled,moe,42,3,8,0.062034912407398224,0.05299790948629379,1.5214104652404785
2500,mha_decoupled,moe,42,3,9,0.07142822444438934,0.072968028485775,1.5214104652404785
2500,mha_decoupled,moe,42,3,10,0.04299560561776161,0.04681478440761566,1.5214104652404785
2500,mha_decoupled,moe,42,3,11,0.05147460848093033,0.05480736121535301,1.5214104652404785
2500,mha_decoupled,moe,42,3,12,0.058991700410842896,0.05629866197705269,1.5214104652404785
2500,mha_decoupled,moe,42,3,13,0.06656982749700546,0.07742985337972641,1.5214104652404785
2500,mha_decoupled,moe,42,3,14,0.07039672881364822,0.06797242909669876,1.5214104652404785
2500,mha_decoupled,moe,42,3,15,0.051044922322034836,0.04713037610054016,1.5214104652404785
2500,mha_decoupled,moe,42,4,0,0.05209594592452049,0.07449803501367569,1.125355839729309
2500,mha_decoupled,moe,42,4,1,0.05796264484524727,0.0537191741168499,1.125355839729309
2500,mha_decoupled,moe,42,4,2,0.05616821348667145,0.05856255069375038,1.125355839729309
2500,mha_decoupled,moe,42,4,3,0.06630370765924454,0.0730665996670723,1.125355839729309
2500,mha_decoupled,moe,42,4,4,0.06603759527206421,0.06539779156446457,1.125355839729309
2500,mha_decoupled,moe,42,4,5,0.05476196110248566,0.045849114656448364,1.125355839729309
2500,mha_decoupled,moe,42,4,6,0.06422118842601776,0.05610191449522972,1.125355839729309
2500,mha_decoupled,moe,42,4,7,0.020775146782398224,0.022956736385822296,1.125355839729309
2500,mha_decoupled,moe,42,4,8,0.06515014916658401,0.07476217299699783,1.125355839729309
2500,mha_decoupled,moe,42,4,9,0.08251098543405533,0.07657229155302048,1.125355839729309
2500,mha_decoupled,moe,42,4,10,0.08478271216154099,0.07181356847286224,1.125355839729309
2500,mha_decoupled,moe,42,4,11,0.041694335639476776,0.03578133136034012,1.125355839729309
2500,mha_decoupled,moe,42,4,12,0.06183715909719467,0.08257429301738739,1.125355839729309
2500,mha_decoupled,moe,42,4,13,0.06388305872678757,0.0649622231721878,1.125355839729309
2500,mha_decoupled,moe,42,4,14,0.09049804508686066,0.0756031945347786,1.125355839729309
2500,mha_decoupled,moe,42,4,15,0.07131713628768921,0.06777900457382202,1.125355839729309
2500,mha_decoupled,moe,42,5,0,0.09318359196186066,0.06781946122646332,1.4251844882965088
2500,mha_decoupled,moe,42,5,1,0.08354492485523224,0.06766276806592941,1.4251844882965088
2500,mha_decoupled,moe,42,5,2,0.10716796666383743,0.08836854249238968,1.4251844882965088
2500,mha_decoupled,moe,42,5,3,0.01987548917531967,0.03199156001210213,1.4251844882965088
2500,mha_decoupled,moe,42,5,4,0.06351684778928757,0.056886326521635056,1.4251844882965088
2500,mha_decoupled,moe,42,5,5,0.03569580242037773,0.03579209744930267,1.4251844882965088
2500,mha_decoupled,moe,42,5,6,0.08925292640924454,0.07733923196792603,1.4251844882965088
2500,mha_decoupled,moe,42,5,7,0.07497314363718033,0.08993298560380936,1.4251844882965088
2500,mha_decoupled,moe,42,5,8,0.043494872748851776,0.05811220034956932,1.4251844882965088
2500,mha_decoupled,moe,42,5,9,0.04561401531100273,0.03948472440242767,1.4251844882965088
2500,mha_decoupled,moe,42,5,10,0.07892944663763046,0.07441339641809464,1.4251844882965088
2500,mha_decoupled,moe,42,5,11,0.07085327059030533,0.06393430382013321,1.4251844882965088
2500,mha_decoupled,moe,42,5,12,0.04188476502895355,0.05517074465751648,1.4251844882965088
2500,mha_decoupled,moe,42,5,13,0.012014159932732582,0.024157458916306496,1.4251844882965088
2500,mha_decoupled,moe,42,5,14,0.05759887769818306,0.06245345249772072,1.4251844882965088
2500,mha_decoupled,moe,42,5,15,0.08239990472793579,0.10648071020841599,1.4251844882965088
3000,mha_decoupled,moe,42,1,0,0.057215575128793716,0.060566455125808716,2.646484136581421
3000,mha_decoupled,moe,42,1,1,0.04899780452251434,0.061430737376213074,2.646484136581421
3000,mha_decoupled,moe,42,1,2,0.07168823480606079,0.06685659289360046,2.646484136581421
3000,mha_decoupled,moe,42,1,3,0.12452270835638046,0.07019045203924179,2.646484136581421
3000,mha_decoupled,moe,42,1,4,0.028385009616613388,0.05704785883426666,2.646484136581421
3000,mha_decoupled,moe,42,1,5,0.06090332195162773,0.05919080227613449,2.646484136581421
3000,mha_decoupled,moe,42,1,6,0.06618408113718033,0.05786072090268135,2.646484136581421
3000,mha_decoupled,moe,42,1,7,0.03145752102136612,0.06394651532173157,2.646484136581421
3000,mha_decoupled,moe,42,1,8,0.08225586265325546,0.06292314827442169,2.646484136581421
3000,mha_decoupled,moe,42,1,9,0.040202636271715164,0.06582141667604446,2.646484136581421
3000,mha_decoupled,moe,42,1,10,0.055396728217601776,0.05644775554537773,2.646484136581421
3000,mha_decoupled,moe,42,1,11,0.06762450933456421,0.0642789751291275,2.646484136581421
3000,mha_decoupled,moe,42,1,12,0.07331421226263046,0.06616781651973724,2.646484136581421
3000,mha_decoupled,moe,42,1,13,0.06056884676218033,0.056042347103357315,2.646484136581421
3000,mha_decoupled,moe,42,1,14,0.05002197250723839,0.06315344572067261,2.646484136581421
3000,mha_decoupled,moe,42,1,15,0.08126098662614822,0.06807500123977661,2.646484136581421
3000,mha_decoupled,moe,42,2,0,0.07333007454872131,0.06461949646472931,1.955446720123291
3000,mha_decoupled,moe,42,2,1,0.05473388731479645,0.07472951710224152,1.955446720123291
3000,mha_decoupled,moe,42,2,2,0.04931396618485451,0.04977463558316231,1.955446720123291
3000,mha_decoupled,moe,42,2,3,0.06828124821186066,0.06648340821266174,1.955446720123291
3000,mha_decoupled,moe,42,2,4,0.06590697914361954,0.05548218637704849,1.955446720123291
3000,mha_decoupled,moe,42,2,5,0.06454955786466599,0.06924563646316528,1.955446720123291
3000,mha_decoupled,moe,42,2,6,0.05685180798172951,0.054536718875169754,1.955446720123291
3000,mha_decoupled,moe,42,2,7,0.05687866359949112,0.06292171031236649,1.955446720123291
3000,mha_decoupled,moe,42,2,8,0.06741699576377869,0.06310419738292694,1.955446720123291
3000,mha_decoupled,moe,42,2,9,0.06336425989866257,0.052016161382198334,1.955446720123291
3000,mha_decoupled,moe,42,2,10,0.048485107719898224,0.06520391255617142,1.955446720123291
3000,mha_decoupled,moe,42,2,11,0.06382690370082855,0.07141754031181335,1.955446720123291
3000,mha_decoupled,moe,42,2,12,0.06843993812799454,0.058485984802246094,1.955446720123291
3000,mha_decoupled,moe,42,2,13,0.0689990222454071,0.06374824792146683,1.955446720123291
3000,mha_decoupled,moe,42,2,14,0.06911254674196243,0.0636659786105156,1.955446720123291
3000,mha_decoupled,moe,42,2,15,0.060509033501148224,0.06456465274095535,1.955446720123291
3000,mha_decoupled,moe,42,3,0,0.06357178092002869,0.08333021402359009,1.4925811290740967
3000,mha_decoupled,moe,42,3,1,0.04756714031100273,0.04569689929485321,1.4925811290740967
3000,mha_decoupled,moe,42,3,2,0.07103759795427322,0.07126611471176147,1.4925811290740967
3000,mha_decoupled,moe,42,3,3,0.10931884497404099,0.10167989134788513,1.4925811290740967
3000,mha_decoupled,moe,42,3,4,0.059528809040784836,0.06033144146203995,1.4925811290740967
3000,mha_decoupled,moe,42,3,5,0.03749389573931694,0.03636455163359642,1.4925811290740967
3000,mha_decoupled,moe,42,3,6,0.08189697563648224,0.07595182955265045,1.4925811290740967
3000,mha_decoupled,moe,42,3,7,0.05421631038188934,0.04944048076868057,1.4925811290740967
3000,mha_decoupled,moe,42,3,8,0.05857910215854645,0.04971550032496452,1.4925811290740967
3000,mha_decoupled,moe,42,3,9,0.05835204944014549,0.06281449645757675,1.4925811290740967
3000,mha_decoupled,moe,42,3,10,0.036711424589157104,0.043380144983530045,1.4925811290740967
3000,mha_decoupled,moe,42,3,11,0.055115967988967896,0.05934213474392891,1.4925811290740967
3000,mha_decoupled,moe,42,3,12,0.060368653386831284,0.05468466877937317,1.4925811290740967
3000,mha_decoupled,moe,42,3,13,0.07390014827251434,0.08169369399547577,1.4925811290740967
3000,mha_decoupled,moe,42,3,14,0.06897827237844467,0.06731174141168594,1.4925811290740967
3000,mha_decoupled,moe,42,3,15,0.06336303800344467,0.05699620395898819,1.4925811290740967
3000,mha_decoupled,moe,42,4,0,0.05371703952550888,0.07641937583684921,1.137977957725525
3000,mha_decoupled,moe,42,4,1,0.06159423664212227,0.054609786719083786,1.137977957725525
3000,mha_decoupled,moe,42,4,2,0.05949218571186066,0.06117289513349533,1.137977957725525
3000,mha_decoupled,moe,42,4,3,0.0650646984577179,0.07351643592119217,1.137977957725525
3000,mha_decoupled,moe,42,4,4,0.06559326499700546,0.06717797368764877,1.137977957725525
3000,mha_decoupled,moe,42,4,5,0.05686889588832855,0.0455438457429409,1.137977957725525
3000,mha_decoupled,moe,42,4,6,0.06166626140475273,0.05341416969895363,1.137977957725525
3000,mha_decoupled,moe,42,4,7,0.019102783873677254,0.02189626730978489,1.137977957725525
3000,mha_decoupled,moe,42,4,8,0.055938720703125,0.06466050446033478,1.137977957725525
3000,mha_decoupled,moe,42,4,9,0.09026855230331421,0.07995650917291641,1.137977957725525
3000,mha_decoupled,moe,42,4,10,0.08896972984075546,0.07572472840547562,1.137977957725525
3000,mha_decoupled,moe,42,4,11,0.03924804553389549,0.03447944298386574,1.137977957725525
3000,mha_decoupled,moe,42,4,12,0.057640381157398224,0.0818089097738266,1.137977957725525
3000,mha_decoupled,moe,42,4,13,0.06377929449081421,0.06463439762592316,1.137977957725525
3000,mha_decoupled,moe,42,4,14,0.09438842535018921,0.08078186959028244,1.137977957725525
3000,mha_decoupled,moe,42,4,15,0.06666748225688934,0.06420288234949112,1.137977957725525
3000,mha_decoupled,moe,42,5,0,0.10242798179388046,0.07360851019620895,1.4330636262893677
3000,mha_decoupled,moe,42,5,1,0.08467040956020355,0.06916137784719467,1.4330636262893677
3000,mha_decoupled,moe,42,5,2,0.10095459222793579,0.08438349515199661,1.4330636262893677
3000,mha_decoupled,moe,42,5,3,0.019489746540784836,0.0318930521607399,1.4330636262893677
3000,mha_decoupled,moe,42,5,4,0.04970458894968033,0.046710170805454254,1.4330636262893677
3000,mha_decoupled,moe,42,5,5,0.03261474519968033,0.03399178385734558,1.4330636262893677
3000,mha_decoupled,moe,42,5,6,0.09028808772563934,0.07941362261772156,1.4330636262893677
3000,mha_decoupled,moe,42,5,7,0.06770019233226776,0.08517958968877792,1.4330636262893677
3000,mha_decoupled,moe,42,5,8,0.04573242366313934,0.05936842039227486,1.4330636262893677
3000,mha_decoupled,moe,42,5,9,0.04776244983077049,0.038376081734895706,1.4330636262893677
3000,mha_decoupled,moe,42,5,10,0.08455200493335724,0.08160486072301865,1.4330636262893677
3000,mha_decoupled,moe,42,5,11,0.06420654058456421,0.059441547840833664,1.4330636262893677
3000,mha_decoupled,moe,42,5,12,0.040214844048023224,0.05385059490799904,1.4330636262893677
3000,mha_decoupled,moe,42,5,13,0.022868651896715164,0.0299519132822752,1.4330636262893677
3000,mha_decoupled,moe,42,5,14,0.05793945491313934,0.06398564577102661,1.4330636262893677
3000,mha_decoupled,moe,42,5,15,0.08887328952550888,0.10907933861017227,1.4330636262893677
3500,mha_decoupled,moe,42,1,0,0.04447021335363388,0.059501100331544876,2.643456220626831
3500,mha_decoupled,moe,42,1,1,0.08252197504043579,0.06571388989686966,2.643456220626831
3500,mha_decoupled,moe,42,1,2,0.023572998121380806,0.06020280718803406,2.643456220626831
3500,mha_decoupled,moe,42,1,3,0.054838865995407104,0.06212077662348747,2.643456220626831
3500,mha_decoupled,moe,42,1,4,0.06251952797174454,0.060932908207178116,2.643456220626831
3500,mha_decoupled,moe,42,1,5,0.07281006127595901,0.0633496567606926,2.643456220626831
3500,mha_decoupled,moe,42,1,6,0.06503906100988388,0.05853753909468651,2.643456220626831
3500,mha_decoupled,moe,42,1,7,0.04290405288338661,0.061132289469242096,2.643456220626831
3500,mha_decoupled,moe,42,1,8,0.11300292611122131,0.07007160037755966,2.643456220626831
3500,mha_decoupled,moe,42,1,9,0.026140136644244194,0.061184320598840714,2.643456220626831
3500,mha_decoupled,moe,42,1,10,0.08411254733800888,0.06296571344137192,2.643456220626831
3500,mha_decoupled,moe,42,1,11,0.045512694865465164,0.059082530438899994,2.643456220626831
3500,mha_decoupled,moe,42,1,12,0.07881225645542145,0.06836655735969543,2.643456220626831
3500,mha_decoupled,moe,42,1,13,0.07249999791383743,0.05961031839251518,2.643456220626831
3500,mha_decoupled,moe,42,1,14,0.11152587831020355,0.0681159645318985,2.643456220626831
3500,mha_decoupled,moe,42,1,15,0.019716797396540642,0.05911201983690262,2.643456220626831
3500,mha_decoupled,moe,42,2,0,0.07474365085363388,0.06453999876976013,1.894345998764038
3500,mha_decoupled,moe,42,2,1,0.05531860515475273,0.0733938217163086,1.894345998764038
3500,mha_decoupled,moe,42,2,2,0.042957764118909836,0.0458219088613987,1.894345998764038
3500,mha_decoupled,moe,42,2,3,0.06445068120956421,0.06234414875507355,1.894345998764038
3500,mha_decoupled,moe,42,2,4,0.06317383050918579,0.05495750531554222,1.894345998764038
3500,mha_decoupled,moe,42,2,5,0.07987792789936066,0.07609713822603226,1.894345998764038
3500,mha_decoupled,moe,42,2,6,0.059699706733226776,0.05525360628962517,1.894345998764038
3500,mha_decoupled,moe,42,2,7,0.06153320148587227,0.06556562334299088,1.894345998764038
3500,mha_decoupled,moe,42,2,8,0.07322753965854645,0.06776967644691467,1.894345998764038
3500,mha_decoupled,moe,42,2,9,0.07067260891199112,0.054050542414188385,1.894345998764038
3500,mha_decoupled,moe,42,2,10,0.044158935546875,0.06543410569429398,1.894345998764038
3500,mha_decoupled,moe,42,2,11,0.04792602360248566,0.06663117557764053,1.894345998764038
3500,mha_decoupled,moe,42,2,12,0.070343017578125,0.058976802974939346,1.894345998764038
3500,mha_decoupled,moe,42,2,13,0.06869873404502869,0.06361709535121918,1.894345998764038
3500,mha_decoupled,moe,42,2,14,0.06919433921575546,0.06457140296697617,1.894345998764038
3500,mha_decoupled,moe,42,2,15,0.054023437201976776,0.06097540259361267,1.894345998764038
3500,mha_decoupled,moe,42,3,0,0.05512451007962227,0.07621123641729355,1.4890246391296387
3500,mha_decoupled,moe,42,3,1,0.040935058146715164,0.040874332189559937,1.4890246391296387
3500,mha_decoupled,moe,42,3,2,0.07240600883960724,0.06932111084461212,1.4890246391296387
3500,mha_decoupled,moe,42,3,3,0.10643066465854645,0.09765961021184921,1.4890246391296387
3500,mha_decoupled,moe,42,3,4,0.05631469562649727,0.057772327214479446,1.4890246391296387
3500,mha_decoupled,moe,42,3,5,0.03490600734949112,0.03729625046253204,1.4890246391296387
3500,mha_decoupled,moe,42,3,6,0.08841308951377869,0.08136242628097534,1.4890246391296387
3500,mha_decoupled,moe,42,3,7,0.05728393420577049,0.052682019770145416,1.4890246391296387
3500,mha_decoupled,moe,42,3,8,0.062153320759534836,0.05295605584979057,1.4890246391296387
3500,mha_decoupled,moe,42,3,9,0.06590209901332855,0.06854839622974396,1.4890246391296387
3500,mha_decoupled,moe,42,3,10,0.04665283113718033,0.05055134743452072,1.4890246391296387
3500,mha_decoupled,moe,42,3,11,0.05344482511281967,0.05664142966270447,1.4890246391296387
3500,mha_decoupled,moe,42,3,12,0.06894775480031967,0.061481062322854996,1.4890246391296387
3500,mha_decoupled,moe,42,3,13,0.06123535335063934,0.07429306954145432,1.4890246391296387
3500,mha_decoupled,moe,42,3,14,0.06908813118934631,0.06696636974811554,1.4890246391296387
3500,mha_decoupled,moe,42,3,15,0.060761719942092896,0.05538296326994896,1.4890246391296387
3500,mha_decoupled,moe,42,4,0,0.05427856370806694,0.07841625064611435,1.1235641241073608
3500,mha_decoupled,moe,42,4,1,0.06418701261281967,0.058262478560209274,1.1235641241073608
3500,mha_decoupled,moe,42,4,2,0.056999512016773224,0.05799861252307892,1.1235641241073608
3500,mha_decoupled,moe,42,4,3,0.06419555842876434,0.07081115990877151,1.1235641241073608
3500,mha_decoupled,moe,42,4,4,0.06954223662614822,0.07118972390890121,1.1235641241073608
3500,mha_decoupled,moe,42,4,5,0.057646483182907104,0.04807422310113907,1.1235641241073608
3500,mha_decoupled,moe,42,4,6,0.05793578922748566,0.05178780481219292,1.1235641241073608
3500,mha_decoupled,moe,42,4,7,0.017534179612994194,0.020390596240758896,1.1235641241073608
3500,mha_decoupled,moe,42,4,8,0.05912109464406967,0.06843458116054535,1.1235641241073608
3500,mha_decoupled,moe,42,4,9,0.08445312827825546,0.07820351421833038,1.1235641241073608
3500,mha_decoupled,moe,42,4,10,0.08947021514177322,0.07471071928739548,1.1235641241073608
3500,mha_decoupled,moe,42,4,11,0.044648438692092896,0.03870910778641701,1.1235641241073608
3500,mha_decoupled,moe,42,4,12,0.05787475407123566,0.07959146797657013,1.1235641241073608
3500,mha_decoupled,moe,42,4,13,0.06684448570013046,0.06459786742925644,1.1235641241073608
3500,mha_decoupled,moe,42,4,14,0.08923706412315369,0.0764353796839714,1.1235641241073608
3500,mha_decoupled,moe,42,4,15,0.06603149324655533,0.062386542558670044,1.1235641241073608
3500,mha_decoupled,moe,42,5,0,0.10057128965854645,0.07219716906547546,1.4117993116378784
3500,mha_decoupled,moe,42,5,1,0.09010498225688934,0.07347604632377625,1.4117993116378784
3500,mha_decoupled,moe,42,5,2,0.09801879525184631,0.07998612523078918,1.4117993116378784
3500,mha_decoupled,moe,42,5,3,0.021428221836686134,0.033046212047338486,1.4117993116378784
3500,mha_decoupled,moe,42,5,4,0.05552978441119194,0.05291237682104111,1.4117993116378784
3500,mha_decoupled,moe,42,5,5,0.031440429389476776,0.033466070890426636,1.4117993116378784
3500,mha_decoupled,moe,42,5,6,0.09491821378469467,0.08552967756986618,1.4117993116378784
3500,mha_decoupled,moe,42,5,7,0.06737060844898224,0.08550634235143661,1.4117993116378784
3500,mha_decoupled,moe,42,5,8,0.044959716498851776,0.05719659850001335,1.4117993116378784
3500,mha_decoupled,moe,42,5,9,0.04790893569588661,0.03982866555452347,1.4117993116378784
3500,mha_decoupled,moe,42,5,10,0.07583984732627869,0.07570137828588486,1.4117993116378784
3500,mha_decoupled,moe,42,5,11,0.06283813714981079,0.05933942645788193,1.4117993116378784
3500,mha_decoupled,moe,42,5,12,0.04232421889901161,0.05347927659749985,1.4117993116378784
3500,mha_decoupled,moe,42,5,13,0.022441405802965164,0.028944021090865135,1.4117993116378784
3500,mha_decoupled,moe,42,5,14,0.05651000887155533,0.06068180128931999,1.4117993116378784
3500,mha_decoupled,moe,42,5,15,0.08779540657997131,0.10870883613824844,1.4117993116378784
4000,mha_decoupled,moe,42,1,0,0.06354614347219467,0.061913300305604935,2.6428229808807373
4000,mha_decoupled,moe,42,1,1,0.07675658911466599,0.06485289335250854,2.6428229808807373
4000,mha_decoupled,moe,42,1,2,0.037470702081918716,0.06371601670980453,2.6428229808807373
4000,mha_decoupled,moe,42,1,3,0.06147216632962227,0.06258424371480942,2.6428229808807373
4000,mha_decoupled,moe,42,1,4,0.040791016072034836,0.05840979516506195,2.6428229808807373
4000,mha_decoupled,moe,42,1,5,0.08403930813074112,0.06552872061729431,2.6428229808807373
4000,mha_decoupled,moe,42,1,6,0.07977294921875,0.06489421427249908,2.6428229808807373
4000,mha_decoupled,moe,42,1,7,0.07018432766199112,0.06587573140859604,2.6428229808807373
4000,mha_decoupled,moe,42,1,8,0.07900024205446243,0.06065600737929344,2.6428229808807373
4000,mha_decoupled,moe,42,1,9,0.05335449054837227,0.06316414475440979,2.6428229808807373
4000,mha_decoupled,moe,42,1,10,0.06731445342302322,0.058976415544748306,2.6428229808807373
4000,mha_decoupled,moe,42,1,11,0.05234741047024727,0.05838601663708687,2.6428229808807373
4000,mha_decoupled,moe,42,1,12,0.07961059361696243,0.06810984015464783,2.6428229808807373
4000,mha_decoupled,moe,42,1,13,0.06760863959789276,0.05947096273303032,2.6428229808807373
4000,mha_decoupled,moe,42,1,14,0.048155516386032104,0.061838965862989426,2.6428229808807373
4000,mha_decoupled,moe,42,1,15,0.038575440645217896,0.061622705310583115,2.6428229808807373
4000,mha_decoupled,moe,42,2,0,0.07315673679113388,0.06315073370933533,1.8611189126968384
4000,mha_decoupled,moe,42,2,1,0.056029051542282104,0.07465445250272751,1.8611189126968384
4000,mha_decoupled,moe,42,2,2,0.04489379748702049,0.04619881138205528,1.8611189126968384
4000,mha_decoupled,moe,42,2,3,0.055805664509534836,0.05821838229894638,1.8611189126968384
4000,mha_decoupled,moe,42,2,4,0.06661010533571243,0.05669965595006943,1.8611189126968384
4000,mha_decoupled,moe,42,2,5,0.0794689953327179,0.07708004862070084,1.8611189126968384
4000,mha_decoupled,moe,42,2,6,0.05442871153354645,0.05324411764740944,1.8611189126968384
4000,mha_decoupled,moe,42,2,7,0.06129516661167145,0.06693922728300095,1.8611189126968384
4000,mha_decoupled,moe,42,2,8,0.07105224579572678,0.06645101308822632,1.8611189126968384
4000,mha_decoupled,moe,42,2,9,0.07224853336811066,0.053910039365291595,1.8611189126968384
4000,mha_decoupled,moe,42,2,10,0.04792724549770355,0.06534302979707718,1.8611189126968384
4000,mha_decoupled,moe,42,2,11,0.053190916776657104,0.07014956325292587,1.8611189126968384
4000,mha_decoupled,moe,42,2,12,0.06855957210063934,0.05767553672194481,1.8611189126968384
4000,mha_decoupled,moe,42,2,13,0.06767699867486954,0.06385060399770737,1.8611189126968384
4000,mha_decoupled,moe,42,2,14,0.07459228485822678,0.06506410986185074,1.8611189126968384
4000,mha_decoupled,moe,42,2,15,0.05306396633386612,0.061370644718408585,1.8611189126968384
4000,mha_decoupled,moe,42,3,0,0.059600830078125,0.08166748285293579,1.4567883014678955
4000,mha_decoupled,moe,42,3,1,0.04517577961087227,0.04354110360145569,1.4567883014678955
4000,mha_decoupled,moe,42,3,2,0.07361694425344467,0.07311730086803436,1.4567883014678955
4000,mha_decoupled,moe,42,3,3,0.11154419183731079,0.1039249524474144,1.4567883014678955
4000,mha_decoupled,moe,42,3,4,0.06074829027056694,0.06098134443163872,1.4567883014678955
4000,mha_decoupled,moe,42,3,5,0.03598388656973839,0.036227088421583176,1.4567883014678955
4000,mha_decoupled,moe,42,3,6,0.08753540366888046,0.07909422367811203,1.4567883014678955
4000,mha_decoupled,moe,42,3,7,0.054444581270217896,0.05081132426857948,1.4567883014678955
4000,mha_decoupled,moe,42,3,8,0.060126952826976776,0.04865493252873421,1.4567883014678955
4000,mha_decoupled,moe,42,3,9,0.06264892220497131,0.06642832607030869,1.4567883014678955
4000,mha_decoupled,moe,42,3,10,0.04429321363568306,0.04752174764871597,1.4567883014678955
4000,mha_decoupled,moe,42,3,11,0.05110229551792145,0.05516074225306511,1.4567883014678955
4000,mha_decoupled,moe,42,3,12,0.06636596471071243,0.05845862254500389,1.4567883014678955
4000,mha_decoupled,moe,42,3,13,0.06293701380491257,0.0765330120921135,1.4567883014678955
4000,mha_decoupled,moe,42,3,14,0.06707275658845901,0.06521236896514893,1.4567883014678955
4000,mha_decoupled,moe,42,3,15,0.05680297687649727,0.052665404975414276,1.4567883014678955
4000,mha_decoupled,moe,42,4,0,0.051361083984375,0.07442609965801239,1.1408261060714722
4000,mha_decoupled,moe,42,4,1,0.06124267727136612,0.054115165024995804,1.1408261060714722
4000,mha_decoupled,moe,42,4,2,0.06042846664786339,0.06373194605112076,1.1408261060714722
4000,mha_decoupled,moe,42,4,3,0.05884033069014549,0.06580547243356705,1.1408261060714722
4000,mha_decoupled,moe,42,4,4,0.06874145567417145,0.07211967557668686,1.1408261060714722
4000,mha_decoupled,moe,42,4,5,0.058894041925668716,0.04942058026790619,1.1408261060714722
4000,mha_decoupled,moe,42,4,6,0.05364013835787773,0.047530755400657654,1.1408261060714722
4000,mha_decoupled,moe,42,4,7,0.021107178181409836,0.022832782939076424,1.1408261060714722
4000,mha_decoupled,moe,42,4,8,0.056950684636831284,0.0659400150179863,1.1408261060714722
4000,mha_decoupled,moe,42,4,9,0.08634399622678757,0.07722685486078262,1.1408261060714722
4000,mha_decoupled,moe,42,4,10,0.09188598394393921,0.07807406783103943,1.1408261060714722
4000,mha_decoupled,moe,42,4,11,0.043699949979782104,0.03739705681800842,1.1408261060714722
4000,mha_decoupled,moe,42,4,12,0.062257081270217896,0.08516427129507065,1.1408261060714722
4000,mha_decoupled,moe,42,4,13,0.06257934868335724,0.061971429735422134,1.1408261060714722
4000,mha_decoupled,moe,42,4,14,0.09087768197059631,0.07700057327747345,1.1408261060714722
4000,mha_decoupled,moe,42,4,15,0.07114990055561066,0.06724324822425842,1.1408261060714722
4000,mha_decoupled,moe,42,5,0,0.09244018793106079,0.06671575456857681,1.432175874710083
4000,mha_decoupled,moe,42,5,1,0.08521606773138046,0.0708840861916542,1.432175874710083
4000,mha_decoupled,moe,42,5,2,0.09557861089706421,0.07807103544473648,1.432175874710083
4000,mha_decoupled,moe,42,5,3,0.02318725548684597,0.03448330610990524,1.432175874710083
4000,mha_decoupled,moe,42,5,4,0.05899414047598839,0.05485408380627632,1.432175874710083
4000,mha_decoupled,moe,42,5,5,0.029952391982078552,0.03297542408108711,1.432175874710083
4000,mha_decoupled,moe,42,5,6,0.09101074188947678,0.08141901344060898,1.432175874710083
4000,mha_decoupled,moe,42,5,7,0.06759887933731079,0.08569154143333435,1.432175874710083
4000,mha_decoupled,moe,42,5,8,0.045905761420726776,0.05814550444483757,1.432175874710083
4000,mha_decoupled,moe,42,5,9,0.05112670734524727,0.04104381427168846,1.432175874710083
4000,mha_decoupled,moe,42,5,10,0.08161132782697678,0.08222933113574982,1.432175874710083
4000,mha_decoupled,moe,42,5,11,0.06223388761281967,0.05932826176285744,1.432175874710083
4000,mha_decoupled,moe,42,5,12,0.04099731519818306,0.051705650985240936,1.432175874710083
4000,mha_decoupled,moe,42,5,13,0.025104980915784836,0.030147086828947067,1.432175874710083
4000,mha_decoupled,moe,42,5,14,0.058104246854782104,0.06151186302304268,1.432175874710083
4000,mha_decoupled,moe,42,5,15,0.09093750268220901,0.11079421639442444,1.432175874710083
4500,mha_decoupled,moe,42,1,0,0.03730957210063934,0.05976564437150955,2.6420044898986816
4500,mha_decoupled,moe,42,1,1,0.06022094562649727,0.06353150308132172,2.6420044898986816
4500,mha_decoupled,moe,42,1,2,0.07402099668979645,0.06759817153215408,2.6420044898986816
4500,mha_decoupled,moe,42,1,3,0.03617553785443306,0.06354784220457077,2.6420044898986816
4500,mha_decoupled,moe,42,1,4,0.043146971613168716,0.06144929304718971,2.6420044898986816
4500,mha_decoupled,moe,42,1,5,0.0712878406047821,0.061762381345033646,2.6420044898986816
4500,mha_decoupled,moe,42,1,6,0.0636303722858429,0.05812481790781021,2.6420044898986816
4500,mha_decoupled,moe,42,1,7,0.0845349133014679,0.06762905418872833,2.6420044898986816
4500,mha_decoupled,moe,42,1,8,0.07860351353883743,0.061780791729688644,2.6420044898986816
4500,mha_decoupled,moe,42,1,9,0.08547363430261612,0.06736777722835541,2.6420044898986816
4500,mha_decoupled,moe,42,1,10,0.060394287109375,0.05717289820313454,2.6420044898986816
4500,mha_decoupled,moe,42,1,11,0.051384277641773224,0.058750320225954056,2.6420044898986816
4500,mha_decoupled,moe,42,1,12,0.06324341148138046,0.0614655464887619,2.6420044898986816
4500,mha_decoupled,moe,42,1,13,0.075103759765625,0.061934586614370346,2.6420044898986816
4500,mha_decoupled,moe,42,1,14,0.05889648571610451,0.06393438577651978,2.6420044898986816
4500,mha_decoupled,moe,42,1,15,0.05657348781824112,0.06418497860431671,2.6420044898986816
4500,mha_decoupled,moe,42,2,0,0.07350707799196243,0.06171005219221115,1.8368370532989502
4500,mha_decoupled,moe,42,2,1,0.05352539196610451,0.07573981583118439,1.8368370532989502
4500,mha_decoupled,moe,42,2,2,0.05288940295577049,0.04796283692121506,1.8368370532989502
4500,mha_decoupled,moe,42,2,3,0.05983154475688934,0.060468435287475586,1.8368370532989502
4500,mha_decoupled,moe,42,2,4,0.06404540687799454,0.054063014686107635,1.8368370532989502
4500,mha_decoupled,moe,42,2,5,0.06702392548322678,0.07202652096748352,1.8368370532989502
4500,mha_decoupled,moe,42,2,6,0.05265747010707855,0.051638029515743256,1.8368370532989502
4500,mha_decoupled,moe,42,2,7,0.068878173828125,0.07281945645809174,1.8368370532989502
4500,mha_decoupled,moe,42,2,8,0.06617797911167145,0.06248199939727783,1.8368370532989502
4500,mha_decoupled,moe,42,2,9,0.07968384027481079,0.057607922703027725,1.8368370532989502
4500,mha_decoupled,moe,42,2,10,0.04277954250574112,0.06255564838647842,1.8368370532989502
4500,mha_decoupled,moe,42,2,11,0.05168335139751434,0.06775744259357452,1.8368370532989502
4500,mha_decoupled,moe,42,2,12,0.07545165717601776,0.06376171857118607,1.8368370532989502
4500,mha_decoupled,moe,42,2,13,0.06628662347793579,0.06299497932195663,1.8368370532989502
4500,mha_decoupled,moe,42,2,14,0.06604736298322678,0.06332141160964966,1.8368370532989502
4500,mha_decoupled,moe,42,2,15,0.05953124910593033,0.06309076398611069,1.8368370532989502
4500,mha_decoupled,moe,42,3,0,0.054645996540784836,0.0759500041604042,1.4412956237792969
4500,mha_decoupled,moe,42,3,1,0.041130371391773224,0.04118366166949272,1.4412956237792969
4500,mha_decoupled,moe,42,3,2,0.0677502453327179,0.06934407353401184,1.4412956237792969
4500,mha_decoupled,moe,42,3,3,0.11004150658845901,0.10225334763526917,1.4412956237792969
4500,mha_decoupled,moe,42,3,4,0.05940063297748566,0.05891519412398338,1.4412956237792969
4500,mha_decoupled,moe,42,3,5,0.03676147386431694,0.0364903099834919,1.4412956237792969
4500,mha_decoupled,moe,42,3,6,0.09114257991313934,0.0848417580127716,1.4412956237792969
4500,mha_decoupled,moe,42,3,7,0.06317138671875,0.05574251338839531,1.4412956237792969
4500,mha_decoupled,moe,42,3,8,0.06091918796300888,0.0501110702753067,1.4412956237792969
4500,mha_decoupled,moe,42,3,9,0.07123657315969467,0.07375451922416687,1.4412956237792969
4500,mha_decoupled,moe,42,3,10,0.041667480021715164,0.044650353491306305,1.4412956237792969
4500,mha_decoupled,moe,42,3,11,0.046424560248851776,0.052490171045064926,1.4412956237792969
4500,mha_decoupled,moe,42,3,12,0.06366211175918579,0.057650402188301086,1.4412956237792969
4500,mha_decoupled,moe,42,3,13,0.066741943359375,0.0783868357539177,1.4412956237792969
4500,mha_decoupled,moe,42,3,14,0.07004394382238388,0.0674331784248352,1.4412956237792969
4500,mha_decoupled,moe,42,3,15,0.055260010063648224,0.05080259218811989,1.4412956237792969
4500,mha_decoupled,moe,42,4,0,0.05135742202401161,0.07449772953987122,1.1638470888137817
4500,mha_decoupled,moe,42,4,1,0.06495727598667145,0.058306630700826645,1.1638470888137817
4500,mha_decoupled,moe,42,4,2,0.05518432706594467,0.05967627093195915,1.1638470888137817
4500,mha_decoupled,moe,42,4,3,0.06375366449356079,0.07061059772968292,1.1638470888137817
4500,mha_decoupled,moe,42,4,4,0.06063598766922951,0.06081132963299751,1.1638470888137817
4500,mha_decoupled,moe,42,4,5,0.057243652641773224,0.048919014632701874,1.1638470888137817
4500,mha_decoupled,moe,42,4,6,0.06064452975988388,0.053800467401742935,1.1638470888137817
4500,mha_decoupled,moe,42,4,7,0.023092040792107582,0.024673469364643097,1.1638470888137817
4500,mha_decoupled,moe,42,4,8,0.06093139573931694,0.07138340175151825,1.1638470888137817
4500,mha_decoupled,moe,42,4,9,0.08524414151906967,0.07765868306159973,1.1638470888137817
4500,mha_decoupled,moe,42,4,10,0.0878918468952179,0.07449068129062653,1.1638470888137817
4500,mha_decoupled,moe,42,4,11,0.04443115368485451,0.038382407277822495,1.1638470888137817
4500,mha_decoupled,moe,42,4,12,0.05751953274011612,0.08183705061674118,1.1638470888137817
4500,mha_decoupled,moe,42,4,13,0.07101684808731079,0.06607713550329208,1.1638470888137817
4500,mha_decoupled,moe,42,4,14,0.08802612125873566,0.07339408248662949,1.1638470888137817
4500,mha_decoupled,moe,42,4,15,0.06807006895542145,0.06548108905553818,1.1638470888137817
4500,mha_decoupled,moe,42,5,0,0.10123290866613388,0.07194295525550842,1.4574638605117798
4500,mha_decoupled,moe,42,5,1,0.08460082858800888,0.07188819348812103,1.4574638605117798
4500,mha_decoupled,moe,42,5,2,0.09849853813648224,0.08085541427135468,1.4574638605117798
4500,mha_decoupled,moe,42,5,3,0.020244140177965164,0.03370106592774391,1.4574638605117798
4500,mha_decoupled,moe,42,5,4,0.05354247987270355,0.05114211142063141,1.4574638605117798
4500,mha_decoupled,moe,42,5,5,0.033659666776657104,0.036355841904878616,1.4574638605117798
4500,mha_decoupled,moe,42,5,6,0.09657470881938934,0.08479546755552292,1.4574638605117798
4500,mha_decoupled,moe,42,5,7,0.06218261644244194,0.08170629292726517,1.4574638605117798
4500,mha_decoupled,moe,42,5,8,0.04692138731479645,0.059224728494882584,1.4574638605117798
4500,mha_decoupled,moe,42,5,9,0.05571167171001434,0.041294146329164505,1.4574638605117798
4500,mha_decoupled,moe,42,5,10,0.07645141333341599,0.07791557908058167,1.4574638605117798
4500,mha_decoupled,moe,42,5,11,0.06357178092002869,0.062282782047986984,1.4574638605117798
4500,mha_decoupled,moe,42,5,12,0.04361938312649727,0.05534840747714043,1.4574638605117798
4500,mha_decoupled,moe,42,5,13,0.02476196363568306,0.0296909399330616,1.4574638605117798
4500,mha_decoupled,moe,42,5,14,0.05336669832468033,0.058842603117227554,1.4574638605117798
4500,mha_decoupled,moe,42,5,15,0.08505981415510178,0.10301341861486435,1.4574638605117798
5000,mha_decoupled,moe,42,1,0,0.043670654296875,0.059442803263664246,2.6352012157440186
5000,mha_decoupled,moe,42,1,1,0.06025756895542145,0.06291209906339645,2.6352012157440186
5000,mha_decoupled,moe,42,1,2,0.053929444402456284,0.0660998523235321,2.6352012157440186
5000,mha_decoupled,moe,42,1,3,0.08494994789361954,0.0671795979142189,2.6352012157440186
5000,mha_decoupled,moe,42,1,4,0.06519164890050888,0.061918750405311584,2.6352012157440186
5000,mha_decoupled,moe,42,1,5,0.07115234434604645,0.062578484416008,2.6352012157440186
5000,mha_decoupled,moe,42,1,6,0.06764526665210724,0.05980939418077469,2.6352012157440186
5000,mha_decoupled,moe,42,1,7,0.06490234285593033,0.06642257422208786,2.6352012157440186
5000,mha_decoupled,moe,42,1,8,0.08400390297174454,0.06271340698003769,2.6352012157440186
5000,mha_decoupled,moe,42,1,9,0.07581786811351776,0.06697145104408264,2.6352012157440186
5000,mha_decoupled,moe,42,1,10,0.05141357332468033,0.05634574964642525,2.6352012157440186
5000,mha_decoupled,moe,42,1,11,0.060114745050668716,0.060256242752075195,2.6352012157440186
5000,mha_decoupled,moe,42,1,12,0.07946289330720901,0.06571205705404282,2.6352012157440186
5000,mha_decoupled,moe,42,1,13,0.054969482123851776,0.05779491364955902,2.6352012157440186
5000,mha_decoupled,moe,42,1,14,0.03480468690395355,0.05945425108075142,2.6352012157440186
5000,mha_decoupled,moe,42,1,15,0.04771362245082855,0.06438833475112915,2.6352012157440186
5000,mha_decoupled,moe,42,2,0,0.07004150748252869,0.06035492569208145,1.8089118003845215
5000,mha_decoupled,moe,42,2,1,0.04939331114292145,0.07144704461097717,1.8089118003845215
5000,mha_decoupled,moe,42,2,2,0.04869995266199112,0.04506838694214821,1.8089118003845215
5000,mha_decoupled,moe,42,2,3,0.06634277105331421,0.06344243139028549,1.8089118003845215
5000,mha_decoupled,moe,42,2,4,0.07390380650758743,0.060294412076473236,1.8089118003845215
5000,mha_decoupled,moe,42,2,5,0.06804931908845901,0.07307232171297073,1.8089118003845215
5000,mha_decoupled,moe,42,2,6,0.05791259929537773,0.05386761575937271,1.8089118003845215
5000,mha_decoupled,moe,42,2,7,0.06172241270542145,0.06652852892875671,1.8089118003845215
5000,mha_decoupled,moe,42,2,8,0.07698730379343033,0.06988735496997833,1.8089118003845215
5000,mha_decoupled,moe,42,2,9,0.07974609732627869,0.05805104598402977,1.8089118003845215
5000,mha_decoupled,moe,42,2,10,0.045623779296875,0.06233295053243637,1.8089118003845215
5000,mha_decoupled,moe,42,2,11,0.049610596150159836,0.06650101393461227,1.8089118003845215
5000,mha_decoupled,moe,42,2,12,0.06688842922449112,0.057184889912605286,1.8089118003845215
5000,mha_decoupled,moe,42,2,13,0.06450439244508743,0.06459499150514603,1.8089118003845215
5000,mha_decoupled,moe,42,2,14,0.06591430306434631,0.06623005121946335,1.8089118003845215
5000,mha_decoupled,moe,42,2,15,0.05465942248702049,0.06114206835627556,1.8089118003845215
5000,mha_decoupled,moe,42,3,0,0.05961669981479645,0.08112791180610657,1.4218368530273438
5000,mha_decoupled,moe,42,3,1,0.04305420070886612,0.04228959232568741,1.4218368530273438
5000,mha_decoupled,moe,42,3,2,0.07502197474241257,0.07279729098081589,1.4218368530273438
5000,mha_decoupled,moe,42,3,3,0.10869384557008743,0.10034789144992828,1.4218368530273438
5000,mha_decoupled,moe,42,3,4,0.06034179776906967,0.0612918958067894,1.4218368530273438
5000,mha_decoupled,moe,42,3,5,0.03838256746530533,0.03679962083697319,1.4218368530273438
5000,mha_decoupled,moe,42,3,6,0.08955444395542145,0.08322480320930481,1.4218368530273438
5000,mha_decoupled,moe,42,3,7,0.05236572399735451,0.05052773654460907,1.4218368530273438
5000,mha_decoupled,moe,42,3,8,0.06305419653654099,0.05123171955347061,1.4218368530273438
5000,mha_decoupled,moe,42,3,9,0.05454833805561066,0.059667542576789856,1.4218368530273438
5000,mha_decoupled,moe,42,3,10,0.04316772520542145,0.047084759920835495,1.4218368530273438
5000,mha_decoupled,moe,42,3,11,0.052177734673023224,0.058118514716625214,1.4218368530273438
5000,mha_decoupled,moe,42,3,12,0.0691516101360321,0.06161092594265938,1.4218368530273438
5000,mha_decoupled,moe,42,3,13,0.06594116240739822,0.0759851336479187,1.4218368530273438
5000,mha_decoupled,moe,42,3,14,0.06907104700803757,0.06600120663642883,1.4218368530273438
5000,mha_decoupled,moe,42,3,15,0.05585693195462227,0.05189347639679909,1.4218368530273438
5000,mha_decoupled,moe,42,4,0,0.05451660230755806,0.07825054228305817,1.1606886386871338
5000,mha_decoupled,moe,42,4,1,0.06583740562200546,0.0591985359787941,1.1606886386871338
5000,mha_decoupled,moe,42,4,2,0.053004149347543716,0.05716613680124283,1.1606886386871338
5000,mha_decoupled,moe,42,4,3,0.059691160917282104,0.06799554824829102,1.1606886386871338
5000,mha_decoupled,moe,42,4,4,0.06273437291383743,0.06335508078336716,1.1606886386871338
5000,mha_decoupled,moe,42,4,5,0.05687011778354645,0.04685404151678085,1.1606886386871338
5000,mha_decoupled,moe,42,4,6,0.05607055500149727,0.05012674257159233,1.1606886386871338
5000,mha_decoupled,moe,42,4,7,0.024614257737994194,0.025931723415851593,1.1606886386871338
5000,mha_decoupled,moe,42,4,8,0.055272217839956284,0.06569130718708038,1.1606886386871338
5000,mha_decoupled,moe,42,4,9,0.08774170279502869,0.08088991045951843,1.1606886386871338
5000,mha_decoupled,moe,42,4,10,0.08674194663763046,0.07251020520925522,1.1606886386871338
5000,mha_decoupled,moe,42,4,11,0.048371583223342896,0.042501602321863174,1.1606886386871338
5000,mha_decoupled,moe,42,4,12,0.059119872748851776,0.08526168763637543,1.1606886386871338
5000,mha_decoupled,moe,42,4,13,0.06694824248552322,0.06139172986149788,1.1606886386871338
5000,mha_decoupled,moe,42,4,14,0.09274658560752869,0.07717563211917877,1.1606886386871338
5000,mha_decoupled,moe,42,4,15,0.06971924006938934,0.0656995177268982,1.1606886386871338
5000,mha_decoupled,moe,42,5,0,0.09834106266498566,0.07167740166187286,1.4454126358032227
5000,mha_decoupled,moe,42,5,1,0.08446166664361954,0.06987124681472778,1.4454126358032227
5000,mha_decoupled,moe,42,5,2,0.09605468809604645,0.07823972404003143,1.4454126358032227
5000,mha_decoupled,moe,42,5,3,0.01848144456744194,0.03218268230557442,1.4454126358032227
5000,mha_decoupled,moe,42,5,4,0.059074707329273224,0.05492915213108063,1.4454126358032227
5000,mha_decoupled,moe,42,5,5,0.028101807460188866,0.03261011466383934,1.4454126358032227
5000,mha_decoupled,moe,42,5,6,0.09711670130491257,0.08690857887268066,1.4454126358032227
5000,mha_decoupled,moe,42,5,7,0.0628369152545929,0.08425719290971756,1.4454126358032227
5000,mha_decoupled,moe,42,5,8,0.04930419847369194,0.06187358498573303,1.4454126358032227
5000,mha_decoupled,moe,42,5,9,0.05479492247104645,0.043346572667360306,1.4454126358032227
5000,mha_decoupled,moe,42,5,10,0.07719970494508743,0.07761068642139435,1.4454126358032227
5000,mha_decoupled,moe,42,5,11,0.05724243074655533,0.054852575063705444,1.4454126358032227
5000,mha_decoupled,moe,42,5,12,0.04376830905675888,0.0538502037525177,1.4454126358032227
5000,mha_decoupled,moe,42,5,13,0.027739258483052254,0.029622970148921013,1.4454126358032227
5000,mha_decoupled,moe,42,5,14,0.05647094547748566,0.06131209060549736,1.4454126358032227
5000,mha_decoupled,moe,42,5,15,0.08901122957468033,0.10685522109270096,1.4454126358032227
5500,mha_decoupled,moe,42,1,0,0.048643797636032104,0.06058709695935249,2.617062568664551
5500,mha_decoupled,moe,42,1,1,0.07310546934604645,0.06517759710550308,2.617062568664551
5500,mha_decoupled,moe,42,1,2,0.07587768882513046,0.06604232639074326,2.617062568664551
5500,mha_decoupled,moe,42,1,3,0.07441650331020355,0.066411092877388,2.617062568664551
5500,mha_decoupled,moe,42,1,4,0.03066406212747097,0.059193581342697144,2.617062568664551
5500,mha_decoupled,moe,42,1,5,0.06394897401332855,0.060412149876356125,2.617062568664551
5500,mha_decoupled,moe,42,1,6,0.06160888820886612,0.05620718374848366,2.617062568664551
5500,mha_decoupled,moe,42,1,7,0.04188476502895355,0.06582783907651901,2.617062568664551
5500,mha_decoupled,moe,42,1,8,0.08797607570886612,0.06453138589859009,2.617062568664551
5500,mha_decoupled,moe,42,1,9,0.04611816257238388,0.06453130394220352,2.617062568664551
5500,mha_decoupled,moe,42,1,10,0.07076416164636612,0.06247487664222717,2.617062568664551
5500,mha_decoupled,moe,42,1,11,0.06442016363143921,0.060038160532712936,2.617062568664551
5500,mha_decoupled,moe,42,1,12,0.06660522520542145,0.06204516068100929,2.617062568664551
5500,mha_decoupled,moe,42,1,13,0.06884155422449112,0.060779161751270294,2.617062568664551
5500,mha_decoupled,moe,42,1,14,0.04832275211811066,0.06267885863780975,2.617062568664551
5500,mha_decoupled,moe,42,1,15,0.07680175453424454,0.06306222081184387,2.617062568664551
5500,mha_decoupled,moe,42,2,0,0.07053466886281967,0.06091216951608658,1.7829667329788208
5500,mha_decoupled,moe,42,2,1,0.053455810993909836,0.07468239217996597,1.7829667329788208
5500,mha_decoupled,moe,42,2,2,0.047734376043081284,0.043995242565870285,1.7829667329788208
5500,mha_decoupled,moe,42,2,3,0.06454955786466599,0.06258676201105118,1.7829667329788208
5500,mha_decoupled,moe,42,2,4,0.07044433802366257,0.057507891207933426,1.7829667329788208
5500,mha_decoupled,moe,42,2,5,0.07603149116039276,0.07772635668516159,1.7829667329788208
5500,mha_decoupled,moe,42,2,6,0.05887207016348839,0.054186224937438965,1.7829667329788208
5500,mha_decoupled,moe,42,2,7,0.05999999865889549,0.06527377665042877,1.7829667329788208
5500,mha_decoupled,moe,42,2,8,0.07476562261581421,0.06811525672674179,1.7829667329788208
5500,mha_decoupled,moe,42,2,9,0.08190185576677322,0.06058977171778679,1.7829667329788208
5500,mha_decoupled,moe,42,2,10,0.04609496891498566,0.06323108077049255,1.7829667329788208
5500,mha_decoupled,moe,42,2,11,0.05123535171151161,0.06798121333122253,1.7829667329788208
5500,mha_decoupled,moe,42,2,12,0.06493041664361954,0.05534334108233452,1.7829667329788208
5500,mha_decoupled,moe,42,2,13,0.06877197325229645,0.06818249076604843,1.7829667329788208
5500,mha_decoupled,moe,42,2,14,0.05780029296875,0.06068653240799904,1.7829667329788208
5500,mha_decoupled,moe,42,2,15,0.05287719890475273,0.05899948999285698,1.7829667329788208
5500,mha_decoupled,moe,42,3,0,0.05487670749425888,0.07621459662914276,1.4364274740219116
5500,mha_decoupled,moe,42,3,1,0.04946044832468033,0.04708447307348251,1.4364274740219116
5500,mha_decoupled,moe,42,3,2,0.07644165307283401,0.07586988806724548,1.4364274740219116
5500,mha_decoupled,moe,42,3,3,0.10852538794279099,0.10071450471878052,1.4364274740219116
5500,mha_decoupled,moe,42,3,4,0.05896972492337227,0.05820280686020851,1.4364274740219116
5500,mha_decoupled,moe,42,3,5,0.04155883938074112,0.039619263261556625,1.4364274740219116
5500,mha_decoupled,moe,42,3,6,0.08746825903654099,0.08180318772792816,1.4364274740219116
5500,mha_decoupled,moe,42,3,7,0.05753906071186066,0.053194060921669006,1.4364274740219116
5500,mha_decoupled,moe,42,3,8,0.056700438261032104,0.04658820480108261,1.4364274740219116
5500,mha_decoupled,moe,42,3,9,0.059965819120407104,0.06657916307449341,1.4364274740219116
5500,mha_decoupled,moe,42,3,10,0.04181884601712227,0.04632970318198204,1.4364274740219116
5500,mha_decoupled,moe,42,3,11,0.04828857257962227,0.05294963717460632,1.4364274740219116
5500,mha_decoupled,moe,42,3,12,0.06457031518220901,0.06075914204120636,1.4364274740219116
5500,mha_decoupled,moe,42,3,13,0.06329345703125,0.07125672698020935,1.4364274740219116
5500,mha_decoupled,moe,42,3,14,0.07048095762729645,0.06717310100793839,1.4364274740219116
5500,mha_decoupled,moe,42,3,15,0.06004150211811066,0.05566162243485451,1.4364274740219116
5500,mha_decoupled,moe,42,4,0,0.04918457195162773,0.07208385318517685,1.1657928228378296
5500,mha_decoupled,moe,42,4,1,0.06426635384559631,0.056711241602897644,1.1657928228378296
5500,mha_decoupled,moe,42,4,2,0.05756836012005806,0.06096603721380234,1.1657928228378296
5500,mha_decoupled,moe,42,4,3,0.05943481624126434,0.06695733964443207,1.1657928228378296
5500,mha_decoupled,moe,42,4,4,0.06479492038488388,0.06539719551801682,1.1657928228378296
5500,mha_decoupled,moe,42,4,5,0.06113647297024727,0.05291211977601051,1.1657928228378296
5500,mha_decoupled,moe,42,4,6,0.058258056640625,0.0522594228386879,1.1657928228378296
5500,mha_decoupled,moe,42,4,7,0.024268798530101776,0.02532672882080078,1.1657928228378296
5500,mha_decoupled,moe,42,4,8,0.057988282293081284,0.06907590478658676,1.1657928228378296
5500,mha_decoupled,moe,42,4,9,0.08618652075529099,0.0787375196814537,1.1657928228378296
5500,mha_decoupled,moe,42,4,10,0.09183105826377869,0.07687501609325409,1.1657928228378296
5500,mha_decoupled,moe,42,4,11,0.04069580137729645,0.03645721450448036,1.1657928228378296
5500,mha_decoupled,moe,42,4,12,0.057225342839956284,0.08290215581655502,1.1657928228378296
5500,mha_decoupled,moe,42,4,13,0.06905273348093033,0.06412556767463684,1.1657928228378296
5500,mha_decoupled,moe,42,4,14,0.09117065370082855,0.07390087842941284,1.1657928228378296
5500,mha_decoupled,moe,42,4,15,0.06693725287914276,0.06531181931495667,1.1657928228378296
5500,mha_decoupled,moe,42,5,0,0.10158202797174454,0.07408242672681808,1.4417887926101685
5500,mha_decoupled,moe,42,5,1,0.08403076231479645,0.07130877673625946,1.4417887926101685
5500,mha_decoupled,moe,42,5,2,0.10166137665510178,0.08329977095127106,1.4417887926101685
5500,mha_decoupled,moe,42,5,3,0.018604736775159836,0.03128582984209061,1.4417887926101685
5500,mha_decoupled,moe,42,5,4,0.05252685397863388,0.05108695104718208,1.4417887926101685
5500,mha_decoupled,moe,42,5,5,0.029216308146715164,0.03399119898676872,1.4417887926101685
5500,mha_decoupled,moe,42,5,6,0.09570922702550888,0.0857372060418129,1.4417887926101685
5500,mha_decoupled,moe,42,5,7,0.06359008699655533,0.08536658436059952,1.4417887926101685
5500,mha_decoupled,moe,42,5,8,0.048817139118909836,0.06185812130570412,1.4417887926101685
5500,mha_decoupled,moe,42,5,9,0.05455566570162773,0.04207334667444229,1.4417887926101685
5500,mha_decoupled,moe,42,5,10,0.07236327975988388,0.07584717869758606,1.4417887926101685
5500,mha_decoupled,moe,42,5,11,0.06459106504917145,0.06205892935395241,1.4417887926101685
5500,mha_decoupled,moe,42,5,12,0.043065186589956284,0.052758049219846725,1.4417887926101685
5500,mha_decoupled,moe,42,5,13,0.029189452528953552,0.02927572652697563,1.4417887926101685
5500,mha_decoupled,moe,42,5,14,0.057414550334215164,0.06218646839261055,1.4417887926101685
5500,mha_decoupled,moe,42,5,15,0.08308227360248566,0.09778346121311188,1.4417887926101685
6000,mha_decoupled,moe,42,1,0,0.06201415881514549,0.06244850158691406,2.6110036373138428
6000,mha_decoupled,moe,42,1,1,0.06953735649585724,0.06468670070171356,2.6110036373138428
6000,mha_decoupled,moe,42,1,2,0.05428222566843033,0.06255854666233063,2.6110036373138428
6000,mha_decoupled,moe,42,1,3,0.048485107719898224,0.06178884208202362,2.6110036373138428
6000,mha_decoupled,moe,42,1,4,0.07450195401906967,0.06470708549022675,2.6110036373138428
6000,mha_decoupled,moe,42,1,5,0.08086913824081421,0.06614331901073456,2.6110036373138428
6000,mha_decoupled,moe,42,1,6,0.06560791283845901,0.0604279562830925,2.6110036373138428
6000,mha_decoupled,moe,42,1,7,0.02852538973093033,0.06220628321170807,2.6110036373138428
6000,mha_decoupled,moe,42,1,8,0.08831542730331421,0.06497311592102051,2.6110036373138428
6000,mha_decoupled,moe,42,1,9,0.05930786207318306,0.06246650218963623,2.6110036373138428
6000,mha_decoupled,moe,42,1,10,0.06543335318565369,0.06133512035012245,2.6110036373138428
6000,mha_decoupled,moe,42,1,11,0.05874267593026161,0.05748508498072624,2.6110036373138428
6000,mha_decoupled,moe,42,1,12,0.08262207359075546,0.06799495965242386,2.6110036373138428
6000,mha_decoupled,moe,42,1,13,0.06750854849815369,0.06243368610739708,2.6110036373138428
6000,mha_decoupled,moe,42,1,14,0.037193603813648224,0.05858045443892479,2.6110036373138428
6000,mha_decoupled,moe,42,1,15,0.05705322325229645,0.05976387485861778,2.6110036373138428
6000,mha_decoupled,moe,42,2,0,0.07806029915809631,0.06469083577394485,1.7519721984863281
6000,mha_decoupled,moe,42,2,1,0.055927734822034836,0.07376816123723984,1.7519721984863281
6000,mha_decoupled,moe,42,2,2,0.04903564602136612,0.04238930717110634,1.7519721984863281
6000,mha_decoupled,moe,42,2,3,0.06615844368934631,0.06329792737960815,1.7519721984863281
6000,mha_decoupled,moe,42,2,4,0.06989257782697678,0.05727817118167877,1.7519721984863281
6000,mha_decoupled,moe,42,2,5,0.06875365972518921,0.07376042008399963,1.7519721984863281
6000,mha_decoupled,moe,42,2,6,0.05789428576827049,0.05499100312590599,1.7519721984863281
6000,mha_decoupled,moe,42,2,7,0.06070190295577049,0.06448016315698624,1.7519721984863281
6000,mha_decoupled,moe,42,2,8,0.07295532524585724,0.06654641032218933,1.7519721984863281
6000,mha_decoupled,moe,42,2,9,0.07795654237270355,0.05498869717121124,1.7519721984863281
6000,mha_decoupled,moe,42,2,10,0.047608643770217896,0.06340727210044861,1.7519721984863281
6000,mha_decoupled,moe,42,2,11,0.044349364936351776,0.06373022496700287,1.7519721984863281
6000,mha_decoupled,moe,42,2,12,0.06122436374425888,0.05407137796282768,1.7519721984863281
6000,mha_decoupled,moe,42,2,13,0.0668957531452179,0.06818673014640808,1.7519721984863281
6000,mha_decoupled,moe,42,2,14,0.06663696467876434,0.07123952358961105,1.7519721984863281
6000,mha_decoupled,moe,42,2,15,0.05594848468899727,0.0631737932562828,1.7519721984863281
6000,mha_decoupled,moe,42,3,0,0.057758789509534836,0.08031504601240158,1.4143832921981812
6000,mha_decoupled,moe,42,3,1,0.04575805738568306,0.04476888105273247,1.4143832921981812
6000,mha_decoupled,moe,42,3,2,0.07157104462385178,0.0733678862452507,1.4143832921981812
6000,mha_decoupled,moe,42,3,3,0.11063721030950546,0.10521190613508224,1.4143832921981812
6000,mha_decoupled,moe,42,3,4,0.060737304389476776,0.05773225799202919,1.4143832921981812
6000,mha_decoupled,moe,42,3,5,0.036894530057907104,0.035364557057619095,1.4143832921981812
6000,mha_decoupled,moe,42,3,6,0.09055664390325546,0.08370088785886765,1.4143832921981812
6000,mha_decoupled,moe,42,3,7,0.05519653484225273,0.0521961934864521,1.4143832921981812
6000,mha_decoupled,moe,42,3,8,0.05893188342452049,0.04731845483183861,1.4143832921981812
6000,mha_decoupled,moe,42,3,9,0.06221069395542145,0.06695011258125305,1.4143832921981812
6000,mha_decoupled,moe,42,3,10,0.03833862394094467,0.04412531852722168,1.4143832921981812
6000,mha_decoupled,moe,42,3,11,0.05107787996530533,0.05647182837128639,1.4143832921981812
6000,mha_decoupled,moe,42,3,12,0.06531616300344467,0.057903952896595,1.4143832921981812
6000,mha_decoupled,moe,42,3,13,0.06970459222793579,0.07714134454727173,1.4143832921981812
6000,mha_decoupled,moe,42,3,14,0.06994140893220901,0.06706994026899338,1.4143832921981812
6000,mha_decoupled,moe,42,3,15,0.05536865070462227,0.050361424684524536,1.4143832921981812
6000,mha_decoupled,moe,42,4,0,0.055231932550668716,0.08156327158212662,1.1930956840515137
6000,mha_decoupled,moe,42,4,1,0.06507324427366257,0.057097986340522766,1.1930956840515137
6000,mha_decoupled,moe,42,4,2,0.052733153104782104,0.05686701461672783,1.1930956840515137
6000,mha_decoupled,moe,42,4,3,0.06399780511856079,0.07040726393461227,1.1930956840515137
6000,mha_decoupled,moe,42,4,4,0.05742431804537773,0.0570635087788105,1.1930956840515137
6000,mha_decoupled,moe,42,4,5,0.05837768688797951,0.05025509372353554,1.1930956840515137
6000,mha_decoupled,moe,42,4,6,0.056926269084215164,0.051907677203416824,1.1930956840515137
6000,mha_decoupled,moe,42,4,7,0.027098389342427254,0.028160208836197853,1.1930956840515137
6000,mha_decoupled,moe,42,4,8,0.05490966886281967,0.06724052876234055,1.1930956840515137
6000,mha_decoupled,moe,42,4,9,0.08942382782697678,0.08060851693153381,1.1930956840515137
6000,mha_decoupled,moe,42,4,10,0.09209717065095901,0.07810373604297638,1.1930956840515137
6000,mha_decoupled,moe,42,4,11,0.045155029743909836,0.04087531939148903,1.1930956840515137
6000,mha_decoupled,moe,42,4,12,0.05542602390050888,0.0774984359741211,1.1930956840515137
6000,mha_decoupled,moe,42,4,13,0.07170166075229645,0.06455817818641663,1.1930956840515137
6000,mha_decoupled,moe,42,4,14,0.08726562559604645,0.07331688702106476,1.1930956840515137
6000,mha_decoupled,moe,42,4,15,0.06715819984674454,0.06447634100914001,1.1930956840515137
6000,mha_decoupled,moe,42,5,0,0.09949218481779099,0.07234102487564087,1.4446961879730225
6000,mha_decoupled,moe,42,5,1,0.08162719756364822,0.06934729218482971,1.4446961879730225
6000,mha_decoupled,moe,42,5,2,0.09542358666658401,0.07623250782489777,1.4446961879730225
6000,mha_decoupled,moe,42,5,3,0.01765136793255806,0.031008658930659294,1.4446961879730225
6000,mha_decoupled,moe,42,5,4,0.05629150569438934,0.05295699089765549,1.4446961879730225
6000,mha_decoupled,moe,42,5,5,0.032093506306409836,0.03488535061478615,1.4446961879730225
6000,mha_decoupled,moe,42,5,6,0.10137939453125,0.09300283342599869,1.4446961879730225
6000,mha_decoupled,moe,42,5,7,0.06205688416957855,0.0841255784034729,1.4446961879730225
6000,mha_decoupled,moe,42,5,8,0.052216798067092896,0.0649186223745346,1.4446961879730225
6000,mha_decoupled,moe,42,5,9,0.05384643375873566,0.04149802774190903,1.4446961879730225
6000,mha_decoupled,moe,42,5,10,0.07660766690969467,0.0791553407907486,1.4446961879730225
6000,mha_decoupled,moe,42,5,11,0.06080932542681694,0.060153938829898834,1.4446961879730225
6000,mha_decoupled,moe,42,5,12,0.042033690959215164,0.051069650799036026,1.4446961879730225
6000,mha_decoupled,moe,42,5,13,0.03363647311925888,0.03247011452913284,1.4446961879730225
6000,mha_decoupled,moe,42,5,14,0.049152832478284836,0.05684731528162956,1.4446961879730225
6000,mha_decoupled,moe,42,5,15,0.08568115532398224,0.09998679161071777,1.4446961879730225
6500,mha_decoupled,moe,42,1,0,0.05157836899161339,0.060679011046886444,2.602634906768799
6500,mha_decoupled,moe,42,1,1,0.07467163354158401,0.06506234407424927,2.602634906768799
6500,mha_decoupled,moe,42,1,2,0.060185547918081284,0.06426378339529037,2.602634906768799
6500,mha_decoupled,moe,42,1,3,0.05426391586661339,0.06320423632860184,2.602634906768799
6500,mha_decoupled,moe,42,1,4,0.05025024339556694,0.06338798254728317,2.602634906768799
6500,mha_decoupled,moe,42,1,5,0.07175415009260178,0.06361159682273865,2.602634906768799
6500,mha_decoupled,moe,42,1,6,0.07226318120956421,0.06390483677387238,2.602634906768799
6500,mha_decoupled,moe,42,1,7,0.07115356624126434,0.06540095061063766,2.602634906768799
6500,mha_decoupled,moe,42,1,8,0.08287475258111954,0.06312689930200577,2.602634906768799
6500,mha_decoupled,moe,42,1,9,0.032786864787340164,0.060861434787511826,2.602634906768799
6500,mha_decoupled,moe,42,1,10,0.07152587920427322,0.06323692202568054,2.602634906768799
6500,mha_decoupled,moe,42,1,11,0.07103759795427322,0.05973413586616516,2.602634906768799
6500,mha_decoupled,moe,42,1,12,0.07377441227436066,0.06428661942481995,2.602634906768799
6500,mha_decoupled,moe,42,1,13,0.06666991859674454,0.061513274908065796,2.602634906768799
6500,mha_decoupled,moe,42,1,14,0.025867920368909836,0.0578242689371109,2.602634906768799
6500,mha_decoupled,moe,42,1,15,0.06934203952550888,0.059901703149080276,2.602634906768799
6500,mha_decoupled,moe,42,2,0,0.07716552913188934,0.06363709270954132,1.742510199546814
6500,mha_decoupled,moe,42,2,1,0.05211181566119194,0.07376473397016525,1.742510199546814
6500,mha_decoupled,moe,42,2,2,0.05104614421725273,0.043976377695798874,1.742510199546814
6500,mha_decoupled,moe,42,2,3,0.06481323391199112,0.062079545110464096,1.742510199546814
6500,mha_decoupled,moe,42,2,4,0.07185302674770355,0.05826549604535103,1.742510199546814
6500,mha_decoupled,moe,42,2,5,0.07227294892072678,0.07193771004676819,1.742510199546814
6500,mha_decoupled,moe,42,2,6,0.053565673530101776,0.05207227170467377,1.742510199546814
6500,mha_decoupled,moe,42,2,7,0.06447997689247131,0.06941401213407516,1.742510199546814
6500,mha_decoupled,moe,42,2,8,0.07490600645542145,0.06850391626358032,1.742510199546814
6500,mha_decoupled,moe,42,2,9,0.0805371105670929,0.0597919262945652,1.742510199546814
6500,mha_decoupled,moe,42,2,10,0.045623779296875,0.06429092586040497,1.742510199546814
6500,mha_decoupled,moe,42,2,11,0.043598633259534836,0.062377285212278366,1.742510199546814
6500,mha_decoupled,moe,42,2,12,0.06580444425344467,0.056672658771276474,1.742510199546814
6500,mha_decoupled,moe,42,2,13,0.06516357511281967,0.06625047326087952,1.742510199546814
6500,mha_decoupled,moe,42,2,14,0.06467895209789276,0.06672623753547668,1.742510199546814
6500,mha_decoupled,moe,42,2,15,0.052379149943590164,0.06023936718702316,1.742510199546814
6500,mha_decoupled,moe,42,3,0,0.05769897624850273,0.07968709617853165,1.4064255952835083
6500,mha_decoupled,moe,42,3,1,0.047233887016773224,0.04639468342065811,1.4064255952835083
6500,mha_decoupled,moe,42,3,2,0.07958496361970901,0.07641532272100449,1.4064255952835083
6500,mha_decoupled,moe,42,3,3,0.10946899652481079,0.10432897508144379,1.4064255952835083
6500,mha_decoupled,moe,42,3,4,0.059410400688648224,0.056249190121889114,1.4064255952835083
6500,mha_decoupled,moe,42,3,5,0.04311279207468033,0.040217943489551544,1.4064255952835083
6500,mha_decoupled,moe,42,3,6,0.08607421815395355,0.08099367469549179,1.4064255952835083
6500,mha_decoupled,moe,42,3,7,0.048930663615465164,0.04881396144628525,1.4064255952835083
6500,mha_decoupled,moe,42,3,8,0.05692504718899727,0.04589459300041199,1.4064255952835083
6500,mha_decoupled,moe,42,3,9,0.055064696818590164,0.06137724965810776,1.4064255952835083
6500,mha_decoupled,moe,42,3,10,0.042485352605581284,0.04624583572149277,1.4064255952835083
6500,mha_decoupled,moe,42,3,11,0.05082031339406967,0.056066788733005524,1.4064255952835083
6500,mha_decoupled,moe,42,3,12,0.06708373874425888,0.0611649714410305,1.4064255952835083
6500,mha_decoupled,moe,42,3,13,0.06726928800344467,0.07640199363231659,1.4064255952835083
6500,mha_decoupled,moe,42,3,14,0.07255737483501434,0.06906583905220032,1.4064255952835083
6500,mha_decoupled,moe,42,3,15,0.056279297918081284,0.050681862980127335,1.4064255952835083
6500,mha_decoupled,moe,42,4,0,0.05192871019244194,0.07628588378429413,1.1929131746292114
6500,mha_decoupled,moe,42,4,1,0.0664379894733429,0.058061446994543076,1.1929131746292114
6500,mha_decoupled,moe,42,4,2,0.05717163160443306,0.060694970190525055,1.1929131746292114
6500,mha_decoupled,moe,42,4,3,0.060661621391773224,0.067106232047081,1.1929131746292114
6500,mha_decoupled,moe,42,4,4,0.059031981974840164,0.05951289087533951,1.1929131746292114
6500,mha_decoupled,moe,42,4,5,0.05873779207468033,0.05055347830057144,1.1929131746292114
6500,mha_decoupled,moe,42,4,6,0.058405760675668716,0.05286422744393349,1.1929131746292114
6500,mha_decoupled,moe,42,4,7,0.030124511569738388,0.02979861944913864,1.1929131746292114
6500,mha_decoupled,moe,42,4,8,0.05696655437350273,0.06949145346879959,1.1929131746292114
6500,mha_decoupled,moe,42,4,9,0.08522460609674454,0.07552750408649445,1.1929131746292114
6500,mha_decoupled,moe,42,4,10,0.08618652075529099,0.07305631041526794,1.1929131746292114
6500,mha_decoupled,moe,42,4,11,0.042963866144418716,0.03848462551832199,1.1929131746292114
6500,mha_decoupled,moe,42,4,12,0.059599608182907104,0.08327102661132812,1.1929131746292114
6500,mha_decoupled,moe,42,4,13,0.07346680015325546,0.06794795393943787,1.1929131746292114
6500,mha_decoupled,moe,42,4,14,0.08763305842876434,0.07260128855705261,1.1929131746292114
6500,mha_decoupled,moe,42,4,15,0.0654589831829071,0.0647420659661293,1.1929131746292114
6500,mha_decoupled,moe,42,5,0,0.10272461175918579,0.07475105673074722,1.4682507514953613
6500,mha_decoupled,moe,42,5,1,0.08632323890924454,0.07437966763973236,1.4682507514953613
6500,mha_decoupled,moe,42,5,2,0.09968627989292145,0.08097980171442032,1.4682507514953613
6500,mha_decoupled,moe,42,5,3,0.018229980021715164,0.03174177184700966,1.4682507514953613
6500,mha_decoupled,moe,42,5,4,0.056275635957717896,0.053936272859573364,1.4682507514953613
6500,mha_decoupled,moe,42,5,5,0.029249267652630806,0.033293381333351135,1.4682507514953613
6500,mha_decoupled,moe,42,5,6,0.0934155285358429,0.08277998864650726,1.4682507514953613
6500,mha_decoupled,moe,42,5,7,0.060789793729782104,0.08237804472446442,1.4682507514953613
6500,mha_decoupled,moe,42,5,8,0.04861816391348839,0.06100719794631004,1.4682507514953613
6500,mha_decoupled,moe,42,5,9,0.06098022311925888,0.04783450439572334,1.4682507514953613
6500,mha_decoupled,moe,42,5,10,0.06933838129043579,0.07439617067575455,1.4682507514953613
6500,mha_decoupled,moe,42,5,11,0.06191406399011612,0.061769746243953705,1.4682507514953613
6500,mha_decoupled,moe,42,5,12,0.042692869901657104,0.05090979486703873,1.4682507514953613
6500,mha_decoupled,moe,42,5,13,0.030830077826976776,0.031925588846206665,1.4682507514953613
6500,mha_decoupled,moe,42,5,14,0.05217163264751434,0.05850861221551895,1.4682507514953613
6500,mha_decoupled,moe,42,5,15,0.0867602527141571,0.09940841048955917,1.4682507514953613
7000,mha_decoupled,moe,42,1,0,0.05646606534719467,0.06273975223302841,2.5936412811279297
7000,mha_decoupled,moe,42,1,1,0.06758178770542145,0.06357301771640778,2.5936412811279297
7000,mha_decoupled,moe,42,1,2,0.06007446348667145,0.06408199667930603,2.5936412811279297
7000,mha_decoupled,moe,42,1,3,0.04222290217876434,0.06141134724020958,2.5936412811279297
7000,mha_decoupled,moe,42,1,4,0.049445800483226776,0.06262165307998657,2.5936412811279297
7000,mha_decoupled,moe,42,1,5,0.06752929836511612,0.06249656528234482,2.5936412811279297
7000,mha_decoupled,moe,42,1,6,0.06571899354457855,0.06223583593964577,2.5936412811279297
7000,mha_decoupled,moe,42,1,7,0.04859374836087227,0.06296317279338837,2.5936412811279297
7000,mha_decoupled,moe,42,1,8,0.07952148467302322,0.0630703791975975,2.5936412811279297
7000,mha_decoupled,moe,42,1,9,0.06785766780376434,0.06319192051887512,2.5936412811279297
7000,mha_decoupled,moe,42,1,10,0.07099975645542145,0.06312951445579529,2.5936412811279297
7000,mha_decoupled,moe,42,1,11,0.06731200963258743,0.06007270887494087,2.5936412811279297
7000,mha_decoupled,moe,42,1,12,0.07236694544553757,0.06481102108955383,2.5936412811279297
7000,mha_decoupled,moe,42,1,13,0.06399902701377869,0.059883251786231995,2.5936412811279297
7000,mha_decoupled,moe,42,1,14,0.04603637754917145,0.061675749719142914,2.5936412811279297
7000,mha_decoupled,moe,42,1,15,0.07427368313074112,0.06204207241535187,2.5936412811279297
7000,mha_decoupled,moe,42,2,0,0.07450195401906967,0.06214655563235283,1.7330350875854492
7000,mha_decoupled,moe,42,2,1,0.05384887754917145,0.07433675229549408,1.7330350875854492
7000,mha_decoupled,moe,42,2,2,0.047874756157398224,0.04140540584921837,1.7330350875854492
7000,mha_decoupled,moe,42,2,3,0.06467651575803757,0.061096616089344025,1.7330350875854492
7000,mha_decoupled,moe,42,2,4,0.07070190459489822,0.0592266283929348,1.7330350875854492
7000,mha_decoupled,moe,42,2,5,0.07047363370656967,0.07511809468269348,1.7330350875854492
7000,mha_decoupled,moe,42,2,6,0.054454345256090164,0.053159698843955994,1.7330350875854492
7000,mha_decoupled,moe,42,2,7,0.06319580227136612,0.06719688326120377,1.7330350875854492
7000,mha_decoupled,moe,42,2,8,0.07164184749126434,0.06576193124055862,1.7330350875854492
7000,mha_decoupled,moe,42,2,9,0.08845581114292145,0.06126467138528824,1.7330350875854492
7000,mha_decoupled,moe,42,2,10,0.04628051817417145,0.06423962861299515,1.7330350875854492
7000,mha_decoupled,moe,42,2,11,0.04271606355905533,0.06304091215133667,1.7330350875854492
7000,mha_decoupled,moe,42,2,12,0.06545532494783401,0.05592110753059387,1.7330350875854492
7000,mha_decoupled,moe,42,2,13,0.06521118432283401,0.06696487218141556,1.7330350875854492
7000,mha_decoupled,moe,42,2,14,0.06473755091428757,0.06660392135381699,1.7330350875854492
7000,mha_decoupled,moe,42,2,15,0.05577392503619194,0.06251636147499084,1.7330350875854492
7000,mha_decoupled,moe,42,3,0,0.060419920831918716,0.0820220410823822,1.4126298427581787
7000,mha_decoupled,moe,42,3,1,0.046074219048023224,0.04571506381034851,1.4126298427581787
7000,mha_decoupled,moe,42,3,2,0.073760986328125,0.0747910663485527,1.4126298427581787
7000,mha_decoupled,moe,42,3,3,0.10933960229158401,0.102694571018219,1.4126298427581787
7000,mha_decoupled,moe,42,3,4,0.05733398348093033,0.05605451762676239,1.4126298427581787
7000,mha_decoupled,moe,42,3,5,0.04084594547748566,0.03881458938121796,1.4126298427581787
7000,mha_decoupled,moe,42,3,6,0.08685790747404099,0.08124430477619171,1.4126298427581787
7000,mha_decoupled,moe,42,3,7,0.04584350436925888,0.0467134490609169,1.4126298427581787
7000,mha_decoupled,moe,42,3,8,0.06508789211511612,0.05185188353061676,1.4126298427581787
7000,mha_decoupled,moe,42,3,9,0.05448852479457855,0.060570888221263885,1.4126298427581787
7000,mha_decoupled,moe,42,3,10,0.04170532152056694,0.0458703488111496,1.4126298427581787
7000,mha_decoupled,moe,42,3,11,0.046733397990465164,0.052900198847055435,1.4126298427581787
7000,mha_decoupled,moe,42,3,12,0.06744018197059631,0.05979308485984802,1.4126298427581787
7000,mha_decoupled,moe,42,3,13,0.06706543266773224,0.07461940497159958,1.4126298427581787
7000,mha_decoupled,moe,42,3,14,0.07339844107627869,0.06905058771371841,1.4126298427581787
7000,mha_decoupled,moe,42,3,15,0.06360473483800888,0.05729399994015694,1.4126298427581787
7000,mha_decoupled,moe,42,4,0,0.05479736253619194,0.07968118786811829,1.1890357732772827
7000,mha_decoupled,moe,42,4,1,0.06547607481479645,0.05789618566632271,1.1890357732772827
7000,mha_decoupled,moe,42,4,2,0.05395751819014549,0.05869424343109131,1.1890357732772827
7000,mha_decoupled,moe,42,4,3,0.06048217788338661,0.06920837610960007,1.1890357732772827
7000,mha_decoupled,moe,42,4,4,0.05984741076827049,0.05965035781264305,1.1890357732772827
7000,mha_decoupled,moe,42,4,5,0.06125854328274727,0.0528702586889267,1.1890357732772827
7000,mha_decoupled,moe,42,4,6,0.057099610567092896,0.05146234109997749,1.1890357732772827
7000,mha_decoupled,moe,42,4,7,0.024317627772688866,0.02593562752008438,1.1890357732772827
7000,mha_decoupled,moe,42,4,8,0.05381958186626434,0.06485800445079803,1.1890357732772827
7000,mha_decoupled,moe,42,4,9,0.0881054699420929,0.07637137174606323,1.1890357732772827
7000,mha_decoupled,moe,42,4,10,0.09310058504343033,0.07902202755212784,1.1890357732772827
7000,mha_decoupled,moe,42,4,11,0.04365600645542145,0.03910064324736595,1.1890357732772827
7000,mha_decoupled,moe,42,4,12,0.05554565414786339,0.07944608479738235,1.1890357732772827
7000,mha_decoupled,moe,42,4,13,0.07280395179986954,0.06782655417919159,1.1890357732772827
7000,mha_decoupled,moe,42,4,14,0.08970215171575546,0.07390709221363068,1.1890357732772827
7000,mha_decoupled,moe,42,4,15,0.06603027135133743,0.06406965106725693,1.1890357732772827
7000,mha_decoupled,moe,42,5,0,0.10061157494783401,0.07316646724939346,1.453009843826294
7000,mha_decoupled,moe,42,5,1,0.09002441167831421,0.07549919933080673,1.453009843826294
7000,mha_decoupled,moe,42,5,2,0.09452514350414276,0.07853202521800995,1.453009843826294
7000,mha_decoupled,moe,42,5,3,0.018093261867761612,0.03250451385974884,1.453009843826294
7000,mha_decoupled,moe,42,5,4,0.054658204317092896,0.05256807431578636,1.453009843826294
7000,mha_decoupled,moe,42,5,5,0.028286132961511612,0.032666195183992386,1.453009843826294
7000,mha_decoupled,moe,42,5,6,0.0950610339641571,0.08590774238109589,1.453009843826294
7000,mha_decoupled,moe,42,5,7,0.060051269829273224,0.08106355369091034,1.453009843826294
7000,mha_decoupled,moe,42,5,8,0.05129028484225273,0.06372267007827759,1.453009843826294
7000,mha_decoupled,moe,42,5,9,0.057075195014476776,0.04381334409117699,1.453009843826294
7000,mha_decoupled,moe,42,5,10,0.07425903528928757,0.07913514971733093,1.453009843826294
7000,mha_decoupled,moe,42,5,11,0.05944214016199112,0.05935951694846153,1.453009843826294
7000,mha_decoupled,moe,42,5,12,0.04200439527630806,0.0505857989192009,1.453009843826294
7000,mha_decoupled,moe,42,5,13,0.03376586735248566,0.031908776611089706,1.453009843826294
7000,mha_decoupled,moe,42,5,14,0.052125245332717896,0.05798822268843651,1.453009843826294
7000,mha_decoupled,moe,42,5,15,0.08872680366039276,0.10157874971628189,1.453009843826294
7500,mha_decoupled,moe,42,1,0,0.05998535081744194,0.06229798495769501,2.584031105041504
7500,mha_decoupled,moe,42,1,1,0.06875243782997131,0.06536158174276352,2.584031105041504
7500,mha_decoupled,moe,42,1,2,0.03861694410443306,0.06266558170318604,2.584031105041504
7500,mha_decoupled,moe,42,1,3,0.06401245296001434,0.06204119697213173,2.584031105041504
7500,mha_decoupled,moe,42,1,4,0.05928589031100273,0.0637909322977066,2.584031105041504
7500,mha_decoupled,moe,42,1,5,0.06597656011581421,0.06210675835609436,2.584031105041504
7500,mha_decoupled,moe,42,1,6,0.06394042819738388,0.059369172900915146,2.584031105041504
7500,mha_decoupled,moe,42,1,7,0.04985717684030533,0.06336063146591187,2.584031105041504
7500,mha_decoupled,moe,42,1,8,0.08404296636581421,0.06518850475549698,2.584031105041504
7500,mha_decoupled,moe,42,1,9,0.047093506902456284,0.06166914850473404,2.584031105041504
7500,mha_decoupled,moe,42,1,10,0.06441161781549454,0.061209797859191895,2.584031105041504
7500,mha_decoupled,moe,42,1,11,0.06676025688648224,0.06094583123922348,2.584031105041504
7500,mha_decoupled,moe,42,1,12,0.07829101383686066,0.06639038771390915,2.584031105041504
7500,mha_decoupled,moe,42,1,13,0.06488281488418579,0.061247073113918304,2.584031105041504
7500,mha_decoupled,moe,42,1,14,0.048553466796875,0.06138595566153526,2.584031105041504
7500,mha_decoupled,moe,42,1,15,0.07553710788488388,0.06096949428319931,2.584031105041504
7500,mha_decoupled,moe,42,2,0,0.07363403588533401,0.061433181166648865,1.7275809049606323
7500,mha_decoupled,moe,42,2,1,0.05712036043405533,0.07585965842008591,1.7275809049606323
7500,mha_decoupled,moe,42,2,2,0.04586181789636612,0.03972185030579567,1.7275809049606323
7500,mha_decoupled,moe,42,2,3,0.060999754816293716,0.059228312224149704,1.7275809049606323
7500,mha_decoupled,moe,42,2,4,0.07266723364591599,0.059955012053251266,1.7275809049606323
7500,mha_decoupled,moe,42,2,5,0.06754882633686066,0.07301943749189377,1.7275809049606323
7500,mha_decoupled,moe,42,2,6,0.05984130874276161,0.056331392377614975,1.7275809049606323
7500,mha_decoupled,moe,42,2,7,0.060118407011032104,0.06448303908109665,1.7275809049606323
7500,mha_decoupled,moe,42,2,8,0.0706494152545929,0.0652606189250946,1.7275809049606323
7500,mha_decoupled,moe,42,2,9,0.08558715879917145,0.06070248782634735,1.7275809049606323
7500,mha_decoupled,moe,42,2,10,0.048588868230581284,0.06509470194578171,1.7275809049606323
7500,mha_decoupled,moe,42,2,11,0.04689209163188934,0.06402585655450821,1.7275809049606323
7500,mha_decoupled,moe,42,2,12,0.06455810368061066,0.05549582466483116,1.7275809049606323
7500,mha_decoupled,moe,42,2,13,0.06391479820013046,0.0669729933142662,1.7275809049606323
7500,mha_decoupled,moe,42,2,14,0.06840576231479645,0.07173855602741241,1.7275809049606323
7500,mha_decoupled,moe,42,2,15,0.053612060844898224,0.06067710369825363,1.7275809049606323
7500,mha_decoupled,moe,42,3,0,0.05726318433880806,0.07854340225458145,1.4158345460891724
7500,mha_decoupled,moe,42,3,1,0.050694581121206284,0.04966842010617256,1.4158345460891724
7500,mha_decoupled,moe,42,3,2,0.07596924155950546,0.07402876019477844,1.4158345460891724
7500,mha_decoupled,moe,42,3,3,0.1097399890422821,0.10194533318281174,1.4158345460891724
7500,mha_decoupled,moe,42,3,4,0.05887084826827049,0.058185238391160965,1.4158345460891724
7500,mha_decoupled,moe,42,3,5,0.044401854276657104,0.0414213165640831,1.4158345460891724
7500,mha_decoupled,moe,42,3,6,0.08413208276033401,0.07900174707174301,1.4158345460891724
7500,mha_decoupled,moe,42,3,7,0.04867797717452049,0.048999156802892685,1.4158345460891724
7500,mha_decoupled,moe,42,3,8,0.06570190191268921,0.0538724847137928,1.4158345460891724
7500,mha_decoupled,moe,42,3,9,0.058314207941293716,0.06337462365627289,1.4158345460891724
7500,mha_decoupled,moe,42,3,10,0.04314209148287773,0.04692070558667183,1.4158345460891724
7500,mha_decoupled,moe,42,3,11,0.046058349311351776,0.05218701809644699,1.4158345460891724
7500,mha_decoupled,moe,42,3,12,0.06367431581020355,0.058268409222364426,1.4158345460891724
7500,mha_decoupled,moe,42,3,13,0.06556518375873566,0.07488729059696198,1.4158345460891724
7500,mha_decoupled,moe,42,3,14,0.06927856802940369,0.06486119329929352,1.4158345460891724
7500,mha_decoupled,moe,42,3,15,0.05851562321186066,0.053834881633520126,1.4158345460891724
7500,mha_decoupled,moe,42,4,0,0.05290405452251434,0.07697419077157974,1.1876438856124878
7500,mha_decoupled,moe,42,4,1,0.06924194097518921,0.061273470520973206,1.1876438856124878
7500,mha_decoupled,moe,42,4,2,0.05502685531973839,0.06091395765542984,1.1876438856124878
7500,mha_decoupled,moe,42,4,3,0.06217651441693306,0.0681741014122963,1.1876438856124878
7500,mha_decoupled,moe,42,4,4,0.062354736030101776,0.06212807074189186,1.1876438856124878
7500,mha_decoupled,moe,42,4,5,0.05921874940395355,0.05245274677872658,1.1876438856124878
7500,mha_decoupled,moe,42,4,6,0.056553956121206284,0.051623620092868805,1.1876438856124878
7500,mha_decoupled,moe,42,4,7,0.028071289882063866,0.028302662074565887,1.1876438856124878
7500,mha_decoupled,moe,42,4,8,0.05506225675344467,0.06566433608531952,1.1876438856124878
7500,mha_decoupled,moe,42,4,9,0.08354858309030533,0.07617951184511185,1.1876438856124878
7500,mha_decoupled,moe,42,4,10,0.08536010980606079,0.07162641733884811,1.1876438856124878
7500,mha_decoupled,moe,42,4,11,0.04514526203274727,0.0401068814098835,1.1876438856124878
7500,mha_decoupled,moe,42,4,12,0.05826415866613388,0.08246500790119171,1.1876438856124878
7500,mha_decoupled,moe,42,4,13,0.07528076320886612,0.06795258074998856,1.1876438856124878
7500,mha_decoupled,moe,42,4,14,0.0853588879108429,0.06884829699993134,1.1876438856124878
7500,mha_decoupled,moe,42,4,15,0.06643188744783401,0.06531410664319992,1.1876438856124878
7500,mha_decoupled,moe,42,5,0,0.09996704012155533,0.07378523051738739,1.4505324363708496
7500,mha_decoupled,moe,42,5,1,0.081634521484375,0.06845901161432266,1.4505324363708496
7500,mha_decoupled,moe,42,5,2,0.09837402403354645,0.08161353319883347,1.4505324363708496
7500,mha_decoupled,moe,42,5,3,0.016914062201976776,0.029664363712072372,1.4505324363708496
7500,mha_decoupled,moe,42,5,4,0.062835693359375,0.06000661849975586,1.4505324363708496
7500,mha_decoupled,moe,42,5,5,0.026878662407398224,0.03087799623608589,1.4505324363708496
7500,mha_decoupled,moe,42,5,6,0.09754394739866257,0.08949028700590134,1.4505324363708496
7500,mha_decoupled,moe,42,5,7,0.06053100526332855,0.08344688266515732,1.4505324363708496
7500,mha_decoupled,moe,42,5,8,0.049675293266773224,0.061733637005090714,1.4505324363708496
7500,mha_decoupled,moe,42,5,9,0.06154419109225273,0.04758841544389725,1.4505324363708496
7500,mha_decoupled,moe,42,5,10,0.07006225734949112,0.07731161266565323,1.4505324363708496
7500,mha_decoupled,moe,42,5,11,0.05884033069014549,0.058098096400499344,1.4505324363708496
7500,mha_decoupled,moe,42,5,12,0.04278930649161339,0.05042337253689766,1.4505324363708496
7500,mha_decoupled,moe,42,5,13,0.03511718660593033,0.03228851407766342,1.4505324363708496
7500,mha_decoupled,moe,42,5,14,0.052155762910842896,0.0594877190887928,1.4505324363708496
7500,mha_decoupled,moe,42,5,15,0.08513671904802322,0.0957246795296669,1.4505324363708496
8000,mha_decoupled,moe,42,1,0,0.05749145522713661,0.06271383911371231,2.576176166534424
8000,mha_decoupled,moe,42,1,1,0.07052124291658401,0.06565520912408829,2.576176166534424
8000,mha_decoupled,moe,42,1,2,0.04644409194588661,0.061591245234012604,2.576176166534424
8000,mha_decoupled,moe,42,1,3,0.05631347745656967,0.06082157790660858,2.576176166534424
8000,mha_decoupled,moe,42,1,4,0.05845947191119194,0.06356259435415268,2.576176166534424
8000,mha_decoupled,moe,42,1,5,0.07551635801792145,0.06612800806760788,2.576176166534424
8000,mha_decoupled,moe,42,1,6,0.06506592035293579,0.0610966794192791,2.576176166534424
8000,mha_decoupled,moe,42,1,7,0.04736938327550888,0.0620155893266201,2.576176166534424
8000,mha_decoupled,moe,42,1,8,0.08975707739591599,0.06685342639684677,2.576176166534424
8000,mha_decoupled,moe,42,1,9,0.043519288301467896,0.059547752141952515,2.576176166534424
8000,mha_decoupled,moe,42,1,10,0.06673706322908401,0.06252056360244751,2.576176166534424
8000,mha_decoupled,moe,42,1,11,0.06788086146116257,0.0609646812081337,2.576176166534424
8000,mha_decoupled,moe,42,1,12,0.07849487662315369,0.0672794058918953,2.576176166534424
8000,mha_decoupled,moe,42,1,13,0.06519164890050888,0.060771264135837555,2.576176166534424
8000,mha_decoupled,moe,42,1,14,0.046204835176467896,0.05999171733856201,2.576176166534424
8000,mha_decoupled,moe,42,1,15,0.065032958984375,0.05848647281527519,2.576176166534424
8000,mha_decoupled,moe,42,2,0,0.07771484553813934,0.06360864639282227,1.7057098150253296
8000,mha_decoupled,moe,42,2,1,0.04952392727136612,0.07049179822206497,1.7057098150253296
8000,mha_decoupled,moe,42,2,2,0.05575927719473839,0.04313681647181511,1.7057098150253296
8000,mha_decoupled,moe,42,2,3,0.06252685189247131,0.06229683384299278,1.7057098150253296
8000,mha_decoupled,moe,42,2,4,0.06967651098966599,0.05767335370182991,1.7057098150253296
8000,mha_decoupled,moe,42,2,5,0.06794067472219467,0.07379091531038284,1.7057098150253296
8000,mha_decoupled,moe,42,2,6,0.055256348103284836,0.053337518125772476,1.7057098150253296
8000,mha_decoupled,moe,42,2,7,0.061101075261831284,0.06645268946886063,1.7057098150253296
8000,mha_decoupled,moe,42,2,8,0.07601074129343033,0.06773602217435837,1.7057098150253296
8000,mha_decoupled,moe,42,2,9,0.0836499035358429,0.060459867119789124,1.7057098150253296
8000,mha_decoupled,moe,42,2,10,0.04549194499850273,0.06294038891792297,1.7057098150253296
8000,mha_decoupled,moe,42,2,11,0.04632812365889549,0.06500420719385147,1.7057098150253296
8000,mha_decoupled,moe,42,2,12,0.06614623963832855,0.05718659237027168,1.7057098150253296
8000,mha_decoupled,moe,42,2,13,0.060972899198532104,0.06411496549844742,1.7057098150253296
8000,mha_decoupled,moe,42,2,14,0.06885498017072678,0.07003824412822723,1.7057098150253296
8000,mha_decoupled,moe,42,2,15,0.05304565280675888,0.06173118203878403,1.7057098150253296
8000,mha_decoupled,moe,42,3,0,0.05746215954422951,0.07931788265705109,1.3982008695602417
8000,mha_decoupled,moe,42,3,1,0.042607422918081284,0.043828994035720825,1.3982008695602417
8000,mha_decoupled,moe,42,3,2,0.07159911841154099,0.07288901507854462,1.3982008695602417
8000,mha_decoupled,moe,42,3,3,0.10957397520542145,0.1031872108578682,1.3982008695602417
8000,mha_decoupled,moe,42,3,4,0.06020874157547951,0.05702778324484825,1.3982008695602417
8000,mha_decoupled,moe,42,3,5,0.040333252400159836,0.03712581470608711,1.3982008695602417
8000,mha_decoupled,moe,42,3,6,0.0905468761920929,0.08384830504655838,1.3982008695602417
8000,mha_decoupled,moe,42,3,7,0.04548706114292145,0.045895203948020935,1.3982008695602417
8000,mha_decoupled,moe,42,3,8,0.06444702297449112,0.05204036831855774,1.3982008695602417
8000,mha_decoupled,moe,42,3,9,0.056915283203125,0.06269092112779617,1.3982008695602417
8000,mha_decoupled,moe,42,3,10,0.04206298664212227,0.045972391963005066,1.3982008695602417
8000,mha_decoupled,moe,42,3,11,0.04696289077401161,0.052882369607686996,1.3982008695602417
8000,mha_decoupled,moe,42,3,12,0.06629760563373566,0.05932480841875076,1.3982008695602417
8000,mha_decoupled,moe,42,3,13,0.07173340022563934,0.08003071695566177,1.3982008695602417
8000,mha_decoupled,moe,42,3,14,0.07467895746231079,0.06994457542896271,1.3982008695602417
8000,mha_decoupled,moe,42,3,15,0.059083253145217896,0.05399371683597565,1.3982008695602417
8000,mha_decoupled,moe,42,4,0,0.05349975451827049,0.07781490683555603,1.2036387920379639
8000,mha_decoupled,moe,42,4,1,0.06641723960638046,0.058345578610897064,1.2036387920379639
8000,mha_decoupled,moe,42,4,2,0.05260254070162773,0.05693391337990761,1.2036387920379639
8000,mha_decoupled,moe,42,4,3,0.06295288354158401,0.06926283240318298,1.2036387920379639
8000,mha_decoupled,moe,42,4,4,0.058137208223342896,0.058369528502225876,1.2036387920379639
8000,mha_decoupled,moe,42,4,5,0.06047607585787773,0.05244477838277817,1.2036387920379639
8000,mha_decoupled,moe,42,4,6,0.05631835758686066,0.051650308072566986,1.2036387920379639
8000,mha_decoupled,moe,42,4,7,0.024953613057732582,0.026502419263124466,1.2036387920379639
8000,mha_decoupled,moe,42,4,8,0.05305175855755806,0.06400682777166367,1.2036387920379639
8000,mha_decoupled,moe,42,4,9,0.08747924864292145,0.080365389585495,1.2036387920379639
8000,mha_decoupled,moe,42,4,10,0.09138549864292145,0.07793949544429779,1.2036387920379639
8000,mha_decoupled,moe,42,4,11,0.04777831956744194,0.04247472807765007,1.2036387920379639
8000,mha_decoupled,moe,42,4,12,0.056340333074331284,0.0798473209142685,1.2036387920379639
8000,mha_decoupled,moe,42,4,13,0.07315673679113388,0.06629306823015213,1.2036387920379639
8000,mha_decoupled,moe,42,4,14,0.08686035126447678,0.07095065712928772,1.2036387920379639
8000,mha_decoupled,moe,42,4,15,0.06859008967876434,0.06679821759462357,1.2036387920379639
8000,mha_decoupled,moe,42,5,0,0.10212890803813934,0.07524402439594269,1.4560844898223877
8000,mha_decoupled,moe,42,5,1,0.08460693061351776,0.07117881625890732,1.4560844898223877
8000,mha_decoupled,moe,42,5,2,0.09981933236122131,0.08393273502588272,1.4560844898223877
8000,mha_decoupled,moe,42,5,3,0.017130127176642418,0.030751992017030716,1.4560844898223877
8000,mha_decoupled,moe,42,5,4,0.053831785917282104,0.05297069996595383,1.4560844898223877
8000,mha_decoupled,moe,42,5,5,0.027979737147688866,0.03219841420650482,1.4560844898223877
8000,mha_decoupled,moe,42,5,6,0.09898437559604645,0.09014788269996643,1.4560844898223877
8000,mha_decoupled,moe,42,5,7,0.05763549730181694,0.07851526141166687,1.4560844898223877
8000,mha_decoupled,moe,42,5,8,0.04927124083042145,0.06323078274726868,1.4560844898223877
8000,mha_decoupled,moe,42,5,9,0.057951658964157104,0.04278247430920601,1.4560844898223877
8000,mha_decoupled,moe,42,5,10,0.07278075814247131,0.07753355801105499,1.4560844898223877
8000,mha_decoupled,moe,42,5,11,0.05934081971645355,0.05935528129339218,1.4560844898223877
8000,mha_decoupled,moe,42,5,12,0.041132811456918716,0.0511433407664299,1.4560844898223877
8000,mha_decoupled,moe,42,5,13,0.03931884840130806,0.03436610475182533,1.4560844898223877
8000,mha_decoupled,moe,42,5,14,0.05201416090130806,0.059007640928030014,1.4560844898223877
8000,mha_decoupled,moe,42,5,15,0.08607299625873566,0.0976409912109375,1.4560844898223877
8500,mha_decoupled,moe,42,1,0,0.06258788704872131,0.06435832381248474,2.572983503341675
8500,mha_decoupled,moe,42,1,1,0.069976806640625,0.06618760526180267,2.572983503341675
8500,mha_decoupled,moe,42,1,2,0.042683105915784836,0.06258727610111237,2.572983503341675
8500,mha_decoupled,moe,42,1,3,0.06841796636581421,0.06323561817407608,2.572983503341675
8500,mha_decoupled,moe,42,1,4,0.06535278260707855,0.06503929197788239,2.572983503341675
8500,mha_decoupled,moe,42,1,5,0.0675976574420929,0.06359448283910751,2.572983503341675
8500,mha_decoupled,moe,42,1,6,0.059112548828125,0.05875001847743988,2.572983503341675
8500,mha_decoupled,moe,42,1,7,0.07230224460363388,0.06479103863239288,2.572983503341675
8500,mha_decoupled,moe,42,1,8,0.08321288973093033,0.06508027762174606,2.572983503341675
8500,mha_decoupled,moe,42,1,9,0.04814331233501434,0.061389874666929245,2.572983503341675
8500,mha_decoupled,moe,42,1,10,0.070587158203125,0.06313878297805786,2.572983503341675
8500,mha_decoupled,moe,42,1,11,0.052855223417282104,0.05756056308746338,2.572983503341675
8500,mha_decoupled,moe,42,1,12,0.07075805962085724,0.06413325667381287,2.572983503341675
8500,mha_decoupled,moe,42,1,13,0.06447997689247131,0.06149596720933914,2.572983503341675
8500,mha_decoupled,moe,42,1,14,0.05188598483800888,0.06122201308608055,2.572983503341675
8500,mha_decoupled,moe,42,1,15,0.05004638805985451,0.057435568422079086,2.572983503341675
8500,mha_decoupled,moe,42,2,0,0.07935180515050888,0.06523401290178299,1.7088567018508911
8500,mha_decoupled,moe,42,2,1,0.054564207792282104,0.07392905652523041,1.7088567018508911
8500,mha_decoupled,moe,42,2,2,0.053721923381090164,0.04314911738038063,1.7088567018508911
8500,mha_decoupled,moe,42,2,3,0.06685058772563934,0.06302109360694885,1.7088567018508911
8500,mha_decoupled,moe,42,2,4,0.06798339635133743,0.05699443817138672,1.7088567018508911
8500,mha_decoupled,moe,42,2,5,0.06452636420726776,0.06991326808929443,1.7088567018508911
8500,mha_decoupled,moe,42,2,6,0.054902344942092896,0.05375036224722862,1.7088567018508911
8500,mha_decoupled,moe,42,2,7,0.06315063685178757,0.06733893603086472,1.7088567018508911
8500,mha_decoupled,moe,42,2,8,0.07326050102710724,0.06695651262998581,1.7088567018508911
8500,mha_decoupled,moe,42,2,9,0.08878051489591599,0.06294646859169006,1.7088567018508911
8500,mha_decoupled,moe,42,2,10,0.046021729707717896,0.06451146304607391,1.7088567018508911
8500,mha_decoupled,moe,42,2,11,0.047547608613967896,0.06566237658262253,1.7088567018508911
8500,mha_decoupled,moe,42,2,12,0.06052612140774727,0.050990961492061615,1.7088567018508911
8500,mha_decoupled,moe,42,2,13,0.06565063446760178,0.06964688748121262,1.7088567018508911
8500,mha_decoupled,moe,42,2,14,0.06577392667531967,0.06967121362686157,1.7088567018508911
8500,mha_decoupled,moe,42,2,15,0.04738769680261612,0.056283798068761826,1.7088567018508911
8500,mha_decoupled,moe,42,3,0,0.05592895671725273,0.07806919515132904,1.4044255018234253
8500,mha_decoupled,moe,42,3,1,0.04771728441119194,0.04858122766017914,1.4044255018234253
8500,mha_decoupled,moe,42,3,2,0.08005127310752869,0.07698602974414825,1.4044255018234253
8500,mha_decoupled,moe,42,3,3,0.11143799126148224,0.1047142893075943,1.4044255018234253
8500,mha_decoupled,moe,42,3,4,0.06204833835363388,0.058984994888305664,1.4044255018234253
8500,mha_decoupled,moe,42,3,5,0.03757934644818306,0.035500120371580124,1.4044255018234253
8500,mha_decoupled,moe,42,3,6,0.08933349698781967,0.08234262466430664,1.4044255018234253
8500,mha_decoupled,moe,42,3,7,0.04462524503469467,0.04629103094339371,1.4044255018234253
8500,mha_decoupled,moe,42,3,8,0.059849854558706284,0.047816790640354156,1.4044255018234253
8500,mha_decoupled,moe,42,3,9,0.053760986775159836,0.06167469546198845,1.4044255018234253
8500,mha_decoupled,moe,42,3,10,0.03952636569738388,0.044457267969846725,1.4044255018234253
8500,mha_decoupled,moe,42,3,11,0.046751707792282104,0.053414683789014816,1.4044255018234253
8500,mha_decoupled,moe,42,3,12,0.07168823480606079,0.06307833641767502,1.4044255018234253
8500,mha_decoupled,moe,42,3,13,0.06949829310178757,0.07731102406978607,1.4044255018234253
8500,mha_decoupled,moe,42,3,14,0.06959472596645355,0.0657234638929367,1.4044255018234253
8500,mha_decoupled,moe,42,3,15,0.06060791015625,0.05505423992872238,1.4044255018234253
8500,mha_decoupled,moe,42,4,0,0.05334716662764549,0.07761594653129578,1.2222387790679932
8500,mha_decoupled,moe,42,4,1,0.06713379174470901,0.05867272987961769,1.2222387790679932
8500,mha_decoupled,moe,42,4,2,0.05121459811925888,0.05677877739071846,1.2222387790679932
8500,mha_decoupled,moe,42,4,3,0.06050414964556694,0.06706975400447845,1.2222387790679932
8500,mha_decoupled,moe,42,4,4,0.060938719660043716,0.06071636080741882,1.2222387790679932
8500,mha_decoupled,moe,42,4,5,0.060264892876148224,0.052178092300891876,1.2222387790679932
8500,mha_decoupled,moe,42,4,6,0.05647216737270355,0.05197257176041603,1.2222387790679932
8500,mha_decoupled,moe,42,4,7,0.029306640848517418,0.02986724302172661,1.2222387790679932
8500,mha_decoupled,moe,42,4,8,0.05394287034869194,0.06493306159973145,1.2222387790679932
8500,mha_decoupled,moe,42,4,9,0.08779174834489822,0.07933242619037628,1.2222387790679932
8500,mha_decoupled,moe,42,4,10,0.0901782214641571,0.07659265398979187,1.2222387790679932
8500,mha_decoupled,moe,42,4,11,0.04468017444014549,0.04059996455907822,1.2222387790679932
8500,mha_decoupled,moe,42,4,12,0.05599731579422951,0.07965832948684692,1.2222387790679932
8500,mha_decoupled,moe,42,4,13,0.07550903409719467,0.06699430197477341,1.2222387790679932
8500,mha_decoupled,moe,42,4,14,0.0880139172077179,0.07389900833368301,1.2222387790679932
8500,mha_decoupled,moe,42,4,15,0.06470458954572678,0.06311877816915512,1.2222387790679932
8500,mha_decoupled,moe,42,5,0,0.10307738929986954,0.0760943591594696,1.4581413269042969
8500,mha_decoupled,moe,42,5,1,0.09134643524885178,0.07680527865886688,1.4581413269042969
8500,mha_decoupled,moe,42,5,2,0.09544067084789276,0.07877818495035172,1.4581413269042969
8500,mha_decoupled,moe,42,5,3,0.01691528409719467,0.029971299692988396,1.4581413269042969
8500,mha_decoupled,moe,42,5,4,0.05376953259110451,0.05337955057621002,1.4581413269042969
8500,mha_decoupled,moe,42,5,5,0.027021484449505806,0.03106904774904251,1.4581413269042969
8500,mha_decoupled,moe,42,5,6,0.09873168915510178,0.0892108753323555,1.4581413269042969
8500,mha_decoupled,moe,42,5,7,0.058708496391773224,0.0805056020617485,1.4581413269042969
8500,mha_decoupled,moe,42,5,8,0.04986938461661339,0.06128602474927902,1.4581413269042969
8500,mha_decoupled,moe,42,5,9,0.06001465022563934,0.044992100447416306,1.4581413269042969
8500,mha_decoupled,moe,42,5,10,0.07101928442716599,0.07744961977005005,1.4581413269042969
8500,mha_decoupled,moe,42,5,11,0.059337157756090164,0.059951476752758026,1.4581413269042969
8500,mha_decoupled,moe,42,5,12,0.041785888373851776,0.050577059388160706,1.4581413269042969
8500,mha_decoupled,moe,42,5,13,0.03492431715130806,0.03227865323424339,1.4581413269042969
8500,mha_decoupled,moe,42,5,14,0.050750732421875,0.05863286927342415,1.4581413269042969
8500,mha_decoupled,moe,42,5,15,0.08728759735822678,0.09901800006628036,1.4581413269042969
9000,mha_decoupled,moe,42,1,0,0.05849365144968033,0.062660813331604,2.5595178604125977
9000,mha_decoupled,moe,42,1,1,0.06895385682582855,0.06441639363765717,2.5595178604125977
9000,mha_decoupled,moe,42,1,2,0.050810545682907104,0.06114625558257103,2.5595178604125977
9000,mha_decoupled,moe,42,1,3,0.043876953423023224,0.05772016569972038,2.5595178604125977
9000,mha_decoupled,moe,42,1,4,0.05214843899011612,0.0626802146434784,2.5595178604125977
9000,mha_decoupled,moe,42,1,5,0.07142700254917145,0.0661354809999466,2.5595178604125977
9000,mha_decoupled,moe,42,1,6,0.06155151501297951,0.06109314411878586,2.5595178604125977
9000,mha_decoupled,moe,42,1,7,0.05971679836511612,0.06289966404438019,2.5595178604125977
9000,mha_decoupled,moe,42,1,8,0.09693847596645355,0.07065708935260773,2.5595178604125977
9000,mha_decoupled,moe,42,1,9,0.05311401188373566,0.06054117530584335,2.5595178604125977
9000,mha_decoupled,moe,42,1,10,0.06464965641498566,0.06246976554393768,2.5595178604125977
9000,mha_decoupled,moe,42,1,11,0.057069092988967896,0.057974427938461304,2.5595178604125977
9000,mha_decoupled,moe,42,1,12,0.08035766333341599,0.06803138554096222,2.5595178604125977
9000,mha_decoupled,moe,42,1,13,0.06135620176792145,0.060884200036525726,2.5595178604125977
9000,mha_decoupled,moe,42,1,14,0.054920654743909836,0.061070509254932404,2.5595178604125977
9000,mha_decoupled,moe,42,1,15,0.06461548060178757,0.05961932614445686,2.5595178604125977
9000,mha_decoupled,moe,42,2,0,0.07445801049470901,0.06187715381383896,1.6890453100204468
9000,mha_decoupled,moe,42,2,1,0.051176756620407104,0.0714573785662651,1.6890453100204468
9000,mha_decoupled,moe,42,2,2,0.054450683295726776,0.041994884610176086,1.6890453100204468
9000,mha_decoupled,moe,42,2,3,0.06677490472793579,0.0628199577331543,1.6890453100204468
9000,mha_decoupled,moe,42,2,4,0.0696398913860321,0.05959947407245636,1.6890453100204468
9000,mha_decoupled,moe,42,2,5,0.06726318597793579,0.07158424705266953,1.6890453100204468
9000,mha_decoupled,moe,42,2,6,0.058415528386831284,0.056367602199316025,1.6890453100204468
9000,mha_decoupled,moe,42,2,7,0.06069091707468033,0.06626107543706894,1.6890453100204468
9000,mha_decoupled,moe,42,2,8,0.07437866181135178,0.06625204533338547,1.6890453100204468
9000,mha_decoupled,moe,42,2,9,0.08802978694438934,0.06371073424816132,1.6890453100204468
9000,mha_decoupled,moe,42,2,10,0.046947021037340164,0.06379282474517822,1.6890453100204468
9000,mha_decoupled,moe,42,2,11,0.04562133923172951,0.06411280483007431,1.6890453100204468
9000,mha_decoupled,moe,42,2,12,0.060596924275159836,0.05238766223192215,1.6890453100204468
9000,mha_decoupled,moe,42,2,13,0.06260620057582855,0.06628122180700302,1.6890453100204468
9000,mha_decoupled,moe,42,2,14,0.06938110291957855,0.07382604479789734,1.6890453100204468
9000,mha_decoupled,moe,42,2,15,0.04956909269094467,0.05767490342259407,1.6890453100204468
9000,mha_decoupled,moe,42,3,0,0.054851073771715164,0.07747037708759308,1.39864182472229
9000,mha_decoupled,moe,42,3,1,0.050810545682907104,0.05032452195882797,1.39864182472229
9000,mha_decoupled,moe,42,3,2,0.07171264290809631,0.07158485800027847,1.39864182472229
9000,mha_decoupled,moe,42,3,3,0.10991454869508743,0.102804034948349,1.39864182472229
9000,mha_decoupled,moe,42,3,4,0.06251342594623566,0.05910096690058708,1.39864182472229
9000,mha_decoupled,moe,42,3,5,0.04151977598667145,0.03765133023262024,1.39864182472229
9000,mha_decoupled,moe,42,3,6,0.09163574129343033,0.08508899807929993,1.39864182472229
9000,mha_decoupled,moe,42,3,7,0.044945068657398224,0.0461992546916008,1.39864182472229
9000,mha_decoupled,moe,42,3,8,0.062324218451976776,0.05023159086704254,1.39864182472229
9000,mha_decoupled,moe,42,3,9,0.055683594197034836,0.06256964802742004,1.39864182472229
9000,mha_decoupled,moe,42,3,10,0.03999267518520355,0.04423186182975769,1.39864182472229
9000,mha_decoupled,moe,42,3,11,0.047484129667282104,0.05377551168203354,1.39864182472229
9000,mha_decoupled,moe,42,3,12,0.06413574516773224,0.05814143270254135,1.39864182472229
9000,mha_decoupled,moe,42,3,13,0.06873168796300888,0.07604704052209854,1.39864182472229
9000,mha_decoupled,moe,42,3,14,0.07660156488418579,0.07175509631633759,1.39864182472229
9000,mha_decoupled,moe,42,3,15,0.05714355409145355,0.053023502230644226,1.39864182472229
9000,mha_decoupled,moe,42,4,0,0.05158691480755806,0.07425470650196075,1.2155898809432983
9000,mha_decoupled,moe,42,4,1,0.06847412139177322,0.059360235929489136,1.2155898809432983
9000,mha_decoupled,moe,42,4,2,0.05503295734524727,0.061365075409412384,1.2155898809432983
9000,mha_decoupled,moe,42,4,3,0.06087402254343033,0.06723615527153015,1.2155898809432983
9000,mha_decoupled,moe,42,4,4,0.06017700210213661,0.05918412283062935,1.2155898809432983
9000,mha_decoupled,moe,42,4,5,0.05978637561202049,0.049629468470811844,1.2155898809432983
9000,mha_decoupled,moe,42,4,6,0.05472045764327049,0.050782717764377594,1.2155898809432983
9000,mha_decoupled,moe,42,4,7,0.028203124180436134,0.02905980311334133,1.2155898809432983
9000,mha_decoupled,moe,42,4,8,0.052391357719898224,0.06394936889410019,1.2155898809432983
9000,mha_decoupled,moe,42,4,9,0.08665527403354645,0.07793109118938446,1.2155898809432983
9000,mha_decoupled,moe,42,4,10,0.0899035632610321,0.0760030448436737,1.2155898809432983
9000,mha_decoupled,moe,42,4,11,0.04565795883536339,0.04129739850759506,1.2155898809432983
9000,mha_decoupled,moe,42,4,12,0.056422118097543716,0.08177225291728973,1.2155898809432983
9000,mha_decoupled,moe,42,4,13,0.07417724281549454,0.06727258861064911,1.2155898809432983
9000,mha_decoupled,moe,42,4,14,0.08905273675918579,0.07540473341941833,1.2155898809432983
9000,mha_decoupled,moe,42,4,15,0.06688476353883743,0.06549722701311111,1.2155898809432983
9000,mha_decoupled,moe,42,5,0,0.09769775718450546,0.07162817567586899,1.4643731117248535
9000,mha_decoupled,moe,42,5,1,0.08104614168405533,0.06943394988775253,1.4643731117248535
9000,mha_decoupled,moe,42,5,2,0.09975586086511612,0.08365705609321594,1.4643731117248535
9000,mha_decoupled,moe,42,5,3,0.016968993470072746,0.031513914465904236,1.4643731117248535
9000,mha_decoupled,moe,42,5,4,0.05588134750723839,0.05503970757126808,1.4643731117248535
9000,mha_decoupled,moe,42,5,5,0.027712402865290642,0.031988974660634995,1.4643731117248535
9000,mha_decoupled,moe,42,5,6,0.09862548857927322,0.08812998980283737,1.4643731117248535
9000,mha_decoupled,moe,42,5,7,0.06038086116313934,0.08313947916030884,1.4643731117248535
9000,mha_decoupled,moe,42,5,8,0.051494140177965164,0.06378275156021118,1.4643731117248535
9000,mha_decoupled,moe,42,5,9,0.058696288615465164,0.044673968106508255,1.4643731117248535
9000,mha_decoupled,moe,42,5,10,0.06812622398138046,0.0743551030755043,1.4643731117248535
9000,mha_decoupled,moe,42,5,11,0.05892578139901161,0.058061450719833374,1.4643731117248535
9000,mha_decoupled,moe,42,5,12,0.041881103068590164,0.0504053495824337,1.4643731117248535
9000,mha_decoupled,moe,42,5,13,0.04532714933156967,0.03697705641388893,1.4643731117248535
9000,mha_decoupled,moe,42,5,14,0.051228027790784836,0.05872465670108795,1.4643731117248535
9000,mha_decoupled,moe,42,5,15,0.08625244349241257,0.09848844259977341,1.4643731117248535
9500,mha_decoupled,moe,42,1,0,0.05972900241613388,0.06368693709373474,2.5496387481689453
9500,mha_decoupled,moe,42,1,1,0.0649707019329071,0.06535406410694122,2.5496387481689453
9500,mha_decoupled,moe,42,1,2,0.04398193210363388,0.059791840612888336,2.5496387481689453
9500,mha_decoupled,moe,42,1,3,0.05500610172748566,0.05895445868372917,2.5496387481689453
9500,mha_decoupled,moe,42,1,4,0.05698852613568306,0.06435523927211761,2.5496387481689453
9500,mha_decoupled,moe,42,1,5,0.07192260771989822,0.06593894958496094,2.5496387481689453
9500,mha_decoupled,moe,42,1,6,0.06369750946760178,0.0616370290517807,2.5496387481689453
9500,mha_decoupled,moe,42,1,7,0.06506835669279099,0.06267737597227097,2.5496387481689453
9500,mha_decoupled,moe,42,1,8,0.08899658173322678,0.06920778751373291,2.5496387481689453
9500,mha_decoupled,moe,42,1,9,0.05389038100838661,0.06089837849140167,2.5496387481689453
9500,mha_decoupled,moe,42,1,10,0.06594116240739822,0.06204993650317192,2.5496387481689453
9500,mha_decoupled,moe,42,1,11,0.0670166015625,0.06047683209180832,2.5496387481689453
9500,mha_decoupled,moe,42,1,12,0.07688476890325546,0.0663180947303772,2.5496387481689453
9500,mha_decoupled,moe,42,1,13,0.06589721888303757,0.062158502638339996,2.5496387481689453
9500,mha_decoupled,moe,42,1,14,0.048914793878793716,0.05964752286672592,2.5496387481689453
9500,mha_decoupled,moe,42,1,15,0.051093749701976776,0.05684703215956688,2.5496387481689453
9500,mha_decoupled,moe,42,2,0,0.07604125887155533,0.06265503168106079,1.6807812452316284
9500,mha_decoupled,moe,42,2,1,0.053614500910043716,0.07077613472938538,1.6807812452316284
9500,mha_decoupled,moe,42,2,2,0.05320434644818306,0.04215969145298004,1.6807812452316284
9500,mha_decoupled,moe,42,2,3,0.06803467124700546,0.0648469626903534,1.6807812452316284
9500,mha_decoupled,moe,42,2,4,0.07118774205446243,0.06012945994734764,1.6807812452316284
9500,mha_decoupled,moe,42,2,5,0.07361572235822678,0.07514000684022903,1.6807812452316284
9500,mha_decoupled,moe,42,2,6,0.05323852598667145,0.05305759981274605,1.6807812452316284
9500,mha_decoupled,moe,42,2,7,0.05787719786167145,0.06257686018943787,1.6807812452316284
9500,mha_decoupled,moe,42,2,8,0.07493042200803757,0.06805828958749771,1.6807812452316284
9500,mha_decoupled,moe,42,2,9,0.08378295600414276,0.0609893836081028,1.6807812452316284
9500,mha_decoupled,moe,42,2,10,0.045988768339157104,0.06310262531042099,1.6807812452316284
9500,mha_decoupled,moe,42,2,11,0.04426513612270355,0.06404335796833038,1.6807812452316284
9500,mha_decoupled,moe,42,2,12,0.06686156988143921,0.058460697531700134,1.6807812452316284
9500,mha_decoupled,moe,42,2,13,0.06361572444438934,0.06669539213180542,1.6807812452316284
9500,mha_decoupled,moe,42,2,14,0.0639660656452179,0.06858386844396591,1.6807812452316284
9500,mha_decoupled,moe,42,2,15,0.049775391817092896,0.05872466042637825,1.6807812452316284
9500,mha_decoupled,moe,42,3,0,0.05511718615889549,0.07713228464126587,1.3975929021835327
9500,mha_decoupled,moe,42,3,1,0.04913696274161339,0.0490189790725708,1.3975929021835327
9500,mha_decoupled,moe,42,3,2,0.07166381925344467,0.07091309875249863,1.3975929021835327
9500,mha_decoupled,moe,42,3,3,0.11101562529802322,0.10479089617729187,1.3975929021835327
9500,mha_decoupled,moe,42,3,4,0.06290771812200546,0.060615647584199905,1.3975929021835327
9500,mha_decoupled,moe,42,3,5,0.03937377780675888,0.03636818006634712,1.3975929021835327
9500,mha_decoupled,moe,42,3,6,0.08799194544553757,0.08039591461420059,1.3975929021835327
9500,mha_decoupled,moe,42,3,7,0.04874267429113388,0.04945965111255646,1.3975929021835327
9500,mha_decoupled,moe,42,3,8,0.062196046113967896,0.05036347359418869,1.3975929021835327
9500,mha_decoupled,moe,42,3,9,0.05507080256938934,0.06207072362303734,1.3975929021835327
9500,mha_decoupled,moe,42,3,10,0.04313720762729645,0.047230903059244156,1.3975929021835327
9500,mha_decoupled,moe,42,3,11,0.046198729425668716,0.05220567807555199,1.3975929021835327
9500,mha_decoupled,moe,42,3,12,0.06529419124126434,0.05941527336835861,1.3975929021835327
9500,mha_decoupled,moe,42,3,13,0.070648193359375,0.0789048820734024,1.3975929021835327
9500,mha_decoupled,moe,42,3,14,0.07178833335638046,0.06600531935691833,1.3975929021835327
9500,mha_decoupled,moe,42,3,15,0.05971679836511612,0.055109091103076935,1.3975929021835327
9500,mha_decoupled,moe,42,4,0,0.051842041313648224,0.07623238861560822,1.203453540802002
9500,mha_decoupled,moe,42,4,1,0.06850463896989822,0.05945441871881485,1.203453540802002
9500,mha_decoupled,moe,42,4,2,0.052653808146715164,0.05966772884130478,1.203453540802002
9500,mha_decoupled,moe,42,4,3,0.06217895448207855,0.07015078514814377,1.203453540802002
9500,mha_decoupled,moe,42,4,4,0.06040771305561066,0.05898828059434891,1.203453540802002
9500,mha_decoupled,moe,42,4,5,0.05964843928813934,0.051660675555467606,1.203453540802002
9500,mha_decoupled,moe,42,4,6,0.05688232555985451,0.05237044394016266,1.203453540802002
9500,mha_decoupled,moe,42,4,7,0.028471680358052254,0.02920563891530037,1.203453540802002
9500,mha_decoupled,moe,42,4,8,0.05265624821186066,0.06394132971763611,1.203453540802002
9500,mha_decoupled,moe,42,4,9,0.08442138880491257,0.07474174350500107,1.203453540802002
9500,mha_decoupled,moe,42,4,10,0.08988525718450546,0.07628138363361359,1.203453540802002
9500,mha_decoupled,moe,42,4,11,0.04461913928389549,0.040382128208875656,1.203453540802002
9500,mha_decoupled,moe,42,4,12,0.056309815496206284,0.08053942024707794,1.203453540802002
9500,mha_decoupled,moe,42,4,13,0.07584594935178757,0.06873530894517899,1.203453540802002
9500,mha_decoupled,moe,42,4,14,0.08828125149011612,0.07171422243118286,1.203453540802002
9500,mha_decoupled,moe,42,4,15,0.06739135831594467,0.06593409180641174,1.203453540802002
9500,mha_decoupled,moe,42,5,0,0.10151123255491257,0.07461186498403549,1.4480688571929932
9500,mha_decoupled,moe,42,5,1,0.08772826939821243,0.07356436550617218,1.4480688571929932
9500,mha_decoupled,moe,42,5,2,0.09822509437799454,0.08252830803394318,1.4480688571929932
9500,mha_decoupled,moe,42,5,3,0.016126709058880806,0.029713042080402374,1.4480688571929932
9500,mha_decoupled,moe,42,5,4,0.05391113460063934,0.052928224205970764,1.4480688571929932
9500,mha_decoupled,moe,42,5,5,0.025340575724840164,0.030205899849534035,1.4480688571929932
9500,mha_decoupled,moe,42,5,6,0.09840576350688934,0.0895029604434967,1.4480688571929932
9500,mha_decoupled,moe,42,5,7,0.059760741889476776,0.08183750510215759,1.4480688571929932
9500,mha_decoupled,moe,42,5,8,0.049860838800668716,0.06165141612291336,1.4480688571929932
9500,mha_decoupled,moe,42,5,9,0.06051025539636612,0.045437172055244446,1.4480688571929932
9500,mha_decoupled,moe,42,5,10,0.06791625916957855,0.07440163940191269,1.4480688571929932
9500,mha_decoupled,moe,42,5,11,0.05793823301792145,0.05912747234106064,1.4480688571929932
9500,mha_decoupled,moe,42,5,12,0.04198852553963661,0.051250871270895004,1.4480688571929932
9500,mha_decoupled,moe,42,5,13,0.04137207195162773,0.034748684614896774,1.4480688571929932
9500,mha_decoupled,moe,42,5,14,0.05132446438074112,0.05844338238239288,1.4480688571929932
9500,mha_decoupled,moe,42,5,15,0.08807983249425888,0.10004720836877823,1.4480688571929932
10000,mha_decoupled,moe,42,1,0,0.06052245944738388,0.06428144872188568,2.5444610118865967
10000,mha_decoupled,moe,42,1,1,0.07273803651332855,0.06689172983169556,2.5444610118865967
10000,mha_decoupled,moe,42,1,2,0.03570312634110451,0.058500099927186966,2.5444610118865967
10000,mha_decoupled,moe,42,1,3,0.07021850347518921,0.05962703749537468,2.5444610118865967
10000,mha_decoupled,moe,42,1,4,0.05679687485098839,0.06263402104377747,2.5444610118865967
10000,mha_decoupled,moe,42,1,5,0.06897949427366257,0.066102534532547,2.5444610118865967
10000,mha_decoupled,moe,42,1,6,0.06377441436052322,0.0620243102312088,2.5444610118865967
10000,mha_decoupled,moe,42,1,7,0.04044799879193306,0.060395073145627975,2.5444610118865967
10000,mha_decoupled,moe,42,1,8,0.08601318299770355,0.06687856465578079,2.5444610118865967
10000,mha_decoupled,moe,42,1,9,0.059776611626148224,0.06062398850917816,2.5444610118865967
10000,mha_decoupled,moe,42,1,10,0.06863647699356079,0.06444863975048065,2.5444610118865967
10000,mha_decoupled,moe,42,1,11,0.06400878727436066,0.058995842933654785,2.5444610118865967
10000,mha_decoupled,moe,42,1,12,0.08057250827550888,0.06946728378534317,2.5444610118865967
10000,mha_decoupled,moe,42,1,13,0.06053466722369194,0.061269987374544144,2.5444610118865967
10000,mha_decoupled,moe,42,1,14,0.05797119066119194,0.06047661602497101,2.5444610118865967
10000,mha_decoupled,moe,42,1,15,0.05330566316843033,0.05738275498151779,2.5444610118865967
10000,mha_decoupled,moe,42,2,0,0.07883178442716599,0.06518583744764328,1.69407320022583
10000,mha_decoupled,moe,42,2,1,0.053864747285842896,0.07014356553554535,1.69407320022583
10000,mha_decoupled,moe,42,2,2,0.05696411058306694,0.043537650257349014,1.69407320022583
10000,mha_decoupled,moe,42,2,3,0.06061767414212227,0.06176481395959854,1.69407320022583
10000,mha_decoupled,moe,42,2,4,0.06862182915210724,0.057666145265102386,1.69407320022583
10000,mha_decoupled,moe,42,2,5,0.07072021812200546,0.0728527307510376,1.69407320022583
10000,mha_decoupled,moe,42,2,6,0.054377440363168716,0.0536109060049057,1.69407320022583
10000,mha_decoupled,moe,42,2,7,0.05894653499126434,0.06383980810642242,1.69407320022583
10000,mha_decoupled,moe,42,2,8,0.07386474311351776,0.06686684489250183,1.69407320022583
10000,mha_decoupled,moe,42,2,9,0.08504394441843033,0.05968988314270973,1.69407320022583
10000,mha_decoupled,moe,42,2,10,0.04772339016199112,0.06478654593229294,1.69407320022583
10000,mha_decoupled,moe,42,2,11,0.045710448175668716,0.06610526889562607,1.69407320022583
10000,mha_decoupled,moe,42,2,12,0.06421386450529099,0.056313689798116684,1.69407320022583
10000,mha_decoupled,moe,42,2,13,0.06341186165809631,0.06647216528654099,1.69407320022583
10000,mha_decoupled,moe,42,2,14,0.06437133997678757,0.0697641372680664,1.69407320022583
10000,mha_decoupled,moe,42,2,15,0.05271606519818306,0.06139998510479927,1.69407320022583
10000,mha_decoupled,moe,42,3,0,0.057105712592601776,0.07879263162612915,1.4080076217651367
10000,mha_decoupled,moe,42,3,1,0.04602660983800888,0.04736117273569107,1.4080076217651367
10000,mha_decoupled,moe,42,3,2,0.0727221667766571,0.07430257648229599,1.4080076217651367
10000,mha_decoupled,moe,42,3,3,0.11199463158845901,0.10548251122236252,1.4080076217651367
10000,mha_decoupled,moe,42,3,4,0.060889892280101776,0.05790143832564354,1.4080076217651367
10000,mha_decoupled,moe,42,3,5,0.04228881746530533,0.03822975233197212,1.4080076217651367
10000,mha_decoupled,moe,42,3,6,0.08733398467302322,0.0813932716846466,1.4080076217651367
10000,mha_decoupled,moe,42,3,7,0.048066407442092896,0.04947772994637489,1.4080076217651367
10000,mha_decoupled,moe,42,3,8,0.06117798015475273,0.04955294728279114,1.4080076217651367
10000,mha_decoupled,moe,42,3,9,0.05388183519244194,0.060556087642908096,1.4080076217651367
10000,mha_decoupled,moe,42,3,10,0.04498535022139549,0.048443932086229324,1.4080076217651367
10000,mha_decoupled,moe,42,3,11,0.04628295823931694,0.05256218835711479,1.4080076217651367
10000,mha_decoupled,moe,42,3,12,0.0673828125,0.06042737141251564,1.4080076217651367
10000,mha_decoupled,moe,42,3,13,0.066192626953125,0.07352950423955917,1.4080076217651367
10000,mha_decoupled,moe,42,3,14,0.07429931312799454,0.0684269592165947,1.4080076217651367
10000,mha_decoupled,moe,42,3,15,0.05936889722943306,0.05355991795659065,1.4080076217651367
10000,mha_decoupled,moe,42,4,0,0.052943114191293716,0.07714354991912842,1.2183501720428467
10000,mha_decoupled,moe,42,4,1,0.06995361298322678,0.061382684856653214,1.2183501720428467
10000,mha_decoupled,moe,42,4,2,0.05591674894094467,0.06177420914173126,1.2183501720428467
10000,mha_decoupled,moe,42,4,3,0.06062988191843033,0.06821362674236298,1.2183501720428467
10000,mha_decoupled,moe,42,4,4,0.06191650405526161,0.06081675365567207,1.2183501720428467
10000,mha_decoupled,moe,42,4,5,0.058356933295726776,0.0507686585187912,1.2183501720428467
10000,mha_decoupled,moe,42,4,6,0.056000977754592896,0.05130033940076828,1.2183501720428467
10000,mha_decoupled,moe,42,4,7,0.02771606482565403,0.028738297522068024,1.2183501720428467
10000,mha_decoupled,moe,42,4,8,0.054981689900159836,0.0669427141547203,1.2183501720428467
10000,mha_decoupled,moe,42,4,9,0.08385131508111954,0.07620775699615479,1.2183501720428467
10000,mha_decoupled,moe,42,4,10,0.08860473334789276,0.07421829551458359,1.2183501720428467
10000,mha_decoupled,moe,42,4,11,0.04515014588832855,0.040848273783922195,1.2183501720428467
10000,mha_decoupled,moe,42,4,12,0.05564330890774727,0.07977445423603058,1.2183501720428467
10000,mha_decoupled,moe,42,4,13,0.07239379733800888,0.06476819515228271,1.2183501720428467
10000,mha_decoupled,moe,42,4,14,0.08971679955720901,0.07230372726917267,1.2183501720428467
10000,mha_decoupled,moe,42,4,15,0.0662243664264679,0.06479848921298981,1.2183501720428467
10000,mha_decoupled,moe,42,5,0,0.1024169921875,0.07665465772151947,1.448777675628662
10000,mha_decoupled,moe,42,5,1,0.08527953922748566,0.07272562384605408,1.448777675628662
10000,mha_decoupled,moe,42,5,2,0.0995190441608429,0.0829431414604187,1.448777675628662
10000,mha_decoupled,moe,42,5,3,0.016544189304113388,0.02964089624583721,1.448777675628662
10000,mha_decoupled,moe,42,5,4,0.05402587726712227,0.05316152423620224,1.448777675628662
10000,mha_decoupled,moe,42,5,5,0.02730712853372097,0.03228077292442322,1.448777675628662
10000,mha_decoupled,moe,42,5,6,0.09638305753469467,0.08672622591257095,1.448777675628662
10000,mha_decoupled,moe,42,5,7,0.0587158203125,0.08097521960735321,1.448777675628662
10000,mha_decoupled,moe,42,5,8,0.047596435993909836,0.059093646705150604,1.448777675628662
10000,mha_decoupled,moe,42,5,9,0.06073364242911339,0.045436788350343704,1.448777675628662
10000,mha_decoupled,moe,42,5,10,0.06833373755216599,0.07652360945940018,1.448777675628662
10000,mha_decoupled,moe,42,5,11,0.058344725519418716,0.059234485030174255,1.448777675628662
10000,mha_decoupled,moe,42,5,12,0.04256835952401161,0.051212288439273834,1.448777675628662
10000,mha_decoupled,moe,42,5,13,0.04352172836661339,0.03533178195357323,1.448777675628662
10000,mha_decoupled,moe,42,5,14,0.050666503608226776,0.05876874923706055,1.448777675628662
10000,mha_decoupled,moe,42,5,15,0.088043212890625,0.09929057955741882,1.448777675628662
10500,mha_decoupled,moe,42,1,0,0.06286254525184631,0.06507598608732224,2.536026954650879
10500,mha_decoupled,moe,42,1,1,0.07249756157398224,0.06779243797063828,2.536026954650879
10500,mha_decoupled,moe,42,1,2,0.052092283964157104,0.05890471488237381,2.536026954650879
10500,mha_decoupled,moe,42,1,3,0.05325073376297951,0.05754811689257622,2.536026954650879
10500,mha_decoupled,moe,42,1,4,0.04901367053389549,0.06206075847148895,2.536026954650879
10500,mha_decoupled,moe,42,1,5,0.07297485321760178,0.06768996268510818,2.536026954650879
10500,mha_decoupled,moe,42,1,6,0.0645129382610321,0.06332485377788544,2.536026954650879
10500,mha_decoupled,moe,42,1,7,0.04334472492337227,0.06037212535738945,2.536026954650879
10500,mha_decoupled,moe,42,1,8,0.0840747058391571,0.0670795664191246,2.536026954650879
10500,mha_decoupled,moe,42,1,9,0.0700695812702179,0.06197299063205719,2.536026954650879
10500,mha_decoupled,moe,42,1,10,0.06344237923622131,0.0615449994802475,2.536026954650879
10500,mha_decoupled,moe,42,1,11,0.061918944120407104,0.05835359916090965,2.536026954650879
10500,mha_decoupled,moe,42,1,12,0.07267577946186066,0.0662250965833664,2.536026954650879
10500,mha_decoupled,moe,42,1,13,0.06309325993061066,0.06178116425871849,2.536026954650879
10500,mha_decoupled,moe,42,1,14,0.055339355021715164,0.060582805424928665,2.536026954650879
10500,mha_decoupled,moe,42,1,15,0.058836668729782104,0.05969085544347763,2.536026954650879
10500,mha_decoupled,moe,42,2,0,0.08180420100688934,0.06702866405248642,1.6834100484848022
10500,mha_decoupled,moe,42,2,1,0.05431518703699112,0.07188325375318527,1.6834100484848022
10500,mha_decoupled,moe,42,2,2,0.057353515177965164,0.04271433874964714,1.6834100484848022
10500,mha_decoupled,moe,42,2,3,0.06657592952251434,0.06494241952896118,1.6834100484848022
10500,mha_decoupled,moe,42,2,4,0.06623169034719467,0.056499630212783813,1.6834100484848022
10500,mha_decoupled,moe,42,2,5,0.06934814155101776,0.07116024941205978,1.6834100484848022
10500,mha_decoupled,moe,42,2,6,0.05463256686925888,0.05387737229466438,1.6834100484848022
10500,mha_decoupled,moe,42,2,7,0.0596923828125,0.0648326650261879,1.6834100484848022
10500,mha_decoupled,moe,42,2,8,0.07685180753469467,0.06888711452484131,1.6834100484848022
10500,mha_decoupled,moe,42,2,9,0.08502563834190369,0.061923738569021225,1.6834100484848022
10500,mha_decoupled,moe,42,2,10,0.044398192316293716,0.06289245933294296,1.6834100484848022
10500,mha_decoupled,moe,42,2,11,0.045661620795726776,0.06544499844312668,1.6834100484848022
10500,mha_decoupled,moe,42,2,12,0.06379394233226776,0.05502965301275253,1.6834100484848022
10500,mha_decoupled,moe,42,2,13,0.05946655198931694,0.06427907198667526,1.6834100484848022
10500,mha_decoupled,moe,42,2,14,0.0659191906452179,0.07057830691337585,1.6834100484848022
10500,mha_decoupled,moe,42,2,15,0.04892944172024727,0.058026023209095,1.6834100484848022
10500,mha_decoupled,moe,42,3,0,0.056049805134534836,0.07682698965072632,1.4019982814788818
10500,mha_decoupled,moe,42,3,1,0.04774780198931694,0.049113932996988297,1.4019982814788818
10500,mha_decoupled,moe,42,3,2,0.07129394263029099,0.07186669111251831,1.4019982814788818
10500,mha_decoupled,moe,42,3,3,0.11202514916658401,0.10465550422668457,1.4019982814788818
10500,mha_decoupled,moe,42,3,4,0.06283202767372131,0.0596952810883522,1.4019982814788818
10500,mha_decoupled,moe,42,3,5,0.04023559391498566,0.036771439015865326,1.4019982814788818
10500,mha_decoupled,moe,42,3,6,0.0884387195110321,0.08133377879858017,1.4019982814788818
10500,mha_decoupled,moe,42,3,7,0.04399780184030533,0.04603540897369385,1.4019982814788818
10500,mha_decoupled,moe,42,3,8,0.06245483458042145,0.05111284554004669,1.4019982814788818
10500,mha_decoupled,moe,42,3,9,0.05211792141199112,0.059412065893411636,1.4019982814788818
10500,mha_decoupled,moe,42,3,10,0.04255859553813934,0.04674406349658966,1.4019982814788818
10500,mha_decoupled,moe,42,3,11,0.046638183295726776,0.05328775942325592,1.4019982814788818
10500,mha_decoupled,moe,42,3,12,0.06870727241039276,0.06108236685395241,1.4019982814788818
10500,mha_decoupled,moe,42,3,13,0.06843627989292145,0.0766766369342804,1.4019982814788818
10500,mha_decoupled,moe,42,3,14,0.07370727509260178,0.06858181953430176,1.4019982814788818
10500,mha_decoupled,moe,42,3,15,0.06275878846645355,0.056803394109010696,1.4019982814788818
10500,mha_decoupled,moe,42,4,0,0.05239257961511612,0.07644430547952652,1.241827368736267
10500,mha_decoupled,moe,42,4,1,0.07008178532123566,0.06098103150725365,1.241827368736267
10500,mha_decoupled,moe,42,4,2,0.05509277433156967,0.06127284839749336,1.241827368736267
10500,mha_decoupled,moe,42,4,3,0.06117919832468033,0.06968165934085846,1.241827368736267
10500,mha_decoupled,moe,42,4,4,0.061707764863967896,0.061058517545461655,1.241827368736267
10500,mha_decoupled,moe,42,4,5,0.057872314006090164,0.05093493312597275,1.241827368736267
10500,mha_decoupled,moe,42,4,6,0.056218262761831284,0.05193633586168289,1.241827368736267
10500,mha_decoupled,moe,42,4,7,0.0286865234375,0.03003416769206524,1.241827368736267
10500,mha_decoupled,moe,42,4,8,0.05060669034719467,0.06147699058055878,1.241827368736267
10500,mha_decoupled,moe,42,4,9,0.0874926745891571,0.0779799297451973,1.241827368736267
10500,mha_decoupled,moe,42,4,10,0.08796142786741257,0.07416417449712753,1.241827368736267
10500,mha_decoupled,moe,42,4,11,0.04701171815395355,0.04289725795388222,1.241827368736267
10500,mha_decoupled,moe,42,4,12,0.05380615219473839,0.07549463957548141,1.241827368736267
10500,mha_decoupled,moe,42,4,13,0.07398437708616257,0.06726118177175522,1.241827368736267
10500,mha_decoupled,moe,42,4,14,0.08880248665809631,0.07147059589624405,1.241827368736267
10500,mha_decoupled,moe,42,4,15,0.06710327416658401,0.06691140681505203,1.241827368736267
10500,mha_decoupled,moe,42,5,0,0.10021118074655533,0.07306188344955444,1.461878776550293
10500,mha_decoupled,moe,42,5,1,0.08402954041957855,0.07259335368871689,1.461878776550293
10500,mha_decoupled,moe,42,5,2,0.09865600615739822,0.08356623351573944,1.461878776550293
10500,mha_decoupled,moe,42,5,3,0.015701904892921448,0.029008397832512856,1.461878776550293
10500,mha_decoupled,moe,42,5,4,0.05254272371530533,0.05289280414581299,1.461878776550293
10500,mha_decoupled,moe,42,5,5,0.027305908501148224,0.03179476782679558,1.461878776550293
10500,mha_decoupled,moe,42,5,6,0.09786620736122131,0.08853768557310104,1.461878776550293
10500,mha_decoupled,moe,42,5,7,0.05826660245656967,0.08045659959316254,1.461878776550293
10500,mha_decoupled,moe,42,5,8,0.049534913152456284,0.06186453253030777,1.461878776550293
10500,mha_decoupled,moe,42,5,9,0.059718016535043716,0.045045990496873856,1.461878776550293
10500,mha_decoupled,moe,42,5,10,0.06809204071760178,0.0754791721701622,1.461878776550293
10500,mha_decoupled,moe,42,5,11,0.05863036960363388,0.059249721467494965,1.461878776550293
10500,mha_decoupled,moe,42,5,12,0.04159789904952049,0.04951673373579979,1.461878776550293
10500,mha_decoupled,moe,42,5,13,0.049290772527456284,0.038802482187747955,1.461878776550293
10500,mha_decoupled,moe,42,5,14,0.05130981281399727,0.05929335206747055,1.461878776550293
10500,mha_decoupled,moe,42,5,15,0.08724609017372131,0.098836250603199,1.461878776550293
11000,mha_decoupled,moe,42,1,0,0.058262940496206284,0.06423518806695938,2.530585289001465
11000,mha_decoupled,moe,42,1,1,0.06487670540809631,0.065935879945755,2.530585289001465
11000,mha_decoupled,moe,42,1,2,0.07101684808731079,0.061425480991601944,2.530585289001465
11000,mha_decoupled,moe,42,1,3,0.061766356229782104,0.06026507541537285,2.530585289001465
11000,mha_decoupled,moe,42,1,4,0.05097900331020355,0.06367484480142593,2.530585289001465
11000,mha_decoupled,moe,42,1,5,0.06497436761856079,0.0646870881319046,2.530585289001465
11000,mha_decoupled,moe,42,1,6,0.05999999865889549,0.060210421681404114,2.530585289001465
11000,mha_decoupled,moe,42,1,7,0.05357055738568306,0.06300331652164459,2.530585289001465
11000,mha_decoupled,moe,42,1,8,0.0758654773235321,0.06341002881526947,2.530585289001465
11000,mha_decoupled,moe,42,1,9,0.058283690363168716,0.062193483114242554,2.530585289001465
11000,mha_decoupled,moe,42,1,10,0.0637524425983429,0.060920048505067825,2.530585289001465
11000,mha_decoupled,moe,42,1,11,0.06694457679986954,0.061153117567300797,2.530585289001465
11000,mha_decoupled,moe,42,1,12,0.0692736804485321,0.0643027052283287,2.530585289001465
11000,mha_decoupled,moe,42,1,13,0.06164306774735451,0.06120486184954643,2.530585289001465
11000,mha_decoupled,moe,42,1,14,0.05727905407547951,0.061227597296237946,2.530585289001465
11000,mha_decoupled,moe,42,1,15,0.06151122972369194,0.06215088441967964,2.530585289001465
11000,mha_decoupled,moe,42,2,0,0.07770507782697678,0.0637219026684761,1.6754029989242554
11000,mha_decoupled,moe,42,2,1,0.05374511703848839,0.07139275968074799,1.6754029989242554
11000,mha_decoupled,moe,42,2,2,0.054936524480581284,0.04165453091263771,1.6754029989242554
11000,mha_decoupled,moe,42,2,3,0.06156005710363388,0.061140276491642,1.6754029989242554
11000,mha_decoupled,moe,42,2,4,0.07252075523138046,0.05987688526511192,1.6754029989242554
11000,mha_decoupled,moe,42,2,5,0.06788451969623566,0.071189284324646,1.6754029989242554
11000,mha_decoupled,moe,42,2,6,0.05501709133386612,0.05292482674121857,1.6754029989242554
11000,mha_decoupled,moe,42,2,7,0.06141723692417145,0.06514083594083786,1.6754029989242554
11000,mha_decoupled,moe,42,2,8,0.07637939602136612,0.06848178803920746,1.6754029989242554
11000,mha_decoupled,moe,42,2,9,0.08628906309604645,0.0638447254896164,1.6754029989242554
11000,mha_decoupled,moe,42,2,10,0.045631103217601776,0.06250467896461487,1.6754029989242554
11000,mha_decoupled,moe,42,2,11,0.045380860567092896,0.06527889519929886,1.6754029989242554
11000,mha_decoupled,moe,42,2,12,0.06470093131065369,0.05659745633602142,1.6754029989242554
11000,mha_decoupled,moe,42,2,13,0.05830322206020355,0.06396932154893875,1.6754029989242554
11000,mha_decoupled,moe,42,2,14,0.06703735142946243,0.07163689285516739,1.6754029989242554
11000,mha_decoupled,moe,42,2,15,0.05149170011281967,0.0606449618935585,1.6754029989242554
11000,mha_decoupled,moe,42,3,0,0.05471191555261612,0.0771770253777504,1.3963251113891602
11000,mha_decoupled,moe,42,3,1,0.04506225511431694,0.046031225472688675,1.3963251113891602
11000,mha_decoupled,moe,42,3,2,0.06992553919553757,0.07325755804777145,1.3963251113891602
11000,mha_decoupled,moe,42,3,3,0.11102661490440369,0.10150790959596634,1.3963251113891602
11000,mha_decoupled,moe,42,3,4,0.06561034917831421,0.06321629881858826,1.3963251113891602
11000,mha_decoupled,moe,42,3,5,0.03821410983800888,0.03577983379364014,1.3963251113891602
11000,mha_decoupled,moe,42,3,6,0.09111572057008743,0.08375061303377151,1.3963251113891602
11000,mha_decoupled,moe,42,3,7,0.048186033964157104,0.04858282580971718,1.3963251113891602
11000,mha_decoupled,moe,42,3,8,0.06298583745956421,0.049809206277132034,1.3963251113891602
11000,mha_decoupled,moe,42,3,9,0.054481200873851776,0.06187644973397255,1.3963251113891602
11000,mha_decoupled,moe,42,3,10,0.040886230766773224,0.04608255252242088,1.3963251113891602
11000,mha_decoupled,moe,42,3,11,0.046192627400159836,0.053006380796432495,1.3963251113891602
11000,mha_decoupled,moe,42,3,12,0.06903930753469467,0.06087011471390724,1.3963251113891602
11000,mha_decoupled,moe,42,3,13,0.07080566138029099,0.07676753401756287,1.3963251113891602
11000,mha_decoupled,moe,42,3,14,0.07245727628469467,0.06743501871824265,1.3963251113891602
11000,mha_decoupled,moe,42,3,15,0.05929931625723839,0.05484944209456444,1.3963251113891602
11000,mha_decoupled,moe,42,4,0,0.05194946378469467,0.07665687054395676,1.2253934144973755
11000,mha_decoupled,moe,42,4,1,0.07060790807008743,0.061205387115478516,1.2253934144973755
11000,mha_decoupled,moe,42,4,2,0.051936034113168716,0.058608077466487885,1.2253934144973755
11000,mha_decoupled,moe,42,4,3,0.061701659113168716,0.06832479685544968,1.2253934144973755
11000,mha_decoupled,moe,42,4,4,0.05790405347943306,0.05559833347797394,1.2253934144973755
11000,mha_decoupled,moe,42,4,5,0.060706786811351776,0.052105654031038284,1.2253934144973755
11000,mha_decoupled,moe,42,4,6,0.05833373963832855,0.053894031792879105,1.2253934144973755
11000,mha_decoupled,moe,42,4,7,0.030031738802790642,0.031189601868391037,1.2253934144973755
11000,mha_decoupled,moe,42,4,8,0.04995117336511612,0.061040911823511124,1.2253934144973755
11000,mha_decoupled,moe,42,4,9,0.08567748963832855,0.07750730216503143,1.2253934144973755
11000,mha_decoupled,moe,42,4,10,0.09191284328699112,0.0783488005399704,1.2253934144973755
11000,mha_decoupled,moe,42,4,11,0.04513305798172951,0.04133834317326546,1.2253934144973755
11000,mha_decoupled,moe,42,4,12,0.05645995959639549,0.08114137500524521,1.2253934144973755
11000,mha_decoupled,moe,42,4,13,0.07307007163763046,0.06611958891153336,1.2253934144973755
11000,mha_decoupled,moe,42,4,14,0.0875231921672821,0.07138130068778992,1.2253934144973755
11000,mha_decoupled,moe,42,4,15,0.06710083037614822,0.0655396580696106,1.2253934144973755
11000,mha_decoupled,moe,42,5,0,0.10235962271690369,0.07601545006036758,1.4544357061386108
11000,mha_decoupled,moe,42,5,1,0.08269043266773224,0.07164239883422852,1.4544357061386108
11000,mha_decoupled,moe,42,5,2,0.09776122868061066,0.08145152777433395,1.4544357061386108
11000,mha_decoupled,moe,42,5,3,0.015812987461686134,0.02920898236334324,1.4544357061386108
11000,mha_decoupled,moe,42,5,4,0.04924682527780533,0.05011650547385216,1.4544357061386108
11000,mha_decoupled,moe,42,5,5,0.028167724609375,0.03324475884437561,1.4544357061386108
11000,mha_decoupled,moe,42,5,6,0.09955321997404099,0.09078273177146912,1.4544357061386108
11000,mha_decoupled,moe,42,5,7,0.05684448406100273,0.07835400849580765,1.4544357061386108
11000,mha_decoupled,moe,42,5,8,0.04926391690969467,0.060391273349523544,1.4544357061386108
11000,mha_decoupled,moe,42,5,9,0.059234619140625,0.04522480443120003,1.4544357061386108
11000,mha_decoupled,moe,42,5,10,0.0701611340045929,0.07859278470277786,1.4544357061386108
11000,mha_decoupled,moe,42,5,11,0.05746093764901161,0.05859651044011116,1.4544357061386108
11000,mha_decoupled,moe,42,5,12,0.04129272326827049,0.049004778265953064,1.4544357061386108
11000,mha_decoupled,moe,42,5,13,0.050654295831918716,0.039786744862794876,1.4544357061386108
11000,mha_decoupled,moe,42,5,14,0.05127197131514549,0.05933748185634613,1.4544357061386108
11000,mha_decoupled,moe,42,5,15,0.08822387456893921,0.09824926406145096,1.4544357061386108
11500,mha_decoupled,moe,42,1,0,0.056328125298023224,0.06387178599834442,2.5261850357055664
11500,mha_decoupled,moe,42,1,1,0.06473144888877869,0.06573431938886642,2.5261850357055664
11500,mha_decoupled,moe,42,1,2,0.048228759318590164,0.058998383581638336,2.5261850357055664
11500,mha_decoupled,moe,42,1,3,0.07486328482627869,0.0611412487924099,2.5261850357055664
11500,mha_decoupled,moe,42,1,4,0.05431884899735451,0.06358498334884644,2.5261850357055664
11500,mha_decoupled,moe,42,1,5,0.06275024265050888,0.06410950422286987,2.5261850357055664
11500,mha_decoupled,moe,42,1,6,0.05870971828699112,0.06025891378521919,2.5261850357055664
11500,mha_decoupled,moe,42,1,7,0.05901123210787773,0.06268908083438873,2.5261850357055664
11500,mha_decoupled,moe,42,1,8,0.08279663324356079,0.06604171544313431,2.5261850357055664
11500,mha_decoupled,moe,42,1,9,0.05838867276906967,0.06202058866620064,2.5261850357055664
11500,mha_decoupled,moe,42,1,10,0.06838012486696243,0.0639752671122551,2.5261850357055664
11500,mha_decoupled,moe,42,1,11,0.05942993238568306,0.05797892063856125,2.5261850357055664
11500,mha_decoupled,moe,42,1,12,0.07198119908571243,0.06569547951221466,2.5261850357055664
11500,mha_decoupled,moe,42,1,13,0.054566651582717896,0.059283241629600525,2.5261850357055664
11500,mha_decoupled,moe,42,1,14,0.05904541164636612,0.060932137072086334,2.5261850357055664
11500,mha_decoupled,moe,42,1,15,0.06646972894668579,0.06368441879749298,2.5261850357055664
11500,mha_decoupled,moe,42,2,0,0.07701171934604645,0.06284678727388382,1.6799103021621704
11500,mha_decoupled,moe,42,2,1,0.054414063692092896,0.07196128368377686,1.6799103021621704
11500,mha_decoupled,moe,42,2,2,0.054645996540784836,0.04197907820343971,1.6799103021621704
11500,mha_decoupled,moe,42,2,3,0.06610595434904099,0.06351953744888306,1.6799103021621704
11500,mha_decoupled,moe,42,2,4,0.07024291902780533,0.05889430642127991,1.6799103021621704
11500,mha_decoupled,moe,42,2,5,0.06737793236970901,0.07051406055688858,1.6799103021621704
11500,mha_decoupled,moe,42,2,6,0.05746703967452049,0.0551835335791111,1.6799103021621704
11500,mha_decoupled,moe,42,2,7,0.06029907241463661,0.06534849852323532,1.6799103021621704
11500,mha_decoupled,moe,42,2,8,0.07550536841154099,0.06877335906028748,1.6799103021621704
11500,mha_decoupled,moe,42,2,9,0.08620727807283401,0.06242635101079941,1.6799103021621704
11500,mha_decoupled,moe,42,2,10,0.04595703259110451,0.0626542866230011,1.6799103021621704
11500,mha_decoupled,moe,42,2,11,0.04535156115889549,0.06472049653530121,1.6799103021621704
11500,mha_decoupled,moe,42,2,12,0.06287231296300888,0.055598173290491104,1.6799103021621704
11500,mha_decoupled,moe,42,2,13,0.061304930597543716,0.06595037132501602,1.6799103021621704
11500,mha_decoupled,moe,42,2,14,0.06581542640924454,0.07030149549245834,1.6799103021621704
11500,mha_decoupled,moe,42,2,15,0.04942138493061066,0.0593283511698246,1.6799103021621704
11500,mha_decoupled,moe,42,3,0,0.05699218809604645,0.07893078774213791,1.4108787775039673
11500,mha_decoupled,moe,42,3,1,0.04874633625149727,0.04964767023921013,1.4108787775039673
11500,mha_decoupled,moe,42,3,2,0.07094360142946243,0.07152387499809265,1.4108787775039673
11500,mha_decoupled,moe,42,3,3,0.10944091528654099,0.09904307126998901,1.4108787775039673
11500,mha_decoupled,moe,42,3,4,0.0626220703125,0.06068600341677666,1.4108787775039673
11500,mha_decoupled,moe,42,3,5,0.04107055813074112,0.037521474063396454,1.4108787775039673
11500,mha_decoupled,moe,42,3,6,0.0892956554889679,0.08384972810745239,1.4108787775039673
11500,mha_decoupled,moe,42,3,7,0.04666503891348839,0.04846614971756935,1.4108787775039673
11500,mha_decoupled,moe,42,3,8,0.06320434808731079,0.05080695077776909,1.4108787775039673
11500,mha_decoupled,moe,42,3,9,0.052855223417282104,0.06017465144395828,1.4108787775039673
11500,mha_decoupled,moe,42,3,10,0.042869873344898224,0.047229617834091187,1.4108787775039673
11500,mha_decoupled,moe,42,3,11,0.048090819269418716,0.054940689355134964,1.4108787775039673
11500,mha_decoupled,moe,42,3,12,0.06739990413188934,0.05998395010828972,1.4108787775039673
11500,mha_decoupled,moe,42,3,13,0.06888305395841599,0.07535140961408615,1.4108787775039673
11500,mha_decoupled,moe,42,3,14,0.0713208019733429,0.0663490891456604,1.4108787775039673
11500,mha_decoupled,moe,42,3,15,0.059599608182907104,0.05549485608935356,1.4108787775039673
11500,mha_decoupled,moe,42,4,0,0.052940674126148224,0.0778178721666336,1.2362136840820312
11500,mha_decoupled,moe,42,4,1,0.06935546547174454,0.06060151755809784,1.2362136840820312
11500,mha_decoupled,moe,42,4,2,0.052894286811351776,0.059587448835372925,1.2362136840820312
11500,mha_decoupled,moe,42,4,3,0.06137939542531967,0.06817609071731567,1.2362136840820312
11500,mha_decoupled,moe,42,4,4,0.06000366061925888,0.05953916162252426,1.2362136840820312
11500,mha_decoupled,moe,42,4,5,0.06022949144244194,0.052651580423116684,1.2362136840820312
11500,mha_decoupled,moe,42,4,6,0.055656738579273224,0.05072250962257385,1.2362136840820312
11500,mha_decoupled,moe,42,4,7,0.029295654967427254,0.030254080891609192,1.2362136840820312
11500,mha_decoupled,moe,42,4,8,0.05194335803389549,0.06374404579401016,1.2362136840820312
11500,mha_decoupled,moe,42,4,9,0.08568236976861954,0.07576259225606918,1.2362136840820312
11500,mha_decoupled,moe,42,4,10,0.08973022550344467,0.0755089744925499,1.2362136840820312
11500,mha_decoupled,moe,42,4,11,0.04539184644818306,0.041572246700525284,1.2362136840820312
11500,mha_decoupled,moe,42,4,12,0.056920167058706284,0.08032028377056122,1.2362136840820312
11500,mha_decoupled,moe,42,4,13,0.0742785632610321,0.06771915405988693,1.2362136840820312
11500,mha_decoupled,moe,42,4,14,0.08670531958341599,0.06986888498067856,1.2362136840820312
11500,mha_decoupled,moe,42,4,15,0.06759276986122131,0.06615357100963593,1.2362136840820312
11500,mha_decoupled,moe,42,5,0,0.09487304836511612,0.07116277515888214,1.4641848802566528
11500,mha_decoupled,moe,42,5,1,0.08617676049470901,0.07462786883115768,1.4641848802566528
11500,mha_decoupled,moe,42,5,2,0.0955822765827179,0.07849948108196259,1.4641848802566528
11500,mha_decoupled,moe,42,5,3,0.016834717243909836,0.029558436945080757,1.4641848802566528
11500,mha_decoupled,moe,42,5,4,0.053883057087659836,0.05420127883553505,1.4641848802566528
11500,mha_decoupled,moe,42,5,5,0.02541503868997097,0.03092435747385025,1.4641848802566528
11500,mha_decoupled,moe,42,5,6,0.09772095084190369,0.08789150416851044,1.4641848802566528
11500,mha_decoupled,moe,42,5,7,0.05835571140050888,0.08004669100046158,1.4641848802566528
11500,mha_decoupled,moe,42,5,8,0.04895385727286339,0.06036907061934471,1.4641848802566528
11500,mha_decoupled,moe,42,5,9,0.059996336698532104,0.04580868408083916,1.4641848802566528
11500,mha_decoupled,moe,42,5,10,0.07002563774585724,0.07886461913585663,1.4641848802566528
11500,mha_decoupled,moe,42,5,11,0.057249754667282104,0.058022912591695786,1.4641848802566528
11500,mha_decoupled,moe,42,5,12,0.041667480021715164,0.049726422876119614,1.4641848802566528
11500,mha_decoupled,moe,42,5,13,0.05503661930561066,0.04303033649921417,1.4641848802566528
11500,mha_decoupled,moe,42,5,14,0.049946289509534836,0.05866527184844017,1.4641848802566528
11500,mha_decoupled,moe,42,5,15,0.08828247338533401,0.09860029071569443,1.4641848802566528
12000,mha_decoupled,moe,42,1,0,0.06145385652780533,0.06534305959939957,2.5198800563812256
12000,mha_decoupled,moe,42,1,1,0.06678222864866257,0.06606066972017288,2.5198800563812256
12000,mha_decoupled,moe,42,1,2,0.05472167953848839,0.05725189298391342,2.5198800563812256
12000,mha_decoupled,moe,42,1,3,0.06419189274311066,0.058946337550878525,2.5198800563812256
12000,mha_decoupled,moe,42,1,4,0.06313232332468033,0.06567608565092087,2.5198800563812256
12000,mha_decoupled,moe,42,1,5,0.06687255948781967,0.0661887601017952,2.5198800563812256
12000,mha_decoupled,moe,42,1,6,0.05848754942417145,0.06055404618382454,2.5198800563812256
12000,mha_decoupled,moe,42,1,7,0.05304809659719467,0.06249135360121727,2.5198800563812256
12000,mha_decoupled,moe,42,1,8,0.07884643226861954,0.0648539811372757,2.5198800563812256
12000,mha_decoupled,moe,42,1,9,0.06734130531549454,0.06339156627655029,2.5198800563812256
12000,mha_decoupled,moe,42,1,10,0.062183838337659836,0.06133979931473732,2.5198800563812256
12000,mha_decoupled,moe,42,1,11,0.06126708909869194,0.058546267449855804,2.5198800563812256
12000,mha_decoupled,moe,42,1,12,0.06990478187799454,0.06512024253606796,2.5198800563812256
12000,mha_decoupled,moe,42,1,13,0.06127563491463661,0.06280693411827087,2.5198800563812256
12000,mha_decoupled,moe,42,1,14,0.04855956882238388,0.05856698378920555,2.5198800563812256
12000,mha_decoupled,moe,42,1,15,0.061931151896715164,0.06286202371120453,2.5198800563812256
12000,mha_decoupled,moe,42,2,0,0.07624145597219467,0.06257771700620651,1.674639105796814
12000,mha_decoupled,moe,42,2,1,0.054530028253793716,0.07124987244606018,1.674639105796814
12000,mha_decoupled,moe,42,2,2,0.055430907756090164,0.042694006115198135,1.674639105796814
12000,mha_decoupled,moe,42,2,3,0.06245971843600273,0.061180710792541504,1.674639105796814
12000,mha_decoupled,moe,42,2,4,0.0703747570514679,0.05961800739169121,1.674639105796814
12000,mha_decoupled,moe,42,2,5,0.06778564304113388,0.0695706456899643,1.674639105796814
12000,mha_decoupled,moe,42,2,6,0.05673461779952049,0.05449654534459114,1.674639105796814
12000,mha_decoupled,moe,42,2,7,0.06217895448207855,0.06631986796855927,1.674639105796814
12000,mha_decoupled,moe,42,2,8,0.07364868372678757,0.06636922061443329,1.674639105796814
12000,mha_decoupled,moe,42,2,9,0.08515014499425888,0.06418808549642563,1.674639105796814
12000,mha_decoupled,moe,42,2,10,0.04744506999850273,0.06448867917060852,1.674639105796814
12000,mha_decoupled,moe,42,2,11,0.04590453952550888,0.0658537819981575,1.674639105796814
12000,mha_decoupled,moe,42,2,12,0.06397826969623566,0.05622003972530365,1.674639105796814
12000,mha_decoupled,moe,42,2,13,0.06379882991313934,0.06827425211668015,1.674639105796814
12000,mha_decoupled,moe,42,2,14,0.06480956822633743,0.06792991608381271,1.674639105796814
12000,mha_decoupled,moe,42,2,15,0.049528807401657104,0.0589686743915081,1.674639105796814
12000,mha_decoupled,moe,42,3,0,0.05527709797024727,0.07671182602643967,1.403824806213379
12000,mha_decoupled,moe,42,3,1,0.047968748956918716,0.04984326288104057,1.403824806213379
12000,mha_decoupled,moe,42,3,2,0.07262939214706421,0.0728759840130806,1.403824806213379
12000,mha_decoupled,moe,42,3,3,0.1107495129108429,0.10102517902851105,1.403824806213379
12000,mha_decoupled,moe,42,3,4,0.06529784947633743,0.062486592680215836,1.403824806213379
12000,mha_decoupled,moe,42,3,5,0.041478272527456284,0.03826851397752762,1.403824806213379
12000,mha_decoupled,moe,42,3,6,0.08959106355905533,0.08322259783744812,1.403824806213379
12000,mha_decoupled,moe,42,3,7,0.04817260801792145,0.04957149922847748,1.403824806213379
12000,mha_decoupled,moe,42,3,8,0.060791015625,0.048949237912893295,1.403824806213379
12000,mha_decoupled,moe,42,3,9,0.05393432453274727,0.060744233429431915,1.403824806213379
12000,mha_decoupled,moe,42,3,10,0.043305665254592896,0.047495678067207336,1.403824806213379
12000,mha_decoupled,moe,42,3,11,0.04746825993061066,0.05406338721513748,1.403824806213379
12000,mha_decoupled,moe,42,3,12,0.06879394501447678,0.06120079383254051,1.403824806213379
12000,mha_decoupled,moe,42,3,13,0.06875122338533401,0.0754091814160347,1.403824806213379
12000,mha_decoupled,moe,42,3,14,0.06868407875299454,0.06454342603683472,1.403824806213379
12000,mha_decoupled,moe,42,3,15,0.05710693448781967,0.053588610142469406,1.403824806213379
12000,mha_decoupled,moe,42,4,0,0.05215087905526161,0.0767873153090477,1.2348389625549316
12000,mha_decoupled,moe,42,4,1,0.07018554955720901,0.06073432043194771,1.2348389625549316
12000,mha_decoupled,moe,42,4,2,0.05432739108800888,0.06065652519464493,1.2348389625549316
12000,mha_decoupled,moe,42,4,3,0.05957641452550888,0.06599359214305878,1.2348389625549316
12000,mha_decoupled,moe,42,4,4,0.06215820461511612,0.0607796348631382,1.2348389625549316
12000,mha_decoupled,moe,42,4,5,0.05901489406824112,0.05217254161834717,1.2348389625549316
12000,mha_decoupled,moe,42,4,6,0.05616088956594467,0.05174945667386055,1.2348389625549316
12000,mha_decoupled,moe,42,4,7,0.03157714754343033,0.031875401735305786,1.2348389625549316
12000,mha_decoupled,moe,42,4,8,0.05419067293405533,0.06629446148872375,1.2348389625549316
12000,mha_decoupled,moe,42,4,9,0.08376098424196243,0.07424161583185196,1.2348389625549316
12000,mha_decoupled,moe,42,4,10,0.08732910454273224,0.07423809170722961,1.2348389625549316
12000,mha_decoupled,moe,42,4,11,0.045795898884534836,0.04222647100687027,1.2348389625549316
12000,mha_decoupled,moe,42,4,12,0.05707763507962227,0.0797269269824028,1.2348389625549316
12000,mha_decoupled,moe,42,4,13,0.07430785894393921,0.06711600720882416,1.2348389625549316
12000,mha_decoupled,moe,42,4,14,0.08594116568565369,0.0691990852355957,1.2348389625549316
12000,mha_decoupled,moe,42,4,15,0.06644531339406967,0.06620856374502182,1.2348389625549316
12000,mha_decoupled,moe,42,5,0,0.09895751625299454,0.07382224500179291,1.4507460594177246
12000,mha_decoupled,moe,42,5,1,0.08763671666383743,0.07618630677461624,1.4507460594177246
12000,mha_decoupled,moe,42,5,2,0.09528564661741257,0.08005137741565704,1.4507460594177246
12000,mha_decoupled,moe,42,5,3,0.01942138746380806,0.03196848928928375,1.4507460594177246
12000,mha_decoupled,moe,42,5,4,0.05102783069014549,0.05223267525434494,1.4507460594177246
12000,mha_decoupled,moe,42,5,5,0.02647705003619194,0.032118119299411774,1.4507460594177246
12000,mha_decoupled,moe,42,5,6,0.09687499701976776,0.08728596568107605,1.4507460594177246
12000,mha_decoupled,moe,42,5,7,0.060063477605581284,0.08177604526281357,1.4507460594177246
12000,mha_decoupled,moe,42,5,8,0.04743286222219467,0.058568328619003296,1.4507460594177246
12000,mha_decoupled,moe,42,5,9,0.06091552600264549,0.046297162771224976,1.4507460594177246
12000,mha_decoupled,moe,42,5,10,0.06733154505491257,0.07607979327440262,1.4507460594177246
12000,mha_decoupled,moe,42,5,11,0.05942627042531967,0.06070898100733757,1.4507460594177246
12000,mha_decoupled,moe,42,5,12,0.04198608547449112,0.04961933195590973,1.4507460594177246
12000,mha_decoupled,moe,42,5,13,0.052021484822034836,0.04065451771020889,1.4507460594177246
12000,mha_decoupled,moe,42,5,14,0.04752807691693306,0.05614125728607178,1.4507460594177246
12000,mha_decoupled,moe,42,5,15,0.08761352300643921,0.09648943692445755,1.4507460594177246
12500,mha_decoupled,moe,42,1,0,0.057927247136831284,0.06472833454608917,2.5120766162872314
12500,mha_decoupled,moe,42,1,1,0.06548584252595901,0.06668660044670105,2.5120766162872314
12500,mha_decoupled,moe,42,1,2,0.05094238370656967,0.05660621076822281,2.5120766162872314
12500,mha_decoupled,moe,42,1,3,0.0662243664264679,0.05925614759325981,2.5120766162872314
12500,mha_decoupled,moe,42,1,4,0.06450073421001434,0.06618601083755493,2.5120766162872314
12500,mha_decoupled,moe,42,1,5,0.06273071467876434,0.06436004489660263,2.5120766162872314
12500,mha_decoupled,moe,42,1,6,0.05910278484225273,0.0606515109539032,2.5120766162872314
12500,mha_decoupled,moe,42,1,7,0.05776611343026161,0.06282427161931992,2.5120766162872314
12500,mha_decoupled,moe,42,1,8,0.07901245355606079,0.0654883161187172,2.5120766162872314
12500,mha_decoupled,moe,42,1,9,0.06445679068565369,0.06278888136148453,2.5120766162872314
12500,mha_decoupled,moe,42,1,10,0.063690185546875,0.062063027173280716,2.5120766162872314
12500,mha_decoupled,moe,42,1,11,0.06020507961511612,0.05872541293501854,2.5120766162872314
12500,mha_decoupled,moe,42,1,12,0.07097411900758743,0.0658661350607872,2.5120766162872314
12500,mha_decoupled,moe,42,1,13,0.058808594942092896,0.06150410696864128,2.5120766162872314
12500,mha_decoupled,moe,42,1,14,0.060307618230581284,0.06090695410966873,2.5120766162872314
12500,mha_decoupled,moe,42,1,15,0.05786499008536339,0.06135803833603859,2.5120766162872314
12500,mha_decoupled,moe,42,2,0,0.07734619081020355,0.06320937722921371,1.6746728420257568
12500,mha_decoupled,moe,42,2,1,0.05372924730181694,0.0702686756849289,1.6746728420257568
12500,mha_decoupled,moe,42,2,2,0.059107664972543716,0.04370203986763954,1.6746728420257568
12500,mha_decoupled,moe,42,2,3,0.05973266437649727,0.0606253482401371,1.6746728420257568
12500,mha_decoupled,moe,42,2,4,0.07038452476263046,0.05927446857094765,1.6746728420257568
12500,mha_decoupled,moe,42,2,5,0.06995116919279099,0.07145770639181137,1.6746728420257568
12500,mha_decoupled,moe,42,2,6,0.05756957828998566,0.055879052728414536,1.6746728420257568
12500,mha_decoupled,moe,42,2,7,0.06253661960363388,0.06718932837247849,1.6746728420257568
12500,mha_decoupled,moe,42,2,8,0.0766613781452179,0.06849745661020279,1.6746728420257568
12500,mha_decoupled,moe,42,2,9,0.08493774384260178,0.062212806195020676,1.6746728420257568
12500,mha_decoupled,moe,42,2,10,0.04764770343899727,0.06549947708845139,1.6746728420257568
12500,mha_decoupled,moe,42,2,11,0.04308838024735451,0.06342675536870956,1.6746728420257568
12500,mha_decoupled,moe,42,2,12,0.061461180448532104,0.05328220874071121,1.6746728420257568
12500,mha_decoupled,moe,42,2,13,0.06112914904952049,0.06599878519773483,1.6746728420257568
12500,mha_decoupled,moe,42,2,14,0.06596435606479645,0.07017485797405243,1.6746728420257568
12500,mha_decoupled,moe,42,2,15,0.04875244200229645,0.059301696717739105,1.6746728420257568
12500,mha_decoupled,moe,42,3,0,0.05548095703125,0.07783924043178558,1.399457573890686
12500,mha_decoupled,moe,42,3,1,0.045966796576976776,0.0481419712305069,1.399457573890686
12500,mha_decoupled,moe,42,3,2,0.07416259497404099,0.07447707653045654,1.399457573890686
12500,mha_decoupled,moe,42,3,3,0.11067993193864822,0.10271681845188141,1.399457573890686
12500,mha_decoupled,moe,42,3,4,0.06404662877321243,0.060004882514476776,1.399457573890686
12500,mha_decoupled,moe,42,3,5,0.04321533069014549,0.03875383734703064,1.399457573890686
12500,mha_decoupled,moe,42,3,6,0.08837890625,0.08226564526557922,1.399457573890686
12500,mha_decoupled,moe,42,3,7,0.04309692233800888,0.04582794010639191,1.399457573890686
12500,mha_decoupled,moe,42,3,8,0.06269165128469467,0.04972974956035614,1.399457573890686
12500,mha_decoupled,moe,42,3,9,0.05272094905376434,0.05982283130288124,1.399457573890686
12500,mha_decoupled,moe,42,3,10,0.0419921875,0.046716105192899704,1.399457573890686
12500,mha_decoupled,moe,42,3,11,0.04687866196036339,0.053799036890268326,1.399457573890686
12500,mha_decoupled,moe,42,3,12,0.068450927734375,0.0606071911752224,1.399457573890686
12500,mha_decoupled,moe,42,3,13,0.06990844756364822,0.07615157961845398,1.399457573890686
12500,mha_decoupled,moe,42,3,14,0.07308715581893921,0.06865695118904114,1.399457573890686
12500,mha_decoupled,moe,42,3,15,0.059241943061351776,0.05448919162154198,1.399457573890686
12500,mha_decoupled,moe,42,4,0,0.053465574979782104,0.07877267897129059,1.236473798751831
12500,mha_decoupled,moe,42,4,1,0.07071410864591599,0.06197632476687431,1.236473798751831
12500,mha_decoupled,moe,42,4,2,0.051817625761032104,0.058576349169015884,1.236473798751831
12500,mha_decoupled,moe,42,4,3,0.06087402254343033,0.06751469522714615,1.236473798751831
12500,mha_decoupled,moe,42,4,4,0.05960937589406967,0.05744253098964691,1.236473798751831
12500,mha_decoupled,moe,42,4,5,0.05979369953274727,0.05186980590224266,1.236473798751831
12500,mha_decoupled,moe,42,4,6,0.055095214396715164,0.05130515620112419,1.236473798751831
12500,mha_decoupled,moe,42,4,7,0.030166015028953552,0.031105076894164085,1.236473798751831
12500,mha_decoupled,moe,42,4,8,0.05299926921725273,0.0641196072101593,1.236473798751831
12500,mha_decoupled,moe,42,4,9,0.08556640893220901,0.07604245096445084,1.236473798751831
12500,mha_decoupled,moe,42,4,10,0.08956421166658401,0.0754106417298317,1.236473798751831
12500,mha_decoupled,moe,42,4,11,0.045067138969898224,0.04171830043196678,1.236473798751831
12500,mha_decoupled,moe,42,4,12,0.056114502251148224,0.07948219031095505,1.236473798751831
12500,mha_decoupled,moe,42,4,13,0.07509521394968033,0.06843251734972,1.236473798751831
12500,mha_decoupled,moe,42,4,14,0.08873779326677322,0.07184438407421112,1.236473798751831
12500,mha_decoupled,moe,42,4,15,0.06531982123851776,0.06438733637332916,1.236473798751831
12500,mha_decoupled,moe,42,5,0,0.09656860679388046,0.07222796231508255,1.4550367593765259
12500,mha_decoupled,moe,42,5,1,0.08608642220497131,0.07472044974565506,1.4550367593765259
12500,mha_decoupled,moe,42,5,2,0.096160888671875,0.07976049184799194,1.4550367593765259
12500,mha_decoupled,moe,42,5,3,0.016439208760857582,0.029320452362298965,1.4550367593765259
12500,mha_decoupled,moe,42,5,4,0.052186280488967896,0.05292800813913345,1.4550367593765259
12500,mha_decoupled,moe,42,5,5,0.025345459580421448,0.030869800597429276,1.4550367593765259
12500,mha_decoupled,moe,42,5,6,0.09793701022863388,0.08849845826625824,1.4550367593765259
12500,mha_decoupled,moe,42,5,7,0.05812011659145355,0.07916510850191116,1.4550367593765259
12500,mha_decoupled,moe,42,5,8,0.05099731311202049,0.06277792155742645,1.4550367593765259
12500,mha_decoupled,moe,42,5,9,0.059663087129592896,0.04529671370983124,1.4550367593765259
12500,mha_decoupled,moe,42,5,10,0.06749878078699112,0.07682880759239197,1.4550367593765259
12500,mha_decoupled,moe,42,5,11,0.056885987520217896,0.0581953227519989,1.4550367593765259
12500,mha_decoupled,moe,42,5,12,0.04175659269094467,0.04964178055524826,1.4550367593765259
12500,mha_decoupled,moe,42,5,13,0.05652831867337227,0.04348180815577507,1.4550367593765259
12500,mha_decoupled,moe,42,5,14,0.04953979328274727,0.05857645347714424,1.4550367593765259
12500,mha_decoupled,moe,42,5,15,0.0882861316204071,0.09771047532558441,1.4550367593765259
13000,mha_decoupled,moe,42,1,0,0.06126220524311066,0.06571728736162186,2.5110220909118652
13000,mha_decoupled,moe,42,1,1,0.06139160320162773,0.06464405357837677,2.5110220909118652
13000,mha_decoupled,moe,42,1,2,0.06463256478309631,0.05713989585638046,2.5110220909118652
13000,mha_decoupled,moe,42,1,3,0.058013916015625,0.05788569152355194,2.5110220909118652
13000,mha_decoupled,moe,42,1,4,0.060496825724840164,0.06591518968343735,2.5110220909118652
13000,mha_decoupled,moe,42,1,5,0.06265868991613388,0.0648581013083458,2.5110220909118652
13000,mha_decoupled,moe,42,1,6,0.05639282241463661,0.059759292751550674,2.5110220909118652
13000,mha_decoupled,moe,42,1,7,0.05974731594324112,0.06406199932098389,2.5110220909118652
13000,mha_decoupled,moe,42,1,8,0.07421264797449112,0.06376869976520538,2.5110220909118652
13000,mha_decoupled,moe,42,1,9,0.05899414047598839,0.06284956634044647,2.5110220909118652
13000,mha_decoupled,moe,42,1,10,0.061585694551467896,0.06145176291465759,2.5110220909118652
13000,mha_decoupled,moe,42,1,11,0.06418823450803757,0.060945454984903336,2.5110220909118652
13000,mha_decoupled,moe,42,1,12,0.06934203952550888,0.06509316712617874,2.5110220909118652
13000,mha_decoupled,moe,42,1,13,0.05918700993061066,0.06180362403392792,2.5110220909118652
13000,mha_decoupled,moe,42,1,14,0.07160034030675888,0.06335080415010452,2.5110220909118652
13000,mha_decoupled,moe,42,1,15,0.056293945759534836,0.060755375772714615,2.5110220909118652
13000,mha_decoupled,moe,42,2,0,0.07717407494783401,0.06345589458942413,1.680080771446228
13000,mha_decoupled,moe,42,2,1,0.05624755844473839,0.0709906816482544,1.680080771446228
13000,mha_decoupled,moe,42,2,2,0.058063965290784836,0.043444953858852386,1.680080771446228
13000,mha_decoupled,moe,42,2,3,0.05947509780526161,0.060571156442165375,1.680080771446228
13000,mha_decoupled,moe,42,2,4,0.07064209133386612,0.05836532264947891,1.680080771446228
13000,mha_decoupled,moe,42,2,5,0.06821166723966599,0.07141970843076706,1.680080771446228
13000,mha_decoupled,moe,42,2,6,0.057746581733226776,0.055107492953538895,1.680080771446228
13000,mha_decoupled,moe,42,2,7,0.06290039420127869,0.0675487071275711,1.680080771446228
13000,mha_decoupled,moe,42,2,8,0.07360229641199112,0.0657908096909523,1.680080771446228
13000,mha_decoupled,moe,42,2,9,0.08474121242761612,0.061947546899318695,1.680080771446228
13000,mha_decoupled,moe,42,2,10,0.049022216349840164,0.06619197875261307,1.680080771446228
13000,mha_decoupled,moe,42,2,11,0.04607177898287773,0.06635867059230804,1.680080771446228
13000,mha_decoupled,moe,42,2,12,0.061859130859375,0.054482270032167435,1.680080771446228
13000,mha_decoupled,moe,42,2,13,0.05974365398287773,0.06531351804733276,1.680080771446228
13000,mha_decoupled,moe,42,2,14,0.06576171517372131,0.07000987231731415,1.680080771446228
13000,mha_decoupled,moe,42,2,15,0.048736572265625,0.059001412242650986,1.680080771446228
13000,mha_decoupled,moe,42,3,0,0.05463256686925888,0.07656023651361465,1.4046926498413086
13000,mha_decoupled,moe,42,3,1,0.04911743104457855,0.04970972612500191,1.4046926498413086
13000,mha_decoupled,moe,42,3,2,0.07137206941843033,0.07344850897789001,1.4046926498413086
13000,mha_decoupled,moe,42,3,3,0.109832763671875,0.1008073166012764,1.4046926498413086
13000,mha_decoupled,moe,42,3,4,0.06201538071036339,0.05892707407474518,1.4046926498413086
13000,mha_decoupled,moe,42,3,5,0.039226073771715164,0.035698629915714264,1.4046926498413086
13000,mha_decoupled,moe,42,3,6,0.09044555574655533,0.0845627710223198,1.4046926498413086
13000,mha_decoupled,moe,42,3,7,0.04500121995806694,0.04756657034158707,1.4046926498413086
13000,mha_decoupled,moe,42,3,8,0.06377807259559631,0.051120541989803314,1.4046926498413086
13000,mha_decoupled,moe,42,3,9,0.05412841960787773,0.061900753527879715,1.4046926498413086
13000,mha_decoupled,moe,42,3,10,0.043543700128793716,0.04794369265437126,1.4046926498413086
13000,mha_decoupled,moe,42,3,11,0.04808715730905533,0.0549638494849205,1.4046926498413086
13000,mha_decoupled,moe,42,3,12,0.07010497897863388,0.06089157611131668,1.4046926498413086
13000,mha_decoupled,moe,42,3,13,0.06857055425643921,0.07509704679250717,1.4046926498413086
13000,mha_decoupled,moe,42,3,14,0.07020141929388046,0.06536280363798141,1.4046926498413086
13000,mha_decoupled,moe,42,3,15,0.05994262546300888,0.055438872426748276,1.4046926498413086
13000,mha_decoupled,moe,42,4,0,0.052867431193590164,0.07724319398403168,1.2427725791931152
13000,mha_decoupled,moe,42,4,1,0.067840576171875,0.05880284309387207,1.2427725791931152
13000,mha_decoupled,moe,42,4,2,0.05178222805261612,0.05903954431414604,1.2427725791931152
13000,mha_decoupled,moe,42,4,3,0.061756592243909836,0.06857866048812866,1.2427725791931152
13000,mha_decoupled,moe,42,4,4,0.06079467758536339,0.058904632925987244,1.2427725791931152
13000,mha_decoupled,moe,42,4,5,0.05976806581020355,0.05243127793073654,1.2427725791931152
13000,mha_decoupled,moe,42,4,6,0.05605102702975273,0.05165215954184532,1.2427725791931152
13000,mha_decoupled,moe,42,4,7,0.03155151382088661,0.03211295232176781,1.2427725791931152
13000,mha_decoupled,moe,42,4,8,0.05174072086811066,0.06260380148887634,1.2427725791931152
13000,mha_decoupled,moe,42,4,9,0.08696044981479645,0.07810119539499283,1.2427725791931152
13000,mha_decoupled,moe,42,4,10,0.08983886986970901,0.07637966424226761,1.2427725791931152
13000,mha_decoupled,moe,42,4,11,0.04561157152056694,0.04223869368433952,1.2427725791931152
13000,mha_decoupled,moe,42,4,12,0.05571655184030533,0.07924094051122665,1.2427725791931152
13000,mha_decoupled,moe,42,4,13,0.07430175691843033,0.06613349169492722,1.2427725791931152
13000,mha_decoupled,moe,42,4,14,0.08745483309030533,0.07139900326728821,1.2427725791931152
13000,mha_decoupled,moe,42,4,15,0.06596313416957855,0.06513796746730804,1.2427725791931152
13000,mha_decoupled,moe,42,5,0,0.10002563148736954,0.07487132400274277,1.4547675848007202
13000,mha_decoupled,moe,42,5,1,0.08525512367486954,0.07405269891023636,1.4547675848007202
13000,mha_decoupled,moe,42,5,2,0.09596069157123566,0.07981816679239273,1.4547675848007202
13000,mha_decoupled,moe,42,5,3,0.01665649376809597,0.03048280067741871,1.4547675848007202
13000,mha_decoupled,moe,42,5,4,0.05242553725838661,0.05328713357448578,1.4547675848007202
13000,mha_decoupled,moe,42,5,5,0.025583496317267418,0.03069441020488739,1.4547675848007202
13000,mha_decoupled,moe,42,5,6,0.10007324069738388,0.09012345224618912,1.4547675848007202
13000,mha_decoupled,moe,42,5,7,0.05830444395542145,0.0793866217136383,1.4547675848007202
13000,mha_decoupled,moe,42,5,8,0.04728393629193306,0.05897500365972519,1.4547675848007202
13000,mha_decoupled,moe,42,5,9,0.059855956584215164,0.044885240495204926,1.4547675848007202
13000,mha_decoupled,moe,42,5,10,0.0667724609375,0.07636966556310654,1.4547675848007202
13000,mha_decoupled,moe,42,5,11,0.05640014633536339,0.05873710662126541,1.4547675848007202
13000,mha_decoupled,moe,42,5,12,0.04275268688797951,0.05070892348885536,1.4547675848007202
13000,mha_decoupled,moe,42,5,13,0.05635009706020355,0.043449509888887405,1.4547675848007202
13000,mha_decoupled,moe,42,5,14,0.04919189587235451,0.05802682042121887,1.4547675848007202
13000,mha_decoupled,moe,42,5,15,0.08710815757513046,0.09613107889890671,1.4547675848007202
13500,mha_decoupled,moe,42,1,0,0.05812744051218033,0.06545400619506836,2.5033493041992188
13500,mha_decoupled,moe,42,1,1,0.06387817114591599,0.06662926077842712,2.5033493041992188
13500,mha_decoupled,moe,42,1,2,0.05314086750149727,0.05502723529934883,2.5033493041992188
13500,mha_decoupled,moe,42,1,3,0.06700317561626434,0.05928558483719826,2.5033493041992188
13500,mha_decoupled,moe,42,1,4,0.06508544832468033,0.06747689843177795,2.5033493041992188
13500,mha_decoupled,moe,42,1,5,0.05884765461087227,0.06299474090337753,2.5033493041992188
13500,mha_decoupled,moe,42,1,6,0.059516601264476776,0.06165795773267746,2.5033493041992188
13500,mha_decoupled,moe,42,1,7,0.0651562511920929,0.06482859700918198,2.5033493041992188
13500,mha_decoupled,moe,42,1,8,0.07456664741039276,0.0639202669262886,2.5033493041992188
13500,mha_decoupled,moe,42,1,9,0.06922119110822678,0.06338434666395187,2.5033493041992188
13500,mha_decoupled,moe,42,1,10,0.06364257633686066,0.06203387305140495,2.5033493041992188
13500,mha_decoupled,moe,42,1,11,0.06180419772863388,0.05960438773036003,2.5033493041992188
13500,mha_decoupled,moe,42,1,12,0.07000488042831421,0.06551392376422882,2.5033493041992188
13500,mha_decoupled,moe,42,1,13,0.057575684040784836,0.061678770929574966,2.5033493041992188
13500,mha_decoupled,moe,42,1,14,0.05577758699655533,0.0602421909570694,2.5033493041992188
13500,mha_decoupled,moe,42,1,15,0.056651610881090164,0.060267962515354156,2.5033493041992188
13500,mha_decoupled,moe,42,2,0,0.07734741270542145,0.06281954050064087,1.6719081401824951
13500,mha_decoupled,moe,42,2,1,0.05277954041957855,0.0692024901509285,1.6719081401824951
13500,mha_decoupled,moe,42,2,2,0.05696289241313934,0.04334374889731407,1.6719081401824951
13500,mha_decoupled,moe,42,2,3,0.06650757044553757,0.06413142383098602,1.6719081401824951
13500,mha_decoupled,moe,42,2,4,0.06782104820013046,0.05720281973481178,1.6719081401824951
13500,mha_decoupled,moe,42,2,5,0.0677197277545929,0.07002134621143341,1.6719081401824951
13500,mha_decoupled,moe,42,2,6,0.05580810457468033,0.053810037672519684,1.6719081401824951
13500,mha_decoupled,moe,42,2,7,0.06156982481479645,0.06486506760120392,1.6719081401824951
13500,mha_decoupled,moe,42,2,8,0.07540526986122131,0.06815681606531143,1.6719081401824951
13500,mha_decoupled,moe,42,2,9,0.08542602509260178,0.06334488093852997,1.6719081401824951
13500,mha_decoupled,moe,42,2,10,0.046544190496206284,0.06355621665716171,1.6719081401824951
13500,mha_decoupled,moe,42,2,11,0.04597778245806694,0.0664052665233612,1.6719081401824951
13500,mha_decoupled,moe,42,2,12,0.06211181730031967,0.05514557287096977,1.6719081401824951
13500,mha_decoupled,moe,42,2,13,0.06128539890050888,0.06584638357162476,1.6719081401824951
13500,mha_decoupled,moe,42,2,14,0.06653198599815369,0.07216425240039825,1.6719081401824951
13500,mha_decoupled,moe,42,2,15,0.050201416015625,0.05998413264751434,1.6719081401824951
13500,mha_decoupled,moe,42,3,0,0.056376952677965164,0.07870052009820938,1.4109055995941162
13500,mha_decoupled,moe,42,3,1,0.04910888522863388,0.050749272108078,1.4109055995941162
13500,mha_decoupled,moe,42,3,2,0.07097900658845901,0.0725262463092804,1.4109055995941162
13500,mha_decoupled,moe,42,3,3,0.10979125648736954,0.10017552971839905,1.4109055995941162
13500,mha_decoupled,moe,42,3,4,0.06318237632513046,0.0601956881582737,1.4109055995941162
13500,mha_decoupled,moe,42,3,5,0.03906494006514549,0.035742245614528656,1.4109055995941162
13500,mha_decoupled,moe,42,3,6,0.08882812410593033,0.08217409253120422,1.4109055995941162
13500,mha_decoupled,moe,42,3,7,0.045745849609375,0.04834990203380585,1.4109055995941162
13500,mha_decoupled,moe,42,3,8,0.06513671576976776,0.05171365290880203,1.4109055995941162
13500,mha_decoupled,moe,42,3,9,0.053150635212659836,0.060631297528743744,1.4109055995941162
13500,mha_decoupled,moe,42,3,10,0.04217163100838661,0.046314578503370285,1.4109055995941162
13500,mha_decoupled,moe,42,3,11,0.045867919921875,0.05293194204568863,1.4109055995941162
13500,mha_decoupled,moe,42,3,12,0.0680529773235321,0.06027308851480484,1.4109055995941162
13500,mha_decoupled,moe,42,3,13,0.07004638761281967,0.0759279653429985,1.4109055995941162
13500,mha_decoupled,moe,42,3,14,0.07211670279502869,0.06787512451410294,1.4109055995941162
13500,mha_decoupled,moe,42,3,15,0.06037963926792145,0.055718835443258286,1.4109055995941162
13500,mha_decoupled,moe,42,4,0,0.05308471620082855,0.07833444327116013,1.239745855331421
13500,mha_decoupled,moe,42,4,1,0.07123779505491257,0.061391476541757584,1.239745855331421
13500,mha_decoupled,moe,42,4,2,0.05216064304113388,0.05942567437887192,1.239745855331421
13500,mha_decoupled,moe,42,4,3,0.062193602323532104,0.06752455979585648,1.239745855331421
13500,mha_decoupled,moe,42,4,4,0.05774780362844467,0.055668264627456665,1.239745855331421
13500,mha_decoupled,moe,42,4,5,0.058411866426467896,0.050963420420885086,1.239745855331421
13500,mha_decoupled,moe,42,4,6,0.05415160953998566,0.05024075508117676,1.239745855331421
13500,mha_decoupled,moe,42,4,7,0.03092285245656967,0.03169175237417221,1.239745855331421
13500,mha_decoupled,moe,42,4,8,0.05189819261431694,0.06389053165912628,1.239745855331421
13500,mha_decoupled,moe,42,4,9,0.08653320372104645,0.07691806554794312,1.239745855331421
13500,mha_decoupled,moe,42,4,10,0.09099975228309631,0.07769644260406494,1.239745855331421
13500,mha_decoupled,moe,42,4,11,0.04627441242337227,0.04295291006565094,1.239745855331421
13500,mha_decoupled,moe,42,4,12,0.055042725056409836,0.07817491888999939,1.239745855331421
13500,mha_decoupled,moe,42,4,13,0.0748278796672821,0.06797629594802856,1.239745855331421
13500,mha_decoupled,moe,42,4,14,0.08681030571460724,0.0703943520784378,1.239745855331421
13500,mha_decoupled,moe,42,4,15,0.06770263612270355,0.06675615906715393,1.239745855331421
13500,mha_decoupled,moe,42,5,0,0.09821777045726776,0.07263396680355072,1.4511665105819702
13500,mha_decoupled,moe,42,5,1,0.08418823033571243,0.07320600748062134,1.4511665105819702
13500,mha_decoupled,moe,42,5,2,0.09605834633111954,0.07969658821821213,1.4511665105819702
13500,mha_decoupled,moe,42,5,3,0.018177490681409836,0.03159506618976593,1.4511665105819702
13500,mha_decoupled,moe,42,5,4,0.049982909113168716,0.051568884402513504,1.4511665105819702
13500,mha_decoupled,moe,42,5,5,0.02664794959127903,0.031679991632699966,1.4511665105819702
13500,mha_decoupled,moe,42,5,6,0.09828735142946243,0.08842979371547699,1.4511665105819702
13500,mha_decoupled,moe,42,5,7,0.05907348543405533,0.08088470250368118,1.4511665105819702
13500,mha_decoupled,moe,42,5,8,0.04894653335213661,0.06056287884712219,1.4511665105819702
13500,mha_decoupled,moe,42,5,9,0.05836791917681694,0.04456649720668793,1.4511665105819702
13500,mha_decoupled,moe,42,5,10,0.06768554449081421,0.07719890028238297,1.4511665105819702
13500,mha_decoupled,moe,42,5,11,0.057579346001148224,0.058450259268283844,1.4511665105819702
13500,mha_decoupled,moe,42,5,12,0.04222290217876434,0.05011311545968056,1.4511665105819702
13500,mha_decoupled,moe,42,5,13,0.05697998031973839,0.043649062514305115,1.4511665105819702
13500,mha_decoupled,moe,42,5,14,0.04886474460363388,0.05843998119235039,1.4511665105819702
13500,mha_decoupled,moe,42,5,15,0.08871947973966599,0.09732428193092346,1.4511665105819702
14000,mha_decoupled,moe,42,1,0,0.05840820446610451,0.06576437503099442,2.4996259212493896
14000,mha_decoupled,moe,42,1,1,0.06252685189247131,0.06524323672056198,2.4996259212493896
14000,mha_decoupled,moe,42,1,2,0.061115723103284836,0.055231161415576935,2.4996259212493896
14000,mha_decoupled,moe,42,1,3,0.0728771984577179,0.060727328062057495,2.4996259212493896
14000,mha_decoupled,moe,42,1,4,0.06242187321186066,0.06673405319452286,2.4996259212493896
14000,mha_decoupled,moe,42,1,5,0.059367675334215164,0.06382109969854355,2.4996259212493896
14000,mha_decoupled,moe,42,1,6,0.05635009706020355,0.05960835888981819,2.4996259212493896
14000,mha_decoupled,moe,42,1,7,0.053870849311351776,0.06392937898635864,2.4996259212493896
14000,mha_decoupled,moe,42,1,8,0.07675537467002869,0.06503823399543762,2.4996259212493896
14000,mha_decoupled,moe,42,1,9,0.063812255859375,0.06292644143104553,2.4996259212493896
14000,mha_decoupled,moe,42,1,10,0.06285034120082855,0.061828821897506714,2.4996259212493896
14000,mha_decoupled,moe,42,1,11,0.05760376155376434,0.057832270860672,2.4996259212493896
14000,mha_decoupled,moe,42,1,12,0.07011352479457855,0.06532853096723557,2.4996259212493896
14000,mha_decoupled,moe,42,1,13,0.05830200016498566,0.06205160915851593,2.4996259212493896
14000,mha_decoupled,moe,42,1,14,0.0656115710735321,0.06243116781115532,2.4996259212493896
14000,mha_decoupled,moe,42,1,15,0.058012694120407104,0.06150390952825546,2.4996259212493896
14000,mha_decoupled,moe,42,2,0,0.07820800691843033,0.06406126916408539,1.6730127334594727
14000,mha_decoupled,moe,42,2,1,0.05580810457468033,0.07120034843683243,1.6730127334594727
14000,mha_decoupled,moe,42,2,2,0.05948242172598839,0.044733282178640366,1.6730127334594727
14000,mha_decoupled,moe,42,2,3,0.06050781160593033,0.060736969113349915,1.6730127334594727
14000,mha_decoupled,moe,42,2,4,0.07114867866039276,0.05991692468523979,1.6730127334594727
14000,mha_decoupled,moe,42,2,5,0.0681469738483429,0.06927792727947235,1.6730127334594727
14000,mha_decoupled,moe,42,2,6,0.05818359553813934,0.05626960098743439,1.6730127334594727
14000,mha_decoupled,moe,42,2,7,0.060582276433706284,0.06553523242473602,1.6730127334594727
14000,mha_decoupled,moe,42,2,8,0.07297119498252869,0.06572596728801727,1.6730127334594727
14000,mha_decoupled,moe,42,2,9,0.08234374970197678,0.06033366546034813,1.6730127334594727
14000,mha_decoupled,moe,42,2,10,0.04837402328848839,0.0655861422419548,1.6730127334594727
14000,mha_decoupled,moe,42,2,11,0.044499512761831284,0.06452728062868118,1.6730127334594727
14000,mha_decoupled,moe,42,2,12,0.061589356511831284,0.05468422919511795,1.6730127334594727
14000,mha_decoupled,moe,42,2,13,0.060603026300668716,0.06482727825641632,1.6730127334594727
14000,mha_decoupled,moe,42,2,14,0.06684570014476776,0.07179221510887146,1.6730127334594727
14000,mha_decoupled,moe,42,2,15,0.05070556700229645,0.06079167500138283,1.6730127334594727
14000,mha_decoupled,moe,42,3,0,0.057075195014476776,0.07900525629520416,1.4113191366195679
14000,mha_decoupled,moe,42,3,1,0.045740965753793716,0.047562167048454285,1.4113191366195679
14000,mha_decoupled,moe,42,3,2,0.07175170630216599,0.07312927395105362,1.4113191366195679
14000,mha_decoupled,moe,42,3,3,0.10931884497404099,0.10033943504095078,1.4113191366195679
14000,mha_decoupled,moe,42,3,4,0.06199462711811066,0.05870544910430908,1.4113191366195679
14000,mha_decoupled,moe,42,3,5,0.04609741270542145,0.04134414717555046,1.4113191366195679
14000,mha_decoupled,moe,42,3,6,0.08683593571186066,0.0803234800696373,1.4113191366195679
14000,mha_decoupled,moe,42,3,7,0.04643310606479645,0.04861412197351456,1.4113191366195679
14000,mha_decoupled,moe,42,3,8,0.06386718899011612,0.05076199024915695,1.4113191366195679
14000,mha_decoupled,moe,42,3,9,0.05408569425344467,0.06183980405330658,1.4113191366195679
14000,mha_decoupled,moe,42,3,10,0.04187988117337227,0.047603897750377655,1.4113191366195679
14000,mha_decoupled,moe,42,3,11,0.046180419623851776,0.05290701985359192,1.4113191366195679
14000,mha_decoupled,moe,42,3,12,0.06943237036466599,0.061385199427604675,1.4113191366195679
14000,mha_decoupled,moe,42,3,13,0.0664990246295929,0.07306347042322159,1.4113191366195679
14000,mha_decoupled,moe,42,3,14,0.0725085437297821,0.06814250349998474,1.4113191366195679
14000,mha_decoupled,moe,42,3,15,0.06029907241463661,0.05527278408408165,1.4113191366195679
14000,mha_decoupled,moe,42,4,0,0.05174560472369194,0.07669501006603241,1.2491852045059204
14000,mha_decoupled,moe,42,4,1,0.07083496451377869,0.061661649495363235,1.2491852045059204
14000,mha_decoupled,moe,42,4,2,0.05262939631938934,0.05934801697731018,1.2491852045059204
14000,mha_decoupled,moe,42,4,3,0.06152587756514549,0.06801500916481018,1.2491852045059204
14000,mha_decoupled,moe,42,4,4,0.05920166149735451,0.056919220834970474,1.2491852045059204
14000,mha_decoupled,moe,42,4,5,0.05905517563223839,0.05183906853199005,1.2491852045059204
14000,mha_decoupled,moe,42,4,6,0.05411132797598839,0.05020665004849434,1.2491852045059204
14000,mha_decoupled,moe,42,4,7,0.03448120132088661,0.03424741327762604,1.2491852045059204
14000,mha_decoupled,moe,42,4,8,0.054564207792282104,0.06679128855466843,1.2491852045059204
14000,mha_decoupled,moe,42,4,9,0.08626220375299454,0.07733795791864395,1.2491852045059204
14000,mha_decoupled,moe,42,4,10,0.08901000767946243,0.07555421441793442,1.2491852045059204
14000,mha_decoupled,moe,42,4,11,0.043632812798023224,0.041164956986904144,1.2491852045059204
14000,mha_decoupled,moe,42,4,12,0.056560058146715164,0.0797557532787323,1.2491852045059204
14000,mha_decoupled,moe,42,4,13,0.07531493902206421,0.0670388862490654,1.2491852045059204
14000,mha_decoupled,moe,42,4,14,0.08580810576677322,0.06920965015888214,1.2491852045059204
14000,mha_decoupled,moe,42,4,15,0.06526245176792145,0.06421530991792679,1.2491852045059204
14000,mha_decoupled,moe,42,5,0,0.09653686732053757,0.0720139667391777,1.4580765962600708
14000,mha_decoupled,moe,42,5,1,0.08374878019094467,0.07231184840202332,1.4580765962600708
14000,mha_decoupled,moe,42,5,2,0.09508056938648224,0.07916609942913055,1.4580765962600708
14000,mha_decoupled,moe,42,5,3,0.020247802138328552,0.03348008915781975,1.4580765962600708
14000,mha_decoupled,moe,42,5,4,0.050697021186351776,0.05235876142978668,1.4580765962600708
14000,mha_decoupled,moe,42,5,5,0.025101318955421448,0.030323324725031853,1.4580765962600708
14000,mha_decoupled,moe,42,5,6,0.09769043326377869,0.08788436651229858,1.4580765962600708
14000,mha_decoupled,moe,42,5,7,0.059263914823532104,0.0803569108247757,1.4580765962600708
14000,mha_decoupled,moe,42,5,8,0.04798950254917145,0.059839993715286255,1.4580765962600708
14000,mha_decoupled,moe,42,5,9,0.060606688261032104,0.04677284136414528,1.4580765962600708
14000,mha_decoupled,moe,42,5,10,0.06477294862270355,0.07495291531085968,1.4580765962600708
14000,mha_decoupled,moe,42,5,11,0.05780029296875,0.060120053589344025,1.4580765962600708
14000,mha_decoupled,moe,42,5,12,0.04362304508686066,0.05034060776233673,1.4580765962600708
14000,mha_decoupled,moe,42,5,13,0.06006225571036339,0.045934420078992844,1.4580765962600708
14000,mha_decoupled,moe,42,5,14,0.049713134765625,0.05888034403324127,1.4580765962600708
14000,mha_decoupled,moe,42,5,15,0.0870654284954071,0.09526342153549194,1.4580765962600708
14500,mha_decoupled,moe,42,1,0,0.05792236328125,0.06553134322166443,2.495277166366577
14500,mha_decoupled,moe,42,1,1,0.061912842094898224,0.06532374769449234,2.495277166366577
14500,mha_decoupled,moe,42,1,2,0.05872436612844467,0.054283563047647476,2.495277166366577
14500,mha_decoupled,moe,42,1,3,0.07291137427091599,0.06066788360476494,2.495277166366577
14500,mha_decoupled,moe,42,1,4,0.058686524629592896,0.06588044762611389,2.495277166366577
14500,mha_decoupled,moe,42,1,5,0.059083253145217896,0.06384076923131943,2.495277166366577
14500,mha_decoupled,moe,42,1,6,0.056793212890625,0.05977984517812729,2.495277166366577
14500,mha_decoupled,moe,42,1,7,0.06055053696036339,0.06399054825305939,2.495277166366577
14500,mha_decoupled,moe,42,1,8,0.07414916902780533,0.06378912925720215,2.495277166366577
14500,mha_decoupled,moe,42,1,9,0.06563354283571243,0.06413041055202484,2.495277166366577
14500,mha_decoupled,moe,42,1,10,0.06319946050643921,0.06224881485104561,2.495277166366577
14500,mha_decoupled,moe,42,1,11,0.06353759765625,0.06089024618268013,2.495277166366577
14500,mha_decoupled,moe,42,1,12,0.0676257312297821,0.06407885253429413,2.495277166366577
14500,mha_decoupled,moe,42,1,13,0.056975096464157104,0.0615871399641037,2.495277166366577
14500,mha_decoupled,moe,42,1,14,0.06100219860672951,0.060731563717126846,2.495277166366577
14500,mha_decoupled,moe,42,1,15,0.06129272282123566,0.0632457360625267,2.495277166366577
14500,mha_decoupled,moe,42,2,0,0.07918212562799454,0.06429559737443924,1.6721224784851074
14500,mha_decoupled,moe,42,2,1,0.057280272245407104,0.07201817631721497,1.6721224784851074
14500,mha_decoupled,moe,42,2,2,0.05933471769094467,0.04396196827292442,1.6721224784851074
14500,mha_decoupled,moe,42,2,3,0.061760254204273224,0.06129085645079613,1.6721224784851074
14500,mha_decoupled,moe,42,2,4,0.06855957210063934,0.05776810273528099,1.6721224784851074
14500,mha_decoupled,moe,42,2,5,0.06728271394968033,0.06896580755710602,1.6721224784851074
14500,mha_decoupled,moe,42,2,6,0.057988282293081284,0.056291982531547546,1.6721224784851074
14500,mha_decoupled,moe,42,2,7,0.06146240234375,0.06622379273176193,1.6721224784851074
14500,mha_decoupled,moe,42,2,8,0.07349731773138046,0.06616298854351044,1.6721224784851074
14500,mha_decoupled,moe,42,2,9,0.08425293117761612,0.06191657856106758,1.6721224784851074
14500,mha_decoupled,moe,42,2,10,0.047419432550668716,0.06540035456418991,1.6721224784851074
14500,mha_decoupled,moe,42,2,11,0.045805662870407104,0.06643052399158478,1.6721224784851074
14500,mha_decoupled,moe,42,2,12,0.061604004353284836,0.054623380303382874,1.6721224784851074
14500,mha_decoupled,moe,42,2,13,0.061555176973342896,0.0668073371052742,1.6721224784851074
14500,mha_decoupled,moe,42,2,14,0.06550171226263046,0.06954251229763031,1.6721224784851074
14500,mha_decoupled,moe,42,2,15,0.04751342907547951,0.05830004811286926,1.6721224784851074
14500,mha_decoupled,moe,42,3,0,0.05427856370806694,0.0763198733329773,1.4142526388168335
14500,mha_decoupled,moe,42,3,1,0.04714111238718033,0.04906085878610611,1.4142526388168335
14500,mha_decoupled,moe,42,3,2,0.07188110053539276,0.0736917108297348,1.4142526388168335
14500,mha_decoupled,moe,42,3,3,0.11007080227136612,0.10058894753456116,1.4142526388168335
14500,mha_decoupled,moe,42,3,4,0.06466186791658401,0.06207060441374779,1.4142526388168335
14500,mha_decoupled,moe,42,3,5,0.043769530951976776,0.0382377989590168,1.4142526388168335
14500,mha_decoupled,moe,42,3,6,0.0889599621295929,0.08282685279846191,1.4142526388168335
14500,mha_decoupled,moe,42,3,7,0.04695678874850273,0.04860393702983856,1.4142526388168335
14500,mha_decoupled,moe,42,3,8,0.06073974445462227,0.049075137823820114,1.4142526388168335
14500,mha_decoupled,moe,42,3,9,0.05388183519244194,0.06169926002621651,1.4142526388168335
14500,mha_decoupled,moe,42,3,10,0.04356689378619194,0.048325661569833755,1.4142526388168335
14500,mha_decoupled,moe,42,3,11,0.04656127840280533,0.05307604372501373,1.4142526388168335
14500,mha_decoupled,moe,42,3,12,0.06977538764476776,0.06127653643488884,1.4142526388168335
14500,mha_decoupled,moe,42,3,13,0.06911743432283401,0.07516807317733765,1.4142526388168335
14500,mha_decoupled,moe,42,3,14,0.0695202648639679,0.06519424170255661,1.4142526388168335
14500,mha_decoupled,moe,42,3,15,0.059117432683706284,0.05478443205356598,1.4142526388168335
14500,mha_decoupled,moe,42,4,0,0.052009277045726776,0.07601389288902283,1.2511769533157349
14500,mha_decoupled,moe,42,4,1,0.07084594666957855,0.06175057962536812,1.2511769533157349
14500,mha_decoupled,moe,42,4,2,0.05270141735672951,0.05863319709897041,1.2511769533157349
14500,mha_decoupled,moe,42,4,3,0.05989990383386612,0.0658937320113182,1.2511769533157349
14500,mha_decoupled,moe,42,4,4,0.06017456203699112,0.0577351376414299,1.2511769533157349
14500,mha_decoupled,moe,42,4,5,0.05879882723093033,0.05128646269440651,1.2511769533157349
14500,mha_decoupled,moe,42,4,6,0.054351806640625,0.05018331855535507,1.2511769533157349
14500,mha_decoupled,moe,42,4,7,0.03334716707468033,0.033664606511592865,1.2511769533157349
14500,mha_decoupled,moe,42,4,8,0.054838865995407104,0.06724551320075989,1.2511769533157349
14500,mha_decoupled,moe,42,4,9,0.08502807468175888,0.07541020959615707,1.2511769533157349
14500,mha_decoupled,moe,42,4,10,0.08960693329572678,0.07606005668640137,1.2511769533157349
14500,mha_decoupled,moe,42,4,11,0.04533447325229645,0.04273984581232071,1.2511769533157349
14500,mha_decoupled,moe,42,4,12,0.05659789964556694,0.08010166138410568,1.2511769533157349
14500,mha_decoupled,moe,42,4,13,0.07468017935752869,0.0673615038394928,1.2511769533157349
14500,mha_decoupled,moe,42,4,14,0.08498413115739822,0.07008083909749985,1.2511769533157349
14500,mha_decoupled,moe,42,4,15,0.06680053472518921,0.06583944708108902,1.2511769533157349
14500,mha_decoupled,moe,42,5,0,0.0980847179889679,0.07329931855201721,1.453733205795288
14500,mha_decoupled,moe,42,5,1,0.08347900211811066,0.07255745679140091,1.453733205795288
14500,mha_decoupled,moe,42,5,2,0.09479369968175888,0.07957816869020462,1.453733205795288
14500,mha_decoupled,moe,42,5,3,0.01808471605181694,0.030946653336286545,1.453733205795288
14500,mha_decoupled,moe,42,5,4,0.050385743379592896,0.05192785710096359,1.453733205795288
14500,mha_decoupled,moe,42,5,5,0.025926513597369194,0.031454432755708694,1.453733205795288
14500,mha_decoupled,moe,42,5,6,0.0980847179889679,0.0885838121175766,1.453733205795288
14500,mha_decoupled,moe,42,5,7,0.06068115308880806,0.08143853396177292,1.453733205795288
14500,mha_decoupled,moe,42,5,8,0.046519774943590164,0.05754218250513077,1.453733205795288
14500,mha_decoupled,moe,42,5,9,0.06077270582318306,0.04661006107926369,1.453733205795288
14500,mha_decoupled,moe,42,5,10,0.06485595554113388,0.07586628198623657,1.453733205795288
14500,mha_decoupled,moe,42,5,11,0.05854126065969467,0.05980194732546806,1.453733205795288
14500,mha_decoupled,moe,42,5,12,0.04190307483077049,0.049316611140966415,1.453733205795288
14500,mha_decoupled,moe,42,5,13,0.058220215141773224,0.04461158812046051,1.453733205795288
14500,mha_decoupled,moe,42,5,14,0.05172119289636612,0.06057729572057724,1.453733205795288
14500,mha_decoupled,moe,42,5,15,0.08794555813074112,0.09588777273893356,1.453733205795288
15000,mha_decoupled,moe,42,1,0,0.06171508878469467,0.06690157204866409,2.4917452335357666
15000,mha_decoupled,moe,42,1,1,0.06068481504917145,0.06491140276193619,2.4917452335357666
15000,mha_decoupled,moe,42,1,2,0.06282959133386612,0.05415761098265648,2.4917452335357666
15000,mha_decoupled,moe,42,1,3,0.06376221030950546,0.05787033960223198,2.4917452335357666
15000,mha_decoupled,moe,42,1,4,0.06268554925918579,0.06686963886022568,2.4917452335357666
15000,mha_decoupled,moe,42,1,5,0.058100584894418716,0.06420313566923141,2.4917452335357666
15000,mha_decoupled,moe,42,1,6,0.057322997599840164,0.060517679899930954,2.4917452335357666
15000,mha_decoupled,moe,42,1,7,0.054173585027456284,0.06292428076267242,2.4917452335357666
15000,mha_decoupled,moe,42,1,8,0.073638916015625,0.06405100971460342,2.4917452335357666
15000,mha_decoupled,moe,42,1,9,0.06196777522563934,0.0625101625919342,2.4917452335357666
15000,mha_decoupled,moe,42,1,10,0.06336059421300888,0.06284547597169876,2.4917452335357666
15000,mha_decoupled,moe,42,1,11,0.06097778305411339,0.059512604027986526,2.4917452335357666
15000,mha_decoupled,moe,42,1,12,0.06793823093175888,0.06516432017087936,2.4917452335357666
15000,mha_decoupled,moe,42,1,13,0.05824463069438934,0.06258974969387054,2.4917452335357666
15000,mha_decoupled,moe,42,1,14,0.07376708835363388,0.06310458481311798,2.4917452335357666
15000,mha_decoupled,moe,42,1,15,0.058830566704273224,0.06186643987894058,2.4917452335357666
15000,mha_decoupled,moe,42,2,0,0.07686767727136612,0.06315531581640244,1.672052264213562
15000,mha_decoupled,moe,42,2,1,0.055797118693590164,0.07035832107067108,1.672052264213562
15000,mha_decoupled,moe,42,2,2,0.05914062634110451,0.04442223906517029,1.672052264213562
15000,mha_decoupled,moe,42,2,3,0.06385619938373566,0.06313636898994446,1.672052264213562
15000,mha_decoupled,moe,42,2,4,0.06910400092601776,0.05763210728764534,1.672052264213562
15000,mha_decoupled,moe,42,2,5,0.06835205107927322,0.07034312933683395,1.672052264213562
15000,mha_decoupled,moe,42,2,6,0.05531005933880806,0.05434131249785423,1.672052264213562
15000,mha_decoupled,moe,42,2,7,0.0609130859375,0.06568088382482529,1.672052264213562
15000,mha_decoupled,moe,42,2,8,0.07301147282123566,0.06562291830778122,1.672052264213562
15000,mha_decoupled,moe,42,2,9,0.08432373404502869,0.06179109215736389,1.672052264213562
15000,mha_decoupled,moe,42,2,10,0.04754272475838661,0.065412737429142,1.672052264213562
15000,mha_decoupled,moe,42,2,11,0.04623657092452049,0.06629043817520142,1.672052264213562
15000,mha_decoupled,moe,42,2,12,0.06322143226861954,0.05513946712017059,1.672052264213562
15000,mha_decoupled,moe,42,2,13,0.060496825724840164,0.06606447696685791,1.672052264213562
15000,mha_decoupled,moe,42,2,14,0.0669238269329071,0.07133593410253525,1.672052264213562
15000,mha_decoupled,moe,42,2,15,0.04890258610248566,0.05927325412631035,1.672052264213562
15000,mha_decoupled,moe,42,3,0,0.055662840604782104,0.07780387997627258,1.406752347946167
15000,mha_decoupled,moe,42,3,1,0.04731689393520355,0.04872068762779236,1.406752347946167
15000,mha_decoupled,moe,42,3,2,0.07265502959489822,0.07370471954345703,1.406752347946167
15000,mha_decoupled,moe,42,3,3,0.10876831412315369,0.10072602331638336,1.406752347946167
15000,mha_decoupled,moe,42,3,4,0.06144409254193306,0.058378916233778,1.406752347946167
15000,mha_decoupled,moe,42,3,5,0.04233154281973839,0.0380929596722126,1.406752347946167
15000,mha_decoupled,moe,42,3,6,0.0875537097454071,0.08129078149795532,1.406752347946167
15000,mha_decoupled,moe,42,3,7,0.04523681476712227,0.047657135874032974,1.406752347946167
15000,mha_decoupled,moe,42,3,8,0.06195434555411339,0.04979250952601433,1.406752347946167
15000,mha_decoupled,moe,42,3,9,0.05446777492761612,0.06221644952893257,1.406752347946167
15000,mha_decoupled,moe,42,3,10,0.04318847507238388,0.048175062984228134,1.406752347946167
15000,mha_decoupled,moe,42,3,11,0.04776977375149727,0.05435257777571678,1.406752347946167
15000,mha_decoupled,moe,42,3,12,0.07048828154802322,0.06188825145363808,1.406752347946167
15000,mha_decoupled,moe,42,3,13,0.06933838129043579,0.07486769556999207,1.406752347946167
15000,mha_decoupled,moe,42,3,14,0.06984496861696243,0.06533540785312653,1.406752347946167
15000,mha_decoupled,moe,42,3,15,0.06197876110672951,0.0569969117641449,1.406752347946167
15000,mha_decoupled,moe,42,4,0,0.052501220256090164,0.07746651023626328,1.24575674533844
15000,mha_decoupled,moe,42,4,1,0.06964111328125,0.060535527765750885,1.24575674533844
15000,mha_decoupled,moe,42,4,2,0.05287475511431694,0.059636905789375305,1.24575674533844
15000,mha_decoupled,moe,42,4,3,0.061866454780101776,0.06828249245882034,1.24575674533844
15000,mha_decoupled,moe,42,4,4,0.05943481624126434,0.057816579937934875,1.24575674533844
15000,mha_decoupled,moe,42,4,5,0.05942016467452049,0.05253288894891739,1.24575674533844
15000,mha_decoupled,moe,42,4,6,0.05607421696186066,0.05167659372091293,1.24575674533844
15000,mha_decoupled,moe,42,4,7,0.033867187798023224,0.034082505851984024,1.24575674533844
15000,mha_decoupled,moe,42,4,8,0.053657226264476776,0.06471763551235199,1.24575674533844
15000,mha_decoupled,moe,42,4,9,0.08573730289936066,0.07620610296726227,1.24575674533844
15000,mha_decoupled,moe,42,4,10,0.0892333984375,0.07574047893285751,1.24575674533844
15000,mha_decoupled,moe,42,4,11,0.04297241196036339,0.040467072278261185,1.24575674533844
15000,mha_decoupled,moe,42,4,12,0.05503784120082855,0.07723909616470337,1.24575674533844
15000,mha_decoupled,moe,42,4,13,0.07470336556434631,0.06803429126739502,1.24575674533844
15000,mha_decoupled,moe,42,4,14,0.08561279624700546,0.06953179836273193,1.24575674533844
15000,mha_decoupled,moe,42,4,15,0.06736572086811066,0.06603356450796127,1.24575674533844
15000,mha_decoupled,moe,42,5,0,0.09685180336236954,0.07272927463054657,1.454847812652588
15000,mha_decoupled,moe,42,5,1,0.0829174816608429,0.0715748518705368,1.454847812652588
15000,mha_decoupled,moe,42,5,2,0.09435180574655533,0.07838036864995956,1.454847812652588
15000,mha_decoupled,moe,42,5,3,0.018076172098517418,0.03128092736005783,1.454847812652588
15000,mha_decoupled,moe,42,5,4,0.05155761539936066,0.05261502414941788,1.454847812652588
15000,mha_decoupled,moe,42,5,5,0.02586669847369194,0.031072542071342468,1.454847812652588
15000,mha_decoupled,moe,42,5,6,0.09920898079872131,0.08981141448020935,1.454847812652588
15000,mha_decoupled,moe,42,5,7,0.059992674738168716,0.08111973851919174,1.454847812652588
15000,mha_decoupled,moe,42,5,8,0.048894044011831284,0.060331445187330246,1.454847812652588
15000,mha_decoupled,moe,42,5,9,0.06187622249126434,0.04753918945789337,1.454847812652588
15000,mha_decoupled,moe,42,5,10,0.06517700105905533,0.0757410079240799,1.454847812652588
15000,mha_decoupled,moe,42,5,11,0.05804687365889549,0.05948837846517563,1.454847812652588
15000,mha_decoupled,moe,42,5,12,0.042991943657398224,0.05126631259918213,1.454847812652588
15000,mha_decoupled,moe,42,5,13,0.05959228426218033,0.04548630118370056,1.454847812652588
15000,mha_decoupled,moe,42,5,14,0.04884033277630806,0.057986874133348465,1.454847812652588
15000,mha_decoupled,moe,42,5,15,0.08575806021690369,0.09357637166976929,1.454847812652588
