iter,attn_mode,backbone,seed,layer,expert,selected_fraction,mean_probability,router_entropy
0,mla_decoupled,moe,456,1,0,0.04316161945462227,0.056726206094026566,2.625170946121216
0,mla_decoupled,moe,456,1,1,0.057170409709215164,0.06136873736977577,2.625170946121216
0,mla_decoupled,moe,456,1,2,0.04992919787764549,0.05593672767281532,2.625170946121216
0,mla_decoupled,moe,456,1,3,0.08775635063648224,0.06927261501550674,2.625170946121216
0,mla_decoupled,moe,456,1,4,0.04364013671875,0.05808423087000847,2.625170946121216
0,mla_decoupled,moe,456,1,5,0.047633055597543716,0.05682504549622536,2.625170946121216
0,mla_decoupled,moe,456,1,6,0.09154053032398224,0.07253824919462204,2.625170946121216
0,mla_decoupled,moe,456,1,7,0.03158935531973839,0.05358380824327469,2.625170946121216
0,mla_decoupled,moe,456,1,8,0.04949096590280533,0.05479665845632553,2.625170946121216
0,mla_decoupled,moe,456,1,9,0.0693652331829071,0.06680146604776382,2.625170946121216
0,mla_decoupled,moe,456,1,10,0.09250610321760178,0.07083037495613098,2.625170946121216
0,mla_decoupled,moe,456,1,11,0.05477050691843033,0.06165555492043495,2.625170946121216
0,mla_decoupled,moe,456,1,12,0.08007080107927322,0.06680107861757278,2.625170946121216
0,mla_decoupled,moe,456,1,13,0.05790649354457855,0.0625796914100647,2.625170946121216
0,mla_decoupled,moe,456,1,14,0.09115844964981079,0.07146403938531876,2.625170946121216
0,mla_decoupled,moe,456,1,15,0.05231079086661339,0.06073549762368202,2.625170946121216
0,mla_decoupled,moe,456,2,0,0.0625317394733429,0.0638282522559166,2.6178271770477295
0,mla_decoupled,moe,456,2,1,0.03727538883686066,0.053195521235466,2.6178271770477295
0,mla_decoupled,moe,456,2,2,0.04134765639901161,0.05749843269586563,2.6178271770477295
0,mla_decoupled,moe,456,2,3,0.13569824397563934,0.08333173394203186,2.6178271770477295
0,mla_decoupled,moe,456,2,4,0.04084228351712227,0.05487552285194397,2.6178271770477295
0,mla_decoupled,moe,456,2,5,0.030031738802790642,0.05013572797179222,2.6178271770477295
0,mla_decoupled,moe,456,2,6,0.051777344197034836,0.0582001730799675,2.6178271770477295
0,mla_decoupled,moe,456,2,7,0.03615356609225273,0.054826680570840836,2.6178271770477295
0,mla_decoupled,moe,456,2,8,0.11448852717876434,0.07952986657619476,2.6178271770477295
0,mla_decoupled,moe,456,2,9,0.044157713651657104,0.058578308671712875,2.6178271770477295
0,mla_decoupled,moe,456,2,10,0.05918700993061066,0.06071498245000839,2.6178271770477295
0,mla_decoupled,moe,456,2,11,0.03978271409869194,0.055855222046375275,2.6178271770477295
0,mla_decoupled,moe,456,2,12,0.0867919921875,0.0679408386349678,2.6178271770477295
0,mla_decoupled,moe,456,2,13,0.03322998061776161,0.054663658142089844,2.6178271770477295
0,mla_decoupled,moe,456,2,14,0.11430297791957855,0.08010707795619965,2.6178271770477295
0,mla_decoupled,moe,456,2,15,0.07240112125873566,0.06671801209449768,2.6178271770477295
0,mla_decoupled,moe,456,3,0,0.05764404311776161,0.05998369678854942,2.6173346042633057
0,mla_decoupled,moe,456,3,1,0.06834717094898224,0.06477019935846329,2.6173346042633057
0,mla_decoupled,moe,456,3,2,0.10362549126148224,0.07519443333148956,2.6173346042633057
0,mla_decoupled,moe,456,3,3,0.03438110277056694,0.05163748562335968,2.6173346042633057
0,mla_decoupled,moe,456,3,4,0.042011719197034836,0.05467142537236214,2.6173346042633057
0,mla_decoupled,moe,456,3,5,0.040465086698532104,0.05431872233748436,2.6173346042633057
0,mla_decoupled,moe,456,3,6,0.06594116240739822,0.06450006365776062,2.6173346042633057
0,mla_decoupled,moe,456,3,7,0.10251953452825546,0.07676942646503448,2.6173346042633057
0,mla_decoupled,moe,456,3,8,0.06553833186626434,0.06517098098993301,2.6173346042633057
0,mla_decoupled,moe,456,3,9,0.03409668058156967,0.053383585065603256,2.6173346042633057
0,mla_decoupled,moe,456,3,10,0.06625976413488388,0.06555016338825226,2.6173346042633057
0,mla_decoupled,moe,456,3,11,0.03259643539786339,0.05343914031982422,2.6173346042633057
0,mla_decoupled,moe,456,3,12,0.04312988370656967,0.05719462409615517,2.6173346042633057
0,mla_decoupled,moe,456,3,13,0.1469152867794037,0.08854834735393524,2.6173346042633057
0,mla_decoupled,moe,456,3,14,0.07617431879043579,0.06908848881721497,2.6173346042633057
0,mla_decoupled,moe,456,3,15,0.020354004576802254,0.04577919840812683,2.6173346042633057
0,mla_decoupled,moe,456,4,0,0.05668945237994194,0.05987422540783882,2.621868848800659
0,mla_decoupled,moe,456,4,1,0.026322022080421448,0.05240343511104584,2.621868848800659
0,mla_decoupled,moe,456,4,2,0.02092285081744194,0.044043321162462234,2.621868848800659
0,mla_decoupled,moe,456,4,3,0.1603710949420929,0.0897686555981636,2.621868848800659
0,mla_decoupled,moe,456,4,4,0.03495971858501434,0.055872153490781784,2.621868848800659
0,mla_decoupled,moe,456,4,5,0.06722167879343033,0.06488703191280365,2.621868848800659
0,mla_decoupled,moe,456,4,6,0.06077270582318306,0.06301530450582504,2.621868848800659
0,mla_decoupled,moe,456,4,7,0.03834350407123566,0.05575677007436752,2.621868848800659
0,mla_decoupled,moe,456,4,8,0.03538574278354645,0.0540088452398777,2.621868848800659
0,mla_decoupled,moe,456,4,9,0.16367797553539276,0.09048427641391754,2.621868848800659
0,mla_decoupled,moe,456,4,10,0.051585692912340164,0.059153638780117035,2.621868848800659
0,mla_decoupled,moe,456,4,11,0.059937745332717896,0.06364249438047409,2.621868848800659
0,mla_decoupled,moe,456,4,12,0.05244995281100273,0.0606987364590168,2.621868848800659
0,mla_decoupled,moe,456,4,13,0.03603759780526161,0.05547620356082916,2.621868848800659
0,mla_decoupled,moe,456,4,14,0.05270141735672951,0.06172190606594086,2.621868848800659
0,mla_decoupled,moe,456,4,15,0.08262085169553757,0.06919298321008682,2.621868848800659
0,mla_decoupled,moe,456,5,0,0.019022217020392418,0.04637853056192398,2.6189441680908203
0,mla_decoupled,moe,456,5,1,0.08952758461236954,0.07216248661279678,2.6189441680908203
0,mla_decoupled,moe,456,5,2,0.021566161885857582,0.04724390059709549,2.6189441680908203
0,mla_decoupled,moe,456,5,3,0.04936157166957855,0.05794493854045868,2.6189441680908203
0,mla_decoupled,moe,456,5,4,0.043305665254592896,0.05810435116291046,2.6189441680908203
0,mla_decoupled,moe,456,5,5,0.10519042611122131,0.07706674933433533,2.6189441680908203
0,mla_decoupled,moe,456,5,6,0.09764526039361954,0.07445260882377625,2.6189441680908203
0,mla_decoupled,moe,456,5,7,0.03577026352286339,0.05297807231545448,2.6189441680908203
0,mla_decoupled,moe,456,5,8,0.08153197914361954,0.07126705348491669,2.6189441680908203
0,mla_decoupled,moe,456,5,9,0.037568360567092896,0.05380283296108246,2.6189441680908203
0,mla_decoupled,moe,456,5,10,0.10627563297748566,0.07743030786514282,2.6189441680908203
0,mla_decoupled,moe,456,5,11,0.13326415419578552,0.08379524201154709,2.6189441680908203
0,mla_decoupled,moe,456,5,12,0.051929932087659836,0.05823173001408577,2.6189441680908203
0,mla_decoupled,moe,456,5,13,0.021369628608226776,0.05040327459573746,2.6189441680908203
0,mla_decoupled,moe,456,5,14,0.022811278700828552,0.04795006662607193,2.6189441680908203
0,mla_decoupled,moe,456,5,15,0.08385986089706421,0.07078786939382553,2.6189441680908203
500,mla_decoupled,moe,456,1,0,0.05723022297024727,0.05465744435787201,2.3364198207855225
500,mla_decoupled,moe,456,1,1,0.054472655057907104,0.058216825127601624,2.3364198207855225
500,mla_decoupled,moe,456,1,2,0.060423582792282104,0.060808077454566956,2.3364198207855225
500,mla_decoupled,moe,456,1,3,0.08155883848667145,0.06972570717334747,2.3364198207855225
500,mla_decoupled,moe,456,1,4,0.059569090604782104,0.06122599542140961,2.3364198207855225
500,mla_decoupled,moe,456,1,5,0.04072265699505806,0.045423850417137146,2.3364198207855225
500,mla_decoupled,moe,456,1,6,0.055842284113168716,0.0570841021835804,2.3364198207855225
500,mla_decoupled,moe,456,1,7,0.041199952363967896,0.04987480491399765,2.3364198207855225
500,mla_decoupled,moe,456,1,8,0.06301025301218033,0.06759494543075562,2.3364198207855225
500,mla_decoupled,moe,456,1,9,0.06551025062799454,0.06586279720067978,2.3364198207855225
500,mla_decoupled,moe,456,1,10,0.08543212711811066,0.06879054754972458,2.3364198207855225
500,mla_decoupled,moe,456,1,11,0.07386596500873566,0.06981978565454483,2.3364198207855225
500,mla_decoupled,moe,456,1,12,0.06792480498552322,0.06902213394641876,2.3364198207855225
500,mla_decoupled,moe,456,1,13,0.05725463852286339,0.06328195333480835,2.3364198207855225
500,mla_decoupled,moe,456,1,14,0.060218505561351776,0.06857390701770782,2.3364198207855225
500,mla_decoupled,moe,456,1,15,0.07576415687799454,0.07003714889287949,2.3364198207855225
500,mla_decoupled,moe,456,2,0,0.05184570327401161,0.0639810562133789,2.418060302734375
500,mla_decoupled,moe,456,2,1,0.07488403469324112,0.06404433399438858,2.418060302734375
500,mla_decoupled,moe,456,2,2,0.06453125178813934,0.06963437795639038,2.418060302734375
500,mla_decoupled,moe,456,2,3,0.034687500447034836,0.05775034427642822,2.418060302734375
500,mla_decoupled,moe,456,2,4,0.06797363609075546,0.06928126513957977,2.418060302734375
500,mla_decoupled,moe,456,2,5,0.06093383952975273,0.06695616245269775,2.418060302734375
500,mla_decoupled,moe,456,2,6,0.07490234076976776,0.07169689983129501,2.418060302734375
500,mla_decoupled,moe,456,2,7,0.05229370296001434,0.05337429419159889,2.418060302734375
500,mla_decoupled,moe,456,2,8,0.03441528230905533,0.054290447384119034,2.418060302734375
500,mla_decoupled,moe,456,2,9,0.060792237520217896,0.06030065193772316,2.418060302734375
500,mla_decoupled,moe,456,2,10,0.043049316853284836,0.03717761114239693,2.418060302734375
500,mla_decoupled,moe,456,2,11,0.06172241270542145,0.062193650752305984,2.418060302734375
500,mla_decoupled,moe,456,2,12,0.08245849609375,0.06155310198664665,2.418060302734375
500,mla_decoupled,moe,456,2,13,0.07752563804388046,0.06861387938261032,2.418060302734375
500,mla_decoupled,moe,456,2,14,0.09217773377895355,0.07927991449832916,2.418060302734375
500,mla_decoupled,moe,456,2,15,0.06580688804388046,0.059871964156627655,2.418060302734375
500,mla_decoupled,moe,456,3,0,0.05149170011281967,0.05167726054787636,2.167877197265625
500,mla_decoupled,moe,456,3,1,0.04490356519818306,0.058437857776880264,2.167877197265625
500,mla_decoupled,moe,456,3,2,0.030455322936177254,0.05079943686723709,2.167877197265625
500,mla_decoupled,moe,456,3,3,0.02768554724752903,0.040890198200941086,2.167877197265625
500,mla_decoupled,moe,456,3,4,0.06774414330720901,0.06241648271679878,2.167877197265625
500,mla_decoupled,moe,456,3,5,0.07530639320611954,0.06585425138473511,2.167877197265625
500,mla_decoupled,moe,456,3,6,0.08725952357053757,0.0746874287724495,2.167877197265625
500,mla_decoupled,moe,456,3,7,0.07103759795427322,0.07008839398622513,2.167877197265625
500,mla_decoupled,moe,456,3,8,0.06015991047024727,0.06254372000694275,2.167877197265625
500,mla_decoupled,moe,456,3,9,0.09101196378469467,0.0764647126197815,2.167877197265625
500,mla_decoupled,moe,456,3,10,0.05346435680985451,0.05426262319087982,2.167877197265625
500,mla_decoupled,moe,456,3,11,0.07742797583341599,0.06548287719488144,2.167877197265625
500,mla_decoupled,moe,456,3,12,0.07408691197633743,0.07377676665782928,2.167877197265625
500,mla_decoupled,moe,456,3,13,0.09014648199081421,0.07201219350099564,2.167877197265625
500,mla_decoupled,moe,456,3,14,0.05661376938223839,0.06599658727645874,2.167877197265625
500,mla_decoupled,moe,456,3,15,0.04120483249425888,0.05460924282670021,2.167877197265625
500,mla_decoupled,moe,456,4,0,0.06662964075803757,0.064475879073143,1.978675127029419
500,mla_decoupled,moe,456,4,1,0.024534912779927254,0.03825204446911812,1.978675127029419
500,mla_decoupled,moe,456,4,2,0.0730883777141571,0.06855818629264832,1.978675127029419
500,mla_decoupled,moe,456,4,3,0.04308227449655533,0.04380365461111069,1.978675127029419
500,mla_decoupled,moe,456,4,4,0.075103759765625,0.06958676129579544,1.978675127029419
500,mla_decoupled,moe,456,4,5,0.0716552734375,0.06281986832618713,1.978675127029419
500,mla_decoupled,moe,456,4,6,0.06680664420127869,0.0667705312371254,1.978675127029419
500,mla_decoupled,moe,456,4,7,0.053352050483226776,0.049436263740062714,1.978675127029419
500,mla_decoupled,moe,456,4,8,0.07273437827825546,0.07741128653287888,1.978675127029419
500,mla_decoupled,moe,456,4,9,0.03276367112994194,0.04400457814335823,1.978675127029419
500,mla_decoupled,moe,456,4,10,0.05965210124850273,0.05261101573705673,1.978675127029419
500,mla_decoupled,moe,456,4,11,0.06552856415510178,0.06031288579106331,1.978675127029419
500,mla_decoupled,moe,456,4,12,0.08986206352710724,0.09275831282138824,1.978675127029419
500,mla_decoupled,moe,456,4,13,0.04854004085063934,0.05058318004012108,1.978675127029419
500,mla_decoupled,moe,456,4,14,0.07498413324356079,0.09209693968296051,1.978675127029419
500,mla_decoupled,moe,456,4,15,0.08168213069438934,0.066518634557724,1.978675127029419
500,mla_decoupled,moe,456,5,0,0.09478759765625,0.0783330649137497,2.07669734954834
500,mla_decoupled,moe,456,5,1,0.04932495206594467,0.05143897607922554,2.07669734954834
500,mla_decoupled,moe,456,5,2,0.04842773452401161,0.06144007295370102,2.07669734954834
500,mla_decoupled,moe,456,5,3,0.07826659828424454,0.07675040513277054,2.07669734954834
500,mla_decoupled,moe,456,5,4,0.07905517518520355,0.0691303089261055,2.07669734954834
500,mla_decoupled,moe,456,5,5,0.054560545831918716,0.06797690689563751,2.07669734954834
500,mla_decoupled,moe,456,5,6,0.07203735411167145,0.06310123205184937,2.07669734954834
500,mla_decoupled,moe,456,5,7,0.08459839224815369,0.07404875755310059,2.07669734954834
500,mla_decoupled,moe,456,5,8,0.04290771484375,0.04734233021736145,2.07669734954834
500,mla_decoupled,moe,456,5,9,0.03306030109524727,0.04231596365571022,2.07669734954834
500,mla_decoupled,moe,456,5,10,0.016127929091453552,0.03202830255031586,2.07669734954834
500,mla_decoupled,moe,456,5,11,0.08679931610822678,0.07829764485359192,2.07669734954834
500,mla_decoupled,moe,456,5,12,0.05535644665360451,0.06026264280080795,2.07669734954834
500,mla_decoupled,moe,456,5,13,0.07436645776033401,0.0810943990945816,2.07669734954834
500,mla_decoupled,moe,456,5,14,0.06692260503768921,0.05237574130296707,2.07669734954834
500,mla_decoupled,moe,456,5,15,0.06340087950229645,0.06406324356794357,2.07669734954834
1000,mla_decoupled,moe,456,1,0,0.07148315757513046,0.06259670108556747,2.4317243099212646
1000,mla_decoupled,moe,456,1,1,0.05231567472219467,0.057906173169612885,2.4317243099212646
1000,mla_decoupled,moe,456,1,2,0.06563232094049454,0.06622398644685745,2.4317243099212646
1000,mla_decoupled,moe,456,1,3,0.07640991359949112,0.06578656286001205,2.4317243099212646
1000,mla_decoupled,moe,456,1,4,0.072906494140625,0.06254732608795166,2.4317243099212646
1000,mla_decoupled,moe,456,1,5,0.04484497010707855,0.055186714977025986,2.4317243099212646
1000,mla_decoupled,moe,456,1,6,0.05061279237270355,0.059382665902376175,2.4317243099212646
1000,mla_decoupled,moe,456,1,7,0.07537597417831421,0.06424984335899353,2.4317243099212646
1000,mla_decoupled,moe,456,1,8,0.046241454780101776,0.05301252380013466,2.4317243099212646
1000,mla_decoupled,moe,456,1,9,0.057093504816293716,0.06228499487042427,2.4317243099212646
1000,mla_decoupled,moe,456,1,10,0.07970336824655533,0.06752172857522964,2.4317243099212646
1000,mla_decoupled,moe,456,1,11,0.061072997748851776,0.06383652985095978,2.4317243099212646
1000,mla_decoupled,moe,456,1,12,0.047667235136032104,0.05791017413139343,2.4317243099212646
1000,mla_decoupled,moe,456,1,13,0.0674755871295929,0.06829032301902771,2.4317243099212646
1000,mla_decoupled,moe,456,1,14,0.05950683727860451,0.06568577140569687,2.4317243099212646
1000,mla_decoupled,moe,456,1,15,0.07165771722793579,0.06757795065641403,2.4317243099212646
1000,mla_decoupled,moe,456,2,0,0.06272461265325546,0.06472197920084,2.465101957321167
1000,mla_decoupled,moe,456,2,1,0.07074584811925888,0.06685620546340942,2.465101957321167
1000,mla_decoupled,moe,456,2,2,0.08580810576677322,0.06710255891084671,2.465101957321167
1000,mla_decoupled,moe,456,2,3,0.09755492955446243,0.06929514557123184,2.465101957321167
1000,mla_decoupled,moe,456,2,4,0.07307861000299454,0.07257808744907379,2.465101957321167
1000,mla_decoupled,moe,456,2,5,0.06647827476263046,0.06562688946723938,2.465101957321167
1000,mla_decoupled,moe,456,2,6,0.0592041015625,0.06778585910797119,2.465101957321167
1000,mla_decoupled,moe,456,2,7,0.017503662034869194,0.03829585388302803,2.465101957321167
1000,mla_decoupled,moe,456,2,8,0.04847778379917145,0.05815209820866585,2.465101957321167
1000,mla_decoupled,moe,456,2,9,0.04662231355905533,0.05254868417978287,2.465101957321167
1000,mla_decoupled,moe,456,2,10,0.02021118253469467,0.03942324221134186,2.465101957321167
1000,mla_decoupled,moe,456,2,11,0.06594360619783401,0.06676029413938522,2.465101957321167
1000,mla_decoupled,moe,456,2,12,0.072998046875,0.06233197823166847,2.465101957321167
1000,mla_decoupled,moe,456,2,13,0.05470580980181694,0.06253039091825485,2.465101957321167
1000,mla_decoupled,moe,456,2,14,0.07985473424196243,0.0742272436618805,2.465101957321167
1000,mla_decoupled,moe,456,2,15,0.07808838039636612,0.07176350802183151,2.465101957321167
1000,mla_decoupled,moe,456,3,0,0.07778320461511612,0.07332658022642136,1.8284341096878052
1000,mla_decoupled,moe,456,3,1,0.06081787124276161,0.06441836059093475,1.8284341096878052
1000,mla_decoupled,moe,456,3,2,0.053630370646715164,0.04847712442278862,1.8284341096878052
1000,mla_decoupled,moe,456,3,3,0.045018311589956284,0.04572353512048721,1.8284341096878052
1000,mla_decoupled,moe,456,3,4,0.07384277135133743,0.07140914350748062,1.8284341096878052
1000,mla_decoupled,moe,456,3,5,0.07074829190969467,0.07501640915870667,1.8284341096878052
1000,mla_decoupled,moe,456,3,6,0.07361450046300888,0.07744250446557999,1.8284341096878052
1000,mla_decoupled,moe,456,3,7,0.06481689214706421,0.05917142704129219,1.8284341096878052
1000,mla_decoupled,moe,456,3,8,0.05764160305261612,0.06012919917702675,1.8284341096878052
1000,mla_decoupled,moe,456,3,9,0.0726025402545929,0.06380946934223175,1.8284341096878052
1000,mla_decoupled,moe,456,3,10,0.04988403245806694,0.05219525843858719,1.8284341096878052
1000,mla_decoupled,moe,456,3,11,0.04682861268520355,0.0461222305893898,1.8284341096878052
1000,mla_decoupled,moe,456,3,12,0.07758667320013046,0.06946955621242523,1.8284341096878052
1000,mla_decoupled,moe,456,3,13,0.06001342833042145,0.060240041464567184,1.8284341096878052
1000,mla_decoupled,moe,456,3,14,0.06585326790809631,0.0808284729719162,1.8284341096878052
1000,mla_decoupled,moe,456,3,15,0.049317628145217896,0.0522206649184227,1.8284341096878052
1000,mla_decoupled,moe,456,4,0,0.06920044124126434,0.06845179200172424,1.4761929512023926
1000,mla_decoupled,moe,456,4,1,0.04049072414636612,0.03874703496694565,1.4761929512023926
1000,mla_decoupled,moe,456,4,2,0.08094116300344467,0.07687842100858688,1.4761929512023926
1000,mla_decoupled,moe,456,4,3,0.04893798753619194,0.04793901741504669,1.4761929512023926
1000,mla_decoupled,moe,456,4,4,0.0783398449420929,0.06887613236904144,1.4761929512023926
1000,mla_decoupled,moe,456,4,5,0.08915649354457855,0.06711538881063461,1.4761929512023926
1000,mla_decoupled,moe,456,4,6,0.06445922702550888,0.07510675489902496,1.4761929512023926
1000,mla_decoupled,moe,456,4,7,0.041020508855581284,0.034028347581624985,1.4761929512023926
1000,mla_decoupled,moe,456,4,8,0.07683959603309631,0.10298316925764084,1.4761929512023926
1000,mla_decoupled,moe,456,4,9,0.026444092392921448,0.03001275844871998,1.4761929512023926
1000,mla_decoupled,moe,456,4,10,0.06553710997104645,0.05383563041687012,1.4761929512023926
1000,mla_decoupled,moe,456,4,11,0.05726684629917145,0.052187155932188034,1.4761929512023926
1000,mla_decoupled,moe,456,4,12,0.09501586854457855,0.10327267646789551,1.4761929512023926
1000,mla_decoupled,moe,456,4,13,0.031340330839157104,0.03944553807377815,1.4761929512023926
1000,mla_decoupled,moe,456,4,14,0.07177246361970901,0.08461489528417587,1.4761929512023926
1000,mla_decoupled,moe,456,4,15,0.06323730200529099,0.05650528892874718,1.4761929512023926
1000,mla_decoupled,moe,456,5,0,0.09705322235822678,0.08822493255138397,1.5494118928909302
1000,mla_decoupled,moe,456,5,1,0.03967651352286339,0.0353550910949707,1.5494118928909302
1000,mla_decoupled,moe,456,5,2,0.05276123061776161,0.0767468512058258,1.5494118928909302
1000,mla_decoupled,moe,456,5,3,0.06954101473093033,0.06355711817741394,1.5494118928909302
1000,mla_decoupled,moe,456,5,4,0.10554321110248566,0.09350146353244781,1.5494118928909302
1000,mla_decoupled,moe,456,5,5,0.05717163160443306,0.07193988561630249,1.5494118928909302
1000,mla_decoupled,moe,456,5,6,0.07114746421575546,0.06569913774728775,1.5494118928909302
1000,mla_decoupled,moe,456,5,7,0.05785156413912773,0.05255929008126259,1.5494118928909302
1000,mla_decoupled,moe,456,5,8,0.04301147535443306,0.0478929840028286,1.5494118928909302
1000,mla_decoupled,moe,456,5,9,0.059172362089157104,0.052885670214891434,1.5494118928909302
1000,mla_decoupled,moe,456,5,10,0.021076660603284836,0.02648136578500271,1.5494118928909302
1000,mla_decoupled,moe,456,5,11,0.0721142590045929,0.07617397606372833,1.5494118928909302
1000,mla_decoupled,moe,456,5,12,0.04902710020542145,0.04855460673570633,1.5494118928909302
1000,mla_decoupled,moe,456,5,13,0.06880493462085724,0.09387701004743576,1.5494118928909302
1000,mla_decoupled,moe,456,5,14,0.09179320931434631,0.0636139065027237,1.5494118928909302
1000,mla_decoupled,moe,456,5,15,0.04425415024161339,0.04293671250343323,1.5494118928909302
1500,mla_decoupled,moe,456,1,0,0.0799853503704071,0.06224234029650688,2.561537265777588
1500,mla_decoupled,moe,456,1,1,0.08510009944438934,0.06593938171863556,2.561537265777588
1500,mla_decoupled,moe,456,1,2,0.056483153253793716,0.06364159286022186,2.561537265777588
1500,mla_decoupled,moe,456,1,3,0.06922119110822678,0.06167590990662575,2.561537265777588
1500,mla_decoupled,moe,456,1,4,0.06192260608077049,0.06459218263626099,2.561537265777588
1500,mla_decoupled,moe,456,1,5,0.05927490070462227,0.06422574073076248,2.561537265777588
1500,mla_decoupled,moe,456,1,6,0.05372314527630806,0.05807510390877724,2.561537265777588
1500,mla_decoupled,moe,456,1,7,0.04809814319014549,0.0569850392639637,2.561537265777588
1500,mla_decoupled,moe,456,1,8,0.05650634691119194,0.060724373906850815,2.561537265777588
1500,mla_decoupled,moe,456,1,9,0.04911254718899727,0.0626549944281578,2.561537265777588
1500,mla_decoupled,moe,456,1,10,0.065826416015625,0.0602312795817852,2.561537265777588
1500,mla_decoupled,moe,456,1,11,0.06127319484949112,0.062006764113903046,2.561537265777588
1500,mla_decoupled,moe,456,1,12,0.06221557781100273,0.061541128903627396,2.561537265777588
1500,mla_decoupled,moe,456,1,13,0.050605468451976776,0.05953621864318848,2.561537265777588
1500,mla_decoupled,moe,456,1,14,0.08509887754917145,0.07502888143062592,2.561537265777588
1500,mla_decoupled,moe,456,1,15,0.055552978068590164,0.060899071395397186,2.561537265777588
1500,mla_decoupled,moe,456,2,0,0.08124511688947678,0.06565599143505096,2.575812339782715
1500,mla_decoupled,moe,456,2,1,0.05977783352136612,0.06143176555633545,2.575812339782715
1500,mla_decoupled,moe,456,2,2,0.06524291634559631,0.06292293220758438,2.575812339782715
1500,mla_decoupled,moe,456,2,3,0.06777587532997131,0.0636061429977417,2.575812339782715
1500,mla_decoupled,moe,456,2,4,0.06316161900758743,0.06568354368209839,2.575812339782715
1500,mla_decoupled,moe,456,2,5,0.069732666015625,0.0663381963968277,2.575812339782715
1500,mla_decoupled,moe,456,2,6,0.05132812634110451,0.06317659467458725,2.575812339782715
1500,mla_decoupled,moe,456,2,7,0.05067138746380806,0.05620408430695534,2.575812339782715
1500,mla_decoupled,moe,456,2,8,0.07525146752595901,0.06294958293437958,2.575812339782715
1500,mla_decoupled,moe,456,2,9,0.044829100370407104,0.057616136968135834,2.575812339782715
1500,mla_decoupled,moe,456,2,10,0.04000488296151161,0.056760892271995544,2.575812339782715
1500,mla_decoupled,moe,456,2,11,0.05795532092452049,0.06235004961490631,2.575812339782715
1500,mla_decoupled,moe,456,2,12,0.04570190608501434,0.05589677765965462,2.575812339782715
1500,mla_decoupled,moe,456,2,13,0.0892956554889679,0.06774008274078369,2.575812339782715
1500,mla_decoupled,moe,456,2,14,0.07434936612844467,0.06730473041534424,2.575812339782715
1500,mla_decoupled,moe,456,2,15,0.06367675960063934,0.0643625408411026,2.575812339782715
1500,mla_decoupled,moe,456,3,0,0.08426391333341599,0.07735946774482727,1.8491580486297607
1500,mla_decoupled,moe,456,3,1,0.05583252012729645,0.06016242876648903,1.8491580486297607
1500,mla_decoupled,moe,456,3,2,0.04130249097943306,0.04272353649139404,1.8491580486297607
1500,mla_decoupled,moe,456,3,3,0.058385010808706284,0.0540657714009285,1.8491580486297607
1500,mla_decoupled,moe,456,3,4,0.08406860381364822,0.0797077864408493,1.8491580486297607
1500,mla_decoupled,moe,456,3,5,0.0655505359172821,0.06773292273283005,1.8491580486297607
1500,mla_decoupled,moe,456,3,6,0.06514892727136612,0.07114829123020172,1.8491580486297607
1500,mla_decoupled,moe,456,3,7,0.06177612394094467,0.06081249564886093,1.8491580486297607
1500,mla_decoupled,moe,456,3,8,0.054802246391773224,0.05743700638413429,1.8491580486297607
1500,mla_decoupled,moe,456,3,9,0.08149658143520355,0.07151532173156738,1.8491580486297607
1500,mla_decoupled,moe,456,3,10,0.05887817218899727,0.06238240376114845,1.8491580486297607
1500,mla_decoupled,moe,456,3,11,0.06325927376747131,0.05823072791099548,1.8491580486297607
1500,mla_decoupled,moe,456,3,12,0.06910644471645355,0.06210838258266449,1.8491580486297607
1500,mla_decoupled,moe,456,3,13,0.050928954035043716,0.05648507922887802,1.8491580486297607
1500,mla_decoupled,moe,456,3,14,0.06116943433880806,0.06872594356536865,1.8491580486297607
1500,mla_decoupled,moe,456,3,15,0.04403076320886612,0.049402423202991486,1.8491580486297607
1500,mla_decoupled,moe,456,4,0,0.07262817025184631,0.07391978055238724,1.371513843536377
1500,mla_decoupled,moe,456,4,1,0.03420044109225273,0.03542890399694443,1.371513843536377
1500,mla_decoupled,moe,456,4,2,0.08586426079273224,0.08326976001262665,1.371513843536377
1500,mla_decoupled,moe,456,4,3,0.04615112394094467,0.04691046103835106,1.371513843536377
1500,mla_decoupled,moe,456,4,4,0.08093506097793579,0.06894279271364212,1.371513843536377
1500,mla_decoupled,moe,456,4,5,0.07399292290210724,0.05627305805683136,1.371513843536377
1500,mla_decoupled,moe,456,4,6,0.06706054508686066,0.08004715293645859,1.371513843536377
1500,mla_decoupled,moe,456,4,7,0.05116577073931694,0.038528915494680405,1.371513843536377
1500,mla_decoupled,moe,456,4,8,0.08025878667831421,0.10495804995298386,1.371513843536377
1500,mla_decoupled,moe,456,4,9,0.02970581129193306,0.0293835811316967,1.371513843536377
1500,mla_decoupled,moe,456,4,10,0.06343261897563934,0.05198584869503975,1.371513843536377
1500,mla_decoupled,moe,456,4,11,0.052086181938648224,0.04603522643446922,1.371513843536377
1500,mla_decoupled,moe,456,4,12,0.09505005180835724,0.10099402070045471,1.371513843536377
1500,mla_decoupled,moe,456,4,13,0.03179931640625,0.038804613053798676,1.371513843536377
1500,mla_decoupled,moe,456,4,14,0.07051879912614822,0.08407899737358093,1.371513843536377
1500,mla_decoupled,moe,456,4,15,0.06515014916658401,0.06043880432844162,1.371513843536377
1500,mla_decoupled,moe,456,5,0,0.09721191227436066,0.09630786627531052,1.4836204051971436
1500,mla_decoupled,moe,456,5,1,0.03398803621530533,0.032201796770095825,1.4836204051971436
1500,mla_decoupled,moe,456,5,2,0.04918823391199112,0.0652119442820549,1.4836204051971436
1500,mla_decoupled,moe,456,5,3,0.07925048470497131,0.07319153100252151,1.4836204051971436
1500,mla_decoupled,moe,456,5,4,0.10826537758111954,0.10278518497943878,1.4836204051971436
1500,mla_decoupled,moe,456,5,5,0.055421143770217896,0.06980004906654358,1.4836204051971436
1500,mla_decoupled,moe,456,5,6,0.0758044421672821,0.06646709144115448,1.4836204051971436
1500,mla_decoupled,moe,456,5,7,0.057056885212659836,0.05082845315337181,1.4836204051971436
1500,mla_decoupled,moe,456,5,8,0.04291626065969467,0.043958209455013275,1.4836204051971436
1500,mla_decoupled,moe,456,5,9,0.06070922687649727,0.053308915346860886,1.4836204051971436
1500,mla_decoupled,moe,456,5,10,0.020662842318415642,0.02565634809434414,1.4836204051971436
1500,mla_decoupled,moe,456,5,11,0.06275634467601776,0.06874716281890869,1.4836204051971436
1500,mla_decoupled,moe,456,5,12,0.052308350801467896,0.04991019144654274,1.4836204051971436
1500,mla_decoupled,moe,456,5,13,0.08000366389751434,0.1050715446472168,1.4836204051971436
1500,mla_decoupled,moe,456,5,14,0.09251952916383743,0.06184534728527069,1.4836204051971436
1500,mla_decoupled,moe,456,5,15,0.03193725645542145,0.03470834344625473,1.4836204051971436
2000,mla_decoupled,moe,456,1,0,0.05853637680411339,0.06283707916736603,2.655829429626465
2000,mla_decoupled,moe,456,1,1,0.05930175632238388,0.06383092701435089,2.655829429626465
2000,mla_decoupled,moe,456,1,2,0.054688721895217896,0.0631079450249672,2.655829429626465
2000,mla_decoupled,moe,456,1,3,0.05275024473667145,0.057564638555049896,2.655829429626465
2000,mla_decoupled,moe,456,1,4,0.09093261510133743,0.06636553257703781,2.655829429626465
2000,mla_decoupled,moe,456,1,5,0.06336791813373566,0.06363216042518616,2.655829429626465
2000,mla_decoupled,moe,456,1,6,0.05328002944588661,0.061608683317899704,2.655829429626465
2000,mla_decoupled,moe,456,1,7,0.0633227527141571,0.061275187879800797,2.655829429626465
2000,mla_decoupled,moe,456,1,8,0.047789305448532104,0.06115851551294327,2.655829429626465
2000,mla_decoupled,moe,456,1,9,0.0639025866985321,0.0631088986992836,2.655829429626465
2000,mla_decoupled,moe,456,1,10,0.07694458216428757,0.06238613277673721,2.655829429626465
2000,mla_decoupled,moe,456,1,11,0.05600951984524727,0.05924523249268532,2.655829429626465
2000,mla_decoupled,moe,456,1,12,0.07277465611696243,0.06388786435127258,2.655829429626465
2000,mla_decoupled,moe,456,1,13,0.06051391735672951,0.0623430460691452,2.655829429626465
2000,mla_decoupled,moe,456,1,14,0.08420654386281967,0.0718221589922905,2.655829429626465
2000,mla_decoupled,moe,456,1,15,0.04167846590280533,0.05582604557275772,2.655829429626465
2000,mla_decoupled,moe,456,2,0,0.05204223468899727,0.05784463882446289,2.6580588817596436
2000,mla_decoupled,moe,456,2,1,0.06902221590280533,0.06246418505907059,2.6580588817596436
2000,mla_decoupled,moe,456,2,2,0.06175415217876434,0.06284765154123306,2.6580588817596436
2000,mla_decoupled,moe,456,2,3,0.039195556193590164,0.061227861791849136,2.6580588817596436
2000,mla_decoupled,moe,456,2,4,0.07118652015924454,0.06406661868095398,2.6580588817596436
2000,mla_decoupled,moe,456,2,5,0.036555174738168716,0.05788956955075264,2.6580588817596436
2000,mla_decoupled,moe,456,2,6,0.07953368872404099,0.06696836650371552,2.6580588817596436
2000,mla_decoupled,moe,456,2,7,0.05406005680561066,0.06514078378677368,2.6580588817596436
2000,mla_decoupled,moe,456,2,8,0.07522338628768921,0.06418289989233017,2.6580588817596436
2000,mla_decoupled,moe,456,2,9,0.07140625268220901,0.06696539372205734,2.6580588817596436
2000,mla_decoupled,moe,456,2,10,0.04997558519244194,0.06532484292984009,2.6580588817596436
2000,mla_decoupled,moe,456,2,11,0.07386963069438934,0.0636836513876915,2.6580588817596436
2000,mla_decoupled,moe,456,2,12,0.07096435874700546,0.05894487723708153,2.6580588817596436
2000,mla_decoupled,moe,456,2,13,0.07119995355606079,0.0641418844461441,2.6580588817596436
2000,mla_decoupled,moe,456,2,14,0.06370238959789276,0.0586204007267952,2.6580588817596436
2000,mla_decoupled,moe,456,2,15,0.06030883640050888,0.059686388820409775,2.6580588817596436
2000,mla_decoupled,moe,456,3,0,0.08161742985248566,0.0762469545006752,1.9052038192749023
2000,mla_decoupled,moe,456,3,1,0.046772461384534836,0.052174173295497894,1.9052038192749023
2000,mla_decoupled,moe,456,3,2,0.04662475734949112,0.04672130197286606,1.9052038192749023
2000,mla_decoupled,moe,456,3,3,0.04533691331744194,0.049415215849876404,1.9052038192749023
2000,mla_decoupled,moe,456,3,4,0.07044921815395355,0.07137739658355713,1.9052038192749023
2000,mla_decoupled,moe,456,3,5,0.06802734732627869,0.07016494870185852,1.9052038192749023
2000,mla_decoupled,moe,456,3,6,0.06946045160293579,0.0735430046916008,1.9052038192749023
2000,mla_decoupled,moe,456,3,7,0.05712036043405533,0.05592893436551094,1.9052038192749023
2000,mla_decoupled,moe,456,3,8,0.06954345852136612,0.06612640619277954,1.9052038192749023
2000,mla_decoupled,moe,456,3,9,0.07387817651033401,0.06403212249279022,1.9052038192749023
2000,mla_decoupled,moe,456,3,10,0.05963744968175888,0.06073639541864395,1.9052038192749023
2000,mla_decoupled,moe,456,3,11,0.06342285126447678,0.06075255945324898,1.9052038192749023
2000,mla_decoupled,moe,456,3,12,0.06778686493635178,0.05926932767033577,1.9052038192749023
2000,mla_decoupled,moe,456,3,13,0.06270874291658401,0.06303225457668304,1.9052038192749023
2000,mla_decoupled,moe,456,3,14,0.0680834949016571,0.07807917892932892,1.9052038192749023
2000,mla_decoupled,moe,456,3,15,0.049530029296875,0.05239979922771454,1.9052038192749023
2000,mla_decoupled,moe,456,4,0,0.07157592475414276,0.07018233835697174,1.3029661178588867
2000,mla_decoupled,moe,456,4,1,0.03761230409145355,0.039620377123355865,1.3029661178588867
2000,mla_decoupled,moe,456,4,2,0.0862744152545929,0.08099602907896042,1.3029661178588867
2000,mla_decoupled,moe,456,4,3,0.04775024577975273,0.047575898468494415,1.3029661178588867
2000,mla_decoupled,moe,456,4,4,0.088958740234375,0.07706542313098907,1.3029661178588867
2000,mla_decoupled,moe,456,4,5,0.07306640595197678,0.059108518064022064,1.3029661178588867
2000,mla_decoupled,moe,456,4,6,0.07023681700229645,0.08103372901678085,1.3029661178588867
2000,mla_decoupled,moe,456,4,7,0.05290038883686066,0.03637812286615372,1.3029661178588867
2000,mla_decoupled,moe,456,4,8,0.0740344226360321,0.10248639434576035,1.3029661178588867
2000,mla_decoupled,moe,456,4,9,0.030681151896715164,0.02918235771358013,1.3029661178588867
2000,mla_decoupled,moe,456,4,10,0.06598144769668579,0.05693432688713074,1.3029661178588867
2000,mla_decoupled,moe,456,4,11,0.05367431789636612,0.05005405843257904,1.3029661178588867
2000,mla_decoupled,moe,456,4,12,0.08496826142072678,0.09550662338733673,1.3029661178588867
2000,mla_decoupled,moe,456,4,13,0.03479858487844467,0.03771313652396202,1.3029661178588867
2000,mla_decoupled,moe,456,4,14,0.0641796886920929,0.07513059675693512,1.3029661178588867
2000,mla_decoupled,moe,456,4,15,0.06330688297748566,0.061032090336084366,1.3029661178588867
2000,mla_decoupled,moe,456,5,0,0.101959228515625,0.0983765721321106,1.4777363538742065
2000,mla_decoupled,moe,456,5,1,0.033234864473342896,0.02952718548476696,1.4777363538742065
2000,mla_decoupled,moe,456,5,2,0.05059448257088661,0.06868244707584381,1.4777363538742065
2000,mla_decoupled,moe,456,5,3,0.08229003846645355,0.0737413614988327,1.4777363538742065
2000,mla_decoupled,moe,456,5,4,0.10048461705446243,0.09466534852981567,1.4777363538742065
2000,mla_decoupled,moe,456,5,5,0.05876220762729645,0.07159250974655151,1.4777363538742065
2000,mla_decoupled,moe,456,5,6,0.07553588598966599,0.0665062889456749,1.4777363538742065
2000,mla_decoupled,moe,456,5,7,0.060078125447034836,0.05247441679239273,1.4777363538742065
2000,mla_decoupled,moe,456,5,8,0.04688720777630806,0.05002690851688385,1.4777363538742065
2000,mla_decoupled,moe,456,5,9,0.0628039538860321,0.05641521140933037,1.4777363538742065
2000,mla_decoupled,moe,456,5,10,0.023048095405101776,0.02600451000034809,1.4777363538742065
2000,mla_decoupled,moe,456,5,11,0.06695190072059631,0.07454702258110046,1.4777363538742065
2000,mla_decoupled,moe,456,5,12,0.05664917081594467,0.05390215292572975,1.4777363538742065
2000,mla_decoupled,moe,456,5,13,0.07781494408845901,0.10101240128278732,1.4777363538742065
2000,mla_decoupled,moe,456,5,14,0.08586914092302322,0.05656033381819725,1.4777363538742065
2000,mla_decoupled,moe,456,5,15,0.017036132514476776,0.025965282693505287,1.4777363538742065
2500,mla_decoupled,moe,456,1,0,0.048851318657398224,0.062271323055028915,2.6888461112976074
2500,mla_decoupled,moe,456,1,1,0.03323608264327049,0.06251204758882523,2.6888461112976074
2500,mla_decoupled,moe,456,1,2,0.07370727509260178,0.06102464348077774,2.6888461112976074
2500,mla_decoupled,moe,456,1,3,0.07085693627595901,0.0624462328851223,2.6888461112976074
2500,mla_decoupled,moe,456,1,4,0.04893798753619194,0.06193605065345764,2.6888461112976074
2500,mla_decoupled,moe,456,1,5,0.07191040366888046,0.06218421086668968,2.6888461112976074
2500,mla_decoupled,moe,456,1,6,0.04765503108501434,0.05950336903333664,2.6888461112976074
2500,mla_decoupled,moe,456,1,7,0.06344237923622131,0.058360785245895386,2.6888461112976074
2500,mla_decoupled,moe,456,1,8,0.060551758855581284,0.06482350826263428,2.6888461112976074
2500,mla_decoupled,moe,456,1,9,0.06346069276332855,0.06373511999845505,2.6888461112976074
2500,mla_decoupled,moe,456,1,10,0.07884887605905533,0.0654183179140091,2.6888461112976074
2500,mla_decoupled,moe,456,1,11,0.057819824665784836,0.05928315967321396,2.6888461112976074
2500,mla_decoupled,moe,456,1,12,0.06852295249700546,0.06391382962465286,2.6888461112976074
2500,mla_decoupled,moe,456,1,13,0.06348755210638046,0.06104772537946701,2.6888461112976074
2500,mla_decoupled,moe,456,1,14,0.08404053002595901,0.0712621733546257,2.6888461112976074
2500,mla_decoupled,moe,456,1,15,0.06467041373252869,0.06027749925851822,2.6888461112976074
2500,mla_decoupled,moe,456,2,0,0.07163940370082855,0.06433228403329849,2.6847057342529297
2500,mla_decoupled,moe,456,2,1,0.06511963158845901,0.06172801926732063,2.6847057342529297
2500,mla_decoupled,moe,456,2,2,0.058990478515625,0.05965588614344597,2.6847057342529297
2500,mla_decoupled,moe,456,2,3,0.04195312410593033,0.06277595460414886,2.6847057342529297
2500,mla_decoupled,moe,456,2,4,0.0776660144329071,0.06632634997367859,2.6847057342529297
2500,mla_decoupled,moe,456,2,5,0.053978271782398224,0.061037808656692505,2.6847057342529297
2500,mla_decoupled,moe,456,2,6,0.06962524354457855,0.0647323727607727,2.6847057342529297
2500,mla_decoupled,moe,456,2,7,0.04027710109949112,0.06275366246700287,2.6847057342529297
2500,mla_decoupled,moe,456,2,8,0.09857665747404099,0.06674785912036896,2.6847057342529297
2500,mla_decoupled,moe,456,2,9,0.052131347358226776,0.06418005377054214,2.6847057342529297
2500,mla_decoupled,moe,456,2,10,0.07491698861122131,0.06736218184232712,2.6847057342529297
2500,mla_decoupled,moe,456,2,11,0.04118896648287773,0.056680746376514435,2.6847057342529297
2500,mla_decoupled,moe,456,2,12,0.04952026531100273,0.05471358820796013,2.6847057342529297
2500,mla_decoupled,moe,456,2,13,0.050623778253793716,0.059984397143125534,2.6847057342529297
2500,mla_decoupled,moe,456,2,14,0.09546630829572678,0.06730467826128006,2.6847057342529297
2500,mla_decoupled,moe,456,2,15,0.058326415717601776,0.0596841424703598,2.6847057342529297
2500,mla_decoupled,moe,456,3,0,0.09129150211811066,0.080392025411129,1.9013879299163818
2500,mla_decoupled,moe,456,3,1,0.04744140803813934,0.050711650401353836,1.9013879299163818
2500,mla_decoupled,moe,456,3,2,0.047117918729782104,0.04770943149924278,1.9013879299163818
2500,mla_decoupled,moe,456,3,3,0.04905761778354645,0.05130119249224663,1.9013879299163818
2500,mla_decoupled,moe,456,3,4,0.0824902355670929,0.07704520970582962,1.9013879299163818
2500,mla_decoupled,moe,456,3,5,0.06231933459639549,0.06833240389823914,1.9013879299163818
2500,mla_decoupled,moe,456,3,6,0.06547485291957855,0.06895657628774643,1.9013879299163818
2500,mla_decoupled,moe,456,3,7,0.06397583335638046,0.0597483366727829,1.9013879299163818
2500,mla_decoupled,moe,456,3,8,0.06364990025758743,0.05961652100086212,1.9013879299163818
2500,mla_decoupled,moe,456,3,9,0.06606689095497131,0.058510683476924896,1.9013879299163818
2500,mla_decoupled,moe,456,3,10,0.0627429187297821,0.06603069603443146,1.9013879299163818
2500,mla_decoupled,moe,456,3,11,0.07057616859674454,0.06297693401575089,1.9013879299163818
2500,mla_decoupled,moe,456,3,12,0.06779053062200546,0.06053841486573219,1.9013879299163818
2500,mla_decoupled,moe,456,3,13,0.05353759601712227,0.055417317897081375,1.9013879299163818
2500,mla_decoupled,moe,456,3,14,0.06898193061351776,0.07953405380249023,1.9013879299163818
2500,mla_decoupled,moe,456,3,15,0.03748534992337227,0.053178515285253525,1.9013879299163818
2500,mla_decoupled,moe,456,4,0,0.06929931789636612,0.07042551040649414,1.2480207681655884
2500,mla_decoupled,moe,456,4,1,0.03696533292531967,0.0380493625998497,1.2480207681655884
2500,mla_decoupled,moe,456,4,2,0.09299926459789276,0.08601126819849014,1.2480207681655884
2500,mla_decoupled,moe,456,4,3,0.049896240234375,0.0484909787774086,1.2480207681655884
2500,mla_decoupled,moe,456,4,4,0.08510985970497131,0.07252145558595657,1.2480207681655884
2500,mla_decoupled,moe,456,4,5,0.07628784328699112,0.0595255121588707,1.2480207681655884
2500,mla_decoupled,moe,456,4,6,0.06672362983226776,0.08045541495084763,1.2480207681655884
2500,mla_decoupled,moe,456,4,7,0.054407957941293716,0.03701125085353851,1.2480207681655884
2500,mla_decoupled,moe,456,4,8,0.07083617895841599,0.09959510713815689,1.2480207681655884
2500,mla_decoupled,moe,456,4,9,0.02540893480181694,0.027212610468268394,1.2480207681655884
2500,mla_decoupled,moe,456,4,10,0.06406982243061066,0.054467394948005676,1.2480207681655884
2500,mla_decoupled,moe,456,4,11,0.05689819157123566,0.04967904090881348,1.2480207681655884
2500,mla_decoupled,moe,456,4,12,0.09203124791383743,0.10414110124111176,1.2480207681655884
2500,mla_decoupled,moe,456,4,13,0.032136231660842896,0.03562909737229347,1.2480207681655884
2500,mla_decoupled,moe,456,4,14,0.06631957739591599,0.07756993174552917,1.2480207681655884
2500,mla_decoupled,moe,456,4,15,0.06061035022139549,0.05921494588255882,1.2480207681655884
2500,mla_decoupled,moe,456,5,0,0.09168945252895355,0.08663469552993774,1.4529675245285034
2500,mla_decoupled,moe,456,5,1,0.04079223796725273,0.03451282158493996,1.4529675245285034
2500,mla_decoupled,moe,456,5,2,0.053233642131090164,0.06826117634773254,1.4529675245285034
2500,mla_decoupled,moe,456,5,3,0.09338012337684631,0.08703150600194931,1.4529675245285034
2500,mla_decoupled,moe,456,5,4,0.09122192114591599,0.08673661202192307,1.4529675245285034
2500,mla_decoupled,moe,456,5,5,0.05646362155675888,0.06890789419412613,1.4529675245285034
2500,mla_decoupled,moe,456,5,6,0.07361572235822678,0.06673974543809891,1.4529675245285034
2500,mla_decoupled,moe,456,5,7,0.05093627795577049,0.04556495323777199,1.4529675245285034
2500,mla_decoupled,moe,456,5,8,0.045012205839157104,0.04829884693026543,1.4529675245285034
2500,mla_decoupled,moe,456,5,9,0.06921020150184631,0.0606718547642231,1.4529675245285034
2500,mla_decoupled,moe,456,5,10,0.022551270201802254,0.026085425168275833,1.4529675245285034
2500,mla_decoupled,moe,456,5,11,0.07219482213258743,0.08174767345190048,1.4529675245285034
2500,mla_decoupled,moe,456,5,12,0.04716186597943306,0.04599244147539139,1.4529675245285034
2500,mla_decoupled,moe,456,5,13,0.07986816763877869,0.10023333877325058,1.4529675245285034
2500,mla_decoupled,moe,456,5,14,0.10181640833616257,0.07037988305091858,1.4529675245285034
2500,mla_decoupled,moe,456,5,15,0.010852050967514515,0.02220112830400467,1.4529675245285034
3000,mla_decoupled,moe,456,1,0,0.07996582239866257,0.06392192840576172,2.699753761291504
3000,mla_decoupled,moe,456,1,1,0.06737182289361954,0.06526438891887665,2.699753761291504
3000,mla_decoupled,moe,456,1,2,0.04360107332468033,0.059930458664894104,2.699753761291504
3000,mla_decoupled,moe,456,1,3,0.05172119289636612,0.05960840359330177,2.699753761291504
3000,mla_decoupled,moe,456,1,4,0.06904175132513046,0.06406617909669876,2.699753761291504
3000,mla_decoupled,moe,456,1,5,0.04703002795577049,0.06036961451172829,2.699753761291504
3000,mla_decoupled,moe,456,1,6,0.06737426668405533,0.06307265907526016,2.699753761291504
3000,mla_decoupled,moe,456,1,7,0.07678832858800888,0.06086995452642441,2.699753761291504
3000,mla_decoupled,moe,456,1,8,0.06267700344324112,0.06347984075546265,2.699753761291504
3000,mla_decoupled,moe,456,1,9,0.05544433742761612,0.06308519095182419,2.699753761291504
3000,mla_decoupled,moe,456,1,10,0.06905273348093033,0.06170601397752762,2.699753761291504
3000,mla_decoupled,moe,456,1,11,0.06444335728883743,0.05996334180235863,2.699753761291504
3000,mla_decoupled,moe,456,1,12,0.05966552719473839,0.0627627894282341,2.699753761291504
3000,mla_decoupled,moe,456,1,13,0.0647875964641571,0.06105337664484978,2.699753761291504
3000,mla_decoupled,moe,456,1,14,0.05580810457468033,0.06909339129924774,2.699753761291504
3000,mla_decoupled,moe,456,1,15,0.06522705405950546,0.061752449721097946,2.699753761291504
3000,mla_decoupled,moe,456,2,0,0.052241209894418716,0.0616752915084362,2.6900014877319336
3000,mla_decoupled,moe,456,2,1,0.060908202081918716,0.06248181685805321,2.6900014877319336
3000,mla_decoupled,moe,456,2,2,0.07582519203424454,0.06253586709499359,2.6900014877319336
3000,mla_decoupled,moe,456,2,3,0.053288575261831284,0.06437227129936218,2.6900014877319336
3000,mla_decoupled,moe,456,2,4,0.08121826499700546,0.06647861748933792,2.6900014877319336
3000,mla_decoupled,moe,456,2,5,0.06363403052091599,0.06100106239318848,2.6900014877319336
3000,mla_decoupled,moe,456,2,6,0.03721679747104645,0.06156032904982567,2.6900014877319336
3000,mla_decoupled,moe,456,2,7,0.04618774354457855,0.06549485772848129,2.6900014877319336
3000,mla_decoupled,moe,456,2,8,0.08210937678813934,0.06492901593446732,2.6900014877319336
3000,mla_decoupled,moe,456,2,9,0.06470093131065369,0.06528405845165253,2.6900014877319336
3000,mla_decoupled,moe,456,2,10,0.06560180336236954,0.06598405539989471,2.6900014877319336
3000,mla_decoupled,moe,456,2,11,0.07418578863143921,0.05978207662701607,2.6900014877319336
3000,mla_decoupled,moe,456,2,12,0.06394042819738388,0.06009184196591377,2.6900014877319336
3000,mla_decoupled,moe,456,2,13,0.068389892578125,0.06149028614163399,2.6900014877319336
3000,mla_decoupled,moe,456,2,14,0.06824707239866257,0.061162304133176804,2.6900014877319336
3000,mla_decoupled,moe,456,2,15,0.042304687201976776,0.05567624419927597,2.6900014877319336
3000,mla_decoupled,moe,456,3,0,0.09475341439247131,0.08658481389284134,1.8394455909729004
3000,mla_decoupled,moe,456,3,1,0.05406127870082855,0.05656726285815239,1.8394455909729004
3000,mla_decoupled,moe,456,3,2,0.05018799006938934,0.04947865009307861,1.8394455909729004
3000,mla_decoupled,moe,456,3,3,0.048096925020217896,0.04995360225439072,1.8394455909729004
3000,mla_decoupled,moe,456,3,4,0.06825805455446243,0.06679198890924454,1.8394455909729004
3000,mla_decoupled,moe,456,3,5,0.057288818061351776,0.0637776106595993,1.8394455909729004
3000,mla_decoupled,moe,456,3,6,0.07362671196460724,0.07720091193914413,1.8394455909729004
3000,mla_decoupled,moe,456,3,7,0.07160400599241257,0.06228305771946907,1.8394455909729004
3000,mla_decoupled,moe,456,3,8,0.06294311583042145,0.05719299614429474,1.8394455909729004
3000,mla_decoupled,moe,456,3,9,0.06842773407697678,0.059448808431625366,1.8394455909729004
3000,mla_decoupled,moe,456,3,10,0.05884765461087227,0.06678172945976257,1.8394455909729004
3000,mla_decoupled,moe,456,3,11,0.06879272311925888,0.062957264482975,1.8394455909729004
3000,mla_decoupled,moe,456,3,12,0.06534668058156967,0.05725056678056717,1.8394455909729004
3000,mla_decoupled,moe,456,3,13,0.05293457210063934,0.055399201810359955,1.8394455909729004
3000,mla_decoupled,moe,456,3,14,0.06715209782123566,0.0796763151884079,1.8394455909729004
3000,mla_decoupled,moe,456,3,15,0.037678223103284836,0.04865521565079689,1.8394455909729004
3000,mla_decoupled,moe,456,4,0,0.07087768614292145,0.07107257097959518,1.2192347049713135
3000,mla_decoupled,moe,456,4,1,0.04173217713832855,0.04126540571451187,1.2192347049713135
3000,mla_decoupled,moe,456,4,2,0.09322143346071243,0.08708023279905319,1.2192347049713135
3000,mla_decoupled,moe,456,4,3,0.048240967094898224,0.04748569801449776,1.2192347049713135
3000,mla_decoupled,moe,456,4,4,0.08733764290809631,0.07381732761859894,1.2192347049713135
3000,mla_decoupled,moe,456,4,5,0.07386352866888046,0.05556068941950798,1.2192347049713135
3000,mla_decoupled,moe,456,4,6,0.06495483219623566,0.0767829492688179,1.2192347049713135
3000,mla_decoupled,moe,456,4,7,0.056025389581918716,0.036101389676332474,1.2192347049713135
3000,mla_decoupled,moe,456,4,8,0.07114135473966599,0.10016120225191116,1.2192347049713135
3000,mla_decoupled,moe,456,4,9,0.029262695461511612,0.03005339577794075,1.2192347049713135
3000,mla_decoupled,moe,456,4,10,0.06450683623552322,0.05576619505882263,1.2192347049713135
3000,mla_decoupled,moe,456,4,11,0.04986328259110451,0.04565779119729996,1.2192347049713135
3000,mla_decoupled,moe,456,4,12,0.08423828333616257,0.09902467578649521,1.2192347049713135
3000,mla_decoupled,moe,456,4,13,0.04438720643520355,0.04830900579690933,1.2192347049713135
3000,mla_decoupled,moe,456,4,14,0.06416992098093033,0.07533127069473267,1.2192347049713135
3000,mla_decoupled,moe,456,4,15,0.05617675930261612,0.0565301738679409,1.2192347049713135
3000,mla_decoupled,moe,456,5,0,0.09346313774585724,0.08935457468032837,1.4242008924484253
3000,mla_decoupled,moe,456,5,1,0.03930297866463661,0.03243899345397949,1.4242008924484253
3000,mla_decoupled,moe,456,5,2,0.053126219660043716,0.06878142058849335,1.4242008924484253
3000,mla_decoupled,moe,456,5,3,0.0952771008014679,0.08642071485519409,1.4242008924484253
3000,mla_decoupled,moe,456,5,4,0.09197510033845901,0.08814379572868347,1.4242008924484253
3000,mla_decoupled,moe,456,5,5,0.05828491225838661,0.07013583183288574,1.4242008924484253
3000,mla_decoupled,moe,456,5,6,0.07506347447633743,0.0663202702999115,1.4242008924484253
3000,mla_decoupled,moe,456,5,7,0.05136474594473839,0.04682968929409981,1.4242008924484253
3000,mla_decoupled,moe,456,5,8,0.04185790941119194,0.04407787695527077,1.4242008924484253
3000,mla_decoupled,moe,456,5,9,0.06702759116888046,0.059676218777894974,1.4242008924484253
3000,mla_decoupled,moe,456,5,10,0.02200927771627903,0.024927349761128426,1.4242008924484253
3000,mla_decoupled,moe,456,5,11,0.06963623315095901,0.0781417116522789,1.4242008924484253
3000,mla_decoupled,moe,456,5,12,0.052855223417282104,0.05308832228183746,1.4242008924484253
3000,mla_decoupled,moe,456,5,13,0.07982666045427322,0.10543449223041534,1.4242008924484253
3000,mla_decoupled,moe,456,5,14,0.10098510980606079,0.06683256477117538,1.4242008924484253
3000,mla_decoupled,moe,456,5,15,0.007944336161017418,0.019396217539906502,1.4242008924484253
3500,mla_decoupled,moe,456,1,0,0.040699463337659836,0.062030091881752014,2.697948694229126
3500,mla_decoupled,moe,456,1,1,0.04205688461661339,0.061876729130744934,2.697948694229126
3500,mla_decoupled,moe,456,1,2,0.059754639863967896,0.061754051595926285,2.697948694229126
3500,mla_decoupled,moe,456,1,3,0.07291503995656967,0.06172403693199158,2.697948694229126
3500,mla_decoupled,moe,456,1,4,0.052427977323532104,0.062194209545850754,2.697948694229126
3500,mla_decoupled,moe,456,1,5,0.05902343615889549,0.06005074828863144,2.697948694229126
3500,mla_decoupled,moe,456,1,6,0.07014282047748566,0.06256986409425735,2.697948694229126
3500,mla_decoupled,moe,456,1,7,0.05196533352136612,0.06064070761203766,2.697948694229126
3500,mla_decoupled,moe,456,1,8,0.06167968735098839,0.06373541057109833,2.697948694229126
3500,mla_decoupled,moe,456,1,9,0.06166381761431694,0.06261380016803741,2.697948694229126
3500,mla_decoupled,moe,456,1,10,0.0779431164264679,0.0632464811205864,2.697948694229126
3500,mla_decoupled,moe,456,1,11,0.07954345643520355,0.06097383797168732,2.697948694229126
3500,mla_decoupled,moe,456,1,12,0.048411864787340164,0.06023053824901581,2.697948694229126
3500,mla_decoupled,moe,456,1,13,0.07766113430261612,0.06356416642665863,2.697948694229126
3500,mla_decoupled,moe,456,1,14,0.06783569604158401,0.0705995187163353,2.697948694229126
3500,mla_decoupled,moe,456,1,15,0.07627563178539276,0.06219576299190521,2.697948694229126
3500,mla_decoupled,moe,456,2,0,0.05036254972219467,0.06292940676212311,2.6878368854522705
3500,mla_decoupled,moe,456,2,1,0.06099853664636612,0.06130053102970123,2.6878368854522705
3500,mla_decoupled,moe,456,2,2,0.05574585124850273,0.06002594903111458,2.6878368854522705
3500,mla_decoupled,moe,456,2,3,0.08140625059604645,0.06678939610719681,2.6878368854522705
3500,mla_decoupled,moe,456,2,4,0.07598632574081421,0.06508505344390869,2.6878368854522705
3500,mla_decoupled,moe,456,2,5,0.058739013969898224,0.060578569769859314,2.6878368854522705
3500,mla_decoupled,moe,456,2,6,0.04544433578848839,0.062332719564437866,2.6878368854522705
3500,mla_decoupled,moe,456,2,7,0.026479491963982582,0.06228525936603546,2.6878368854522705
3500,mla_decoupled,moe,456,2,8,0.058948975056409836,0.06134403124451637,2.6878368854522705
3500,mla_decoupled,moe,456,2,9,0.07969848811626434,0.0653035044670105,2.6878368854522705
3500,mla_decoupled,moe,456,2,10,0.05301757901906967,0.06435472518205643,2.6878368854522705
3500,mla_decoupled,moe,456,2,11,0.05253662168979645,0.05996792018413544,2.6878368854522705
3500,mla_decoupled,moe,456,2,12,0.07078368961811066,0.05952787771821022,2.6878368854522705
3500,mla_decoupled,moe,456,2,13,0.086029052734375,0.06575722992420197,2.6878368854522705
3500,mla_decoupled,moe,456,2,14,0.061732176691293716,0.05976162105798721,2.6878368854522705
3500,mla_decoupled,moe,456,2,15,0.0820910632610321,0.06265619397163391,2.6878368854522705
3500,mla_decoupled,moe,456,3,0,0.08683349937200546,0.07938563823699951,1.8234103918075562
3500,mla_decoupled,moe,456,3,1,0.04878906160593033,0.051364801824092865,1.8234103918075562
3500,mla_decoupled,moe,456,3,2,0.054072264581918716,0.05199457332491875,1.8234103918075562
3500,mla_decoupled,moe,456,3,3,0.045765381306409836,0.048204440623521805,1.8234103918075562
3500,mla_decoupled,moe,456,3,4,0.06887450814247131,0.06689564138650894,1.8234103918075562
3500,mla_decoupled,moe,456,3,5,0.06368774175643921,0.07349655777215958,1.8234103918075562
3500,mla_decoupled,moe,456,3,6,0.06847412139177322,0.07219543308019638,1.8234103918075562
3500,mla_decoupled,moe,456,3,7,0.06699340790510178,0.06001046672463417,1.8234103918075562
3500,mla_decoupled,moe,456,3,8,0.058891601860523224,0.05488605052232742,1.8234103918075562
3500,mla_decoupled,moe,456,3,9,0.07319335639476776,0.06309738010168076,1.8234103918075562
3500,mla_decoupled,moe,456,3,10,0.05682739242911339,0.06564415246248245,1.8234103918075562
3500,mla_decoupled,moe,456,3,11,0.08475830405950546,0.06998216360807419,1.8234103918075562
3500,mla_decoupled,moe,456,3,12,0.06578735262155533,0.05809689685702324,1.8234103918075562
3500,mla_decoupled,moe,456,3,13,0.04953979328274727,0.05337493121623993,1.8234103918075562
3500,mla_decoupled,moe,456,3,14,0.06585693359375,0.07842746376991272,1.8234103918075562
3500,mla_decoupled,moe,456,3,15,0.041655272245407104,0.05294342339038849,1.8234103918075562
3500,mla_decoupled,moe,456,4,0,0.07050780951976776,0.07151078432798386,1.2251720428466797
3500,mla_decoupled,moe,456,4,1,0.03931518644094467,0.03866075351834297,1.2251720428466797
3500,mla_decoupled,moe,456,4,2,0.09419555962085724,0.08947685360908508,1.2251720428466797
3500,mla_decoupled,moe,456,4,3,0.04805663973093033,0.04682912304997444,1.2251720428466797
3500,mla_decoupled,moe,456,4,4,0.08505615592002869,0.07085804641246796,1.2251720428466797
3500,mla_decoupled,moe,456,4,5,0.078857421875,0.06237873435020447,1.2251720428466797
3500,mla_decoupled,moe,456,4,6,0.06156738102436066,0.07424862682819366,1.2251720428466797
3500,mla_decoupled,moe,456,4,7,0.06012939289212227,0.039819665253162384,1.2251720428466797
3500,mla_decoupled,moe,456,4,8,0.06867309659719467,0.09617747366428375,1.2251720428466797
3500,mla_decoupled,moe,456,4,9,0.031007079407572746,0.030998636037111282,1.2251720428466797
3500,mla_decoupled,moe,456,4,10,0.06357666105031967,0.05628840997815132,1.2251720428466797
3500,mla_decoupled,moe,456,4,11,0.04791625961661339,0.0452803410589695,1.2251720428466797
3500,mla_decoupled,moe,456,4,12,0.08506103605031967,0.0974879190325737,1.2251720428466797
3500,mla_decoupled,moe,456,4,13,0.037086181342601776,0.04388781636953354,1.2251720428466797
3500,mla_decoupled,moe,456,4,14,0.06501708924770355,0.07313267141580582,1.2251720428466797
3500,mla_decoupled,moe,456,4,15,0.06397704780101776,0.06296411156654358,1.2251720428466797
3500,mla_decoupled,moe,456,5,0,0.09194091707468033,0.08628948032855988,1.4366426467895508
3500,mla_decoupled,moe,456,5,1,0.04204467684030533,0.03451139107346535,1.4366426467895508
3500,mla_decoupled,moe,456,5,2,0.051093749701976776,0.06482963263988495,1.4366426467895508
3500,mla_decoupled,moe,456,5,3,0.09798706322908401,0.09087520837783813,1.4366426467895508
3500,mla_decoupled,moe,456,5,4,0.08616699278354645,0.08386186510324478,1.4366426467895508
3500,mla_decoupled,moe,456,5,5,0.058269042521715164,0.07047423720359802,1.4366426467895508
3500,mla_decoupled,moe,456,5,6,0.07293456792831421,0.06339585036039352,1.4366426467895508
3500,mla_decoupled,moe,456,5,7,0.05653442442417145,0.051984939724206924,1.4366426467895508
3500,mla_decoupled,moe,456,5,8,0.04182250797748566,0.04511202499270439,1.4366426467895508
3500,mla_decoupled,moe,456,5,9,0.0669262707233429,0.05884993448853493,1.4366426467895508
3500,mla_decoupled,moe,456,5,10,0.029301756992936134,0.02957889810204506,1.4366426467895508
3500,mla_decoupled,moe,456,5,11,0.0677172839641571,0.07586237788200378,1.4366426467895508
3500,mla_decoupled,moe,456,5,12,0.05065673962235451,0.050819531083106995,1.4366426467895508
3500,mla_decoupled,moe,456,5,13,0.08308593928813934,0.10674503445625305,1.4366426467895508
3500,mla_decoupled,moe,456,5,14,0.09799804538488388,0.06838104873895645,1.4366426467895508
3500,mla_decoupled,moe,456,5,15,0.005520019680261612,0.018428562209010124,1.4366426467895508
4000,mla_decoupled,moe,456,1,0,0.04790893569588661,0.06289590150117874,2.695841073989868
4000,mla_decoupled,moe,456,1,1,0.050267335027456284,0.06159795820713043,2.695841073989868
4000,mla_decoupled,moe,456,1,2,0.06869751214981079,0.061522699892520905,2.695841073989868
4000,mla_decoupled,moe,456,1,3,0.06313110142946243,0.06053849309682846,2.695841073989868
4000,mla_decoupled,moe,456,1,4,0.06139282137155533,0.06362951546907425,2.695841073989868
4000,mla_decoupled,moe,456,1,5,0.06339233368635178,0.061372265219688416,2.695841073989868
4000,mla_decoupled,moe,456,1,6,0.07529418915510178,0.0614716000854969,2.695841073989868
4000,mla_decoupled,moe,456,1,7,0.06399780511856079,0.060419708490371704,2.695841073989868
4000,mla_decoupled,moe,456,1,8,0.05748046934604645,0.06431037932634354,2.695841073989868
4000,mla_decoupled,moe,456,1,9,0.04514770582318306,0.059495653957128525,2.695841073989868
4000,mla_decoupled,moe,456,1,10,0.07523803412914276,0.06311243027448654,2.695841073989868
4000,mla_decoupled,moe,456,1,11,0.0672900378704071,0.06155852973461151,2.695841073989868
4000,mla_decoupled,moe,456,1,12,0.053834229707717896,0.06259375065565109,2.695841073989868
4000,mla_decoupled,moe,456,1,13,0.048039551824331284,0.06051900237798691,2.695841073989868
4000,mla_decoupled,moe,456,1,14,0.07680175453424454,0.0709988921880722,2.695841073989868
4000,mla_decoupled,moe,456,1,15,0.08208618313074112,0.06396326422691345,2.695841073989868
4000,mla_decoupled,moe,456,2,0,0.04692627117037773,0.06098785251379013,2.6835873126983643
4000,mla_decoupled,moe,456,2,1,0.04504760727286339,0.06153756007552147,2.6835873126983643
4000,mla_decoupled,moe,456,2,2,0.06283935904502869,0.05969863012433052,2.6835873126983643
4000,mla_decoupled,moe,456,2,3,0.08837646245956421,0.06797772645950317,2.6835873126983643
4000,mla_decoupled,moe,456,2,4,0.07671264559030533,0.06610633432865143,2.6835873126983643
4000,mla_decoupled,moe,456,2,5,0.07010864466428757,0.062351539731025696,2.6835873126983643
4000,mla_decoupled,moe,456,2,6,0.0631103515625,0.06400974094867706,2.6835873126983643
4000,mla_decoupled,moe,456,2,7,0.029954833909869194,0.06221703439950943,2.6835873126983643
4000,mla_decoupled,moe,456,2,8,0.07587402313947678,0.06384432315826416,2.6835873126983643
4000,mla_decoupled,moe,456,2,9,0.0710156261920929,0.06431540101766586,2.6835873126983643
4000,mla_decoupled,moe,456,2,10,0.027052002027630806,0.061712004244327545,2.6835873126983643
4000,mla_decoupled,moe,456,2,11,0.072967529296875,0.06168153136968613,2.6835873126983643
4000,mla_decoupled,moe,456,2,12,0.07463012635707855,0.06148276850581169,2.6835873126983643
4000,mla_decoupled,moe,456,2,13,0.06475463509559631,0.061090145260095596,2.6835873126983643
4000,mla_decoupled,moe,456,2,14,0.06522826850414276,0.060336340218782425,2.6835873126983643
4000,mla_decoupled,moe,456,2,15,0.06540161371231079,0.06065106391906738,2.6835873126983643
4000,mla_decoupled,moe,456,3,0,0.09125243872404099,0.08332984894514084,1.776106834411621
4000,mla_decoupled,moe,456,3,1,0.05198852717876434,0.0538482666015625,1.776106834411621
4000,mla_decoupled,moe,456,3,2,0.05222412198781967,0.050948966294527054,1.776106834411621
4000,mla_decoupled,moe,456,3,3,0.05103149265050888,0.05005797743797302,1.776106834411621
4000,mla_decoupled,moe,456,3,4,0.061065673828125,0.06356999278068542,1.776106834411621
4000,mla_decoupled,moe,456,3,5,0.06121582165360451,0.07126925140619278,1.776106834411621
4000,mla_decoupled,moe,456,3,6,0.07109985500574112,0.0766020119190216,1.776106834411621
4000,mla_decoupled,moe,456,3,7,0.06765502691268921,0.060073643922805786,1.776106834411621
4000,mla_decoupled,moe,456,3,8,0.06045898422598839,0.05491681024432182,1.776106834411621
4000,mla_decoupled,moe,456,3,9,0.06301635503768921,0.05513110011816025,1.776106834411621
4000,mla_decoupled,moe,456,3,10,0.059825439006090164,0.06498302519321442,1.776106834411621
4000,mla_decoupled,moe,456,3,11,0.08300293236970901,0.07009904831647873,1.776106834411621
4000,mla_decoupled,moe,456,3,12,0.06554199010133743,0.057897452265024185,1.776106834411621
4000,mla_decoupled,moe,456,3,13,0.056645508855581284,0.05876435339450836,1.776106834411621
4000,mla_decoupled,moe,456,3,14,0.06708618253469467,0.07813163101673126,1.776106834411621
4000,mla_decoupled,moe,456,3,15,0.03688964992761612,0.050376638770103455,1.776106834411621
4000,mla_decoupled,moe,456,4,0,0.06332764029502869,0.06758114695549011,1.1915299892425537
4000,mla_decoupled,moe,456,4,1,0.03994506970047951,0.03960614278912544,1.1915299892425537
4000,mla_decoupled,moe,456,4,2,0.09339477866888046,0.08629564940929413,1.1915299892425537
4000,mla_decoupled,moe,456,4,3,0.049110107123851776,0.048458632081747055,1.1915299892425537
4000,mla_decoupled,moe,456,4,4,0.08570800721645355,0.07183399051427841,1.1915299892425537
4000,mla_decoupled,moe,456,4,5,0.08420898765325546,0.06596896052360535,1.1915299892425537
4000,mla_decoupled,moe,456,4,6,0.059294432401657104,0.07365129142999649,1.1915299892425537
4000,mla_decoupled,moe,456,4,7,0.057947997003793716,0.03588607534766197,1.1915299892425537
4000,mla_decoupled,moe,456,4,8,0.0676257312297821,0.09765481948852539,1.1915299892425537
4000,mla_decoupled,moe,456,4,9,0.02568969689309597,0.025736622512340546,1.1915299892425537
4000,mla_decoupled,moe,456,4,10,0.06552368402481079,0.057416871190071106,1.1915299892425537
4000,mla_decoupled,moe,456,4,11,0.05203003063797951,0.04639139771461487,1.1915299892425537
4000,mla_decoupled,moe,456,4,12,0.09327148646116257,0.10659937560558319,1.1915299892425537
4000,mla_decoupled,moe,456,4,13,0.035270996391773224,0.04035204276442528,1.1915299892425537
4000,mla_decoupled,moe,456,4,14,0.0666210949420929,0.0756562352180481,1.1915299892425537
4000,mla_decoupled,moe,456,4,15,0.061030272394418716,0.06091078370809555,1.1915299892425537
4000,mla_decoupled,moe,456,5,0,0.09369506686925888,0.09071745723485947,1.4086929559707642
4000,mla_decoupled,moe,456,5,1,0.04049438610672951,0.0328630693256855,1.4086929559707642
4000,mla_decoupled,moe,456,5,2,0.05195678770542145,0.0682734027504921,1.4086929559707642
4000,mla_decoupled,moe,456,5,3,0.09715209901332855,0.08865400403738022,1.4086929559707642
4000,mla_decoupled,moe,456,5,4,0.085418701171875,0.08388379961252213,1.4086929559707642
4000,mla_decoupled,moe,456,5,5,0.06426025182008743,0.07283880561590195,1.4086929559707642
4000,mla_decoupled,moe,456,5,6,0.07582275569438934,0.0684310793876648,1.4086929559707642
4000,mla_decoupled,moe,456,5,7,0.05470214784145355,0.048612698912620544,1.4086929559707642
4000,mla_decoupled,moe,456,5,8,0.043327637016773224,0.04633587971329689,1.4086929559707642
4000,mla_decoupled,moe,456,5,9,0.06907104700803757,0.06166042387485504,1.4086929559707642
4000,mla_decoupled,moe,456,5,10,0.023586425930261612,0.025912554934620857,1.4086929559707642
4000,mla_decoupled,moe,456,5,11,0.06846191734075546,0.07733339816331863,1.4086929559707642
4000,mla_decoupled,moe,456,5,12,0.051569823175668716,0.05072556436061859,1.4086929559707642
4000,mla_decoupled,moe,456,5,13,0.0789807140827179,0.1007714495062828,1.4086929559707642
4000,mla_decoupled,moe,456,5,14,0.09661498665809631,0.0658269003033638,1.4086929559707642
4000,mla_decoupled,moe,456,5,15,0.0048852539621293545,0.01715952716767788,1.4086929559707642
4500,mla_decoupled,moe,456,1,0,0.06323486566543579,0.06310819089412689,2.692979097366333
4500,mla_decoupled,moe,456,1,1,0.037852782756090164,0.06086580827832222,2.692979097366333
4500,mla_decoupled,moe,456,1,2,0.08549438416957855,0.06401006877422333,2.692979097366333
4500,mla_decoupled,moe,456,1,3,0.07107055932283401,0.06174219027161598,2.692979097366333
4500,mla_decoupled,moe,456,1,4,0.050053711980581284,0.06268637627363205,2.692979097366333
4500,mla_decoupled,moe,456,1,5,0.05881713703274727,0.061121657490730286,2.692979097366333
4500,mla_decoupled,moe,456,1,6,0.09233398735523224,0.06423177570104599,2.692979097366333
4500,mla_decoupled,moe,456,1,7,0.05964599549770355,0.06194380670785904,2.692979097366333
4500,mla_decoupled,moe,456,1,8,0.05959839001297951,0.06321335583925247,2.692979097366333
4500,mla_decoupled,moe,456,1,9,0.043701171875,0.060322970151901245,2.692979097366333
4500,mla_decoupled,moe,456,1,10,0.07631103694438934,0.06396226584911346,2.692979097366333
4500,mla_decoupled,moe,456,1,11,0.06003173813223839,0.05940152704715729,2.692979097366333
4500,mla_decoupled,moe,456,1,12,0.06402099877595901,0.06222418323159218,2.692979097366333
4500,mla_decoupled,moe,456,1,13,0.04891723766922951,0.06084762141108513,2.692979097366333
4500,mla_decoupled,moe,456,1,14,0.061918944120407104,0.06906934082508087,2.692979097366333
4500,mla_decoupled,moe,456,1,15,0.06699707359075546,0.06124888360500336,2.692979097366333
4500,mla_decoupled,moe,456,2,0,0.0824902355670929,0.06600720435380936,2.6717123985290527
4500,mla_decoupled,moe,456,2,1,0.05804809555411339,0.061291828751564026,2.6717123985290527
4500,mla_decoupled,moe,456,2,2,0.06487549096345901,0.060879334807395935,2.6717123985290527
4500,mla_decoupled,moe,456,2,3,0.03242675960063934,0.06119992583990097,2.6717123985290527
4500,mla_decoupled,moe,456,2,4,0.08688110113143921,0.06910888105630875,2.6717123985290527
4500,mla_decoupled,moe,456,2,5,0.07637450844049454,0.06221040338277817,2.6717123985290527
4500,mla_decoupled,moe,456,2,6,0.07091064751148224,0.06433176249265671,2.6717123985290527
4500,mla_decoupled,moe,456,2,7,0.03641723468899727,0.06225321441888809,2.6717123985290527
4500,mla_decoupled,moe,456,2,8,0.07184325903654099,0.06344033032655716,2.6717123985290527
4500,mla_decoupled,moe,456,2,9,0.05653076246380806,0.061818066984415054,2.6717123985290527
4500,mla_decoupled,moe,456,2,10,0.030982665717601776,0.06081134453415871,2.6717123985290527
4500,mla_decoupled,moe,456,2,11,0.06328613311052322,0.05952756479382515,2.6717123985290527
4500,mla_decoupled,moe,456,2,12,0.05927490070462227,0.05990474671125412,2.6717123985290527
4500,mla_decoupled,moe,456,2,13,0.07857421785593033,0.06412827968597412,2.6717123985290527
4500,mla_decoupled,moe,456,2,14,0.06777709722518921,0.06177235767245293,2.6717123985290527
4500,mla_decoupled,moe,456,2,15,0.06330688297748566,0.06131473556160927,2.6717123985290527
4500,mla_decoupled,moe,456,3,0,0.08865723013877869,0.08044467866420746,1.7529484033584595
4500,mla_decoupled,moe,456,3,1,0.04695678874850273,0.051558610051870346,1.7529484033584595
4500,mla_decoupled,moe,456,3,2,0.046662598848342896,0.0476924329996109,1.7529484033584595
4500,mla_decoupled,moe,456,3,3,0.05713500827550888,0.05339789390563965,1.7529484033584595
4500,mla_decoupled,moe,456,3,4,0.06446289271116257,0.06371581554412842,1.7529484033584595
4500,mla_decoupled,moe,456,3,5,0.05683227628469467,0.0677715316414833,1.7529484033584595
4500,mla_decoupled,moe,456,3,6,0.06789184361696243,0.07323383539915085,1.7529484033584595
4500,mla_decoupled,moe,456,3,7,0.07316772639751434,0.06391817331314087,1.7529484033584595
4500,mla_decoupled,moe,456,3,8,0.06232665851712227,0.05776781588792801,1.7529484033584595
4500,mla_decoupled,moe,456,3,9,0.07332641631364822,0.06318333745002747,1.7529484033584595
4500,mla_decoupled,moe,456,3,10,0.06464355438947678,0.0712856724858284,1.7529484033584595
4500,mla_decoupled,moe,456,3,11,0.07416138052940369,0.06484555453062057,1.7529484033584595
4500,mla_decoupled,moe,456,3,12,0.0642077624797821,0.05623018369078636,1.7529484033584595
4500,mla_decoupled,moe,456,3,13,0.05233154445886612,0.053355876356363297,1.7529484033584595
4500,mla_decoupled,moe,456,3,14,0.06626465171575546,0.07985564321279526,1.7529484033584595
4500,mla_decoupled,moe,456,3,15,0.04097168147563934,0.05174294486641884,1.7529484033584595
4500,mla_decoupled,moe,456,4,0,0.06845337152481079,0.07016267627477646,1.2105603218078613
4500,mla_decoupled,moe,456,4,1,0.04616454988718033,0.04168929532170296,1.2105603218078613
4500,mla_decoupled,moe,456,4,2,0.09611694514751434,0.08964434266090393,1.2105603218078613
4500,mla_decoupled,moe,456,4,3,0.049561768770217896,0.04752299189567566,1.2105603218078613
4500,mla_decoupled,moe,456,4,4,0.08961913734674454,0.07518720626831055,1.2105603218078613
4500,mla_decoupled,moe,456,4,5,0.07981323450803757,0.061342786997556686,1.2105603218078613
4500,mla_decoupled,moe,456,4,6,0.05805419757962227,0.07018100470304489,1.2105603218078613
4500,mla_decoupled,moe,456,4,7,0.05249999836087227,0.033503007143735886,1.2105603218078613
4500,mla_decoupled,moe,456,4,8,0.06640014797449112,0.09165863692760468,1.2105603218078613
4500,mla_decoupled,moe,456,4,9,0.023041991516947746,0.024982376024127007,1.2105603218078613
4500,mla_decoupled,moe,456,4,10,0.06435424834489822,0.05705955624580383,1.2105603218078613
4500,mla_decoupled,moe,456,4,11,0.05043090879917145,0.04903861880302429,1.2105603218078613
4500,mla_decoupled,moe,456,4,12,0.08703368902206421,0.10176004469394684,1.2105603218078613
4500,mla_decoupled,moe,456,4,13,0.037285156548023224,0.04736936464905739,1.2105603218078613
4500,mla_decoupled,moe,456,4,14,0.06701415777206421,0.07456915825605392,1.2105603218078613
4500,mla_decoupled,moe,456,4,15,0.06415649503469467,0.06432895362377167,1.2105603218078613
4500,mla_decoupled,moe,456,5,0,0.0892333984375,0.08189542591571808,1.424113154411316
4500,mla_decoupled,moe,456,5,1,0.042064208537340164,0.034638866782188416,1.424113154411316
4500,mla_decoupled,moe,456,5,2,0.05382324382662773,0.06795027107000351,1.424113154411316
4500,mla_decoupled,moe,456,5,3,0.0976245105266571,0.09032035619020462,1.424113154411316
4500,mla_decoupled,moe,456,5,4,0.08160766959190369,0.08245502412319183,1.424113154411316
4500,mla_decoupled,moe,456,5,5,0.06349731236696243,0.07280641049146652,1.424113154411316
4500,mla_decoupled,moe,456,5,6,0.07068603485822678,0.06295385211706161,1.424113154411316
4500,mla_decoupled,moe,456,5,7,0.057500001043081284,0.05286717787384987,1.424113154411316
4500,mla_decoupled,moe,456,5,8,0.041850585490465164,0.04476260766386986,1.424113154411316
4500,mla_decoupled,moe,456,5,9,0.07417358458042145,0.06578151881694794,1.424113154411316
4500,mla_decoupled,moe,456,5,10,0.029649658128619194,0.03050977550446987,1.424113154411316
4500,mla_decoupled,moe,456,5,11,0.07271606475114822,0.08103428035974503,1.424113154411316
4500,mla_decoupled,moe,456,5,12,0.04528564587235451,0.047635842114686966,1.424113154411316
4500,mla_decoupled,moe,456,5,13,0.08025390654802322,0.10185779631137848,1.424113154411316
4500,mla_decoupled,moe,456,5,14,0.09408324956893921,0.06551235914230347,1.424113154411316
4500,mla_decoupled,moe,456,5,15,0.005950927734375,0.017018450424075127,1.424113154411316
5000,mla_decoupled,moe,456,1,0,0.054741211235523224,0.06326360255479813,2.6894137859344482
5000,mla_decoupled,moe,456,1,1,0.09483398497104645,0.06248562037944794,2.6894137859344482
5000,mla_decoupled,moe,456,1,2,0.061982423067092896,0.06195523589849472,2.6894137859344482
5000,mla_decoupled,moe,456,1,3,0.07809936255216599,0.06382644921541214,2.6894137859344482
5000,mla_decoupled,moe,456,1,4,0.039600830525159836,0.06140662729740143,2.6894137859344482
5000,mla_decoupled,moe,456,1,5,0.05235351622104645,0.06057917699217796,2.6894137859344482
5000,mla_decoupled,moe,456,1,6,0.06912841647863388,0.059481535106897354,2.6894137859344482
5000,mla_decoupled,moe,456,1,7,0.06377685815095901,0.06159109249711037,2.6894137859344482
5000,mla_decoupled,moe,456,1,8,0.05706176906824112,0.06399669498205185,2.6894137859344482
5000,mla_decoupled,moe,456,1,9,0.03641723468899727,0.05895194038748741,2.6894137859344482
5000,mla_decoupled,moe,456,1,10,0.07691528648138046,0.06516160815954208,2.6894137859344482
5000,mla_decoupled,moe,456,1,11,0.07338257133960724,0.061506565660238266,2.6894137859344482
5000,mla_decoupled,moe,456,1,12,0.0630786120891571,0.06363125145435333,2.6894137859344482
5000,mla_decoupled,moe,456,1,13,0.06092895567417145,0.06326056271791458,2.6894137859344482
5000,mla_decoupled,moe,456,1,14,0.06495727598667145,0.06985558569431305,2.6894137859344482
5000,mla_decoupled,moe,456,1,15,0.052741698920726776,0.05904645472764969,2.6894137859344482
5000,mla_decoupled,moe,456,2,0,0.05783447250723839,0.06190875545144081,2.6631534099578857
5000,mla_decoupled,moe,456,2,1,0.06459838896989822,0.06362435966730118,2.6631534099578857
5000,mla_decoupled,moe,456,2,2,0.07471802085638046,0.0631968155503273,2.6631534099578857
5000,mla_decoupled,moe,456,2,3,0.04089965671300888,0.06185658276081085,2.6631534099578857
5000,mla_decoupled,moe,456,2,4,0.07253051549196243,0.06544968485832214,2.6631534099578857
5000,mla_decoupled,moe,456,2,5,0.05937866121530533,0.059865523129701614,2.6631534099578857
5000,mla_decoupled,moe,456,2,6,0.046882323920726776,0.06042976304888725,2.6631534099578857
5000,mla_decoupled,moe,456,2,7,0.04742431640625,0.06352106481790543,2.6631534099578857
5000,mla_decoupled,moe,456,2,8,0.06901123374700546,0.06424468755722046,2.6631534099578857
5000,mla_decoupled,moe,456,2,9,0.06630859524011612,0.06275373697280884,2.6631534099578857
5000,mla_decoupled,moe,456,2,10,0.06865722686052322,0.06429385393857956,2.6631534099578857
5000,mla_decoupled,moe,456,2,11,0.05951171740889549,0.05885494872927666,2.6631534099578857
5000,mla_decoupled,moe,456,2,12,0.06231079250574112,0.06076434254646301,2.6631534099578857
5000,mla_decoupled,moe,456,2,13,0.06455322355031967,0.06172977387905121,2.6631534099578857
5000,mla_decoupled,moe,456,2,14,0.07321533560752869,0.0639762133359909,2.6631534099578857
5000,mla_decoupled,moe,456,2,15,0.07216552644968033,0.06352988630533218,2.6631534099578857
5000,mla_decoupled,moe,456,3,0,0.08929687738418579,0.08270297944545746,1.7294633388519287
5000,mla_decoupled,moe,456,3,1,0.048955079168081284,0.05087815597653389,1.7294633388519287
5000,mla_decoupled,moe,456,3,2,0.05391235277056694,0.05254663899540901,1.7294633388519287
5000,mla_decoupled,moe,456,3,3,0.05810546875,0.05374467372894287,1.7294633388519287
5000,mla_decoupled,moe,456,3,4,0.06044922024011612,0.06285737454891205,1.7294633388519287
5000,mla_decoupled,moe,456,3,5,0.05107177793979645,0.06352311372756958,1.7294633388519287
5000,mla_decoupled,moe,456,3,6,0.07091064751148224,0.07626471668481827,1.7294633388519287
5000,mla_decoupled,moe,456,3,7,0.06300537288188934,0.05636455491185188,1.7294633388519287
5000,mla_decoupled,moe,456,3,8,0.05848510563373566,0.05497251823544502,1.7294633388519287
5000,mla_decoupled,moe,456,3,9,0.06769409030675888,0.057737160474061966,1.7294633388519287
5000,mla_decoupled,moe,456,3,10,0.06243652477860451,0.06959084421396255,1.7294633388519287
5000,mla_decoupled,moe,456,3,11,0.08419067412614822,0.07145808637142181,1.7294633388519287
5000,mla_decoupled,moe,456,3,12,0.06281494349241257,0.05473458766937256,1.7294633388519287
5000,mla_decoupled,moe,456,3,13,0.05682373046875,0.055570319294929504,1.7294633388519287
5000,mla_decoupled,moe,456,3,14,0.06927123665809631,0.08413238823413849,1.7294633388519287
5000,mla_decoupled,moe,456,3,15,0.042576905339956284,0.05292185768485069,1.7294633388519287
5000,mla_decoupled,moe,456,4,0,0.06821777671575546,0.07192207872867584,1.180774211883545
5000,mla_decoupled,moe,456,4,1,0.046428222209215164,0.04153856262564659,1.180774211883545
5000,mla_decoupled,moe,456,4,2,0.09466552734375,0.086612768471241,1.180774211883545
5000,mla_decoupled,moe,456,4,3,0.055937498807907104,0.05287393555045128,1.180774211883545
5000,mla_decoupled,moe,456,4,4,0.08891723304986954,0.07662932574748993,1.180774211883545
5000,mla_decoupled,moe,456,4,5,0.08094726502895355,0.06246119365096092,1.180774211883545
5000,mla_decoupled,moe,456,4,6,0.058173827826976776,0.0711027979850769,1.180774211883545
5000,mla_decoupled,moe,456,4,7,0.05830688402056694,0.037770725786685944,1.180774211883545
5000,mla_decoupled,moe,456,4,8,0.06607422232627869,0.09072470664978027,1.180774211883545
5000,mla_decoupled,moe,456,4,9,0.026823731139302254,0.02787383645772934,1.180774211883545
5000,mla_decoupled,moe,456,4,10,0.06334594637155533,0.05762620270252228,1.180774211883545
5000,mla_decoupled,moe,456,4,11,0.045140381902456284,0.04409554973244667,1.180774211883545
5000,mla_decoupled,moe,456,4,12,0.09043457359075546,0.10471353679895401,1.180774211883545
5000,mla_decoupled,moe,456,4,13,0.03268798813223839,0.04505935683846474,1.180774211883545
5000,mla_decoupled,moe,456,4,14,0.06699828803539276,0.07246991991996765,1.180774211883545
5000,mla_decoupled,moe,456,4,15,0.05690063536167145,0.05652548745274544,1.180774211883545
5000,mla_decoupled,moe,456,5,0,0.09239502251148224,0.08640900254249573,1.4147039651870728
5000,mla_decoupled,moe,456,5,1,0.04554443433880806,0.03596184775233269,1.4147039651870728
5000,mla_decoupled,moe,456,5,2,0.050224609673023224,0.06513150036334991,1.4147039651870728
5000,mla_decoupled,moe,456,5,3,0.09719604253768921,0.08999362587928772,1.4147039651870728
5000,mla_decoupled,moe,456,5,4,0.08110962063074112,0.08082305639982224,1.4147039651870728
5000,mla_decoupled,moe,456,5,5,0.06434204429388046,0.07454296201467514,1.4147039651870728
5000,mla_decoupled,moe,456,5,6,0.07062622159719467,0.061700984835624695,1.4147039651870728
5000,mla_decoupled,moe,456,5,7,0.057127684354782104,0.05371323600411415,1.4147039651870728
5000,mla_decoupled,moe,456,5,8,0.041322022676467896,0.04280955344438553,1.4147039651870728
5000,mla_decoupled,moe,456,5,9,0.06940063834190369,0.06278826296329498,1.4147039651870728
5000,mla_decoupled,moe,456,5,10,0.029631348326802254,0.03018527291715145,1.4147039651870728
5000,mla_decoupled,moe,456,5,11,0.06675659120082855,0.07624300569295883,1.4147039651870728
5000,mla_decoupled,moe,456,5,12,0.049866944551467896,0.05096329748630524,1.4147039651870728
5000,mla_decoupled,moe,456,5,13,0.07943115383386612,0.10089164972305298,1.4147039651870728
5000,mla_decoupled,moe,456,5,14,0.09948486089706421,0.071017786860466,1.4147039651870728
5000,mla_decoupled,moe,456,5,15,0.005540771409869194,0.01682494394481182,1.4147039651870728
5500,mla_decoupled,moe,456,1,0,0.04591674730181694,0.061999350786209106,2.6826250553131104
5500,mla_decoupled,moe,456,1,1,0.06166137754917145,0.06092691048979759,2.6826250553131104
5500,mla_decoupled,moe,456,1,2,0.07488036900758743,0.06307803839445114,2.6826250553131104
5500,mla_decoupled,moe,456,1,3,0.08229003846645355,0.0635182335972786,2.6826250553131104
5500,mla_decoupled,moe,456,1,4,0.05689941346645355,0.0631018877029419,2.6826250553131104
5500,mla_decoupled,moe,456,1,5,0.05128173902630806,0.06112261861562729,2.6826250553131104
5500,mla_decoupled,moe,456,1,6,0.06339599937200546,0.059340495616197586,2.6826250553131104
5500,mla_decoupled,moe,456,1,7,0.061573486775159836,0.061661433428525925,2.6826250553131104
5500,mla_decoupled,moe,456,1,8,0.05593017488718033,0.06496413797140121,2.6826250553131104
5500,mla_decoupled,moe,456,1,9,0.04832275211811066,0.059897053986787796,2.6826250553131104
5500,mla_decoupled,moe,456,1,10,0.07008056342601776,0.062292370945215225,2.6826250553131104
5500,mla_decoupled,moe,456,1,11,0.07222290337085724,0.06199993938207626,2.6826250553131104
5500,mla_decoupled,moe,456,1,12,0.06102173030376434,0.06243288516998291,2.6826250553131104
5500,mla_decoupled,moe,456,1,13,0.06647948920726776,0.0633939802646637,2.6826250553131104
5500,mla_decoupled,moe,456,1,14,0.07159911841154099,0.07003556936979294,2.6826250553131104
5500,mla_decoupled,moe,456,1,15,0.05644409358501434,0.06023511290550232,2.6826250553131104
5500,mla_decoupled,moe,456,2,0,0.06399780511856079,0.06221001595258713,2.649993658065796
5500,mla_decoupled,moe,456,2,1,0.05477295070886612,0.06264593452215195,2.649993658065796
5500,mla_decoupled,moe,456,2,2,0.057026367634534836,0.05872517079114914,2.649993658065796
5500,mla_decoupled,moe,456,2,3,0.06460204720497131,0.06347524374723434,2.649993658065796
5500,mla_decoupled,moe,456,2,4,0.07196655124425888,0.06511583924293518,2.649993658065796
5500,mla_decoupled,moe,456,2,5,0.05820556730031967,0.060909949243068695,2.649993658065796
5500,mla_decoupled,moe,456,2,6,0.07318969815969467,0.06397338211536407,2.649993658065796
5500,mla_decoupled,moe,456,2,7,0.03453369066119194,0.0625394880771637,2.649993658065796
5500,mla_decoupled,moe,456,2,8,0.07654296606779099,0.06711231917142868,2.649993658065796
5500,mla_decoupled,moe,456,2,9,0.051726073026657104,0.05898464843630791,2.649993658065796
5500,mla_decoupled,moe,456,2,10,0.052312012761831284,0.0633913055062294,2.649993658065796
5500,mla_decoupled,moe,456,2,11,0.05094970762729645,0.05622037872672081,2.649993658065796
5500,mla_decoupled,moe,456,2,12,0.07355102896690369,0.06255702674388885,2.649993658065796
5500,mla_decoupled,moe,456,2,13,0.06706664711236954,0.06370247155427933,2.649993658065796
5500,mla_decoupled,moe,456,2,14,0.07175415009260178,0.06390226632356644,2.649993658065796
5500,mla_decoupled,moe,456,2,15,0.07780273258686066,0.06453452259302139,2.649993658065796
5500,mla_decoupled,moe,456,3,0,0.08774291723966599,0.08000489324331284,1.72849702835083
5500,mla_decoupled,moe,456,3,1,0.052647706121206284,0.053734201937913895,1.72849702835083
5500,mla_decoupled,moe,456,3,2,0.047606199979782104,0.04861186072230339,1.72849702835083
5500,mla_decoupled,moe,456,3,3,0.06283324956893921,0.057541608810424805,1.72849702835083
5500,mla_decoupled,moe,456,3,4,0.058863524347543716,0.06133515387773514,1.72849702835083
5500,mla_decoupled,moe,456,3,5,0.05414428561925888,0.06715907156467438,1.72849702835083
5500,mla_decoupled,moe,456,3,6,0.06554565578699112,0.07036487758159637,1.72849702835083
5500,mla_decoupled,moe,456,3,7,0.06914428621530533,0.061483655124902725,1.72849702835083
5500,mla_decoupled,moe,456,3,8,0.05542358383536339,0.05478917062282562,1.72849702835083
5500,mla_decoupled,moe,456,3,9,0.0685742199420929,0.05787968263030052,1.72849702835083
5500,mla_decoupled,moe,456,3,10,0.0577392578125,0.06700398772954941,1.72849702835083
5500,mla_decoupled,moe,456,3,11,0.08784790337085724,0.07250745594501495,1.72849702835083
5500,mla_decoupled,moe,456,3,12,0.06948120146989822,0.06073066592216492,1.72849702835083
5500,mla_decoupled,moe,456,3,13,0.05589233338832855,0.057090096175670624,1.72849702835083
5500,mla_decoupled,moe,456,3,14,0.06556518375873566,0.07740050554275513,1.72849702835083
5500,mla_decoupled,moe,456,3,15,0.04094848781824112,0.05236310139298439,1.72849702835083
5500,mla_decoupled,moe,456,4,0,0.07082153111696243,0.07185683399438858,1.2099651098251343
5500,mla_decoupled,moe,456,4,1,0.045307617634534836,0.04164108261466026,1.2099651098251343
5500,mla_decoupled,moe,456,4,2,0.09578125178813934,0.08839648962020874,1.2099651098251343
5500,mla_decoupled,moe,456,4,3,0.05395751819014549,0.05164191126823425,1.2099651098251343
5500,mla_decoupled,moe,456,4,4,0.0874926745891571,0.07410512119531631,1.2099651098251343
5500,mla_decoupled,moe,456,4,5,0.07539794594049454,0.060744937509298325,1.2099651098251343
5500,mla_decoupled,moe,456,4,6,0.05917968600988388,0.07145537436008453,1.2099651098251343
5500,mla_decoupled,moe,456,4,7,0.06148315593600273,0.03810885548591614,1.2099651098251343
5500,mla_decoupled,moe,456,4,8,0.06754882633686066,0.09391365945339203,1.2099651098251343
5500,mla_decoupled,moe,456,4,9,0.030026854947209358,0.030431075021624565,1.2099651098251343
5500,mla_decoupled,moe,456,4,10,0.06501098722219467,0.061173215508461,1.2099651098251343
5500,mla_decoupled,moe,456,4,11,0.04564819484949112,0.044469427317380905,1.2099651098251343
5500,mla_decoupled,moe,456,4,12,0.08597778528928757,0.099558025598526,1.2099651098251343
5500,mla_decoupled,moe,456,4,13,0.033610839396715164,0.046990808099508286,1.2099651098251343
5500,mla_decoupled,moe,456,4,14,0.06509765982627869,0.06884735077619553,1.2099651098251343
5500,mla_decoupled,moe,456,4,15,0.05765746906399727,0.056665875017642975,1.2099651098251343
5500,mla_decoupled,moe,456,5,0,0.0907604992389679,0.08606788516044617,1.4376804828643799
5500,mla_decoupled,moe,456,5,1,0.04397339001297951,0.03818167746067047,1.4376804828643799
5500,mla_decoupled,moe,456,5,2,0.05085937678813934,0.062081750482320786,1.4376804828643799
5500,mla_decoupled,moe,456,5,3,0.1025708019733429,0.09468003362417221,1.4376804828643799
5500,mla_decoupled,moe,456,5,4,0.07722900062799454,0.07819920778274536,1.4376804828643799
5500,mla_decoupled,moe,456,5,5,0.06255859136581421,0.0729411393404007,1.4376804828643799
5500,mla_decoupled,moe,456,5,6,0.07201781868934631,0.063524529337883,1.4376804828643799
5500,mla_decoupled,moe,456,5,7,0.056486815214157104,0.0533679723739624,1.4376804828643799
5500,mla_decoupled,moe,456,5,8,0.04179321229457855,0.045244812965393066,1.4376804828643799
5500,mla_decoupled,moe,456,5,9,0.07247192412614822,0.06509701907634735,1.4376804828643799
5500,mla_decoupled,moe,456,5,10,0.02985839918255806,0.031402405351400375,1.4376804828643799
5500,mla_decoupled,moe,456,5,11,0.06812011450529099,0.07601045072078705,1.4376804828643799
5500,mla_decoupled,moe,456,5,12,0.048487547785043716,0.04774037376046181,1.4376804828643799
5500,mla_decoupled,moe,456,5,13,0.08019409328699112,0.09922879189252853,1.4376804828643799
5500,mla_decoupled,moe,456,5,14,0.09644653648138046,0.06812235713005066,1.4376804828643799
5500,mla_decoupled,moe,456,5,15,0.006171875167638063,0.01810956560075283,1.4376804828643799
6000,mla_decoupled,moe,456,1,0,0.04117065295577049,0.059531938284635544,2.6783249378204346
6000,mla_decoupled,moe,456,1,1,0.027381591498851776,0.057110629975795746,2.6783249378204346
6000,mla_decoupled,moe,456,1,2,0.06570190191268921,0.062359876930713654,2.6783249378204346
6000,mla_decoupled,moe,456,1,3,0.07841918617486954,0.06466484814882278,2.6783249378204346
6000,mla_decoupled,moe,456,1,4,0.06986450403928757,0.06374356895685196,2.6783249378204346
6000,mla_decoupled,moe,456,1,5,0.05564819276332855,0.061768218874931335,2.6783249378204346
6000,mla_decoupled,moe,456,1,6,0.0838940441608429,0.06361519545316696,2.6783249378204346
6000,mla_decoupled,moe,456,1,7,0.08304077386856079,0.06413325667381287,2.6783249378204346
6000,mla_decoupled,moe,456,1,8,0.07381103187799454,0.06369013339281082,2.6783249378204346
6000,mla_decoupled,moe,456,1,9,0.04438598453998566,0.05843997001647949,2.6783249378204346
6000,mla_decoupled,moe,456,1,10,0.08385986089706421,0.06678029149770737,2.6783249378204346
6000,mla_decoupled,moe,456,1,11,0.050200194120407104,0.05865023657679558,2.6783249378204346
6000,mla_decoupled,moe,456,1,12,0.04646606370806694,0.061411723494529724,2.6783249378204346
6000,mla_decoupled,moe,456,1,13,0.05002075061202049,0.06127914786338806,2.6783249378204346
6000,mla_decoupled,moe,456,1,14,0.0755615234375,0.06918513029813766,2.6783249378204346
6000,mla_decoupled,moe,456,1,15,0.07057373225688934,0.06363584101200104,2.6783249378204346
6000,mla_decoupled,moe,456,2,0,0.07355590909719467,0.06375321745872498,2.6359546184539795
6000,mla_decoupled,moe,456,2,1,0.0533447265625,0.06063045561313629,2.6359546184539795
6000,mla_decoupled,moe,456,2,2,0.07236938178539276,0.0628775954246521,2.6359546184539795
6000,mla_decoupled,moe,456,2,3,0.04544311389327049,0.060143209993839264,2.6359546184539795
6000,mla_decoupled,moe,456,2,4,0.0814221203327179,0.06958558410406113,2.6359546184539795
6000,mla_decoupled,moe,456,2,5,0.06112304702401161,0.06288351118564606,2.6359546184539795
6000,mla_decoupled,moe,456,2,6,0.057861328125,0.0598067045211792,2.6359546184539795
6000,mla_decoupled,moe,456,2,7,0.03260986506938934,0.060772012919187546,2.6359546184539795
6000,mla_decoupled,moe,456,2,8,0.08165283501148224,0.0674295648932457,2.6359546184539795
6000,mla_decoupled,moe,456,2,9,0.05497436597943306,0.058138810098171234,2.6359546184539795
6000,mla_decoupled,moe,456,2,10,0.04761962965130806,0.06031995266675949,2.6359546184539795
6000,mla_decoupled,moe,456,2,11,0.07026611268520355,0.06108548492193222,2.6359546184539795
6000,mla_decoupled,moe,456,2,12,0.05458007752895355,0.05943511798977852,2.6359546184539795
6000,mla_decoupled,moe,456,2,13,0.07812988013029099,0.06532992422580719,2.6359546184539795
6000,mla_decoupled,moe,456,2,14,0.07255859673023224,0.06566309183835983,2.6359546184539795
6000,mla_decoupled,moe,456,2,15,0.062489014118909836,0.06214579567313194,2.6359546184539795
6000,mla_decoupled,moe,456,3,0,0.09095092862844467,0.08490115404129028,1.6957871913909912
6000,mla_decoupled,moe,456,3,1,0.044830322265625,0.04924518242478371,1.6957871913909912
6000,mla_decoupled,moe,456,3,2,0.04752197116613388,0.04784143343567848,1.6957871913909912
6000,mla_decoupled,moe,456,3,3,0.06190429627895355,0.056824177503585815,1.6957871913909912
6000,mla_decoupled,moe,456,3,4,0.06043335050344467,0.06246185675263405,1.6957871913909912
6000,mla_decoupled,moe,456,3,5,0.05553955212235451,0.07048369199037552,1.6957871913909912
6000,mla_decoupled,moe,456,3,6,0.07065551728010178,0.07693643867969513,1.6957871913909912
6000,mla_decoupled,moe,456,3,7,0.06779663264751434,0.05991731211543083,1.6957871913909912
6000,mla_decoupled,moe,456,3,8,0.059272460639476776,0.05483412370085716,1.6957871913909912
6000,mla_decoupled,moe,456,3,9,0.07190673798322678,0.05924683436751366,1.6957871913909912
6000,mla_decoupled,moe,456,3,10,0.06224243342876434,0.06827782839536667,1.6957871913909912
6000,mla_decoupled,moe,456,3,11,0.08258056640625,0.06991761177778244,1.6957871913909912
6000,mla_decoupled,moe,456,3,12,0.06802978366613388,0.059324298053979874,1.6957871913909912
6000,mla_decoupled,moe,456,3,13,0.05299926921725273,0.0562443770468235,1.6957871913909912
6000,mla_decoupled,moe,456,3,14,0.06217895448207855,0.0723673552274704,1.6957871913909912
6000,mla_decoupled,moe,456,3,15,0.041157227009534836,0.05117636173963547,1.6957871913909912
6000,mla_decoupled,moe,456,4,0,0.064727783203125,0.06998161971569061,1.1775094270706177
6000,mla_decoupled,moe,456,4,1,0.04264282062649727,0.03957054764032364,1.1775094270706177
6000,mla_decoupled,moe,456,4,2,0.09886596351861954,0.09186376631259918,1.1775094270706177
6000,mla_decoupled,moe,456,4,3,0.04962402209639549,0.04793737828731537,1.1775094270706177
6000,mla_decoupled,moe,456,4,4,0.09385009855031967,0.07965657114982605,1.1775094270706177
6000,mla_decoupled,moe,456,4,5,0.08544311672449112,0.0660010352730751,1.1775094270706177
6000,mla_decoupled,moe,456,4,6,0.05416259914636612,0.06655295193195343,1.1775094270706177
6000,mla_decoupled,moe,456,4,7,0.05711914226412773,0.034945353865623474,1.1775094270706177
6000,mla_decoupled,moe,456,4,8,0.06768066436052322,0.09261485189199448,1.1775094270706177
6000,mla_decoupled,moe,456,4,9,0.02484741248190403,0.024435020983219147,1.1775094270706177
6000,mla_decoupled,moe,456,4,10,0.06828002631664276,0.06147588789463043,1.1775094270706177
6000,mla_decoupled,moe,456,4,11,0.04413818195462227,0.04428290203213692,1.1775094270706177
6000,mla_decoupled,moe,456,4,12,0.09170044213533401,0.1055493950843811,1.1775094270706177
6000,mla_decoupled,moe,456,4,13,0.032707519829273224,0.04543747752904892,1.1775094270706177
6000,mla_decoupled,moe,456,4,14,0.06637206673622131,0.07208609580993652,1.1775094270706177
6000,mla_decoupled,moe,456,4,15,0.057838134467601776,0.05760916694998741,1.1775094270706177
6000,mla_decoupled,moe,456,5,0,0.09306884557008743,0.08796286582946777,1.4192029237747192
6000,mla_decoupled,moe,456,5,1,0.04054321348667145,0.037099339067935944,1.4192029237747192
6000,mla_decoupled,moe,456,5,2,0.05125488340854645,0.061143845319747925,1.4192029237747192
6000,mla_decoupled,moe,456,5,3,0.10103759914636612,0.09345855563879013,1.4192029237747192
6000,mla_decoupled,moe,456,5,4,0.07223022729158401,0.07512553781270981,1.4192029237747192
6000,mla_decoupled,moe,456,5,5,0.06780151277780533,0.07659177482128143,1.4192029237747192
6000,mla_decoupled,moe,456,5,6,0.07249389588832855,0.0627385675907135,1.4192029237747192
6000,mla_decoupled,moe,456,5,7,0.05318603664636612,0.050714101642370224,1.4192029237747192
6000,mla_decoupled,moe,456,5,8,0.03872436657547951,0.041182197630405426,1.4192029237747192
6000,mla_decoupled,moe,456,5,9,0.06955688446760178,0.06438706070184708,1.4192029237747192
6000,mla_decoupled,moe,456,5,10,0.03114013746380806,0.032273028045892715,1.4192029237747192
6000,mla_decoupled,moe,456,5,11,0.06638550013303757,0.07552355527877808,1.4192029237747192
6000,mla_decoupled,moe,456,5,12,0.05578979477286339,0.05506632477045059,1.4192029237747192
6000,mla_decoupled,moe,456,5,13,0.0798022449016571,0.09821073710918427,1.4192029237747192
6000,mla_decoupled,moe,456,5,14,0.10194213688373566,0.07221057265996933,1.4192029237747192
6000,mla_decoupled,moe,456,5,15,0.005042724777013063,0.01631193794310093,1.4192029237747192
6500,mla_decoupled,moe,456,1,0,0.05127807706594467,0.0617840401828289,2.677126884460449
6500,mla_decoupled,moe,456,1,1,0.04187621921300888,0.05904443562030792,2.677126884460449
6500,mla_decoupled,moe,456,1,2,0.06374634057283401,0.06343928724527359,2.677126884460449
6500,mla_decoupled,moe,456,1,3,0.055717773735523224,0.060555052012205124,2.677126884460449
6500,mla_decoupled,moe,456,1,4,0.04498047009110451,0.06208804249763489,2.677126884460449
6500,mla_decoupled,moe,456,1,5,0.07930298149585724,0.06373235583305359,2.677126884460449
6500,mla_decoupled,moe,456,1,6,0.07805297523736954,0.0610918365418911,2.677126884460449
6500,mla_decoupled,moe,456,1,7,0.06838134676218033,0.0633157342672348,2.677126884460449
6500,mla_decoupled,moe,456,1,8,0.06446289271116257,0.06443610042333603,2.677126884460449
6500,mla_decoupled,moe,456,1,9,0.04861206188797951,0.05945982038974762,2.677126884460449
6500,mla_decoupled,moe,456,1,10,0.06921020150184631,0.062772236764431,2.677126884460449
6500,mla_decoupled,moe,456,1,11,0.06482421606779099,0.06124519184231758,2.677126884460449
6500,mla_decoupled,moe,456,1,12,0.07657470554113388,0.06362616270780563,2.677126884460449
6500,mla_decoupled,moe,456,1,13,0.06024780124425888,0.0629516988992691,2.677126884460449
6500,mla_decoupled,moe,456,1,14,0.06325683742761612,0.06819005310535431,2.677126884460449
6500,mla_decoupled,moe,456,1,15,0.06947509944438934,0.06226795166730881,2.677126884460449
6500,mla_decoupled,moe,456,2,0,0.06808105111122131,0.06223302707076073,2.625296115875244
6500,mla_decoupled,moe,456,2,1,0.058826904743909836,0.06312136352062225,2.625296115875244
6500,mla_decoupled,moe,456,2,2,0.05796997249126434,0.05855274572968483,2.625296115875244
6500,mla_decoupled,moe,456,2,3,0.04294067248702049,0.05919205769896507,2.625296115875244
6500,mla_decoupled,moe,456,2,4,0.06842041015625,0.0661943256855011,2.625296115875244
6500,mla_decoupled,moe,456,2,5,0.053950194269418716,0.061418965458869934,2.625296115875244
6500,mla_decoupled,moe,456,2,6,0.061687011271715164,0.05972979962825775,2.625296115875244
6500,mla_decoupled,moe,456,2,7,0.036534424871206284,0.060460276901721954,2.625296115875244
6500,mla_decoupled,moe,456,2,8,0.0695813000202179,0.06607601791620255,2.625296115875244
6500,mla_decoupled,moe,456,2,9,0.064483642578125,0.059305205941200256,2.625296115875244
6500,mla_decoupled,moe,456,2,10,0.041008301079273224,0.058825746178627014,2.625296115875244
6500,mla_decoupled,moe,456,2,11,0.08800537139177322,0.06511934846639633,2.625296115875244
6500,mla_decoupled,moe,456,2,12,0.06678955256938934,0.06379712373018265,2.625296115875244
6500,mla_decoupled,moe,456,2,13,0.07824951410293579,0.0662732943892479,2.625296115875244
6500,mla_decoupled,moe,456,2,14,0.06565673649311066,0.06396500766277313,2.625296115875244
6500,mla_decoupled,moe,456,2,15,0.07781494408845901,0.06573569774627686,2.625296115875244
6500,mla_decoupled,moe,456,3,0,0.09620727598667145,0.086924247443676,1.6729832887649536
6500,mla_decoupled,moe,456,3,1,0.04853515699505806,0.05216558277606964,1.6729832887649536
6500,mla_decoupled,moe,456,3,2,0.053868409246206284,0.05286465957760811,1.6729832887649536
6500,mla_decoupled,moe,456,3,3,0.05762695148587227,0.0530291423201561,1.6729832887649536
6500,mla_decoupled,moe,456,3,4,0.06524170190095901,0.06584097445011139,1.6729832887649536
6500,mla_decoupled,moe,456,3,5,0.05044189468026161,0.06299632042646408,1.6729832887649536
6500,mla_decoupled,moe,456,3,6,0.0670178234577179,0.07423076033592224,1.6729832887649536
6500,mla_decoupled,moe,456,3,7,0.07165160775184631,0.06255271285772324,1.6729832887649536
6500,mla_decoupled,moe,456,3,8,0.058415528386831284,0.05573653057217598,1.6729832887649536
6500,mla_decoupled,moe,456,3,9,0.06797851622104645,0.05736815556883812,1.6729832887649536
6500,mla_decoupled,moe,456,3,10,0.06138305738568306,0.07031938433647156,1.6729832887649536
6500,mla_decoupled,moe,456,3,11,0.08550537377595901,0.07132156193256378,1.6729832887649536
6500,mla_decoupled,moe,456,3,12,0.06628173589706421,0.058330077677965164,1.6729832887649536
6500,mla_decoupled,moe,456,3,13,0.04848876968026161,0.0520269051194191,1.6729832887649536
6500,mla_decoupled,moe,456,3,14,0.06394897401332855,0.07493561506271362,1.6729832887649536
6500,mla_decoupled,moe,456,3,15,0.037407226860523224,0.04935736581683159,1.6729832887649536
6500,mla_decoupled,moe,456,4,0,0.07012207061052322,0.07541975378990173,1.1945737600326538
6500,mla_decoupled,moe,456,4,1,0.042583007365465164,0.04086615517735481,1.1945737600326538
6500,mla_decoupled,moe,456,4,2,0.09624389559030533,0.08803435415029526,1.1945737600326538
6500,mla_decoupled,moe,456,4,3,0.05378784239292145,0.05111215263605118,1.1945737600326538
6500,mla_decoupled,moe,456,4,4,0.0894177258014679,0.07582321017980576,1.1945737600326538
6500,mla_decoupled,moe,456,4,5,0.07901488989591599,0.060909856110811234,1.1945737600326538
6500,mla_decoupled,moe,456,4,6,0.053718261420726776,0.06586854159832001,1.1945737600326538
6500,mla_decoupled,moe,456,4,7,0.05944458022713661,0.036237381398677826,1.1945737600326538
6500,mla_decoupled,moe,456,4,8,0.07009155303239822,0.09527329355478287,1.1945737600326538
6500,mla_decoupled,moe,456,4,9,0.025837402790784836,0.026570623740553856,1.1945737600326538
6500,mla_decoupled,moe,456,4,10,0.06628784537315369,0.05874305218458176,1.1945737600326538
6500,mla_decoupled,moe,456,4,11,0.044926758855581284,0.045587874948978424,1.1945737600326538
6500,mla_decoupled,moe,456,4,12,0.08539184927940369,0.09768641740083694,1.1945737600326538
6500,mla_decoupled,moe,456,4,13,0.035771485418081284,0.048241157084703445,1.1945737600326538
6500,mla_decoupled,moe,456,4,14,0.06756103783845901,0.07269137352705002,1.1945737600326538
6500,mla_decoupled,moe,456,4,15,0.05979980528354645,0.060934778302907944,1.1945737600326538
6500,mla_decoupled,moe,456,5,0,0.0926831066608429,0.08780190348625183,1.431830644607544
6500,mla_decoupled,moe,456,5,1,0.04163940250873566,0.035220880061388016,1.431830644607544
6500,mla_decoupled,moe,456,5,2,0.048951417207717896,0.06319602578878403,1.431830644607544
6500,mla_decoupled,moe,456,5,3,0.10089843720197678,0.09309900552034378,1.431830644607544
6500,mla_decoupled,moe,456,5,4,0.07351928949356079,0.07820579409599304,1.431830644607544
6500,mla_decoupled,moe,456,5,5,0.060908202081918716,0.07055062055587769,1.431830644607544
6500,mla_decoupled,moe,456,5,6,0.07036743313074112,0.06018994376063347,1.431830644607544
6500,mla_decoupled,moe,456,5,7,0.05496582016348839,0.05173802375793457,1.431830644607544
6500,mla_decoupled,moe,456,5,8,0.039118651300668716,0.040515799075365067,1.431830644607544
6500,mla_decoupled,moe,456,5,9,0.07353637367486954,0.06836605817079544,1.431830644607544
6500,mla_decoupled,moe,456,5,10,0.030393065884709358,0.031227288767695427,1.431830644607544
6500,mla_decoupled,moe,456,5,11,0.06755127012729645,0.07552173733711243,1.431830644607544
6500,mla_decoupled,moe,456,5,12,0.050780028104782104,0.050541628152132034,1.431830644607544
6500,mla_decoupled,moe,456,5,13,0.07857788354158401,0.09606972336769104,1.431830644607544
6500,mla_decoupled,moe,456,5,14,0.10551269352436066,0.07677681744098663,1.431830644607544
6500,mla_decoupled,moe,456,5,15,0.010596923530101776,0.020978784188628197,1.431830644607544
7000,mla_decoupled,moe,456,1,0,0.06610595434904099,0.0619557648897171,2.67236328125
7000,mla_decoupled,moe,456,1,1,0.055378418415784836,0.05844553932547569,2.67236328125
7000,mla_decoupled,moe,456,1,2,0.05598388612270355,0.062438689172267914,2.67236328125
7000,mla_decoupled,moe,456,1,3,0.05435790866613388,0.05995813384652138,2.67236328125
7000,mla_decoupled,moe,456,1,4,0.052989501506090164,0.06340714544057846,2.67236328125
7000,mla_decoupled,moe,456,1,5,0.06275146454572678,0.06277754157781601,2.67236328125
7000,mla_decoupled,moe,456,1,6,0.07854492217302322,0.06147776544094086,2.67236328125
7000,mla_decoupled,moe,456,1,7,0.05345092713832855,0.05926528945565224,2.67236328125
7000,mla_decoupled,moe,456,1,8,0.061622314155101776,0.0654960423707962,2.67236328125
7000,mla_decoupled,moe,456,1,9,0.042670898139476776,0.058417707681655884,2.67236328125
7000,mla_decoupled,moe,456,1,10,0.07245727628469467,0.06395435333251953,2.67236328125
7000,mla_decoupled,moe,456,1,11,0.08075805753469467,0.0641358271241188,2.67236328125
7000,mla_decoupled,moe,456,1,12,0.05977172777056694,0.06329595297574997,2.67236328125
7000,mla_decoupled,moe,456,1,13,0.06291382014751434,0.06420326977968216,2.67236328125
7000,mla_decoupled,moe,456,1,14,0.07672119140625,0.0698477104306221,2.67236328125
7000,mla_decoupled,moe,456,1,15,0.06352172791957855,0.06092321500182152,2.67236328125
7000,mla_decoupled,moe,456,2,0,0.05793823301792145,0.061832357197999954,2.610494375228882
7000,mla_decoupled,moe,456,2,1,0.06450928002595901,0.06405927985906601,2.610494375228882
7000,mla_decoupled,moe,456,2,2,0.05919555574655533,0.05748283863067627,2.610494375228882
7000,mla_decoupled,moe,456,2,3,0.06513427942991257,0.061874303966760635,2.610494375228882
7000,mla_decoupled,moe,456,2,4,0.068756103515625,0.065669946372509,2.610494375228882
7000,mla_decoupled,moe,456,2,5,0.05866088718175888,0.06163047254085541,2.610494375228882
7000,mla_decoupled,moe,456,2,6,0.06903564184904099,0.061557091772556305,2.610494375228882
7000,mla_decoupled,moe,456,2,7,0.047130126506090164,0.06249693036079407,2.610494375228882
7000,mla_decoupled,moe,456,2,8,0.06828979402780533,0.06664293259382248,2.610494375228882
7000,mla_decoupled,moe,456,2,9,0.05083007737994194,0.056341320276260376,2.610494375228882
7000,mla_decoupled,moe,456,2,10,0.05664917081594467,0.06240469962358475,2.610494375228882
7000,mla_decoupled,moe,456,2,11,0.06262939423322678,0.05924724042415619,2.610494375228882
7000,mla_decoupled,moe,456,2,12,0.06454955786466599,0.06341750174760818,2.610494375228882
7000,mla_decoupled,moe,456,2,13,0.07354491949081421,0.06664254516363144,2.610494375228882
7000,mla_decoupled,moe,456,2,14,0.06826294213533401,0.06437242776155472,2.610494375228882
7000,mla_decoupled,moe,456,2,15,0.06488403677940369,0.0643281638622284,2.610494375228882
7000,mla_decoupled,moe,456,3,0,0.09044189751148224,0.08314820379018784,1.666453242301941
7000,mla_decoupled,moe,456,3,1,0.048277586698532104,0.052877698093652725,1.666453242301941
7000,mla_decoupled,moe,456,3,2,0.054790038615465164,0.05447222292423248,1.666453242301941
7000,mla_decoupled,moe,456,3,3,0.06026000902056694,0.05573469027876854,1.666453242301941
7000,mla_decoupled,moe,456,3,4,0.06327270716428757,0.06409554928541183,1.666453242301941
7000,mla_decoupled,moe,456,3,5,0.04804687574505806,0.060104984790086746,1.666453242301941
7000,mla_decoupled,moe,456,3,6,0.07249999791383743,0.07990866899490356,1.666453242301941
7000,mla_decoupled,moe,456,3,7,0.06914428621530533,0.06079664081335068,1.666453242301941
7000,mla_decoupled,moe,456,3,8,0.053886719048023224,0.051443666219711304,1.666453242301941
7000,mla_decoupled,moe,456,3,9,0.06547363102436066,0.054113321006298065,1.666453242301941
7000,mla_decoupled,moe,456,3,10,0.06444213539361954,0.0715133547782898,1.666453242301941
7000,mla_decoupled,moe,456,3,11,0.08439209312200546,0.07018648833036423,1.666453242301941
7000,mla_decoupled,moe,456,3,12,0.06562621891498566,0.057736873626708984,1.666453242301941
7000,mla_decoupled,moe,456,3,13,0.05257568508386612,0.054939474910497665,1.666453242301941
7000,mla_decoupled,moe,456,3,14,0.06379760801792145,0.07555203139781952,1.666453242301941
7000,mla_decoupled,moe,456,3,15,0.04307251051068306,0.05337609723210335,1.666453242301941
7000,mla_decoupled,moe,456,4,0,0.06505493074655533,0.06954112648963928,1.1800580024719238
7000,mla_decoupled,moe,456,4,1,0.048503417521715164,0.044623635709285736,1.1800580024719238
7000,mla_decoupled,moe,456,4,2,0.0947863757610321,0.0854484960436821,1.1800580024719238
7000,mla_decoupled,moe,456,4,3,0.05532470718026161,0.052282195538282394,1.1800580024719238
7000,mla_decoupled,moe,456,4,4,0.09116577357053757,0.07972785830497742,1.1800580024719238
7000,mla_decoupled,moe,456,4,5,0.08319336175918579,0.06555195897817612,1.1800580024719238
7000,mla_decoupled,moe,456,4,6,0.053807374089956284,0.06681272387504578,1.1800580024719238
7000,mla_decoupled,moe,456,4,7,0.05860961973667145,0.03760455176234245,1.1800580024719238
7000,mla_decoupled,moe,456,4,8,0.06620483100414276,0.08979245275259018,1.1800580024719238
7000,mla_decoupled,moe,456,4,9,0.025333251804113388,0.02614874206483364,1.1800580024719238
7000,mla_decoupled,moe,456,4,10,0.06382568180561066,0.056734953075647354,1.1800580024719238
7000,mla_decoupled,moe,456,4,11,0.04309936612844467,0.04226686432957649,1.1800580024719238
7000,mla_decoupled,moe,456,4,12,0.09170165657997131,0.10627146810293198,1.1800580024719238
7000,mla_decoupled,moe,456,4,13,0.031218262389302254,0.04579278826713562,1.1800580024719238
7000,mla_decoupled,moe,456,4,14,0.06928589195013046,0.07369112223386765,1.1800580024719238
7000,mla_decoupled,moe,456,4,15,0.05888549983501434,0.05770907923579216,1.1800580024719238
7000,mla_decoupled,moe,456,5,0,0.09557006508111954,0.0907830148935318,1.4174786806106567
7000,mla_decoupled,moe,456,5,1,0.04330200329422951,0.03802784904837608,1.4174786806106567
7000,mla_decoupled,moe,456,5,2,0.05147339031100273,0.062046680599451065,1.4174786806106567
7000,mla_decoupled,moe,456,5,3,0.10166382044553757,0.09312429279088974,1.4174786806106567
7000,mla_decoupled,moe,456,5,4,0.07184570282697678,0.07613266259431839,1.4174786806106567
7000,mla_decoupled,moe,456,5,5,0.0660717785358429,0.07341883331537247,1.4174786806106567
7000,mla_decoupled,moe,456,5,6,0.07134521752595901,0.06305847316980362,1.4174786806106567
7000,mla_decoupled,moe,456,5,7,0.05102295055985451,0.048465099185705185,1.4174786806106567
7000,mla_decoupled,moe,456,5,8,0.03986816480755806,0.0421408973634243,1.4174786806106567
7000,mla_decoupled,moe,456,5,9,0.07300292700529099,0.06558805704116821,1.4174786806106567
7000,mla_decoupled,moe,456,5,10,0.02948608435690403,0.03039746731519699,1.4174786806106567
7000,mla_decoupled,moe,456,5,11,0.06864135712385178,0.07792308181524277,1.4174786806106567
7000,mla_decoupled,moe,456,5,12,0.04957885667681694,0.050729669630527496,1.4174786806106567
7000,mla_decoupled,moe,456,5,13,0.07877441495656967,0.09668020904064178,1.4174786806106567
7000,mla_decoupled,moe,456,5,14,0.10115844756364822,0.07365655153989792,1.4174786806106567
7000,mla_decoupled,moe,456,5,15,0.007194824051111937,0.017827097326517105,1.4174786806106567
7500,mla_decoupled,moe,456,1,0,0.05039794743061066,0.06104428321123123,2.668541669845581
7500,mla_decoupled,moe,456,1,1,0.07788696140050888,0.058415431529283524,2.668541669845581
7500,mla_decoupled,moe,456,1,2,0.05964599549770355,0.06347271800041199,2.668541669845581
7500,mla_decoupled,moe,456,1,3,0.059699706733226776,0.06250115483999252,2.668541669845581
7500,mla_decoupled,moe,456,1,4,0.05467285215854645,0.06332375109195709,2.668541669845581
7500,mla_decoupled,moe,456,1,5,0.05748901516199112,0.061598677188158035,2.668541669845581
7500,mla_decoupled,moe,456,1,6,0.06395263969898224,0.05964554846286774,2.668541669845581
7500,mla_decoupled,moe,456,1,7,0.057227782905101776,0.061457935720682144,2.668541669845581
7500,mla_decoupled,moe,456,1,8,0.0825793445110321,0.0656144917011261,2.668541669845581
7500,mla_decoupled,moe,456,1,9,0.04059081897139549,0.057677365839481354,2.668541669845581
7500,mla_decoupled,moe,456,1,10,0.07108031958341599,0.06375905871391296,2.668541669845581
7500,mla_decoupled,moe,456,1,11,0.06978759914636612,0.06200788915157318,2.668541669845581
7500,mla_decoupled,moe,456,1,12,0.0672009289264679,0.06513360142707825,2.668541669845581
7500,mla_decoupled,moe,456,1,13,0.0675976574420929,0.06535091251134872,2.668541669845581
7500,mla_decoupled,moe,456,1,14,0.055305175483226776,0.06785078346729279,2.668541669845581
7500,mla_decoupled,moe,456,1,15,0.06488525122404099,0.06114639714360237,2.668541669845581
7500,mla_decoupled,moe,456,2,0,0.06920898705720901,0.06357982009649277,2.598986864089966
7500,mla_decoupled,moe,456,2,1,0.057994384318590164,0.06337475031614304,2.598986864089966
7500,mla_decoupled,moe,456,2,2,0.05896972492337227,0.057364571839571,2.598986864089966
7500,mla_decoupled,moe,456,2,3,0.048155516386032104,0.05857575312256813,2.598986864089966
7500,mla_decoupled,moe,456,2,4,0.07346313446760178,0.06916239857673645,2.598986864089966
7500,mla_decoupled,moe,456,2,5,0.06153930723667145,0.06270527839660645,2.598986864089966
7500,mla_decoupled,moe,456,2,6,0.07215210050344467,0.06167103350162506,2.598986864089966
7500,mla_decoupled,moe,456,2,7,0.044837646186351776,0.060488853603601456,2.598986864089966
7500,mla_decoupled,moe,456,2,8,0.06692871451377869,0.06724044680595398,2.598986864089966
7500,mla_decoupled,moe,456,2,9,0.06042236462235451,0.055874329060316086,2.598986864089966
7500,mla_decoupled,moe,456,2,10,0.03989623859524727,0.05819020792841911,2.598986864089966
7500,mla_decoupled,moe,456,2,11,0.07657470554113388,0.06263729929924011,2.598986864089966
7500,mla_decoupled,moe,456,2,12,0.06217407062649727,0.06313210725784302,2.598986864089966
7500,mla_decoupled,moe,456,2,13,0.07291869819164276,0.06651975959539413,2.598986864089966
7500,mla_decoupled,moe,456,2,14,0.07045409828424454,0.0663314014673233,2.598986864089966
7500,mla_decoupled,moe,456,2,15,0.06431030482053757,0.06315196305513382,2.598986864089966
7500,mla_decoupled,moe,456,3,0,0.08900878578424454,0.08059960603713989,1.6702746152877808
7500,mla_decoupled,moe,456,3,1,0.04962402209639549,0.053704455494880676,1.6702746152877808
7500,mla_decoupled,moe,456,3,2,0.051142577081918716,0.05096680670976639,1.6702746152877808
7500,mla_decoupled,moe,456,3,3,0.06406494230031967,0.0580206997692585,1.6702746152877808
7500,mla_decoupled,moe,456,3,4,0.06449341028928757,0.06556975096464157,1.6702746152877808
7500,mla_decoupled,moe,456,3,5,0.050928954035043716,0.06508065015077591,1.6702746152877808
7500,mla_decoupled,moe,456,3,6,0.06590332090854645,0.07251784950494766,1.6702746152877808
7500,mla_decoupled,moe,456,3,7,0.07224731147289276,0.06339145451784134,1.6702746152877808
7500,mla_decoupled,moe,456,3,8,0.05419921875,0.052475523203611374,1.6702746152877808
7500,mla_decoupled,moe,456,3,9,0.06694702059030533,0.056062325835227966,1.6702746152877808
7500,mla_decoupled,moe,456,3,10,0.05974121019244194,0.0695776641368866,1.6702746152877808
7500,mla_decoupled,moe,456,3,11,0.08659057319164276,0.0723111554980278,1.6702746152877808
7500,mla_decoupled,moe,456,3,12,0.06702270358800888,0.05902419611811638,1.6702746152877808
7500,mla_decoupled,moe,456,3,13,0.05062256008386612,0.05537242442369461,1.6702746152877808
7500,mla_decoupled,moe,456,3,14,0.06295166164636612,0.07339829206466675,1.6702746152877808
7500,mla_decoupled,moe,456,3,15,0.04451172053813934,0.051927197724580765,1.6702746152877808
7500,mla_decoupled,moe,456,4,0,0.0626818835735321,0.0696406438946724,1.1976641416549683
7500,mla_decoupled,moe,456,4,1,0.04428466781973839,0.041383177042007446,1.1976641416549683
7500,mla_decoupled,moe,456,4,2,0.09714477509260178,0.0893126130104065,1.1976641416549683
7500,mla_decoupled,moe,456,4,3,0.050623778253793716,0.046895746141672134,1.1976641416549683
7500,mla_decoupled,moe,456,4,4,0.09003052115440369,0.07626040279865265,1.1976641416549683
7500,mla_decoupled,moe,456,4,5,0.08105835318565369,0.06444981694221497,1.1976641416549683
7500,mla_decoupled,moe,456,4,6,0.057841796427965164,0.07010473310947418,1.1976641416549683
7500,mla_decoupled,moe,456,4,7,0.06243286281824112,0.03997880220413208,1.1976641416549683
7500,mla_decoupled,moe,456,4,8,0.06681518256664276,0.09038316458463669,1.1976641416549683
7500,mla_decoupled,moe,456,4,9,0.031768798828125,0.030038950964808464,1.1976641416549683
7500,mla_decoupled,moe,456,4,10,0.06336303800344467,0.056733399629592896,1.1976641416549683
7500,mla_decoupled,moe,456,4,11,0.04568237438797951,0.04450726509094238,1.1976641416549683
7500,mla_decoupled,moe,456,4,12,0.08707397431135178,0.10056934505701065,1.1976641416549683
7500,mla_decoupled,moe,456,4,13,0.029796142131090164,0.04287993907928467,1.1976641416549683
7500,mla_decoupled,moe,456,4,14,0.06664551049470901,0.07322583347558975,1.1976641416549683
7500,mla_decoupled,moe,456,4,15,0.06275634467601776,0.06363619118928909,1.1976641416549683
7500,mla_decoupled,moe,456,5,0,0.09191527962684631,0.08706262707710266,1.423774003982544
7500,mla_decoupled,moe,456,5,1,0.043360594660043716,0.03516985848546028,1.423774003982544
7500,mla_decoupled,moe,456,5,2,0.049724120646715164,0.06356799602508545,1.423774003982544
7500,mla_decoupled,moe,456,5,3,0.10216064751148224,0.094062939286232,1.423774003982544
7500,mla_decoupled,moe,456,5,4,0.07173340022563934,0.0767185240983963,1.423774003982544
7500,mla_decoupled,moe,456,5,5,0.065155029296875,0.07403318583965302,1.423774003982544
7500,mla_decoupled,moe,456,5,6,0.07322631776332855,0.06307828426361084,1.423774003982544
7500,mla_decoupled,moe,456,5,7,0.05709228664636612,0.05347929522395134,1.423774003982544
7500,mla_decoupled,moe,456,5,8,0.04172729328274727,0.044070545583963394,1.423774003982544
7500,mla_decoupled,moe,456,5,9,0.07207152992486954,0.06591956317424774,1.423774003982544
7500,mla_decoupled,moe,456,5,10,0.032103270292282104,0.0331142395734787,1.423774003982544
7500,mla_decoupled,moe,456,5,11,0.06638915836811066,0.0757749155163765,1.423774003982544
7500,mla_decoupled,moe,456,5,12,0.04591064527630806,0.047059956938028336,1.423774003982544
7500,mla_decoupled,moe,456,5,13,0.07909423857927322,0.09586919844150543,1.423774003982544
7500,mla_decoupled,moe,456,5,14,0.09787597507238388,0.07097025215625763,1.423774003982544
7500,mla_decoupled,moe,456,5,15,0.010460205376148224,0.020048659294843674,1.423774003982544
8000,mla_decoupled,moe,456,1,0,0.05692504718899727,0.05929277092218399,2.6659436225891113
8000,mla_decoupled,moe,456,1,1,0.045808106660842896,0.055571671575307846,2.6659436225891113
8000,mla_decoupled,moe,456,1,2,0.0634448230266571,0.0641302615404129,2.6659436225891113
8000,mla_decoupled,moe,456,1,3,0.06598632782697678,0.0636441558599472,2.6659436225891113
8000,mla_decoupled,moe,456,1,4,0.06697265803813934,0.06428925693035126,2.6659436225891113
8000,mla_decoupled,moe,456,1,5,0.06368041783571243,0.06356901675462723,2.6659436225891113
8000,mla_decoupled,moe,456,1,6,0.07636718451976776,0.06137847527861595,2.6659436225891113
8000,mla_decoupled,moe,456,1,7,0.06861816346645355,0.064002625644207,2.6659436225891113
8000,mla_decoupled,moe,456,1,8,0.06334350258111954,0.06431296467781067,2.6659436225891113
8000,mla_decoupled,moe,456,1,9,0.05256103351712227,0.05794849246740341,2.6659436225891113
8000,mla_decoupled,moe,456,1,10,0.07130615413188934,0.06435278058052063,2.6659436225891113
8000,mla_decoupled,moe,456,1,11,0.06346679478883743,0.06035947427153587,2.6659436225891113
8000,mla_decoupled,moe,456,1,12,0.05348755046725273,0.06327196955680847,2.6659436225891113
8000,mla_decoupled,moe,456,1,13,0.06584472954273224,0.06560182571411133,2.6659436225891113
8000,mla_decoupled,moe,456,1,14,0.06630859524011612,0.06822080910205841,2.6659436225891113
8000,mla_decoupled,moe,456,1,15,0.055878907442092896,0.06005347892642021,2.6659436225891113
8000,mla_decoupled,moe,456,2,0,0.058696288615465164,0.062244076281785965,2.587594985961914
8000,mla_decoupled,moe,456,2,1,0.058964844793081284,0.06327302753925323,2.587594985961914
8000,mla_decoupled,moe,456,2,2,0.06617553532123566,0.05917501077055931,2.587594985961914
8000,mla_decoupled,moe,456,2,3,0.057432860136032104,0.05809566378593445,2.587594985961914
8000,mla_decoupled,moe,456,2,4,0.06936157494783401,0.06787505745887756,2.587594985961914
8000,mla_decoupled,moe,456,2,5,0.06421997398138046,0.06280601769685745,2.587594985961914
8000,mla_decoupled,moe,456,2,6,0.0643322765827179,0.060199856758117676,2.587594985961914
8000,mla_decoupled,moe,456,2,7,0.04043335095047951,0.06071844696998596,2.587594985961914
8000,mla_decoupled,moe,456,2,8,0.07317138463258743,0.06912404298782349,2.587594985961914
8000,mla_decoupled,moe,456,2,9,0.05611816421151161,0.05530335009098053,2.587594985961914
8000,mla_decoupled,moe,456,2,10,0.04681152477860451,0.05897650122642517,2.587594985961914
8000,mla_decoupled,moe,456,2,11,0.07358764857053757,0.06193803623318672,2.587594985961914
8000,mla_decoupled,moe,456,2,12,0.05716796964406967,0.06198884919285774,2.587594985961914
8000,mla_decoupled,moe,456,2,13,0.07841308414936066,0.06702706962823868,2.587594985961914
8000,mla_decoupled,moe,456,2,14,0.06907226890325546,0.06664112210273743,2.587594985961914
8000,mla_decoupled,moe,456,2,15,0.0660412609577179,0.06461383402347565,2.587594985961914
8000,mla_decoupled,moe,456,3,0,0.08811279386281967,0.07998599857091904,1.651849627494812
8000,mla_decoupled,moe,456,3,1,0.048057861626148224,0.05290620028972626,1.651849627494812
8000,mla_decoupled,moe,456,3,2,0.052650146186351776,0.053010571748018265,1.651849627494812
8000,mla_decoupled,moe,456,3,3,0.06463989615440369,0.05892373248934746,1.651849627494812
8000,mla_decoupled,moe,456,3,4,0.06675414741039276,0.06595029681921005,1.651849627494812
8000,mla_decoupled,moe,456,3,5,0.05227905139327049,0.06552591174840927,1.651849627494812
8000,mla_decoupled,moe,456,3,6,0.06973998993635178,0.07599370926618576,1.651849627494812
8000,mla_decoupled,moe,456,3,7,0.06714355200529099,0.058565229177474976,1.651849627494812
8000,mla_decoupled,moe,456,3,8,0.05688842758536339,0.05304713547229767,1.651849627494812
8000,mla_decoupled,moe,456,3,9,0.06911132484674454,0.05657722428441048,1.651849627494812
8000,mla_decoupled,moe,456,3,10,0.056884765625,0.06688573211431503,1.651849627494812
8000,mla_decoupled,moe,456,3,11,0.08649414032697678,0.07296883314847946,1.651849627494812
8000,mla_decoupled,moe,456,3,12,0.06665893644094467,0.058011628687381744,1.651849627494812
8000,mla_decoupled,moe,456,3,13,0.05107787996530533,0.05443038046360016,1.651849627494812
8000,mla_decoupled,moe,456,3,14,0.06257690489292145,0.07576891034841537,1.651849627494812
8000,mla_decoupled,moe,456,3,15,0.04093017429113388,0.051448483020067215,1.651849627494812
8000,mla_decoupled,moe,456,4,0,0.06419433653354645,0.07198240607976913,1.1897910833358765
8000,mla_decoupled,moe,456,4,1,0.049586180597543716,0.04327472671866417,1.1897910833358765
8000,mla_decoupled,moe,456,4,2,0.09703490883111954,0.08885225653648376,1.1897910833358765
8000,mla_decoupled,moe,456,4,3,0.05044799670577049,0.04692148044705391,1.1897910833358765
8000,mla_decoupled,moe,456,4,4,0.0890490710735321,0.07608252763748169,1.1897910833358765
8000,mla_decoupled,moe,456,4,5,0.07933593541383743,0.06080862134695053,1.1897910833358765
8000,mla_decoupled,moe,456,4,6,0.056854248046875,0.06925714761018753,1.1897910833358765
8000,mla_decoupled,moe,456,4,7,0.06282836943864822,0.039405740797519684,1.1897910833358765
8000,mla_decoupled,moe,456,4,8,0.06587402522563934,0.09049994498491287,1.1897910833358765
8000,mla_decoupled,moe,456,4,9,0.028564453125,0.028691954910755157,1.1897910833358765
8000,mla_decoupled,moe,456,4,10,0.06477294862270355,0.05864755064249039,1.1897910833358765
8000,mla_decoupled,moe,456,4,11,0.046198729425668716,0.04631901904940605,1.1897910833358765
8000,mla_decoupled,moe,456,4,12,0.0880725085735321,0.10352230072021484,1.1897910833358765
8000,mla_decoupled,moe,456,4,13,0.030235596001148224,0.04468212649226189,1.1897910833358765
8000,mla_decoupled,moe,456,4,14,0.06672241538763046,0.07111205905675888,1.1897910833358765
8000,mla_decoupled,moe,456,4,15,0.06022827327251434,0.059940144419670105,1.1897910833358765
8000,mla_decoupled,moe,456,5,0,0.09008178859949112,0.08074962347745895,1.4385359287261963
8000,mla_decoupled,moe,456,5,1,0.04649902507662773,0.03976459056138992,1.4385359287261963
8000,mla_decoupled,moe,456,5,2,0.047862548381090164,0.06005452945828438,1.4385359287261963
8000,mla_decoupled,moe,456,5,3,0.10057739168405533,0.09125632047653198,1.4385359287261963
8000,mla_decoupled,moe,456,5,4,0.07309814542531967,0.07830795645713806,1.4385359287261963
8000,mla_decoupled,moe,456,5,5,0.06594360619783401,0.07478643953800201,1.4385359287261963
8000,mla_decoupled,moe,456,5,6,0.07073608040809631,0.06310407817363739,1.4385359287261963
8000,mla_decoupled,moe,456,5,7,0.05563720688223839,0.053232721984386444,1.4385359287261963
8000,mla_decoupled,moe,456,5,8,0.04325195401906967,0.045108892023563385,1.4385359287261963
8000,mla_decoupled,moe,456,5,9,0.06796874850988388,0.0633416622877121,1.4385359287261963
8000,mla_decoupled,moe,456,5,10,0.03293823078274727,0.03412738814949989,1.4385359287261963
8000,mla_decoupled,moe,456,5,11,0.06862182915210724,0.07750549167394638,1.4385359287261963
8000,mla_decoupled,moe,456,5,12,0.04699096828699112,0.04872789978981018,1.4385359287261963
8000,mla_decoupled,moe,456,5,13,0.07713012397289276,0.09447570890188217,1.4385359287261963
8000,mla_decoupled,moe,456,5,14,0.10123779624700546,0.07424690574407578,1.4385359287261963
8000,mla_decoupled,moe,456,5,15,0.011424560099840164,0.02120979316532612,1.4385359287261963
8500,mla_decoupled,moe,456,1,0,0.039451904594898224,0.05853055790066719,2.6586568355560303
8500,mla_decoupled,moe,456,1,1,0.04493163898587227,0.05501340702176094,2.6586568355560303
8500,mla_decoupled,moe,456,1,2,0.06214721500873566,0.06302587687969208,2.6586568355560303
8500,mla_decoupled,moe,456,1,3,0.07303711026906967,0.0654219314455986,2.6586568355560303
8500,mla_decoupled,moe,456,1,4,0.06819091737270355,0.06428181380033493,2.6586568355560303
8500,mla_decoupled,moe,456,1,5,0.05201782286167145,0.061784323304891586,2.6586568355560303
8500,mla_decoupled,moe,456,1,6,0.07611083984375,0.060711659491062164,2.6586568355560303
8500,mla_decoupled,moe,456,1,7,0.05818481370806694,0.06213909015059471,2.6586568355560303
8500,mla_decoupled,moe,456,1,8,0.05408325046300888,0.06271153688430786,2.6586568355560303
8500,mla_decoupled,moe,456,1,9,0.05229492112994194,0.056903548538684845,2.6586568355560303
8500,mla_decoupled,moe,456,1,10,0.07704956084489822,0.06697047501802444,2.6586568355560303
8500,mla_decoupled,moe,456,1,11,0.0696118175983429,0.06175561249256134,2.6586568355560303
8500,mla_decoupled,moe,456,1,12,0.0678088366985321,0.06395989656448364,2.6586568355560303
8500,mla_decoupled,moe,456,1,13,0.06424438208341599,0.0658852607011795,2.6586568355560303
8500,mla_decoupled,moe,456,1,14,0.07632812857627869,0.06864572316408157,2.6586568355560303
8500,mla_decoupled,moe,456,1,15,0.06450683623552322,0.06225931644439697,2.6586568355560303
8500,mla_decoupled,moe,456,2,0,0.06018676608800888,0.061590276658535004,2.575510025024414
8500,mla_decoupled,moe,456,2,1,0.06308960169553757,0.06390707194805145,2.575510025024414
8500,mla_decoupled,moe,456,2,2,0.06318725645542145,0.05859789997339249,2.575510025024414
8500,mla_decoupled,moe,456,2,3,0.04053100571036339,0.05583988502621651,2.575510025024414
8500,mla_decoupled,moe,456,2,4,0.07374389469623566,0.06984399259090424,2.575510025024414
8500,mla_decoupled,moe,456,2,5,0.06156738102436066,0.06328633427619934,2.575510025024414
8500,mla_decoupled,moe,456,2,6,0.07449585199356079,0.06248202174901962,2.575510025024414
8500,mla_decoupled,moe,456,2,7,0.061695557087659836,0.06140805408358574,2.575510025024414
8500,mla_decoupled,moe,456,2,8,0.07061767578125,0.06888319551944733,2.575510025024414
8500,mla_decoupled,moe,456,2,9,0.05134033039212227,0.05356629192829132,2.575510025024414
8500,mla_decoupled,moe,456,2,10,0.04047851637005806,0.058057256042957306,2.575510025024414
8500,mla_decoupled,moe,456,2,11,0.06548217684030533,0.060205474495887756,2.575510025024414
8500,mla_decoupled,moe,456,2,12,0.06856811791658401,0.06480950117111206,2.575510025024414
8500,mla_decoupled,moe,456,2,13,0.07501830905675888,0.06765113025903702,2.575510025024414
8500,mla_decoupled,moe,456,2,14,0.06451416015625,0.06545157730579376,2.575510025024414
8500,mla_decoupled,moe,456,2,15,0.06548339873552322,0.06442002952098846,2.575510025024414
8500,mla_decoupled,moe,456,3,0,0.08763549476861954,0.08051736652851105,1.6461174488067627
8500,mla_decoupled,moe,456,3,1,0.050078123807907104,0.05495409667491913,1.6461174488067627
8500,mla_decoupled,moe,456,3,2,0.050212401896715164,0.05162724107503891,1.6461174488067627
8500,mla_decoupled,moe,456,3,3,0.06633422523736954,0.05876298248767853,1.6461174488067627
8500,mla_decoupled,moe,456,3,4,0.06607788056135178,0.06420546770095825,1.6461174488067627
8500,mla_decoupled,moe,456,3,5,0.047993164509534836,0.06227390468120575,1.6461174488067627
8500,mla_decoupled,moe,456,3,6,0.06828124821186066,0.07382708787918091,1.6461174488067627
8500,mla_decoupled,moe,456,3,7,0.06860839575529099,0.059749484062194824,1.6461174488067627
8500,mla_decoupled,moe,456,3,8,0.05927123874425888,0.055911801755428314,1.6461174488067627
8500,mla_decoupled,moe,456,3,9,0.06382324546575546,0.052643824368715286,1.6461174488067627
8500,mla_decoupled,moe,456,3,10,0.05902099609375,0.06957199424505234,1.6461174488067627
8500,mla_decoupled,moe,456,3,11,0.08378784358501434,0.0696580559015274,1.6461174488067627
8500,mla_decoupled,moe,456,3,12,0.06835327297449112,0.06048930063843727,1.6461174488067627
8500,mla_decoupled,moe,456,3,13,0.051219481974840164,0.05416681244969368,1.6461174488067627
8500,mla_decoupled,moe,456,3,14,0.06663940101861954,0.07811815291643143,1.6461174488067627
8500,mla_decoupled,moe,456,3,15,0.04266357421875,0.05352241173386574,1.6461174488067627
8500,mla_decoupled,moe,456,4,0,0.06314819306135178,0.07058168202638626,1.1844784021377563
8500,mla_decoupled,moe,456,4,1,0.048334959894418716,0.044003814458847046,1.1844784021377563
8500,mla_decoupled,moe,456,4,2,0.09634887427091599,0.08711713552474976,1.1844784021377563
8500,mla_decoupled,moe,456,4,3,0.05325927585363388,0.050294551998376846,1.1844784021377563
8500,mla_decoupled,moe,456,4,4,0.09211059659719467,0.0790398046374321,1.1844784021377563
8500,mla_decoupled,moe,456,4,5,0.08171142637729645,0.06292807310819626,1.1844784021377563
8500,mla_decoupled,moe,456,4,6,0.055095214396715164,0.06617382168769836,1.1844784021377563
8500,mla_decoupled,moe,456,4,7,0.06019287183880806,0.03714056685566902,1.1844784021377563
8500,mla_decoupled,moe,456,4,8,0.06633666902780533,0.0903230607509613,1.1844784021377563
8500,mla_decoupled,moe,456,4,9,0.024416504427790642,0.025879206135869026,1.1844784021377563
8500,mla_decoupled,moe,456,4,10,0.06586670130491257,0.060780029743909836,1.1844784021377563
8500,mla_decoupled,moe,456,4,11,0.04500488191843033,0.045220326632261276,1.1844784021377563
8500,mla_decoupled,moe,456,4,12,0.08904541283845901,0.10254021733999252,1.1844784021377563
8500,mla_decoupled,moe,456,4,13,0.03188232332468033,0.04752450808882713,1.1844784021377563
8500,mla_decoupled,moe,456,4,14,0.06962279975414276,0.0732327476143837,1.1844784021377563
8500,mla_decoupled,moe,456,4,15,0.05762328952550888,0.05722043663263321,1.1844784021377563
8500,mla_decoupled,moe,456,5,0,0.09234374761581421,0.08452615141868591,1.4136967658996582
8500,mla_decoupled,moe,456,5,1,0.04465331882238388,0.038640573620796204,1.4136967658996582
8500,mla_decoupled,moe,456,5,2,0.04958862438797951,0.06178166717290878,1.4136967658996582
8500,mla_decoupled,moe,456,5,3,0.10181396454572678,0.09204085171222687,1.4136967658996582
8500,mla_decoupled,moe,456,5,4,0.07215575873851776,0.07746017724275589,1.4136967658996582
8500,mla_decoupled,moe,456,5,5,0.06617431342601776,0.0751575455069542,1.4136967658996582
8500,mla_decoupled,moe,456,5,6,0.07132446020841599,0.0628650039434433,1.4136967658996582
8500,mla_decoupled,moe,456,5,7,0.05644897371530533,0.05332408472895622,1.4136967658996582
8500,mla_decoupled,moe,456,5,8,0.038914795964956284,0.04092912748456001,1.4136967658996582
8500,mla_decoupled,moe,456,5,9,0.07169678062200546,0.06671787053346634,1.4136967658996582
8500,mla_decoupled,moe,456,5,10,0.029697265475988388,0.031537748873233795,1.4136967658996582
8500,mla_decoupled,moe,456,5,11,0.06489257514476776,0.07443166524171829,1.4136967658996582
8500,mla_decoupled,moe,456,5,12,0.04835449159145355,0.049366217106580734,1.4136967658996582
8500,mla_decoupled,moe,456,5,13,0.07914428412914276,0.09746105968952179,1.4136967658996582
8500,mla_decoupled,moe,456,5,14,0.09979858249425888,0.07188869267702103,1.4136967658996582
8500,mla_decoupled,moe,456,5,15,0.012998047284781933,0.02187155932188034,1.4136967658996582
9000,mla_decoupled,moe,456,1,0,0.05578979477286339,0.05936364084482193,2.653686285018921
9000,mla_decoupled,moe,456,1,1,0.05351196229457855,0.055271681398153305,2.653686285018921
9000,mla_decoupled,moe,456,1,2,0.06379150599241257,0.0640375018119812,2.653686285018921
9000,mla_decoupled,moe,456,1,3,0.06367675960063934,0.06400373578071594,2.653686285018921
9000,mla_decoupled,moe,456,1,4,0.06006103381514549,0.06409554183483124,2.653686285018921
9000,mla_decoupled,moe,456,1,5,0.05637817457318306,0.06264166533946991,2.653686285018921
9000,mla_decoupled,moe,456,1,6,0.06849853694438934,0.059571657329797745,2.653686285018921
9000,mla_decoupled,moe,456,1,7,0.06838744878768921,0.06565623730421066,2.653686285018921
9000,mla_decoupled,moe,456,1,8,0.07161255180835724,0.06390533596277237,2.653686285018921
9000,mla_decoupled,moe,456,1,9,0.053190916776657104,0.056722741574048996,2.653686285018921
9000,mla_decoupled,moe,456,1,10,0.07381714135408401,0.06564635038375854,2.653686285018921
9000,mla_decoupled,moe,456,1,11,0.064544677734375,0.06099916994571686,2.653686285018921
9000,mla_decoupled,moe,456,1,12,0.052973631769418716,0.06389260292053223,2.653686285018921
9000,mla_decoupled,moe,456,1,13,0.055687256157398224,0.06424853950738907,2.653686285018921
9000,mla_decoupled,moe,456,1,14,0.07555297762155533,0.06860020756721497,2.653686285018921
9000,mla_decoupled,moe,456,1,15,0.06252563744783401,0.061343368142843246,2.653686285018921
9000,mla_decoupled,moe,456,2,0,0.061589356511831284,0.06166641786694527,2.5634243488311768
9000,mla_decoupled,moe,456,2,1,0.06609252840280533,0.06490065902471542,2.5634243488311768
9000,mla_decoupled,moe,456,2,2,0.06774169951677322,0.05921051651239395,2.5634243488311768
9000,mla_decoupled,moe,456,2,3,0.056300047785043716,0.05871342122554779,2.5634243488311768
9000,mla_decoupled,moe,456,2,4,0.07098876684904099,0.06957756727933884,2.5634243488311768
9000,mla_decoupled,moe,456,2,5,0.059510499238967896,0.06274992227554321,2.5634243488311768
9000,mla_decoupled,moe,456,2,6,0.06556030362844467,0.06074773147702217,2.5634243488311768
9000,mla_decoupled,moe,456,2,7,0.03635253757238388,0.059181127697229385,2.5634243488311768
9000,mla_decoupled,moe,456,2,8,0.07076293975114822,0.06873862445354462,2.5634243488311768
9000,mla_decoupled,moe,456,2,9,0.05443969741463661,0.05496419593691826,2.5634243488311768
9000,mla_decoupled,moe,456,2,10,0.053776856511831284,0.058981798589229584,2.5634243488311768
9000,mla_decoupled,moe,456,2,11,0.07338867336511612,0.0631503164768219,2.5634243488311768
9000,mla_decoupled,moe,456,2,12,0.07244628667831421,0.0659962147474289,2.5634243488311768
9000,mla_decoupled,moe,456,2,13,0.07008788734674454,0.06661949306726456,2.5634243488311768
9000,mla_decoupled,moe,456,2,14,0.061027832329273224,0.06267482787370682,2.5634243488311768
9000,mla_decoupled,moe,456,2,15,0.05993408337235451,0.06212712824344635,2.5634243488311768
9000,mla_decoupled,moe,456,3,0,0.08986816555261612,0.08089815080165863,1.6516491174697876
9000,mla_decoupled,moe,456,3,1,0.05185302719473839,0.05626920238137245,1.6516491174697876
9000,mla_decoupled,moe,456,3,2,0.05097656324505806,0.05083945393562317,1.6516491174697876
9000,mla_decoupled,moe,456,3,3,0.06286865472793579,0.05711476877331734,1.6516491174697876
9000,mla_decoupled,moe,456,3,4,0.06879638880491257,0.06793441623449326,1.6516491174697876
9000,mla_decoupled,moe,456,3,5,0.046687010675668716,0.060266055166721344,1.6516491174697876
9000,mla_decoupled,moe,456,3,6,0.06766479462385178,0.07474631071090698,1.6516491174697876
9000,mla_decoupled,moe,456,3,7,0.07146240025758743,0.06389449536800385,1.6516491174697876
9000,mla_decoupled,moe,456,3,8,0.05335449054837227,0.05154959857463837,1.6516491174697876
9000,mla_decoupled,moe,456,3,9,0.06847045570611954,0.0564759261906147,1.6516491174697876
9000,mla_decoupled,moe,456,3,10,0.06299194693565369,0.07182498276233673,1.6516491174697876
9000,mla_decoupled,moe,456,3,11,0.08504028618335724,0.0708453431725502,1.6516491174697876
9000,mla_decoupled,moe,456,3,12,0.06477539241313934,0.05785703659057617,1.6516491174697876
9000,mla_decoupled,moe,456,3,13,0.04942626878619194,0.0532519705593586,1.6516491174697876
9000,mla_decoupled,moe,456,3,14,0.06337768584489822,0.07349291443824768,1.6516491174697876
9000,mla_decoupled,moe,456,3,15,0.04238647595047951,0.05273937061429024,1.6516491174697876
9000,mla_decoupled,moe,456,4,0,0.06360717862844467,0.0721423551440239,1.1994998455047607
9000,mla_decoupled,moe,456,4,1,0.05033813416957855,0.04571159929037094,1.1994998455047607
9000,mla_decoupled,moe,456,4,2,0.09719604253768921,0.08786045014858246,1.1994998455047607
9000,mla_decoupled,moe,456,4,3,0.05443969741463661,0.05136915296316147,1.1994998455047607
9000,mla_decoupled,moe,456,4,4,0.09140869230031967,0.07815595716238022,1.1994998455047607
9000,mla_decoupled,moe,456,4,5,0.08492675423622131,0.06700718402862549,1.1994998455047607
9000,mla_decoupled,moe,456,4,6,0.052398681640625,0.06441289931535721,1.1994998455047607
9000,mla_decoupled,moe,456,4,7,0.05939575284719467,0.036607373505830765,1.1994998455047607
9000,mla_decoupled,moe,456,4,8,0.06503051519393921,0.08830967545509338,1.1994998455047607
9000,mla_decoupled,moe,456,4,9,0.024337157607078552,0.025797715410590172,1.1994998455047607
9000,mla_decoupled,moe,456,4,10,0.06494995206594467,0.05893045291304588,1.1994998455047607
9000,mla_decoupled,moe,456,4,11,0.04730224609375,0.047456249594688416,1.1994998455047607
9000,mla_decoupled,moe,456,4,12,0.08929443359375,0.10203153640031815,1.1994998455047607
9000,mla_decoupled,moe,456,4,13,0.030515136197209358,0.044908929616212845,1.1994998455047607
9000,mla_decoupled,moe,456,4,14,0.06913330405950546,0.07257190346717834,1.1994998455047607
9000,mla_decoupled,moe,456,4,15,0.055726319551467896,0.05672658979892731,1.1994998455047607
9000,mla_decoupled,moe,456,5,0,0.09135010093450546,0.08312784135341644,1.4399470090866089
9000,mla_decoupled,moe,456,5,1,0.042534179985523224,0.036368608474731445,1.4399470090866089
9000,mla_decoupled,moe,456,5,2,0.04875732585787773,0.061715103685855865,1.4399470090866089
9000,mla_decoupled,moe,456,5,3,0.10306518524885178,0.0927346721291542,1.4399470090866089
9000,mla_decoupled,moe,456,5,4,0.07024902105331421,0.0761234313249588,1.4399470090866089
9000,mla_decoupled,moe,456,5,5,0.06392212212085724,0.07269448786973953,1.4399470090866089
9000,mla_decoupled,moe,456,5,6,0.07278930395841599,0.06553233414888382,1.4399470090866089
9000,mla_decoupled,moe,456,5,7,0.055805664509534836,0.05337345972657204,1.4399470090866089
9000,mla_decoupled,moe,456,5,8,0.03838134929537773,0.0409151092171669,1.4399470090866089
9000,mla_decoupled,moe,456,5,9,0.07058105617761612,0.06632136553525925,1.4399470090866089
9000,mla_decoupled,moe,456,5,10,0.032075196504592896,0.03373761475086212,1.4399470090866089
9000,mla_decoupled,moe,456,5,11,0.06351928412914276,0.0711623877286911,1.4399470090866089
9000,mla_decoupled,moe,456,5,12,0.051215820014476776,0.051404014229774475,1.4399470090866089
9000,mla_decoupled,moe,456,5,13,0.07834594696760178,0.09506440162658691,1.4399470090866089
9000,mla_decoupled,moe,456,5,14,0.1053466796875,0.07843632251024246,1.4399470090866089
9000,mla_decoupled,moe,456,5,15,0.012061767280101776,0.021288897842168808,1.4399470090866089
9500,mla_decoupled,moe,456,1,0,0.05050903186202049,0.05755617469549179,2.6507506370544434
9500,mla_decoupled,moe,456,1,1,0.03151001036167145,0.05384216457605362,2.6507506370544434
9500,mla_decoupled,moe,456,1,2,0.05870361253619194,0.06394530832767487,2.6507506370544434
9500,mla_decoupled,moe,456,1,3,0.07305908203125,0.06609132885932922,2.6507506370544434
9500,mla_decoupled,moe,456,1,4,0.054954834282398224,0.06357858330011368,2.6507506370544434
9500,mla_decoupled,moe,456,1,5,0.05816406384110451,0.06288661807775497,2.6507506370544434
9500,mla_decoupled,moe,456,1,6,0.08114990592002869,0.061560533940792084,2.6507506370544434
9500,mla_decoupled,moe,456,1,7,0.059776611626148224,0.06262754648923874,2.6507506370544434
9500,mla_decoupled,moe,456,1,8,0.07421630620956421,0.06464426219463348,2.6507506370544434
9500,mla_decoupled,moe,456,1,9,0.04254760593175888,0.05565480887889862,2.6507506370544434
9500,mla_decoupled,moe,456,1,10,0.07216674834489822,0.06618019193410873,2.6507506370544434
9500,mla_decoupled,moe,456,1,11,0.06952758878469467,0.06200025603175163,2.6507506370544434
9500,mla_decoupled,moe,456,1,12,0.06631836295127869,0.0628570020198822,2.6507506370544434
9500,mla_decoupled,moe,456,1,13,0.06583740562200546,0.06654417514801025,2.6507506370544434
9500,mla_decoupled,moe,456,1,14,0.07536010444164276,0.06803055107593536,2.6507506370544434
9500,mla_decoupled,moe,456,1,15,0.06619872897863388,0.062000568956136703,2.6507506370544434
9500,mla_decoupled,moe,456,2,0,0.06597412377595901,0.06247780844569206,2.5541417598724365
9500,mla_decoupled,moe,456,2,1,0.061701659113168716,0.06441784650087357,2.5541417598724365
9500,mla_decoupled,moe,456,2,2,0.06655151396989822,0.05919107794761658,2.5541417598724365
9500,mla_decoupled,moe,456,2,3,0.05736694484949112,0.05824194476008415,2.5541417598724365
9500,mla_decoupled,moe,456,2,4,0.061982423067092896,0.06444545090198517,2.5541417598724365
9500,mla_decoupled,moe,456,2,5,0.05286254733800888,0.06095604598522186,2.5541417598724365
9500,mla_decoupled,moe,456,2,6,0.06651000678539276,0.06154678761959076,2.5541417598724365
9500,mla_decoupled,moe,456,2,7,0.053062744438648224,0.06119164451956749,2.5541417598724365
9500,mla_decoupled,moe,456,2,8,0.061555176973342896,0.06629052758216858,2.5541417598724365
9500,mla_decoupled,moe,456,2,9,0.07286743074655533,0.060682810842990875,2.5541417598724365
9500,mla_decoupled,moe,456,2,10,0.04608398303389549,0.058585263788700104,2.5541417598724365
9500,mla_decoupled,moe,456,2,11,0.0737622082233429,0.06427011638879776,2.5541417598724365
9500,mla_decoupled,moe,456,2,12,0.06051391735672951,0.06423002481460571,2.5541417598724365
9500,mla_decoupled,moe,456,2,13,0.06953369081020355,0.06538781523704529,2.5541417598724365
9500,mla_decoupled,moe,456,2,14,0.06260620057582855,0.06374906003475189,2.5541417598724365
9500,mla_decoupled,moe,456,2,15,0.06706543266773224,0.06433578580617905,2.5541417598724365
9500,mla_decoupled,moe,456,3,0,0.08806152641773224,0.07932451367378235,1.6335034370422363
9500,mla_decoupled,moe,456,3,1,0.047661133110523224,0.05239500477910042,1.6335034370422363
9500,mla_decoupled,moe,456,3,2,0.05480346828699112,0.054054662585258484,1.6335034370422363
9500,mla_decoupled,moe,456,3,3,0.06427001953125,0.057771530002355576,1.6335034370422363
9500,mla_decoupled,moe,456,3,4,0.06376831233501434,0.06419426202774048,1.6335034370422363
9500,mla_decoupled,moe,456,3,5,0.047576904296875,0.06138291954994202,1.6335034370422363
9500,mla_decoupled,moe,456,3,6,0.06732910126447678,0.07414557784795761,1.6335034370422363
9500,mla_decoupled,moe,456,3,7,0.06792358309030533,0.0596625953912735,1.6335034370422363
9500,mla_decoupled,moe,456,3,8,0.055455323308706284,0.052988260984420776,1.6335034370422363
9500,mla_decoupled,moe,456,3,9,0.07008788734674454,0.05705840513110161,1.6335034370422363
9500,mla_decoupled,moe,456,3,10,0.06186279281973839,0.07076527923345566,1.6335034370422363
9500,mla_decoupled,moe,456,3,11,0.08915039151906967,0.07516231387853622,1.6335034370422363
9500,mla_decoupled,moe,456,3,12,0.06693969666957855,0.05920674279332161,1.6335034370422363
9500,mla_decoupled,moe,456,3,13,0.04845947399735451,0.053292978554964066,1.6335034370422363
9500,mla_decoupled,moe,456,3,14,0.06394042819738388,0.07566791772842407,1.6335034370422363
9500,mla_decoupled,moe,456,3,15,0.04270996153354645,0.052927013486623764,1.6335034370422363
9500,mla_decoupled,moe,456,4,0,0.06350952386856079,0.0708911120891571,1.19512140750885
9500,mla_decoupled,moe,456,4,1,0.04862060397863388,0.04413069412112236,1.19512140750885
9500,mla_decoupled,moe,456,4,2,0.09740356355905533,0.08780696243047714,1.19512140750885
9500,mla_decoupled,moe,456,4,3,0.05441040173172951,0.05088632553815842,1.19512140750885
9500,mla_decoupled,moe,456,4,4,0.09327514469623566,0.08042298257350922,1.19512140750885
9500,mla_decoupled,moe,456,4,5,0.0845349133014679,0.06761710345745087,1.19512140750885
9500,mla_decoupled,moe,456,4,6,0.052650146186351776,0.06477324664592743,1.19512140750885
9500,mla_decoupled,moe,456,4,7,0.057615965604782104,0.03658735007047653,1.19512140750885
9500,mla_decoupled,moe,456,4,8,0.06586547940969467,0.089399054646492,1.19512140750885
9500,mla_decoupled,moe,456,4,9,0.02640991285443306,0.027422919869422913,1.19512140750885
9500,mla_decoupled,moe,456,4,10,0.06514403969049454,0.059026408940553665,1.19512140750885
9500,mla_decoupled,moe,456,4,11,0.044798582792282104,0.04517967253923416,1.19512140750885
9500,mla_decoupled,moe,456,4,12,0.0870983898639679,0.10104890912771225,1.19512140750885
9500,mla_decoupled,moe,456,4,13,0.03140502795577049,0.04425565153360367,1.19512140750885
9500,mla_decoupled,moe,456,4,14,0.06796874850988388,0.07144030928611755,1.19512140750885
9500,mla_decoupled,moe,456,4,15,0.05928955227136612,0.05911131948232651,1.19512140750885
9500,mla_decoupled,moe,456,5,0,0.0894152820110321,0.08069876581430435,1.4280680418014526
9500,mla_decoupled,moe,456,5,1,0.04642333835363388,0.03998713195323944,1.4280680418014526
9500,mla_decoupled,moe,456,5,2,0.048857420682907104,0.06016194447875023,1.4280680418014526
9500,mla_decoupled,moe,456,5,3,0.10441162437200546,0.09497585892677307,1.4280680418014526
9500,mla_decoupled,moe,456,5,4,0.06722778081893921,0.07474188506603241,1.4280680418014526
9500,mla_decoupled,moe,456,5,5,0.06440673768520355,0.0725833922624588,1.4280680418014526
9500,mla_decoupled,moe,456,5,6,0.07178954780101776,0.0638842061161995,1.4280680418014526
9500,mla_decoupled,moe,456,5,7,0.05622924864292145,0.053808558732271194,1.4280680418014526
9500,mla_decoupled,moe,456,5,8,0.039250489324331284,0.04101482033729553,1.4280680418014526
9500,mla_decoupled,moe,456,5,9,0.07224365323781967,0.06691600382328033,1.4280680418014526
9500,mla_decoupled,moe,456,5,10,0.029973143711686134,0.03177781030535698,1.4280680418014526
9500,mla_decoupled,moe,456,5,11,0.0684521496295929,0.07798977196216583,1.4280680418014526
9500,mla_decoupled,moe,456,5,12,0.05124267563223839,0.051964450627565384,1.4280680418014526
9500,mla_decoupled,moe,456,5,13,0.0772387683391571,0.09445667266845703,1.4280680418014526
9500,mla_decoupled,moe,456,5,14,0.09898681938648224,0.07307080179452896,1.4280680418014526
9500,mla_decoupled,moe,456,5,15,0.013851318508386612,0.021967893466353416,1.4280680418014526
10000,mla_decoupled,moe,456,1,0,0.06372314691543579,0.05736302211880684,2.646430253982544
10000,mla_decoupled,moe,456,1,1,0.04933227598667145,0.05373072996735573,2.646430253982544
10000,mla_decoupled,moe,456,1,2,0.06124633923172951,0.06412556767463684,2.646430253982544
10000,mla_decoupled,moe,456,1,3,0.06791748106479645,0.06528926640748978,2.646430253982544
10000,mla_decoupled,moe,456,1,4,0.05461303889751434,0.06375731527805328,2.646430253982544
10000,mla_decoupled,moe,456,1,5,0.05979614332318306,0.06288664042949677,2.646430253982544
10000,mla_decoupled,moe,456,1,6,0.07089477777481079,0.05884454771876335,2.646430253982544
10000,mla_decoupled,moe,456,1,7,0.06505493074655533,0.06481723487377167,2.646430253982544
10000,mla_decoupled,moe,456,1,8,0.045311279594898224,0.06224065646529198,2.646430253982544
10000,mla_decoupled,moe,456,1,9,0.06015991047024727,0.057420700788497925,2.646430253982544
10000,mla_decoupled,moe,456,1,10,0.06502685695886612,0.06474092602729797,2.646430253982544
10000,mla_decoupled,moe,456,1,11,0.07348877191543579,0.0640183538198471,2.646430253982544
10000,mla_decoupled,moe,456,1,12,0.05838989093899727,0.06298744678497314,2.646430253982544
10000,mla_decoupled,moe,456,1,13,0.07153075933456421,0.06802061200141907,2.646430253982544
10000,mla_decoupled,moe,456,1,14,0.058100584894418716,0.06661009788513184,2.646430253982544
10000,mla_decoupled,moe,456,1,15,0.07541381567716599,0.0631469264626503,2.646430253982544
10000,mla_decoupled,moe,456,2,0,0.0633251965045929,0.0626610592007637,2.5428245067596436
10000,mla_decoupled,moe,456,2,1,0.05624023452401161,0.06254085898399353,2.5428245067596436
10000,mla_decoupled,moe,456,2,2,0.0642993152141571,0.05888731777667999,2.5428245067596436
10000,mla_decoupled,moe,456,2,3,0.05951537936925888,0.05830192193388939,2.5428245067596436
10000,mla_decoupled,moe,456,2,4,0.0635986328125,0.06663631647825241,2.5428245067596436
10000,mla_decoupled,moe,456,2,5,0.056975096464157104,0.06204548850655556,2.5428245067596436
10000,mla_decoupled,moe,456,2,6,0.07062744349241257,0.06314477324485779,2.5428245067596436
10000,mla_decoupled,moe,456,2,7,0.05653076246380806,0.060564592480659485,2.5428245067596436
10000,mla_decoupled,moe,456,2,8,0.06527099758386612,0.06731395423412323,2.5428245067596436
10000,mla_decoupled,moe,456,2,9,0.07079590111970901,0.06020146235823631,2.5428245067596436
10000,mla_decoupled,moe,456,2,10,0.052668455988168716,0.058804236352443695,2.5428245067596436
10000,mla_decoupled,moe,456,2,11,0.060206297785043716,0.05929429084062576,2.5428245067596436
10000,mla_decoupled,moe,456,2,12,0.05752929672598839,0.06373830139636993,2.5428245067596436
10000,mla_decoupled,moe,456,2,13,0.07444091886281967,0.06856005638837814,2.5428245067596436
10000,mla_decoupled,moe,456,2,14,0.06103881821036339,0.06359934061765671,2.5428245067596436
10000,mla_decoupled,moe,456,2,15,0.06693725287914276,0.06370599567890167,2.5428245067596436
10000,mla_decoupled,moe,456,3,0,0.08616699278354645,0.07775451987981796,1.6415828466415405
10000,mla_decoupled,moe,456,3,1,0.04893554747104645,0.054652050137519836,1.6415828466415405
10000,mla_decoupled,moe,456,3,2,0.049071043729782104,0.049965813755989075,1.6415828466415405
10000,mla_decoupled,moe,456,3,3,0.06673949956893921,0.06073248013854027,1.6415828466415405
10000,mla_decoupled,moe,456,3,4,0.06669067591428757,0.06541067361831665,1.6415828466415405
10000,mla_decoupled,moe,456,3,5,0.04773803800344467,0.060882411897182465,1.6415828466415405
10000,mla_decoupled,moe,456,3,6,0.06791260093450546,0.07470256090164185,1.6415828466415405
10000,mla_decoupled,moe,456,3,7,0.07040038704872131,0.06173831596970558,1.6415828466415405
10000,mla_decoupled,moe,456,3,8,0.05759643390774727,0.05532123148441315,1.6415828466415405
10000,mla_decoupled,moe,456,3,9,0.06650024652481079,0.0551338717341423,1.6415828466415405
10000,mla_decoupled,moe,456,3,10,0.06019775569438934,0.07033735513687134,1.6415828466415405
10000,mla_decoupled,moe,456,3,11,0.08827514946460724,0.0748894140124321,1.6415828466415405
10000,mla_decoupled,moe,456,3,12,0.06403686851263046,0.05690513551235199,1.6415828466415405
10000,mla_decoupled,moe,456,3,13,0.04947509616613388,0.05407452955842018,1.6415828466415405
10000,mla_decoupled,moe,456,3,14,0.06248290836811066,0.07207012176513672,1.6415828466415405
10000,mla_decoupled,moe,456,3,15,0.04778076335787773,0.05542949587106705,1.6415828466415405
10000,mla_decoupled,moe,456,4,0,0.06469238549470901,0.07239007204771042,1.2075244188308716
10000,mla_decoupled,moe,456,4,1,0.04999755695462227,0.04490049183368683,1.2075244188308716
10000,mla_decoupled,moe,456,4,2,0.09691406041383743,0.0881991758942604,1.2075244188308716
10000,mla_decoupled,moe,456,4,3,0.053245849907398224,0.05052625760436058,1.2075244188308716
10000,mla_decoupled,moe,456,4,4,0.09023437649011612,0.07722080498933792,1.2075244188308716
10000,mla_decoupled,moe,456,4,5,0.0841687023639679,0.06650137156248093,1.2075244188308716
10000,mla_decoupled,moe,456,4,6,0.0556640625,0.06772349029779434,1.2075244188308716
10000,mla_decoupled,moe,456,4,7,0.05868774279952049,0.037763215601444244,1.2075244188308716
10000,mla_decoupled,moe,456,4,8,0.06485351920127869,0.08853034675121307,1.2075244188308716
10000,mla_decoupled,moe,456,4,9,0.025863036513328552,0.02651510015130043,1.2075244188308716
10000,mla_decoupled,moe,456,4,10,0.06550171226263046,0.05877771973609924,1.2075244188308716
10000,mla_decoupled,moe,456,4,11,0.04477538913488388,0.04527959227561951,1.2075244188308716
10000,mla_decoupled,moe,456,4,12,0.08787475526332855,0.10109733790159225,1.2075244188308716
10000,mla_decoupled,moe,456,4,13,0.03043823316693306,0.04511319473385811,1.2075244188308716
10000,mla_decoupled,moe,456,4,14,0.06739868223667145,0.07049207389354706,1.2075244188308716
10000,mla_decoupled,moe,456,4,15,0.05968994274735451,0.05896973982453346,1.2075244188308716
10000,mla_decoupled,moe,456,5,0,0.08985107392072678,0.08120536804199219,1.434173583984375
10000,mla_decoupled,moe,456,5,1,0.04535522311925888,0.039325788617134094,1.434173583984375
10000,mla_decoupled,moe,456,5,2,0.04974731430411339,0.06277282536029816,1.434173583984375
10000,mla_decoupled,moe,456,5,3,0.102813720703125,0.09248434007167816,1.434173583984375
10000,mla_decoupled,moe,456,5,4,0.07229247689247131,0.07815005630254745,1.434173583984375
10000,mla_decoupled,moe,456,5,5,0.06268066167831421,0.06989756971597672,1.434173583984375
10000,mla_decoupled,moe,456,5,6,0.07191894203424454,0.06622526049613953,1.434173583984375
10000,mla_decoupled,moe,456,5,7,0.055488280951976776,0.05211994796991348,1.434173583984375
10000,mla_decoupled,moe,456,5,8,0.04050292819738388,0.04254816100001335,1.434173583984375
10000,mla_decoupled,moe,456,5,9,0.0713513195514679,0.0660792887210846,1.434173583984375
10000,mla_decoupled,moe,456,5,10,0.03069457970559597,0.03302698954939842,1.434173583984375
10000,mla_decoupled,moe,456,5,11,0.06977050751447678,0.0782514438033104,1.434173583984375
10000,mla_decoupled,moe,456,5,12,0.04670532047748566,0.048799239099025726,1.434173583984375
10000,mla_decoupled,moe,456,5,13,0.07628662139177322,0.09121762216091156,1.434173583984375
10000,mla_decoupled,moe,456,5,14,0.09841308742761612,0.07366499304771423,1.434173583984375
10000,mla_decoupled,moe,456,5,15,0.016127929091453552,0.02423109859228134,1.434173583984375
10500,mla_decoupled,moe,456,1,0,0.06193237379193306,0.0571235716342926,2.643688440322876
10500,mla_decoupled,moe,456,1,1,0.06371825933456421,0.05440713092684746,2.643688440322876
10500,mla_decoupled,moe,456,1,2,0.06091064587235451,0.06513423472642899,2.643688440322876
10500,mla_decoupled,moe,456,1,3,0.06414184719324112,0.06519141793251038,2.643688440322876
10500,mla_decoupled,moe,456,1,4,0.0647290050983429,0.06439679116010666,2.643688440322876
10500,mla_decoupled,moe,456,1,5,0.058787841349840164,0.06367728114128113,2.643688440322876
10500,mla_decoupled,moe,456,1,6,0.06752441078424454,0.05868108570575714,2.643688440322876
10500,mla_decoupled,moe,456,1,7,0.06416137516498566,0.06439100205898285,2.643688440322876
10500,mla_decoupled,moe,456,1,8,0.04710937663912773,0.06328793615102768,2.643688440322876
10500,mla_decoupled,moe,456,1,9,0.06319335848093033,0.057537760585546494,2.643688440322876
10500,mla_decoupled,moe,456,1,10,0.06709960848093033,0.06537668406963348,2.643688440322876
10500,mla_decoupled,moe,456,1,11,0.06966552883386612,0.062463100999593735,2.643688440322876
10500,mla_decoupled,moe,456,1,12,0.06336303800344467,0.06400282680988312,2.643688440322876
10500,mla_decoupled,moe,456,1,13,0.061094969511032104,0.06595037132501602,2.643688440322876
10500,mla_decoupled,moe,456,1,14,0.05991455167531967,0.06639692187309265,2.643688440322876
10500,mla_decoupled,moe,456,1,15,0.0626538097858429,0.06198190152645111,2.643688440322876
10500,mla_decoupled,moe,456,2,0,0.05339355394244194,0.061448998749256134,2.532550096511841
10500,mla_decoupled,moe,456,2,1,0.059520263224840164,0.06323494762182236,2.532550096511841
10500,mla_decoupled,moe,456,2,2,0.06446411460638046,0.05830822512507439,2.532550096511841
10500,mla_decoupled,moe,456,2,3,0.06529419124126434,0.0595133975148201,2.532550096511841
10500,mla_decoupled,moe,456,2,4,0.06417602300643921,0.06645835191011429,2.532550096511841
10500,mla_decoupled,moe,456,2,5,0.05619873106479645,0.06231291592121124,2.532550096511841
10500,mla_decoupled,moe,456,2,6,0.05518798902630806,0.057947006076574326,2.532550096511841
10500,mla_decoupled,moe,456,2,7,0.0595703125,0.061176519840955734,2.532550096511841
10500,mla_decoupled,moe,456,2,8,0.06315918266773224,0.06706604361534119,2.532550096511841
10500,mla_decoupled,moe,456,2,9,0.07332519441843033,0.06085039675235748,2.532550096511841
10500,mla_decoupled,moe,456,2,10,0.060516357421875,0.05985436588525772,2.532550096511841
10500,mla_decoupled,moe,456,2,11,0.06426025182008743,0.06121912971138954,2.532550096511841
10500,mla_decoupled,moe,456,2,12,0.06352782994508743,0.06662558764219284,2.532550096511841
10500,mla_decoupled,moe,456,2,13,0.07429565489292145,0.06754064559936523,2.532550096511841
10500,mla_decoupled,moe,456,2,14,0.06297851353883743,0.06407502293586731,2.532550096511841
10500,mla_decoupled,moe,456,2,15,0.06013183668255806,0.062368445098400116,2.532550096511841
10500,mla_decoupled,moe,456,3,0,0.08728515356779099,0.07892671972513199,1.6472598314285278
10500,mla_decoupled,moe,456,3,1,0.049864500761032104,0.05620213598012924,1.6472598314285278
10500,mla_decoupled,moe,456,3,2,0.05462402477860451,0.05381214618682861,1.6472598314285278
10500,mla_decoupled,moe,456,3,3,0.06416869908571243,0.058787766844034195,1.6472598314285278
10500,mla_decoupled,moe,456,3,4,0.06580444425344467,0.06520774215459824,1.6472598314285278
10500,mla_decoupled,moe,456,3,5,0.046253662556409836,0.05929550155997276,1.6472598314285278
10500,mla_decoupled,moe,456,3,6,0.06674926728010178,0.07319435477256775,1.6472598314285278
10500,mla_decoupled,moe,456,3,7,0.07012572884559631,0.06121184304356575,1.6472598314285278
10500,mla_decoupled,moe,456,3,8,0.057008057832717896,0.055005401372909546,1.6472598314285278
10500,mla_decoupled,moe,456,3,9,0.06596801429986954,0.05490517243742943,1.6472598314285278
10500,mla_decoupled,moe,456,3,10,0.0629260241985321,0.07265178859233856,1.6472598314285278
10500,mla_decoupled,moe,456,3,11,0.08787109702825546,0.07310332357883453,1.6472598314285278
10500,mla_decoupled,moe,456,3,12,0.0659472644329071,0.05879463627934456,1.6472598314285278
10500,mla_decoupled,moe,456,3,13,0.05080566555261612,0.05532154440879822,1.6472598314285278
10500,mla_decoupled,moe,456,3,14,0.060759276151657104,0.07013282924890518,1.6472598314285278
10500,mla_decoupled,moe,456,3,15,0.04383911192417145,0.05344708263874054,1.6472598314285278
10500,mla_decoupled,moe,456,4,0,0.06358154118061066,0.07032795250415802,1.1993824243545532
10500,mla_decoupled,moe,456,4,1,0.049470216035842896,0.044038522988557816,1.1993824243545532
10500,mla_decoupled,moe,456,4,2,0.09968750178813934,0.0907767042517662,1.1993824243545532
10500,mla_decoupled,moe,456,4,3,0.05481201037764549,0.05265197157859802,1.1993824243545532
10500,mla_decoupled,moe,456,4,4,0.09103026986122131,0.07841695845127106,1.1993824243545532
10500,mla_decoupled,moe,456,4,5,0.08504638820886612,0.06673309952020645,1.1993824243545532
10500,mla_decoupled,moe,456,4,6,0.05208740383386612,0.0629289448261261,1.1993824243545532
10500,mla_decoupled,moe,456,4,7,0.05674560368061066,0.03668307140469551,1.1993824243545532
10500,mla_decoupled,moe,456,4,8,0.06370849907398224,0.08607390522956848,1.1993824243545532
10500,mla_decoupled,moe,456,4,9,0.027192382141947746,0.028929565101861954,1.1993824243545532
10500,mla_decoupled,moe,456,4,10,0.06695190072059631,0.061124756932258606,1.1993824243545532
10500,mla_decoupled,moe,456,4,11,0.043476562947034836,0.04487139359116554,1.1993824243545532
10500,mla_decoupled,moe,456,4,12,0.08840332180261612,0.10174723714590073,1.1993824243545532
10500,mla_decoupled,moe,456,4,13,0.030599365010857582,0.04675779864192009,1.1993824243545532
10500,mla_decoupled,moe,456,4,14,0.06889282166957855,0.07069523632526398,1.1993824243545532
10500,mla_decoupled,moe,456,4,15,0.058314207941293716,0.05724285915493965,1.1993824243545532
10500,mla_decoupled,moe,456,5,0,0.08973388373851776,0.08445688337087631,1.4285420179367065
10500,mla_decoupled,moe,456,5,1,0.047913819551467896,0.04065762460231781,1.4285420179367065
10500,mla_decoupled,moe,456,5,2,0.049199219793081284,0.06074736639857292,1.4285420179367065
10500,mla_decoupled,moe,456,5,3,0.10210937261581421,0.09286155551671982,1.4285420179367065
10500,mla_decoupled,moe,456,5,4,0.0665283203125,0.07274240255355835,1.4285420179367065
10500,mla_decoupled,moe,456,5,5,0.06714233756065369,0.07424624264240265,1.4285420179367065
10500,mla_decoupled,moe,456,5,6,0.07318359613418579,0.06707488000392914,1.4285420179367065
10500,mla_decoupled,moe,456,5,7,0.05049438402056694,0.04940149933099747,1.4285420179367065
10500,mla_decoupled,moe,456,5,8,0.04000244289636612,0.0419866181910038,1.4285420179367065
10500,mla_decoupled,moe,456,5,9,0.07223144173622131,0.06690170615911484,1.4285420179367065
10500,mla_decoupled,moe,456,5,10,0.03163696452975273,0.03335808217525482,1.4285420179367065
10500,mla_decoupled,moe,456,5,11,0.06656982749700546,0.07600284367799759,1.4285420179367065
10500,mla_decoupled,moe,456,5,12,0.046937257051467896,0.047817572951316833,1.4285420179367065
10500,mla_decoupled,moe,456,5,13,0.07774291932582855,0.09224732220172882,1.4285420179367065
10500,mla_decoupled,moe,456,5,14,0.10331420600414276,0.07616773992776871,1.4285420179367065
10500,mla_decoupled,moe,456,5,15,0.015260010026395321,0.02332962490618229,1.4285420179367065
11000,mla_decoupled,moe,456,1,0,0.058836668729782104,0.05620177090167999,2.6331586837768555
11000,mla_decoupled,moe,456,1,1,0.06196044757962227,0.053034305572509766,2.6331586837768555
11000,mla_decoupled,moe,456,1,2,0.054252929985523224,0.06420834362506866,2.6331586837768555
11000,mla_decoupled,moe,456,1,3,0.06389281898736954,0.06475777924060822,2.6331586837768555
11000,mla_decoupled,moe,456,1,4,0.055286865681409836,0.0636567547917366,2.6331586837768555
11000,mla_decoupled,moe,456,1,5,0.06221557781100273,0.0643298402428627,2.6331586837768555
11000,mla_decoupled,moe,456,1,6,0.07183471322059631,0.05932734161615372,2.6331586837768555
11000,mla_decoupled,moe,456,1,7,0.06156005710363388,0.06412006914615631,2.6331586837768555
11000,mla_decoupled,moe,456,1,8,0.04575195163488388,0.06334377080202103,2.6331586837768555
11000,mla_decoupled,moe,456,1,9,0.052406005561351776,0.05532551929354668,2.6331586837768555
11000,mla_decoupled,moe,456,1,10,0.06776611506938934,0.06681068986654282,2.6331586837768555
11000,mla_decoupled,moe,456,1,11,0.07939331233501434,0.06519582867622375,2.6331586837768555
11000,mla_decoupled,moe,456,1,12,0.07179443538188934,0.06450136750936508,2.6331586837768555
11000,mla_decoupled,moe,456,1,13,0.06880371272563934,0.06724456697702408,2.6331586837768555
11000,mla_decoupled,moe,456,1,14,0.06242920085787773,0.066569022834301,2.6331586837768555
11000,mla_decoupled,moe,456,1,15,0.06181518733501434,0.061373066157102585,2.6331586837768555
11000,mla_decoupled,moe,456,2,0,0.05676025524735451,0.061089105904102325,2.521381378173828
11000,mla_decoupled,moe,456,2,1,0.06089111417531967,0.06353186070919037,2.521381378173828
11000,mla_decoupled,moe,456,2,2,0.06610839813947678,0.05866074934601784,2.521381378173828
11000,mla_decoupled,moe,456,2,3,0.06659302115440369,0.05862926319241524,2.521381378173828
11000,mla_decoupled,moe,456,2,4,0.06493041664361954,0.06744769215583801,2.521381378173828
11000,mla_decoupled,moe,456,2,5,0.06109985336661339,0.06374800950288773,2.521381378173828
11000,mla_decoupled,moe,456,2,6,0.061237793415784836,0.06054678559303284,2.521381378173828
11000,mla_decoupled,moe,456,2,7,0.05416626110672951,0.060410887002944946,2.521381378173828
11000,mla_decoupled,moe,456,2,8,0.06709106266498566,0.06881005316972733,2.521381378173828
11000,mla_decoupled,moe,456,2,9,0.061896972358226776,0.05733263120055199,2.521381378173828
11000,mla_decoupled,moe,456,2,10,0.054753419011831284,0.058680810034275055,2.521381378173828
11000,mla_decoupled,moe,456,2,11,0.06272949278354645,0.06032116338610649,2.521381378173828
11000,mla_decoupled,moe,456,2,12,0.059724122285842896,0.06470686942338943,2.521381378173828
11000,mla_decoupled,moe,456,2,13,0.07207275182008743,0.06732634454965591,2.521381378173828
11000,mla_decoupled,moe,456,2,14,0.06181640550494194,0.06408870220184326,2.521381378173828
11000,mla_decoupled,moe,456,2,15,0.06812866032123566,0.06466902792453766,2.521381378173828
11000,mla_decoupled,moe,456,3,0,0.08744750916957855,0.07724316418170929,1.638704776763916
11000,mla_decoupled,moe,456,3,1,0.048890382051467896,0.05478602275252342,1.638704776763916
11000,mla_decoupled,moe,456,3,2,0.05195678770542145,0.05268761143088341,1.638704776763916
11000,mla_decoupled,moe,456,3,3,0.06716308742761612,0.06030704453587532,1.638704776763916
11000,mla_decoupled,moe,456,3,4,0.06539550423622131,0.06356965005397797,1.638704776763916
11000,mla_decoupled,moe,456,3,5,0.046879883855581284,0.059570375829935074,1.638704776763916
11000,mla_decoupled,moe,456,3,6,0.06654296815395355,0.07333163917064667,1.638704776763916
11000,mla_decoupled,moe,456,3,7,0.07036743313074112,0.06105233356356621,1.638704776763916
11000,mla_decoupled,moe,456,3,8,0.05643066391348839,0.053956735879182816,1.638704776763916
11000,mla_decoupled,moe,456,3,9,0.06831665337085724,0.056553732603788376,1.638704776763916
11000,mla_decoupled,moe,456,3,10,0.05869751051068306,0.06965897977352142,1.638704776763916
11000,mla_decoupled,moe,456,3,11,0.08510009944438934,0.07265617698431015,1.638704776763916
11000,mla_decoupled,moe,456,3,12,0.0637194812297821,0.056629281491041183,1.638704776763916
11000,mla_decoupled,moe,456,3,13,0.052531737834215164,0.05780386924743652,1.638704776763916
11000,mla_decoupled,moe,456,3,14,0.06268798559904099,0.07336706668138504,1.638704776763916
11000,mla_decoupled,moe,456,3,15,0.04787231609225273,0.05682627111673355,1.638704776763916
11000,mla_decoupled,moe,456,4,0,0.06501831114292145,0.07252932339906693,1.2076475620269775
11000,mla_decoupled,moe,456,4,1,0.04923950135707855,0.0448220930993557,1.2076475620269775
11000,mla_decoupled,moe,456,4,2,0.09623779356479645,0.08691604435443878,1.2076475620269775
11000,mla_decoupled,moe,456,4,3,0.053990479558706284,0.051870349794626236,1.2076475620269775
11000,mla_decoupled,moe,456,4,4,0.09010009467601776,0.07864703983068466,1.2076475620269775
11000,mla_decoupled,moe,456,4,5,0.08338256925344467,0.06396797299385071,1.2076475620269775
11000,mla_decoupled,moe,456,4,6,0.05464477464556694,0.06629229336977005,1.2076475620269775
11000,mla_decoupled,moe,456,4,7,0.05793457105755806,0.03731319308280945,1.2076475620269775
11000,mla_decoupled,moe,456,4,8,0.06392455846071243,0.08613701164722443,1.2076475620269775
11000,mla_decoupled,moe,456,4,9,0.026759034022688866,0.02800215408205986,1.2076475620269775
11000,mla_decoupled,moe,456,4,10,0.06516601890325546,0.05958496034145355,1.2076475620269775
11000,mla_decoupled,moe,456,4,11,0.04541992023587227,0.046422772109508514,1.2076475620269775
11000,mla_decoupled,moe,456,4,12,0.08926758170127869,0.10274358093738556,1.2076475620269775
11000,mla_decoupled,moe,456,4,13,0.03041747957468033,0.04605450481176376,1.2076475620269775
11000,mla_decoupled,moe,456,4,14,0.06697876006364822,0.06902286410331726,1.2076475620269775
11000,mla_decoupled,moe,456,4,15,0.061518553644418716,0.05967380106449127,1.2076475620269775
11000,mla_decoupled,moe,456,5,0,0.0889270007610321,0.07985787093639374,1.4276715517044067
11000,mla_decoupled,moe,456,5,1,0.04900512844324112,0.04177083447575569,1.4276715517044067
11000,mla_decoupled,moe,456,5,2,0.05043090879917145,0.06431687623262405,1.4276715517044067
11000,mla_decoupled,moe,456,5,3,0.10000976920127869,0.08982933312654495,1.4276715517044067
11000,mla_decoupled,moe,456,5,4,0.0696423351764679,0.07586215436458588,1.4276715517044067
11000,mla_decoupled,moe,456,5,5,0.0651257336139679,0.07289133965969086,1.4276715517044067
11000,mla_decoupled,moe,456,5,6,0.07106444984674454,0.06388016790151596,1.4276715517044067
11000,mla_decoupled,moe,456,5,7,0.055152587592601776,0.05375920608639717,1.4276715517044067
11000,mla_decoupled,moe,456,5,8,0.04187866300344467,0.04324513301253319,1.4276715517044067
11000,mla_decoupled,moe,456,5,9,0.06911499053239822,0.0644284039735794,1.4276715517044067
11000,mla_decoupled,moe,456,5,10,0.03205200284719467,0.033738601952791214,1.4276715517044067
11000,mla_decoupled,moe,456,5,11,0.06532714515924454,0.07404233515262604,1.4276715517044067
11000,mla_decoupled,moe,456,5,12,0.04692993313074112,0.048788413405418396,1.4276715517044067
11000,mla_decoupled,moe,456,5,13,0.07698974758386612,0.09340929239988327,1.4276715517044067
11000,mla_decoupled,moe,456,5,14,0.10113158822059631,0.07515610009431839,1.4276715517044067
11000,mla_decoupled,moe,456,5,15,0.01721801795065403,0.025023959577083588,1.4276715517044067
11500,mla_decoupled,moe,456,1,0,0.06367798149585724,0.055526237934827805,2.634286880493164
11500,mla_decoupled,moe,456,1,1,0.05996337905526161,0.05335569381713867,2.634286880493164
11500,mla_decoupled,moe,456,1,2,0.060821533203125,0.06520155072212219,2.634286880493164
11500,mla_decoupled,moe,456,1,3,0.05864135921001434,0.06402316689491272,2.634286880493164
11500,mla_decoupled,moe,456,1,4,0.053093262016773224,0.06378252059221268,2.634286880493164
11500,mla_decoupled,moe,456,1,5,0.058808594942092896,0.06433692574501038,2.634286880493164
11500,mla_decoupled,moe,456,1,6,0.07346801459789276,0.059203747659921646,2.634286880493164
11500,mla_decoupled,moe,456,1,7,0.06398925930261612,0.06438319385051727,2.634286880493164
11500,mla_decoupled,moe,456,1,8,0.05120239406824112,0.06354094296693802,2.634286880493164
11500,mla_decoupled,moe,456,1,9,0.07011230289936066,0.05809720978140831,2.634286880493164
11500,mla_decoupled,moe,456,1,10,0.06435669213533401,0.06499893963336945,2.634286880493164
11500,mla_decoupled,moe,456,1,11,0.07563842833042145,0.06388400495052338,2.634286880493164
11500,mla_decoupled,moe,456,1,12,0.06560912728309631,0.06473186612129211,2.634286880493164
11500,mla_decoupled,moe,456,1,13,0.0675952136516571,0.06728170812129974,2.634286880493164
11500,mla_decoupled,moe,456,1,14,0.051087647676467896,0.06519490480422974,2.634286880493164
11500,mla_decoupled,moe,456,1,15,0.06193481385707855,0.062457375228405,2.634286880493164
11500,mla_decoupled,moe,456,2,0,0.06370117515325546,0.06261567026376724,2.5161545276641846
11500,mla_decoupled,moe,456,2,1,0.06509155035018921,0.06542700529098511,2.5161545276641846
11500,mla_decoupled,moe,456,2,2,0.06158813461661339,0.057147230952978134,2.5161545276641846
11500,mla_decoupled,moe,456,2,3,0.05664428696036339,0.056311074644327164,2.5161545276641846
11500,mla_decoupled,moe,456,2,4,0.061115723103284836,0.06572795659303665,2.5161545276641846
11500,mla_decoupled,moe,456,2,5,0.062468260526657104,0.06429919600486755,2.5161545276641846
11500,mla_decoupled,moe,456,2,6,0.06703612953424454,0.06325189769268036,2.5161545276641846
11500,mla_decoupled,moe,456,2,7,0.05210815370082855,0.05856874957680702,2.5161545276641846
11500,mla_decoupled,moe,456,2,8,0.06410644203424454,0.06843220442533493,2.5161545276641846
11500,mla_decoupled,moe,456,2,9,0.068145751953125,0.05979745835065842,2.5161545276641846
11500,mla_decoupled,moe,456,2,10,0.05786743015050888,0.05768786743283272,2.5161545276641846
11500,mla_decoupled,moe,456,2,11,0.05457885563373566,0.05743621662259102,2.5161545276641846
11500,mla_decoupled,moe,456,2,12,0.06770263612270355,0.06687376648187637,2.5161545276641846
11500,mla_decoupled,moe,456,2,13,0.068511962890625,0.06673451513051987,2.5161545276641846
11500,mla_decoupled,moe,456,2,14,0.06065918132662773,0.0631677657365799,2.5161545276641846
11500,mla_decoupled,moe,456,2,15,0.06867431849241257,0.06652142852544785,2.5161545276641846
11500,mla_decoupled,moe,456,3,0,0.08669067174196243,0.07716681808233261,1.640779733657837
11500,mla_decoupled,moe,456,3,1,0.049321290105581284,0.05475502088665962,1.640779733657837
11500,mla_decoupled,moe,456,3,2,0.054332274943590164,0.054713644087314606,1.640779733657837
11500,mla_decoupled,moe,456,3,3,0.06467773765325546,0.058360371738672256,1.640779733657837
11500,mla_decoupled,moe,456,3,4,0.06441772729158401,0.06450169533491135,1.640779733657837
11500,mla_decoupled,moe,456,3,5,0.044139403849840164,0.05744446441531181,1.640779733657837
11500,mla_decoupled,moe,456,3,6,0.06543823331594467,0.07256156206130981,1.640779733657837
11500,mla_decoupled,moe,456,3,7,0.07260864228010178,0.06262943893671036,1.640779733657837
11500,mla_decoupled,moe,456,3,8,0.057341307401657104,0.054419130086898804,1.640779733657837
11500,mla_decoupled,moe,456,3,9,0.0651232898235321,0.053988341242074966,1.640779733657837
11500,mla_decoupled,moe,456,3,10,0.061433106660842896,0.06974738836288452,1.640779733657837
11500,mla_decoupled,moe,456,3,11,0.08820312470197678,0.07445190101861954,1.640779733657837
11500,mla_decoupled,moe,456,3,12,0.06364502012729645,0.0575241893529892,1.640779733657837
11500,mla_decoupled,moe,456,3,13,0.050474852323532104,0.055549077689647675,1.640779733657837
11500,mla_decoupled,moe,456,3,14,0.06559447944164276,0.07592423260211945,1.640779733657837
11500,mla_decoupled,moe,456,3,15,0.046558838337659836,0.056262727826833725,1.640779733657837
11500,mla_decoupled,moe,456,4,0,0.062774658203125,0.07064519822597504,1.2044405937194824
11500,mla_decoupled,moe,456,4,1,0.053162842988967896,0.0481390506029129,1.2044405937194824
11500,mla_decoupled,moe,456,4,2,0.09732788056135178,0.08708429336547852,1.2044405937194824
11500,mla_decoupled,moe,456,4,3,0.05329589918255806,0.04984213039278984,1.2044405937194824
11500,mla_decoupled,moe,456,4,4,0.09174438565969467,0.07974253594875336,1.2044405937194824
11500,mla_decoupled,moe,456,4,5,0.08322510123252869,0.06483200937509537,1.2044405937194824
11500,mla_decoupled,moe,456,4,6,0.05247314274311066,0.06411495804786682,1.2044405937194824
11500,mla_decoupled,moe,456,4,7,0.05830566585063934,0.0377764031291008,1.2044405937194824
11500,mla_decoupled,moe,456,4,8,0.06404540687799454,0.08511457592248917,1.2044405937194824
11500,mla_decoupled,moe,456,4,9,0.02553466707468033,0.027061546221375465,1.2044405937194824
11500,mla_decoupled,moe,456,4,10,0.06688232719898224,0.061677828431129456,1.2044405937194824
11500,mla_decoupled,moe,456,4,11,0.04417968913912773,0.045919448137283325,1.2044405937194824
11500,mla_decoupled,moe,456,4,12,0.08945068717002869,0.10352113097906113,1.2044405937194824
11500,mla_decoupled,moe,456,4,13,0.030064696446061134,0.04526874050498009,1.2044405937194824
11500,mla_decoupled,moe,456,4,14,0.06897582858800888,0.07146067172288895,1.2044405937194824
11500,mla_decoupled,moe,456,4,15,0.05855713039636612,0.05779949203133583,1.2044405937194824
11500,mla_decoupled,moe,456,5,0,0.0896008312702179,0.08224929869174957,1.4426283836364746
11500,mla_decoupled,moe,456,5,1,0.04504760727286339,0.03721047565340996,1.4426283836364746
11500,mla_decoupled,moe,456,5,2,0.048395995050668716,0.0613996759057045,1.4426283836364746
11500,mla_decoupled,moe,456,5,3,0.10422240942716599,0.09403558820486069,1.4426283836364746
11500,mla_decoupled,moe,456,5,4,0.06575561314821243,0.07283937186002731,1.4426283836364746
11500,mla_decoupled,moe,456,5,5,0.06524658203125,0.07330090552568436,1.4426283836364746
11500,mla_decoupled,moe,456,5,6,0.07151000946760178,0.06422247737646103,1.4426283836364746
11500,mla_decoupled,moe,456,5,7,0.05404419079422951,0.05225023254752159,1.4426283836364746
11500,mla_decoupled,moe,456,5,8,0.03953002765774727,0.040941208600997925,1.4426283836364746
11500,mla_decoupled,moe,456,5,9,0.07147826999425888,0.06737439334392548,1.4426283836364746
11500,mla_decoupled,moe,456,5,10,0.030799560248851776,0.033243440091609955,1.4426283836364746
11500,mla_decoupled,moe,456,5,11,0.06950805336236954,0.0776258036494255,1.4426283836364746
11500,mla_decoupled,moe,456,5,12,0.04727539047598839,0.04835428297519684,1.4426283836364746
11500,mla_decoupled,moe,456,5,13,0.07963867485523224,0.09406257420778275,1.4426283836364746
11500,mla_decoupled,moe,456,5,14,0.10098633170127869,0.07584838569164276,1.4426283836364746
11500,mla_decoupled,moe,456,5,15,0.016960449516773224,0.025041883811354637,1.4426283836364746
12000,mla_decoupled,moe,456,1,0,0.05150756984949112,0.054545674473047256,2.629279851913452
12000,mla_decoupled,moe,456,1,1,0.05376953259110451,0.05280568450689316,2.629279851913452
12000,mla_decoupled,moe,456,1,2,0.06458496302366257,0.06526385992765427,2.629279851913452
12000,mla_decoupled,moe,456,1,3,0.061687011271715164,0.06466697156429291,2.629279851913452
12000,mla_decoupled,moe,456,1,4,0.05968994274735451,0.06332302838563919,2.629279851913452
12000,mla_decoupled,moe,456,1,5,0.06022338941693306,0.06366844475269318,2.629279851913452
12000,mla_decoupled,moe,456,1,6,0.0699450671672821,0.05943722277879715,2.629279851913452
12000,mla_decoupled,moe,456,1,7,0.06781372427940369,0.06590738147497177,2.629279851913452
12000,mla_decoupled,moe,456,1,8,0.07117675989866257,0.06485870480537415,2.629279851913452
12000,mla_decoupled,moe,456,1,9,0.06294189393520355,0.05612638592720032,2.629279851913452
12000,mla_decoupled,moe,456,1,10,0.07069580256938934,0.06846556067466736,2.629279851913452
12000,mla_decoupled,moe,456,1,11,0.0705883800983429,0.062480274587869644,2.629279851913452
12000,mla_decoupled,moe,456,1,12,0.06153808534145355,0.06416212022304535,2.629279851913452
12000,mla_decoupled,moe,456,1,13,0.05858520418405533,0.06605961173772812,2.629279851913452
12000,mla_decoupled,moe,456,1,14,0.05191650241613388,0.06550847738981247,2.629279851913452
12000,mla_decoupled,moe,456,1,15,0.06333617866039276,0.06272060424089432,2.629279851913452
12000,mla_decoupled,moe,456,2,0,0.06062621995806694,0.06310797482728958,2.506575345993042
12000,mla_decoupled,moe,456,2,1,0.059711914509534836,0.06302732229232788,2.506575345993042
12000,mla_decoupled,moe,456,2,2,0.0655224621295929,0.058655720204114914,2.506575345993042
12000,mla_decoupled,moe,456,2,3,0.06161743029952049,0.057710811495780945,2.506575345993042
12000,mla_decoupled,moe,456,2,4,0.057487793266773224,0.06417178362607956,2.506575345993042
12000,mla_decoupled,moe,456,2,5,0.06065673753619194,0.06409279257059097,2.506575345993042
12000,mla_decoupled,moe,456,2,6,0.060200195759534836,0.059997815638780594,2.506575345993042
12000,mla_decoupled,moe,456,2,7,0.057648926973342896,0.06017773225903511,2.506575345993042
12000,mla_decoupled,moe,456,2,8,0.06138549745082855,0.06628738343715668,2.506575345993042
12000,mla_decoupled,moe,456,2,9,0.07381347566843033,0.061896782368421555,2.506575345993042
12000,mla_decoupled,moe,456,2,10,0.059965819120407104,0.058580655604600906,2.506575345993042
12000,mla_decoupled,moe,456,2,11,0.06432128697633743,0.060835495591163635,2.506575345993042
12000,mla_decoupled,moe,456,2,12,0.06126342713832855,0.06624938547611237,2.506575345993042
12000,mla_decoupled,moe,456,2,13,0.06917236000299454,0.0662253201007843,2.506575345993042
12000,mla_decoupled,moe,456,2,14,0.06297241151332855,0.06451065093278885,2.506575345993042
12000,mla_decoupled,moe,456,2,15,0.06363403052091599,0.06447237730026245,2.506575345993042
12000,mla_decoupled,moe,456,3,0,0.08592651039361954,0.07619777321815491,1.638391137123108
12000,mla_decoupled,moe,456,3,1,0.04961181804537773,0.0557243674993515,1.638391137123108
12000,mla_decoupled,moe,456,3,2,0.052998047322034836,0.05428784713149071,1.638391137123108
12000,mla_decoupled,moe,456,3,3,0.06829223781824112,0.06157156452536583,1.638391137123108
12000,mla_decoupled,moe,456,3,4,0.06464111059904099,0.06438658386468887,1.638391137123108
12000,mla_decoupled,moe,456,3,5,0.04634643718600273,0.05982310324907303,1.638391137123108
12000,mla_decoupled,moe,456,3,6,0.06604736298322678,0.07238595187664032,1.638391137123108
12000,mla_decoupled,moe,456,3,7,0.07054443657398224,0.06190112605690956,1.638391137123108
12000,mla_decoupled,moe,456,3,8,0.05995727702975273,0.056590501219034195,1.638391137123108
12000,mla_decoupled,moe,456,3,9,0.06481689214706421,0.05417191982269287,1.638391137123108
12000,mla_decoupled,moe,456,3,10,0.058800049126148224,0.0683465376496315,1.638391137123108
12000,mla_decoupled,moe,456,3,11,0.0865795910358429,0.07255455106496811,1.638391137123108
12000,mla_decoupled,moe,456,3,12,0.06597045809030533,0.05907312408089638,1.638391137123108
12000,mla_decoupled,moe,456,3,13,0.049052733927965164,0.053864601999521255,1.638391137123108
12000,mla_decoupled,moe,456,3,14,0.06375732272863388,0.07375671714544296,1.638391137123108
12000,mla_decoupled,moe,456,3,15,0.04665771499276161,0.055363722145557404,1.638391137123108
12000,mla_decoupled,moe,456,4,0,0.06340698152780533,0.07135145366191864,1.2026793956756592
12000,mla_decoupled,moe,456,4,1,0.050330810248851776,0.044972941279411316,1.2026793956756592
12000,mla_decoupled,moe,456,4,2,0.0948168933391571,0.08419458568096161,1.2026793956756592
12000,mla_decoupled,moe,456,4,3,0.05325561389327049,0.050553902983665466,1.2026793956756592
12000,mla_decoupled,moe,456,4,4,0.09162231534719467,0.08065637946128845,1.2026793956756592
12000,mla_decoupled,moe,456,4,5,0.08243652433156967,0.06493399292230606,1.2026793956756592
12000,mla_decoupled,moe,456,4,6,0.05261596664786339,0.06288567185401917,1.2026793956756592
12000,mla_decoupled,moe,456,4,7,0.06103149428963661,0.039061374962329865,1.2026793956756592
12000,mla_decoupled,moe,456,4,8,0.06447997689247131,0.08700964599847794,1.2026793956756592
12000,mla_decoupled,moe,456,4,9,0.027811279520392418,0.029512738808989525,1.2026793956756592
12000,mla_decoupled,moe,456,4,10,0.06458739936351776,0.05906662344932556,1.2026793956756592
12000,mla_decoupled,moe,456,4,11,0.04388671740889549,0.04626362770795822,1.2026793956756592
12000,mla_decoupled,moe,456,4,12,0.089019775390625,0.10278721898794174,1.2026793956756592
12000,mla_decoupled,moe,456,4,13,0.031397704035043716,0.04632841423153877,1.2026793956756592
12000,mla_decoupled,moe,456,4,14,0.06785400211811066,0.07062230259180069,1.2026793956756592
12000,mla_decoupled,moe,456,4,15,0.06144653260707855,0.05979913845658302,1.2026793956756592
12000,mla_decoupled,moe,456,5,0,0.08829834312200546,0.08013273030519485,1.4350998401641846
12000,mla_decoupled,moe,456,5,1,0.05060790851712227,0.043059758841991425,1.4350998401641846
12000,mla_decoupled,moe,456,5,2,0.050303954631090164,0.0633312314748764,1.4350998401641846
12000,mla_decoupled,moe,456,5,3,0.10304443538188934,0.09359090775251389,1.4350998401641846
12000,mla_decoupled,moe,456,5,4,0.06581664830446243,0.07231921702623367,1.4350998401641846
12000,mla_decoupled,moe,456,5,5,0.06337402015924454,0.07144058495759964,1.4350998401641846
12000,mla_decoupled,moe,456,5,6,0.06941650062799454,0.06289978325366974,1.4350998401641846
12000,mla_decoupled,moe,456,5,7,0.05796752870082855,0.0551275834441185,1.4350998401641846
12000,mla_decoupled,moe,456,5,8,0.040107421576976776,0.04219645634293556,1.4350998401641846
12000,mla_decoupled,moe,456,5,9,0.0690014660358429,0.06497222185134888,1.4350998401641846
12000,mla_decoupled,moe,456,5,10,0.03229736164212227,0.034242983907461166,1.4350998401641846
12000,mla_decoupled,moe,456,5,11,0.06561889499425888,0.07468578219413757,1.4350998401641846
12000,mla_decoupled,moe,456,5,12,0.04842529445886612,0.0496240109205246,1.4350998401641846
12000,mla_decoupled,moe,456,5,13,0.07795532047748566,0.09378796815872192,1.4350998401641846
12000,mla_decoupled,moe,456,5,14,0.09718017280101776,0.07207838445901871,1.4350998401641846
12000,mla_decoupled,moe,456,5,15,0.020584717392921448,0.02651035785675049,1.4350998401641846
12500,mla_decoupled,moe,456,1,0,0.05839355289936066,0.05429677665233612,2.628103733062744
12500,mla_decoupled,moe,456,1,1,0.06732665747404099,0.05306109040975571,2.628103733062744
12500,mla_decoupled,moe,456,1,2,0.05906982347369194,0.06593653559684753,2.628103733062744
12500,mla_decoupled,moe,456,1,3,0.060664061456918716,0.06496305018663406,2.628103733062744
12500,mla_decoupled,moe,456,1,4,0.05877929553389549,0.06444066017866135,2.628103733062744
12500,mla_decoupled,moe,456,1,5,0.06074462831020355,0.06477143615484238,2.628103733062744
12500,mla_decoupled,moe,456,1,6,0.07854370027780533,0.060610923916101456,2.628103733062744
12500,mla_decoupled,moe,456,1,7,0.0661328136920929,0.06524521112442017,2.628103733062744
12500,mla_decoupled,moe,456,1,8,0.05141235515475273,0.06375487148761749,2.628103733062744
12500,mla_decoupled,moe,456,1,9,0.06448608636856079,0.056567560881376266,2.628103733062744
12500,mla_decoupled,moe,456,1,10,0.06338867545127869,0.06564421951770782,2.628103733062744
12500,mla_decoupled,moe,456,1,11,0.06955810636281967,0.0619291216135025,2.628103733062744
12500,mla_decoupled,moe,456,1,12,0.07158813625574112,0.065084308385849,2.628103733062744
12500,mla_decoupled,moe,456,1,13,0.057731933891773224,0.06626220047473907,2.628103733062744
12500,mla_decoupled,moe,456,1,14,0.05013427883386612,0.06516607105731964,2.628103733062744
12500,mla_decoupled,moe,456,1,15,0.06204589828848839,0.06226597726345062,2.628103733062744
12500,mla_decoupled,moe,456,2,0,0.061732176691293716,0.06317625194787979,2.4984114170074463
12500,mla_decoupled,moe,456,2,1,0.05955566465854645,0.06300463527441025,2.4984114170074463
12500,mla_decoupled,moe,456,2,2,0.06485717743635178,0.05823049694299698,2.4984114170074463
12500,mla_decoupled,moe,456,2,3,0.06358764320611954,0.058770522475242615,2.4984114170074463
12500,mla_decoupled,moe,456,2,4,0.059666749089956284,0.06524921208620071,2.4984114170074463
12500,mla_decoupled,moe,456,2,5,0.05793578922748566,0.06363599002361298,2.4984114170074463
12500,mla_decoupled,moe,456,2,6,0.0628979504108429,0.06123591586947441,2.4984114170074463
12500,mla_decoupled,moe,456,2,7,0.06255859136581421,0.06022317335009575,2.4984114170074463
12500,mla_decoupled,moe,456,2,8,0.06322754174470901,0.06757880002260208,2.4984114170074463
12500,mla_decoupled,moe,456,2,9,0.07505127042531967,0.0626726970076561,2.4984114170074463
12500,mla_decoupled,moe,456,2,10,0.06258788704872131,0.05891165882349014,2.4984114170074463
12500,mla_decoupled,moe,456,2,11,0.05674194172024727,0.05831597000360489,2.4984114170074463
12500,mla_decoupled,moe,456,2,12,0.06318725645542145,0.067176453769207,2.4984114170074463
12500,mla_decoupled,moe,456,2,13,0.06565918028354645,0.06558271497488022,2.4984114170074463
12500,mla_decoupled,moe,456,2,14,0.060966797173023224,0.06341090798377991,2.4984114170074463
12500,mla_decoupled,moe,456,2,15,0.05978637561202049,0.06282463669776917,2.4984114170074463
12500,mla_decoupled,moe,456,3,0,0.08893188834190369,0.07832314819097519,1.6394741535186768
12500,mla_decoupled,moe,456,3,1,0.04866943508386612,0.05384771525859833,1.6394741535186768
12500,mla_decoupled,moe,456,3,2,0.05490722507238388,0.055278230458498,1.6394741535186768
12500,mla_decoupled,moe,456,3,3,0.064697265625,0.058668363839387894,1.6394741535186768
12500,mla_decoupled,moe,456,3,4,0.06528197973966599,0.06472992151975632,1.6394741535186768
12500,mla_decoupled,moe,456,3,5,0.04488891735672951,0.05869414284825325,1.6394741535186768
12500,mla_decoupled,moe,456,3,6,0.0646350085735321,0.07182016968727112,1.6394741535186768
12500,mla_decoupled,moe,456,3,7,0.0692736804485321,0.06102077662944794,1.6394741535186768
12500,mla_decoupled,moe,456,3,8,0.05941406264901161,0.05603361502289772,1.6394741535186768
12500,mla_decoupled,moe,456,3,9,0.06440795958042145,0.053241752088069916,1.6394741535186768
12500,mla_decoupled,moe,456,3,10,0.06046142429113388,0.0694550946354866,1.6394741535186768
12500,mla_decoupled,moe,456,3,11,0.08448364585638046,0.072748564183712,1.6394741535186768
12500,mla_decoupled,moe,456,3,12,0.06787719577550888,0.06072453409433365,1.6394741535186768
12500,mla_decoupled,moe,456,3,13,0.051234129816293716,0.056544508785009384,1.6394741535186768
12500,mla_decoupled,moe,456,3,14,0.06266723573207855,0.07249800115823746,1.6394741535186768
12500,mla_decoupled,moe,456,3,15,0.04816894605755806,0.056371450424194336,1.6394741535186768
12500,mla_decoupled,moe,456,4,0,0.06434570252895355,0.07263962924480438,1.2098971605300903
12500,mla_decoupled,moe,456,4,1,0.05076049640774727,0.04579697921872139,1.2098971605300903
12500,mla_decoupled,moe,456,4,2,0.09586181491613388,0.08689498901367188,1.2098971605300903
12500,mla_decoupled,moe,456,4,3,0.053996581584215164,0.05112903565168381,1.2098971605300903
12500,mla_decoupled,moe,456,4,4,0.09213012456893921,0.07936964929103851,1.2098971605300903
12500,mla_decoupled,moe,456,4,5,0.08194457739591599,0.0641307607293129,1.2098971605300903
12500,mla_decoupled,moe,456,4,6,0.05301513522863388,0.06411759555339813,1.2098971605300903
12500,mla_decoupled,moe,456,4,7,0.060759276151657104,0.03859918937087059,1.2098971605300903
12500,mla_decoupled,moe,456,4,8,0.06395141780376434,0.08513297885656357,1.2098971605300903
12500,mla_decoupled,moe,456,4,9,0.026503905653953552,0.027944795787334442,1.2098971605300903
12500,mla_decoupled,moe,456,4,10,0.06599487364292145,0.05982153117656708,1.2098971605300903
12500,mla_decoupled,moe,456,4,11,0.043671876192092896,0.04585800692439079,1.2098971605300903
12500,mla_decoupled,moe,456,4,12,0.08805663883686066,0.10095925629138947,1.2098971605300903
12500,mla_decoupled,moe,456,4,13,0.030784912407398224,0.04656411334872246,1.2098971605300903
12500,mla_decoupled,moe,456,4,14,0.06971924006938934,0.07331012189388275,1.2098971605300903
12500,mla_decoupled,moe,456,4,15,0.058503419160842896,0.05773134157061577,1.2098971605300903
12500,mla_decoupled,moe,456,5,0,0.08845458924770355,0.07942230999469757,1.4348911046981812
12500,mla_decoupled,moe,456,5,1,0.04620361328125,0.040165796875953674,1.4348911046981812
12500,mla_decoupled,moe,456,5,2,0.048198241740465164,0.06083453819155693,1.4348911046981812
12500,mla_decoupled,moe,456,5,3,0.10390380769968033,0.09360235184431076,1.4348911046981812
12500,mla_decoupled,moe,456,5,4,0.06641723960638046,0.07368005067110062,1.4348911046981812
12500,mla_decoupled,moe,456,5,5,0.06610107421875,0.07339534908533096,1.4348911046981812
12500,mla_decoupled,moe,456,5,6,0.07226318120956421,0.0663653165102005,1.4348911046981812
12500,mla_decoupled,moe,456,5,7,0.05569214001297951,0.053672753274440765,1.4348911046981812
12500,mla_decoupled,moe,456,5,8,0.039948731660842896,0.04248667135834694,1.4348911046981812
12500,mla_decoupled,moe,456,5,9,0.07225097715854645,0.06698007881641388,1.4348911046981812
12500,mla_decoupled,moe,456,5,10,0.031069336459040642,0.033014699816703796,1.4348911046981812
12500,mla_decoupled,moe,456,5,11,0.06579834222793579,0.07412935048341751,1.4348911046981812
12500,mla_decoupled,moe,456,5,12,0.047095946967601776,0.04939020797610283,1.4348911046981812
12500,mla_decoupled,moe,456,5,13,0.07686278969049454,0.09222139418125153,1.4348911046981812
12500,mla_decoupled,moe,456,5,14,0.09905395656824112,0.07451289892196655,1.4348911046981812
12500,mla_decoupled,moe,456,5,15,0.020686035975813866,0.026126250624656677,1.4348911046981812
13000,mla_decoupled,moe,456,1,0,0.05392822250723839,0.05391732603311539,2.625514030456543
13000,mla_decoupled,moe,456,1,1,0.05383666977286339,0.052509211003780365,2.625514030456543
13000,mla_decoupled,moe,456,1,2,0.06334716826677322,0.0653345137834549,2.625514030456543
13000,mla_decoupled,moe,456,1,3,0.06410766392946243,0.06581323593854904,2.625514030456543
13000,mla_decoupled,moe,456,1,4,0.07202880829572678,0.06510011851787567,2.625514030456543
13000,mla_decoupled,moe,456,1,5,0.059211425483226776,0.0644727498292923,2.625514030456543
13000,mla_decoupled,moe,456,1,6,0.06998047232627869,0.05937469005584717,2.625514030456543
13000,mla_decoupled,moe,456,1,7,0.06335082650184631,0.0646553784608841,2.625514030456543
13000,mla_decoupled,moe,456,1,8,0.05988159030675888,0.06420280039310455,2.625514030456543
13000,mla_decoupled,moe,456,1,9,0.06294067203998566,0.05638706684112549,2.625514030456543
13000,mla_decoupled,moe,456,1,10,0.0639660656452179,0.06603702902793884,2.625514030456543
13000,mla_decoupled,moe,456,1,11,0.06867187470197678,0.061948202550411224,2.625514030456543
13000,mla_decoupled,moe,456,1,12,0.057532958686351776,0.06378062814474106,2.625514030456543
13000,mla_decoupled,moe,456,1,13,0.06152709946036339,0.067342609167099,2.625514030456543
13000,mla_decoupled,moe,456,1,14,0.05836181715130806,0.06585144251585007,2.625514030456543
13000,mla_decoupled,moe,456,1,15,0.06732665747404099,0.06327301263809204,2.625514030456543
13000,mla_decoupled,moe,456,2,0,0.06234131008386612,0.0632312074303627,2.4915709495544434
13000,mla_decoupled,moe,456,2,1,0.06061645597219467,0.06384726613759995,2.4915709495544434
13000,mla_decoupled,moe,456,2,2,0.061492919921875,0.05702529475092888,2.4915709495544434
13000,mla_decoupled,moe,456,2,3,0.06495483219623566,0.058280959725379944,2.4915709495544434
13000,mla_decoupled,moe,456,2,4,0.05889648571610451,0.06532642990350723,2.4915709495544434
13000,mla_decoupled,moe,456,2,5,0.05837646499276161,0.06367217749357224,2.4915709495544434
13000,mla_decoupled,moe,456,2,6,0.06415282934904099,0.06172369420528412,2.4915709495544434
13000,mla_decoupled,moe,456,2,7,0.058433838188648224,0.05893866717815399,2.4915709495544434
13000,mla_decoupled,moe,456,2,8,0.06162475422024727,0.06727190315723419,2.4915709495544434
13000,mla_decoupled,moe,456,2,9,0.07943237572908401,0.06471794843673706,2.4915709495544434
13000,mla_decoupled,moe,456,2,10,0.0637524425983429,0.05815517529845238,2.4915709495544434
13000,mla_decoupled,moe,456,2,11,0.060496825724840164,0.05998900532722473,2.4915709495544434
13000,mla_decoupled,moe,456,2,12,0.058074951171875,0.06522678583860397,2.4915709495544434
13000,mla_decoupled,moe,456,2,13,0.0648205578327179,0.06528893858194351,2.4915709495544434
13000,mla_decoupled,moe,456,2,14,0.060322266072034836,0.06313066929578781,2.4915709495544434
13000,mla_decoupled,moe,456,2,15,0.06221069395542145,0.06417390704154968,2.4915709495544434
13000,mla_decoupled,moe,456,3,0,0.08683471381664276,0.07815948873758316,1.638267159461975
13000,mla_decoupled,moe,456,3,1,0.048176269978284836,0.05475742742419243,1.638267159461975
13000,mla_decoupled,moe,456,3,2,0.053669434040784836,0.05390764772891998,1.638267159461975
13000,mla_decoupled,moe,456,3,3,0.06509765982627869,0.0594349279999733,1.638267159461975
13000,mla_decoupled,moe,456,3,4,0.06497436761856079,0.06350526958703995,1.638267159461975
13000,mla_decoupled,moe,456,3,5,0.04571289196610451,0.059008289128541946,1.638267159461975
13000,mla_decoupled,moe,456,3,6,0.06547485291957855,0.07310117036104202,1.638267159461975
13000,mla_decoupled,moe,456,3,7,0.07049193978309631,0.061249714344739914,1.638267159461975
13000,mla_decoupled,moe,456,3,8,0.05751342698931694,0.05439936742186546,1.638267159461975
13000,mla_decoupled,moe,456,3,9,0.06707519292831421,0.055677175521850586,1.638267159461975
13000,mla_decoupled,moe,456,3,10,0.06111206114292145,0.0695410743355751,1.638267159461975
13000,mla_decoupled,moe,456,3,11,0.08729247748851776,0.07378840446472168,1.638267159461975
13000,mla_decoupled,moe,456,3,12,0.06277099251747131,0.05601709336042404,1.638267159461975
13000,mla_decoupled,moe,456,3,13,0.051788330078125,0.05671112984418869,1.638267159461975
13000,mla_decoupled,moe,456,3,14,0.06290649622678757,0.0720098614692688,1.638267159461975
13000,mla_decoupled,moe,456,3,15,0.04910888522863388,0.05873195827007294,1.638267159461975
13000,mla_decoupled,moe,456,4,0,0.06301635503768921,0.07053578644990921,1.2010116577148438
13000,mla_decoupled,moe,456,4,1,0.05232543870806694,0.04670838266611099,1.2010116577148438
13000,mla_decoupled,moe,456,4,2,0.0964672863483429,0.0858115702867508,1.2010116577148438
13000,mla_decoupled,moe,456,4,3,0.05418945476412773,0.05098085477948189,1.2010116577148438
13000,mla_decoupled,moe,456,4,4,0.09058471769094467,0.07917138189077377,1.2010116577148438
13000,mla_decoupled,moe,456,4,5,0.08359252661466599,0.06669296324253082,1.2010116577148438
13000,mla_decoupled,moe,456,4,6,0.05241943523287773,0.06320281326770782,1.2010116577148438
13000,mla_decoupled,moe,456,4,7,0.05866821110248566,0.038618508726358414,1.2010116577148438
13000,mla_decoupled,moe,456,4,8,0.06443725526332855,0.08592377603054047,1.2010116577148438
13000,mla_decoupled,moe,456,4,9,0.027489013969898224,0.029604632407426834,1.2010116577148438
13000,mla_decoupled,moe,456,4,10,0.06605224311351776,0.05985506996512413,1.2010116577148438
13000,mla_decoupled,moe,456,4,11,0.04412841796875,0.045938026160001755,1.2010116577148438
13000,mla_decoupled,moe,456,4,12,0.09040527045726776,0.10407774895429611,1.2010116577148438
13000,mla_decoupled,moe,456,4,13,0.030382080003619194,0.045402832329273224,1.2010116577148438
13000,mla_decoupled,moe,456,4,14,0.06756347417831421,0.07021625339984894,1.2010116577148438
13000,mla_decoupled,moe,456,4,15,0.05827881023287773,0.05725937709212303,1.2010116577148438
13000,mla_decoupled,moe,456,5,0,0.08822998404502869,0.07922828942537308,1.4265289306640625
13000,mla_decoupled,moe,456,5,1,0.04890258610248566,0.042018767446279526,1.4265289306640625
13000,mla_decoupled,moe,456,5,2,0.04758300632238388,0.05951480567455292,1.4265289306640625
13000,mla_decoupled,moe,456,5,3,0.10281616449356079,0.09325651824474335,1.4265289306640625
13000,mla_decoupled,moe,456,5,4,0.06507812440395355,0.07265467941761017,1.4265289306640625
13000,mla_decoupled,moe,456,5,5,0.06534790247678757,0.07339251786470413,1.4265289306640625
13000,mla_decoupled,moe,456,5,6,0.0718090832233429,0.06604821979999542,1.4265289306640625
13000,mla_decoupled,moe,456,5,7,0.057258300483226776,0.056102048605680466,1.4265289306640625
13000,mla_decoupled,moe,456,5,8,0.03970703110098839,0.04131645709276199,1.4265289306640625
13000,mla_decoupled,moe,456,5,9,0.07070434838533401,0.06658904999494553,1.4265289306640625
13000,mla_decoupled,moe,456,5,10,0.031586915254592896,0.033435288816690445,1.4265289306640625
13000,mla_decoupled,moe,456,5,11,0.06456420570611954,0.07273156195878983,1.4265289306640625
13000,mla_decoupled,moe,456,5,12,0.04748901352286339,0.04959545657038689,1.4265289306640625
13000,mla_decoupled,moe,456,5,13,0.07884643226861954,0.0939856618642807,1.4265289306640625
13000,mla_decoupled,moe,456,5,14,0.09908203035593033,0.07376213371753693,1.4265289306640625
13000,mla_decoupled,moe,456,5,15,0.020994873717427254,0.026368534192442894,1.4265289306640625
13500,mla_decoupled,moe,456,1,0,0.055878907442092896,0.05344606563448906,2.622188091278076
13500,mla_decoupled,moe,456,1,1,0.05895141512155533,0.05197892338037491,2.622188091278076
13500,mla_decoupled,moe,456,1,2,0.06688965111970901,0.06644755601882935,2.622188091278076
13500,mla_decoupled,moe,456,1,3,0.06037841737270355,0.0650988221168518,2.622188091278076
13500,mla_decoupled,moe,456,1,4,0.06241821125149727,0.06417129188776016,2.622188091278076
13500,mla_decoupled,moe,456,1,5,0.06315063685178757,0.0660661831498146,2.622188091278076
13500,mla_decoupled,moe,456,1,6,0.06338012963533401,0.058152299374341965,2.622188091278076
13500,mla_decoupled,moe,456,1,7,0.06567993015050888,0.06520607322454453,2.622188091278076
13500,mla_decoupled,moe,456,1,8,0.06203369051218033,0.06473245471715927,2.622188091278076
13500,mla_decoupled,moe,456,1,9,0.06617065519094467,0.056852634996175766,2.622188091278076
13500,mla_decoupled,moe,456,1,10,0.062199708074331284,0.06555625796318054,2.622188091278076
13500,mla_decoupled,moe,456,1,11,0.0675061047077179,0.061708398163318634,2.622188091278076
13500,mla_decoupled,moe,456,1,12,0.05903686583042145,0.06409942358732224,2.622188091278076
13500,mla_decoupled,moe,456,1,13,0.06047607585787773,0.06710391491651535,2.622188091278076
13500,mla_decoupled,moe,456,1,14,0.058997802436351776,0.0661117285490036,2.622188091278076
13500,mla_decoupled,moe,456,1,15,0.06685180962085724,0.06326797604560852,2.622188091278076
13500,mla_decoupled,moe,456,2,0,0.06499633938074112,0.06400947272777557,2.4843411445617676
13500,mla_decoupled,moe,456,2,1,0.059813231229782104,0.06413984298706055,2.4843411445617676
13500,mla_decoupled,moe,456,2,2,0.06349121034145355,0.0578535757958889,2.4843411445617676
13500,mla_decoupled,moe,456,2,3,0.060728758573532104,0.05780334398150444,2.4843411445617676
13500,mla_decoupled,moe,456,2,4,0.06043823063373566,0.0663481056690216,2.4843411445617676
13500,mla_decoupled,moe,456,2,5,0.05890258774161339,0.06391391903162003,2.4843411445617676
13500,mla_decoupled,moe,456,2,6,0.0688793957233429,0.06365957111120224,2.4843411445617676
13500,mla_decoupled,moe,456,2,7,0.06057495251297951,0.05919398367404938,2.4843411445617676
13500,mla_decoupled,moe,456,2,8,0.06231445446610451,0.06760832667350769,2.4843411445617676
13500,mla_decoupled,moe,456,2,9,0.07039917260408401,0.061206575483083725,2.4843411445617676
13500,mla_decoupled,moe,456,2,10,0.06821899116039276,0.05818257853388786,2.4843411445617676
13500,mla_decoupled,moe,456,2,11,0.06219116225838661,0.060448259115219116,2.4843411445617676
13500,mla_decoupled,moe,456,2,12,0.05606689304113388,0.0654604360461235,2.4843411445617676
13500,mla_decoupled,moe,456,2,13,0.06546752899885178,0.0652913749217987,2.4843411445617676
13500,mla_decoupled,moe,456,2,14,0.05817016586661339,0.06206464394927025,2.4843411445617676
13500,mla_decoupled,moe,456,2,15,0.05934692546725273,0.06281597912311554,2.4843411445617676
13500,mla_decoupled,moe,456,3,0,0.08353393524885178,0.07454394549131393,1.6405657529830933
13500,mla_decoupled,moe,456,3,1,0.049287110567092896,0.05498655140399933,1.6405657529830933
13500,mla_decoupled,moe,456,3,2,0.05266479402780533,0.05338726192712784,1.6405657529830933
13500,mla_decoupled,moe,456,3,3,0.06841674447059631,0.06184760108590126,1.6405657529830933
13500,mla_decoupled,moe,456,3,4,0.0659777820110321,0.06514229625463486,1.6405657529830933
13500,mla_decoupled,moe,456,3,5,0.046611327677965164,0.059552788734436035,1.6405657529830933
13500,mla_decoupled,moe,456,3,6,0.06521973013877869,0.0728355422616005,1.6405657529830933
13500,mla_decoupled,moe,456,3,7,0.07188964635133743,0.06328868120908737,1.6405657529830933
13500,mla_decoupled,moe,456,3,8,0.05973754823207855,0.05569901317358017,1.6405657529830933
13500,mla_decoupled,moe,456,3,9,0.06482788175344467,0.05386780574917793,1.6405657529830933
13500,mla_decoupled,moe,456,3,10,0.059284668415784836,0.0686093121767044,1.6405657529830933
13500,mla_decoupled,moe,456,3,11,0.08782348781824112,0.07397279888391495,1.6405657529830933
13500,mla_decoupled,moe,456,3,12,0.06322997808456421,0.05632779747247696,1.6405657529830933
13500,mla_decoupled,moe,456,3,13,0.05108398571610451,0.05660588666796684,1.6405657529830933
13500,mla_decoupled,moe,456,3,14,0.06339111179113388,0.07259705662727356,1.6405657529830933
13500,mla_decoupled,moe,456,3,15,0.047020263969898224,0.05673566460609436,1.6405657529830933
13500,mla_decoupled,moe,456,4,0,0.06297118961811066,0.07029596716165543,1.2137736082077026
13500,mla_decoupled,moe,456,4,1,0.05222900211811066,0.04667314887046814,1.2137736082077026
13500,mla_decoupled,moe,456,4,2,0.09631835669279099,0.08614526689052582,1.2137736082077026
13500,mla_decoupled,moe,456,4,3,0.05311279371380806,0.05004001036286354,1.2137736082077026
13500,mla_decoupled,moe,456,4,4,0.08976562321186066,0.07849720120429993,1.2137736082077026
13500,mla_decoupled,moe,456,4,5,0.08134765923023224,0.0647103488445282,1.2137736082077026
13500,mla_decoupled,moe,456,4,6,0.053901366889476776,0.06488612294197083,1.2137736082077026
13500,mla_decoupled,moe,456,4,7,0.061015624552965164,0.04010126739740372,1.2137736082077026
13500,mla_decoupled,moe,456,4,8,0.06345092505216599,0.08434543758630753,1.2137736082077026
13500,mla_decoupled,moe,456,4,9,0.028513183817267418,0.03002762980759144,1.2137736082077026
13500,mla_decoupled,moe,456,4,10,0.06515990942716599,0.059763722121715546,1.2137736082077026
13500,mla_decoupled,moe,456,4,11,0.04338989406824112,0.04525821655988693,1.2137736082077026
13500,mla_decoupled,moe,456,4,12,0.0886523425579071,0.10240666568279266,1.2137736082077026
13500,mla_decoupled,moe,456,4,13,0.03053588792681694,0.04675730690360069,1.2137736082077026
13500,mla_decoupled,moe,456,4,14,0.0678698718547821,0.0702936053276062,1.2137736082077026
13500,mla_decoupled,moe,456,4,15,0.061766356229782104,0.059798091650009155,1.2137736082077026
13500,mla_decoupled,moe,456,5,0,0.08925049006938934,0.08025883883237839,1.439683437347412
13500,mla_decoupled,moe,456,5,1,0.04982665926218033,0.04355529323220253,1.439683437347412
13500,mla_decoupled,moe,456,5,2,0.04856933653354645,0.06071775406599045,1.439683437347412
13500,mla_decoupled,moe,456,5,3,0.1018054187297821,0.09210231900215149,1.439683437347412
13500,mla_decoupled,moe,456,5,4,0.06575561314821243,0.07346956431865692,1.439683437347412
13500,mla_decoupled,moe,456,5,5,0.06528320163488388,0.07271622866392136,1.439683437347412
13500,mla_decoupled,moe,456,5,6,0.0701916515827179,0.0645366683602333,1.439683437347412
13500,mla_decoupled,moe,456,5,7,0.05488525331020355,0.053079888224601746,1.439683437347412
13500,mla_decoupled,moe,456,5,8,0.04001098498702049,0.04114173352718353,1.439683437347412
13500,mla_decoupled,moe,456,5,9,0.06987060606479645,0.06581577658653259,1.439683437347412
13500,mla_decoupled,moe,456,5,10,0.031666260212659836,0.03406727686524391,1.439683437347412
13500,mla_decoupled,moe,456,5,11,0.06420531868934631,0.07315231114625931,1.439683437347412
13500,mla_decoupled,moe,456,5,12,0.04643554612994194,0.04866836965084076,1.439683437347412
13500,mla_decoupled,moe,456,5,13,0.07845824956893921,0.09359055757522583,1.439683437347412
13500,mla_decoupled,moe,456,5,14,0.10101806372404099,0.07586356997489929,1.439683437347412
13500,mla_decoupled,moe,456,5,15,0.022767333313822746,0.027263838797807693,1.439683437347412
14000,mla_decoupled,moe,456,1,0,0.05616943538188934,0.05321243405342102,2.620776653289795
14000,mla_decoupled,moe,456,1,1,0.06731323152780533,0.05216389149427414,2.620776653289795
14000,mla_decoupled,moe,456,1,2,0.058833006769418716,0.06608185917139053,2.620776653289795
14000,mla_decoupled,moe,456,1,3,0.06006713956594467,0.06559735536575317,2.620776653289795
14000,mla_decoupled,moe,456,1,4,0.06515136361122131,0.06489520519971848,2.620776653289795
14000,mla_decoupled,moe,456,1,5,0.057880859822034836,0.06578688323497772,2.620776653289795
14000,mla_decoupled,moe,456,1,6,0.06456542760133743,0.05846673995256424,2.620776653289795
14000,mla_decoupled,moe,456,1,7,0.06499633938074112,0.06539259105920792,2.620776653289795
14000,mla_decoupled,moe,456,1,8,0.06369506567716599,0.06491175293922424,2.620776653289795
14000,mla_decoupled,moe,456,1,9,0.06666748225688934,0.05691981315612793,2.620776653289795
14000,mla_decoupled,moe,456,1,10,0.06099609285593033,0.0648265928030014,2.620776653289795
14000,mla_decoupled,moe,456,1,11,0.06834472715854645,0.061716049909591675,2.620776653289795
14000,mla_decoupled,moe,456,1,12,0.06437744200229645,0.0652785524725914,2.620776653289795
14000,mla_decoupled,moe,456,1,13,0.05865722522139549,0.06646811217069626,2.620776653289795
14000,mla_decoupled,moe,456,1,14,0.05765746906399727,0.06525348126888275,2.620776653289795
14000,mla_decoupled,moe,456,1,15,0.06462768465280533,0.06302863359451294,2.620776653289795
14000,mla_decoupled,moe,456,2,0,0.062431640923023224,0.06319226324558258,2.478132724761963
14000,mla_decoupled,moe,456,2,1,0.06114257872104645,0.06414896249771118,2.478132724761963
14000,mla_decoupled,moe,456,2,2,0.06285522133111954,0.05733238160610199,2.478132724761963
14000,mla_decoupled,moe,456,2,3,0.06706786900758743,0.05949385091662407,2.478132724761963
14000,mla_decoupled,moe,456,2,4,0.05994628742337227,0.06608612835407257,2.478132724761963
14000,mla_decoupled,moe,456,2,5,0.05767822265625,0.06378686428070068,2.478132724761963
14000,mla_decoupled,moe,456,2,6,0.06367553770542145,0.061688248068094254,2.478132724761963
14000,mla_decoupled,moe,456,2,7,0.058253172785043716,0.0588042214512825,2.478132724761963
14000,mla_decoupled,moe,456,2,8,0.06370117515325546,0.06831469386816025,2.478132724761963
14000,mla_decoupled,moe,456,2,9,0.07066528499126434,0.06167396530508995,2.478132724761963
14000,mla_decoupled,moe,456,2,10,0.06911987066268921,0.05805903300642967,2.478132724761963
14000,mla_decoupled,moe,456,2,11,0.06219482421875,0.060661956667900085,2.478132724761963
14000,mla_decoupled,moe,456,2,12,0.055683594197034836,0.06570260226726532,2.478132724761963
14000,mla_decoupled,moe,456,2,13,0.06741577386856079,0.06630674749612808,2.478132724761963
14000,mla_decoupled,moe,456,2,14,0.05948119983077049,0.06203567981719971,2.478132724761963
14000,mla_decoupled,moe,456,2,15,0.05868774279952049,0.06271238625049591,2.478132724761963
14000,mla_decoupled,moe,456,3,0,0.08589965850114822,0.07662160694599152,1.6416387557983398
14000,mla_decoupled,moe,456,3,1,0.048829346895217896,0.05447443947196007,1.6416387557983398
14000,mla_decoupled,moe,456,3,2,0.05137817561626434,0.052505973726511,1.6416387557983398
14000,mla_decoupled,moe,456,3,3,0.06616698950529099,0.060275983065366745,1.6416387557983398
14000,mla_decoupled,moe,456,3,4,0.06504760682582855,0.0644845962524414,1.6416387557983398
14000,mla_decoupled,moe,456,3,5,0.04555053636431694,0.05922307074069977,1.6416387557983398
14000,mla_decoupled,moe,456,3,6,0.06425414979457855,0.07130349427461624,1.6416387557983398
14000,mla_decoupled,moe,456,3,7,0.07187134027481079,0.06296155601739883,1.6416387557983398
14000,mla_decoupled,moe,456,3,8,0.059473875910043716,0.055510278791189194,1.6416387557983398
14000,mla_decoupled,moe,456,3,9,0.06574828922748566,0.054008081555366516,1.6416387557983398
14000,mla_decoupled,moe,456,3,10,0.05945434421300888,0.06895727664232254,1.6416387557983398
14000,mla_decoupled,moe,456,3,11,0.08705932646989822,0.07293301075696945,1.6416387557983398
14000,mla_decoupled,moe,456,3,12,0.06517577916383743,0.05817791074514389,1.6416387557983398
14000,mla_decoupled,moe,456,3,13,0.05092773586511612,0.055895425379276276,1.6416387557983398
14000,mla_decoupled,moe,456,3,14,0.06375854462385178,0.07373576611280441,1.6416387557983398
14000,mla_decoupled,moe,456,3,15,0.04940429702401161,0.058931559324264526,1.6416387557983398
14000,mla_decoupled,moe,456,4,0,0.06282226741313934,0.07083307206630707,1.2090399265289307
14000,mla_decoupled,moe,456,4,1,0.05378906428813934,0.04783366993069649,1.2090399265289307
14000,mla_decoupled,moe,456,4,2,0.09679199010133743,0.08662860095500946,1.2090399265289307
14000,mla_decoupled,moe,456,4,3,0.05388549715280533,0.051244258880615234,1.2090399265289307
14000,mla_decoupled,moe,456,4,4,0.0905444324016571,0.07895851880311966,1.2090399265289307
14000,mla_decoupled,moe,456,4,5,0.08131957799196243,0.06314470618963242,1.2090399265289307
14000,mla_decoupled,moe,456,4,6,0.053099364042282104,0.06456322968006134,1.2090399265289307
14000,mla_decoupled,moe,456,4,7,0.06157104671001434,0.039773330092430115,1.2090399265289307
14000,mla_decoupled,moe,456,4,8,0.06388061493635178,0.0859554186463356,1.2090399265289307
14000,mla_decoupled,moe,456,4,9,0.028168944641947746,0.0312429741024971,1.2090399265289307
14000,mla_decoupled,moe,456,4,10,0.06486205756664276,0.05917312949895859,1.2090399265289307
14000,mla_decoupled,moe,456,4,11,0.042811278253793716,0.04510293900966644,1.2090399265289307
14000,mla_decoupled,moe,456,4,12,0.0888073742389679,0.10193648189306259,1.2090399265289307
14000,mla_decoupled,moe,456,4,13,0.029541015625,0.04523330554366112,1.2090399265289307
14000,mla_decoupled,moe,456,4,14,0.06849609315395355,0.07083423435688019,1.2090399265289307
14000,mla_decoupled,moe,456,4,15,0.05960937589406967,0.05754216015338898,1.2090399265289307
14000,mla_decoupled,moe,456,5,0,0.08765258640050888,0.07857245951890945,1.435496211051941
14000,mla_decoupled,moe,456,5,1,0.049781493842601776,0.04268479719758034,1.435496211051941
14000,mla_decoupled,moe,456,5,2,0.04826171696186066,0.06029285490512848,1.435496211051941
14000,mla_decoupled,moe,456,5,3,0.10223755240440369,0.09184108674526215,1.435496211051941
14000,mla_decoupled,moe,456,5,4,0.06553100794553757,0.07363011687994003,1.435496211051941
14000,mla_decoupled,moe,456,5,5,0.064300537109375,0.07164577394723892,1.435496211051941
14000,mla_decoupled,moe,456,5,6,0.07031982392072678,0.0645308718085289,1.435496211051941
14000,mla_decoupled,moe,456,5,7,0.05483764782547951,0.054074205458164215,1.435496211051941
14000,mla_decoupled,moe,456,5,8,0.040581054985523224,0.041175179183483124,1.435496211051941
14000,mla_decoupled,moe,456,5,9,0.06828247010707855,0.06519878655672073,1.435496211051941
14000,mla_decoupled,moe,456,5,10,0.031391602009534836,0.03395428508520126,1.435496211051941
14000,mla_decoupled,moe,456,5,11,0.06577392667531967,0.07427370548248291,1.435496211051941
14000,mla_decoupled,moe,456,5,12,0.04862914979457855,0.050895072519779205,1.435496211051941
14000,mla_decoupled,moe,456,5,13,0.0784008800983429,0.09255731850862503,1.435496211051941
14000,mla_decoupled,moe,456,5,14,0.10122925043106079,0.07659108191728592,1.435496211051941
14000,mla_decoupled,moe,456,5,15,0.022789306938648224,0.028082389384508133,1.435496211051941
14500,mla_decoupled,moe,456,1,0,0.060114745050668716,0.052772603929042816,2.617932081222534
14500,mla_decoupled,moe,456,1,1,0.06591552495956421,0.05191826447844505,2.617932081222534
14500,mla_decoupled,moe,456,1,2,0.05992797762155533,0.06613277643918991,2.617932081222534
14500,mla_decoupled,moe,456,1,3,0.06069336086511612,0.06568636000156403,2.617932081222534
14500,mla_decoupled,moe,456,1,4,0.06493774056434631,0.06455357372760773,2.617932081222534
14500,mla_decoupled,moe,456,1,5,0.060374755412340164,0.06620702892541885,2.617932081222534
14500,mla_decoupled,moe,456,1,6,0.070343017578125,0.05969245359301567,2.617932081222534
14500,mla_decoupled,moe,456,1,7,0.06304931640625,0.0646204948425293,2.617932081222534
14500,mla_decoupled,moe,456,1,8,0.058344725519418716,0.06402735412120819,2.617932081222534
14500,mla_decoupled,moe,456,1,9,0.06861816346645355,0.05750839784741402,2.617932081222534
14500,mla_decoupled,moe,456,1,10,0.06137451156973839,0.06550944596529007,2.617932081222534
14500,mla_decoupled,moe,456,1,11,0.06746581941843033,0.06187054514884949,2.617932081222534
14500,mla_decoupled,moe,456,1,12,0.064453125,0.06551052629947662,2.617932081222534
14500,mla_decoupled,moe,456,1,13,0.05557494983077049,0.06601383537054062,2.617932081222534
14500,mla_decoupled,moe,456,1,14,0.056376952677965164,0.06563468277454376,2.617932081222534
14500,mla_decoupled,moe,456,1,15,0.06243530288338661,0.06234166771173477,2.617932081222534
14500,mla_decoupled,moe,456,2,0,0.062083739787340164,0.0627627819776535,2.471430778503418
14500,mla_decoupled,moe,456,2,1,0.06288696080446243,0.06541414558887482,2.471430778503418
14500,mla_decoupled,moe,456,2,2,0.06175170838832855,0.056776560842990875,2.471430778503418
14500,mla_decoupled,moe,456,2,3,0.06803467124700546,0.05985989049077034,2.471430778503418
14500,mla_decoupled,moe,456,2,4,0.059965819120407104,0.06622996181249619,2.471430778503418
14500,mla_decoupled,moe,456,2,5,0.05759277194738388,0.06371809542179108,2.471430778503418
14500,mla_decoupled,moe,456,2,6,0.06282104551792145,0.06156932935118675,2.471430778503418
14500,mla_decoupled,moe,456,2,7,0.054322510957717896,0.05779160186648369,2.471430778503418
14500,mla_decoupled,moe,456,2,8,0.059608153998851776,0.06634631007909775,2.471430778503418
14500,mla_decoupled,moe,456,2,9,0.07266845554113388,0.06276413053274155,2.471430778503418
14500,mla_decoupled,moe,456,2,10,0.07649414241313934,0.05978436395525932,2.471430778503418
14500,mla_decoupled,moe,456,2,11,0.06010253727436066,0.0594182051718235,2.471430778503418
14500,mla_decoupled,moe,456,2,12,0.05489257723093033,0.0654853880405426,2.471430778503418
14500,mla_decoupled,moe,456,2,13,0.06569457799196243,0.06559941917657852,2.471430778503418
14500,mla_decoupled,moe,456,2,14,0.06145263835787773,0.06333595514297485,2.471430778503418
14500,mla_decoupled,moe,456,2,15,0.05962768569588661,0.06314387917518616,2.471430778503418
14500,mla_decoupled,moe,456,3,0,0.08757568150758743,0.0779976025223732,1.641074538230896
14500,mla_decoupled,moe,456,3,1,0.04847534000873566,0.05525568500161171,1.641074538230896
14500,mla_decoupled,moe,456,3,2,0.052642822265625,0.05289009213447571,1.641074538230896
14500,mla_decoupled,moe,456,3,3,0.06544555723667145,0.06031413376331329,1.641074538230896
14500,mla_decoupled,moe,456,3,4,0.06639282405376434,0.06590250134468079,1.641074538230896
14500,mla_decoupled,moe,456,3,5,0.045012205839157104,0.05820716917514801,1.641074538230896
14500,mla_decoupled,moe,456,3,6,0.06442993134260178,0.07090076059103012,1.641074538230896
14500,mla_decoupled,moe,456,3,7,0.07159057259559631,0.06224775314331055,1.641074538230896
14500,mla_decoupled,moe,456,3,8,0.05777953937649727,0.05449116602540016,1.641074538230896
14500,mla_decoupled,moe,456,3,9,0.06570678949356079,0.054222509264945984,1.641074538230896
14500,mla_decoupled,moe,456,3,10,0.059599608182907104,0.07010415196418762,1.641074538230896
14500,mla_decoupled,moe,456,3,11,0.08685912936925888,0.07318894565105438,1.641074538230896
14500,mla_decoupled,moe,456,3,12,0.06669922173023224,0.05985541641712189,1.641074538230896
14500,mla_decoupled,moe,456,3,13,0.04841797053813934,0.05379687249660492,1.641074538230896
14500,mla_decoupled,moe,456,3,14,0.0630505383014679,0.07225296646356583,1.641074538230896
14500,mla_decoupled,moe,456,3,15,0.050322264432907104,0.05837230756878853,1.641074538230896
14500,mla_decoupled,moe,456,4,0,0.06394287198781967,0.07223155349493027,1.2155346870422363
14500,mla_decoupled,moe,456,4,1,0.052409667521715164,0.047478560358285904,1.2155346870422363
14500,mla_decoupled,moe,456,4,2,0.09665649384260178,0.08664705604314804,1.2155346870422363
14500,mla_decoupled,moe,456,4,3,0.05379394441843033,0.05034657567739487,1.2155346870422363
14500,mla_decoupled,moe,456,4,4,0.09124023467302322,0.07930663228034973,1.2155346870422363
14500,mla_decoupled,moe,456,4,5,0.08119995146989822,0.06395483016967773,1.2155346870422363
14500,mla_decoupled,moe,456,4,6,0.05220092833042145,0.06329908221960068,1.2155346870422363
14500,mla_decoupled,moe,456,4,7,0.06126342713832855,0.039513424038887024,1.2155346870422363
14500,mla_decoupled,moe,456,4,8,0.06446777284145355,0.08601351827383041,1.2155346870422363
14500,mla_decoupled,moe,456,4,9,0.028261719271540642,0.03017452545464039,1.2155346870422363
14500,mla_decoupled,moe,456,4,10,0.06541381776332855,0.060520466417074203,1.2155346870422363
14500,mla_decoupled,moe,456,4,11,0.042762450873851776,0.0447559654712677,1.2155346870422363
14500,mla_decoupled,moe,456,4,12,0.08830077946186066,0.1005392074584961,1.2155346870422363
14500,mla_decoupled,moe,456,4,13,0.029567871242761612,0.0451841726899147,1.2155346870422363
14500,mla_decoupled,moe,456,4,14,0.06849487125873566,0.0711500495672226,1.2155346870422363
14500,mla_decoupled,moe,456,4,15,0.060023192316293716,0.05888434872031212,1.2155346870422363
14500,mla_decoupled,moe,456,5,0,0.08765868842601776,0.07816435396671295,1.4296777248382568
14500,mla_decoupled,moe,456,5,1,0.04835815355181694,0.04213891178369522,1.4296777248382568
14500,mla_decoupled,moe,456,5,2,0.048103027045726776,0.060133546590805054,1.4296777248382568
14500,mla_decoupled,moe,456,5,3,0.102874755859375,0.09273774176836014,1.4296777248382568
14500,mla_decoupled,moe,456,5,4,0.06351562589406967,0.07090957462787628,1.4296777248382568
14500,mla_decoupled,moe,456,5,5,0.06483398377895355,0.07233498990535736,1.4296777248382568
14500,mla_decoupled,moe,456,5,6,0.07087768614292145,0.06504547595977783,1.4296777248382568
14500,mla_decoupled,moe,456,5,7,0.05630126968026161,0.054573532193899155,1.4296777248382568
14500,mla_decoupled,moe,456,5,8,0.03886963054537773,0.04095172509551048,1.4296777248382568
14500,mla_decoupled,moe,456,5,9,0.07088378816843033,0.06698917597532272,1.4296777248382568
14500,mla_decoupled,moe,456,5,10,0.03414550796151161,0.03619096055626869,1.4296777248382568
14500,mla_decoupled,moe,456,5,11,0.06618896126747131,0.07517408579587936,1.4296777248382568
14500,mla_decoupled,moe,456,5,12,0.04746825993061066,0.049850497394800186,1.4296777248382568
14500,mla_decoupled,moe,456,5,13,0.07642821967601776,0.09177763015031815,1.4296777248382568
14500,mla_decoupled,moe,456,5,14,0.09971679747104645,0.07457989454269409,1.4296777248382568
14500,mla_decoupled,moe,456,5,15,0.023775635287165642,0.028447909280657768,1.4296777248382568
15000,mla_decoupled,moe,456,1,0,0.05977050960063934,0.05244043469429016,2.616342544555664
15000,mla_decoupled,moe,456,1,1,0.07567138969898224,0.05274750292301178,2.616342544555664
15000,mla_decoupled,moe,456,1,2,0.06299072504043579,0.06659084558486938,2.616342544555664
15000,mla_decoupled,moe,456,1,3,0.060496825724840164,0.06562425941228867,2.616342544555664
15000,mla_decoupled,moe,456,1,4,0.06260254234075546,0.0646764263510704,2.616342544555664
15000,mla_decoupled,moe,456,1,5,0.05938354507088661,0.0666193887591362,2.616342544555664
15000,mla_decoupled,moe,456,1,6,0.061604004353284836,0.05797380581498146,2.616342544555664
15000,mla_decoupled,moe,456,1,7,0.06141723692417145,0.06432902067899704,2.616342544555664
15000,mla_decoupled,moe,456,1,8,0.051844481378793716,0.06363634765148163,2.616342544555664
15000,mla_decoupled,moe,456,1,9,0.06896240264177322,0.0571710430085659,2.616342544555664
15000,mla_decoupled,moe,456,1,10,0.06167358532547951,0.06579608470201492,2.616342544555664
15000,mla_decoupled,moe,456,1,11,0.06922607123851776,0.06205970421433449,2.616342544555664
15000,mla_decoupled,moe,456,1,12,0.07078613340854645,0.06555298715829849,2.616342544555664
15000,mla_decoupled,moe,456,1,13,0.059254150837659836,0.06694710999727249,2.616342544555664
15000,mla_decoupled,moe,456,1,14,0.05234374850988388,0.06509540230035782,2.616342544555664
15000,mla_decoupled,moe,456,1,15,0.06197265535593033,0.06273961812257767,2.616342544555664
15000,mla_decoupled,moe,456,2,0,0.06000610440969467,0.06265731155872345,2.4682352542877197
15000,mla_decoupled,moe,456,2,1,0.06001342833042145,0.06493815779685974,2.4682352542877197
15000,mla_decoupled,moe,456,2,2,0.06023925915360451,0.05641613528132439,2.4682352542877197
15000,mla_decoupled,moe,456,2,3,0.06489136070013046,0.05901048704981804,2.4682352542877197
15000,mla_decoupled,moe,456,2,4,0.059080809354782104,0.06585104763507843,2.4682352542877197
15000,mla_decoupled,moe,456,2,5,0.05698242038488388,0.06345286220312119,2.4682352542877197
15000,mla_decoupled,moe,456,2,6,0.0664074718952179,0.06317800283432007,2.4682352542877197
15000,mla_decoupled,moe,456,2,7,0.06572265923023224,0.0595075748860836,2.4682352542877197
15000,mla_decoupled,moe,456,2,8,0.05985839664936066,0.06654751300811768,2.4682352542877197
15000,mla_decoupled,moe,456,2,9,0.0697924792766571,0.06158452481031418,2.4682352542877197
15000,mla_decoupled,moe,456,2,10,0.07348877191543579,0.05949607491493225,2.4682352542877197
15000,mla_decoupled,moe,456,2,11,0.058552246540784836,0.05920511111617088,2.4682352542877197
15000,mla_decoupled,moe,456,2,12,0.056733399629592896,0.06599124521017075,2.4682352542877197
15000,mla_decoupled,moe,456,2,13,0.06449951231479645,0.06519564986228943,2.4682352542877197
15000,mla_decoupled,moe,456,2,14,0.059931639581918716,0.06274650990962982,2.4682352542877197
15000,mla_decoupled,moe,456,2,15,0.06380005180835724,0.06422174721956253,2.4682352542877197
15000,mla_decoupled,moe,456,3,0,0.08756592124700546,0.07739101350307465,1.6364586353302002
15000,mla_decoupled,moe,456,3,1,0.04846801608800888,0.05474443361163139,1.6364586353302002
15000,mla_decoupled,moe,456,3,2,0.05289062485098839,0.05368975177407265,1.6364586353302002
15000,mla_decoupled,moe,456,3,3,0.06751830875873566,0.061058636754751205,1.6364586353302002
15000,mla_decoupled,moe,456,3,4,0.06553710997104645,0.06556632369756699,1.6364586353302002
15000,mla_decoupled,moe,456,3,5,0.04562011733651161,0.05896487087011337,1.6364586353302002
15000,mla_decoupled,moe,456,3,6,0.06546630710363388,0.07302886247634888,1.6364586353302002
15000,mla_decoupled,moe,456,3,7,0.07099853456020355,0.06191850081086159,1.6364586353302002
15000,mla_decoupled,moe,456,3,8,0.05410400405526161,0.051897019147872925,1.6364586353302002
15000,mla_decoupled,moe,456,3,9,0.06727539002895355,0.0555868037045002,1.6364586353302002
15000,mla_decoupled,moe,456,3,10,0.059168700128793716,0.06832242757081985,1.6364586353302002
15000,mla_decoupled,moe,456,3,11,0.08748657256364822,0.0735233798623085,1.6364586353302002
15000,mla_decoupled,moe,456,3,12,0.06546387076377869,0.058363091200590134,1.6364586353302002
15000,mla_decoupled,moe,456,3,13,0.04960571229457855,0.054742299020290375,1.6364586353302002
15000,mla_decoupled,moe,456,3,14,0.06307128816843033,0.07241768389940262,1.6364586353302002
15000,mla_decoupled,moe,456,3,15,0.04975952208042145,0.05878487601876259,1.6364586353302002
15000,mla_decoupled,moe,456,4,0,0.0628955066204071,0.07159727066755295,1.2083475589752197
15000,mla_decoupled,moe,456,4,1,0.05322265625,0.04730219393968582,1.2083475589752197
15000,mla_decoupled,moe,456,4,2,0.09734740853309631,0.0874302089214325,1.2083475589752197
15000,mla_decoupled,moe,456,4,3,0.05422119051218033,0.050623517483472824,1.2083475589752197
15000,mla_decoupled,moe,456,4,4,0.0919506847858429,0.08015342056751251,1.2083475589752197
15000,mla_decoupled,moe,456,4,5,0.08332153409719467,0.06523473560810089,1.2083475589752197
15000,mla_decoupled,moe,456,4,6,0.05264648422598839,0.06440253555774689,1.2083475589752197
15000,mla_decoupled,moe,456,4,7,0.059138182550668716,0.038132812827825546,1.2083475589752197
15000,mla_decoupled,moe,456,4,8,0.06458739936351776,0.08564633131027222,1.2083475589752197
15000,mla_decoupled,moe,456,4,9,0.02620849572122097,0.02801651880145073,1.2083475589752197
15000,mla_decoupled,moe,456,4,10,0.06657348573207855,0.06108913570642471,1.2083475589752197
15000,mla_decoupled,moe,456,4,11,0.04269653186202049,0.04446208477020264,1.2083475589752197
15000,mla_decoupled,moe,456,4,12,0.0890515148639679,0.102913998067379,1.2083475589752197
15000,mla_decoupled,moe,456,4,13,0.029744872823357582,0.0453227236866951,1.2083475589752197
15000,mla_decoupled,moe,456,4,14,0.0678112804889679,0.07036234438419342,1.2083475589752197
15000,mla_decoupled,moe,456,4,15,0.058582764118909836,0.05731017142534256,1.2083475589752197
15000,mla_decoupled,moe,456,5,0,0.0879504382610321,0.07822845876216888,1.4332195520401
15000,mla_decoupled,moe,456,5,1,0.047321777790784836,0.041422560811042786,1.4332195520401
15000,mla_decoupled,moe,456,5,2,0.04644531384110451,0.058413244783878326,1.4332195520401
15000,mla_decoupled,moe,456,5,3,0.10231201350688934,0.0915825143456459,1.4332195520401
15000,mla_decoupled,moe,456,5,4,0.06699950993061066,0.07501551508903503,1.4332195520401
15000,mla_decoupled,moe,456,5,5,0.06484618782997131,0.07227098196744919,1.4332195520401
15000,mla_decoupled,moe,456,5,6,0.07168334722518921,0.06519746035337448,1.4332195520401
15000,mla_decoupled,moe,456,5,7,0.05623168870806694,0.054256733506917953,1.4332195520401
15000,mla_decoupled,moe,456,5,8,0.03996093571186066,0.04109496623277664,1.4332195520401
15000,mla_decoupled,moe,456,5,9,0.07057251036167145,0.06661554425954819,1.4332195520401
15000,mla_decoupled,moe,456,5,10,0.03162841871380806,0.03392209857702255,1.4332195520401
15000,mla_decoupled,moe,456,5,11,0.06657958775758743,0.0760444775223732,1.4332195520401
15000,mla_decoupled,moe,456,5,12,0.04709106311202049,0.049695536494255066,1.4332195520401
15000,mla_decoupled,moe,456,5,13,0.07776733487844467,0.09242050349712372,1.4332195520401
15000,mla_decoupled,moe,456,5,14,0.0994860827922821,0.07545003294944763,1.4332195520401
15000,mla_decoupled,moe,456,5,15,0.02312377840280533,0.028369368985295296,1.4332195520401
