iter,attn_mode,seed,layer,expert,selected_fraction,mean_probability,router_entropy
0,mha,42,1,0,0.0714944452047348,0.06891027837991714,2.628858804702759
0,mha,42,1,1,0.04293243587017059,0.05782492458820343,2.628858804702759
0,mha,42,1,2,0.009092407301068306,0.041022587567567825,2.628858804702759
0,mha,42,1,3,0.031125081703066826,0.05339548736810684,2.628858804702759
0,mha,42,1,4,0.06075327470898628,0.0625547394156456,2.628858804702759
0,mha,42,1,5,0.15539968013763428,0.09032805263996124,2.628858804702759
0,mha,42,1,6,0.07659535855054855,0.06567882746458054,2.628858804702759
0,mha,42,1,7,0.05751708894968033,0.061521027237176895,2.628858804702759
0,mha,42,1,8,0.01940155029296875,0.04565957933664322,2.628858804702759
0,mha,42,1,9,0.10646077245473862,0.07672397792339325,2.628858804702759
0,mha,42,1,10,0.02969156950712204,0.045809779316186905,2.628858804702759
0,mha,42,1,11,0.07286316156387329,0.06545937806367874,2.628858804702759
0,mha,42,1,12,0.07529795169830322,0.06953155994415283,2.628858804702759
0,mha,42,1,13,0.029644368216395378,0.05705203488469124,2.628858804702759
0,mha,42,1,14,0.07525411248207092,0.06649355590343475,2.628858804702759
0,mha,42,1,15,0.08647674322128296,0.07203423231840134,2.628858804702759
0,mha,42,2,0,0.1065259799361229,0.07758712768554688,2.626703977584839
0,mha,42,2,1,0.09463094174861908,0.07472582906484604,2.626703977584839
0,mha,42,2,2,0.07584024965763092,0.07012099027633667,2.626703977584839
0,mha,42,2,3,0.04316161945462227,0.05800577625632286,2.626703977584839
0,mha,42,2,4,0.03948557376861572,0.05799749866127968,2.626703977584839
0,mha,42,2,5,0.012714437209069729,0.0443500280380249,2.626703977584839
0,mha,42,2,6,0.028018392622470856,0.05275294929742813,2.626703977584839
0,mha,42,2,7,0.015251465141773224,0.04496416077017784,2.626703977584839
0,mha,42,2,8,0.007292785681784153,0.0379338338971138,2.626703977584839
0,mha,42,2,9,0.05061045289039612,0.06459732353687286,2.626703977584839
0,mha,42,2,10,0.1978011131286621,0.09941656142473221,2.626703977584839
0,mha,42,2,11,0.021347451955080032,0.04839607700705528,2.626703977584839
0,mha,42,2,12,0.04849914461374283,0.0574733167886734,2.626703977584839
0,mha,42,2,13,0.07186553627252579,0.06700873374938965,2.626703977584839
0,mha,42,2,14,0.03650258481502533,0.05688690021634102,2.626703977584839
0,mha,42,2,15,0.15045227110385895,0.08778278529644012,2.626703977584839
0,mha,42,3,0,0.11714762449264526,0.07769817113876343,2.6390762329101562
0,mha,42,3,1,0.03182932361960411,0.05309484153985977,2.6390762329101562
0,mha,42,3,2,0.008435465395450592,0.03998666629195213,2.6390762329101562
0,mha,42,3,3,0.05383361876010895,0.06238241121172905,2.6390762329101562
0,mha,42,3,4,0.07199259102344513,0.06743334978818893,2.6390762329101562
0,mha,42,3,5,0.0479634590446949,0.060216229408979416,2.6390762329101562
0,mha,42,3,6,0.09118733555078506,0.0738144963979721,2.6390762329101562
0,mha,42,3,7,0.1626327484846115,0.08976662904024124,2.6390762329101562
0,mha,42,3,8,0.017797140404582024,0.04611307382583618,2.6390762329101562
0,mha,42,3,9,0.0532308965921402,0.06186803802847862,2.6390762329101562
0,mha,42,3,10,0.0837319940328598,0.07055366784334183,2.6390762329101562
0,mha,42,3,11,0.10060831904411316,0.07474517077207565,2.6390762329101562
0,mha,42,3,12,0.029055379331111908,0.050665125250816345,2.6390762329101562
0,mha,42,3,13,0.005162455141544342,0.03893843665719032,2.6390762329101562
0,mha,42,3,14,0.07510019838809967,0.06948848068714142,2.6390762329101562
0,mha,42,3,15,0.05029144138097763,0.06323504447937012,2.6390762329101562
0,mha,42,4,0,0.00650838203728199,0.03861428052186966,2.616621494293213
0,mha,42,4,1,0.24948374927043915,0.11217891424894333,2.616621494293213
0,mha,42,4,2,0.034655049443244934,0.05680776759982109,2.616621494293213
0,mha,42,4,3,0.03734486922621727,0.058005549013614655,2.616621494293213
0,mha,42,4,4,0.042581990361213684,0.05967475101351738,2.616621494293213
0,mha,42,4,5,0.024493612349033356,0.05523412674665451,2.616621494293213
0,mha,42,4,6,0.010772806592285633,0.0432293526828289,2.616621494293213
0,mha,42,4,7,0.20629090070724487,0.10395783185958862,2.616621494293213
0,mha,42,4,8,0.1143219992518425,0.07985994964838028,2.616621494293213
0,mha,42,4,9,0.07249288260936737,0.06859210878610611,2.616621494293213
0,mha,42,4,10,0.0025034586433321238,0.03263481706380844,2.616621494293213
0,mha,42,4,11,0.04758870601654053,0.06350858509540558,2.616621494293213
0,mha,42,4,12,0.07105865329504013,0.0679616928100586,2.616621494293213
0,mha,42,4,13,0.05328582599759102,0.06657372415065765,2.616621494293213
0,mha,42,4,14,0.013904113322496414,0.049062542617321014,2.616621494293213
0,mha,42,4,15,0.012713012285530567,0.044104043394327164,2.616621494293213
0,mha,42,5,0,0.17550039291381836,0.09245165437459946,2.6426591873168945
0,mha,42,5,1,0.038116455078125,0.05912090465426445,2.6426591873168945
0,mha,42,5,2,0.04980163648724556,0.061499956995248795,2.6426591873168945
0,mha,42,5,3,0.11527995020151138,0.07679934054613113,2.6426591873168945
0,mha,42,5,4,0.030270690098404884,0.04948567971587181,2.6426591873168945
0,mha,42,5,5,0.11369791626930237,0.07996024936437607,2.6426591873168945
0,mha,42,5,6,0.005608825478702784,0.03856813162565231,2.6426591873168945
0,mha,42,5,7,0.05390452221035957,0.062045007944107056,2.6426591873168945
0,mha,42,5,8,0.06611613184213638,0.06782158464193344,2.6426591873168945
0,mha,42,5,9,0.0064672851003706455,0.03681815043091774,2.6426591873168945
0,mha,42,5,10,0.03773081302642822,0.05442206561565399,2.6426591873168945
0,mha,42,5,11,0.11354552954435349,0.07868010550737381,2.6426591873168945
0,mha,42,5,12,0.029929708689451218,0.05847521498799324,2.6426591873168945
0,mha,42,5,13,0.06866933405399323,0.0673694759607315,2.6426591873168945
0,mha,42,5,14,0.07855397462844849,0.06926150619983673,2.6426591873168945
0,mha,42,5,15,0.016806844621896744,0.04722091555595398,2.6426591873168945
500,mha,42,1,0,0.057676900178194046,0.06374581158161163,2.303316354751587
500,mha,42,1,1,0.05327951908111572,0.06361827254295349,2.303316354751587
500,mha,42,1,2,0.04107676073908806,0.05765530839562416,2.303316354751587
500,mha,42,1,3,0.05932973325252533,0.0618303120136261,2.303316354751587
500,mha,42,1,4,0.027763569727540016,0.043105389922857285,2.303316354751587
500,mha,42,1,5,0.03671844303607941,0.04723993316292763,2.303316354751587
500,mha,42,1,6,0.05667582154273987,0.06137258559465408,2.303316354751587
500,mha,42,1,7,0.03976379334926605,0.05523979663848877,2.303316354751587
500,mha,42,1,8,0.08039337396621704,0.06783702969551086,2.303316354751587
500,mha,42,1,9,0.038134053349494934,0.044386692345142365,2.303316354751587
500,mha,42,1,10,0.06400258094072342,0.052549999207258224,2.303316354751587
500,mha,42,1,11,0.06650258600711823,0.06060796231031418,2.303316354751587
500,mha,42,1,12,0.08833791315555573,0.07618368417024612,2.303316354751587
500,mha,42,1,13,0.09028371423482895,0.08712765574455261,2.303316354751587
500,mha,42,1,14,0.10160227119922638,0.0812942162156105,2.303316354751587
500,mha,42,1,15,0.09845896065235138,0.07620532065629959,2.303316354751587
500,mha,42,2,0,0.06331776827573776,0.061573829501867294,2.072606086730957
500,mha,42,2,1,0.021303609013557434,0.03775332123041153,2.072606086730957
500,mha,42,2,2,0.07787546515464783,0.07303303480148315,2.072606086730957
500,mha,42,2,3,0.02776234969496727,0.034063782542943954,2.072606086730957
500,mha,42,2,4,0.059578247368335724,0.0643678605556488,2.072606086730957
500,mha,42,2,5,0.06946604698896408,0.06947099417448044,2.072606086730957
500,mha,42,2,6,0.07552337646484375,0.07243165373802185,2.072606086730957
500,mha,42,2,7,0.017547709867358208,0.038113974034786224,2.072606086730957
500,mha,42,2,8,0.10923217982053757,0.09891913831233978,2.072606086730957
500,mha,42,2,9,0.06551483273506165,0.06109357252717018,2.072606086730957
500,mha,42,2,10,0.0471172071993351,0.078525610268116,2.072606086730957
500,mha,42,2,11,0.07846547663211823,0.06394348293542862,2.072606086730957
500,mha,42,2,12,0.050133563578128815,0.04666513577103615,2.072606086730957
500,mha,42,2,13,0.08629343658685684,0.06377467513084412,2.072606086730957
500,mha,42,2,14,0.06917775422334671,0.06661568582057953,2.072606086730957
500,mha,42,2,15,0.08169098198413849,0.06965431571006775,2.072606086730957
500,mha,42,3,0,0.0538259893655777,0.04891916364431381,2.1109793186187744
500,mha,42,3,1,0.06258819252252579,0.06002769619226456,2.1109793186187744
500,mha,42,3,2,0.07103078067302704,0.05724549666047096,2.1109793186187744
500,mha,42,3,3,0.04659362882375717,0.05297347530722618,2.1109793186187744
500,mha,42,3,4,0.05448903515934944,0.052627287805080414,2.1109793186187744
500,mha,42,3,5,0.04929494112730026,0.045239321887493134,2.1109793186187744
500,mha,42,3,6,0.03352823853492737,0.04341380298137665,2.1109793186187744
500,mha,42,3,7,0.05105305835604668,0.05594875290989876,2.1109793186187744
500,mha,42,3,8,0.062196552753448486,0.058143019676208496,2.1109793186187744
500,mha,42,3,9,0.0888252779841423,0.07912852615118027,2.1109793186187744
500,mha,42,3,10,0.1106472760438919,0.09289871156215668,2.1109793186187744
500,mha,42,3,11,0.04110961779952049,0.06078990176320076,2.1109793186187744
500,mha,42,3,12,0.05306701734662056,0.07470394670963287,2.1109793186187744
500,mha,42,3,13,0.07466816902160645,0.061093926429748535,2.1109793186187744
500,mha,42,3,14,0.08722188323736191,0.10182305425405502,2.1109793186187744
500,mha,42,3,15,0.05986033007502556,0.05502394959330559,2.1109793186187744
500,mha,42,4,0,0.07211507111787796,0.06543658673763275,2.1918764114379883
500,mha,42,4,1,0.06941009312868118,0.07373090833425522,2.1918764114379883
500,mha,42,4,2,0.025354919955134392,0.040550027042627335,2.1918764114379883
500,mha,42,4,3,0.03989369794726372,0.04918907955288887,2.1918764114379883
500,mha,42,4,4,0.052772216498851776,0.0556640699505806,2.1918764114379883
500,mha,42,4,5,0.06068522110581398,0.06492915749549866,2.1918764114379883
500,mha,42,4,6,0.07841806858778,0.07101776450872421,2.1918764114379883
500,mha,42,4,7,0.08531504124403,0.07579883933067322,2.1918764114379883
500,mha,42,4,8,0.03839467465877533,0.05416679382324219,2.1918764114379883
500,mha,42,4,9,0.0649738535284996,0.06667479872703552,2.1918764114379883
500,mha,42,4,10,0.11962025612592697,0.088854119181633,2.1918764114379883
500,mha,42,4,11,0.025310566648840904,0.0425298772752285,2.1918764114379883
500,mha,42,4,12,0.04501454532146454,0.05406319350004196,2.1918764114379883
500,mha,42,4,13,0.09335978329181671,0.07185246050357819,2.1918764114379883
500,mha,42,4,14,0.052148640155792236,0.05268885940313339,2.1918764114379883
500,mha,42,4,15,0.0772133395075798,0.07285349071025848,2.1918764114379883
500,mha,42,5,0,0.04808542877435684,0.0566643662750721,2.410336494445801
500,mha,42,5,1,0.03993428498506546,0.05746619030833244,2.410336494445801
500,mha,42,5,2,0.059362079948186874,0.0641002207994461,2.410336494445801
500,mha,42,5,3,0.07088328152894974,0.08039241284132004,2.410336494445801
500,mha,42,5,4,0.09570597112178802,0.07458190619945526,2.410336494445801
500,mha,42,5,5,0.07922963798046112,0.06231788545846939,2.410336494445801
500,mha,42,5,6,0.05015197768807411,0.060182057321071625,2.410336494445801
500,mha,42,5,7,0.06268920749425888,0.06387708336114883,2.410336494445801
500,mha,42,5,8,0.0694771334528923,0.05893389880657196,2.410336494445801
500,mha,42,5,9,0.057945556938648224,0.05390721559524536,2.410336494445801
500,mha,42,5,10,0.0453522764146328,0.053195707499980927,2.410336494445801
500,mha,42,5,11,0.0736134871840477,0.06271420419216156,2.410336494445801
500,mha,42,5,12,0.069091796875,0.06432031840085983,2.410336494445801
500,mha,42,5,13,0.026130981743335724,0.05103882774710655,2.410336494445801
500,mha,42,5,14,0.05700022354722023,0.06475915014743805,2.410336494445801
500,mha,42,5,15,0.09534668177366257,0.07154859602451324,2.410336494445801
0,mha,42,1,0,0.0714944452047348,0.06891027837991714,2.628858804702759
0,mha,42,1,1,0.04293243587017059,0.05782492458820343,2.628858804702759
0,mha,42,1,2,0.009092407301068306,0.041022587567567825,2.628858804702759
0,mha,42,1,3,0.031125081703066826,0.05339548736810684,2.628858804702759
0,mha,42,1,4,0.06075327470898628,0.0625547394156456,2.628858804702759
0,mha,42,1,5,0.15539968013763428,0.09032805263996124,2.628858804702759
0,mha,42,1,6,0.07659535855054855,0.06567882746458054,2.628858804702759
0,mha,42,1,7,0.05751708894968033,0.061521027237176895,2.628858804702759
0,mha,42,1,8,0.01940155029296875,0.04565957933664322,2.628858804702759
0,mha,42,1,9,0.10646077245473862,0.07672397792339325,2.628858804702759
0,mha,42,1,10,0.02969156950712204,0.045809779316186905,2.628858804702759
0,mha,42,1,11,0.07286316156387329,0.06545937806367874,2.628858804702759
0,mha,42,1,12,0.07529795169830322,0.06953155994415283,2.628858804702759
0,mha,42,1,13,0.029644368216395378,0.05705203488469124,2.628858804702759
0,mha,42,1,14,0.07525411248207092,0.06649355590343475,2.628858804702759
0,mha,42,1,15,0.08647674322128296,0.07203423231840134,2.628858804702759
0,mha,42,2,0,0.1065259799361229,0.07758712768554688,2.626703977584839
0,mha,42,2,1,0.09463094174861908,0.07472582906484604,2.626703977584839
0,mha,42,2,2,0.07584024965763092,0.07012099027633667,2.626703977584839
0,mha,42,2,3,0.04316161945462227,0.05800577625632286,2.626703977584839
0,mha,42,2,4,0.03948557376861572,0.05799749866127968,2.626703977584839
0,mha,42,2,5,0.012714437209069729,0.0443500280380249,2.626703977584839
0,mha,42,2,6,0.028018392622470856,0.05275294929742813,2.626703977584839
0,mha,42,2,7,0.015251465141773224,0.04496416077017784,2.626703977584839
0,mha,42,2,8,0.007292785681784153,0.0379338338971138,2.626703977584839
0,mha,42,2,9,0.05061045289039612,0.06459732353687286,2.626703977584839
0,mha,42,2,10,0.1978011131286621,0.09941656142473221,2.626703977584839
0,mha,42,2,11,0.021347451955080032,0.04839607700705528,2.626703977584839
0,mha,42,2,12,0.04849914461374283,0.0574733167886734,2.626703977584839
0,mha,42,2,13,0.07186553627252579,0.06700873374938965,2.626703977584839
0,mha,42,2,14,0.03650258481502533,0.05688690021634102,2.626703977584839
0,mha,42,2,15,0.15045227110385895,0.08778278529644012,2.626703977584839
0,mha,42,3,0,0.11714762449264526,0.07769817113876343,2.6390762329101562
0,mha,42,3,1,0.03182932361960411,0.05309484153985977,2.6390762329101562
0,mha,42,3,2,0.008435465395450592,0.03998666629195213,2.6390762329101562
0,mha,42,3,3,0.05383361876010895,0.06238241121172905,2.6390762329101562
0,mha,42,3,4,0.07199259102344513,0.06743334978818893,2.6390762329101562
0,mha,42,3,5,0.0479634590446949,0.060216229408979416,2.6390762329101562
0,mha,42,3,6,0.09118733555078506,0.0738144963979721,2.6390762329101562
0,mha,42,3,7,0.1626327484846115,0.08976662904024124,2.6390762329101562
0,mha,42,3,8,0.017797140404582024,0.04611307382583618,2.6390762329101562
0,mha,42,3,9,0.0532308965921402,0.06186803802847862,2.6390762329101562
0,mha,42,3,10,0.0837319940328598,0.07055366784334183,2.6390762329101562
0,mha,42,3,11,0.10060831904411316,0.07474517077207565,2.6390762329101562
0,mha,42,3,12,0.029055379331111908,0.050665125250816345,2.6390762329101562
0,mha,42,3,13,0.005162455141544342,0.03893843665719032,2.6390762329101562
0,mha,42,3,14,0.07510019838809967,0.06948848068714142,2.6390762329101562
0,mha,42,3,15,0.05029144138097763,0.06323504447937012,2.6390762329101562
0,mha,42,4,0,0.00650838203728199,0.03861428052186966,2.616621494293213
0,mha,42,4,1,0.24948374927043915,0.11217891424894333,2.616621494293213
0,mha,42,4,2,0.034655049443244934,0.05680776759982109,2.616621494293213
0,mha,42,4,3,0.03734486922621727,0.058005549013614655,2.616621494293213
0,mha,42,4,4,0.042581990361213684,0.05967475101351738,2.616621494293213
0,mha,42,4,5,0.024493612349033356,0.05523412674665451,2.616621494293213
0,mha,42,4,6,0.010772806592285633,0.0432293526828289,2.616621494293213
0,mha,42,4,7,0.20629090070724487,0.10395783185958862,2.616621494293213
0,mha,42,4,8,0.1143219992518425,0.07985994964838028,2.616621494293213
0,mha,42,4,9,0.07249288260936737,0.06859210878610611,2.616621494293213
0,mha,42,4,10,0.0025034586433321238,0.03263481706380844,2.616621494293213
0,mha,42,4,11,0.04758870601654053,0.06350858509540558,2.616621494293213
0,mha,42,4,12,0.07105865329504013,0.0679616928100586,2.616621494293213
0,mha,42,4,13,0.05328582599759102,0.06657372415065765,2.616621494293213
0,mha,42,4,14,0.013904113322496414,0.049062542617321014,2.616621494293213
0,mha,42,4,15,0.012713012285530567,0.044104043394327164,2.616621494293213
0,mha,42,5,0,0.17550039291381836,0.09245165437459946,2.6426591873168945
0,mha,42,5,1,0.038116455078125,0.05912090465426445,2.6426591873168945
0,mha,42,5,2,0.04980163648724556,0.061499956995248795,2.6426591873168945
0,mha,42,5,3,0.11527995020151138,0.07679934054613113,2.6426591873168945
0,mha,42,5,4,0.030270690098404884,0.04948567971587181,2.6426591873168945
0,mha,42,5,5,0.11369791626930237,0.07996024936437607,2.6426591873168945
0,mha,42,5,6,0.005608825478702784,0.03856813162565231,2.6426591873168945
0,mha,42,5,7,0.05390452221035957,0.062045007944107056,2.6426591873168945
0,mha,42,5,8,0.06611613184213638,0.06782158464193344,2.6426591873168945
0,mha,42,5,9,0.0064672851003706455,0.03681815043091774,2.6426591873168945
0,mha,42,5,10,0.03773081302642822,0.05442206561565399,2.6426591873168945
0,mha,42,5,11,0.11354552954435349,0.07868010550737381,2.6426591873168945
0,mha,42,5,12,0.029929708689451218,0.05847521498799324,2.6426591873168945
0,mha,42,5,13,0.06866933405399323,0.0673694759607315,2.6426591873168945
0,mha,42,5,14,0.07855397462844849,0.06926150619983673,2.6426591873168945
0,mha,42,5,15,0.016806844621896744,0.04722091555595398,2.6426591873168945
500,mha,42,1,0,0.058576252311468124,0.06549534946680069,2.304929733276367
500,mha,42,1,1,0.05179839953780174,0.06268923729658127,2.304929733276367
500,mha,42,1,2,0.04264475405216217,0.05824756622314453,2.304929733276367
500,mha,42,1,3,0.058842163532972336,0.061463236808776855,2.304929733276367
500,mha,42,1,4,0.030176086351275444,0.045106999576091766,2.304929733276367
500,mha,42,1,5,0.03973012417554855,0.04843933507800102,2.304929733276367
500,mha,42,1,6,0.05417622998356819,0.06058119609951973,2.304929733276367
500,mha,42,1,7,0.039657387882471085,0.05474776402115822,2.304929733276367
500,mha,42,1,8,0.07825826108455658,0.06706016510725021,2.304929733276367
500,mha,42,1,9,0.037422891706228256,0.04400040954351425,2.304929733276367
500,mha,42,1,10,0.0663471445441246,0.05379842221736908,2.304929733276367
500,mha,42,1,11,0.06801462918519974,0.060428187251091,2.304929733276367
500,mha,42,1,12,0.0842602550983429,0.07460202276706696,2.304929733276367
500,mha,42,1,13,0.09264159947633743,0.08723525702953339,2.304929733276367
500,mha,42,1,14,0.10084503144025803,0.08129085600376129,2.304929733276367
500,mha,42,1,15,0.09660878777503967,0.07481395453214645,2.304929733276367
500,mha,42,2,0,0.0642903670668602,0.061983853578567505,2.0833561420440674
500,mha,42,2,1,0.0224787387996912,0.03890075534582138,2.0833561420440674
500,mha,42,2,2,0.07264871895313263,0.06996306031942368,2.0833561420440674
500,mha,42,2,3,0.029558410868048668,0.03556879609823227,2.0833561420440674
500,mha,42,2,4,0.06033508479595184,0.06467416882514954,2.0833561420440674
500,mha,42,2,5,0.07140248268842697,0.06991788744926453,2.0833561420440674
500,mha,42,2,6,0.06891286373138428,0.06877525895833969,2.0833561420440674
500,mha,42,2,7,0.018323058262467384,0.03886454179883003,2.0833561420440674
500,mha,42,2,8,0.10802704095840454,0.09620540589094162,2.0833561420440674
500,mha,42,2,9,0.06261485069990158,0.06120751053094864,2.0833561420440674
500,mha,42,2,10,0.047658488154411316,0.07945435494184494,2.0833561420440674
500,mha,42,2,11,0.0849977657198906,0.067499078810215,2.0833561420440674
500,mha,42,2,12,0.05092356353998184,0.047058116644620895,2.0833561420440674
500,mha,42,2,13,0.08004485815763474,0.06108015775680542,2.0833561420440674
500,mha,42,2,14,0.07146403193473816,0.06721984595060349,2.0833561420440674
500,mha,42,2,15,0.0863196849822998,0.07162707298994064,2.0833561420440674
500,mha,42,3,0,0.05347941070795059,0.04890413582324982,2.1065473556518555
500,mha,42,3,1,0.06591847538948059,0.0613044872879982,2.1065473556518555
500,mha,42,3,2,0.06970540434122086,0.05571912229061127,2.1065473556518555
500,mha,42,3,3,0.049723003059625626,0.053880494087934494,2.1065473556518555
500,mha,42,3,4,0.05423929914832115,0.05207696929574013,2.1065473556518555
500,mha,42,3,5,0.04928334429860115,0.04466677084565163,2.1065473556518555
500,mha,42,3,6,0.03503061830997467,0.04534151405096054,2.1065473556518555
500,mha,42,3,7,0.0494760125875473,0.055001404136419296,2.1065473556518555
500,mha,42,3,8,0.06197052076458931,0.058059800416231155,2.1065473556518555
500,mha,42,3,9,0.08154836297035217,0.07635007053613663,2.1065473556518555
500,mha,42,3,10,0.1118570938706398,0.09521960467100143,2.1065473556518555
500,mha,42,3,11,0.04195312410593033,0.06167442351579666,2.1065473556518555
500,mha,42,3,12,0.051306966692209244,0.07347152382135391,2.1065473556518555
500,mha,42,3,13,0.07573150843381882,0.061312731355428696,2.1065473556518555
500,mha,42,3,14,0.08693674951791763,0.10053978115320206,2.1065473556518555
500,mha,42,3,15,0.06184010952711105,0.05647723004221916,2.1065473556518555
500,mha,42,4,0,0.07393300533294678,0.06636898964643478,2.1950459480285645
500,mha,42,4,1,0.07156188786029816,0.07440569996833801,2.1950459480285645
500,mha,42,4,2,0.026838378980755806,0.041716404259204865,2.1950459480285645
500,mha,42,4,3,0.03867238387465477,0.04818423092365265,2.1950459480285645
500,mha,42,4,4,0.0546182245016098,0.05659867450594902,2.1950459480285645
500,mha,42,4,5,0.06393056362867355,0.06693410873413086,2.1950459480285645
500,mha,42,4,6,0.07052449882030487,0.06743671745061874,2.1950459480285645
500,mha,42,4,7,0.08344513177871704,0.07441054284572601,2.1950459480285645
500,mha,42,4,8,0.04482370987534523,0.05797574296593666,2.1950459480285645
500,mha,42,4,9,0.06218210980296135,0.06426537781953812,2.1950459480285645
500,mha,42,4,10,0.12150075286626816,0.0896693617105484,2.1950459480285645
500,mha,42,4,11,0.025729166343808174,0.042661603540182114,2.1950459480285645
500,mha,42,4,12,0.04247283935546875,0.0536365769803524,2.1950459480285645
500,mha,42,4,13,0.0905253067612648,0.06991863250732422,2.1950459480285645
500,mha,42,4,14,0.05155680328607559,0.05245630070567131,2.1950459480285645
500,mha,42,4,15,0.07768524438142776,0.07336103171110153,2.1950459480285645
500,mha,42,5,0,0.045371703803539276,0.05509863421320915,2.4095354080200195
500,mha,42,5,1,0.04065205901861191,0.05778856948018074,2.4095354080200195
500,mha,42,5,2,0.053948160260915756,0.06067483872175217,2.4095354080200195
500,mha,42,5,3,0.07431773096323013,0.08323047310113907,2.4095354080200195
500,mha,42,5,4,0.0895354226231575,0.07141970843076706,2.4095354080200195
500,mha,42,5,5,0.08142995089292526,0.06361159682273865,2.4095354080200195
500,mha,42,5,6,0.0514322929084301,0.0615815669298172,2.4095354080200195
500,mha,42,5,7,0.06533406674861908,0.06478819251060486,2.4095354080200195
500,mha,42,5,8,0.06692454218864441,0.05781352519989014,2.4095354080200195
500,mha,42,5,9,0.058868102729320526,0.05385689437389374,2.4095354080200195
500,mha,42,5,10,0.04601277783513069,0.053127408027648926,2.4095354080200195
500,mha,42,5,11,0.08342651277780533,0.06588487327098846,2.4095354080200195
500,mha,42,5,12,0.06419321894645691,0.062686488032341,2.4095354080200195
500,mha,42,5,13,0.025690002366900444,0.05079420283436775,2.4095354080200195
500,mha,42,5,14,0.05655619129538536,0.06528157740831375,2.4095354080200195
500,mha,42,5,15,0.09630727022886276,0.07236132770776749,2.4095354080200195
1000,mha,42,1,0,0.07714548707008362,0.06763334572315216,2.0606162548065186
1000,mha,42,1,1,0.06682617217302322,0.07438934594392776,2.0606162548065186
1000,mha,42,1,2,0.060718994587659836,0.06396923214197159,2.0606162548065186
1000,mha,42,1,3,0.07648854702711105,0.0684722438454628,2.0606162548065186
1000,mha,42,1,4,0.050787150859832764,0.054955754429101944,2.0606162548065186
1000,mha,42,1,5,0.035110779106616974,0.04420243576169014,2.0606162548065186
1000,mha,42,1,6,0.0726890042424202,0.06356028467416763,2.0606162548065186
1000,mha,42,1,7,0.048726703971624374,0.0552944578230381,2.0606162548065186
1000,mha,42,1,8,0.05234710872173309,0.05695170536637306,2.0606162548065186
1000,mha,42,1,9,0.04727233946323395,0.04785874858498573,2.0606162548065186
1000,mha,42,1,10,0.07346446067094803,0.0594942681491375,2.0606162548065186
1000,mha,42,1,11,0.057098388671875,0.059763502329587936,2.0606162548065186
1000,mha,42,1,12,0.07009094208478928,0.06846588104963303,2.0606162548065186
1000,mha,42,1,13,0.07257110625505447,0.07894747704267502,2.0606162548065186
1000,mha,42,1,14,0.05896759033203125,0.06078287214040756,2.0606162548065186
1000,mha,42,1,15,0.07969523221254349,0.07525838911533356,2.0606162548065186
1000,mha,42,2,0,0.06364410370588303,0.06743424385786057,1.6786860227584839
1000,mha,42,2,1,0.035793762654066086,0.042014025151729584,1.6786860227584839
1000,mha,42,2,2,0.06549499183893204,0.06441903114318848,1.6786860227584839
1000,mha,42,2,3,0.027887165546417236,0.03433026745915413,1.6786860227584839
1000,mha,42,2,4,0.05986938625574112,0.06701959669589996,1.6786860227584839
1000,mha,42,2,5,0.05965565890073776,0.06660867482423782,1.6786860227584839
1000,mha,42,2,6,0.08498077094554901,0.08068890869617462,1.6786860227584839
1000,mha,42,2,7,0.04713907837867737,0.05261249095201492,1.6786860227584839
1000,mha,42,2,8,0.0827101618051529,0.08714869618415833,1.6786860227584839
1000,mha,42,2,9,0.07430663704872131,0.06336504966020584,1.6786860227584839
1000,mha,42,2,10,0.05348063260316849,0.07006099820137024,1.6786860227584839
1000,mha,42,2,11,0.07989370077848434,0.06873020529747009,1.6786860227584839
1000,mha,42,2,12,0.0341065488755703,0.03524956852197647,1.6786860227584839
1000,mha,42,2,13,0.07589111477136612,0.0593130998313427,1.6786860227584839
1000,mha,42,2,14,0.10686919838190079,0.08812449872493744,1.6786860227584839
1000,mha,42,2,15,0.048277080059051514,0.052880577743053436,1.6786860227584839
1000,mha,42,3,0,0.06407836824655533,0.058733101934194565,1.5929734706878662
1000,mha,42,3,1,0.06287740170955658,0.04965222626924515,1.5929734706878662
1000,mha,42,3,2,0.06886779516935349,0.06595007330179214,1.5929734706878662
1000,mha,42,3,3,0.06033996492624283,0.055604513734579086,1.5929734706878662
1000,mha,42,3,4,0.04321380704641342,0.0442182794213295,1.5929734706878662
1000,mha,42,3,5,0.09064096957445145,0.08395243436098099,1.5929734706878662
1000,mha,42,3,6,0.02268218994140625,0.03166572004556656,1.5929734706878662
1000,mha,42,3,7,0.06450480222702026,0.053723856806755066,1.5929734706878662
1000,mha,42,3,8,0.04281361773610115,0.04589519649744034,1.5929734706878662
1000,mha,42,3,9,0.05996694043278694,0.06492863595485687,1.5929734706878662
1000,mha,42,3,10,0.0988292470574379,0.09901473671197891,1.5929734706878662
1000,mha,42,3,11,0.04448028653860092,0.06033729016780853,1.5929734706878662
1000,mha,42,3,12,0.044028013944625854,0.05938325822353363,1.5929734706878662
1000,mha,42,3,13,0.0766582265496254,0.06069282442331314,1.5929734706878662
1000,mha,42,3,14,0.08812683075666428,0.10759952664375305,1.5929734706878662
1000,mha,42,3,15,0.06789153814315796,0.05864835903048515,1.5929734706878662
1000,mha,42,4,0,0.08522898703813553,0.08310282975435257,1.732741117477417
1000,mha,42,4,1,0.062426451593637466,0.07332032173871994,1.732741117477417
1000,mha,42,4,2,0.06182281672954559,0.057988159358501434,1.732741117477417
1000,mha,42,4,3,0.0512167364358902,0.05780221149325371,1.732741117477417
1000,mha,42,4,4,0.055783387273550034,0.052195582538843155,1.732741117477417
1000,mha,42,4,5,0.0657367929816246,0.06767915189266205,1.732741117477417
1000,mha,42,4,6,0.06563527137041092,0.06013413146138191,1.732741117477417
1000,mha,42,4,7,0.04635121673345566,0.04589587077498436,1.732741117477417
1000,mha,42,4,8,0.039620768278837204,0.055119577795267105,1.732741117477417
1000,mha,42,4,9,0.06284830719232559,0.06666362285614014,1.732741117477417
1000,mha,42,4,10,0.08648111671209335,0.07272664457559586,1.732741117477417
1000,mha,42,4,11,0.01583964005112648,0.0304055567830801,1.732741117477417
1000,mha,42,4,12,0.05208292603492737,0.05700363963842392,1.732741117477417
1000,mha,42,4,13,0.1008695438504219,0.08978115767240524,1.732741117477417
1000,mha,42,4,14,0.08028188347816467,0.06535931676626205,1.732741117477417
1000,mha,42,4,15,0.06777414679527283,0.06482221931219101,1.732741117477417
1000,mha,42,5,0,0.047363076359033585,0.04984070360660553,1.9051940441131592
1000,mha,42,5,1,0.05252644792199135,0.047992877662181854,1.9051940441131592
1000,mha,42,5,2,0.07119221985340118,0.07320728152990341,1.9051940441131592
1000,mha,42,5,3,0.0637403354048729,0.07625823467969894,1.9051940441131592
1000,mha,42,5,4,0.0851992815732956,0.07706166803836823,1.9051940441131592
1000,mha,42,5,5,0.07317230105400085,0.05824863910675049,1.9051940441131592
1000,mha,42,5,6,0.046797994524240494,0.05474180728197098,1.9051940441131592
1000,mha,42,5,7,0.04237772524356842,0.046101804822683334,1.9051940441131592
1000,mha,42,5,8,0.08548421412706375,0.08695242553949356,1.9051940441131592
1000,mha,42,5,9,0.04909220337867737,0.053170084953308105,1.9051940441131592
1000,mha,42,5,10,0.04652882739901543,0.05824115872383118,1.9051940441131592
1000,mha,42,5,11,0.05172282084822655,0.05105432868003845,1.9051940441131592
1000,mha,42,5,12,0.07663014531135559,0.06852035969495773,1.9051940441131592
1000,mha,42,5,13,0.037772320210933685,0.04303588718175888,1.9051940441131592
1000,mha,42,5,14,0.0573539212346077,0.05938852205872536,1.9051940441131592
1000,mha,42,5,15,0.11304616183042526,0.09618435800075531,1.9051940441131592
1500,mha,42,1,0,0.05565439909696579,0.05665751174092293,2.0890774726867676
1500,mha,42,1,1,0.06359019130468369,0.06858543306589127,2.0890774726867676
1500,mha,42,1,2,0.06482289731502533,0.06740420311689377,2.0890774726867676
1500,mha,42,1,3,0.05482086166739464,0.05841049924492836,2.0890774726867676
1500,mha,42,1,4,0.05170990154147148,0.05538659915328026,2.0890774726867676
1500,mha,42,1,5,0.056422628462314606,0.05690593644976616,2.0890774726867676
1500,mha,42,1,6,0.07957936823368073,0.06538592278957367,2.0890774726867676
1500,mha,42,1,7,0.07733967900276184,0.06930699944496155,2.0890774726867676
1500,mha,42,1,8,0.0748736560344696,0.07386602461338043,2.0890774726867676
1500,mha,42,1,9,0.04400889202952385,0.05052829906344414,2.0890774726867676
1500,mha,42,1,10,0.053601380437612534,0.05194040760397911,2.0890774726867676
1500,mha,42,1,11,0.06600423157215118,0.06364358216524124,2.0890774726867676
1500,mha,42,1,12,0.07648864388465881,0.07270780205726624,2.0890774726867676
1500,mha,42,1,13,0.06692881137132645,0.07470154762268066,2.0890774726867676
1500,mha,42,1,14,0.05078033357858658,0.057164181023836136,2.0890774726867676
1500,mha,42,1,15,0.0633741244673729,0.05740522965788841,2.0890774726867676
1500,mha,42,2,0,0.0854129046201706,0.08329261839389801,1.6306546926498413
1500,mha,42,2,1,0.04898935928940773,0.047494832426309586,1.6306546926498413
1500,mha,42,2,2,0.07840230315923691,0.07385677099227905,1.6306546926498413
1500,mha,42,2,3,0.0291875209659338,0.037290871143341064,1.6306546926498413
1500,mha,42,2,4,0.06005706638097763,0.06256105750799179,1.6306546926498413
1500,mha,42,2,5,0.06214762479066849,0.06779304146766663,1.6306546926498413
1500,mha,42,2,6,0.06708913296461105,0.06675209850072861,1.6306546926498413
1500,mha,42,2,7,0.03934285417199135,0.04499050974845886,1.6306546926498413
1500,mha,42,2,8,0.07925140112638474,0.08422242850065231,1.6306546926498413
1500,mha,42,2,9,0.0696348026394844,0.06123100966215134,1.6306546926498413
1500,mha,42,2,10,0.06492594629526138,0.07299698144197464,1.6306546926498413
1500,mha,42,2,11,0.08379171043634415,0.07458112388849258,1.6306546926498413
1500,mha,42,2,12,0.029141642153263092,0.034289754927158356,1.6306546926498413
1500,mha,42,2,13,0.07953836768865585,0.06393083930015564,1.6306546926498413
1500,mha,42,2,14,0.07307790219783783,0.0716356635093689,1.6306546926498413
1500,mha,42,2,15,0.050009459257125854,0.05308033898472786,1.6306546926498413
1500,mha,42,3,0,0.06132252886891365,0.06131211668252945,1.4573938846588135
1500,mha,42,3,1,0.058810628950595856,0.04926718771457672,1.4573938846588135
1500,mha,42,3,2,0.0702502429485321,0.06654572486877441,1.4573938846588135
1500,mha,42,3,3,0.0601145438849926,0.05397419631481171,1.4573938846588135
1500,mha,42,3,4,0.03817840665578842,0.040469326078891754,1.4573938846588135
1500,mha,42,3,5,0.08800394833087921,0.08497971296310425,1.4573938846588135
1500,mha,42,3,6,0.019478149712085724,0.026686331257224083,1.4573938846588135
1500,mha,42,3,7,0.06603698432445526,0.05483144149184227,1.4573938846588135
1500,mha,42,3,8,0.04498291015625,0.04702795296907425,1.4573938846588135
1500,mha,42,3,9,0.06680348515510559,0.06826817244291306,1.4573938846588135
1500,mha,42,3,10,0.09234131127595901,0.0960119217634201,1.4573938846588135
1500,mha,42,3,11,0.045625001192092896,0.05434798449277878,1.4573938846588135
1500,mha,42,3,12,0.05008687451481819,0.05752589553594589,1.4573938846588135
1500,mha,42,3,13,0.07073313742876053,0.06145166978240013,1.4573938846588135
1500,mha,42,3,14,0.09077291190624237,0.11179008334875107,1.4573938846588135
1500,mha,42,3,15,0.07645894587039948,0.06551022827625275,1.4573938846588135
1500,mha,42,4,0,0.09833740442991257,0.10752127319574356,1.5007003545761108
1500,mha,42,4,1,0.05171864852309227,0.0650738999247551,1.5007003545761108
1500,mha,42,4,2,0.0731925442814827,0.06590601056814194,1.5007003545761108
1500,mha,42,4,3,0.046754658222198486,0.05250870808959007,1.5007003545761108
1500,mha,42,4,4,0.05945424363017082,0.05544303357601166,1.5007003545761108
1500,mha,42,4,5,0.07141286134719849,0.07119081914424896,1.5007003545761108
1500,mha,42,4,6,0.06552673131227493,0.05672962963581085,1.5007003545761108
1500,mha,42,4,7,0.05360117554664612,0.0482456348836422,1.5007003545761108
1500,mha,42,4,8,0.02853698655962944,0.04096030071377754,1.5007003545761108
1500,mha,42,4,9,0.0693155899643898,0.06916458159685135,1.5007003545761108
1500,mha,42,4,10,0.07905609160661697,0.06627208739519119,1.5007003545761108
1500,mha,42,4,11,0.016779785975813866,0.02585466392338276,1.5007003545761108
1500,mha,42,4,12,0.04583445191383362,0.04988439381122589,1.5007003545761108
1500,mha,42,4,13,0.0884552001953125,0.0860990583896637,1.5007003545761108
1500,mha,42,4,14,0.07820454984903336,0.0670589730143547,1.5007003545761108
1500,mha,42,4,15,0.07381907105445862,0.0720868781208992,1.5007003545761108
1500,mha,42,5,0,0.06375091522932053,0.06153703108429909,1.6885401010513306
1500,mha,42,5,1,0.049262288957834244,0.043458640575408936,1.6885401010513306
1500,mha,42,5,2,0.07480499148368835,0.07701823860406876,1.6885401010513306
1500,mha,42,5,3,0.06253224611282349,0.07622131705284119,1.6885401010513306
1500,mha,42,5,4,0.08123647421598434,0.073314368724823,1.6885401010513306
1500,mha,42,5,5,0.06806895136833191,0.05388728529214859,1.6885401010513306
1500,mha,42,5,6,0.04002736508846283,0.04969470575451851,1.6885401010513306
1500,mha,42,5,7,0.04397379606962204,0.045356135815382004,1.6885401010513306
1500,mha,42,5,8,0.0882478877902031,0.09480538964271545,1.6885401010513306
1500,mha,42,5,9,0.04476521909236908,0.050221193581819534,1.6885401010513306
1500,mha,42,5,10,0.044593505561351776,0.05912884324789047,1.6885401010513306
1500,mha,42,5,11,0.05114196613430977,0.04804685711860657,1.6885401010513306
1500,mha,42,5,12,0.08483683317899704,0.07426680624485016,1.6885401010513306
1500,mha,42,5,13,0.052456460893154144,0.05025288462638855,1.6885401010513306
1500,mha,42,5,14,0.0412273146212101,0.04475395381450653,1.6885401010513306
1500,mha,42,5,15,0.10907378792762756,0.0980362743139267,1.6885401010513306
2000,mha,42,1,0,0.04585103318095207,0.051418475806713104,2.1797499656677246
2000,mha,42,1,1,0.07173939794301987,0.06741198152303696,2.1797499656677246
2000,mha,42,1,2,0.08091827481985092,0.07554488629102707,2.1797499656677246
2000,mha,42,1,3,0.05123952403664589,0.05686074122786522,2.1797499656677246
2000,mha,42,1,4,0.05835327133536339,0.05935041606426239,2.1797499656677246
2000,mha,42,1,5,0.0480467714369297,0.05888667330145836,2.1797499656677246
2000,mha,42,1,6,0.06290333718061447,0.05806281417608261,2.1797499656677246
2000,mha,42,1,7,0.04863942414522171,0.06053144484758377,2.1797499656677246
2000,mha,42,1,8,0.07686930149793625,0.0769997388124466,2.1797499656677246
2000,mha,42,1,9,0.033556316047906876,0.04789773374795914,2.1797499656677246
2000,mha,42,1,10,0.09229665249586105,0.07025128602981567,2.1797499656677246
2000,mha,42,1,11,0.05773874744772911,0.05914878100156784,2.1797499656677246
2000,mha,42,1,12,0.07568206638097763,0.06619451195001602,2.1797499656677246
2000,mha,42,1,13,0.07299560308456421,0.07863146811723709,2.1797499656677246
2000,mha,42,1,14,0.05908569321036339,0.05987480655312538,2.1797499656677246
2000,mha,42,1,15,0.06408457458019257,0.05293425917625427,2.1797499656677246
2000,mha,42,2,0,0.09600229561328888,0.0871787965297699,1.6750574111938477
2000,mha,42,2,1,0.04769236221909523,0.04938020184636116,1.6750574111938477
2000,mha,42,2,2,0.06173258647322655,0.05992701277136803,1.6750574111938477
2000,mha,42,2,3,0.031621601432561874,0.038875386118888855,1.6750574111938477
2000,mha,42,2,4,0.052337646484375,0.05771542713046074,1.6750574111938477
2000,mha,42,2,5,0.06741475313901901,0.072450652718544,1.6750574111938477
2000,mha,42,2,6,0.08249155431985855,0.0767429918050766,1.6750574111938477
2000,mha,42,2,7,0.04838063567876816,0.052716370671987534,1.6750574111938477
2000,mha,42,2,8,0.08191569149494171,0.08595917373895645,1.6750574111938477
2000,mha,42,2,9,0.05159047618508339,0.050821173936128616,1.6750574111938477
2000,mha,42,2,10,0.06720001250505447,0.07173606008291245,1.6750574111938477
2000,mha,42,2,11,0.07270273566246033,0.06502870470285416,1.6750574111938477
2000,mha,42,2,12,0.04064595699310303,0.042481303215026855,1.6750574111938477
2000,mha,42,2,13,0.06250660866498947,0.052966319024562836,1.6750574111938477
2000,mha,42,2,14,0.07147704809904099,0.07023432105779648,1.6750574111938477
2000,mha,42,2,15,0.06428802758455276,0.06578610092401505,1.6750574111938477
2000,mha,42,3,0,0.07269002497196198,0.07612290978431702,1.3608430624008179
2000,mha,42,3,1,0.05329396575689316,0.049329835921525955,1.3608430624008179
2000,mha,42,3,2,0.06939524412155151,0.06423260271549225,1.3608430624008179
2000,mha,42,3,3,0.050634052604436874,0.043683189898729324,1.3608430624008179
2000,mha,42,3,4,0.044990334659814835,0.04229908064007759,1.3608430624008179
2000,mha,42,3,5,0.1020616665482521,0.09610459953546524,1.3608430624008179
2000,mha,42,3,6,0.02651316300034523,0.026413345709443092,1.3608430624008179
2000,mha,42,3,7,0.06569498777389526,0.04977930709719658,1.3608430624008179
2000,mha,42,3,8,0.04149007052183151,0.04229263588786125,1.3608430624008179
2000,mha,42,3,9,0.05335815250873566,0.0595247708261013,1.3608430624008179
2000,mha,42,3,10,0.09358856081962585,0.09365107864141464,1.3608430624008179
2000,mha,42,3,11,0.04541178420186043,0.05539824068546295,1.3608430624008179
2000,mha,42,3,12,0.04261830821633339,0.05305397883057594,1.3608430624008179
2000,mha,42,3,13,0.07118072360754013,0.06360447406768799,1.3608430624008179
2000,mha,42,3,14,0.09511677920818329,0.1175808236002922,1.3608430624008179
2000,mha,42,3,15,0.07196217775344849,0.0669291540980339,1.3608430624008179
2000,mha,42,4,0,0.08427022397518158,0.09060526639223099,1.42726469039917
2000,mha,42,4,1,0.05643727630376816,0.06871388852596283,1.42726469039917
2000,mha,42,4,2,0.06596486270427704,0.06151336058974266,1.42726469039917
2000,mha,42,4,3,0.05468129366636276,0.058172233402729034,1.42726469039917
2000,mha,42,4,4,0.06209360808134079,0.059662844985723495,1.42726469039917
2000,mha,42,4,5,0.062146808952093124,0.06607739627361298,1.42726469039917
2000,mha,42,4,6,0.053699951618909836,0.049389734864234924,1.42726469039917
2000,mha,42,4,7,0.05517221987247467,0.049895480275154114,1.42726469039917
2000,mha,42,4,8,0.028022155165672302,0.04229240119457245,1.42726469039917
2000,mha,42,4,9,0.06932312250137329,0.06883290410041809,1.42726469039917
2000,mha,42,4,10,0.09133310616016388,0.07616156339645386,1.42726469039917
2000,mha,42,4,11,0.01895039901137352,0.025975625962018967,1.42726469039917
2000,mha,42,4,12,0.045609742403030396,0.047539934515953064,1.42726469039917
2000,mha,42,4,13,0.08922190219163895,0.08729460090398788,1.42726469039917
2000,mha,42,4,14,0.0874582901597023,0.07604420930147171,1.42726469039917
2000,mha,42,4,15,0.0756150335073471,0.07182846963405609,1.42726469039917
2000,mha,42,5,0,0.06871754676103592,0.06444632261991501,1.650161623954773
2000,mha,42,5,1,0.04911285266280174,0.04444263130426407,1.650161623954773
2000,mha,42,5,2,0.07025380432605743,0.07225220650434494,1.650161623954773
2000,mha,42,5,3,0.07284149527549744,0.0856250748038292,1.650161623954773
2000,mha,42,5,4,0.08679758757352829,0.07926501333713531,1.650161623954773
2000,mha,42,5,5,0.05965270847082138,0.046245284378528595,1.650161623954773
2000,mha,42,5,6,0.04084767773747444,0.04755102097988129,1.650161623954773
2000,mha,42,5,7,0.04212575405836105,0.045627906918525696,1.650161623954773
2000,mha,42,5,8,0.0945746898651123,0.09443986415863037,1.650161623954773
2000,mha,42,5,9,0.0348631776869297,0.04335205629467964,1.650161623954773
2000,mha,42,5,10,0.04405822604894638,0.06097360700368881,1.650161623954773
2000,mha,42,5,11,0.04143412411212921,0.04363202303647995,1.650161623954773
2000,mha,42,5,12,0.09071645140647888,0.07813003659248352,1.650161623954773
2000,mha,42,5,13,0.05401723086833954,0.05103904381394386,1.650161623954773
2000,mha,42,5,14,0.04464579373598099,0.04705656319856644,1.650161623954773
2000,mha,42,5,15,0.1053408831357956,0.09592138230800629,1.650161623954773
2500,mha,42,1,0,0.03434458374977112,0.04823732748627663,2.257629156112671
2500,mha,42,1,1,0.05506795272231102,0.06072615832090378,2.257629156112671
2500,mha,42,1,2,0.07006469368934631,0.06729622185230255,2.257629156112671
2500,mha,42,1,3,0.05548004060983658,0.059765249490737915,2.257629156112671
2500,mha,42,1,4,0.0692196637392044,0.06310848891735077,2.257629156112671
2500,mha,42,1,5,0.050760701298713684,0.06323570758104324,2.257629156112671
2500,mha,42,1,6,0.04854431003332138,0.05501313507556915,2.257629156112671
2500,mha,42,1,7,0.07565551996231079,0.06888796389102936,2.257629156112671
2500,mha,42,1,8,0.06835662573575974,0.07172784209251404,2.257629156112671
2500,mha,42,1,9,0.07093770056962967,0.059354815632104874,2.257629156112671
2500,mha,42,1,10,0.0665791854262352,0.06555712223052979,2.257629156112671
2500,mha,42,1,11,0.05713002383708954,0.06064825877547264,2.257629156112671
2500,mha,42,1,12,0.06647908687591553,0.06069455295801163,2.257629156112671
2500,mha,42,1,13,0.08226227015256882,0.08387474715709686,2.257629156112671
2500,mha,42,1,14,0.07130564004182816,0.064922995865345,2.257629156112671
2500,mha,42,1,15,0.05781199038028717,0.04694930091500282,2.257629156112671
2500,mha,42,2,0,0.08531494438648224,0.08238820731639862,1.7052550315856934
2500,mha,42,2,1,0.04829152300953865,0.050189048051834106,1.7052550315856934
2500,mha,42,2,2,0.08279744535684586,0.07664947956800461,1.7052550315856934
2500,mha,42,2,3,0.039456482976675034,0.043328382074832916,1.7052550315856934
2500,mha,42,2,4,0.04906809329986572,0.05370883271098137,1.7052550315856934
2500,mha,42,2,5,0.06483194977045059,0.07110528647899628,1.7052550315856934
2500,mha,42,2,6,0.07910939306020737,0.07125064730644226,1.7052550315856934
2500,mha,42,2,7,0.045983582735061646,0.054853539913892746,1.7052550315856934
2500,mha,42,2,8,0.08150746673345566,0.0861443281173706,1.7052550315856934
2500,mha,42,2,9,0.059693094342947006,0.055052973330020905,1.7052550315856934
2500,mha,42,2,10,0.07046803832054138,0.06806355714797974,1.7052550315856934
2500,mha,42,2,11,0.07938547432422638,0.07315073907375336,1.7052550315856934
2500,mha,42,2,12,0.031242167577147484,0.038039807230234146,1.7052550315856934
2500,mha,42,2,13,0.06810333579778671,0.05768954008817673,1.7052550315856934
2500,mha,42,2,14,0.05300384387373924,0.05784634128212929,1.7052550315856934
2500,mha,42,2,15,0.06174316257238388,0.060539163649082184,1.7052550315856934
2500,mha,42,3,0,0.07617014646530151,0.07704149186611176,1.3508100509643555
2500,mha,42,3,1,0.0579242967069149,0.04851667582988739,1.3508100509643555
2500,mha,42,3,2,0.06855570524930954,0.06424740701913834,1.3508100509643555
2500,mha,42,3,3,0.045771077275276184,0.0408615842461586,1.3508100509643555
2500,mha,42,3,4,0.046944886445999146,0.04383210092782974,1.3508100509643555
2500,mha,42,3,5,0.09949371218681335,0.09376473724842072,1.3508100509643555
2500,mha,42,3,6,0.024837341159582138,0.02672710083425045,1.3508100509643555
2500,mha,42,3,7,0.06587900966405869,0.05154452845454216,1.3508100509643555
2500,mha,42,3,8,0.04833313077688217,0.04952336847782135,1.3508100509643555
2500,mha,42,3,9,0.052490029484033585,0.06082460284233093,1.3508100509643555
2500,mha,42,3,10,0.09325683861970901,0.09433137625455856,1.3508100509643555
2500,mha,42,3,11,0.04808715730905533,0.0595257505774498,1.3508100509643555
2500,mha,42,3,12,0.046941325068473816,0.055368926376104355,1.3508100509643555
2500,mha,42,3,13,0.06571553647518158,0.06024635210633278,1.3508100509643555
2500,mha,42,3,14,0.09296661615371704,0.1130066066980362,1.3508100509643555
2500,mha,42,3,15,0.0666332021355629,0.060637399554252625,1.3508100509643555
2500,mha,42,4,0,0.07776397466659546,0.0846509262919426,1.3787568807601929
2500,mha,42,4,1,0.05902160704135895,0.07062536478042603,1.3787568807601929
2500,mha,42,4,2,0.07164499908685684,0.0680827647447586,1.3787568807601929
2500,mha,42,4,3,0.05503183975815773,0.059142354875802994,1.3787568807601929
2500,mha,42,4,4,0.06037383899092674,0.059540145099163055,1.3787568807601929
2500,mha,42,4,5,0.053466085344552994,0.0588386207818985,1.3787568807601929
2500,mha,42,4,6,0.06639943271875381,0.05819964036345482,1.3787568807601929
2500,mha,42,4,7,0.05342153087258339,0.046467237174510956,1.3787568807601929
2500,mha,42,4,8,0.031598206609487534,0.043980423361063004,1.3787568807601929
2500,mha,42,4,9,0.06847361475229263,0.06804472953081131,1.3787568807601929
2500,mha,42,4,10,0.085345558822155,0.07401847839355469,1.3787568807601929
2500,mha,42,4,11,0.021714884787797928,0.026472153142094612,1.3787568807601929
2500,mha,42,4,12,0.049477946013212204,0.04994804412126541,1.3787568807601929
2500,mha,42,4,13,0.094317726790905,0.09309922903776169,1.3787568807601929
2500,mha,42,4,14,0.07812337577342987,0.06900275498628616,1.3787568807601929
2500,mha,42,4,15,0.07382538169622421,0.06988708674907684,1.3787568807601929
2500,mha,42,5,0,0.06772705167531967,0.06646708399057388,1.617105484008789
2500,mha,42,5,1,0.05067789554595947,0.04574348405003548,1.617105484008789
2500,mha,42,5,2,0.06968902796506882,0.07358406484127045,1.617105484008789
2500,mha,42,5,3,0.06660675257444382,0.07884231209754944,1.617105484008789
2500,mha,42,5,4,0.08618845790624619,0.07733538001775742,1.617105484008789
2500,mha,42,5,5,0.06183624267578125,0.0448966808617115,1.617105484008789
2500,mha,42,5,6,0.03543192520737648,0.04301456734538078,1.617105484008789
2500,mha,42,5,7,0.04547698795795441,0.048173774033784866,1.617105484008789
2500,mha,42,5,8,0.09309244900941849,0.09656163305044174,1.617105484008789
2500,mha,42,5,9,0.03659261018037796,0.04446307569742203,1.617105484008789
2500,mha,42,5,10,0.04994781315326691,0.07048168778419495,1.617105484008789
2500,mha,42,5,11,0.0442371629178524,0.04493836313486099,1.617105484008789
2500,mha,42,5,12,0.08735453337430954,0.0749097391963005,1.617105484008789
2500,mha,42,5,13,0.05375508591532707,0.049968600273132324,1.617105484008789
2500,mha,42,5,14,0.048476360738277435,0.047629810869693756,1.617105484008789
2500,mha,42,5,15,0.1029096469283104,0.09298960119485855,1.617105484008789
3000,mha,42,1,0,0.055302124470472336,0.05775249004364014,2.2548201084136963
3000,mha,42,1,1,0.06980570405721664,0.06880296766757965,2.2548201084136963
3000,mha,42,1,2,0.09561940282583237,0.08041144907474518,2.2548201084136963
3000,mha,42,1,3,0.05885457247495651,0.06144071742892265,2.2548201084136963
3000,mha,42,1,4,0.05312968045473099,0.05676344037055969,2.2548201084136963
3000,mha,42,1,5,0.04890299588441849,0.06000613048672676,2.2548201084136963
3000,mha,42,1,6,0.07664856314659119,0.06262312829494476,2.2548201084136963
3000,mha,42,1,7,0.05705637484788895,0.06405457109212875,2.2548201084136963
3000,mha,42,1,8,0.07279032468795776,0.07355926185846329,2.2548201084136963
3000,mha,42,1,9,0.04190582409501076,0.054793134331703186,2.2548201084136963
3000,mha,42,1,10,0.08063822239637375,0.06583824753761292,2.2548201084136963
3000,mha,42,1,11,0.05373881012201309,0.057316042482852936,2.2548201084136963
3000,mha,42,1,12,0.06084086000919342,0.058545492589473724,2.2548201084136963
3000,mha,42,1,13,0.07224579155445099,0.07686769217252731,2.2548201084136963
3000,mha,42,1,14,0.04827718064188957,0.056850865483284,2.2548201084136963
3000,mha,42,1,15,0.05424357205629349,0.04437437653541565,2.2548201084136963
3000,mha,42,2,0,0.0799478143453598,0.0773710310459137,1.7158050537109375
3000,mha,42,2,1,0.059456683695316315,0.05726870149374008,1.7158050537109375
3000,mha,42,2,2,0.0709068775177002,0.06987684220075607,1.7158050537109375
3000,mha,42,2,3,0.0361887626349926,0.042526233941316605,1.7158050537109375
3000,mha,42,2,4,0.04659657925367355,0.052784278988838196,1.7158050537109375
3000,mha,42,2,5,0.0747927874326706,0.07943502068519592,1.7158050537109375
3000,mha,42,2,6,0.06705627590417862,0.06312402337789536,1.7158050537109375
3000,mha,42,2,7,0.0570627860724926,0.05673971027135849,1.7158050537109375
3000,mha,42,2,8,0.08098968863487244,0.08467347174882889,1.7158050537109375
3000,mha,42,2,9,0.07143768668174744,0.06176683306694031,1.7158050537109375
3000,mha,42,2,10,0.06212829425930977,0.06564033776521683,1.7158050537109375
3000,mha,42,2,11,0.0794404074549675,0.0739387795329094,1.7158050537109375
3000,mha,42,2,12,0.03321217745542526,0.03985999897122383,1.7158050537109375
3000,mha,42,2,13,0.06528615206480026,0.053502388298511505,1.7158050537109375
3000,mha,42,2,14,0.06405995786190033,0.0643790140748024,1.7158050537109375
3000,mha,42,2,15,0.051437072455883026,0.057113368064165115,1.7158050537109375
3000,mha,42,3,0,0.0731310024857521,0.07545409351587296,1.340317726135254
3000,mha,42,3,1,0.05966440960764885,0.0492451973259449,1.340317726135254
3000,mha,42,3,2,0.06522786617279053,0.06341343373060226,1.340317726135254
3000,mha,42,3,3,0.045364174991846085,0.042762283235788345,1.340317726135254
3000,mha,42,3,4,0.035385336726903915,0.03849370777606964,1.340317726135254
3000,mha,42,3,5,0.10079650580883026,0.09312181919813156,1.340317726135254
3000,mha,42,3,6,0.028681131079792976,0.028387168422341347,1.340317726135254
3000,mha,42,3,7,0.07097992300987244,0.05484238266944885,1.340317726135254
3000,mha,42,3,8,0.048114318400621414,0.04877170920372009,1.340317726135254
3000,mha,42,3,9,0.05350738391280174,0.061418190598487854,1.340317726135254
3000,mha,42,3,10,0.09512634575366974,0.09646192193031311,1.340317726135254
3000,mha,42,3,11,0.047619324177503586,0.05661117658019066,1.340317726135254
3000,mha,42,3,12,0.04390411451458931,0.05462713912129402,1.340317726135254
3000,mha,42,3,13,0.07220642268657684,0.062010928988456726,1.340317726135254
3000,mha,42,3,14,0.09233764559030533,0.11386089026927948,1.340317726135254
3000,mha,42,3,15,0.06795410066843033,0.06051783263683319,1.340317726135254
3000,mha,42,4,0,0.07727529108524323,0.08611393719911575,1.360933542251587
3000,mha,42,4,1,0.05720276013016701,0.07085542380809784,1.360933542251587
3000,mha,42,4,2,0.0718638077378273,0.06800323724746704,1.360933542251587
3000,mha,42,4,3,0.05225636810064316,0.0532175712287426,1.360933542251587
3000,mha,42,4,4,0.05915791913866997,0.05940769240260124,1.360933542251587
3000,mha,42,4,5,0.05838765576481819,0.06097548082470894,1.360933542251587
3000,mha,42,4,6,0.05968882143497467,0.05301010608673096,1.360933542251587
3000,mha,42,4,7,0.056579384952783585,0.047856636345386505,1.360933542251587
3000,mha,42,4,8,0.028357340022921562,0.04332732781767845,1.360933542251587
3000,mha,42,4,9,0.06755472719669342,0.06653106957674026,1.360933542251587
3000,mha,42,4,10,0.0845470204949379,0.0733008161187172,1.360933542251587
3000,mha,42,4,11,0.025381367653608322,0.027390722185373306,1.360933542251587
3000,mha,42,4,12,0.04449808597564697,0.047013577073812485,1.360933542251587
3000,mha,42,4,13,0.09739186614751816,0.09564947336912155,1.360933542251587
3000,mha,42,4,14,0.08121857047080994,0.07419651746749878,1.360933542251587
3000,mha,42,4,15,0.07863901555538177,0.07315056771039963,1.360933542251587
3000,mha,42,5,0,0.06779154390096664,0.0676422044634819,1.603699803352356
3000,mha,42,5,1,0.04768981784582138,0.04365183040499687,1.603699803352356
3000,mha,42,5,2,0.06674712896347046,0.07264702767133713,1.603699803352356
3000,mha,42,5,3,0.06347686797380447,0.07623756676912308,1.603699803352356
3000,mha,42,5,4,0.08948028832674026,0.07946236431598663,1.603699803352356
3000,mha,42,5,5,0.062345072627067566,0.04732392728328705,1.603699803352356
3000,mha,42,5,6,0.0352662168443203,0.04095708578824997,1.603699803352356
3000,mha,42,5,7,0.04117370769381523,0.04416787624359131,1.603699803352356
3000,mha,42,5,8,0.09717590361833572,0.09894370287656784,1.603699803352356
3000,mha,42,5,9,0.03676849231123924,0.04471598193049431,1.603699803352356
3000,mha,42,5,10,0.04786397144198418,0.0654439702630043,1.603699803352356
3000,mha,42,5,11,0.0499756895005703,0.0492122620344162,1.603699803352356
3000,mha,42,5,12,0.08721517026424408,0.07379988580942154,1.603699803352356
3000,mha,42,5,13,0.05460306629538536,0.05079076439142227,1.603699803352356
3000,mha,42,5,14,0.04570109024643898,0.04654724895954132,1.603699803352356
3000,mha,42,5,15,0.10672597587108612,0.09845629334449768,1.603699803352356
3500,mha,42,1,0,0.04941467195749283,0.05449892207980156,2.225097179412842
3500,mha,42,1,1,0.07667084038257599,0.0716157928109169,2.225097179412842
3500,mha,42,1,2,0.0941372662782669,0.0793929472565651,2.225097179412842
3500,mha,42,1,3,0.05666768550872803,0.060050997883081436,2.225097179412842
3500,mha,42,1,4,0.05233296751976013,0.05604677274823189,2.225097179412842
3500,mha,42,1,5,0.03863311931490898,0.05511384829878807,2.225097179412842
3500,mha,42,1,6,0.07093892246484756,0.05955452099442482,2.225097179412842
3500,mha,42,1,7,0.08122996240854263,0.06980825215578079,2.225097179412842
3500,mha,42,1,8,0.07379771023988724,0.07707998156547546,2.225097179412842
3500,mha,42,1,9,0.035615742206573486,0.05014316737651825,2.225097179412842
3500,mha,42,1,10,0.05971059203147888,0.059080518782138824,2.225097179412842
3500,mha,42,1,11,0.05515686050057411,0.05997556075453758,2.225097179412842
3500,mha,42,1,12,0.060945942997932434,0.058396968990564346,2.225097179412842
3500,mha,42,1,13,0.07216949760913849,0.07893096655607224,2.225097179412842
3500,mha,42,1,14,0.057348430156707764,0.059132665395736694,2.225097179412842
3500,mha,42,1,15,0.06522979587316513,0.05117814242839813,2.225097179412842
3500,mha,42,2,0,0.08311451971530914,0.07918669283390045,1.6748796701431274
3500,mha,42,2,1,0.04492340236902237,0.047569189220666885,1.6748796701431274
3500,mha,42,2,2,0.07518961280584335,0.07250876724720001,1.6748796701431274
3500,mha,42,2,3,0.04112152010202408,0.04629610851407051,1.6748796701431274
3500,mha,42,2,4,0.045301105827093124,0.050843752920627594,1.6748796701431274
3500,mha,42,2,5,0.07392048835754395,0.07585310190916061,1.6748796701431274
3500,mha,42,2,6,0.0746498629450798,0.06979936361312866,1.6748796701431274
3500,mha,42,2,7,0.04731384292244911,0.052213504910469055,1.6748796701431274
3500,mha,42,2,8,0.08372324705123901,0.08851386606693268,1.6748796701431274
3500,mha,42,2,9,0.06697652488946915,0.05710403621196747,1.6748796701431274
3500,mha,42,2,10,0.0611305758357048,0.06308428943157196,1.6748796701431274
3500,mha,42,2,11,0.08064056187868118,0.07625684887170792,1.6748796701431274
3500,mha,42,2,12,0.032408855855464935,0.03912461921572685,1.6748796701431274
3500,mha,42,2,13,0.07618092745542526,0.06065404415130615,1.6748796701431274
3500,mha,42,2,14,0.059416912496089935,0.06328687071800232,1.6748796701431274
3500,mha,42,2,15,0.05398803576827049,0.057704851031303406,1.6748796701431274
3500,mha,42,3,0,0.06590515375137329,0.06927074491977692,1.3237978219985962
3500,mha,42,3,1,0.055856525897979736,0.04805722087621689,1.3237978219985962
3500,mha,42,3,2,0.07123321294784546,0.06899779289960861,1.3237978219985962
3500,mha,42,3,3,0.05405527725815773,0.049199823290109634,1.3237978219985962
3500,mha,42,3,4,0.0390847772359848,0.04093101993203163,1.3237978219985962
3500,mha,42,3,5,0.10542704164981842,0.09994261711835861,1.3237978219985962
3500,mha,42,3,6,0.026814065873622894,0.0273045152425766,1.3237978219985962
3500,mha,42,3,7,0.05951446667313576,0.046342793852090836,1.3237978219985962
3500,mha,42,3,8,0.05042450129985809,0.050596024841070175,1.3237978219985962
3500,mha,42,3,9,0.053881529718637466,0.05979595705866814,1.3237978219985962
3500,mha,42,3,10,0.09263855218887329,0.08776336908340454,1.3237978219985962
3500,mha,42,3,11,0.05492014437913895,0.0640624538064003,1.3237978219985962
3500,mha,42,3,12,0.043288372457027435,0.051050059497356415,1.3237978219985962
3500,mha,42,3,13,0.06644419580698013,0.0580788217484951,1.3237978219985962
3500,mha,42,3,14,0.09167887270450592,0.11715878546237946,1.3237978219985962
3500,mha,42,3,15,0.06883331388235092,0.06144803389906883,1.3237978219985962
3500,mha,42,4,0,0.0795346051454544,0.08689393103122711,1.3488383293151855
3500,mha,42,4,1,0.05563313886523247,0.06782789528369904,1.3488383293151855
3500,mha,42,4,2,0.07434315979480743,0.06951463967561722,1.3488383293151855
3500,mha,42,4,3,0.05182942748069763,0.053399939090013504,1.3488383293151855
3500,mha,42,4,4,0.06342010200023651,0.06599915772676468,1.3488383293151855
3500,mha,42,4,5,0.055924784392118454,0.05910491943359375,1.3488383293151855
3500,mha,42,4,6,0.058931782841682434,0.05266957730054855,1.3488383293151855
3500,mha,42,4,7,0.05978281795978546,0.04920918121933937,1.3488383293151855
3500,mha,42,4,8,0.027209371328353882,0.0410592146217823,1.3488383293151855
3500,mha,42,4,9,0.06804636865854263,0.06724656373262405,1.3488383293151855
3500,mha,42,4,10,0.0839768499135971,0.07531528174877167,1.3488383293151855
3500,mha,42,4,11,0.029945679008960724,0.029523620381951332,1.3488383293151855
3500,mha,42,4,12,0.04359639436006546,0.048946648836135864,1.3488383293151855
3500,mha,42,4,13,0.0898272693157196,0.08837828040122986,1.3488383293151855
3500,mha,42,4,14,0.0796368420124054,0.07352171093225479,1.3488383293151855
3500,mha,42,4,15,0.0783614069223404,0.07138954848051071,1.3488383293151855
3500,mha,42,5,0,0.06604614108800888,0.06660871207714081,1.6056898832321167
3500,mha,42,5,1,0.05719462037086487,0.05213160440325737,1.6056898832321167
3500,mha,42,5,2,0.06310587376356125,0.06870400160551071,1.6056898832321167
3500,mha,42,5,3,0.06384460628032684,0.07621173560619354,1.6056898832321167
3500,mha,42,5,4,0.08694183081388474,0.07838355004787445,1.6056898832321167
3500,mha,42,5,5,0.0572795607149601,0.044480789452791214,1.6056898832321167
3500,mha,42,5,6,0.03984649479389191,0.04501610994338989,1.6056898832321167
3500,mha,42,5,7,0.04371734708547592,0.04842336103320122,1.6056898832321167
3500,mha,42,5,8,0.09348876774311066,0.09118422120809555,1.6056898832321167
3500,mha,42,5,9,0.04072875902056694,0.04774918407201767,1.6056898832321167
3500,mha,42,5,10,0.046576742082834244,0.0653630793094635,1.6056898832321167
3500,mha,42,5,11,0.04663380980491638,0.04730035364627838,1.6056898832321167
3500,mha,42,5,12,0.08992034941911697,0.07673517614603043,1.6056898832321167
3500,mha,42,5,13,0.05393625795841217,0.051273830235004425,1.6056898832321167
3500,mha,42,5,14,0.0457681268453598,0.04649507626891136,1.6056898832321167
3500,mha,42,5,15,0.10497070103883743,0.09393918514251709,1.6056898832321167
4000,mha,42,1,0,0.04127390682697296,0.05113173648715019,2.203857898712158
4000,mha,42,1,1,0.06442850828170776,0.06706162542104721,2.203857898712158
4000,mha,42,1,2,0.09254516661167145,0.07735184580087662,2.203857898712158
4000,mha,42,1,3,0.05482269451022148,0.05942631885409355,2.203857898712158
4000,mha,42,1,4,0.05064300447702408,0.054682038724422455,2.203857898712158
4000,mha,42,1,5,0.04776570573449135,0.05753810331225395,2.203857898712158
4000,mha,42,1,6,0.07423055171966553,0.060933906584978104,2.203857898712158
4000,mha,42,1,7,0.05708364024758339,0.06220599636435509,2.203857898712158
4000,mha,42,1,8,0.0757497176527977,0.0798681303858757,2.203857898712158
4000,mha,42,1,9,0.04719085618853569,0.052674587815999985,2.203857898712158
4000,mha,42,1,10,0.06504862755537033,0.06056386977434158,2.203857898712158
4000,mha,42,1,11,0.05599670484662056,0.059727299958467484,2.203857898712158
4000,mha,42,1,12,0.07003499567508698,0.06249720975756645,2.203857898712158
4000,mha,42,1,13,0.07345326989889145,0.08111278712749481,2.203857898712158
4000,mha,42,1,14,0.05900624766945839,0.05938798189163208,2.203857898712158
4000,mha,42,1,15,0.0707264170050621,0.05383645370602608,2.203857898712158
4000,mha,42,2,0,0.07206125557422638,0.07341689616441727,1.6771045923233032
4000,mha,42,2,1,0.049158934503793716,0.05171974003314972,1.6771045923233032
4000,mha,42,2,2,0.08275085687637329,0.07481199502944946,1.6771045923233032
4000,mha,42,2,3,0.03775065019726753,0.044644396752119064,1.6771045923233032
4000,mha,42,2,4,0.053761087357997894,0.060768164694309235,1.6771045923233032
4000,mha,42,2,5,0.07311777770519257,0.07512987405061722,1.6771045923233032
4000,mha,42,2,6,0.06922373175621033,0.06586910039186478,1.6771045923233032
4000,mha,42,2,7,0.055533040314912796,0.055561769753694534,1.6771045923233032
4000,mha,42,2,8,0.08552601933479309,0.08671832829713821,1.6771045923233032
4000,mha,42,2,9,0.05608927458524704,0.05131932720541954,1.6771045923233032
4000,mha,42,2,10,0.05514048412442207,0.059748705476522446,1.6771045923233032
4000,mha,42,2,11,0.0788230374455452,0.07365691661834717,1.6771045923233032
4000,mha,42,2,12,0.040316466242074966,0.04375351965427399,1.6771045923233032
4000,mha,42,2,13,0.07280954718589783,0.05920591950416565,1.6771045923233032
4000,mha,42,2,14,0.0618419386446476,0.06375955790281296,1.6771045923233032
4000,mha,42,2,15,0.05609588697552681,0.05991585552692413,1.6771045923233032
4000,mha,42,3,0,0.06782155483961105,0.07159421592950821,1.314304232597351
4000,mha,42,3,1,0.053915709257125854,0.0461534783244133,1.314304232597351
4000,mha,42,3,2,0.06859639286994934,0.06760315597057343,1.314304232597351
4000,mha,42,3,3,0.05169067531824112,0.04735877737402916,1.314304232597351
4000,mha,42,3,4,0.040516458451747894,0.04253813251852989,1.314304232597351
4000,mha,42,3,5,0.11178486794233322,0.1074814572930336,1.314304232597351
4000,mha,42,3,6,0.027423705905675888,0.028129518032073975,1.314304232597351
4000,mha,42,3,7,0.061796773225069046,0.04922330379486084,1.314304232597351
4000,mha,42,3,8,0.04534352570772171,0.0470363050699234,1.314304232597351
4000,mha,42,3,9,0.049385882914066315,0.058655187487602234,1.314304232597351
4000,mha,42,3,10,0.09484507143497467,0.08831324428319931,1.314304232597351
4000,mha,42,3,11,0.05039011687040329,0.060494352132081985,1.314304232597351
4000,mha,42,3,12,0.04190877452492714,0.05080057308077812,1.314304232597351
4000,mha,42,3,13,0.07523203641176224,0.06509578973054886,1.314304232597351
4000,mha,42,3,14,0.08642984926700592,0.10493648052215576,1.314304232597351
4000,mha,42,3,15,0.072918601334095,0.06458621472120285,1.314304232597351
4000,mha,42,4,0,0.07230336219072342,0.08101873099803925,1.326562762260437
4000,mha,42,4,1,0.055497944355010986,0.06914883106946945,1.326562762260437
4000,mha,42,4,2,0.07060018181800842,0.06683856248855591,1.326562762260437
4000,mha,42,4,3,0.052956849336624146,0.05601854249835014,1.326562762260437
4000,mha,42,4,4,0.052826132625341415,0.05504096299409866,1.326562762260437
4000,mha,42,4,5,0.05895436555147171,0.06009373441338539,1.326562762260437
4000,mha,42,4,6,0.05849507823586464,0.05207065865397453,1.326562762260437
4000,mha,42,4,7,0.06720947474241257,0.0532330647110939,1.326562762260437
4000,mha,42,4,8,0.024072570726275444,0.038500700145959854,1.326562762260437
4000,mha,42,4,9,0.0689157098531723,0.0696832612156868,1.326562762260437
4000,mha,42,4,10,0.08200053125619888,0.07508396357297897,1.326562762260437
4000,mha,42,4,11,0.030998840928077698,0.030208628624677658,1.326562762260437
4000,mha,42,4,12,0.04890492931008339,0.053190894424915314,1.326562762260437
4000,mha,42,4,13,0.09228119254112244,0.09077420830726624,1.326562762260437
4000,mha,42,4,14,0.08821899443864822,0.07995396852493286,1.326562762260437
4000,mha,42,4,15,0.07576385140419006,0.06914136558771133,1.326562762260437
4000,mha,42,5,0,0.07285776734352112,0.07424873113632202,1.5807830095291138
4000,mha,42,5,1,0.052925314754247665,0.04931330680847168,1.5807830095291138
4000,mha,42,5,2,0.06931132078170776,0.07440486550331116,1.5807830095291138
4000,mha,42,5,3,0.06575032323598862,0.07856940478086472,1.5807830095291138
4000,mha,42,5,4,0.08470468968153,0.07494865357875824,1.5807830095291138
4000,mha,42,5,5,0.060287680476903915,0.04838131368160248,1.5807830095291138
4000,mha,42,5,6,0.035588786005973816,0.04086931049823761,1.5807830095291138
4000,mha,42,5,7,0.039944253861904144,0.046341121196746826,1.5807830095291138
4000,mha,42,5,8,0.09592193365097046,0.09481202811002731,1.5807830095291138
4000,mha,42,5,9,0.03842051327228546,0.04424839839339256,1.5807830095291138
4000,mha,42,5,10,0.04375050961971283,0.06242735683917999,1.5807830095291138
4000,mha,42,5,11,0.0457344576716423,0.04741694778203964,1.5807830095291138
4000,mha,42,5,12,0.08837239444255829,0.07422031462192535,1.5807830095291138
4000,mha,42,5,13,0.052068378776311874,0.049265097826719284,1.5807830095291138
4000,mha,42,5,14,0.053753457963466644,0.05283671244978905,1.5807830095291138
4000,mha,42,5,15,0.1006082147359848,0.0876966342329979,1.5807830095291138
4500,mha,42,1,0,0.05462127551436424,0.0562543123960495,2.203084707260132
4500,mha,42,1,1,0.07060211151838303,0.07052186131477356,2.203084707260132
4500,mha,42,1,2,0.08207794278860092,0.07362930476665497,2.203084707260132
4500,mha,42,1,3,0.06202229857444763,0.06161853298544884,2.203084707260132
4500,mha,42,1,4,0.05093038082122803,0.05555564910173416,2.203084707260132
4500,mha,42,1,5,0.05501159653067589,0.06083087995648384,2.203084707260132
4500,mha,42,1,6,0.05975280702114105,0.05714493989944458,2.203084707260132
4500,mha,42,1,7,0.06024627760052681,0.062208447605371475,2.203084707260132
4500,mha,42,1,8,0.06516377627849579,0.07626987993717194,2.203084707260132
4500,mha,42,1,9,0.07282206416130066,0.061728522181510925,2.203084707260132
4500,mha,42,1,10,0.05472717434167862,0.05698589235544205,2.203084707260132
4500,mha,42,1,11,0.060122985392808914,0.06297841668128967,2.203084707260132
4500,mha,42,1,12,0.06502838432788849,0.0588441900908947,2.203084707260132
4500,mha,42,1,13,0.06772471219301224,0.07783596962690353,2.203084707260132
4500,mha,42,1,14,0.05237884446978569,0.055539511144161224,2.203084707260132
4500,mha,42,1,15,0.0667673721909523,0.052053630352020264,2.203084707260132
4500,mha,42,2,0,0.07813934236764908,0.07729320228099823,1.6718940734863281
4500,mha,42,2,1,0.05527038499712944,0.05408504977822304,1.6718940734863281
4500,mha,42,2,2,0.08016306906938553,0.07207104563713074,1.6718940734863281
4500,mha,42,2,3,0.03506072983145714,0.04308236390352249,1.6718940734863281
4500,mha,42,2,4,0.04662628099322319,0.05462344363331795,1.6718940734863281
4500,mha,42,2,5,0.07629038393497467,0.07752758264541626,1.6718940734863281
4500,mha,42,2,6,0.06919321417808533,0.06664673238992691,1.6718940734863281
4500,mha,42,2,7,0.052874449640512466,0.054490286856889725,1.6718940734863281
4500,mha,42,2,8,0.08554372191429138,0.08589251339435577,1.6718940734863281
4500,mha,42,2,9,0.06082722917199135,0.05533995479345322,1.6718940734863281
4500,mha,42,2,10,0.0681610107421875,0.07035496085882187,1.6718940734863281
4500,mha,42,2,11,0.0731651782989502,0.0689895898103714,1.6718940734863281
4500,mha,42,2,12,0.040634967386722565,0.042923007160425186,1.6718940734863281
4500,mha,42,2,13,0.06935455650091171,0.05574789643287659,1.6718940734863281
4500,mha,42,2,14,0.05985453352332115,0.06392915546894073,1.6718940734863281
4500,mha,42,2,15,0.04884094372391701,0.057003453373909,1.6718940734863281
4500,mha,42,3,0,0.06719258427619934,0.06972704827785492,1.331845998764038
4500,mha,42,3,1,0.06330973654985428,0.054722126573324203,1.331845998764038
4500,mha,42,3,2,0.061267394572496414,0.05795777589082718,1.331845998764038
4500,mha,42,3,3,0.05605163425207138,0.05148644745349884,1.331845998764038
4500,mha,42,3,4,0.0415261834859848,0.044510483741760254,1.331845998764038
4500,mha,42,3,5,0.10876596719026566,0.10402747243642807,1.331845998764038
4500,mha,42,3,6,0.028449198231101036,0.02890448272228241,1.331845998764038
4500,mha,42,3,7,0.061124980449676514,0.04697217792272568,1.331845998764038
4500,mha,42,3,8,0.05093760043382645,0.05067722126841545,1.331845998764038
4500,mha,42,3,9,0.0439453125,0.05453940108418465,1.331845998764038
4500,mha,42,3,10,0.09689605981111526,0.09011010825634003,1.331845998764038
4500,mha,42,3,11,0.05053344741463661,0.05996308475732803,1.331845998764038
4500,mha,42,3,12,0.03821065276861191,0.050826650112867355,1.331845998764038
4500,mha,42,3,13,0.0774465948343277,0.06476222723722458,1.331845998764038
4500,mha,42,3,14,0.08598754554986954,0.10954324156045914,1.331845998764038
4500,mha,42,3,15,0.06835510581731796,0.06127011775970459,1.331845998764038
4500,mha,42,4,0,0.07028412073850632,0.07886893302202225,1.3178904056549072
4500,mha,42,4,1,0.05586100369691849,0.0682121217250824,1.3178904056549072
4500,mha,42,4,2,0.0727933719754219,0.0690896064043045,1.3178904056549072
4500,mha,42,4,3,0.05270680785179138,0.055307917296886444,1.3178904056549072
4500,mha,42,4,4,0.06813191622495651,0.07258595526218414,1.3178904056549072
4500,mha,42,4,5,0.06223083660006523,0.06322942674160004,1.3178904056549072
4500,mha,42,4,6,0.06477752327919006,0.05656092241406441,1.3178904056549072
4500,mha,42,4,7,0.05972686782479286,0.04721519723534584,1.3178904056549072
4500,mha,42,4,8,0.02749125100672245,0.04160485044121742,1.3178904056549072
4500,mha,42,4,9,0.06973887234926224,0.06905066221952438,1.3178904056549072
4500,mha,42,4,10,0.07722432166337967,0.06974885612726212,1.3178904056549072
4500,mha,42,4,11,0.026675211265683174,0.027082907035946846,1.3178904056549072
4500,mha,42,4,12,0.04177388548851013,0.04695895314216614,1.3178904056549072
4500,mha,42,4,13,0.09047902375459671,0.0886041671037674,1.3178904056549072
4500,mha,42,4,14,0.08511678129434586,0.07607347518205643,1.3178904056549072
4500,mha,42,4,15,0.07498820126056671,0.06980608403682709,1.3178904056549072
4500,mha,42,5,0,0.06555481255054474,0.06787198036909103,1.5870522260665894
4500,mha,42,5,1,0.05002553388476372,0.04738347977399826,1.5870522260665894
4500,mha,42,5,2,0.06379272788763046,0.07018771767616272,1.5870522260665894
4500,mha,42,5,3,0.0618610642850399,0.07325293868780136,1.5870522260665894
4500,mha,42,5,4,0.08819722384214401,0.07728663831949234,1.5870522260665894
4500,mha,42,5,5,0.0600699856877327,0.047085199505090714,1.5870522260665894
4500,mha,42,5,6,0.03831532970070839,0.043503835797309875,1.5870522260665894
4500,mha,42,5,7,0.0419241338968277,0.05008789524435997,1.5870522260665894
4500,mha,42,5,8,0.09619669616222382,0.09548714011907578,1.5870522260665894
4500,mha,42,5,9,0.03838714584708214,0.044406283646821976,1.5870522260665894
4500,mha,42,5,10,0.046369120478630066,0.06406266242265701,1.5870522260665894
4500,mha,42,5,11,0.04925435408949852,0.049320947378873825,1.5870522260665894
4500,mha,42,5,12,0.09368988126516342,0.07886552065610886,1.5870522260665894
4500,mha,42,5,13,0.04861195757985115,0.046930551528930664,1.5870522260665894
4500,mha,42,5,14,0.05558370053768158,0.05425111949443817,1.5870522260665894
4500,mha,42,5,15,0.10216633975505829,0.09001614898443222,1.5870522260665894
5000,mha,42,1,0,0.05878946930170059,0.058034706860780716,2.181781053543091
5000,mha,42,1,1,0.05982808396220207,0.06357938051223755,2.181781053543091
5000,mha,42,1,2,0.0891023799777031,0.07645311206579208,2.181781053543091
5000,mha,42,1,3,0.06512431055307388,0.06274883449077606,2.181781053543091
5000,mha,42,1,4,0.05654744431376457,0.058076661080121994,2.181781053543091
5000,mha,42,1,5,0.03961588442325592,0.05523476377129555,2.181781053543091
5000,mha,42,1,6,0.05809631198644638,0.05529705062508583,2.181781053543091
5000,mha,42,1,7,0.061960652470588684,0.061049867421388626,2.181781053543091
5000,mha,42,1,8,0.07188568264245987,0.07685133069753647,2.181781053543091
5000,mha,42,1,9,0.043251849710941315,0.05166863277554512,2.181781053543091
5000,mha,42,1,10,0.06495371460914612,0.06200048327445984,2.181781053543091
5000,mha,42,1,11,0.06318135559558868,0.06596251577138901,2.181781053543091
5000,mha,42,1,12,0.07282521575689316,0.0640311911702156,2.181781053543091
5000,mha,42,1,13,0.07013387233018875,0.07826071232557297,2.181781053543091
5000,mha,42,1,14,0.06740590184926987,0.06441972404718399,2.181781053543091
5000,mha,42,1,15,0.05729787051677704,0.04633108526468277,2.181781053543091
5000,mha,42,2,0,0.08013753592967987,0.07760286331176758,1.6713297367095947
5000,mha,42,2,1,0.04912831634283066,0.050979964435100555,1.6713297367095947
5000,mha,42,2,2,0.07602152228355408,0.07190532982349396,1.6713297367095947
5000,mha,42,2,3,0.03493916988372803,0.04240332171320915,1.6713297367095947
5000,mha,42,2,4,0.043448690325021744,0.05243082344532013,1.6713297367095947
5000,mha,42,2,5,0.07926829159259796,0.07981163263320923,1.6713297367095947
5000,mha,42,2,6,0.07599008828401566,0.07101976126432419,1.6713297367095947
5000,mha,42,2,7,0.04924001172184944,0.053698450326919556,1.6713297367095947
5000,mha,42,2,8,0.08713806420564651,0.0879657045006752,1.6713297367095947
5000,mha,42,2,9,0.06090687960386276,0.05404070392251015,1.6713297367095947
5000,mha,42,2,10,0.06193125247955322,0.06470052152872086,1.6713297367095947
5000,mha,42,2,11,0.07120117545127869,0.06813871115446091,1.6713297367095947
5000,mha,42,2,12,0.037047117948532104,0.04111588001251221,1.6713297367095947
5000,mha,42,2,13,0.07052592188119888,0.057017505168914795,1.6713297367095947
5000,mha,42,2,14,0.06301473081111908,0.06398935616016388,1.6713297367095947
5000,mha,42,2,15,0.06006123870611191,0.06317917257547379,1.6713297367095947
5000,mha,42,3,0,0.06445404142141342,0.06743686646223068,1.3250893354415894
5000,mha,42,3,1,0.06245178356766701,0.05279110372066498,1.3250893354415894
5000,mha,42,3,2,0.06069091707468033,0.05816106125712395,1.3250893354415894
5000,mha,42,3,3,0.050465088337659836,0.04692632704973221,1.3250893354415894
5000,mha,42,3,4,0.03764251619577408,0.04177113622426987,1.3250893354415894
5000,mha,42,3,5,0.11071441322565079,0.10620938986539841,1.3250893354415894
5000,mha,42,3,6,0.025260314345359802,0.0270443856716156,1.3250893354415894
5000,mha,42,3,7,0.06181070953607559,0.046844325959682465,1.3250893354415894
5000,mha,42,3,8,0.04930470883846283,0.049800947308540344,1.3250893354415894
5000,mha,42,3,9,0.04579569399356842,0.05678202956914902,1.3250893354415894
5000,mha,42,3,10,0.09916961938142776,0.09042725712060928,1.3250893354415894
5000,mha,42,3,11,0.051221009343862534,0.05844555422663689,1.3250893354415894
5000,mha,42,3,12,0.04176127165555954,0.053273074328899384,1.3250893354415894
5000,mha,42,3,13,0.07707865536212921,0.06500805169343948,1.3250893354415894
5000,mha,42,3,14,0.08985300362110138,0.11424671113491058,1.3250893354415894
5000,mha,42,3,15,0.07232625037431717,0.06483166664838791,1.3250893354415894
5000,mha,42,4,0,0.07098226249217987,0.07911600172519684,1.3125309944152832
5000,mha,42,4,1,0.05950663238763809,0.07186576724052429,1.3125309944152832
5000,mha,42,4,2,0.0719522088766098,0.0686565488576889,1.3125309944152832
5000,mha,42,4,3,0.047727253288030624,0.053414713591337204,1.3125309944152832
5000,mha,42,4,4,0.0656496211886406,0.06795303523540497,1.3125309944152832
5000,mha,42,4,5,0.06056121736764908,0.06363220512866974,1.3125309944152832
5000,mha,42,4,6,0.05749104917049408,0.051036715507507324,1.3125309944152832
5000,mha,42,4,7,0.06691081076860428,0.05200166627764702,1.3125309944152832
5000,mha,42,4,8,0.025667520239949226,0.03963638097047806,1.3125309944152832
5000,mha,42,4,9,0.06633677333593369,0.0646250769495964,1.3125309944152832
5000,mha,42,4,10,0.08565276861190796,0.07836207747459412,1.3125309944152832
5000,mha,42,4,11,0.028053589165210724,0.027744220569729805,1.3125309944152832
5000,mha,42,4,12,0.042900290340185165,0.047240160405635834,1.3125309944152832
5000,mha,42,4,13,0.09043975919485092,0.08893759548664093,1.3125309944152832
5000,mha,42,4,14,0.08142303675413132,0.07456620782613754,1.3125309944152832
5000,mha,42,4,15,0.07874521613121033,0.07121168076992035,1.3125309944152832
5000,mha,42,5,0,0.07134155184030533,0.0742342546582222,1.5808486938476562
5000,mha,42,5,1,0.056270040571689606,0.05321669578552246,1.5808486938476562
5000,mha,42,5,2,0.06268575042486191,0.06933366507291794,1.5808486938476562
5000,mha,42,5,3,0.06536000221967697,0.0778331607580185,1.5808486938476562
5000,mha,42,5,4,0.08417093753814697,0.07358703762292862,1.5808486938476562
5000,mha,42,5,5,0.06065124645829201,0.04751059040427208,1.5808486938476562
5000,mha,42,5,6,0.037294819951057434,0.04123089835047722,1.5808486938476562
5000,mha,42,5,7,0.042609356343746185,0.050164952874183655,1.5808486938476562
5000,mha,42,5,8,0.0949307233095169,0.09293185919523239,1.5808486938476562
5000,mha,42,5,9,0.03962605819106102,0.046149514615535736,1.5808486938476562
5000,mha,42,5,10,0.04664703458547592,0.0626952275633812,1.5808486938476562
5000,mha,42,5,11,0.04371459782123566,0.0470145046710968,1.5808486938476562
5000,mha,42,5,12,0.08859985321760178,0.07215939462184906,1.5808486938476562
5000,mha,42,5,13,0.04826558381319046,0.047135744243860245,1.5808486938476562
5000,mha,42,5,14,0.056324563920497894,0.054607491940259933,1.5808486938476562
5000,mha,42,5,15,0.10150787234306335,0.090194933116436,1.5808486938476562
5500,mha,42,1,0,0.041995443403720856,0.052173737436532974,2.154707908630371
5500,mha,42,1,1,0.0677293911576271,0.07084411382675171,2.154707908630371
5500,mha,42,1,2,0.07969319820404053,0.07291904836893082,2.154707908630371
5500,mha,42,1,3,0.05538838729262352,0.059288185089826584,2.154707908630371
5500,mha,42,1,4,0.055699463933706284,0.058634910732507706,2.154707908630371
5500,mha,42,1,5,0.05869903415441513,0.060349564999341965,2.154707908630371
5500,mha,42,1,6,0.0710391253232956,0.06000196933746338,2.154707908630371
5500,mha,42,1,7,0.0640430673956871,0.06284664571285248,2.154707908630371
5500,mha,42,1,8,0.0683206170797348,0.07723478972911835,2.154707908630371
5500,mha,42,1,9,0.056517843157052994,0.05857960879802704,2.154707908630371
5500,mha,42,1,10,0.0733935534954071,0.06291019171476364,2.154707908630371
5500,mha,42,1,11,0.05509795993566513,0.05967867001891136,2.154707908630371
5500,mha,42,1,12,0.06772257387638092,0.05935309827327728,2.154707908630371
5500,mha,42,1,13,0.0698387622833252,0.0786166712641716,2.154707908630371
5500,mha,42,1,14,0.05364135652780533,0.057225823402404785,2.154707908630371
5500,mha,42,1,15,0.06118021532893181,0.04934292286634445,2.154707908630371
5500,mha,42,2,0,0.07909220457077026,0.07360293716192245,1.6789056062698364
5500,mha,42,2,1,0.04792480543255806,0.049536578357219696,1.6789056062698364
5500,mha,42,2,2,0.07542846351861954,0.0721045508980751,1.6789056062698364
5500,mha,42,2,3,0.039706625044345856,0.04739411175251007,1.6789056062698364
5500,mha,42,2,4,0.041210733354091644,0.04964892566204071,1.6789056062698364
5500,mha,42,2,5,0.07411091774702072,0.07520818710327148,1.6789056062698364
5500,mha,42,2,6,0.07181528955698013,0.06916902959346771,1.6789056062698364
5500,mha,42,2,7,0.05918274074792862,0.056607648730278015,1.6789056062698364
5500,mha,42,2,8,0.08694560080766678,0.08939936757087708,1.6789056062698364
5500,mha,42,2,9,0.06148874759674072,0.05606459826231003,1.6789056062698364
5500,mha,42,2,10,0.05955708771944046,0.063247449696064,1.6789056062698364
5500,mha,42,2,11,0.07324442267417908,0.07091597467660904,1.6789056062698364
5500,mha,42,2,12,0.04145406186580658,0.04408055916428566,1.6789056062698364
5500,mha,42,2,13,0.07037526369094849,0.05793589726090431,1.6789056062698364
5500,mha,42,2,14,0.06452646851539612,0.06586229801177979,1.6789056062698364
5500,mha,42,2,15,0.053936563432216644,0.059221796691417694,1.6789056062698364
5500,mha,42,3,0,0.0666046142578125,0.06895318627357483,1.3498090505599976
5500,mha,42,3,1,0.059742432087659836,0.051961351186037064,1.3498090505599976
5500,mha,42,3,2,0.0626874789595604,0.06166437268257141,1.3498090505599976
5500,mha,42,3,3,0.047311604022979736,0.04507824406027794,1.3498090505599976
5500,mha,42,3,4,0.03837544843554497,0.04280610755085945,1.3498090505599976
5500,mha,42,3,5,0.11206522583961487,0.106109119951725,1.3498090505599976
5500,mha,42,3,6,0.026883646845817566,0.029035551473498344,1.3498090505599976
5500,mha,42,3,7,0.0743795782327652,0.055898793041706085,1.3498090505599976
5500,mha,42,3,8,0.051141154021024704,0.0505593977868557,1.3498090505599976
5500,mha,42,3,9,0.043777670711278915,0.056539203971624374,1.3498090505599976
5500,mha,42,3,10,0.0983135998249054,0.09019794315099716,1.3498090505599976
5500,mha,42,3,11,0.0461508184671402,0.0550224669277668,1.3498090505599976
5500,mha,42,3,12,0.04099660366773605,0.05317864194512367,1.3498090505599976
5500,mha,42,3,13,0.08085785061120987,0.0692233294248581,1.3498090505599976
5500,mha,42,3,14,0.08598592132329941,0.10458488762378693,1.3498090505599976
5500,mha,42,3,15,0.06472636014223099,0.05918729305267334,1.3498090505599976
5500,mha,42,4,0,0.07342284917831421,0.08157936483621597,1.337123155593872
5500,mha,42,4,1,0.05503631755709648,0.06769505888223648,1.337123155593872
5500,mha,42,4,2,0.07253499329090118,0.06984951347112656,1.337123155593872
5500,mha,42,4,3,0.05000508576631546,0.053280990570783615,1.337123155593872
5500,mha,42,4,4,0.06635569036006927,0.07000522315502167,1.337123155593872
5500,mha,42,4,5,0.05935058742761612,0.061512067914009094,1.337123155593872
5500,mha,42,4,6,0.0603606142103672,0.054482199251651764,1.337123155593872
5500,mha,42,4,7,0.0654354840517044,0.05029850825667381,1.337123155593872
5500,mha,42,4,8,0.024254556745290756,0.040162138640880585,1.337123155593872
5500,mha,42,4,9,0.06644093990325928,0.06540729850530624,1.337123155593872
5500,mha,42,4,10,0.08039652556180954,0.07225434482097626,1.337123155593872
5500,mha,42,4,11,0.03529856353998184,0.03241915628314018,1.337123155593872
5500,mha,42,4,12,0.04280954971909523,0.04814482107758522,1.337123155593872
5500,mha,42,4,13,0.09077280759811401,0.08878142386674881,1.337123155593872
5500,mha,42,4,14,0.08010691404342651,0.0734998807311058,1.337123155593872
5500,mha,42,4,15,0.07741852104663849,0.07062803208827972,1.337123155593872
5500,mha,42,5,0,0.07012217491865158,0.07303839176893234,1.5879535675048828
5500,mha,42,5,1,0.059832457453012466,0.05697225406765938,1.5879535675048828
5500,mha,42,5,2,0.0636838749051094,0.07037963718175888,1.5879535675048828
5500,mha,42,5,3,0.05952270328998566,0.07181699573993683,1.5879535675048828
5500,mha,42,5,4,0.08503834903240204,0.07443095743656158,1.5879535675048828
5500,mha,42,5,5,0.06690511107444763,0.0532023049890995,1.5879535675048828
5500,mha,42,5,6,0.037200722843408585,0.0404934324324131,1.5879535675048828
5500,mha,42,5,7,0.04264841601252556,0.05207911133766174,1.5879535675048828
5500,mha,42,5,8,0.09284179657697678,0.08939103782176971,1.5879535675048828
5500,mha,42,5,9,0.038388874381780624,0.04658573865890503,1.5879535675048828
5500,mha,42,5,10,0.04700164869427681,0.06329728662967682,1.5879535675048828
5500,mha,42,5,11,0.04824930801987648,0.05007093399763107,1.5879535675048828
5500,mha,42,5,12,0.08911997824907303,0.07377590984106064,1.5879535675048828
5500,mha,42,5,13,0.04979034513235092,0.048163190484046936,1.5879535675048828
5500,mha,42,5,14,0.04998016357421875,0.05041684955358505,1.5879535675048828
5500,mha,42,5,15,0.09967407584190369,0.08588597178459167,1.5879535675048828
6000,mha,42,1,0,0.05613850802183151,0.05723133683204651,2.132476568222046
6000,mha,42,1,1,0.07106496393680573,0.0718315914273262,2.132476568222046
6000,mha,42,1,2,0.08383097499608994,0.07167704403400421,2.132476568222046
6000,mha,42,1,3,0.053233642131090164,0.05765363574028015,2.132476568222046
6000,mha,42,1,4,0.05633493885397911,0.05755854398012161,2.132476568222046
6000,mha,42,1,5,0.06213663890957832,0.06117602065205574,2.132476568222046
6000,mha,42,1,6,0.059621479362249374,0.0557151734828949,2.132476568222046
6000,mha,42,1,7,0.05754811689257622,0.0600946806371212,2.132476568222046
6000,mha,42,1,8,0.06768117100000381,0.07760383188724518,2.132476568222046
6000,mha,42,1,9,0.04363657534122467,0.054703693836927414,2.132476568222046
6000,mha,42,1,10,0.07378621399402618,0.06308548152446747,2.132476568222046
6000,mha,42,1,11,0.05507161468267441,0.06077629700303078,2.132476568222046
6000,mha,42,1,12,0.06313811987638474,0.056470368057489395,2.132476568222046
6000,mha,42,1,13,0.0746593251824379,0.08435721695423126,2.132476568222046
6000,mha,42,1,14,0.06140940263867378,0.06046793609857559,2.132476568222046
6000,mha,42,1,15,0.060708314180374146,0.049597252160310745,2.132476568222046
6000,mha,42,2,0,0.07975931465625763,0.07738319039344788,1.6310718059539795
6000,mha,42,2,1,0.050855204463005066,0.05089712142944336,1.6310718059539795
6000,mha,42,2,2,0.07283315062522888,0.06967511773109436,1.6310718059539795
6000,mha,42,2,3,0.041810404509305954,0.04695398360490799,1.6310718059539795
6000,mha,42,2,4,0.042548928409814835,0.05103078484535217,1.6310718059539795
6000,mha,42,2,5,0.0831775888800621,0.08164260536432266,1.6310718059539795
6000,mha,42,2,6,0.06725026667118073,0.06576865911483765,1.6310718059539795
6000,mha,42,2,7,0.04464976117014885,0.0498056598007679,1.6310718059539795
6000,mha,42,2,8,0.08943226933479309,0.09019595384597778,1.6310718059539795
6000,mha,42,2,9,0.06585245579481125,0.05720800906419754,1.6310718059539795
6000,mha,42,2,10,0.06162913143634796,0.06343583762645721,1.6310718059539795
6000,mha,42,2,11,0.07941100746393204,0.07567151635885239,1.6310718059539795
6000,mha,42,2,12,0.04241475462913513,0.043996769934892654,1.6310718059539795
6000,mha,42,2,13,0.06744761019945145,0.055508676916360855,1.6310718059539795
6000,mha,42,2,14,0.05969583988189697,0.06306813657283783,1.6310718059539795
6000,mha,42,2,15,0.05123230069875717,0.057758018374443054,1.6310718059539795
6000,mha,42,3,0,0.07044433802366257,0.07265656441450119,1.3255306482315063
6000,mha,42,3,1,0.06187744066119194,0.055560022592544556,1.3255306482315063
6000,mha,42,3,2,0.05907551944255829,0.05670776963233948,1.3255306482315063
6000,mha,42,3,3,0.05819854885339737,0.05249728634953499,1.3255306482315063
6000,mha,42,3,4,0.04002949967980385,0.043817825615406036,1.3255306482315063
6000,mha,42,3,5,0.11200510710477829,0.10772451013326645,1.3255306482315063
6000,mha,42,3,6,0.02791900560259819,0.028782736510038376,1.3255306482315063
6000,mha,42,3,7,0.0642610713839531,0.04789980500936508,1.3255306482315063
6000,mha,42,3,8,0.0456065870821476,0.046513285487890244,1.3255306482315063
6000,mha,42,3,9,0.0421091727912426,0.056839168071746826,1.3255306482315063
6000,mha,42,3,10,0.09546000510454178,0.08570380508899689,1.3255306482315063
6000,mha,42,3,11,0.05271901562809944,0.05954528972506523,1.3255306482315063
6000,mha,42,3,12,0.04052113741636276,0.05287064611911774,1.3255306482315063
6000,mha,42,3,13,0.07362813502550125,0.06294853985309601,1.3255306482315063
6000,mha,42,3,14,0.08740254491567612,0.10801161080598831,1.3255306482315063
6000,mha,42,3,15,0.06874287873506546,0.061921119689941406,1.3255306482315063
6000,mha,42,4,0,0.06701090186834335,0.07657274603843689,1.2937209606170654
6000,mha,42,4,1,0.055399373173713684,0.06792190670967102,1.2937209606170654
6000,mha,42,4,2,0.07507792115211487,0.07154649496078491,1.2937209606170654
6000,mha,42,4,3,0.051634930074214935,0.056589532643556595,1.2937209606170654
6000,mha,42,4,4,0.06682149320840836,0.07256567478179932,1.2937209606170654
6000,mha,42,4,5,0.057980652898550034,0.06016017869114876,1.2937209606170654
6000,mha,42,4,6,0.0596657320857048,0.052591659128665924,1.2937209606170654
6000,mha,42,4,7,0.06774657964706421,0.051025714725255966,1.2937209606170654
6000,mha,42,4,8,0.027313943952322006,0.042334720492362976,1.2937209606170654
6000,mha,42,4,9,0.06924834847450256,0.06697101145982742,1.2937209606170654
6000,mha,42,4,10,0.08027445524930954,0.07380297034978867,1.2937209606170654
6000,mha,42,4,11,0.0340728759765625,0.031379878520965576,1.2937209606170654
6000,mha,42,4,12,0.04562072828412056,0.048682790249586105,1.2937209606170654
6000,mha,42,4,13,0.09190928190946579,0.0901009812951088,1.2937209606170654
6000,mha,42,4,14,0.07386036962270737,0.06821805983781815,1.2937209606170654
6000,mha,42,4,15,0.07636240869760513,0.06953579187393188,1.2937209606170654
6000,mha,42,5,0,0.06629130244255066,0.06876112520694733,1.5678420066833496
6000,mha,42,5,1,0.05821584165096283,0.055303312838077545,1.5678420066833496
6000,mha,42,5,2,0.06407246738672256,0.0695842057466507,1.5678420066833496
6000,mha,42,5,3,0.06247894465923309,0.07413226366043091,1.5678420066833496
6000,mha,42,5,4,0.08956410735845566,0.07903517782688141,1.5678420066833496
6000,mha,42,5,5,0.06150166690349579,0.05073411762714386,1.5678420066833496
6000,mha,42,5,6,0.03785146027803421,0.04264087975025177,1.5678420066833496
6000,mha,42,5,7,0.0420888252556324,0.0510428361594677,1.5678420066833496
6000,mha,42,5,8,0.09427052736282349,0.09166928380727768,1.5678420066833496
6000,mha,42,5,9,0.03833872452378273,0.045542601495981216,1.5678420066833496
6000,mha,42,5,10,0.04711151123046875,0.06475326418876648,1.5678420066833496
6000,mha,42,5,11,0.04982706531882286,0.05078529193997383,1.5678420066833496
6000,mha,42,5,12,0.08858387917280197,0.07430866360664368,1.5678420066833496
6000,mha,42,5,13,0.04944254457950592,0.04805607348680496,1.5678420066833496
6000,mha,42,5,14,0.05342163145542145,0.05286601558327675,1.5678420066833496
6000,mha,42,5,15,0.09693949669599533,0.08078490942716599,1.5678420066833496
6500,mha,42,1,0,0.04647155851125717,0.05360071733593941,2.0973989963531494
6500,mha,42,1,1,0.058964844793081284,0.06491590291261673,2.0973989963531494
6500,mha,42,1,2,0.08330658078193665,0.07484331727027893,2.0973989963531494
6500,mha,42,1,3,0.048219095915555954,0.05441298335790634,2.0973989963531494
6500,mha,42,1,4,0.05741312727332115,0.05935009568929672,2.0973989963531494
6500,mha,42,1,5,0.04506795108318329,0.05463843792676926,2.0973989963531494
6500,mha,42,1,6,0.0695292130112648,0.058670807629823685,2.0973989963531494
6500,mha,42,1,7,0.07056121528148651,0.06355807930231094,2.0973989963531494
6500,mha,42,1,8,0.07411763817071915,0.08606822788715363,2.0973989963531494
6500,mha,42,1,9,0.058227334171533585,0.058884188532829285,2.0973989963531494
6500,mha,42,1,10,0.06915364414453506,0.06047847121953964,2.0973989963531494
6500,mha,42,1,11,0.052058104425668716,0.0581536628305912,2.0973989963531494
6500,mha,42,1,12,0.06757914274930954,0.0604911744594574,2.0973989963531494
6500,mha,42,1,13,0.06928426027297974,0.07776172459125519,2.0973989963531494
6500,mha,42,1,14,0.06347798556089401,0.0623430497944355,2.0973989963531494
6500,mha,42,1,15,0.0665683001279831,0.05182911455631256,2.0973989963531494
6500,mha,42,2,0,0.07639384269714355,0.07354844361543655,1.6480298042297363
6500,mha,42,2,1,0.05126373469829559,0.05145606771111488,1.6480298042297363
6500,mha,42,2,2,0.07446756958961487,0.07128642499446869,1.6480298042297363
6500,mha,42,2,3,0.036660052835941315,0.04417666420340538,1.6480298042297363
6500,mha,42,2,4,0.045774638652801514,0.05454491823911667,1.6480298042297363
6500,mha,42,2,5,0.0749773159623146,0.07402688264846802,1.6480298042297363
6500,mha,42,2,6,0.07203328609466553,0.06782188266515732,1.6480298042297363
6500,mha,42,2,7,0.05158813297748566,0.05257511883974075,1.6480298042297363
6500,mha,42,2,8,0.08470173925161362,0.08387219160795212,1.6480298042297363
6500,mha,42,2,9,0.06996561586856842,0.060674939304590225,1.6480298042297363
6500,mha,42,2,10,0.06135620176792145,0.06601910293102264,1.6480298042297363
6500,mha,42,2,11,0.08025024086236954,0.07784125208854675,1.6480298042297363
6500,mha,42,2,12,0.0425923652946949,0.043615180999040604,1.6480298042297363
6500,mha,42,2,13,0.06491099298000336,0.05402662232518196,1.6480298042297363
6500,mha,42,2,14,0.06252115964889526,0.06571630388498306,1.6480298042297363
6500,mha,42,2,15,0.05054311081767082,0.0587979331612587,1.6480298042297363
6500,mha,42,3,0,0.0673631802201271,0.06939837336540222,1.3330950736999512
6500,mha,42,3,1,0.05678863450884819,0.05162632837891579,1.3330950736999512
6500,mha,42,3,2,0.061114706099033356,0.059074439108371735,1.3330950736999512
6500,mha,42,3,3,0.05234385281801224,0.04910023882985115,1.3330950736999512
6500,mha,42,3,4,0.038962505757808685,0.04354295879602432,1.3330950736999512
6500,mha,42,3,5,0.11143829673528671,0.10682154446840286,1.3330950736999512
6500,mha,42,3,6,0.029839172959327698,0.028835920616984367,1.3330950736999512
6500,mha,42,3,7,0.06329020112752914,0.049071043729782104,1.3330950736999512
6500,mha,42,3,8,0.05313720554113388,0.0522189699113369,1.3330950736999512
6500,mha,42,3,9,0.04479929432272911,0.05738692730665207,1.3330950736999512
6500,mha,42,3,10,0.09797566384077072,0.08763263374567032,1.3330950736999512
6500,mha,42,3,11,0.05288218334317207,0.06092934310436249,1.3330950736999512
6500,mha,42,3,12,0.040484312921762466,0.05096103996038437,1.3330950736999512
6500,mha,42,3,13,0.07201070338487625,0.06137865036725998,1.3330950736999512
6500,mha,42,3,14,0.0890737920999527,0.10976681113243103,1.3330950736999512
6500,mha,42,3,15,0.06849629431962967,0.06225474551320076,1.3330950736999512
6500,mha,42,4,0,0.07084747403860092,0.0788343995809555,1.304150938987732
6500,mha,42,4,1,0.05822102725505829,0.07059948891401291,1.304150938987732
6500,mha,42,4,2,0.07199584692716599,0.06811720877885818,1.304150938987732
6500,mha,42,4,3,0.05141632258892059,0.05888184905052185,1.304150938987732
6500,mha,42,4,4,0.06279947608709335,0.06661897897720337,1.304150938987732
6500,mha,42,4,5,0.05786946788430214,0.05964427813887596,1.304150938987732
6500,mha,42,4,6,0.059006549417972565,0.05299057438969612,1.304150938987732
6500,mha,42,4,7,0.06775044649839401,0.05145116150379181,1.304150938987732
6500,mha,42,4,8,0.0233281459659338,0.03889559581875801,1.304150938987732
6500,mha,42,4,9,0.06850199401378632,0.06773368269205093,1.304150938987732
6500,mha,42,4,10,0.08115336298942566,0.0747765377163887,1.304150938987732
6500,mha,42,4,11,0.0322195440530777,0.031435027718544006,1.304150938987732
6500,mha,42,4,12,0.038760069757699966,0.04543459415435791,1.304150938987732
6500,mha,42,4,13,0.09034474939107895,0.08759362250566483,1.304150938987732
6500,mha,42,4,14,0.08603159338235855,0.07599630206823349,1.304150938987732
6500,mha,42,4,15,0.07975392788648605,0.07099669426679611,1.304150938987732
6500,mha,42,5,0,0.07171569764614105,0.07356704771518707,1.5578886270523071
6500,mha,42,5,1,0.05231567472219467,0.05026746913790703,1.5578886270523071
6500,mha,42,5,2,0.06046183407306671,0.06721547245979309,1.5578886270523071
6500,mha,42,5,3,0.06533356010913849,0.07755941897630692,1.5578886270523071
6500,mha,42,5,4,0.09376892447471619,0.08393756300210953,1.5578886270523071
6500,mha,42,5,5,0.06430897861719131,0.049917012453079224,1.5578886270523071
6500,mha,42,5,6,0.03858093172311783,0.04063742607831955,1.5578886270523071
6500,mha,42,5,7,0.040554504841566086,0.04992203041911125,1.5578886270523071
6500,mha,42,5,8,0.09611450135707855,0.09061448276042938,1.5578886270523071
6500,mha,42,5,9,0.038072407245635986,0.044735658913850784,1.5578886270523071
6500,mha,42,5,10,0.047539979219436646,0.0659870058298111,1.5578886270523071
6500,mha,42,5,11,0.04201548174023628,0.045907679945230484,1.5578886270523071
6500,mha,42,5,12,0.08627726137638092,0.07110591977834702,1.5578886270523071
6500,mha,42,5,13,0.046816710382699966,0.047180596739053726,1.5578886270523071
6500,mha,42,5,14,0.05848602205514908,0.05735958740115166,1.5578886270523071
6500,mha,42,5,15,0.09763753414154053,0.08408566564321518,1.5578886270523071
7000,mha,42,1,0,0.0564797967672348,0.05682860687375069,2.0768468379974365
7000,mha,42,1,1,0.05480356886982918,0.06259270012378693,2.0768468379974365
7000,mha,42,1,2,0.0812791958451271,0.0719074010848999,2.0768468379974365
7000,mha,42,1,3,0.054990436881780624,0.059427425265312195,2.0768468379974365
7000,mha,42,1,4,0.056696776300668716,0.058540504425764084,2.0768468379974365
7000,mha,42,1,5,0.06253957003355026,0.06058720126748085,2.0768468379974365
7000,mha,42,1,6,0.06616505980491638,0.05809172987937927,2.0768468379974365
7000,mha,42,1,7,0.06771647185087204,0.06382922828197479,2.0768468379974365
7000,mha,42,1,8,0.0630074068903923,0.07532939314842224,2.0768468379974365
7000,mha,42,1,9,0.05238800123333931,0.05919880047440529,2.0768468379974365
7000,mha,42,1,10,0.0745963528752327,0.06479499489068985,2.0768468379974365
7000,mha,42,1,11,0.05488230288028717,0.06208016723394394,2.0768468379974365
7000,mha,42,1,12,0.06608540564775467,0.059172287583351135,2.0768468379974365
7000,mha,42,1,13,0.07386688143014908,0.08264472335577011,2.0768468379974365
7000,mha,42,1,14,0.050386250019073486,0.05416230484843254,2.0768468379974365
7000,mha,42,1,15,0.06411651521921158,0.050812605768442154,2.0768468379974365
7000,mha,42,2,0,0.08156097680330276,0.07620860636234283,1.6227149963378906
7000,mha,42,2,1,0.051890257745981216,0.05221408233046532,1.6227149963378906
7000,mha,42,2,2,0.07242350280284882,0.06979966908693314,1.6227149963378906
7000,mha,42,2,3,0.03964711353182793,0.04658056050539017,1.6227149963378906
7000,mha,42,2,4,0.04241017624735832,0.05060310661792755,1.6227149963378906
7000,mha,42,2,5,0.08064687252044678,0.08143613487482071,1.6227149963378906
7000,mha,42,2,6,0.07510273903608322,0.07137453556060791,1.6227149963378906
7000,mha,42,2,7,0.054184265434741974,0.05380195751786232,1.6227149963378906
7000,mha,42,2,8,0.08390086144208908,0.0843706801533699,1.6227149963378906
7000,mha,42,2,9,0.05882364884018898,0.05481948330998421,1.6227149963378906
7000,mha,42,2,10,0.0634385198354721,0.06605075299739838,1.6227149963378906
7000,mha,42,2,11,0.0731855258345604,0.0706055536866188,1.6227149963378906
7000,mha,42,2,12,0.039100851863622665,0.04107388108968735,1.6227149963378906
7000,mha,42,2,13,0.06991627812385559,0.05734097957611084,1.6227149963378906
7000,mha,42,2,14,0.05726074054837227,0.06114551052451134,1.6227149963378906
7000,mha,42,2,15,0.056507669389247894,0.06257453560829163,1.6227149963378906
7000,mha,42,3,0,0.06751688569784164,0.07096131145954132,1.3254939317703247
7000,mha,42,3,1,0.062399495393037796,0.05569543316960335,1.3254939317703247
7000,mha,42,3,2,0.06191904842853546,0.05959795042872429,1.3254939317703247
7000,mha,42,3,3,0.05167083814740181,0.048401713371276855,1.3254939317703247
7000,mha,42,3,4,0.03602508455514908,0.04090762138366699,1.3254939317703247
7000,mha,42,3,5,0.11142852902412415,0.10594455152750015,1.3254939317703247
7000,mha,42,3,6,0.026268716901540756,0.02890709787607193,1.3254939317703247
7000,mha,42,3,7,0.0660991445183754,0.049893464893102646,1.3254939317703247
7000,mha,42,3,8,0.04969828203320503,0.048646409064531326,1.3254939317703247
7000,mha,42,3,9,0.04453430324792862,0.05714619904756546,1.3254939317703247
7000,mha,42,3,10,0.09790904074907303,0.08744487911462784,1.3254939317703247
7000,mha,42,3,11,0.053737081587314606,0.06081914156675339,1.3254939317703247
7000,mha,42,3,12,0.04146677628159523,0.051749639213085175,1.3254939317703247
7000,mha,42,3,13,0.06852661073207855,0.0595276765525341,1.3254939317703247
7000,mha,42,3,14,0.08878722786903381,0.10919828712940216,1.3254939317703247
7000,mha,42,3,15,0.07201293855905533,0.06515879184007645,1.3254939317703247
7000,mha,42,4,0,0.06765228509902954,0.07629330456256866,1.3010417222976685
7000,mha,42,4,1,0.055217284709215164,0.06738483160734177,1.3010417222976685
7000,mha,42,4,2,0.07031545042991638,0.0673828274011612,1.3010417222976685
7000,mha,42,4,3,0.04965474456548691,0.055500518530607224,1.3010417222976685
7000,mha,42,4,4,0.06254302710294724,0.06705667823553085,1.3010417222976685
7000,mha,42,4,5,0.059595540165901184,0.06132883206009865,1.3010417222976685
7000,mha,42,4,6,0.06008504331111908,0.05263472720980644,1.3010417222976685
7000,mha,42,4,7,0.07672322541475296,0.05685038864612579,1.3010417222976685
7000,mha,42,4,8,0.026227416470646858,0.040958479046821594,1.3010417222976685
7000,mha,42,4,9,0.06648071110248566,0.06447760760784149,1.3010417222976685
7000,mha,42,4,10,0.08400125801563263,0.07834077626466751,1.3010417222976685
7000,mha,42,4,11,0.03296864777803421,0.03141939640045166,1.3010417222976685
7000,mha,42,4,12,0.04415272921323776,0.048125479370355606,1.3010417222976685
7000,mha,42,4,13,0.09172841161489487,0.09026944637298584,1.3010417222976685
7000,mha,42,4,14,0.07472117245197296,0.07017777115106583,1.3010417222976685
7000,mha,42,4,15,0.07793304324150085,0.0717989131808281,1.3010417222976685
7000,mha,42,5,0,0.07032816857099533,0.07131706178188324,1.5700596570968628
7000,mha,42,5,1,0.06304097175598145,0.05916499346494675,1.5700596570968628
7000,mha,42,5,2,0.06265868991613388,0.06743837893009186,1.5700596570968628
7000,mha,42,5,3,0.06479034572839737,0.07671467214822769,1.5700596570968628
7000,mha,42,5,4,0.08718566596508026,0.07715301960706711,1.5700596570968628
7000,mha,42,5,5,0.0635751336812973,0.05119406804442406,1.5700596570968628
7000,mha,42,5,6,0.0340658575296402,0.03955775126814842,1.5700596570968628
7000,mha,42,5,7,0.04274607449769974,0.050126999616622925,1.5700596570968628
7000,mha,42,5,8,0.0927218645811081,0.08916046470403671,1.5700596570968628
7000,mha,42,5,9,0.038307495415210724,0.04483369365334511,1.5700596570968628
7000,mha,42,5,10,0.044470928609371185,0.06351695954799652,1.5700596570968628
7000,mha,42,5,11,0.04083465412259102,0.04529291018843651,1.5700596570968628
7000,mha,42,5,12,0.09275949746370316,0.07581967115402222,1.5700596570968628
7000,mha,42,5,13,0.05038462206721306,0.049699340015649796,1.5700596570968628
7000,mha,42,5,14,0.05312500149011612,0.05324646458029747,1.5700596570968628
7000,mha,42,5,15,0.09900502860546112,0.08576347678899765,1.5700596570968628
7500,mha,42,1,0,0.04775695875287056,0.05392714962363243,2.0789871215820312
7500,mha,42,1,1,0.057458292692899704,0.06530115008354187,2.0789871215820312
7500,mha,42,1,2,0.08199585229158401,0.07240419834852219,2.0789871215820312
7500,mha,42,1,3,0.05707153305411339,0.06005256623029709,2.0789871215820312
7500,mha,42,1,4,0.06152455508708954,0.06018465757369995,2.0789871215820312
7500,mha,42,1,5,0.057693786919116974,0.059609878808259964,2.0789871215820312
7500,mha,42,1,6,0.05848236009478569,0.055455781519412994,2.0789871215820312
7500,mha,42,1,7,0.05975382402539253,0.05952294170856476,2.0789871215820312
7500,mha,42,1,8,0.06964976340532303,0.07895148545503616,2.0789871215820312
7500,mha,42,1,9,0.057272642850875854,0.05979558452963829,2.0789871215820312
7500,mha,42,1,10,0.07032226771116257,0.06241082027554512,2.0789871215820312
7500,mha,42,1,11,0.05087331309914589,0.05688946321606636,2.0789871215820312
7500,mha,42,1,12,0.06392893195152283,0.057832565158605576,2.0789871215820312
7500,mha,42,1,13,0.06948669254779816,0.07795015722513199,2.0789871215820312
7500,mha,42,1,14,0.07111074030399323,0.06716440618038177,2.0789871215820312
7500,mha,42,1,15,0.06561849266290665,0.05254744365811348,2.0789871215820312
7500,mha,42,2,0,0.07771026343107224,0.07333258539438248,1.6186541318893433
7500,mha,42,2,1,0.04906361922621727,0.049601826816797256,1.6186541318893433
7500,mha,42,2,2,0.07331909239292145,0.06947971135377884,1.6186541318893433
7500,mha,42,2,3,0.04584869369864464,0.05023806169629097,1.6186541318893433
7500,mha,42,2,4,0.04334096238017082,0.052270106971263885,1.6186541318893433
7500,mha,42,2,5,0.07438670098781586,0.07517748326063156,1.6186541318893433
7500,mha,42,2,6,0.07369334250688553,0.06973043084144592,1.6186541318893433
7500,mha,42,2,7,0.05439473316073418,0.05216243490576744,1.6186541318893433
7500,mha,42,2,8,0.08661478757858276,0.08710998296737671,1.6186541318893433
7500,mha,42,2,9,0.06182901933789253,0.05626047030091286,1.6186541318893433
7500,mha,42,2,10,0.0666516125202179,0.06889050453901291,1.6186541318893433
7500,mha,42,2,11,0.07772796601057053,0.07575394958257675,1.6186541318893433
7500,mha,42,2,12,0.03476247191429138,0.03954588621854782,1.6186541318893433
7500,mha,42,2,13,0.06956309080123901,0.05751359835267067,1.6186541318893433
7500,mha,42,2,14,0.05933064594864845,0.06260908395051956,1.6186541318893433
7500,mha,42,2,15,0.05176300182938576,0.06032396852970123,1.6186541318893433
7500,mha,42,3,0,0.06542429327964783,0.06863371282815933,1.3241480588912964
7500,mha,42,3,1,0.0626329556107521,0.05488570034503937,1.3241480588912964
7500,mha,42,3,2,0.06360168755054474,0.06195875257253647,1.3241480588912964
7500,mha,42,3,3,0.05406351760029793,0.05005313456058502,1.3241480588912964
7500,mha,42,3,4,0.04109568148851395,0.0458487793803215,1.3241480588912964
7500,mha,42,3,5,0.11358907073736191,0.11017008125782013,1.3241480588912964
7500,mha,42,3,6,0.026015929877758026,0.028822002932429314,1.3241480588912964
7500,mha,42,3,7,0.06607899814844131,0.04943026602268219,1.3241480588912964
7500,mha,42,3,8,0.04911386966705322,0.04946911334991455,1.3241480588912964
7500,mha,42,3,9,0.04380127042531967,0.05671016871929169,1.3241480588912964
7500,mha,42,3,10,0.09804901480674744,0.08471167087554932,1.3241480588912964
7500,mha,42,3,11,0.04865112155675888,0.05742621049284935,1.3241480588912964
7500,mha,42,3,12,0.0382060743868351,0.051239266991615295,1.3241480588912964
7500,mha,42,3,13,0.07443064451217651,0.0623159222304821,1.3241480588912964
7500,mha,42,3,14,0.0871022567152977,0.10731218010187149,1.3241480588912964
7500,mha,42,3,15,0.06814361363649368,0.06101305037736893,1.3241480588912964
7500,mha,42,4,0,0.06888794153928757,0.0778212696313858,1.296815037727356
7500,mha,42,4,1,0.0557321161031723,0.06796462833881378,1.296815037727356
7500,mha,42,4,2,0.07391845434904099,0.06994183361530304,1.296815037727356
7500,mha,42,4,3,0.05069030821323395,0.056548479944467545,1.296815037727356
7500,mha,42,4,4,0.06221567839384079,0.06873979419469833,1.296815037727356
7500,mha,42,4,5,0.05843750014901161,0.06150853633880615,1.296815037727356
7500,mha,42,4,6,0.06030639633536339,0.05315012112259865,1.296815037727356
7500,mha,42,4,7,0.07529978454113007,0.05579403415322304,1.296815037727356
7500,mha,42,4,8,0.026066793128848076,0.04062044993042946,1.296815037727356
7500,mha,42,4,9,0.06836364418268204,0.06536294519901276,1.296815037727356
7500,mha,42,4,10,0.08300597965717316,0.07646150887012482,1.296815037727356
7500,mha,42,4,11,0.035664163529872894,0.03304669260978699,1.296815037727356
7500,mha,42,4,12,0.040777791291475296,0.047052063047885895,1.296815037727356
7500,mha,42,4,13,0.09015624970197678,0.08773213624954224,1.296815037727356
7500,mha,42,4,14,0.0763530507683754,0.06945789605379105,1.296815037727356
7500,mha,42,4,15,0.07412414252758026,0.06879756599664688,1.296815037727356
7500,mha,42,5,0,0.06788299232721329,0.07166547328233719,1.5659239292144775
7500,mha,42,5,1,0.06141377612948418,0.05891324207186699,1.5659239292144775
7500,mha,42,5,2,0.06277883052825928,0.06687760353088379,1.5659239292144775
7500,mha,42,5,3,0.06467396765947342,0.0769132673740387,1.5659239292144775
7500,mha,42,5,4,0.08721923828125,0.07511555403470993,1.5659239292144775
7500,mha,42,5,5,0.06773997098207474,0.053130101412534714,1.5659239292144775
7500,mha,42,5,6,0.03807973116636276,0.04266729950904846,1.5659239292144775
7500,mha,42,5,7,0.039792176336050034,0.05013637989759445,1.5659239292144775
7500,mha,42,5,8,0.08882792294025421,0.08730867505073547,1.5659239292144775
7500,mha,42,5,9,0.040406595915555954,0.04604358598589897,1.5659239292144775
7500,mha,42,5,10,0.04601796343922615,0.06312337517738342,1.5659239292144775
7500,mha,42,5,11,0.046433307230472565,0.048763494938611984,1.5659239292144775
7500,mha,42,5,12,0.08954121917486191,0.07300776243209839,1.5659239292144775
7500,mha,42,5,13,0.047408852726221085,0.04836896434426308,1.5659239292144775
7500,mha,42,5,14,0.054405007511377335,0.05480853468179703,1.5659239292144775
7500,mha,42,5,15,0.0973784402012825,0.0831565260887146,1.5659239292144775
8000,mha,42,1,0,0.04908101260662079,0.053626805543899536,2.06584095954895
8000,mha,42,1,1,0.05938557907938957,0.06620700657367706,2.06584095954895
8000,mha,42,1,2,0.0747845470905304,0.06714462488889694,2.06584095954895
8000,mha,42,1,3,0.05837107449769974,0.06122591719031334,2.06584095954895
8000,mha,42,1,4,0.05634460598230362,0.05792077258229256,2.06584095954895
8000,mha,42,1,5,0.06532755494117737,0.06297321617603302,2.06584095954895
8000,mha,42,1,6,0.0655861422419548,0.0584411695599556,2.06584095954895
8000,mha,42,1,7,0.0645153820514679,0.06069576367735863,2.06584095954895
8000,mha,42,1,8,0.06718424707651138,0.07918482273817062,2.06584095954895
8000,mha,42,1,9,0.05085744336247444,0.05526416748762131,2.06584095954895
8000,mha,42,1,10,0.07280263304710388,0.06412483751773834,2.06584095954895
8000,mha,42,1,11,0.05746174976229668,0.06477396935224533,2.06584095954895
8000,mha,42,1,12,0.05952006205916405,0.05491642653942108,2.06584095954895
8000,mha,42,1,13,0.06751231104135513,0.07561797648668289,2.06584095954895
8000,mha,42,1,14,0.06435363739728928,0.06373937427997589,2.06584095954895
8000,mha,42,1,15,0.06691202521324158,0.05414329469203949,2.06584095954895
8000,mha,42,2,0,0.07754892855882645,0.07246725261211395,1.6247154474258423
8000,mha,42,2,1,0.048923034220933914,0.04971340671181679,1.6247154474258423
8000,mha,42,2,2,0.07049479335546494,0.068088598549366,1.6247154474258423
8000,mha,42,2,3,0.04283762723207474,0.048441190272569656,1.6247154474258423
8000,mha,42,2,4,0.043167419731616974,0.052606016397476196,1.6247154474258423
8000,mha,42,2,5,0.08048757165670395,0.08025512844324112,1.6247154474258423
8000,mha,42,2,6,0.0700823962688446,0.06784467399120331,1.6247154474258423
8000,mha,42,2,7,0.05149271711707115,0.05275970697402954,1.6247154474258423
8000,mha,42,2,8,0.08426696807146072,0.08310003578662872,1.6247154474258423
8000,mha,42,2,9,0.0646820068359375,0.05823694169521332,1.6247154474258423
8000,mha,42,2,10,0.06011484935879707,0.06351199746131897,1.6247154474258423
8000,mha,42,2,11,0.07448384910821915,0.07264005392789841,1.6247154474258423
8000,mha,42,2,12,0.045088399201631546,0.045326050370931625,1.6247154474258423
8000,mha,42,2,13,0.07072316855192184,0.05967336520552635,1.6247154474258423
8000,mha,42,2,14,0.062100015580654144,0.06429006904363632,1.6247154474258423
8000,mha,42,2,15,0.053506266325712204,0.0610455758869648,1.6247154474258423
8000,mha,42,3,0,0.06772023439407349,0.07015105336904526,1.3408176898956299
8000,mha,42,3,1,0.06369120627641678,0.055792078375816345,1.3408176898956299
8000,mha,42,3,2,0.05871765315532684,0.05668213590979576,1.3408176898956299
8000,mha,42,3,3,0.05585571378469467,0.051252372562885284,1.3408176898956299
8000,mha,42,3,4,0.039923910051584244,0.04549089074134827,1.3408176898956299
8000,mha,42,3,5,0.10978281497955322,0.10530612617731094,1.3408176898956299
8000,mha,42,3,6,0.03291361406445503,0.03273419663310051,1.3408176898956299
8000,mha,42,3,7,0.06338979303836823,0.04895418509840965,1.3408176898956299
8000,mha,42,3,8,0.04600575938820839,0.0476594939827919,1.3408176898956299
8000,mha,42,3,9,0.04295165836811066,0.056476667523384094,1.3408176898956299
8000,mha,42,3,10,0.09447286278009415,0.08169141411781311,1.3408176898956299
8000,mha,42,3,11,0.05209299549460411,0.06161271408200264,1.3408176898956299
8000,mha,42,3,12,0.03754842281341553,0.05047028884291649,1.3408176898956299
8000,mha,42,3,13,0.07701212912797928,0.0645262598991394,1.3408176898956299
8000,mha,42,3,14,0.08686808496713638,0.10652273893356323,1.3408176898956299
8000,mha,42,3,15,0.0710531622171402,0.06467744708061218,1.3408176898956299
8000,mha,42,4,0,0.06752431392669678,0.07612958550453186,1.2935991287231445
8000,mha,42,4,1,0.05681192874908447,0.06872160732746124,1.2935991287231445
8000,mha,42,4,2,0.07591501623392105,0.07205616682767868,1.2935991287231445
8000,mha,42,4,3,0.050116781145334244,0.05767721310257912,1.2935991287231445
8000,mha,42,4,4,0.06309366971254349,0.06972570717334747,1.2935991287231445
8000,mha,42,4,5,0.05855061858892441,0.0600469596683979,1.2935991287231445
8000,mha,42,4,6,0.060002949088811874,0.05274822562932968,1.2935991287231445
8000,mha,42,4,7,0.07790099829435349,0.058302782475948334,1.2935991287231445
8000,mha,42,4,8,0.023998616263270378,0.03895158693194389,1.2935991287231445
8000,mha,42,4,9,0.06623219698667526,0.06285608559846878,1.2935991287231445
8000,mha,42,4,10,0.08111511170864105,0.07605350017547607,1.2935991287231445
8000,mha,42,4,11,0.03691965714097023,0.03367802873253822,1.2935991287231445
8000,mha,42,4,12,0.043096210807561874,0.047079119831323624,1.2935991287231445
8000,mha,42,4,13,0.09176371246576309,0.09031884372234344,1.2935991287231445
8000,mha,42,4,14,0.0739898681640625,0.06865931302309036,1.2935991287231445
8000,mha,42,4,15,0.07296834141016006,0.06699533015489578,1.2935991287231445
8000,mha,42,5,0,0.06790801882743835,0.07056715339422226,1.5498013496398926
8000,mha,42,5,1,0.05770375579595566,0.055703431367874146,1.5498013496398926
8000,mha,42,5,2,0.06305643916130066,0.06638328731060028,1.5498013496398926
8000,mha,42,5,3,0.06409047544002533,0.07619035989046097,1.5498013496398926
8000,mha,42,5,4,0.09304077178239822,0.08125375956296921,1.5498013496398926
8000,mha,42,5,5,0.06523142755031586,0.052616339176893234,1.5498013496398926
8000,mha,42,5,6,0.03606221452355385,0.04007260128855705,1.5498013496398926
8000,mha,42,5,7,0.040585123002529144,0.05100713670253754,1.5498013496398926
8000,mha,42,5,8,0.0917740911245346,0.08762866258621216,1.5498013496398926
8000,mha,42,5,9,0.03852427005767822,0.044987160712480545,1.5498013496398926
8000,mha,42,5,10,0.044928792864084244,0.06418915092945099,1.5498013496398926
8000,mha,42,5,11,0.04456736147403717,0.047508303076028824,1.5498013496398926
8000,mha,42,5,12,0.0888596624135971,0.07323615998029709,1.5498013496398926
8000,mha,42,5,13,0.04900980740785599,0.04980523884296417,1.5498013496398926
8000,mha,42,5,14,0.0576820895075798,0.0571555458009243,1.5498013496398926
8000,mha,42,5,15,0.09697570651769638,0.08169575035572052,1.5498013496398926
8500,mha,42,1,0,0.05522918701171875,0.05723956599831581,2.049581527709961
8500,mha,42,1,1,0.059155069291591644,0.06565646827220917,2.049581527709961
8500,mha,42,1,2,0.08812886476516724,0.07636864483356476,2.049581527709961
8500,mha,42,1,3,0.05055277422070503,0.05613064393401146,2.049581527709961
8500,mha,42,1,4,0.0536886602640152,0.057691432535648346,2.049581527709961
8500,mha,42,1,5,0.05845438688993454,0.06008949875831604,2.049581527709961
8500,mha,42,1,6,0.06682342290878296,0.05785540118813515,2.049581527709961
8500,mha,42,1,7,0.06607899814844131,0.062407251447439194,2.049581527709961
8500,mha,42,1,8,0.05950683727860451,0.07302875816822052,2.049581527709961
8500,mha,42,1,9,0.05758514255285263,0.05920218676328659,2.049581527709961
8500,mha,42,1,10,0.06813934445381165,0.06202619522809982,2.049581527709961
8500,mha,42,1,11,0.055865682661533356,0.06315132230520248,2.049581527709961
8500,mha,42,1,12,0.06337158381938934,0.05712321028113365,2.049581527709961
8500,mha,42,1,13,0.07003834843635559,0.0789257064461708,2.049581527709961
8500,mha,42,1,14,0.061758626252412796,0.060620468109846115,2.049581527709961
8500,mha,42,1,15,0.06562306731939316,0.05248318985104561,2.049581527709961
8500,mha,42,2,0,0.07611186057329178,0.07134488224983215,1.6022931337356567
8500,mha,42,2,1,0.05111450329422951,0.050905629992485046,1.6022931337356567
8500,mha,42,2,2,0.07937154173851013,0.07362298667430878,1.6022931337356567
8500,mha,42,2,3,0.04395345225930214,0.04987649247050285,1.6022931337356567
8500,mha,42,2,4,0.04164530336856842,0.05082231014966965,1.6022931337356567
8500,mha,42,2,5,0.07465942203998566,0.07450063526630402,1.6022931337356567
8500,mha,42,2,6,0.07248026877641678,0.06959875673055649,1.6022931337356567
8500,mha,42,2,7,0.05583943799138069,0.05321658402681351,1.6022931337356567
8500,mha,42,2,8,0.08751363307237625,0.08678259700536728,1.6022931337356567
8500,mha,42,2,9,0.060959067195653915,0.056447818875312805,1.6022931337356567
8500,mha,42,2,10,0.061352334916591644,0.06504007428884506,1.6022931337356567
8500,mha,42,2,11,0.07739054411649704,0.075874924659729,1.6022931337356567
8500,mha,42,2,12,0.03808797150850296,0.04142487421631813,1.6022931337356567
8500,mha,42,2,13,0.06811065971851349,0.05816168338060379,1.6022931337356567
8500,mha,42,2,14,0.06065734848380089,0.06365832686424255,1.6022931337356567
8500,mha,42,2,15,0.0507526658475399,0.058721281588077545,1.6022931337356567
8500,mha,42,3,0,0.06924855709075928,0.07198713719844818,1.3383909463882446
8500,mha,42,3,1,0.0569559745490551,0.05113888159394264,1.3383909463882446
8500,mha,42,3,2,0.060222066938877106,0.05906094238162041,1.3383909463882446
8500,mha,42,3,3,0.05352539196610451,0.05063456669449806,1.3383909463882446
8500,mha,42,3,4,0.03924977779388428,0.043925341218709946,1.3383909463882446
8500,mha,42,3,5,0.11129201203584671,0.10757746547460556,1.3383909463882446
8500,mha,42,3,6,0.032882895320653915,0.03268536180257797,1.3383909463882446
8500,mha,42,3,7,0.06513417512178421,0.050230659544467926,1.3383909463882446
8500,mha,42,3,8,0.04495035856962204,0.045894473791122437,1.3383909463882446
8500,mha,42,3,9,0.044807739555835724,0.05802515521645546,1.3383909463882446
8500,mha,42,3,10,0.09846781194210052,0.08236652612686157,1.3383909463882446
8500,mha,42,3,11,0.052165526896715164,0.061061955988407135,1.3383909463882446
8500,mha,42,3,12,0.04240132495760918,0.05441382899880409,1.3383909463882446
8500,mha,42,3,13,0.07262349128723145,0.06270801275968552,1.3383909463882446
8500,mha,42,3,14,0.08631999045610428,0.1049099713563919,1.3383909463882446
8500,mha,42,3,15,0.06975290924310684,0.06337985396385193,1.3383909463882446
8500,mha,42,4,0,0.06832285225391388,0.07724519819021225,1.284728765487671
8500,mha,42,4,1,0.05549245327711105,0.06768488138914108,1.284728765487671
8500,mha,42,4,2,0.07507049292325974,0.07147201150655746,1.284728765487671
8500,mha,42,4,3,0.04619944095611572,0.05405609682202339,1.284728765487671
8500,mha,42,4,4,0.06335754692554474,0.06982721388339996,1.284728765487671
8500,mha,42,4,5,0.05917216092348099,0.061176400631666183,1.284728765487671
8500,mha,42,4,6,0.062009379267692566,0.05514339357614517,1.284728765487671
8500,mha,42,4,7,0.07711649686098099,0.05652088299393654,1.284728765487671
8500,mha,42,4,8,0.02519175224006176,0.04018833860754967,1.284728765487671
8500,mha,42,4,9,0.06777293235063553,0.06602241098880768,1.284728765487671
8500,mha,42,4,10,0.08128000795841217,0.07527553290128708,1.284728765487671
8500,mha,42,4,11,0.034787699580192566,0.032126571983098984,1.284728765487671
8500,mha,42,4,12,0.04165069758892059,0.04646281525492668,1.284728765487671
8500,mha,42,4,13,0.08950012177228928,0.0852726474404335,1.284728765487671
8500,mha,42,4,14,0.07782063633203506,0.07082681357860565,1.284728765487671
8500,mha,42,4,15,0.07525532692670822,0.0706988275051117,1.284728765487671
8500,mha,42,5,0,0.07029510289430618,0.07323542982339859,1.5536571741104126
8500,mha,42,5,1,0.06014434993267059,0.057940904051065445,1.5536571741104126
8500,mha,42,5,2,0.06268605589866638,0.06642433255910873,1.5536571741104126
8500,mha,42,5,3,0.06127176806330681,0.07305935770273209,1.5536571741104126
8500,mha,42,5,4,0.08593729883432388,0.07417439669370651,1.5536571741104126
8500,mha,42,5,5,0.06542409211397171,0.05167645215988159,1.5536571741104126
8500,mha,42,5,6,0.03708597645163536,0.04040149226784706,1.5536571741104126
8500,mha,42,5,7,0.041345927864313126,0.05148610845208168,1.5536571741104126
8500,mha,42,5,8,0.08961384743452072,0.08685605227947235,1.5536571741104126
8500,mha,42,5,9,0.040311481803655624,0.04638934135437012,1.5536571741104126
8500,mha,42,5,10,0.045004475861787796,0.06355452537536621,1.5536571741104126
8500,mha,42,5,11,0.04622955247759819,0.048895590007305145,1.5536571741104126
8500,mha,42,5,12,0.09210103005170822,0.0771242082118988,1.5536571741104126
8500,mha,42,5,13,0.04892547428607941,0.04929453507065773,1.5536571741104126
8500,mha,42,5,14,0.05689341202378273,0.05590052902698517,1.5536571741104126
8500,mha,42,5,15,0.09673014283180237,0.08358681946992874,1.5536571741104126
9000,mha,42,1,0,0.04952840134501457,0.05419502407312393,2.0339269638061523
9000,mha,42,1,1,0.05952300876379013,0.06701423972845078,2.0339269638061523
9000,mha,42,1,2,0.0797976702451706,0.07037630677223206,2.0339269638061523
9000,mha,42,1,3,0.06171264499425888,0.06103358417749405,2.0339269638061523
9000,mha,42,1,4,0.05316050350666046,0.057910237461328506,2.0339269638061523
9000,mha,42,1,5,0.05633443221449852,0.058969397097826004,2.0339269638061523
9000,mha,42,1,6,0.07542449980974197,0.06226959824562073,2.0339269638061523
9000,mha,42,1,7,0.06286977231502533,0.060494862496852875,2.0339269638061523
9000,mha,42,1,8,0.0586160272359848,0.07404918968677521,2.0339269638061523
9000,mha,42,1,9,0.05441660434007645,0.0567203015089035,2.0339269638061523
9000,mha,42,1,10,0.06902232021093369,0.061133962124586105,2.0339269638061523
9000,mha,42,1,11,0.05385406315326691,0.0620967373251915,2.0339269638061523
9000,mha,42,1,12,0.06970509886741638,0.06204317882657051,2.0339269638061523
9000,mha,42,1,13,0.06800822168588638,0.07713282108306885,2.0339269638061523
9000,mha,42,1,14,0.06184082105755806,0.06136200577020645,2.0339269638061523
9000,mha,42,1,15,0.06618591398000717,0.05319847911596298,2.0339269638061523
9000,mha,42,2,0,0.08167684078216553,0.07677764445543289,1.5915595293045044
9000,mha,42,2,1,0.04932006821036339,0.04917554184794426,1.5915595293045044
9000,mha,42,2,2,0.06935445219278336,0.06786375492811203,1.5915595293045044
9000,mha,42,2,3,0.0396239198744297,0.04738315939903259,1.5915595293045044
9000,mha,42,2,4,0.0424874871969223,0.052089910954236984,1.5915595293045044
9000,mha,42,2,5,0.0762844830751419,0.07613233476877213,1.5915595293045044
9000,mha,42,2,6,0.0701129138469696,0.06775148212909698,1.5915595293045044
9000,mha,42,2,7,0.054844461381435394,0.05332421883940697,1.5915595293045044
9000,mha,42,2,8,0.08454763144254684,0.08278918266296387,1.5915595293045044
9000,mha,42,2,9,0.06154948100447655,0.05553027614951134,1.5915595293045044
9000,mha,42,2,10,0.06394796073436737,0.06612318009138107,1.5915595293045044
9000,mha,42,2,11,0.08026041835546494,0.0785944014787674,1.5915595293045044
9000,mha,42,2,12,0.043343301862478256,0.04374515265226364,1.5915595293045044
9000,mha,42,2,13,0.06776072084903717,0.05703141540288925,1.5915595293045044
9000,mha,42,2,14,0.06750793755054474,0.06839213520288467,1.5915595293045044
9000,mha,42,2,15,0.04737792909145355,0.05729632079601288,1.5915595293045044
9000,mha,42,3,0,0.0630873590707779,0.06524122506380081,1.334096074104309
9000,mha,42,3,1,0.0635540783405304,0.05526134371757507,1.334096074104309
9000,mha,42,3,2,0.06061818450689316,0.05957009643316269,1.334096074104309
9000,mha,42,3,3,0.05387613922357559,0.0510675311088562,1.334096074104309
9000,mha,42,3,4,0.03462972119450569,0.041424933820962906,1.334096074104309
9000,mha,42,3,5,0.11258076876401901,0.10874433815479279,1.334096074104309
9000,mha,42,3,6,0.028470152989029884,0.031253356486558914,1.334096074104309
9000,mha,42,3,7,0.06841715425252914,0.05208393558859825,1.334096074104309
9000,mha,42,3,8,0.04897654056549072,0.04919634386897087,1.334096074104309
9000,mha,42,3,9,0.04438171535730362,0.05709364637732506,1.334096074104309
9000,mha,42,3,10,0.09720418602228165,0.08250591903924942,1.334096074104309
9000,mha,42,3,11,0.05519368499517441,0.06443453580141068,1.334096074104309
9000,mha,42,3,12,0.03739685192704201,0.05025837570428848,1.334096074104309
9000,mha,42,3,13,0.07590027153491974,0.06570788472890854,1.334096074104309
9000,mha,42,3,14,0.08399648219347,0.10073008388280869,1.334096074104309
9000,mha,42,3,15,0.07171671837568283,0.06542633473873138,1.334096074104309
9000,mha,42,4,0,0.06572204828262329,0.07445064187049866,1.296793818473816
9000,mha,42,4,1,0.057625021785497665,0.07092269510030746,1.296793818473816
9000,mha,42,4,2,0.07630085945129395,0.07200362533330917,1.296793818473816
9000,mha,42,4,3,0.04860850051045418,0.05513446778059006,1.296793818473816
9000,mha,42,4,4,0.061232708394527435,0.06645629554986954,1.296793818473816
9000,mha,42,4,5,0.058678895235061646,0.06058213487267494,1.296793818473816
9000,mha,42,4,6,0.061672668904066086,0.05448183789849281,1.296793818473816
9000,mha,42,4,7,0.07720855623483658,0.05705923214554787,1.296793818473816
9000,mha,42,4,8,0.025321349501609802,0.04008582606911659,1.296793818473816
9000,mha,42,4,9,0.06537943333387375,0.06313366442918777,1.296793818473816
9000,mha,42,4,10,0.0813763439655304,0.07587511092424393,1.296793818473816
9000,mha,42,4,11,0.03449493274092674,0.03242471441626549,1.296793818473816
9000,mha,42,4,12,0.04254821687936783,0.04819869622588158,1.296793818473816
9000,mha,42,4,13,0.09180989861488342,0.08960635215044022,1.296793818473816
9000,mha,42,4,14,0.07670135796070099,0.07119674980640411,1.296793818473816
9000,mha,42,4,15,0.07531921565532684,0.0683877244591713,1.296793818473816
9000,mha,42,5,0,0.07001810520887375,0.0721416100859642,1.5554295778274536
9000,mha,42,5,1,0.05714111402630806,0.055288150906562805,1.5554295778274536
9000,mha,42,5,2,0.06303395330905914,0.06640148907899857,1.5554295778274536
9000,mha,42,5,3,0.06262481957674026,0.07394194602966309,1.5554295778274536
9000,mha,42,5,4,0.08950185030698776,0.07815766334533691,1.5554295778274536
9000,mha,42,5,5,0.06764323264360428,0.05342758074402809,1.5554295778274536
9000,mha,42,5,6,0.03668426349759102,0.04102100059390068,1.5554295778274536
9000,mha,42,5,7,0.04375498369336128,0.055940333753824234,1.5554295778274536
9000,mha,42,5,8,0.09187214821577072,0.08813659101724625,1.5554295778274536
9000,mha,42,5,9,0.036912739276885986,0.043979667127132416,1.5554295778274536
9000,mha,42,5,10,0.04469482600688934,0.06385349482297897,1.5554295778274536
9000,mha,42,5,11,0.04599263519048691,0.048760008066892624,1.5554295778274536
9000,mha,42,5,12,0.09056650847196579,0.07443878054618835,1.5554295778274536
9000,mha,42,5,13,0.046908263117074966,0.047518182545900345,1.5554295778274536
9000,mha,42,5,14,0.05596344172954559,0.05523175001144409,1.5554295778274536
9000,mha,42,5,15,0.09668711572885513,0.08176185935735703,1.5554295778274536
9500,mha,42,1,0,0.05667683854699135,0.05726978927850723,2.0214192867279053
9500,mha,42,1,1,0.05572967603802681,0.06382667273283005,2.0214192867279053
9500,mha,42,1,2,0.07996175438165665,0.0715416818857193,2.0214192867279053
9500,mha,42,1,3,0.05689585208892822,0.05865103378891945,2.0214192867279053
9500,mha,42,1,4,0.05440277233719826,0.05900290235877037,2.0214192867279053
9500,mha,42,1,5,0.060584716498851776,0.05976420268416405,2.0214192867279053
9500,mha,42,1,6,0.06638122349977493,0.05802729353308678,2.0214192867279053
9500,mha,42,1,7,0.06369740515947342,0.05973750352859497,2.0214192867279053
9500,mha,42,1,8,0.06387827545404434,0.07769182324409485,2.0214192867279053
9500,mha,42,1,9,0.058514710515737534,0.059370823204517365,2.0214192867279053
9500,mha,42,1,10,0.0666765347123146,0.06124249845743179,2.0214192867279053
9500,mha,42,1,11,0.05805470794439316,0.06639108806848526,2.0214192867279053
9500,mha,42,1,12,0.06581085175275803,0.05889839679002762,2.0214192867279053
9500,mha,42,1,13,0.06772145628929138,0.07720784097909927,2.0214192867279053
9500,mha,42,1,14,0.06143137440085411,0.05948102846741676,2.0214192867279053
9500,mha,42,1,15,0.06358184665441513,0.05189543962478638,2.0214192867279053
9500,mha,42,2,0,0.08012400567531586,0.07381509989500046,1.5976556539535522
9500,mha,42,2,1,0.05262858048081398,0.05176520347595215,1.5976556539535522
9500,mha,42,2,2,0.06988881528377533,0.06936807185411453,1.5976556539535522
9500,mha,42,2,3,0.04118306562304497,0.04834548011422157,1.5976556539535522
9500,mha,42,2,4,0.04101460799574852,0.050116635859012604,1.5976556539535522
9500,mha,42,2,5,0.07682576775550842,0.07645856589078903,1.5976556539535522
9500,mha,42,2,6,0.06944437325000763,0.06799543648958206,1.5976556539535522
9500,mha,42,2,7,0.05969848483800888,0.05590108782052994,1.5976556539535522
9500,mha,42,2,8,0.08845489472150803,0.08720918744802475,1.5976556539535522
9500,mha,42,2,9,0.0638885498046875,0.05811243876814842,1.5976556539535522
9500,mha,42,2,10,0.06438089907169342,0.06558462977409363,1.5976556539535522
9500,mha,42,2,11,0.07472778111696243,0.07452815771102905,1.5976556539535522
9500,mha,42,2,12,0.04643107205629349,0.04639757424592972,1.5976556539535522
9500,mha,42,2,13,0.06759633123874664,0.056643061339855194,1.5976556539535522
9500,mha,42,2,14,0.05507415905594826,0.05954219773411751,1.5976556539535522
9500,mha,42,2,15,0.048638612031936646,0.05821717530488968,1.5976556539535522
9500,mha,42,3,0,0.06767598539590836,0.06974015384912491,1.3348453044891357
9500,mha,42,3,1,0.05906270444393158,0.052985094487667084,1.3348453044891357
9500,mha,42,3,2,0.05773172900080681,0.05712336674332619,1.3348453044891357
9500,mha,42,3,3,0.05419820174574852,0.05215813219547272,1.3348453044891357
9500,mha,42,3,4,0.03697316348552704,0.043132584542036057,1.3348453044891357
9500,mha,42,3,5,0.11239960044622421,0.10712350159883499,1.3348453044891357
9500,mha,42,3,6,0.024856973439455032,0.028297005221247673,1.3348453044891357
9500,mha,42,3,7,0.06672576814889908,0.05024055391550064,1.3348453044891357
9500,mha,42,3,8,0.048370156437158585,0.04829596355557442,1.3348453044891357
9500,mha,42,3,9,0.04399566724896431,0.05713420361280441,1.3348453044891357
9500,mha,42,3,10,0.10017731040716171,0.08438877016305923,1.3348453044891357
9500,mha,42,3,11,0.05459411442279816,0.06276960670948029,1.3348453044891357
9500,mha,42,3,12,0.038739319890737534,0.049386341124773026,1.3348453044891357
9500,mha,42,3,13,0.07481414824724197,0.06425894051790237,1.3348453044891357
9500,mha,42,3,14,0.08679575473070145,0.10634029656648636,1.3348453044891357
9500,mha,42,3,15,0.07288940250873566,0.06662541627883911,1.3348453044891357
9500,mha,42,4,0,0.06523945927619934,0.07500544935464859,1.2987266778945923
9500,mha,42,4,1,0.05295176059007645,0.06541598588228226,1.2987266778945923
9500,mha,42,4,2,0.072784423828125,0.06859009712934494,1.2987266778945923
9500,mha,42,4,3,0.04978291690349579,0.057009514421224594,1.2987266778945923
9500,mha,42,4,4,0.06512410193681717,0.07279857248067856,1.2987266778945923
9500,mha,42,4,5,0.05606546998023987,0.05718345567584038,1.2987266778945923
9500,mha,42,4,6,0.0641791820526123,0.05776473507285118,1.2987266778945923
9500,mha,42,4,7,0.0799560546875,0.0594630129635334,1.2987266778945923
9500,mha,42,4,8,0.024391580373048782,0.03951886668801308,1.2987266778945923
9500,mha,42,4,9,0.06690368801355362,0.06306598335504532,1.2987266778945923
9500,mha,42,4,10,0.07912363857030869,0.0740242674946785,1.2987266778945923
9500,mha,42,4,11,0.038192544132471085,0.0340009480714798,1.2987266778945923
9500,mha,42,4,12,0.04249521717429161,0.04763628914952278,1.2987266778945923
9500,mha,42,4,13,0.09242513030767441,0.08935566991567612,1.2987266778945923
9500,mha,42,4,14,0.07327738404273987,0.06932222843170166,1.2987266778945923
9500,mha,42,4,15,0.07710744440555573,0.0698447898030281,1.2987266778945923
9500,mha,42,5,0,0.06873830407857895,0.07156429439783096,1.5456942319869995
9500,mha,42,5,1,0.060601092875003815,0.05846733599901199,1.5456942319869995
9500,mha,42,5,2,0.059860941022634506,0.06407280266284943,1.5456942319869995
9500,mha,42,5,3,0.061622414737939835,0.07421978563070297,1.5456942319869995
9500,mha,42,5,4,0.09087148308753967,0.07941177487373352,1.5456942319869995
9500,mha,42,5,5,0.06706003844738007,0.052760105580091476,1.5456942319869995
9500,mha,42,5,6,0.036017559468746185,0.04111230745911598,1.5456942319869995
9500,mha,42,5,7,0.04064646363258362,0.052693020552396774,1.5456942319869995
9500,mha,42,5,8,0.08986613154411316,0.08514900505542755,1.5456942319869995
9500,mha,42,5,9,0.037059325724840164,0.04339295253157616,1.5456942319869995
9500,mha,42,5,10,0.04771382734179497,0.06583887338638306,1.5456942319869995
9500,mha,42,5,11,0.04352254047989845,0.0467434898018837,1.5456942319869995
9500,mha,42,5,12,0.0928599014878273,0.07620275020599365,1.5456942319869995
9500,mha,42,5,13,0.045350849628448486,0.04647776484489441,1.5456942319869995
9500,mha,42,5,14,0.060098979622125626,0.058305058628320694,1.5456942319869995
9500,mha,42,5,15,0.0981101468205452,0.08358863741159439,1.5456942319869995
10000,mha,42,1,0,0.05255574360489845,0.05555054172873497,2.0050759315490723
10000,mha,42,1,1,0.0558847039937973,0.06449948251247406,2.0050759315490723
10000,mha,42,1,2,0.07742258906364441,0.06941061466932297,2.0050759315490723
10000,mha,42,1,3,0.058068644255399704,0.05983338505029678,2.0050759315490723
10000,mha,42,1,4,0.05867655575275421,0.06080975383520126,2.0050759315490723
10000,mha,42,1,5,0.06853576749563217,0.06359017640352249,2.0050759315490723
10000,mha,42,1,6,0.06688079982995987,0.05825945362448692,2.0050759315490723
10000,mha,42,1,7,0.06106109544634819,0.058861155062913895,2.0050759315490723
10000,mha,42,1,8,0.060811564326286316,0.07528053224086761,2.0050759315490723
10000,mha,42,1,9,0.06219645217061043,0.06006397306919098,2.0050759315490723
10000,mha,42,1,10,0.06670084595680237,0.060978636145591736,2.0050759315490723
10000,mha,42,1,11,0.054094746708869934,0.0614873506128788,2.0050759315490723
10000,mha,42,1,12,0.06745748221874237,0.0616011805832386,2.0050759315490723
10000,mha,42,1,13,0.0685570240020752,0.0792296826839447,2.0050759315490723
10000,mha,42,1,14,0.05807352811098099,0.05923225358128548,2.0050759315490723
10000,mha,42,1,15,0.06302246451377869,0.051311854273080826,2.0050759315490723
10000,mha,42,2,0,0.07461792230606079,0.07159370183944702,1.5915607213974
10000,mha,42,2,1,0.05250793322920799,0.051135722547769547,1.5915607213974
10000,mha,42,2,2,0.06880584359169006,0.06656643003225327,1.5915607213974
10000,mha,42,2,3,0.041196390986442566,0.048084717243909836,1.5915607213974
10000,mha,42,2,4,0.04210113361477852,0.05084042251110077,1.5915607213974
10000,mha,42,2,5,0.07492411136627197,0.07530705630779266,1.5915607213974
10000,mha,42,2,6,0.0690358504652977,0.06712609529495239,1.5915607213974
10000,mha,42,2,7,0.0573037713766098,0.053181007504463196,1.5915607213974
10000,mha,42,2,8,0.08866383880376816,0.08720378577709198,1.5915607213974
10000,mha,42,2,9,0.06660542637109756,0.05997510254383087,1.5915607213974
10000,mha,42,2,10,0.06314381957054138,0.06735831499099731,1.5915607213974
10000,mha,42,2,11,0.07544708251953125,0.07435960322618484,1.5915607213974
10000,mha,42,2,12,0.044243570417165756,0.04475568234920502,1.5915607213974
10000,mha,42,2,13,0.0670635998249054,0.05699373409152031,1.5915607213974
10000,mha,42,2,14,0.06301727145910263,0.06545311957597733,1.5915607213974
10000,mha,42,2,15,0.05132242664694786,0.06006539613008499,1.5915607213974
10000,mha,42,3,0,0.06734222173690796,0.07010868936777115,1.3332034349441528
10000,mha,42,3,1,0.0583839938044548,0.05303359776735306,1.3332034349441528
10000,mha,42,3,2,0.05794240161776543,0.056869324296712875,1.3332034349441528
10000,mha,42,3,3,0.05536183714866638,0.05289364233613014,1.3332034349441528
10000,mha,42,3,4,0.039687804877758026,0.04580892249941826,1.3332034349441528
10000,mha,42,3,5,0.11323781311511993,0.11081188172101974,1.3332034349441528
10000,mha,42,3,6,0.030652770772576332,0.0314883291721344,1.3332034349441528
10000,mha,42,3,7,0.062491659075021744,0.047924138605594635,1.3332034349441528
10000,mha,42,3,8,0.05058553069829941,0.05043778941035271,1.3332034349441528
10000,mha,42,3,9,0.04060913249850273,0.054931867867708206,1.3332034349441528
10000,mha,42,3,10,0.09954986721277237,0.08088382333517075,1.3332034349441528
10000,mha,42,3,11,0.05201100558042526,0.06080504134297371,1.3332034349441528
10000,mha,42,3,12,0.039714355021715164,0.051448069512844086,1.3332034349441528
10000,mha,42,3,13,0.07426564395427704,0.062342915683984756,1.3332034349441528
10000,mha,42,3,14,0.08790069818496704,0.106229268014431,1.3332034349441528
10000,mha,42,3,15,0.07026326656341553,0.06398274749517441,1.3332034349441528
10000,mha,42,4,0,0.06710866093635559,0.07542305439710617,1.2880979776382446
10000,mha,42,4,1,0.05320841446518898,0.06511417031288147,1.2880979776382446
10000,mha,42,4,2,0.07460479438304901,0.07094289362430573,1.2880979776382446
10000,mha,42,4,3,0.047875262796878815,0.05449727922677994,1.2880979776382446
10000,mha,42,4,4,0.0627397671341896,0.0698690414428711,1.2880979776382446
10000,mha,42,4,5,0.058348897844552994,0.06109072268009186,1.2880979776382446
10000,mha,42,4,6,0.0647926852107048,0.05750884488224983,1.2880979776382446
10000,mha,42,4,7,0.07933685183525085,0.05796554684638977,1.2880979776382446
10000,mha,42,4,8,0.025097452104091644,0.04086820036172867,1.2880979776382446
10000,mha,42,4,9,0.06560678780078888,0.06390948593616486,1.2880979776382446
10000,mha,42,4,10,0.08051320165395737,0.07525363564491272,1.2880979776382446
10000,mha,42,4,11,0.03510742262005806,0.03256572037935257,1.2880979776382446
10000,mha,42,4,12,0.04065043106675148,0.04651562124490738,1.2880979776382446
10000,mha,42,4,13,0.09238973259925842,0.08791925013065338,1.2880979776382446
10000,mha,42,4,14,0.07697530090808868,0.0716819316148758,1.2880979776382446
10000,mha,42,4,15,0.07564432919025421,0.06887446343898773,1.2880979776382446
10000,mha,42,5,0,0.06954630464315414,0.07310362160205841,1.5296502113342285
10000,mha,42,5,1,0.06154540926218033,0.058872610330581665,1.5296502113342285
10000,mha,42,5,2,0.06052032485604286,0.06339114159345627,1.5296502113342285
10000,mha,42,5,3,0.062058817595243454,0.0737994834780693,1.5296502113342285
10000,mha,42,5,4,0.08882731199264526,0.07645099610090256,1.5296502113342285
10000,mha,42,5,5,0.0668748989701271,0.05238526314496994,1.5296502113342285
10000,mha,42,5,6,0.03748606517910957,0.04093574732542038,1.5296502113342285
10000,mha,42,5,7,0.041293539106845856,0.05270680785179138,1.5296502113342285
10000,mha,42,5,8,0.08955840766429901,0.08844184875488281,1.5296502113342285
10000,mha,42,5,9,0.03882039338350296,0.04533837363123894,1.5296502113342285
10000,mha,42,5,10,0.04572011157870293,0.0633455142378807,1.5296502113342285
10000,mha,42,5,11,0.044303588569164276,0.047569386661052704,1.5296502113342285
10000,mha,42,5,12,0.09389638155698776,0.07847430557012558,1.5296502113342285
10000,mha,42,5,13,0.04341115429997444,0.04544466361403465,1.5296502113342285
10000,mha,42,5,14,0.0591144822537899,0.057242635637521744,1.5296502113342285
10000,mha,42,5,15,0.09702280908823013,0.08249757438898087,1.5296502113342285
10500,mha,42,1,0,0.05792449787259102,0.057269077748060226,1.9893666505813599
10500,mha,42,1,1,0.05765370652079582,0.06535438448190689,1.9893666505813599
10500,mha,42,1,2,0.0783526599407196,0.06936850398778915,1.9893666505813599
10500,mha,42,1,3,0.06097931042313576,0.06149223446846008,1.9893666505813599
10500,mha,42,1,4,0.05521606281399727,0.0585138201713562,1.9893666505813599
10500,mha,42,1,5,0.05709228664636612,0.05910344421863556,1.9893666505813599
10500,mha,42,1,6,0.07301656156778336,0.06109221652150154,1.9893666505813599
10500,mha,42,1,7,0.06126688793301582,0.0579184927046299,1.9893666505813599
10500,mha,42,1,8,0.06524474918842316,0.07638568431138992,1.9893666505813599
10500,mha,42,1,9,0.05258982256054878,0.057275041937828064,1.9893666505813599
10500,mha,42,1,10,0.06405843049287796,0.05938541516661644,1.9893666505813599
10500,mha,42,1,11,0.054085489362478256,0.061293214559555054,1.9893666505813599
10500,mha,42,1,12,0.0671883150935173,0.0607709139585495,1.9893666505813599
10500,mha,42,1,13,0.06793436408042908,0.07938295602798462,1.9893666505813599
10500,mha,42,1,14,0.06254363805055618,0.0620863102376461,1.9893666505813599
10500,mha,42,1,15,0.06485321372747421,0.05330832302570343,1.9893666505813599
10500,mha,42,2,0,0.07339569181203842,0.06925017386674881,1.5813270807266235
10500,mha,42,2,1,0.05033427104353905,0.04932178184390068,1.5813270807266235
10500,mha,42,2,2,0.07872243225574493,0.072766974568367,1.5813270807266235
10500,mha,42,2,3,0.04254964366555214,0.049156252294778824,1.5813270807266235
10500,mha,42,2,4,0.0407511405646801,0.05063936114311218,1.5813270807266235
10500,mha,42,2,5,0.07813934236764908,0.07799311727285385,1.5813270807266235
10500,mha,42,2,6,0.06772959232330322,0.06579006463289261,1.5813270807266235
10500,mha,42,2,7,0.05444345995783806,0.05256952345371246,1.5813270807266235
10500,mha,42,2,8,0.08901336789131165,0.08827286958694458,1.5813270807266235
10500,mha,42,2,9,0.0701826959848404,0.06225569546222687,1.5813270807266235
10500,mha,42,2,10,0.0631045550107956,0.06583218276500702,1.5813270807266235
10500,mha,42,2,11,0.0750732421875,0.07402271032333374,1.5813270807266235
10500,mha,42,2,12,0.03882019221782684,0.042435698211193085,1.5813270807266235
10500,mha,42,2,13,0.07087422907352448,0.05946800857782364,1.5813270807266235
10500,mha,42,2,14,0.05797373503446579,0.06146227568387985,1.5813270807266235
10500,mha,42,2,15,0.048892416059970856,0.058763232082128525,1.5813270807266235
10500,mha,42,3,0,0.06928039342164993,0.07119394093751907,1.3272753953933716
10500,mha,42,3,1,0.058405354619026184,0.0528423897922039,1.3272753953933716
10500,mha,42,3,2,0.05821411311626434,0.057472653687000275,1.3272753953933716
10500,mha,42,3,3,0.05606170743703842,0.05303012579679489,1.3272753953933716
10500,mha,42,3,4,0.04082733020186424,0.04642658680677414,1.3272753953933716
10500,mha,42,3,5,0.11508005857467651,0.1139930710196495,1.3272753953933716
10500,mha,42,3,6,0.027131754904985428,0.029805611819028854,1.3272753953933716
10500,mha,42,3,7,0.06264190375804901,0.047162581235170364,1.3272753953933716
10500,mha,42,3,8,0.0484580472111702,0.04860169440507889,1.3272753953933716
10500,mha,42,3,9,0.042063191533088684,0.05523145571351051,1.3272753953933716
10500,mha,42,3,10,0.10007303953170776,0.08059734851121902,1.3272753953933716
10500,mha,42,3,11,0.052967529743909836,0.06197822466492653,1.3272753953933716
10500,mha,42,3,12,0.03962249681353569,0.05078185722231865,1.3272753953933716
10500,mha,42,3,13,0.07235269993543625,0.061170805245637894,1.3272753953933716
10500,mha,42,3,14,0.08659759163856506,0.1065649762749672,1.3272753953933716
10500,mha,42,3,15,0.07022278010845184,0.06314670294523239,1.3272753953933716
10500,mha,42,4,0,0.06500346213579178,0.07362744957208633,1.290615439414978
10500,mha,42,4,1,0.052935995161533356,0.06546850502490997,1.290615439414978
10500,mha,42,4,2,0.07442260533571243,0.07029926776885986,1.290615439414978
10500,mha,42,4,3,0.04907938465476036,0.05644616484642029,1.290615439414978
10500,mha,42,4,4,0.06384073942899704,0.07075504958629608,1.290615439414978
10500,mha,42,4,5,0.05769297108054161,0.060104988515377045,1.290615439414978
10500,mha,42,4,6,0.06219624727964401,0.05466040223836899,1.290615439414978
10500,mha,42,4,7,0.08370544761419296,0.062130071222782135,1.290615439414978
10500,mha,42,4,8,0.02565307542681694,0.04107147082686424,1.290615439414978
10500,mha,42,4,9,0.06550313532352448,0.06316074728965759,1.290615439414978
10500,mha,42,4,10,0.07706624269485474,0.07233955711126328,1.290615439414978
10500,mha,42,4,11,0.03920705243945122,0.03571983054280281,1.290615439414978
10500,mha,42,4,12,0.03978006914258003,0.04602207988500595,1.290615439414978
10500,mha,42,4,13,0.09300150722265244,0.08864626288414001,1.290615439414978
10500,mha,42,4,14,0.07723744958639145,0.07194741815328598,1.290615439414978
10500,mha,42,4,15,0.07367461919784546,0.06760064512491226,1.290615439414978
10500,mha,42,5,0,0.07280995696783066,0.07627059519290924,1.5301467180252075
10500,mha,42,5,1,0.058353982865810394,0.05600598827004433,1.5301467180252075
10500,mha,42,5,2,0.06053121015429497,0.06416110694408417,1.5301467180252075
10500,mha,42,5,3,0.060324911028146744,0.07168801128864288,1.5301467180252075
10500,mha,42,5,4,0.0892326831817627,0.07784999907016754,1.5301467180252075
10500,mha,42,5,5,0.0681895986199379,0.05449507385492325,1.5301467180252075
10500,mha,42,5,6,0.03829183056950569,0.04250587150454521,1.5301467180252075
10500,mha,42,5,7,0.04093648120760918,0.05247216299176216,1.5301467180252075
10500,mha,42,5,8,0.08894846588373184,0.08513110131025314,1.5301467180252075
10500,mha,42,5,9,0.03759297728538513,0.04439232125878334,1.5301467180252075
10500,mha,42,5,10,0.04671529307961464,0.06542515754699707,1.5301467180252075
10500,mha,42,5,11,0.04383646696805954,0.0467621274292469,1.5301467180252075
10500,mha,42,5,12,0.09572509676218033,0.08003067225217819,1.5301467180252075
10500,mha,42,5,13,0.04360188916325569,0.04531266167759895,1.5301467180252075
10500,mha,42,5,14,0.057723693549633026,0.05503653362393379,1.5301467180252075
10500,mha,42,5,15,0.09718546271324158,0.08246071636676788,1.5301467180252075
11000,mha,42,1,0,0.04861806333065033,0.05298566073179245,1.9841201305389404
11000,mha,42,1,1,0.0607471726834774,0.06804157048463821,1.9841201305389404
11000,mha,42,1,2,0.0784071832895279,0.07050976157188416,1.9841201305389404
11000,mha,42,1,3,0.06113789975643158,0.062130872160196304,1.9841201305389404
11000,mha,42,1,4,0.055970966815948486,0.05903749540448189,1.9841201305389404
11000,mha,42,1,5,0.0652778148651123,0.06287986040115356,1.9841201305389404
11000,mha,42,1,6,0.06759969145059586,0.05868534743785858,1.9841201305389404
11000,mha,42,1,7,0.06507985293865204,0.06083669140934944,1.9841201305389404
11000,mha,42,1,8,0.06154225766658783,0.07580037415027618,1.9841201305389404
11000,mha,42,1,9,0.060117289423942566,0.06024612486362457,1.9841201305389404
11000,mha,42,1,10,0.07034220546483994,0.06307189911603928,1.9841201305389404
11000,mha,42,1,11,0.054626669734716415,0.06229556351900101,1.9841201305389404
11000,mha,42,1,12,0.06244700029492378,0.05632927641272545,1.9841201305389404
11000,mha,42,1,13,0.06857605278491974,0.07817637175321579,1.9841201305389404
11000,mha,42,1,14,0.05861297622323036,0.05886177718639374,1.9841201305389404
11000,mha,42,1,15,0.06089691072702408,0.05011121928691864,1.9841201305389404
11000,mha,42,2,0,0.0713571161031723,0.06902769953012466,1.597968339920044
11000,mha,42,2,1,0.053906556218862534,0.0529671274125576,1.597968339920044
11000,mha,42,2,2,0.07582417875528336,0.07191681116819382,1.597968339920044
11000,mha,42,2,3,0.04152537137269974,0.048297807574272156,1.597968339920044
11000,mha,42,2,4,0.042096253484487534,0.0516023151576519,1.597968339920044
11000,mha,42,2,5,0.0798702985048294,0.08016002923250198,1.597968339920044
11000,mha,42,2,6,0.06916290521621704,0.06688238680362701,1.597968339920044
11000,mha,42,2,7,0.05708017945289612,0.05382392928004265,1.597968339920044
11000,mha,42,2,8,0.0872771218419075,0.0849647969007492,1.597968339920044
11000,mha,42,2,9,0.06383097171783447,0.057904016226530075,1.597968339920044
11000,mha,42,2,10,0.06437724083662033,0.06606025248765945,1.597968339920044
11000,mha,42,2,11,0.07183278352022171,0.07160172611474991,1.597968339920044
11000,mha,42,2,12,0.043900758028030396,0.04479081183671951,1.597968339920044
11000,mha,42,2,13,0.06824249029159546,0.05831696093082428,1.597968339920044
11000,mha,42,2,14,0.05887807160615921,0.06209519878029823,1.597968339920044
11000,mha,42,2,15,0.05083770677447319,0.05958796292543411,1.597968339920044
11000,mha,42,3,0,0.06635131686925888,0.06833359599113464,1.3377348184585571
11000,mha,42,3,1,0.061646729707717896,0.056119631975889206,1.3377348184585571
11000,mha,42,3,2,0.05949900299310684,0.058154620230197906,1.3377348184585571
11000,mha,42,3,3,0.05165598541498184,0.04985250532627106,1.3377348184585571
11000,mha,42,3,4,0.03835337236523628,0.045461300760507584,1.3377348184585571
11000,mha,42,3,5,0.11204946041107178,0.10828736424446106,1.3377348184585571
11000,mha,42,3,6,0.029273172840476036,0.03151848912239075,1.3377348184585571
11000,mha,42,3,7,0.06510477513074875,0.04959671199321747,1.3377348184585571
11000,mha,42,3,8,0.04927022382616997,0.04896458238363266,1.3377348184585571
11000,mha,42,3,9,0.04185546934604645,0.05568516254425049,1.3377348184585571
11000,mha,42,3,10,0.09971883147954941,0.08238545805215836,1.3377348184585571
11000,mha,42,3,11,0.0520559698343277,0.060585230588912964,1.3377348184585571
11000,mha,42,3,12,0.04044525325298309,0.05147523432970047,1.3377348184585571
11000,mha,42,3,13,0.0756283551454544,0.06476931273937225,1.3377348184585571
11000,mha,42,3,14,0.08599558472633362,0.10429507493972778,1.3377348184585571
11000,mha,42,3,15,0.0710964947938919,0.06451573967933655,1.3377348184585571
11000,mha,42,4,0,0.06597666442394257,0.07461844384670258,1.2889869213104248
11000,mha,42,4,1,0.05625305324792862,0.06855780631303787,1.2889869213104248
11000,mha,42,4,2,0.0745009332895279,0.06997331976890564,1.2889869213104248
11000,mha,42,4,3,0.047650959342718124,0.05574381351470947,1.2889869213104248
11000,mha,42,4,4,0.06276204437017441,0.07057324051856995,1.2889869213104248
11000,mha,42,4,5,0.056191813200712204,0.058434952050447464,1.2889869213104248
11000,mha,42,4,6,0.06020161882042885,0.053113359957933426,1.2889869213104248
11000,mha,42,4,7,0.0792396068572998,0.058286648243665695,1.2889869213104248
11000,mha,42,4,8,0.024798788130283356,0.03972044959664345,1.2889869213104248
11000,mha,42,4,9,0.06712585687637329,0.06449052691459656,1.2889869213104248
11000,mha,42,4,10,0.0820375606417656,0.07757826149463654,1.2889869213104248
11000,mha,42,4,11,0.03869343921542168,0.03519497066736221,1.2889869213104248
11000,mha,42,4,12,0.04108011722564697,0.046435050666332245,1.2889869213104248
11000,mha,42,4,13,0.0919526144862175,0.08744792640209198,1.2889869213104248
11000,mha,42,4,14,0.07546203583478928,0.07114086300134659,1.2889869213104248
11000,mha,42,4,15,0.07607289403676987,0.06869051605463028,1.2889869213104248
11000,mha,42,5,0,0.06800272315740585,0.07071058452129364,1.5385128259658813
11000,mha,42,5,1,0.05435730144381523,0.053691934794187546,1.5385128259658813
11000,mha,42,5,2,0.06381337344646454,0.06640993058681488,1.5385128259658813
11000,mha,42,5,3,0.06264831870794296,0.07374974340200424,1.5385128259658813
11000,mha,42,5,4,0.0933438092470169,0.08203403651714325,1.5385128259658813
11000,mha,42,5,5,0.07017598301172256,0.055920179933309555,1.5385128259658813
11000,mha,42,5,6,0.03601216524839401,0.041253481060266495,1.5385128259658813
11000,mha,42,5,7,0.041964009404182434,0.053275804966688156,1.5385128259658813
11000,mha,42,5,8,0.08990102261304855,0.08680833131074905,1.5385128259658813
11000,mha,42,5,9,0.038463033735752106,0.0449710376560688,1.5385128259658813
11000,mha,42,5,10,0.04435831680893898,0.06312715262174606,1.5385128259658813
11000,mha,42,5,11,0.04332733154296875,0.046770062297582626,1.5385128259658813
11000,mha,42,5,12,0.09292134642601013,0.07589030265808105,1.5385128259658813
11000,mha,42,5,13,0.04408203065395355,0.04614390805363655,1.5385128259658813
11000,mha,42,5,14,0.06019887328147888,0.05813425034284592,1.5385128259658813
11000,mha,42,5,15,0.09643036127090454,0.08110939711332321,1.5385128259658813
11500,mha,42,1,0,0.054346516728401184,0.05586092174053192,1.9769790172576904
11500,mha,42,1,1,0.06108388304710388,0.06770432740449905,1.9769790172576904
11500,mha,42,1,2,0.07890278846025467,0.06956462562084198,1.9769790172576904
11500,mha,42,1,3,0.06031046435236931,0.06173662096261978,1.9769790172576904
11500,mha,42,1,4,0.06043721362948418,0.06040053069591522,1.9769790172576904
11500,mha,42,1,5,0.06252115964889526,0.061271291226148605,1.9769790172576904
11500,mha,42,1,6,0.0636812373995781,0.0568910650908947,1.9769790172576904
11500,mha,42,1,7,0.0639381930232048,0.05980835482478142,1.9769790172576904
11500,mha,42,1,8,0.06104471907019615,0.07467908412218094,1.9769790172576904
11500,mha,42,1,9,0.053434040397405624,0.0586576908826828,1.9769790172576904
11500,mha,42,1,10,0.07160145789384842,0.06323838233947754,1.9769790172576904
11500,mha,42,1,11,0.055518392473459244,0.06405026465654373,1.9769790172576904
11500,mha,42,1,12,0.0668996199965477,0.059946898370981216,1.9769790172576904
11500,mha,42,1,13,0.06739705055952072,0.07817476242780685,1.9769790172576904
11500,mha,42,1,14,0.05847330763936043,0.058235932141542435,1.9769790172576904
11500,mha,42,1,15,0.06040995195508003,0.049779146909713745,1.9769790172576904
11500,mha,42,2,0,0.07335907220840454,0.07079974561929703,1.5900577306747437
11500,mha,42,2,1,0.05156290531158447,0.050815239548683167,1.5900577306747437
11500,mha,42,2,2,0.07312876731157303,0.0697566419839859,1.5900577306747437
11500,mha,42,2,3,0.04283762723207474,0.04941045865416527,1.5900577306747437
11500,mha,42,2,4,0.04018402099609375,0.04940232262015343,1.5900577306747437
11500,mha,42,2,5,0.07715403288602829,0.0773194432258606,1.5900577306747437
11500,mha,42,2,6,0.06959238648414612,0.06860750168561935,1.5900577306747437
11500,mha,42,2,7,0.05698211491107941,0.05342322215437889,1.5900577306747437
11500,mha,42,2,8,0.08814606070518494,0.08599349111318588,1.5900577306747437
11500,mha,42,2,9,0.06600148230791092,0.05927720293402672,1.5900577306747437
11500,mha,42,2,10,0.06306691467761993,0.06604277342557907,1.5900577306747437
11500,mha,42,2,11,0.07522521913051605,0.07418443262577057,1.5900577306747437
11500,mha,42,2,12,0.04259450361132622,0.043800801038742065,1.5900577306747437
11500,mha,42,2,13,0.06977427005767822,0.05910343676805496,1.5900577306747437
11500,mha,42,2,14,0.05995656177401543,0.06266403198242188,1.5900577306747437
11500,mha,42,2,15,0.05043406039476395,0.05939929932355881,1.5900577306747437
11500,mha,42,3,0,0.06616058200597763,0.0683128610253334,1.3349100351333618
11500,mha,42,3,1,0.06036020815372467,0.054256878793239594,1.3349100351333618
11500,mha,42,3,2,0.058785296976566315,0.05796612426638603,1.3349100351333618
11500,mha,42,3,3,0.05257212370634079,0.05054539442062378,1.3349100351333618
11500,mha,42,3,4,0.03855641558766365,0.04500831663608551,1.3349100351333618
11500,mha,42,3,5,0.11190032958984375,0.10787355154752731,1.3349100351333618
11500,mha,42,3,6,0.030919698998332024,0.03275974094867706,1.3349100351333618
11500,mha,42,3,7,0.06605082005262375,0.05029347166419029,1.3349100351333618
11500,mha,42,3,8,0.04731506481766701,0.04755336791276932,1.3349100351333618
11500,mha,42,3,9,0.043393656611442566,0.057402852922677994,1.3349100351333618
11500,mha,42,3,10,0.10089701414108276,0.08368247002363205,1.3349100351333618
11500,mha,42,3,11,0.053387247025966644,0.06292839348316193,1.3349100351333618
11500,mha,42,3,12,0.04047088697552681,0.051722995936870575,1.3349100351333618
11500,mha,42,3,13,0.07535329461097717,0.06406918913125992,1.3349100351333618
11500,mha,42,3,14,0.08607330173254013,0.10364069044589996,1.3349100351333618
11500,mha,42,3,15,0.06780405342578888,0.061983730643987656,1.3349100351333618
11500,mha,42,4,0,0.06376993656158447,0.07252402603626251,1.2831631898880005
11500,mha,42,4,1,0.056743063032627106,0.06854459643363953,1.2831631898880005
11500,mha,42,4,2,0.07643076777458191,0.07258933782577515,1.2831631898880005
11500,mha,42,4,3,0.05054077133536339,0.05801112949848175,1.2831631898880005
11500,mha,42,4,4,0.06454386562108994,0.07238605618476868,1.2831631898880005
11500,mha,42,4,5,0.05592102184891701,0.058997128158807755,1.2831631898880005
11500,mha,42,4,6,0.061647847294807434,0.05423051863908768,1.2831631898880005
11500,mha,42,4,7,0.08023793250322342,0.058148134499788284,1.2831631898880005
11500,mha,42,4,8,0.02378540113568306,0.03883922100067139,1.2831631898880005
11500,mha,42,4,9,0.0668398067355156,0.06474071741104126,1.2831631898880005
11500,mha,42,4,10,0.07907531410455704,0.07467441260814667,1.2831631898880005
11500,mha,42,4,11,0.03884928300976753,0.03512383997440338,1.2831631898880005
11500,mha,42,4,12,0.04059600830078125,0.04571995511651039,1.2831631898880005
11500,mha,42,4,13,0.09013213962316513,0.08496228605508804,1.2831631898880005
11500,mha,42,4,14,0.07634013146162033,0.07202006876468658,1.2831631898880005
11500,mha,42,4,15,0.0745467096567154,0.06848859041929245,1.2831631898880005
11500,mha,42,5,0,0.07003458589315414,0.07421205192804337,1.535700798034668
11500,mha,42,5,1,0.05616516247391701,0.055211830884218216,1.535700798034668
11500,mha,42,5,2,0.06285542994737625,0.06598472595214844,1.535700798034668
11500,mha,42,5,3,0.06104685366153717,0.07182709127664566,1.535700798034668
11500,mha,42,5,4,0.09061238914728165,0.07802633196115494,1.535700798034668
11500,mha,42,5,5,0.06915679574012756,0.05459120497107506,1.535700798034668
11500,mha,42,5,6,0.0365326963365078,0.04209420457482338,1.535700798034668
11500,mha,42,5,7,0.04150298982858658,0.053517308086156845,1.535700798034668
11500,mha,42,5,8,0.08801829069852829,0.08592250198125839,1.535700798034668
11500,mha,42,5,9,0.04036356508731842,0.04616393893957138,1.535700798034668
11500,mha,42,5,10,0.045927632600069046,0.06395731121301651,1.535700798034668
11500,mha,42,5,11,0.04478556290268898,0.04797245189547539,1.535700798034668
11500,mha,42,5,12,0.09263661503791809,0.07607650011777878,1.535700798034668
11500,mha,42,5,13,0.04465026780962944,0.0457354411482811,1.535700798034668
11500,mha,42,5,14,0.060054220259189606,0.05824989825487137,1.535700798034668
11500,mha,42,5,15,0.09565693885087967,0.08045719563961029,1.535700798034668
12000,mha,42,1,0,0.05689046159386635,0.05693865939974785,1.9695322513580322
12000,mha,42,1,1,0.05791839584708214,0.06659220904111862,1.9695322513580322
12000,mha,42,1,2,0.07886535674333572,0.0709487795829773,1.9695322513580322
12000,mha,42,1,3,0.05609232559800148,0.05962839722633362,1.9695322513580322
12000,mha,42,1,4,0.051632385700941086,0.05611882358789444,1.9695322513580322
12000,mha,42,1,5,0.06385355442762375,0.06252679973840714,1.9695322513580322
12000,mha,42,1,6,0.06393910944461823,0.05762465298175812,1.9695322513580322
12000,mha,42,1,7,0.0673491433262825,0.06193752959370613,1.9695322513580322
12000,mha,42,1,8,0.061187032610177994,0.07445002347230911,1.9695322513580322
12000,mha,42,1,9,0.06442077457904816,0.06317613273859024,1.9695322513580322
12000,mha,42,1,10,0.0732429027557373,0.06471744179725647,1.9695322513580322
12000,mha,42,1,11,0.05326833203434944,0.06210274249315262,1.9695322513580322
12000,mha,42,1,12,0.06448008120059967,0.05829883739352226,1.9695322513580322
12000,mha,42,1,13,0.06589874625205994,0.07521303743124008,1.9695322513580322
12000,mha,42,1,14,0.05914153903722763,0.059010397642850876,1.9695322513580322
12000,mha,42,1,15,0.06181986629962921,0.050715576857328415,1.9695322513580322
12000,mha,42,2,0,0.07648508995771408,0.07178867608308792,1.5857151746749878
12000,mha,42,2,1,0.05011932551860809,0.04949084296822548,1.5857151746749878
12000,mha,42,2,2,0.07008229941129684,0.06790390610694885,1.5857151746749878
12000,mha,42,2,3,0.04340159147977829,0.04927150160074234,1.5857151746749878
12000,mha,42,2,4,0.04193369671702385,0.05147600546479225,1.5857151746749878
12000,mha,42,2,5,0.07743855565786362,0.07721170037984848,1.5857151746749878
12000,mha,42,2,6,0.07072550803422928,0.06843435019254684,1.5857151746749878
12000,mha,42,2,7,0.05452626571059227,0.05208101496100426,1.5857151746749878
12000,mha,42,2,8,0.08926758170127869,0.08650854229927063,1.5857151746749878
12000,mha,42,2,9,0.06548940390348434,0.059168897569179535,1.5857151746749878
12000,mha,42,2,10,0.06373128294944763,0.06714362651109695,1.5857151746749878
12000,mha,42,2,11,0.07466573268175125,0.07401030510663986,1.5857151746749878
12000,mha,42,2,12,0.041355691850185394,0.04296370968222618,1.5857151746749878
12000,mha,42,2,13,0.06924042105674744,0.059102460741996765,1.5857151746749878
12000,mha,42,2,14,0.06084604933857918,0.06353609263896942,1.5857151746749878
12000,mha,42,2,15,0.05069153010845184,0.059908390045166016,1.5857151746749878
12000,mha,42,3,0,0.06507141143083572,0.06701129674911499,1.3308814764022827
12000,mha,42,3,1,0.06142710521817207,0.05530776455998421,1.3308814764022827
12000,mha,42,3,2,0.06007629260420799,0.05918022245168686,1.3308814764022827
12000,mha,42,3,3,0.05374196544289589,0.05156875401735306,1.3308814764022827
12000,mha,42,3,4,0.0370941162109375,0.043811094015836716,1.3308814764022827
12000,mha,42,3,5,0.11333638429641724,0.11062216758728027,1.3308814764022827
12000,mha,42,3,6,0.02705078199505806,0.030103664845228195,1.3308814764022827
12000,mha,42,3,7,0.0691031888127327,0.05181807652115822,1.3308814764022827
12000,mha,42,3,8,0.04997599124908447,0.04995374754071236,1.3308814764022827
12000,mha,42,3,9,0.043458759784698486,0.05619441345334053,1.3308814764022827
12000,mha,42,3,10,0.0998312383890152,0.08057945966720581,1.3308814764022827
12000,mha,42,3,11,0.05248860642313957,0.06194791942834854,1.3308814764022827
12000,mha,42,3,12,0.03893371671438217,0.05060788616538048,1.3308814764022827
12000,mha,42,3,13,0.07390990853309631,0.06377770006656647,1.3308814764022827
12000,mha,42,3,14,0.08594939857721329,0.10504654794931412,1.3308814764022827
12000,mha,42,3,15,0.06855113059282303,0.06246936321258545,1.3308814764022827
12000,mha,42,4,0,0.06457784026861191,0.07328562438488007,1.2883994579315186
12000,mha,42,4,1,0.053975220769643784,0.06633983552455902,1.2883994579315186
12000,mha,42,4,2,0.07559967041015625,0.07125434279441833,1.2883994579315186
12000,mha,42,4,3,0.048219095915555954,0.056555766612291336,1.2883994579315186
12000,mha,42,4,4,0.06349650025367737,0.07110550254583359,1.2883994579315186
12000,mha,42,4,5,0.05699269473552704,0.060059260576963425,1.2883994579315186
12000,mha,42,4,6,0.06179148331284523,0.05483989045023918,1.2883994579315186
12000,mha,42,4,7,0.0841820240020752,0.06190389022231102,1.2883994579315186
12000,mha,42,4,8,0.023769531399011612,0.03872543200850487,1.2883994579315186
12000,mha,42,4,9,0.0669543445110321,0.06528312712907791,1.2883994579315186
12000,mha,42,4,10,0.08060730248689651,0.07624437659978867,1.2883994579315186
12000,mha,42,4,11,0.04075907543301582,0.0368090383708477,1.2883994579315186
12000,mha,42,4,12,0.0397815965116024,0.04487863928079605,1.2883994579315186
12000,mha,42,4,13,0.08989003300666809,0.08425510674715042,1.2883994579315186
12000,mha,42,4,14,0.07354827970266342,0.06879565119743347,1.2883994579315186
12000,mha,42,4,15,0.0758553072810173,0.0696646124124527,1.2883994579315186
12000,mha,42,5,0,0.06873077154159546,0.07272384315729141,1.525193214416504
12000,mha,42,5,1,0.05850036442279816,0.056380823254585266,1.525193214416504
12000,mha,42,5,2,0.06102803722023964,0.06308009475469589,1.525193214416504
12000,mha,42,5,3,0.06084035336971283,0.07149217277765274,1.525193214416504
12000,mha,42,5,4,0.08954080939292908,0.07758814841508865,1.525193214416504
12000,mha,42,5,5,0.06797230988740921,0.05292518064379692,1.525193214416504
12000,mha,42,5,6,0.0358193963766098,0.04088175296783447,1.525193214416504
12000,mha,42,5,7,0.04308430850505829,0.05563554912805557,1.525193214416504
12000,mha,42,5,8,0.08809325844049454,0.08586731553077698,1.525193214416504
12000,mha,42,5,9,0.03852742537856102,0.045513078570365906,1.525193214416504
12000,mha,42,5,10,0.0471578985452652,0.06553317606449127,1.525193214416504
12000,mha,42,5,11,0.04380889981985092,0.04669296741485596,1.525193214416504
12000,mha,42,5,12,0.09375233948230743,0.07697444409132004,1.525193214416504
12000,mha,42,5,13,0.04567199572920799,0.046847470104694366,1.525193214416504
12000,mha,42,5,14,0.06147043779492378,0.059341028332710266,1.525193214416504
12000,mha,42,5,15,0.09600138664245605,0.08252298086881638,1.525193214416504
12500,mha,42,1,0,0.05753367021679878,0.05720050260424614,1.975233554840088
12500,mha,42,1,1,0.05558888614177704,0.06452814489603043,1.975233554840088
12500,mha,42,1,2,0.0807965099811554,0.07208777219057083,1.975233554840088
12500,mha,42,1,3,0.05880137160420418,0.06116584315896034,1.975233554840088
12500,mha,42,1,4,0.056273601949214935,0.059245821088552475,1.975233554840088
12500,mha,42,1,5,0.06360168755054474,0.06218902766704559,1.975233554840088
12500,mha,42,1,6,0.06130269542336464,0.05667845904827118,1.975233554840088
12500,mha,42,1,7,0.06770823150873184,0.06195812299847603,1.975233554840088
12500,mha,42,1,8,0.05968577042222023,0.07366849482059479,1.975233554840088
12500,mha,42,1,9,0.05736033245921135,0.05992262437939644,1.975233554840088
12500,mha,42,1,10,0.07443807274103165,0.063960000872612,1.975233554840088
12500,mha,42,1,11,0.05420206859707832,0.06229585036635399,1.975233554840088
12500,mha,42,1,12,0.06513316184282303,0.058945730328559875,1.975233554840088
12500,mha,42,1,13,0.06648346036672592,0.07676460593938828,1.975233554840088
12500,mha,42,1,14,0.0607757568359375,0.05991010740399361,1.975233554840088
12500,mha,42,1,15,0.060314737260341644,0.04947884380817413,1.975233554840088
12500,mha,42,2,0,0.07337676733732224,0.06969694793224335,1.580564260482788
12500,mha,42,2,1,0.053718771785497665,0.05199998989701271,1.580564260482788
12500,mha,42,2,2,0.06948842108249664,0.06850384920835495,1.580564260482788
12500,mha,42,2,3,0.04441182315349579,0.04959167540073395,1.580564260482788
12500,mha,42,2,4,0.04071421176195145,0.04991424083709717,1.580564260482788
12500,mha,42,2,5,0.08043243736028671,0.07942260056734085,1.580564260482788
12500,mha,42,2,6,0.07004394382238388,0.0688048005104065,1.580564260482788
12500,mha,42,2,7,0.05754689499735832,0.05365386977791786,1.580564260482788
12500,mha,42,2,8,0.08861582726240158,0.08658011257648468,1.580564260482788
12500,mha,42,2,9,0.06923452019691467,0.061549484729766846,1.580564260482788
12500,mha,42,2,10,0.06393036246299744,0.06631454825401306,1.580564260482788
12500,mha,42,2,11,0.07270731776952744,0.07239800691604614,1.580564260482788
12500,mha,42,2,12,0.040857136249542236,0.04372391104698181,1.580564260482788
12500,mha,42,2,13,0.06815002113580704,0.058027539402246475,1.580564260482788
12500,mha,42,2,14,0.05694396793842316,0.060472261160612106,1.580564260482788
12500,mha,42,2,15,0.04982757568359375,0.05934601649641991,1.580564260482788
12500,mha,42,3,0,0.0657285526394844,0.06746222823858261,1.3368754386901855
12500,mha,42,3,1,0.05918924883008003,0.05322067067027092,1.3368754386901855
12500,mha,42,3,2,0.058354493230581284,0.05740659683942795,1.3368754386901855
12500,mha,42,3,3,0.05487681180238724,0.05235115811228752,1.3368754386901855
12500,mha,42,3,4,0.03754567354917526,0.04412142187356949,1.3368754386901855
12500,mha,42,3,5,0.11441019922494888,0.11143618077039719,1.3368754386901855
12500,mha,42,3,6,0.028003031387925148,0.030985575169324875,1.3368754386901855
12500,mha,42,3,7,0.06876607239246368,0.05092713236808777,1.3368754386901855
12500,mha,42,3,8,0.05081949755549431,0.05066056549549103,1.3368754386901855
12500,mha,42,3,9,0.043287862092256546,0.05670857056975365,1.3368754386901855
12500,mha,42,3,10,0.10028401762247086,0.08156204968690872,1.3368754386901855
12500,mha,42,3,11,0.05207173526287079,0.06178486347198486,1.3368754386901855
12500,mha,42,3,12,0.038926493376493454,0.0504387766122818,1.3368754386901855
12500,mha,42,3,13,0.07252664864063263,0.06228083744645119,1.3368754386901855
12500,mha,42,3,14,0.0869833379983902,0.10650012642145157,1.3368754386901855
12500,mha,42,3,15,0.06822631508111954,0.06215330585837364,1.3368754386901855
12500,mha,42,4,0,0.06305267661809921,0.07176876068115234,1.287169098854065
12500,mha,42,4,1,0.056908465921878815,0.06864777952432632,1.287169098854065
12500,mha,42,4,2,0.07548868656158447,0.0711926743388176,1.287169098854065
12500,mha,42,4,3,0.04738138988614082,0.055968716740608215,1.287169098854065
12500,mha,42,4,4,0.06294433772563934,0.07019040733575821,1.287169098854065
12500,mha,42,4,5,0.057024434208869934,0.06039704754948616,1.287169098854065
12500,mha,42,4,6,0.06206400692462921,0.055203914642333984,1.287169098854065
12500,mha,42,4,7,0.08439819514751434,0.062031567096710205,1.287169098854065
12500,mha,42,4,8,0.024332376196980476,0.03979593142867088,1.287169098854065
12500,mha,42,4,9,0.06709157675504684,0.06417439877986908,1.287169098854065
12500,mha,42,4,10,0.08076853305101395,0.07724165171384811,1.287169098854065
12500,mha,42,4,11,0.03908172622323036,0.03544062003493309,1.287169098854065
12500,mha,42,4,12,0.03890370577573776,0.04407769441604614,1.287169098854065
12500,mha,42,4,13,0.09182433784008026,0.08692986518144608,1.287169098854065
12500,mha,42,4,14,0.07406911253929138,0.06853213906288147,1.287169098854065
12500,mha,42,4,15,0.07466644048690796,0.06840693950653076,1.287169098854065
12500,mha,42,5,0,0.0687096118927002,0.0724671334028244,1.5211870670318604
12500,mha,42,5,1,0.059987690299749374,0.05798785015940666,1.5211870670318604
12500,mha,42,5,2,0.06025299057364464,0.06258095055818558,1.5211870670318604
12500,mha,42,5,3,0.06104685366153717,0.07177432626485825,1.5211870670318604
12500,mha,42,5,4,0.08968088775873184,0.07734430581331253,1.5211870670318604
12500,mha,42,5,5,0.07131276279687881,0.05489378049969673,1.5211870670318604
12500,mha,42,5,6,0.03438324108719826,0.04046144708991051,1.5211870670318604
12500,mha,42,5,7,0.04136566072702408,0.05345277860760689,1.5211870670318604
12500,mha,42,5,8,0.08702483773231506,0.08632361143827438,1.5211870670318604
12500,mha,42,5,9,0.03810923174023628,0.04415029659867287,1.5211870670318604
12500,mha,42,5,10,0.04558563232421875,0.06431160122156143,1.5211870670318604
12500,mha,42,5,11,0.04637644439935684,0.048994310200214386,1.5211870670318604
12500,mha,42,5,12,0.09334208071231842,0.07651479542255402,1.5211870670318604
12500,mha,42,5,13,0.044818419963121414,0.045832179486751556,1.5211870670318604
12500,mha,42,5,14,0.06201181933283806,0.0603816844522953,1.5211870670318604
12500,mha,42,5,15,0.0959918200969696,0.08252903819084167,1.5211870670318604
13000,mha,42,1,0,0.05551137402653694,0.056929949671030045,1.9593162536621094
13000,mha,42,1,1,0.05616800859570503,0.06548099964857101,1.9593162536621094
13000,mha,42,1,2,0.08012980222702026,0.07184761762619019,1.9593162536621094
13000,mha,42,1,3,0.05872243270277977,0.060354676097631454,1.9593162536621094
13000,mha,42,1,4,0.05669748783111572,0.059258002787828445,1.9593162536621094
13000,mha,42,1,5,0.06196634843945503,0.06138378009200096,1.9593162536621094
13000,mha,42,1,6,0.07106547057628632,0.060008060187101364,1.9593162536621094
13000,mha,42,1,7,0.06901773810386658,0.06260935962200165,1.9593162536621094
13000,mha,42,1,8,0.0589701347053051,0.07392524927854538,1.9593162536621094
13000,mha,42,1,9,0.05828562378883362,0.060051776468753815,1.9593162536621094
13000,mha,42,1,10,0.07057037204504013,0.06242784485220909,1.9593162536621094
13000,mha,42,1,11,0.052898865193128586,0.06229826435446739,1.9593162536621094
13000,mha,42,1,12,0.06329335272312164,0.05771463364362717,1.9593162536621094
13000,mha,42,1,13,0.06610707938671112,0.07694321125745773,1.9593162536621094
13000,mha,42,1,14,0.058712463825941086,0.058196380734443665,1.9593162536621094
13000,mha,42,1,15,0.06188344210386276,0.050569988787174225,1.9593162536621094
13000,mha,42,2,0,0.07561635226011276,0.07066983729600906,1.5730572938919067
13000,mha,42,2,1,0.05071929842233658,0.049859076738357544,1.5730572938919067
13000,mha,42,2,2,0.07476755976676941,0.07133631408214569,1.5730572938919067
13000,mha,42,2,3,0.04382487013936043,0.05003908649086952,1.5730572938919067
13000,mha,42,2,4,0.04095520079135895,0.05023973807692528,1.5730572938919067
13000,mha,42,2,5,0.07597239315509796,0.076680026948452,1.5730572938919067
13000,mha,42,2,6,0.06945230811834335,0.06823118031024933,1.5730572938919067
13000,mha,42,2,7,0.05696553364396095,0.05293002352118492,1.5730572938919067
13000,mha,42,2,8,0.08927886933088303,0.0870150700211525,1.5730572938919067
13000,mha,42,2,9,0.06578379124403,0.059985674917697906,1.5730572938919067
13000,mha,42,2,10,0.06306742131710052,0.06627072393894196,1.5730572938919067
13000,mha,42,2,11,0.0735054537653923,0.07321151345968246,1.5730572938919067
13000,mha,42,2,12,0.04157674312591553,0.04352916404604912,1.5730572938919067
13000,mha,42,2,13,0.0696486383676529,0.059406183660030365,1.5730572938919067
13000,mha,42,2,14,0.06097931042313576,0.06326793134212494,1.5730572938919067
13000,mha,42,2,15,0.04788625240325928,0.057328466325998306,1.5730572938919067
13000,mha,42,3,0,0.0675131231546402,0.06951930373907089,1.3301652669906616
13000,mha,42,3,1,0.06111348420381546,0.05497244372963905,1.3301652669906616
13000,mha,42,3,2,0.05948059260845184,0.05863648280501366,1.3301652669906616
13000,mha,42,3,3,0.05406240001320839,0.05179768055677414,1.3301652669906616
13000,mha,42,3,4,0.03838307783007622,0.04543295502662659,1.3301652669906616
13000,mha,42,3,5,0.11242014914751053,0.1101248562335968,1.3301652669906616
13000,mha,42,3,6,0.03016570955514908,0.0323924757540226,1.3301652669906616
13000,mha,42,3,7,0.06459014862775803,0.048596009612083435,1.3301652669906616
13000,mha,42,3,8,0.050071410834789276,0.049745433032512665,1.3301652669906616
13000,mha,42,3,9,0.04345041885972023,0.05646662414073944,1.3301652669906616
13000,mha,42,3,10,0.10022643953561783,0.08036482334136963,1.3301652669906616
13000,mha,42,3,11,0.0529957078397274,0.06232427433133125,1.3301652669906616
13000,mha,42,3,12,0.0381297804415226,0.04948440566658974,1.3301652669906616
13000,mha,42,3,13,0.0729612186551094,0.06299268454313278,1.3301652669906616
13000,mha,42,3,14,0.08724507689476013,0.10633482784032822,1.3301652669906616
13000,mha,42,3,15,0.06719126552343369,0.06081468611955643,1.3301652669906616
13000,mha,42,4,0,0.06419575959444046,0.0726107507944107,1.2751082181930542
13000,mha,42,4,1,0.05473846569657326,0.06682603806257248,1.2751082181930542
13000,mha,42,4,2,0.07601786404848099,0.07196509093046188,1.2751082181930542
13000,mha,42,4,3,0.04948516935110092,0.057750631123781204,1.2751082181930542
13000,mha,42,4,4,0.06260284781455994,0.07036115229129791,1.2751082181930542
13000,mha,42,4,5,0.05779052898287773,0.060981813818216324,1.2751082181930542
13000,mha,42,4,6,0.06097564846277237,0.05389893054962158,1.2751082181930542
13000,mha,42,4,7,0.0822918713092804,0.06041986495256424,1.2751082181930542
13000,mha,42,4,8,0.02367655374109745,0.03903584182262421,1.2751082181930542
13000,mha,42,4,9,0.06487254053354263,0.06256402283906937,1.2751082181930542
13000,mha,42,4,10,0.08058502525091171,0.07684380561113358,1.2751082181930542
13000,mha,42,4,11,0.04038554057478905,0.03614099323749542,1.2751082181930542
13000,mha,42,4,12,0.03882985562086105,0.04467844218015671,1.2751082181930542
13000,mha,42,4,13,0.09154927730560303,0.08535651117563248,1.2751082181930542
13000,mha,42,4,14,0.07647613435983658,0.0711638405919075,1.2751082181930542
13000,mha,42,4,15,0.07552693784236908,0.06940236687660217,1.2751082181930542
13000,mha,42,5,0,0.06874115020036697,0.07300882786512375,1.517797827720642
13000,mha,42,5,1,0.057998351752758026,0.0566849522292614,1.517797827720642
13000,mha,42,5,2,0.0601462796330452,0.06248154863715172,1.517797827720642
13000,mha,42,5,3,0.06172729656100273,0.07280448079109192,1.517797827720642
13000,mha,42,5,4,0.0908145159482956,0.07897806167602539,1.517797827720642
13000,mha,42,5,5,0.07053029537200928,0.05451912060379982,1.517797827720642
13000,mha,42,5,6,0.035360004752874374,0.04063961282372475,1.517797827720642
13000,mha,42,5,7,0.04132741317152977,0.05365900695323944,1.517797827720642
13000,mha,42,5,8,0.08711893856525421,0.08511166274547577,1.517797827720642
13000,mha,42,5,9,0.03881988674402237,0.04472809284925461,1.517797827720642
13000,mha,42,5,10,0.04632812365889549,0.06496312469244003,1.517797827720642
13000,mha,42,5,11,0.04444600269198418,0.04728517308831215,1.517797827720642
13000,mha,42,5,12,0.09421559423208237,0.07703815400600433,1.517797827720642
13000,mha,42,5,13,0.044173989444971085,0.045915309339761734,1.517797827720642
13000,mha,42,5,14,0.06227223575115204,0.060545749962329865,1.517797827720642
13000,mha,42,5,15,0.09597992151975632,0.08163707703351974,1.517797827720642
13500,mha,42,1,0,0.05367268994450569,0.055711690336465836,1.954566478729248
13500,mha,42,1,1,0.057854004204273224,0.06632993370294571,1.954566478729248
13500,mha,42,1,2,0.07938385009765625,0.0706891268491745,1.954566478729248
13500,mha,42,1,3,0.06162567064166069,0.061653606593608856,1.954566478729248
13500,mha,42,1,4,0.0548369325697422,0.05881556123495102,1.954566478729248
13500,mha,42,1,5,0.06391458958387375,0.06230275332927704,1.954566478729248
13500,mha,42,1,6,0.06827718019485474,0.059210892766714096,1.954566478729248
13500,mha,42,1,7,0.06680603325366974,0.06133974716067314,1.954566478729248
13500,mha,42,1,8,0.05735931545495987,0.07252040505409241,1.954566478729248
13500,mha,42,1,9,0.05563446134328842,0.05804292857646942,1.954566478729248
13500,mha,42,1,10,0.07644185423851013,0.06640808284282684,1.954566478729248
13500,mha,42,1,11,0.05487152189016342,0.0644250139594078,1.954566478729248
13500,mha,42,1,12,0.06376434117555618,0.05799819901585579,1.954566478729248
13500,mha,42,1,13,0.06563964486122131,0.07509081810712814,1.954566478729248
13500,mha,42,1,14,0.05949900299310684,0.059469178318977356,1.954566478729248
13500,mha,42,1,15,0.060418903827667236,0.049991972744464874,1.954566478729248
13500,mha,42,2,0,0.07716745883226395,0.07223273068666458,1.5760911703109741
13500,mha,42,2,1,0.0539073683321476,0.05245726555585861,1.5760911703109741
13500,mha,42,2,2,0.07304270565509796,0.07023452967405319,1.5760911703109741
13500,mha,42,2,3,0.04396168887615204,0.05020708218216896,1.5760911703109741
13500,mha,42,2,4,0.040142618119716644,0.0490637943148613,1.5760911703109741
13500,mha,42,2,5,0.07746622711420059,0.07829676568508148,1.5760911703109741
13500,mha,42,2,6,0.06886393576860428,0.0678815096616745,1.5760911703109741
13500,mha,42,2,7,0.058661703020334244,0.054864417761564255,1.5760911703109741
13500,mha,42,2,8,0.0885276272892952,0.08525335788726807,1.5760911703109741
13500,mha,42,2,9,0.06439270079135895,0.058780230581760406,1.5760911703109741
13500,mha,42,2,10,0.0627848282456398,0.06473749130964279,1.5760911703109741
13500,mha,42,2,11,0.0721270740032196,0.07163766771554947,1.5760911703109741
13500,mha,42,2,12,0.04150868579745293,0.04401626065373421,1.5760911703109741
13500,mha,42,2,13,0.06794657558202744,0.058501947671175,1.5760911703109741
13500,mha,42,2,14,0.05935974046587944,0.06252260506153107,1.5760911703109741
13500,mha,42,2,15,0.050139058381319046,0.059312280267477036,1.5760911703109741
13500,mha,42,3,0,0.06640533357858658,0.06818817555904388,1.335600733757019
13500,mha,42,3,1,0.05942138656973839,0.054338742047548294,1.335600733757019
13500,mha,42,3,2,0.05814463272690773,0.056978341192007065,1.335600733757019
13500,mha,42,3,3,0.053544312715530396,0.05132198706269264,1.335600733757019
13500,mha,42,3,4,0.03785654529929161,0.0447823628783226,1.335600733757019
13500,mha,42,3,5,0.11365712434053421,0.11113215237855911,1.335600733757019
13500,mha,42,3,6,0.028449606150388718,0.03199121356010437,1.335600733757019
13500,mha,42,3,7,0.0684521496295929,0.05130636692047119,1.335600733757019
13500,mha,42,3,8,0.050244953483343124,0.05001405254006386,1.335600733757019
13500,mha,42,3,9,0.04570353031158447,0.057820308953523636,1.335600733757019
13500,mha,42,3,10,0.10109557956457138,0.08092815428972244,1.335600733757019
13500,mha,42,3,11,0.0518697090446949,0.060564588755369186,1.335600733757019
13500,mha,42,3,12,0.039501648396253586,0.0516485869884491,1.335600733757019
13500,mha,42,3,13,0.07058359682559967,0.06163996830582619,1.335600733757019
13500,mha,42,3,14,0.08667256683111191,0.10488656908273697,1.335600733757019
13500,mha,42,3,15,0.06839732080698013,0.06245845928788185,1.335600733757019
13500,mha,42,4,0,0.0638033077120781,0.07264555990695953,1.2843025922775269
13500,mha,42,4,1,0.05608408525586128,0.06798893958330154,1.2843025922775269
13500,mha,42,4,2,0.07482869178056717,0.07068756222724915,1.2843025922775269
13500,mha,42,4,3,0.048264872282743454,0.05703430995345116,1.2843025922775269
13500,mha,42,4,4,0.06260427087545395,0.07066052407026291,1.2843025922775269
13500,mha,42,4,5,0.05653676390647888,0.05934448167681694,1.2843025922775269
13500,mha,42,4,6,0.06244700029492378,0.05524585023522377,1.2843025922775269
13500,mha,42,4,7,0.08390238136053085,0.06162286922335625,1.2843025922775269
13500,mha,42,4,8,0.024925028905272484,0.0399848073720932,1.2843025922775269
13500,mha,42,4,9,0.06591064482927322,0.06357502192258835,1.2843025922775269
13500,mha,42,4,10,0.07977701723575592,0.07618620246648788,1.2843025922775269
13500,mha,42,4,11,0.04152170941233635,0.03700929507613182,1.2843025922775269
13500,mha,42,4,12,0.04134826734662056,0.045673418790102005,1.2843025922775269
13500,mha,42,4,13,0.09084726870059967,0.08483747392892838,1.2843025922775269
13500,mha,42,4,14,0.07342743128538132,0.06961561739444733,1.2843025922775269
13500,mha,42,4,15,0.07377126067876816,0.06788811832666397,1.2843025922775269
13500,mha,42,5,0,0.06890340149402618,0.07273805886507034,1.5247926712036133
13500,mha,42,5,1,0.05699503421783447,0.05630500614643097,1.5247926712036133
13500,mha,42,5,2,0.06002329662442207,0.06279222667217255,1.5247926712036133
13500,mha,42,5,3,0.061074115335941315,0.07160579413175583,1.5247926712036133
13500,mha,42,5,4,0.09220367670059204,0.07944747805595398,1.5247926712036133
13500,mha,42,5,5,0.07017110288143158,0.054343994706869125,1.5247926712036133
13500,mha,42,5,6,0.03642740845680237,0.04188748076558113,1.5247926712036133
13500,mha,42,5,7,0.04187815263867378,0.05433904752135277,1.5247926712036133
13500,mha,42,5,8,0.08815795928239822,0.08670059591531754,1.5247926712036133
13500,mha,42,5,9,0.03925984725356102,0.04503671079874039,1.5247926712036133
13500,mha,42,5,10,0.0462067686021328,0.06495046615600586,1.5247926712036133
13500,mha,42,5,11,0.04472707211971283,0.04775109142065048,1.5247926712036133
13500,mha,42,5,12,0.09387349337339401,0.07739003002643585,1.5247926712036133
13500,mha,42,5,13,0.04348510876297951,0.04542694240808487,1.5247926712036133
13500,mha,42,5,14,0.06106312945485115,0.0585695318877697,1.5247926712036133
13500,mha,42,5,15,0.09555043280124664,0.08071551471948624,1.5247926712036133
14000,mha,42,1,0,0.05877288803458214,0.05784103274345398,1.95744788646698
14000,mha,42,1,1,0.05804656818509102,0.06724952906370163,1.95744788646698
14000,mha,42,1,2,0.07835642248392105,0.06984709948301315,1.95744788646698
14000,mha,42,1,3,0.056731365621089935,0.05938713625073433,1.95744788646698
14000,mha,42,1,4,0.054244283586740494,0.058513984084129333,1.95744788646698
14000,mha,42,1,5,0.06697692722082138,0.06402555853128433,1.95744788646698
14000,mha,42,1,6,0.06524994224309921,0.05810501053929329,1.95744788646698
14000,mha,42,1,7,0.06872090697288513,0.06257045269012451,1.95744788646698
14000,mha,42,1,8,0.05934448167681694,0.07376869022846222,1.95744788646698
14000,mha,42,1,9,0.06022929027676582,0.06115353852510452,1.95744788646698
14000,mha,42,1,10,0.07113728672266006,0.06306887418031693,1.95744788646698
14000,mha,42,1,11,0.05479675158858299,0.06453026086091995,1.95744788646698
14000,mha,42,1,12,0.0632457509636879,0.057388126850128174,1.95744788646698
14000,mha,42,1,13,0.06474253535270691,0.07421329617500305,1.95744788646698
14000,mha,42,1,14,0.05940033122897148,0.058636222034692764,1.95744788646698
14000,mha,42,1,15,0.06000427156686783,0.04970135912299156,1.95744788646698
14000,mha,42,2,0,0.07691680639982224,0.07226907461881638,1.5708461999893188
14000,mha,42,2,1,0.05233001708984375,0.05082254484295845,1.5708461999893188
14000,mha,42,2,2,0.07284484803676605,0.07053767889738083,1.5708461999893188
14000,mha,42,2,3,0.0436515286564827,0.050199318677186966,1.5708461999893188
14000,mha,42,2,4,0.04089345410466194,0.05005867779254913,1.5708461999893188
14000,mha,42,2,5,0.07612660527229309,0.0757150650024414,1.5708461999893188
14000,mha,42,2,6,0.07026346772909164,0.06873060762882233,1.5708461999893188
14000,mha,42,2,7,0.05844685807824135,0.054376810789108276,1.5708461999893188
14000,mha,42,2,8,0.08926361054182053,0.08661635220050812,1.5708461999893188
14000,mha,42,2,9,0.06527445465326309,0.058770082890987396,1.5708461999893188
14000,mha,42,2,10,0.06325815618038177,0.0658031553030014,1.5708461999893188
14000,mha,42,2,11,0.07148753106594086,0.07177913933992386,1.5708461999893188
14000,mha,42,2,12,0.04347381740808487,0.0449124313890934,1.5708461999893188
14000,mha,42,2,13,0.06900400668382645,0.058874163776636124,1.5708461999893188
14000,mha,42,2,14,0.05906026065349579,0.06294344365596771,1.5708461999893188
14000,mha,42,2,15,0.04770456999540329,0.05759162828326225,1.5708461999893188
14000,mha,42,3,0,0.06404256075620651,0.06617343425750732,1.3381680250167847
14000,mha,42,3,1,0.059846293181180954,0.05444918945431709,1.3381680250167847
14000,mha,42,3,2,0.05851562321186066,0.057617440819740295,1.3381680250167847
14000,mha,42,3,3,0.05549051985144615,0.05332375317811966,1.3381680250167847
14000,mha,42,3,4,0.03856658935546875,0.04611925035715103,1.3381680250167847
14000,mha,42,3,5,0.11389435082674026,0.11141882836818695,1.3381680250167847
14000,mha,42,3,6,0.028859762474894524,0.03226915001869202,1.3381680250167847
14000,mha,42,3,7,0.06816314905881882,0.050522755831480026,1.3381680250167847
14000,mha,42,3,8,0.049237366765737534,0.04968447983264923,1.3381680250167847
14000,mha,42,3,9,0.04289723560214043,0.05642075091600418,1.3381680250167847
14000,mha,42,3,10,0.1007181778550148,0.08039964735507965,1.3381680250167847
14000,mha,42,3,11,0.0530669130384922,0.06248977780342102,1.3381680250167847
14000,mha,42,3,12,0.03874562680721283,0.05089451000094414,1.3381680250167847
14000,mha,42,3,13,0.07416290044784546,0.06311731040477753,1.3381680250167847
14000,mha,42,3,14,0.0852743536233902,0.10288539528846741,1.3381680250167847
14000,mha,42,3,15,0.06851857155561447,0.06221441924571991,1.3381680250167847
14000,mha,42,4,0,0.064239501953125,0.07336553186178207,1.2864606380462646
14000,mha,42,4,1,0.054100848734378815,0.06601228564977646,1.2864606380462646
14000,mha,42,4,2,0.07600066810846329,0.07134219259023666,1.2864606380462646
14000,mha,42,4,3,0.050024617463350296,0.05862531065940857,1.2864606380462646
14000,mha,42,4,4,0.06192820146679878,0.07039396464824677,1.2864606380462646
14000,mha,42,4,5,0.05625305324792862,0.059434324502944946,1.2864606380462646
14000,mha,42,4,6,0.06221781298518181,0.05489130690693855,1.2864606380462646
14000,mha,42,4,7,0.08441009372472763,0.062198467552661896,1.2864606380462646
14000,mha,42,4,8,0.024398600682616234,0.04009191691875458,1.2864606380462646
14000,mha,42,4,9,0.06596730649471283,0.06341627985239029,1.2864606380462646
14000,mha,42,4,10,0.07807973027229309,0.07504220306873322,1.2864606380462646
14000,mha,42,4,11,0.04306508228182793,0.03803201764822006,1.2864606380462646
14000,mha,42,4,12,0.040783386677503586,0.045063767582178116,1.2864606380462646
14000,mha,42,4,13,0.09081888943910599,0.0846470445394516,1.2864606380462646
14000,mha,42,4,14,0.07331766933202744,0.06915528327226639,1.2864606380462646
14000,mha,42,4,15,0.07439453154802322,0.06828814744949341,1.2864606380462646
14000,mha,42,5,0,0.06888855248689651,0.07250732183456421,1.5234332084655762
14000,mha,42,5,1,0.058064065873622894,0.05647539719939232,1.5234332084655762
14000,mha,42,5,2,0.0591837577521801,0.061400413513183594,1.5234332084655762
14000,mha,42,5,3,0.06170410290360451,0.07273702323436737,1.5234332084655762
14000,mha,42,5,4,0.09172017127275467,0.07913725823163986,1.5234332084655762
14000,mha,42,5,5,0.06988006830215454,0.05394430831074715,1.5234332084655762
14000,mha,42,5,6,0.03574025630950928,0.04003922641277313,1.5234332084655762
14000,mha,42,5,7,0.041859231889247894,0.05457375943660736,1.5234332084655762
14000,mha,42,5,8,0.0864790827035904,0.08525186777114868,1.5234332084655762
14000,mha,42,5,9,0.039048053324222565,0.04525696113705635,1.5234332084655762
14000,mha,42,5,10,0.04647918790578842,0.06547418236732483,1.5234332084655762
14000,mha,42,5,11,0.04421732574701309,0.04770579934120178,1.5234332084655762
14000,mha,42,5,12,0.09458129853010178,0.07709238678216934,1.5234332084655762
14000,mha,42,5,13,0.0437508150935173,0.04662318155169487,1.5234332084655762
14000,mha,42,5,14,0.06312286108732224,0.061095282435417175,1.5234332084655762
14000,mha,42,5,15,0.09528116881847382,0.08068562299013138,1.5234332084655762
14500,mha,42,1,0,0.056879475712776184,0.05773269757628441,1.9507132768630981
14500,mha,42,1,1,0.05642354488372803,0.06523548811674118,1.9507132768630981
14500,mha,42,1,2,0.07699716836214066,0.06888793408870697,1.9507132768630981
14500,mha,42,1,3,0.0582955926656723,0.06042639538645744,1.9507132768630981
14500,mha,42,1,4,0.050955913960933685,0.05626664310693741,1.9507132768630981
14500,mha,42,1,5,0.06798949837684631,0.0647074282169342,1.9507132768630981
14500,mha,42,1,6,0.06504099816083908,0.05807589367032051,1.9507132768630981
14500,mha,42,1,7,0.06696461886167526,0.06171394884586334,1.9507132768630981
14500,mha,42,1,8,0.0578022263944149,0.07178386300802231,1.9507132768630981
14500,mha,42,1,9,0.06517944484949112,0.06301546096801758,1.9507132768630981
14500,mha,42,1,10,0.07220327109098434,0.06424547731876373,1.9507132768630981
14500,mha,42,1,11,0.054007261991500854,0.0636230856180191,1.9507132768630981
14500,mha,42,1,12,0.06483215093612671,0.05902139097452164,1.9507132768630981
14500,mha,42,1,13,0.0662955716252327,0.07609274983406067,1.9507132768630981
14500,mha,42,1,14,0.06024108827114105,0.05923166871070862,1.9507132768630981
14500,mha,42,1,15,0.05989217013120651,0.04993978142738342,1.9507132768630981
14500,mha,42,2,0,0.07509206235408783,0.07002024352550507,1.5761972665786743
14500,mha,42,2,1,0.05279286578297615,0.05109073594212532,1.5761972665786743
14500,mha,42,2,2,0.07233896851539612,0.07014194875955582,1.5761972665786743
14500,mha,42,2,3,0.04446106031537056,0.05025103688240051,1.5761972665786743
14500,mha,42,2,4,0.0400887057185173,0.049139056354761124,1.5761972665786743
14500,mha,42,2,5,0.07675537467002869,0.07708564400672913,1.5761972665786743
14500,mha,42,2,6,0.06943898648023605,0.0682409331202507,1.5761972665786743
14500,mha,42,2,7,0.05882415920495987,0.054149068892002106,1.5761972665786743
14500,mha,42,2,8,0.09114573150873184,0.08849775046110153,1.5761972665786743
14500,mha,42,2,9,0.06552378088235855,0.059807877987623215,1.5761972665786743
14500,mha,42,2,10,0.06516408175230026,0.06769338250160217,1.5761972665786743
14500,mha,42,2,11,0.07181386649608612,0.07101725041866302,1.5761972665786743
14500,mha,42,2,12,0.040942076593637466,0.043508972972631454,1.5761972665786743
14500,mha,42,2,13,0.0694548562169075,0.05892354995012283,1.5761972665786743
14500,mha,42,2,14,0.057077839970588684,0.06107465177774429,1.5761972665786743
14500,mha,42,2,15,0.0490855909883976,0.05935775861144066,1.5761972665786743
14500,mha,42,3,0,0.06548258662223816,0.06719908118247986,1.3405321836471558
14500,mha,42,3,1,0.058469951152801514,0.053743451833724976,1.3405321836471558
14500,mha,42,3,2,0.057439371943473816,0.05659819766879082,1.3405321836471558
14500,mha,42,3,3,0.05491790920495987,0.05270315334200859,1.3405321836471558
14500,mha,42,3,4,0.03886759281158447,0.04572712630033493,1.3405321836471558
14500,mha,42,3,5,0.11448048800230026,0.11082974821329117,1.3405321836471558
14500,mha,42,3,6,0.02585143968462944,0.029880046844482422,1.3405321836471558
14500,mha,42,3,7,0.06701049953699112,0.04896906018257141,1.3405321836471558
14500,mha,42,3,8,0.04988342151045799,0.05020027980208397,1.3405321836471558
14500,mha,42,3,9,0.042512208223342896,0.056382905691862106,1.3405321836471558
14500,mha,42,3,10,0.10250061005353928,0.08281918615102768,1.3405321836471558
14500,mha,42,3,11,0.05372019484639168,0.06306277960538864,1.3405321836471558
14500,mha,42,3,12,0.03934265300631523,0.05123528093099594,1.3405321836471558
14500,mha,42,3,13,0.07298512756824493,0.06295754760503769,1.3405321836471558
14500,mha,42,3,14,0.0860670953989029,0.10382837802171707,1.3405321836471558
14500,mha,42,3,15,0.07046885043382645,0.06386368721723557,1.3405321836471558
14500,mha,42,4,0,0.06408416479825974,0.07265327125787735,1.2850470542907715
14500,mha,42,4,1,0.054941508919000626,0.06676100939512253,1.2850470542907715
14500,mha,42,4,2,0.07583078742027283,0.07111451774835587,1.2850470542907715
14500,mha,42,4,3,0.04775451496243477,0.05667821317911148,1.2850470542907715
14500,mha,42,4,4,0.0626678466796875,0.07108453661203384,1.2850470542907715
14500,mha,42,4,5,0.05719706043601036,0.05980071425437927,1.2850470542907715
14500,mha,42,4,6,0.061629943549633026,0.054915957152843475,1.2850470542907715
14500,mha,42,4,7,0.08423960208892822,0.06193216145038605,1.2850470542907715
14500,mha,42,4,8,0.024184875190258026,0.03965412452816963,1.2850470542907715
14500,mha,42,4,9,0.06500467658042908,0.062260907143354416,1.2850470542907715
14500,mha,42,4,10,0.07934264838695526,0.07561823725700378,1.2850470542907715
14500,mha,42,4,11,0.03779103606939316,0.03447406366467476,1.2850470542907715
14500,mha,42,4,12,0.04055419936776161,0.04610838741064072,1.2850470542907715
14500,mha,42,4,13,0.0911082997918129,0.08523090928792953,1.2850470542907715
14500,mha,42,4,14,0.07793762534856796,0.07204838842153549,1.2850470542907715
14500,mha,42,4,15,0.07573120296001434,0.06966481357812881,1.2850470542907715
14500,mha,42,5,0,0.07009582221508026,0.07427734136581421,1.5158209800720215
14500,mha,42,5,1,0.058270975947380066,0.057171568274497986,1.5158209800720215
14500,mha,42,5,2,0.05934509262442589,0.0610852986574173,1.5158209800720215
14500,mha,42,5,3,0.06097228825092316,0.07192685455083847,1.5158209800720215
14500,mha,42,5,4,0.08985920995473862,0.07735168933868408,1.5158209800720215
14500,mha,42,5,5,0.07172994315624237,0.055267252027988434,1.5158209800720215
14500,mha,42,5,6,0.03598602116107941,0.040430985391139984,1.5158209800720215
14500,mha,42,5,7,0.04174560680985451,0.054629165679216385,1.5158209800720215
14500,mha,42,5,8,0.08612854033708572,0.08526207506656647,1.5158209800720215
14500,mha,42,5,9,0.03778625652194023,0.04372277110815048,1.5158209800720215
14500,mha,42,5,10,0.045735880732536316,0.06463902443647385,1.5158209800720215
14500,mha,42,5,11,0.04523152485489845,0.04844709485769272,1.5158209800720215
14500,mha,42,5,12,0.09547474980354309,0.07835564017295837,1.5158209800720215
14500,mha,42,5,13,0.043098144233226776,0.045681703835725784,1.5158209800720215
14500,mha,42,5,14,0.06271392852067947,0.0604342445731163,1.5158209800720215
14500,mha,42,5,15,0.09582600742578506,0.08131705969572067,1.5158209800720215
15000,mha,42,1,0,0.05639536678791046,0.05723351612687111,1.9425036907196045
15000,mha,42,1,1,0.05764302611351013,0.06628196686506271,1.9425036907196045
15000,mha,42,1,2,0.07628367096185684,0.06853669881820679,1.9425036907196045
15000,mha,42,1,3,0.057796936482191086,0.059952761977910995,1.9425036907196045
15000,mha,42,1,4,0.05631917342543602,0.05907826125621796,1.9425036907196045
15000,mha,42,1,5,0.06353586912155151,0.062147777527570724,1.9425036907196045
15000,mha,42,1,6,0.06527648866176605,0.05821701139211655,1.9425036907196045
15000,mha,42,1,7,0.06746256351470947,0.06157637760043144,1.9425036907196045
15000,mha,42,1,8,0.057667337357997894,0.07206466048955917,1.9425036907196045
15000,mha,42,1,9,0.06582346558570862,0.06318094581365585,1.9425036907196045
15000,mha,42,1,10,0.06828247010707855,0.0616813600063324,1.9425036907196045
15000,mha,42,1,11,0.05250559374690056,0.06201775372028351,1.9425036907196045
15000,mha,42,1,12,0.06490112096071243,0.05895804613828659,1.9425036907196045
15000,mha,42,1,13,0.06591186672449112,0.07684123516082764,1.9425036907196045
15000,mha,42,1,14,0.06244079768657684,0.06086791306734085,1.9425036907196045
15000,mha,42,1,15,0.0617542527616024,0.05136354640126228,1.9425036907196045
15000,mha,42,2,0,0.0726514682173729,0.06942395865917206,1.5770690441131592
15000,mha,42,2,1,0.05366922914981842,0.052330777049064636,1.5770690441131592
15000,mha,42,2,2,0.07190511375665665,0.0698770135641098,1.5770690441131592
15000,mha,42,2,3,0.04544738680124283,0.051015906035900116,1.5770690441131592
15000,mha,42,2,4,0.04054677486419678,0.04958171397447586,1.5770690441131592
15000,mha,42,2,5,0.07777262479066849,0.07817838340997696,1.5770690441131592
15000,mha,42,2,6,0.06989522278308868,0.06864476203918457,1.5770690441131592
15000,mha,42,2,7,0.059678852558135986,0.055129364132881165,1.5770690441131592
15000,mha,42,2,8,0.08757364749908447,0.08394495397806168,1.5770690441131592
15000,mha,42,2,9,0.06365702301263809,0.05817270278930664,1.5770690441131592
15000,mha,42,2,10,0.06323598325252533,0.06516989320516586,1.5770690441131592
15000,mha,42,2,11,0.07220590859651566,0.07144302874803543,1.5770690441131592
15000,mha,42,2,12,0.04634592682123184,0.04656360298395157,1.5770690441131592
15000,mha,42,2,13,0.07060963660478592,0.060570571571588516,1.5770690441131592
15000,mha,42,2,14,0.057032063603401184,0.06158459931612015,1.5770690441131592
15000,mha,42,2,15,0.04777313396334648,0.05836870148777962,1.5770690441131592
15000,mha,42,3,0,0.06458801031112671,0.06597811728715897,1.3381264209747314
15000,mha,42,3,1,0.06014536693692207,0.054553769528865814,1.3381264209747314
15000,mha,42,3,2,0.059515684843063354,0.05906635895371437,1.3381264209747314
15000,mha,42,3,3,0.05568115413188934,0.05362973362207413,1.3381264209747314
15000,mha,42,3,4,0.0387745164334774,0.04582252353429794,1.3381264209747314
15000,mha,42,3,5,0.11280324310064316,0.10909455269575119,1.3381264209747314
15000,mha,42,3,6,0.030295614153146744,0.0329146645963192,1.3381264209747314
15000,mha,42,3,7,0.06464029848575592,0.04854296147823334,1.3381264209747314
15000,mha,42,3,8,0.04924306273460388,0.04988010227680206,1.3381264209747314
15000,mha,42,3,9,0.04168080538511276,0.05617649853229523,1.3381264209747314
15000,mha,42,3,10,0.10100524872541428,0.08100806176662445,1.3381264209747314
15000,mha,42,3,11,0.05338602885603905,0.06297862529754639,1.3381264209747314
15000,mha,42,3,12,0.039565734565258026,0.050185125321149826,1.3381264209747314
15000,mha,42,3,13,0.07379425317049026,0.06314077228307724,1.3381264209747314
15000,mha,42,3,14,0.0860271230340004,0.10413790494203568,1.3381264209747314
15000,mha,42,3,15,0.06885386258363724,0.06289032101631165,1.3381264209747314
15000,mha,42,4,0,0.06281494349241257,0.07148284465074539,1.2833080291748047
15000,mha,42,4,1,0.055914610624313354,0.06773839145898819,1.2833080291748047
15000,mha,42,4,2,0.07517791539430618,0.07102708518505096,1.2833080291748047
15000,mha,42,4,3,0.049734294414520264,0.05872330442070961,1.2833080291748047
15000,mha,42,4,4,0.06241343170404434,0.06998273730278015,1.2833080291748047
15000,mha,42,4,5,0.05642201751470566,0.05978177487850189,1.2833080291748047
15000,mha,42,4,6,0.061373595148324966,0.05434049665927887,1.2833080291748047
15000,mha,42,4,7,0.0844382718205452,0.06205294281244278,1.2833080291748047
15000,mha,42,4,8,0.024339091032743454,0.039903976023197174,1.2833080291748047
15000,mha,42,4,9,0.06697123497724533,0.0649435892701149,1.2833080291748047
15000,mha,42,4,10,0.07953450828790665,0.07619916647672653,1.2833080291748047
15000,mha,42,4,11,0.04207458347082138,0.03737429529428482,1.2833080291748047
15000,mha,42,4,12,0.04017842561006546,0.04548928514122963,1.2833080291748047
15000,mha,42,4,13,0.09013834595680237,0.08376966416835785,1.2833080291748047
15000,mha,42,4,14,0.07447876036167145,0.06938762962818146,1.2833080291748047
15000,mha,42,4,15,0.07399597018957138,0.06780283898115158,1.2833080291748047
15000,mha,42,5,0,0.06963805854320526,0.07363001257181168,1.5135785341262817
15000,mha,42,5,1,0.05639994144439697,0.055970389395952225,1.5135785341262817
15000,mha,42,5,2,0.05920786410570145,0.062041230499744415,1.5135785341262817
15000,mha,42,5,3,0.06173919513821602,0.07234912365674973,1.5135785341262817
15000,mha,42,5,4,0.0911998525261879,0.0784408375620842,1.5135785341262817
15000,mha,42,5,5,0.07073821872472763,0.05433789640665054,1.5135785341262817
15000,mha,42,5,6,0.036946412175893784,0.04191282391548157,1.5135785341262817
15000,mha,42,5,7,0.04168233275413513,0.05392381548881531,1.5135785341262817
15000,mha,42,5,8,0.08726339042186737,0.0856919139623642,1.5135785341262817
15000,mha,42,5,9,0.03910481929779053,0.04518816992640495,1.5135785341262817
15000,mha,42,5,10,0.04721232131123543,0.06603886187076569,1.5135785341262817
15000,mha,42,5,11,0.04494516924023628,0.04771006107330322,1.5135785341262817
15000,mha,42,5,12,0.09417592734098434,0.07679200172424316,1.5135785341262817
15000,mha,42,5,13,0.042801208794116974,0.0452687107026577,1.5135785341262817
15000,mha,42,5,14,0.06213440001010895,0.06050024554133415,1.5135785341262817
15000,mha,42,5,15,0.09481089562177658,0.08020398765802383,1.5135785341262817
