iter,attn_mode,seed,layer,expert,selected_fraction,mean_probability,router_entropy
0,mha_rope,456,1,0,0.026668498292565346,0.05237971246242523,2.6166977882385254
0,mha_rope,456,1,1,0.012759908102452755,0.04345603287220001,2.6166977882385254
0,mha_rope,456,1,2,0.07895304262638092,0.0686655342578888,2.6166977882385254
0,mha_rope,456,1,3,0.0879981517791748,0.07388048619031906,2.6166977882385254
0,mha_rope,456,1,4,0.12619821727275848,0.08325567841529846,2.6166977882385254
0,mha_rope,456,1,5,0.08177663385868073,0.07558887451887131,2.6166977882385254
0,mha_rope,456,1,6,0.1619485467672348,0.09108809381723404,2.6166977882385254
0,mha_rope,456,1,7,0.023081054911017418,0.05182458832859993,2.6166977882385254
0,mha_rope,456,1,8,0.0989900752902031,0.07474198937416077,2.6166977882385254
0,mha_rope,456,1,9,0.019138386473059654,0.04702647030353546,2.6166977882385254
0,mha_rope,456,1,10,0.01058197021484375,0.043151676654815674,2.6166977882385254
0,mha_rope,456,1,11,0.07862935215234756,0.06739543378353119,2.6166977882385254
0,mha_rope,456,1,12,0.029960021376609802,0.050609469413757324,2.6166977882385254
0,mha_rope,456,1,13,0.014628905802965164,0.0454464927315712,2.6166977882385254
0,mha_rope,456,1,14,0.11476247012615204,0.07825257629156113,2.6166977882385254
0,mha_rope,456,1,15,0.03392476215958595,0.05323687195777893,2.6166977882385254
0,mha_rope,456,2,0,0.06868540495634079,0.06783049553632736,2.620969533920288
0,mha_rope,456,2,1,0.019999288022518158,0.04878874123096466,2.620969533920288
0,mha_rope,456,2,2,0.12520019710063934,0.08128795027732849,2.620969533920288
0,mha_rope,456,2,3,0.014370422810316086,0.04387926310300827,2.620969533920288
0,mha_rope,456,2,4,0.023005269467830658,0.051869116723537445,2.620969533920288
0,mha_rope,456,2,5,0.017299499362707138,0.04714389890432358,2.620969533920288
0,mha_rope,456,2,6,0.10257792472839355,0.07707684487104416,2.620969533920288
0,mha_rope,456,2,7,0.10272389650344849,0.0762389600276947,2.620969533920288
0,mha_rope,456,2,8,0.04762613773345947,0.05983898788690567,2.620969533920288
0,mha_rope,456,2,9,0.021562296897172928,0.049286358058452606,2.620969533920288
0,mha_rope,456,2,10,0.25046244263648987,0.11235915869474411,2.620969533920288
0,mha_rope,456,2,11,0.06837056577205658,0.06823141127824783,2.620969533920288
0,mha_rope,456,2,12,0.03780171647667885,0.057171765714883804,2.620969533920288
0,mha_rope,456,2,13,0.049059346318244934,0.058993663638830185,2.620969533920288
0,mha_rope,456,2,14,0.02706553228199482,0.048636168241500854,2.620969533920288
0,mha_rope,456,2,15,0.024190062656998634,0.05136735737323761,2.620969533920288
0,mha_rope,456,3,0,0.033907774835824966,0.05485684052109718,2.62357234954834
0,mha_rope,456,3,1,0.03162241727113724,0.05033807456493378,2.62357234954834
0,mha_rope,456,3,2,0.1305607110261917,0.08653344213962555,2.62357234954834
0,mha_rope,456,3,3,0.018537700176239014,0.047522157430648804,2.62357234954834
0,mha_rope,456,3,4,0.042822979390621185,0.05619150772690773,2.62357234954834
0,mha_rope,456,3,5,0.0046842447482049465,0.03662411868572235,2.62357234954834
0,mha_rope,456,3,6,0.036926064640283585,0.059237632900476456,2.62357234954834
0,mha_rope,456,3,7,0.0887744128704071,0.07340403646230698,2.62357234954834
0,mha_rope,456,3,8,0.15639597177505493,0.09008603543043137,2.62357234954834
0,mha_rope,456,3,9,0.14389587938785553,0.08517004549503326,2.62357234954834
0,mha_rope,456,3,10,0.008827514946460724,0.04245489835739136,2.62357234954834
0,mha_rope,456,3,11,0.028466390445828438,0.0522034615278244,2.62357234954834
0,mha_rope,456,3,12,0.0911521390080452,0.07385507971048355,2.62357234954834
0,mha_rope,456,3,13,0.049649760127067566,0.06375256925821304,2.62357234954834
0,mha_rope,456,3,14,0.11015991121530533,0.079159215092659,2.62357234954834
0,mha_rope,456,3,15,0.023616129532456398,0.04861083999276161,2.62357234954834
0,mha_rope,456,4,0,0.0762862116098404,0.07096588611602783,2.6154167652130127
0,mha_rope,456,4,1,0.06997986137866974,0.06860082596540451,2.6154167652130127
0,mha_rope,456,4,2,0.003680013120174408,0.033752474933862686,2.6154167652130127
0,mha_rope,456,4,3,0.024406330659985542,0.05443262681365013,2.6154167652130127
0,mha_rope,456,4,4,0.029430847615003586,0.05411741882562637,2.6154167652130127
0,mha_rope,456,4,5,0.0381082147359848,0.05668279156088829,2.6154167652130127
0,mha_rope,456,4,6,0.040195006877183914,0.06014535203576088,2.6154167652130127
0,mha_rope,456,4,7,0.08304209262132645,0.07201635092496872,2.6154167652130127
0,mha_rope,456,4,8,0.16786010563373566,0.09481511265039444,2.6154167652130127
0,mha_rope,456,4,9,0.028668517246842384,0.05479065701365471,2.6154167652130127
0,mha_rope,456,4,10,0.0212554931640625,0.05088014900684357,2.6154167652130127
0,mha_rope,456,4,11,0.012720337137579918,0.04342588782310486,2.6154167652130127
0,mha_rope,456,4,12,0.0016633097548037767,0.031072765588760376,2.6154167652130127
0,mha_rope,456,4,13,0.08404307067394257,0.07546175271272659,2.6154167652130127
0,mha_rope,456,4,14,0.09475616365671158,0.07395930588245392,2.6154167652130127
0,mha_rope,456,4,15,0.22390441596508026,0.10488061606884003,2.6154167652130127
0,mha_rope,456,5,0,0.01146596297621727,0.04085604101419449,2.617910861968994
0,mha_rope,456,5,1,0.07832763344049454,0.07178531587123871,2.617910861968994
0,mha_rope,456,5,2,0.035948384553194046,0.05650369077920914,2.617910861968994
0,mha_rope,456,5,3,0.08752695471048355,0.07372119277715683,2.617910861968994
0,mha_rope,456,5,4,0.29755768179893494,0.1233510971069336,2.617910861968994
0,mha_rope,456,5,5,0.04959218204021454,0.06270887702703476,2.617910861968994
0,mha_rope,456,5,6,0.015366719104349613,0.043056949973106384,2.617910861968994
0,mha_rope,456,5,7,0.07614369690418243,0.06949461251497269,2.617910861968994
0,mha_rope,456,5,8,0.008079223334789276,0.03921373933553696,2.617910861968994
0,mha_rope,456,5,9,0.05292795971035957,0.06330321729183197,2.617910861968994
0,mha_rope,456,5,10,0.07240946590900421,0.06900476664304733,2.617910861968994
0,mha_rope,456,5,11,0.09019063413143158,0.07394866645336151,2.617910861968994
0,mha_rope,456,5,12,0.005812174640595913,0.03838389366865158,2.617910861968994
0,mha_rope,456,5,13,0.036915384232997894,0.05850362032651901,2.617910861968994
0,mha_rope,456,5,14,0.0655505359172821,0.06775455921888351,2.617910861968994
0,mha_rope,456,5,15,0.016185404732823372,0.04840967804193497,2.617910861968994
500,mha_rope,456,1,0,0.052911072969436646,0.04635541886091232,2.120058298110962
500,mha_rope,456,1,1,0.03967132419347763,0.05852647125720978,2.120058298110962
500,mha_rope,456,1,2,0.06000874936580658,0.06611639261245728,2.120058298110962
500,mha_rope,456,1,3,0.04323740676045418,0.060149312019348145,2.120058298110962
500,mha_rope,456,1,4,0.03260559216141701,0.05302025005221367,2.120058298110962
500,mha_rope,456,1,5,0.060293376445770264,0.05275712162256241,2.120058298110962
500,mha_rope,456,1,6,0.07643453031778336,0.07065869122743607,2.120058298110962
500,mha_rope,456,1,7,0.0651206448674202,0.06340286880731583,2.120058298110962
500,mha_rope,456,1,8,0.0773734524846077,0.0812823623418808,2.120058298110962
500,mha_rope,456,1,9,0.09730214625597,0.08249647915363312,2.120058298110962
500,mha_rope,456,1,10,0.05720153823494911,0.05945133790373802,2.120058298110962
500,mha_rope,456,1,11,0.045449115335941315,0.05718989670276642,2.120058298110962
500,mha_rope,456,1,12,0.06066324934363365,0.05662884563207626,2.120058298110962
500,mha_rope,456,1,13,0.08038584142923355,0.06775616854429245,2.120058298110962
500,mha_rope,456,1,14,0.07352966070175171,0.05381081998348236,2.120058298110962
500,mha_rope,456,1,15,0.0778122991323471,0.07039765268564224,2.120058298110962
500,mha_rope,456,2,0,0.05368560925126076,0.06683237850666046,2.2136597633361816
500,mha_rope,456,2,1,0.06520365178585052,0.06444159150123596,2.2136597633361816
500,mha_rope,456,2,2,0.06429362297058105,0.06362535804510117,2.2136597633361816
500,mha_rope,456,2,3,0.05367797985672951,0.05977807939052582,2.2136597633361816
500,mha_rope,456,2,4,0.08145436644554138,0.06505902111530304,2.2136597633361816
500,mha_rope,456,2,5,0.0761490911245346,0.06805557757616043,2.2136597633361816
500,mha_rope,456,2,6,0.03770101070404053,0.053107764571905136,2.2136597633361816
500,mha_rope,456,2,7,0.05355651676654816,0.05466926470398903,2.2136597633361816
500,mha_rope,456,2,8,0.07629404962062836,0.06477003544569016,2.2136597633361816
500,mha_rope,456,2,9,0.06054636463522911,0.061009082943201065,2.2136597633361816
500,mha_rope,456,2,10,0.07393737882375717,0.061394788324832916,2.2136597633361816
500,mha_rope,456,2,11,0.08387166261672974,0.08261488378047943,2.2136597633361816
500,mha_rope,456,2,12,0.06393605470657349,0.0607549287378788,2.2136597633361816
500,mha_rope,456,2,13,0.03786071762442589,0.05025242641568184,2.2136597633361816
500,mha_rope,456,2,14,0.06382375210523605,0.06442033499479294,2.2136597633361816
500,mha_rope,456,2,15,0.054008178412914276,0.059214457869529724,2.2136597633361816
500,mha_rope,456,3,0,0.08545532077550888,0.07657411694526672,2.1753697395324707
500,mha_rope,456,3,1,0.06461700797080994,0.06035762280225754,2.1753697395324707
500,mha_rope,456,3,2,0.03657267242670059,0.04134367033839226,2.1753697395324707
500,mha_rope,456,3,3,0.058333128690719604,0.048592012375593185,2.1753697395324707
500,mha_rope,456,3,4,0.09735900908708572,0.08233129233121872,2.1753697395324707
500,mha_rope,456,3,5,0.06916544586420059,0.059048984199762344,2.1753697395324707
500,mha_rope,456,3,6,0.028014425188302994,0.05463942140340805,2.1753697395324707
500,mha_rope,456,3,7,0.07655365020036697,0.07432816922664642,2.1753697395324707
500,mha_rope,456,3,8,0.08671355992555618,0.098118856549263,2.1753697395324707
500,mha_rope,456,3,9,0.026660563424229622,0.040412787348032,2.1753697395324707
500,mha_rope,456,3,10,0.05594492703676224,0.06239865720272064,2.1753697395324707
500,mha_rope,456,3,11,0.08065785467624664,0.057475294917821884,2.1753697395324707
500,mha_rope,456,3,12,0.04937581345438957,0.05782483518123627,2.1753697395324707
500,mha_rope,456,3,13,0.08249766379594803,0.07482779771089554,2.1753697395324707
500,mha_rope,456,3,14,0.03099365159869194,0.03958606719970703,2.1753697395324707
500,mha_rope,456,3,15,0.07108530402183533,0.07214024662971497,2.1753697395324707
500,mha_rope,456,4,0,0.06070902571082115,0.06346873193979263,2.3984923362731934
500,mha_rope,456,4,1,0.051266785711050034,0.060896631330251694,2.3984923362731934
500,mha_rope,456,4,2,0.06556478142738342,0.06320007145404816,2.3984923362731934
500,mha_rope,456,4,3,0.03542694076895714,0.053323496133089066,2.3984923362731934
500,mha_rope,456,4,4,0.059524230659008026,0.05958164855837822,2.3984923362731934
500,mha_rope,456,4,5,0.07062937319278717,0.06676193326711655,2.3984923362731934
500,mha_rope,456,4,6,0.07124226540327072,0.06386404484510422,2.3984923362731934
500,mha_rope,456,4,7,0.06850016117095947,0.05494927614927292,2.3984923362731934
500,mha_rope,456,4,8,0.059341225773096085,0.06684287637472153,2.3984923362731934
500,mha_rope,456,4,9,0.06312377750873566,0.06531510502099991,2.3984923362731934
500,mha_rope,456,4,10,0.02342783659696579,0.04458629712462425,2.3984923362731934
500,mha_rope,456,4,11,0.1031513437628746,0.08438804000616074,2.3984923362731934
500,mha_rope,456,4,12,0.07290557771921158,0.06339161843061447,2.3984923362731934
500,mha_rope,456,4,13,0.06873046606779099,0.06434531509876251,2.3984923362731934
500,mha_rope,456,4,14,0.07097697257995605,0.06982356309890747,2.3984923362731934
500,mha_rope,456,4,15,0.055479228496551514,0.055261168628931046,2.3984923362731934
500,mha_rope,456,5,0,0.05084523558616638,0.05705031007528305,2.2954931259155273
500,mha_rope,456,5,1,0.06306193023920059,0.061472535133361816,2.2954931259155273
500,mha_rope,456,5,2,0.0648110955953598,0.0678352490067482,2.2954931259155273
500,mha_rope,456,5,3,0.04640716686844826,0.05558513104915619,2.2954931259155273
500,mha_rope,456,5,4,0.03921264782547951,0.053716495633125305,2.2954931259155273
500,mha_rope,456,5,5,0.04878519847989082,0.07023673504590988,2.2954931259155273
500,mha_rope,456,5,6,0.04186716675758362,0.05349436402320862,2.2954931259155273
500,mha_rope,456,5,7,0.058270059525966644,0.05651828646659851,2.2954931259155273
500,mha_rope,456,5,8,0.07215566188097,0.06090661883354187,2.2954931259155273
500,mha_rope,456,5,9,0.06059376895427704,0.06192442402243614,2.2954931259155273
500,mha_rope,456,5,10,0.08779164403676987,0.06601621955633163,2.2954931259155273
500,mha_rope,456,5,11,0.07299061864614487,0.06170319765806198,2.2954931259155273
500,mha_rope,456,5,12,0.07520843297243118,0.07847532629966736,2.2954931259155273
500,mha_rope,456,5,13,0.07984913885593414,0.06777052581310272,2.2954931259155273
500,mha_rope,456,5,14,0.08631937950849533,0.0683913305401802,2.2954931259155273
500,mha_rope,456,5,15,0.051830850541591644,0.05890324339270592,2.2954931259155273
1000,mha_rope,456,1,0,0.043042704463005066,0.051011234521865845,2.051504611968994
1000,mha_rope,456,1,1,0.06546925753355026,0.07319645583629608,2.051504611968994
1000,mha_rope,456,1,2,0.06968414038419724,0.07058800756931305,2.051504611968994
1000,mha_rope,456,1,3,0.058396708220243454,0.06306485086679459,2.051504611968994
1000,mha_rope,456,1,4,0.05507354810833931,0.058955248445272446,2.051504611968994
1000,mha_rope,456,1,5,0.06168609485030174,0.05451506748795509,2.051504611968994
1000,mha_rope,456,1,6,0.0577983595430851,0.06433871388435364,2.051504611968994
1000,mha_rope,456,1,7,0.04983103275299072,0.06269295513629913,2.051504611968994
1000,mha_rope,456,1,8,0.06551238894462585,0.07765320688486099,2.051504611968994
1000,mha_rope,456,1,9,0.08077636361122131,0.07194729149341583,2.051504611968994
1000,mha_rope,456,1,10,0.0841376781463623,0.07717951387166977,2.051504611968994
1000,mha_rope,456,1,11,0.06941629946231842,0.06567787379026413,2.051504611968994
1000,mha_rope,456,1,12,0.07627634704113007,0.06295297294855118,2.051504611968994
1000,mha_rope,456,1,13,0.0444113165140152,0.04616333171725273,2.051504611968994
1000,mha_rope,456,1,14,0.036488037556409836,0.04074903950095177,2.051504611968994
1000,mha_rope,456,1,15,0.08199971169233322,0.059314288198947906,2.051504611968994
1000,mha_rope,456,2,0,0.06221923977136612,0.06433738768100739,1.856510043144226
1000,mha_rope,456,2,1,0.06181711703538895,0.059034813195466995,1.856510043144226
1000,mha_rope,456,2,2,0.05420827120542526,0.06968015432357788,1.856510043144226
1000,mha_rope,456,2,3,0.044737957417964935,0.053836625069379807,1.856510043144226
1000,mha_rope,456,2,4,0.069580078125,0.06280294060707092,1.856510043144226
1000,mha_rope,456,2,5,0.07147084921598434,0.06987243890762329,1.856510043144226
1000,mha_rope,456,2,6,0.06304647028446198,0.06436877697706223,1.856510043144226
1000,mha_rope,456,2,7,0.051025390625,0.0516514889895916,1.856510043144226
1000,mha_rope,456,2,8,0.055324096232652664,0.05601171404123306,1.856510043144226
1000,mha_rope,456,2,9,0.06632954627275467,0.0632445365190506,1.856510043144226
1000,mha_rope,456,2,10,0.07971272617578506,0.06800203025341034,1.856510043144226
1000,mha_rope,456,2,11,0.08286092430353165,0.09326747804880142,1.856510043144226
1000,mha_rope,456,2,12,0.06756327301263809,0.06508422642946243,1.856510043144226
1000,mha_rope,456,2,13,0.056995850056409836,0.04938261955976486,1.856510043144226
1000,mha_rope,456,2,14,0.0696607455611229,0.06151900440454483,1.856510043144226
1000,mha_rope,456,2,15,0.04344746842980385,0.04790378361940384,1.856510043144226
1000,mha_rope,456,3,0,0.05391845852136612,0.0542253740131855,1.745761513710022
1000,mha_rope,456,3,1,0.05798054859042168,0.06644201278686523,1.745761513710022
1000,mha_rope,456,3,2,0.04547271877527237,0.04544457048177719,1.745761513710022
1000,mha_rope,456,3,3,0.050707701593637466,0.04449675232172012,1.745761513710022
1000,mha_rope,456,3,4,0.07584910094738007,0.0735994502902031,1.745761513710022
1000,mha_rope,456,3,5,0.08498626947402954,0.0759187862277031,1.745761513710022
1000,mha_rope,456,3,6,0.05237742140889168,0.05367657169699669,1.745761513710022
1000,mha_rope,456,3,7,0.08040181547403336,0.08273036777973175,1.745761513710022
1000,mha_rope,456,3,8,0.0847892239689827,0.09589949995279312,1.745761513710022
1000,mha_rope,456,3,9,0.037233784794807434,0.04469660297036171,1.745761513710022
1000,mha_rope,456,3,10,0.0640372708439827,0.07172692567110062,1.745761513710022
1000,mha_rope,456,3,11,0.07213358581066132,0.05613921955227852,1.745761513710022
1000,mha_rope,456,3,12,0.06654968112707138,0.05908992141485214,1.745761513710022
1000,mha_rope,456,3,13,0.06487467139959335,0.0645061507821083,1.745761513710022
1000,mha_rope,456,3,14,0.03772471100091934,0.04404682293534279,1.745761513710022
1000,mha_rope,456,3,15,0.07096303254365921,0.06736081838607788,1.745761513710022
1000,mha_rope,456,4,0,0.06226816773414612,0.06615429371595383,1.7908921241760254
1000,mha_rope,456,4,1,0.054205525666475296,0.06280753761529922,1.7908921241760254
1000,mha_rope,456,4,2,0.06540649384260178,0.053200095891952515,1.7908921241760254
1000,mha_rope,456,4,3,0.06211710721254349,0.07426942884922028,1.7908921241760254
1000,mha_rope,456,4,4,0.07874969393014908,0.06480521708726883,1.7908921241760254
1000,mha_rope,456,4,5,0.05825286731123924,0.05262107774615288,1.7908921241760254
1000,mha_rope,456,4,6,0.08281300961971283,0.09153781086206436,1.7908921241760254
1000,mha_rope,456,4,7,0.0527515672147274,0.048169367015361786,1.7908921241760254
1000,mha_rope,456,4,8,0.06187500059604645,0.06503740698099136,1.7908921241760254
1000,mha_rope,456,4,9,0.06444793939590454,0.07730746269226074,1.7908921241760254
1000,mha_rope,456,4,10,0.030619608238339424,0.03741869702935219,1.7908921241760254
1000,mha_rope,456,4,11,0.07536865025758743,0.07094006985425949,1.7908921241760254
1000,mha_rope,456,4,12,0.058820903301239014,0.04687805101275444,1.7908921241760254
1000,mha_rope,456,4,13,0.0689995288848877,0.07457976788282394,1.7908921241760254
1000,mha_rope,456,4,14,0.06253530085086823,0.05293474346399307,1.7908921241760254
1000,mha_rope,456,4,15,0.06076863780617714,0.061339110136032104,1.7908921241760254
1000,mha_rope,456,5,0,0.07452097535133362,0.06940589845180511,1.6174116134643555
1000,mha_rope,456,5,1,0.06497599184513092,0.05407657101750374,1.6174116134643555
1000,mha_rope,456,5,2,0.059628602117300034,0.06995781511068344,1.6174116134643555
1000,mha_rope,456,5,3,0.05094614624977112,0.0575641505420208,1.6174116134643555
1000,mha_rope,456,5,4,0.06209065765142441,0.052699171006679535,1.6174116134643555
1000,mha_rope,456,5,5,0.036557313054800034,0.05530655384063721,1.6174116134643555
1000,mha_rope,456,5,6,0.035970356315374374,0.04801841080188751,1.6174116134643555
1000,mha_rope,456,5,7,0.09366292506456375,0.07968827337026596,1.6174116134643555
1000,mha_rope,456,5,8,0.047011516988277435,0.0423312783241272,1.6174116134643555
1000,mha_rope,456,5,9,0.05075480043888092,0.058765169233083725,1.6174116134643555
1000,mha_rope,456,5,10,0.08507019281387329,0.08451635390520096,1.6174116134643555
1000,mha_rope,456,5,11,0.0717334970831871,0.05822454392910004,1.6174116134643555
1000,mha_rope,456,5,12,0.06907714903354645,0.0775153785943985,1.6174116134643555
1000,mha_rope,456,5,13,0.07889170199632645,0.0709020122885704,1.6174116134643555
1000,mha_rope,456,5,14,0.05932037532329559,0.04644264280796051,1.6174116134643555
1000,mha_rope,456,5,15,0.0597878023982048,0.07458577305078506,1.6174116134643555
1500,mha_rope,456,1,0,0.06329671293497086,0.061272747814655304,2.252816915512085
1500,mha_rope,456,1,1,0.06828216463327408,0.07664726674556732,2.252816915512085
1500,mha_rope,456,1,2,0.07159708440303802,0.07254652678966522,2.252816915512085
1500,mha_rope,456,1,3,0.0685163363814354,0.06650974601507187,2.252816915512085
1500,mha_rope,456,1,4,0.05062194913625717,0.06073511764407158,2.252816915512085
1500,mha_rope,456,1,5,0.06622965633869171,0.05473911389708519,2.252816915512085
1500,mha_rope,456,1,6,0.06694671511650085,0.06357245147228241,2.252816915512085
1500,mha_rope,456,1,7,0.048077698796987534,0.06026177108287811,2.252816915512085
1500,mha_rope,456,1,8,0.07416829466819763,0.078731469810009,2.252816915512085
1500,mha_rope,456,1,9,0.06632833182811737,0.06006799638271332,2.252816915512085
1500,mha_rope,456,1,10,0.0633188858628273,0.05939383804798126,2.252816915512085
1500,mha_rope,456,1,11,0.06690897792577744,0.06926582008600235,2.252816915512085
1500,mha_rope,456,1,12,0.04665568098425865,0.05408427491784096,2.252816915512085
1500,mha_rope,456,1,13,0.04005147144198418,0.041934654116630554,2.252816915512085
1500,mha_rope,456,1,14,0.05012766644358635,0.05241761356592178,2.252816915512085
1500,mha_rope,456,1,15,0.08887237310409546,0.06781971454620361,2.252816915512085
1500,mha_rope,456,2,0,0.05367126315832138,0.058658167719841,1.7766709327697754
1500,mha_rope,456,2,1,0.06590545922517776,0.062079258263111115,1.7766709327697754
1500,mha_rope,456,2,2,0.07114654779434204,0.0843123123049736,1.7766709327697754
1500,mha_rope,456,2,3,0.04550771042704582,0.05278623476624489,1.7766709327697754
1500,mha_rope,456,2,4,0.07068552821874619,0.06603201478719711,1.7766709327697754
1500,mha_rope,456,2,5,0.07770334929227829,0.07518091052770615,1.7766709327697754
1500,mha_rope,456,2,6,0.06368977576494217,0.06544168293476105,1.7766709327697754
1500,mha_rope,456,2,7,0.05127817764878273,0.049647148698568344,1.7766709327697754
1500,mha_rope,456,2,8,0.05415944382548332,0.05809261277318001,1.7766709327697754
1500,mha_rope,456,2,9,0.062125448137521744,0.060373298823833466,1.7766709327697754
1500,mha_rope,456,2,10,0.0910930410027504,0.07552455365657806,1.7766709327697754
1500,mha_rope,456,2,11,0.07921528816223145,0.08637627214193344,1.7766709327697754
1500,mha_rope,456,2,12,0.06239796802401543,0.062467869371175766,1.7766709327697754
1500,mha_rope,456,2,13,0.05219472199678421,0.046566739678382874,1.7766709327697754
1500,mha_rope,456,2,14,0.07070577144622803,0.05961067974567413,1.7766709327697754
1500,mha_rope,456,2,15,0.028520507737994194,0.036850351840257645,1.7766709327697754
1500,mha_rope,456,3,0,0.050486959517002106,0.05123166739940643,1.584985613822937
1500,mha_rope,456,3,1,0.06735992431640625,0.07797130942344666,1.584985613822937
1500,mha_rope,456,3,2,0.04812276363372803,0.045240357518196106,1.584985613822937
1500,mha_rope,456,3,3,0.06162150204181671,0.05509714037179947,1.584985613822937
1500,mha_rope,456,3,4,0.07391519844532013,0.0675039067864418,1.584985613822937
1500,mha_rope,456,3,5,0.06667979061603546,0.07185979932546616,1.584985613822937
1500,mha_rope,456,3,6,0.0607687383890152,0.053720247000455856,1.584985613822937
1500,mha_rope,456,3,7,0.06494038552045822,0.07404408603906631,1.584985613822937
1500,mha_rope,456,3,8,0.08799286186695099,0.10042956471443176,1.584985613822937
1500,mha_rope,456,3,9,0.0355275459587574,0.03887021914124489,1.584985613822937
1500,mha_rope,456,3,10,0.059764403849840164,0.06603074073791504,1.584985613822937
1500,mha_rope,456,3,11,0.0736701488494873,0.059226151555776596,1.584985613822937
1500,mha_rope,456,3,12,0.06199462711811066,0.054287057369947433,1.584985613822937
1500,mha_rope,456,3,13,0.06733500212430954,0.0680646002292633,1.584985613822937
1500,mha_rope,456,3,14,0.05414581298828125,0.05417638644576073,1.584985613822937
1500,mha_rope,456,3,15,0.06567433476448059,0.062246792018413544,1.584985613822937
1500,mha_rope,456,4,0,0.0708974227309227,0.07319848239421844,1.5082461833953857
1500,mha_rope,456,4,1,0.047072041779756546,0.055849768221378326,1.5082461833953857
1500,mha_rope,456,4,2,0.07021138817071915,0.05456669628620148,1.5082461833953857
1500,mha_rope,456,4,3,0.0538807176053524,0.0633978322148323,1.5082461833953857
1500,mha_rope,456,4,4,0.08658691495656967,0.07326683402061462,1.5082461833953857
1500,mha_rope,456,4,5,0.05809946730732918,0.05187266319990158,1.5082461833953857
1500,mha_rope,456,4,6,0.08134663850069046,0.1025797501206398,1.5082461833953857
1500,mha_rope,456,4,7,0.061123963445425034,0.058447983115911484,1.5082461833953857
1500,mha_rope,456,4,8,0.04713429883122444,0.05081455782055855,1.5082461833953857
1500,mha_rope,456,4,9,0.06673472374677658,0.080716073513031,1.5082461833953857
1500,mha_rope,456,4,10,0.03403127193450928,0.037387967109680176,1.5082461833953857
1500,mha_rope,456,4,11,0.07215800136327744,0.06860493868589401,1.5082461833953857
1500,mha_rope,456,4,12,0.06190083920955658,0.043979667127132416,1.5082461833953857
1500,mha_rope,456,4,13,0.05918233096599579,0.06978238373994827,1.5082461833953857
1500,mha_rope,456,4,14,0.0691293329000473,0.05702832713723183,1.5082461833953857
1500,mha_rope,456,4,15,0.06051066145300865,0.05850600078701973,1.5082461833953857
1500,mha_rope,456,5,0,0.06390564143657684,0.06193821132183075,1.4039596319198608
1500,mha_rope,456,5,1,0.06327514350414276,0.05142057314515114,1.4039596319198608
1500,mha_rope,456,5,2,0.06084940582513809,0.07131025195121765,1.4039596319198608
1500,mha_rope,456,5,3,0.044264018535614014,0.050239190459251404,1.4039596319198608
1500,mha_rope,456,5,4,0.07519795745611191,0.06788910180330276,1.4039596319198608
1500,mha_rope,456,5,5,0.040651142597198486,0.055699221789836884,1.4039596319198608
1500,mha_rope,456,5,6,0.030834756791591644,0.044131290167570114,1.4039596319198608
1500,mha_rope,456,5,7,0.09658660739660263,0.08405235409736633,1.4039596319198608
1500,mha_rope,456,5,8,0.04519205912947655,0.039522379636764526,1.4039596319198608
1500,mha_rope,456,5,9,0.05689961835741997,0.0632297545671463,1.4039596319198608
1500,mha_rope,456,5,10,0.08607279509305954,0.0894155278801918,1.4039596319198608
1500,mha_rope,456,5,11,0.07318725436925888,0.06064402312040329,1.4039596319198608
1500,mha_rope,456,5,12,0.06803791970014572,0.073841392993927,1.4039596319198608
1500,mha_rope,456,5,13,0.08108652383089066,0.07108806818723679,1.4039596319198608
1500,mha_rope,456,5,14,0.05099741742014885,0.03637314960360527,1.4039596319198608
1500,mha_rope,456,5,15,0.06296172738075256,0.07920540869235992,1.4039596319198608
2000,mha_rope,456,1,0,0.038131918758153915,0.05510866269469261,2.417818069458008
2000,mha_rope,456,1,1,0.06806335598230362,0.07338742911815643,2.417818069458008
2000,mha_rope,456,1,2,0.06743398308753967,0.06516298651695251,2.417818069458008
2000,mha_rope,456,1,3,0.09214620292186737,0.07346922904253006,2.417818069458008
2000,mha_rope,456,1,4,0.07091155648231506,0.06878431141376495,2.417818069458008
2000,mha_rope,456,1,5,0.06426899880170822,0.058167342096567154,2.417818069458008
2000,mha_rope,456,1,6,0.05255788192152977,0.06193160265684128,2.417818069458008
2000,mha_rope,456,1,7,0.03881368041038513,0.05762503296136856,2.417818069458008
2000,mha_rope,456,1,8,0.08747141808271408,0.07717132568359375,2.417818069458008
2000,mha_rope,456,1,9,0.06993499398231506,0.05798237398266792,2.417818069458008
2000,mha_rope,456,1,10,0.06452392786741257,0.05979693681001663,2.417818069458008
2000,mha_rope,456,1,11,0.05375834181904793,0.06253452599048615,2.417818069458008
2000,mha_rope,456,1,12,0.056137897074222565,0.05923858657479286,2.417818069458008
2000,mha_rope,456,1,13,0.04314137622714043,0.04550561681389809,2.417818069458008
2000,mha_rope,456,1,14,0.06349100917577744,0.06081573665142059,2.417818069458008
2000,mha_rope,456,1,15,0.06921345740556717,0.06331814080476761,2.417818069458008
2000,mha_rope,456,2,0,0.06687387824058533,0.06424720585346222,1.7592747211456299
2000,mha_rope,456,2,1,0.06798817962408066,0.06287280470132828,1.7592747211456299
2000,mha_rope,456,2,2,0.08800781518220901,0.09181461483240128,1.7592747211456299
2000,mha_rope,456,2,3,0.049375712871551514,0.055348485708236694,1.7592747211456299
2000,mha_rope,456,2,4,0.07511189579963684,0.0701628029346466,1.7592747211456299
2000,mha_rope,456,2,5,0.07400991022586823,0.0758466050028801,1.7592747211456299
2000,mha_rope,456,2,6,0.05713765323162079,0.05870719254016876,1.7592747211456299
2000,mha_rope,456,2,7,0.045546162873506546,0.042603105306625366,1.7592747211456299
2000,mha_rope,456,2,8,0.04911661893129349,0.05629822984337807,1.7592747211456299
2000,mha_rope,456,2,9,0.05757181718945503,0.05835052952170372,1.7592747211456299
2000,mha_rope,456,2,10,0.09052510559558868,0.07583742588758469,1.7592747211456299
2000,mha_rope,456,2,11,0.08511190116405487,0.09400805830955505,1.7592747211456299
2000,mha_rope,456,2,12,0.05180470645427704,0.053084246814250946,1.7592747211456299
2000,mha_rope,456,2,13,0.04210611805319786,0.04317754507064819,1.7592747211456299
2000,mha_rope,456,2,14,0.07081370055675507,0.0609942190349102,1.7592747211456299
2000,mha_rope,456,2,15,0.028898824006319046,0.03664692863821983,1.7592747211456299
2000,mha_rope,456,3,0,0.049803875386714935,0.051110658794641495,1.5109058618545532
2000,mha_rope,456,3,1,0.07314961403608322,0.0847882553935051,1.5109058618545532
2000,mha_rope,456,3,2,0.053784891963005066,0.04898888245224953,1.5109058618545532
2000,mha_rope,456,3,3,0.04449767991900444,0.04328768327832222,1.5109058618545532
2000,mha_rope,456,3,4,0.07883412390947342,0.06932137906551361,1.5109058618545532
2000,mha_rope,456,3,5,0.07127939909696579,0.07708773016929626,1.5109058618545532
2000,mha_rope,456,3,6,0.05373240262269974,0.048020098358392715,1.5109058618545532
2000,mha_rope,456,3,7,0.0577818788588047,0.06815466284751892,1.5109058618545532
2000,mha_rope,456,3,8,0.08494283258914948,0.09717056900262833,1.5109058618545532
2000,mha_rope,456,3,9,0.035050150007009506,0.039089903235435486,1.5109058618545532
2000,mha_rope,456,3,10,0.0595480352640152,0.06284824758768082,1.5109058618545532
2000,mha_rope,456,3,11,0.0896332785487175,0.07150064408779144,1.5109058618545532
2000,mha_rope,456,3,12,0.057561036199331284,0.05154034495353699,1.5109058618545532
2000,mha_rope,456,3,13,0.06884714961051941,0.06672526150941849,1.5109058618545532
2000,mha_rope,456,3,14,0.058186136186122894,0.05825680494308472,1.5109058618545532
2000,mha_rope,456,3,15,0.06336751580238342,0.06210881099104881,1.5109058618545532
2000,mha_rope,456,4,0,0.07239460945129395,0.07476028054952621,1.352203369140625
2000,mha_rope,456,4,1,0.046373188495635986,0.05757375806570053,1.352203369140625
2000,mha_rope,456,4,2,0.07447987794876099,0.05759555846452713,1.352203369140625
2000,mha_rope,456,4,3,0.05473724380135536,0.06524131447076797,1.352203369140625
2000,mha_rope,456,4,4,0.08721425384283066,0.07414083182811737,1.352203369140625
2000,mha_rope,456,4,5,0.051742248237133026,0.04607308283448219,1.352203369140625
2000,mha_rope,456,4,6,0.07577230036258698,0.09931544959545135,1.352203369140625
2000,mha_rope,456,4,7,0.05483713746070862,0.05588348209857941,1.352203369140625
2000,mha_rope,456,4,8,0.050198059529066086,0.05125164985656738,1.352203369140625
2000,mha_rope,456,4,9,0.07602132111787796,0.09120801836252213,1.352203369140625
2000,mha_rope,456,4,10,0.03488810360431671,0.037075575441122055,1.352203369140625
2000,mha_rope,456,4,11,0.0717785656452179,0.06861896812915802,1.352203369140625
2000,mha_rope,456,4,12,0.06514455378055573,0.04187820479273796,1.352203369140625
2000,mha_rope,456,4,13,0.054834797978401184,0.06704926490783691,1.352203369140625
2000,mha_rope,456,4,14,0.0676039606332779,0.053706780076026917,1.352203369140625
2000,mha_rope,456,4,15,0.06197977811098099,0.058627769351005554,1.352203369140625
2000,mha_rope,456,5,0,0.06900247931480408,0.06711535900831223,1.3576653003692627
2000,mha_rope,456,5,1,0.06766876578330994,0.0573885403573513,1.3576653003692627
2000,mha_rope,456,5,2,0.06469330191612244,0.0737573504447937,1.3576653003692627
2000,mha_rope,456,5,3,0.04960998520255089,0.054724399000406265,1.3576653003692627
2000,mha_rope,456,5,4,0.07399353384971619,0.0658448189496994,1.3576653003692627
2000,mha_rope,456,5,5,0.036409199237823486,0.052872590720653534,1.3576653003692627
2000,mha_rope,456,5,6,0.028793131932616234,0.041589781641960144,1.3576653003692627
2000,mha_rope,456,5,7,0.0953528881072998,0.07719838619232178,1.3576653003692627
2000,mha_rope,456,5,8,0.04586191847920418,0.042557064443826675,1.3576653003692627
2000,mha_rope,456,5,9,0.05473337695002556,0.05878760665655136,1.3576653003692627
2000,mha_rope,456,5,10,0.08580464869737625,0.09627470374107361,1.3576653003692627
2000,mha_rope,456,5,11,0.06646697968244553,0.05535838380455971,1.3576653003692627
2000,mha_rope,456,5,12,0.06558959931135178,0.07363702356815338,1.3576653003692627
2000,mha_rope,456,5,13,0.0809485912322998,0.0718781054019928,1.3576653003692627
2000,mha_rope,456,5,14,0.051855672150850296,0.03611624985933304,1.3576653003692627
2000,mha_rope,456,5,15,0.0632159411907196,0.07489965856075287,1.3576653003692627
2500,mha_rope,456,1,0,0.06409159302711487,0.060244228690862656,2.4869699478149414
2500,mha_rope,456,1,1,0.06677673012018204,0.07079870998859406,2.4869699478149414
2500,mha_rope,456,1,2,0.060136109590530396,0.06529266387224197,2.4869699478149414
2500,mha_rope,456,1,3,0.060805562883615494,0.06450627744197845,2.4869699478149414
2500,mha_rope,456,1,4,0.060405272990465164,0.06885245442390442,2.4869699478149414
2500,mha_rope,456,1,5,0.07387156039476395,0.05937302112579346,2.4869699478149414
2500,mha_rope,456,1,6,0.0604877732694149,0.06343915313482285,2.4869699478149414
2500,mha_rope,456,1,7,0.058038532733917236,0.06447537988424301,2.4869699478149414
2500,mha_rope,456,1,8,0.06848419457674026,0.06832902878522873,2.4869699478149414
2500,mha_rope,456,1,9,0.05966603755950928,0.05305458977818489,2.4869699478149414
2500,mha_rope,456,1,10,0.061815593391656876,0.05742064118385315,2.4869699478149414
2500,mha_rope,456,1,11,0.059641722589731216,0.0662880465388298,2.4869699478149414
2500,mha_rope,456,1,12,0.044151511043310165,0.06081623211503029,2.4869699478149414
2500,mha_rope,456,1,13,0.04268096759915352,0.042835384607315063,2.4869699478149414
2500,mha_rope,456,1,14,0.06949137151241302,0.06538436561822891,2.4869699478149414
2500,mha_rope,456,1,15,0.08945546299219131,0.06888983398675919,2.4869699478149414
2500,mha_rope,456,2,0,0.04794809967279434,0.0531814806163311,1.7609790563583374
2500,mha_rope,456,2,1,0.06299987435340881,0.05951282009482384,1.7609790563583374
2500,mha_rope,456,2,2,0.062144674360752106,0.07747126370668411,1.7609790563583374
2500,mha_rope,456,2,3,0.05467580258846283,0.0590878501534462,1.7609790563583374
2500,mha_rope,456,2,4,0.07564005255699158,0.06908075511455536,1.7609790563583374
2500,mha_rope,456,2,5,0.06286600977182388,0.07071476429700851,1.7609790563583374
2500,mha_rope,456,2,6,0.07037831842899323,0.06918016821146011,1.7609790563583374
2500,mha_rope,456,2,7,0.05938964709639549,0.052372924983501434,1.7609790563583374
2500,mha_rope,456,2,8,0.05006673187017441,0.0597107969224453,1.7609790563583374
2500,mha_rope,456,2,9,0.06968455016613007,0.06289449334144592,1.7609790563583374
2500,mha_rope,456,2,10,0.0835971087217331,0.07412441074848175,1.7609790563583374
2500,mha_rope,456,2,11,0.07872263342142105,0.08795950561761856,1.7609790563583374
2500,mha_rope,456,2,12,0.06070109084248543,0.05690910294651985,1.7609790563583374
2500,mha_rope,456,2,13,0.06179646775126457,0.05001907795667648,1.7609790563583374
2500,mha_rope,456,2,14,0.0626290887594223,0.054801687598228455,1.7609790563583374
2500,mha_rope,456,2,15,0.03675984591245651,0.04297889024019241,1.7609790563583374
2500,mha_rope,456,3,0,0.04475219547748566,0.04725496470928192,1.5185497999191284
2500,mha_rope,456,3,1,0.07055491209030151,0.08617296814918518,1.5185497999191284
2500,mha_rope,456,3,2,0.0560079962015152,0.048374954611063004,1.5185497999191284
2500,mha_rope,456,3,3,0.0631243884563446,0.05705783888697624,1.5185497999191284
2500,mha_rope,456,3,4,0.0753435268998146,0.062211666256189346,1.5185497999191284
2500,mha_rope,456,3,5,0.06898894906044006,0.07491202652454376,1.5185497999191284
2500,mha_rope,456,3,6,0.05602508410811424,0.05093909800052643,1.5185497999191284
2500,mha_rope,456,3,7,0.0598805733025074,0.07266909629106522,1.5185497999191284
2500,mha_rope,456,3,8,0.07727457582950592,0.0838959738612175,1.5185497999191284
2500,mha_rope,456,3,9,0.041375018656253815,0.04335697740316391,1.5185497999191284
2500,mha_rope,456,3,10,0.05968739837408066,0.06322011351585388,1.5185497999191284
2500,mha_rope,456,3,11,0.08431803435087204,0.07254553586244583,1.5185497999191284
2500,mha_rope,456,3,12,0.06122894212603569,0.05655474215745926,1.5185497999191284
2500,mha_rope,456,3,13,0.06418314576148987,0.06439799070358276,1.5185497999191284
2500,mha_rope,456,3,14,0.056161195039749146,0.056371960788965225,1.5185497999191284
2500,mha_rope,456,3,15,0.06109405681490898,0.060063913464546204,1.5185497999191284
2500,mha_rope,456,4,0,0.05680989474058151,0.06503660976886749,1.312422513961792
2500,mha_rope,456,4,1,0.04535471647977829,0.05645948275923729,1.312422513961792
2500,mha_rope,456,4,2,0.0679837018251419,0.056028660386800766,1.312422513961792
2500,mha_rope,456,4,3,0.048330485820770264,0.06282950192689896,1.312422513961792
2500,mha_rope,456,4,4,0.09221343696117401,0.07815781980752945,1.312422513961792
2500,mha_rope,456,4,5,0.06877746433019638,0.05966757610440254,1.312422513961792
2500,mha_rope,456,4,6,0.07469218224287033,0.09681125730276108,1.312422513961792
2500,mha_rope,456,4,7,0.05611561983823776,0.057031091302633286,1.312422513961792
2500,mha_rope,456,4,8,0.0479087308049202,0.05076446384191513,1.312422513961792
2500,mha_rope,456,4,9,0.06536773592233658,0.0804709941148758,1.312422513961792
2500,mha_rope,456,4,10,0.04181956127285957,0.04195432737469673,1.312422513961792
2500,mha_rope,456,4,11,0.06503193825483322,0.06190084293484688,1.312422513961792
2500,mha_rope,456,4,12,0.07768768072128296,0.04678962752223015,1.312422513961792
2500,mha_rope,456,4,13,0.05407969281077385,0.06867926567792892,1.312422513961792
2500,mha_rope,456,4,14,0.0757967159152031,0.06047762557864189,1.312422513961792
2500,mha_rope,456,4,15,0.06203043460845947,0.05694077908992767,1.312422513961792
2500,mha_rope,456,5,0,0.07394002377986908,0.0699838176369667,1.3487026691436768
2500,mha_rope,456,5,1,0.06899922341108322,0.05741364136338234,1.3487026691436768
2500,mha_rope,456,5,2,0.06448506563901901,0.07409752160310745,1.3487026691436768
2500,mha_rope,456,5,3,0.04727742448449135,0.05215277522802353,1.3487026691436768
2500,mha_rope,456,5,4,0.08589579164981842,0.07847875356674194,1.3487026691436768
2500,mha_rope,456,5,5,0.03902475908398628,0.056482963263988495,1.3487026691436768
2500,mha_rope,456,5,6,0.03040618821978569,0.043050602078437805,1.3487026691436768
2500,mha_rope,456,5,7,0.08873555809259415,0.07416550070047379,1.3487026691436768
2500,mha_rope,456,5,8,0.04033203050494194,0.03931050002574921,1.3487026691436768
2500,mha_rope,456,5,9,0.05511210113763809,0.05902516841888428,1.3487026691436768
2500,mha_rope,456,5,10,0.08496327698230743,0.09176638722419739,1.3487026691436768
2500,mha_rope,456,5,11,0.06639546900987625,0.05474846065044403,1.3487026691436768
2500,mha_rope,456,5,12,0.06423451751470566,0.07080227881669998,1.3487026691436768
2500,mha_rope,456,5,13,0.08587849885225296,0.0739787295460701,1.3487026691436768
2500,mha_rope,456,5,14,0.04360595718026161,0.031202420592308044,1.3487026691436768
2500,mha_rope,456,5,15,0.06071411073207855,0.07334055006504059,1.3487026691436768
3000,mha_rope,456,1,0,0.048205871134996414,0.06011506915092468,2.497438430786133
3000,mha_rope,456,1,1,0.07605499029159546,0.07318517565727234,2.497438430786133
3000,mha_rope,456,1,2,0.07262298464775085,0.06741811335086823,2.497438430786133
3000,mha_rope,456,1,3,0.061967164278030396,0.06461554765701294,2.497438430786133
3000,mha_rope,456,1,4,0.05683431029319763,0.06558890640735626,2.497438430786133
3000,mha_rope,456,1,5,0.0701897144317627,0.059871967881917953,2.497438430786133
3000,mha_rope,456,1,6,0.06359334290027618,0.061248570680618286,2.497438430786133
3000,mha_rope,456,1,7,0.036233317106962204,0.06171524152159691,2.497438430786133
3000,mha_rope,456,1,8,0.0743141695857048,0.07009823620319366,2.497438430786133
3000,mha_rope,456,1,9,0.070831298828125,0.05845033749938011,2.497438430786133
3000,mha_rope,456,1,10,0.06037689372897148,0.05642916262149811,2.497438430786133
3000,mha_rope,456,1,11,0.051826171576976776,0.06335759162902832,2.497438430786133
3000,mha_rope,456,1,12,0.07300028204917908,0.0630931630730629,2.497438430786133
3000,mha_rope,456,1,13,0.057797037065029144,0.05242786556482315,2.497438430786133
3000,mha_rope,456,1,14,0.043100688606500626,0.05689262971282005,2.497438430786133
3000,mha_rope,456,1,15,0.08305175602436066,0.06549230217933655,2.497438430786133
3000,mha_rope,456,2,0,0.0661608874797821,0.06049639359116554,1.7195062637329102
3000,mha_rope,456,2,1,0.08309061825275421,0.07385411858558655,1.7195062637329102
3000,mha_rope,456,2,2,0.06608723849058151,0.08161579817533493,1.7195062637329102
3000,mha_rope,456,2,3,0.06219319626688957,0.0633683055639267,1.7195062637329102
3000,mha_rope,456,2,4,0.0681820660829544,0.06251110881567001,1.7195062637329102
3000,mha_rope,456,2,5,0.0628420040011406,0.07371605187654495,1.7195062637329102
3000,mha_rope,456,2,6,0.05980641767382622,0.06019121780991554,1.7195062637329102
3000,mha_rope,456,2,7,0.05825622379779816,0.05104241520166397,1.7195062637329102
3000,mha_rope,456,2,8,0.042801614850759506,0.05344793200492859,1.7195062637329102
3000,mha_rope,456,2,9,0.05941670760512352,0.05841558426618576,1.7195062637329102
3000,mha_rope,456,2,10,0.07903707027435303,0.06989424675703049,1.7195062637329102
3000,mha_rope,456,2,11,0.07523304969072342,0.08366706222295761,1.7195062637329102
3000,mha_rope,456,2,12,0.05899647995829582,0.05722900852560997,1.7195062637329102
3000,mha_rope,456,2,13,0.049382731318473816,0.044846631586551666,1.7195062637329102
3000,mha_rope,456,2,14,0.07300801575183868,0.06368272006511688,1.7195062637329102
3000,mha_rope,456,2,15,0.03550567477941513,0.04202146455645561,1.7195062637329102
3000,mha_rope,456,3,0,0.047580260783433914,0.05152449011802673,1.4695632457733154
3000,mha_rope,456,3,1,0.07233581691980362,0.08615949749946594,1.4695632457733154
3000,mha_rope,456,3,2,0.06510793417692184,0.053980566561222076,1.4695632457733154
3000,mha_rope,456,3,3,0.0677579715847969,0.0590512715280056,1.4695632457733154
3000,mha_rope,456,3,4,0.07234751433134079,0.058091361075639725,1.4695632457733154
3000,mha_rope,456,3,5,0.07019439339637756,0.07713406533002853,1.4695632457733154
3000,mha_rope,456,3,6,0.049862466752529144,0.04650230333209038,1.4695632457733154
3000,mha_rope,456,3,7,0.051316119730472565,0.06282056868076324,1.4695632457733154
3000,mha_rope,456,3,8,0.08466817438602448,0.09573481976985931,1.4695632457733154
3000,mha_rope,456,3,9,0.03338470309972763,0.038211580365896225,1.4695632457733154
3000,mha_rope,456,3,10,0.059784747660160065,0.06257022172212601,1.4695632457733154
3000,mha_rope,456,3,11,0.08434997498989105,0.07389219850301743,1.4695632457733154
3000,mha_rope,456,3,12,0.059674378484487534,0.05493564531207085,1.4695632457733154
3000,mha_rope,456,3,13,0.06834706664085388,0.0660528689622879,1.4695632457733154
3000,mha_rope,456,3,14,0.05304066836833954,0.055766139179468155,1.4695632457733154
3000,mha_rope,456,3,15,0.06024780124425888,0.057572562247514725,1.4695632457733154
3000,mha_rope,456,4,0,0.06088358536362648,0.06547635048627853,1.2633358240127563
3000,mha_rope,456,4,1,0.04458760470151901,0.05556105822324753,1.2633358240127563
3000,mha_rope,456,4,2,0.061789143830537796,0.05192403122782707,1.2633358240127563
3000,mha_rope,456,4,3,0.04746643081307411,0.06087691709399223,1.2633358240127563
3000,mha_rope,456,4,4,0.09403248876333237,0.07668869197368622,1.2633358240127563
3000,mha_rope,456,4,5,0.05969787761569023,0.051196739077568054,1.2633358240127563
3000,mha_rope,456,4,6,0.07377919554710388,0.09718833863735199,1.2633358240127563
3000,mha_rope,456,4,7,0.05964955687522888,0.06294713169336319,1.2633358240127563
3000,mha_rope,456,4,8,0.0524221807718277,0.05445275083184242,1.2633358240127563
3000,mha_rope,456,4,9,0.06254293024539948,0.08022771030664444,1.2633358240127563
3000,mha_rope,456,4,10,0.042336832731962204,0.042774565517902374,1.2633358240127563
3000,mha_rope,456,4,11,0.07091155648231506,0.06800560653209686,1.2633358240127563
3000,mha_rope,456,4,12,0.0751209482550621,0.0460335873067379,1.2633358240127563
3000,mha_rope,456,4,13,0.05168446898460388,0.06489571928977966,1.2633358240127563
3000,mha_rope,456,4,14,0.08039652556180954,0.06562958657741547,1.2633358240127563
3000,mha_rope,456,4,15,0.06269866973161697,0.05612116679549217,1.2633358240127563
3000,mha_rope,456,5,0,0.06698404997587204,0.06665673851966858,1.3097926378250122
3000,mha_rope,456,5,1,0.06695190072059631,0.05340451002120972,1.3097926378250122
3000,mha_rope,456,5,2,0.0636729970574379,0.07399646192789078,1.3097926378250122
3000,mha_rope,456,5,3,0.051653340458869934,0.05682554095983505,1.3097926378250122
3000,mha_rope,456,5,4,0.08522938936948776,0.0789848193526268,1.3097926378250122
3000,mha_rope,456,5,5,0.03576039522886276,0.053595658391714096,1.3097926378250122
3000,mha_rope,456,5,6,0.030220743268728256,0.042816344648599625,1.3097926378250122
3000,mha_rope,456,5,7,0.09997233003377914,0.08726993203163147,1.3097926378250122
3000,mha_rope,456,5,8,0.039748940616846085,0.03770744800567627,1.3097926378250122
3000,mha_rope,456,5,9,0.05565449967980385,0.06156015396118164,1.3097926378250122
3000,mha_rope,456,5,10,0.08612508326768875,0.09273535758256912,1.3097926378250122
3000,mha_rope,456,5,11,0.05879933759570122,0.04741252586245537,1.3097926378250122
3000,mha_rope,456,5,12,0.06619741022586823,0.06411218643188477,1.3097926378250122
3000,mha_rope,456,5,13,0.08423278480768204,0.07563155144453049,1.3097926378250122
3000,mha_rope,456,5,14,0.047572020441293716,0.034175969660282135,1.3097926378250122
3000,mha_rope,456,5,15,0.06122477352619171,0.0731148049235344,1.3097926378250122
3500,mha_rope,456,1,0,0.03818328678607941,0.05983773618936539,2.500437021255493
3500,mha_rope,456,1,1,0.06213470548391342,0.0674063190817833,2.500437021255493
3500,mha_rope,456,1,2,0.05436696484684944,0.06108438968658447,2.500437021255493
3500,mha_rope,456,1,3,0.07098622620105743,0.06472496688365936,2.500437021255493
3500,mha_rope,456,1,4,0.044923603534698486,0.06244734302163124,2.500437021255493
3500,mha_rope,456,1,5,0.07291890680789948,0.06167919933795929,2.500437021255493
3500,mha_rope,456,1,6,0.02767283096909523,0.05671543627977371,2.500437021255493
3500,mha_rope,456,1,7,0.04933766648173332,0.06464175134897232,2.500437021255493
3500,mha_rope,456,1,8,0.07847859710454941,0.07357016205787659,2.500437021255493
3500,mha_rope,456,1,9,0.06990000605583191,0.057047247886657715,2.500437021255493
3500,mha_rope,456,1,10,0.05504964292049408,0.052694130688905716,2.500437021255493
3500,mha_rope,456,1,11,0.08496104180812836,0.07263248413801193,2.500437021255493
3500,mha_rope,456,1,12,0.0966026782989502,0.06846565753221512,2.500437021255493
3500,mha_rope,456,1,13,0.052527159452438354,0.04954603686928749,2.500437021255493
3500,mha_rope,456,1,14,0.0662219226360321,0.06275225430727005,2.500437021255493
3500,mha_rope,456,1,15,0.07573476433753967,0.06475488841533661,2.500437021255493
3500,mha_rope,456,2,0,0.06302174925804138,0.05960648134350777,1.7387571334838867
3500,mha_rope,456,2,1,0.07383870333433151,0.06721567362546921,1.7387571334838867
3500,mha_rope,456,2,2,0.06783691048622131,0.08294716477394104,1.7387571334838867
3500,mha_rope,456,2,3,0.06397328525781631,0.0642399787902832,1.7387571334838867
3500,mha_rope,456,2,4,0.07575592398643494,0.06990313529968262,1.7387571334838867
3500,mha_rope,456,2,5,0.05356180667877197,0.0663447305560112,1.7387571334838867
3500,mha_rope,456,2,6,0.05710449069738388,0.05774708464741707,1.7387571334838867
3500,mha_rope,456,2,7,0.0647297129034996,0.05690443515777588,1.7387571334838867
3500,mha_rope,456,2,8,0.04735910892486572,0.05623738095164299,1.7387571334838867
3500,mha_rope,456,2,9,0.05384073778986931,0.05519501492381096,1.7387571334838867
3500,mha_rope,456,2,10,0.07441945374011993,0.07057104259729385,1.7387571334838867
3500,mha_rope,456,2,11,0.0738665759563446,0.08123967796564102,1.7387571334838867
3500,mha_rope,456,2,12,0.06050771102309227,0.058071233332157135,1.7387571334838867
3500,mha_rope,456,2,13,0.06359659880399704,0.05026562139391899,1.7387571334838867
3500,mha_rope,456,2,14,0.06968352943658829,0.059476420283317566,1.7387571334838867
3500,mha_rope,456,2,15,0.036903686821460724,0.04403495416045189,1.7387571334838867
3500,mha_rope,456,3,0,0.04726867750287056,0.053978081792593,1.4559524059295654
3500,mha_rope,456,3,1,0.06336741149425507,0.07484511286020279,1.4559524059295654
3500,mha_rope,456,3,2,0.06310272216796875,0.052366338670253754,1.4559524059295654
3500,mha_rope,456,3,3,0.06225789338350296,0.05376008525490761,1.4559524059295654
3500,mha_rope,456,3,4,0.08109985291957855,0.06637389212846756,1.4559524059295654
3500,mha_rope,456,3,5,0.06674377620220184,0.07110320031642914,1.4559524059295654
3500,mha_rope,456,3,6,0.04459116607904434,0.043510619550943375,1.4559524059295654
3500,mha_rope,456,3,7,0.05792124569416046,0.07246065139770508,1.4559524059295654
3500,mha_rope,456,3,8,0.08633219450712204,0.1010591983795166,1.4559524059295654
3500,mha_rope,456,3,9,0.042894795536994934,0.04256371781229973,1.4559524059295654
3500,mha_rope,456,3,10,0.06120758131146431,0.06265157461166382,1.4559524059295654
3500,mha_rope,456,3,11,0.0780913308262825,0.07008985430002213,1.4559524059295654
3500,mha_rope,456,3,12,0.057215068489313126,0.05393810197710991,1.4559524059295654
3500,mha_rope,456,3,13,0.06519114226102829,0.0622175969183445,1.4559524059295654
3500,mha_rope,456,3,14,0.05714721605181694,0.05640682205557823,1.4559524059295654
3500,mha_rope,456,3,15,0.06556793302297592,0.0626751258969307,1.4559524059295654
3500,mha_rope,456,4,0,0.05869761109352112,0.06457929313182831,1.245501160621643
3500,mha_rope,456,4,1,0.03986348584294319,0.050907962024211884,1.245501160621643
3500,mha_rope,456,4,2,0.06962534785270691,0.05854441970586777,1.245501160621643
3500,mha_rope,456,4,3,0.047801412642002106,0.061590489000082016,1.245501160621643
3500,mha_rope,456,4,4,0.09486684203147888,0.07797645032405853,1.245501160621643
3500,mha_rope,456,4,5,0.06213022768497467,0.05439438670873642,1.245501160621643
3500,mha_rope,456,4,6,0.07529744505882263,0.09895305335521698,1.245501160621643
3500,mha_rope,456,4,7,0.058860983699560165,0.06520983576774597,1.245501160621643
3500,mha_rope,456,4,8,0.05188049376010895,0.05307348072528839,1.245501160621643
3500,mha_rope,456,4,9,0.06239359453320503,0.08041966706514359,1.245501160621643
3500,mha_rope,456,4,10,0.03814798966050148,0.03974595665931702,1.245501160621643
3500,mha_rope,456,4,11,0.0739784762263298,0.07021690160036087,1.245501160621643
3500,mha_rope,456,4,12,0.07498586177825928,0.04572000727057457,1.245501160621643
3500,mha_rope,456,4,13,0.04766550660133362,0.06013777479529381,1.245501160621643
3500,mha_rope,456,4,14,0.07712524384260178,0.06170162186026573,1.245501160621643
3500,mha_rope,456,4,15,0.06667948514223099,0.05682867020368576,1.245501160621643
3500,mha_rope,456,5,0,0.07318226993083954,0.07043594121932983,1.2916873693466187
3500,mha_rope,456,5,1,0.06813110411167145,0.055343009531497955,1.2916873693466187
3500,mha_rope,456,5,2,0.06468180567026138,0.07507697492837906,1.2916873693466187
3500,mha_rope,456,5,3,0.04684702679514885,0.052172187715768814,1.2916873693466187
3500,mha_rope,456,5,4,0.08542735129594803,0.07967007905244827,1.2916873693466187
3500,mha_rope,456,5,5,0.03455759584903717,0.05275503173470497,1.2916873693466187
3500,mha_rope,456,5,6,0.028199462220072746,0.03932850807905197,1.2916873693466187
3500,mha_rope,456,5,7,0.08739838004112244,0.07572111487388611,1.2916873693466187
3500,mha_rope,456,5,8,0.044819436967372894,0.042025238275527954,1.2916873693466187
3500,mha_rope,456,5,9,0.05324310436844826,0.05904769152402878,1.2916873693466187
3500,mha_rope,456,5,10,0.0895429477095604,0.09868507087230682,1.2916873693466187
3500,mha_rope,456,5,11,0.05768575146794319,0.04799111932516098,1.2916873693466187
3500,mha_rope,456,5,12,0.0688406378030777,0.06691150367259979,1.2916873693466187
3500,mha_rope,456,5,13,0.08764546364545822,0.07607874274253845,1.2916873693466187
3500,mha_rope,456,5,14,0.048827312886714935,0.034860122948884964,1.2916873693466187
3500,mha_rope,456,5,15,0.06097035855054855,0.07389756292104721,1.2916873693466187
4000,mha_rope,456,1,0,0.0579192079603672,0.06324184685945511,2.481273889541626
4000,mha_rope,456,1,1,0.06600107997655869,0.06881949305534363,2.481273889541626
4000,mha_rope,456,1,2,0.054422810673713684,0.060775935649871826,2.481273889541626
4000,mha_rope,456,1,3,0.07480326294898987,0.0667271837592125,2.481273889541626
4000,mha_rope,456,1,4,0.0476805604994297,0.062240853905677795,2.481273889541626
4000,mha_rope,456,1,5,0.054867859929800034,0.05718132108449936,2.481273889541626
4000,mha_rope,456,1,6,0.04787485674023628,0.05881614610552788,2.481273889541626
4000,mha_rope,456,1,7,0.05130767822265625,0.06310029327869415,2.481273889541626
4000,mha_rope,456,1,8,0.0750693753361702,0.07332838326692581,2.481273889541626
4000,mha_rope,456,1,9,0.07788360863924026,0.05980101227760315,2.481273889541626
4000,mha_rope,456,1,10,0.06677205115556717,0.058656398206949234,2.481273889541626
4000,mha_rope,456,1,11,0.06519409269094467,0.06930530816316605,2.481273889541626
4000,mha_rope,456,1,12,0.04804514721035957,0.05869096890091896,2.481273889541626
4000,mha_rope,456,1,13,0.0497811883687973,0.04672962799668312,2.481273889541626
4000,mha_rope,456,1,14,0.08629190921783447,0.0680876225233078,2.481273889541626
4000,mha_rope,456,1,15,0.07608530670404434,0.06449748575687408,2.481273889541626
4000,mha_rope,456,2,0,0.0538654588162899,0.052815139293670654,1.7020303010940552
4000,mha_rope,456,2,1,0.06775970757007599,0.06317947804927826,1.7020303010940552
4000,mha_rope,456,2,2,0.06166880205273628,0.07859714329242706,1.7020303010940552
4000,mha_rope,456,2,3,0.060540568083524704,0.062335770577192307,1.7020303010940552
4000,mha_rope,456,2,4,0.07647949457168579,0.06911634653806686,1.7020303010940552
4000,mha_rope,456,2,5,0.05611572414636612,0.07054975628852844,1.7020303010940552
4000,mha_rope,456,2,6,0.06642262637615204,0.06556335091590881,1.7020303010940552
4000,mha_rope,456,2,7,0.06429850310087204,0.055147934705019,1.7020303010940552
4000,mha_rope,456,2,8,0.04617970809340477,0.05705057829618454,1.7020303010940552
4000,mha_rope,456,2,9,0.059403277933597565,0.060610782355070114,1.7020303010940552
4000,mha_rope,456,2,10,0.0668882206082344,0.06378291547298431,1.7020303010940552
4000,mha_rope,456,2,11,0.08224589377641678,0.08869384974241257,1.7020303010940552
4000,mha_rope,456,2,12,0.05916707217693329,0.05549052730202675,1.7020303010940552
4000,mha_rope,456,2,13,0.0616372674703598,0.04763870686292648,1.7020303010940552
4000,mha_rope,456,2,14,0.07588145136833191,0.06460333615541458,1.7020303010940552
4000,mha_rope,456,2,15,0.041446227580308914,0.04482445493340492,1.7020303010940552
4000,mha_rope,456,3,0,0.04578541964292526,0.04936738312244415,1.4511327743530273
4000,mha_rope,456,3,1,0.06695292145013809,0.08054525405168533,1.4511327743530273
4000,mha_rope,456,3,2,0.059627991169691086,0.04978078603744507,1.4511327743530273
4000,mha_rope,456,3,3,0.06193288043141365,0.052994243800640106,1.4511327743530273
4000,mha_rope,456,3,4,0.08241811394691467,0.0668824315071106,1.4511327743530273
4000,mha_rope,456,3,5,0.07057647407054901,0.07834849506616592,1.4511327743530273
4000,mha_rope,456,3,6,0.047131143510341644,0.046207066625356674,1.4511327743530273
4000,mha_rope,456,3,7,0.057056885212659836,0.07195539772510529,1.4511327743530273
4000,mha_rope,456,3,8,0.08772074431180954,0.10234988480806351,1.4511327743530273
4000,mha_rope,456,3,9,0.045069072395563126,0.042845431715250015,1.4511327743530273
4000,mha_rope,456,3,10,0.062479857355356216,0.0621078796684742,1.4511327743530273
4000,mha_rope,456,3,11,0.07560262084007263,0.06559009850025177,1.4511327743530273
4000,mha_rope,456,3,12,0.05218800902366638,0.05027562752366066,1.4511327743530273
4000,mha_rope,456,3,13,0.0750172957777977,0.07123290747404099,1.4511327743530273
4000,mha_rope,456,3,14,0.05094614624977112,0.053101278841495514,1.4511327743530273
4000,mha_rope,456,3,15,0.05949442461133003,0.05641598999500275,1.4511327743530273
4000,mha_rope,456,4,0,0.0652167797088623,0.06964141875505447,1.2544349431991577
4000,mha_rope,456,4,1,0.047235820442438126,0.059460800141096115,1.2544349431991577
4000,mha_rope,456,4,2,0.061191100627183914,0.053540751338005066,1.2544349431991577
4000,mha_rope,456,4,3,0.04990091919898987,0.06508857756853104,1.2544349431991577
4000,mha_rope,456,4,4,0.09924235194921494,0.08038041740655899,1.2544349431991577
4000,mha_rope,456,4,5,0.06998931616544724,0.05992300063371658,1.2544349431991577
4000,mha_rope,456,4,6,0.07305541634559631,0.09577909857034683,1.2544349431991577
4000,mha_rope,456,4,7,0.0558052584528923,0.06227299943566322,1.2544349431991577
4000,mha_rope,456,4,8,0.05307729169726372,0.05319690331816673,1.2544349431991577
4000,mha_rope,456,4,9,0.056042786687612534,0.0742032378911972,1.2544349431991577
4000,mha_rope,456,4,10,0.03892273083329201,0.04035963863134384,1.2544349431991577
4000,mha_rope,456,4,11,0.0708911120891571,0.065825916826725,1.2544349431991577
4000,mha_rope,456,4,12,0.07084279507398605,0.042372796684503555,1.2544349431991577
4000,mha_rope,456,4,13,0.048064980655908585,0.06311863660812378,1.2544349431991577
4000,mha_rope,456,4,14,0.07279551029205322,0.05705186724662781,1.2544349431991577
4000,mha_rope,456,4,15,0.06772582978010178,0.057783838361501694,1.2544349431991577
4000,mha_rope,456,5,0,0.0721340924501419,0.0695219486951828,1.2938342094421387
4000,mha_rope,456,5,1,0.06981556862592697,0.058414533734321594,1.2938342094421387
4000,mha_rope,456,5,2,0.06441884487867355,0.0762590691447258,1.2938342094421387
4000,mha_rope,456,5,3,0.048825785517692566,0.053603243082761765,1.2938342094421387
4000,mha_rope,456,5,4,0.08877207338809967,0.08428080379962921,1.2938342094421387
4000,mha_rope,456,5,5,0.035031940788030624,0.05319352075457573,1.2938342094421387
4000,mha_rope,456,5,6,0.02993367426097393,0.041908230632543564,1.2938342094421387
4000,mha_rope,456,5,7,0.09209422022104263,0.07573354244232178,1.2938342094421387
4000,mha_rope,456,5,8,0.04071624577045441,0.03873097896575928,1.2938342094421387
4000,mha_rope,456,5,9,0.052475687116384506,0.05682917311787605,1.2938342094421387
4000,mha_rope,456,5,10,0.09195495396852493,0.099711574614048,1.2938342094421387
4000,mha_rope,456,5,11,0.059303488582372665,0.04952503368258476,1.2938342094421387
4000,mha_rope,456,5,12,0.07192739099264145,0.06868142634630203,1.2938342094421387
4000,mha_rope,456,5,13,0.0832480862736702,0.07253199815750122,1.2938342094421387
4000,mha_rope,456,5,14,0.041491392999887466,0.031062688678503036,1.2938342094421387
4000,mha_rope,456,5,15,0.05785654857754707,0.07001211494207382,1.2938342094421387
4500,mha_rope,456,1,0,0.06766286492347717,0.06422075629234314,2.4661383628845215
4500,mha_rope,456,1,1,0.06521626561880112,0.06798892468214035,2.4661383628845215
4500,mha_rope,456,1,2,0.055442605167627335,0.06282765418291092,2.4661383628845215
4500,mha_rope,456,1,3,0.06672902405261993,0.06235910579562187,2.4661383628845215
4500,mha_rope,456,1,4,0.0600350946187973,0.06598004698753357,2.4661383628845215
4500,mha_rope,456,1,5,0.06366363167762756,0.05776967853307724,2.4661383628845215
4500,mha_rope,456,1,6,0.053768716752529144,0.06150189787149429,2.4661383628845215
4500,mha_rope,456,1,7,0.05386749282479286,0.06494775414466858,2.4661383628845215
4500,mha_rope,456,1,8,0.07362894713878632,0.07122310996055603,2.4661383628845215
4500,mha_rope,456,1,9,0.07239654660224915,0.059378981590270996,2.4661383628845215
4500,mha_rope,456,1,10,0.06816324591636658,0.058511245995759964,2.4661383628845215
4500,mha_rope,456,1,11,0.05593068525195122,0.0663328543305397,2.4661383628845215
4500,mha_rope,456,1,12,0.04842681810259819,0.0586363859474659,2.4661383628845215
4500,mha_rope,456,1,13,0.06071614474058151,0.05164537578821182,2.4661383628845215
4500,mha_rope,456,1,14,0.06466878205537796,0.06215127930045128,2.4661383628845215
4500,mha_rope,456,1,15,0.06968312710523605,0.06452494114637375,2.4661383628845215
4500,mha_rope,456,2,0,0.05473693832755089,0.05495234206318855,1.6770507097244263
4500,mha_rope,456,2,1,0.06475067138671875,0.05894606187939644,1.6770507097244263
4500,mha_rope,456,2,2,0.061416421085596085,0.07691515237092972,1.6770507097244263
4500,mha_rope,456,2,3,0.059471942484378815,0.06103398650884628,1.6770507097244263
4500,mha_rope,456,2,4,0.0793393924832344,0.07140401750802994,1.6770507097244263
4500,mha_rope,456,2,5,0.05398824065923691,0.07115085422992706,1.6770507097244263
4500,mha_rope,456,2,6,0.061636555939912796,0.06410910189151764,1.6770507097244263
4500,mha_rope,456,2,7,0.06701314449310303,0.0569356232881546,1.6770507097244263
4500,mha_rope,456,2,8,0.048344116657972336,0.060518767684698105,1.6770507097244263
4500,mha_rope,456,2,9,0.0597483329474926,0.06125343218445778,1.6770507097244263
4500,mha_rope,456,2,10,0.07635162025690079,0.06848617643117905,1.6770507097244263
4500,mha_rope,456,2,11,0.07816711068153381,0.08511970192193985,1.6770507097244263
4500,mha_rope,456,2,12,0.05638977140188217,0.053606610745191574,1.6770507097244263
4500,mha_rope,456,2,13,0.06503164023160934,0.04960121959447861,1.6770507097244263
4500,mha_rope,456,2,14,0.0767275020480156,0.06349214911460876,1.6770507097244263
4500,mha_rope,456,2,15,0.03688659518957138,0.042475029826164246,1.6770507097244263
4500,mha_rope,456,3,0,0.04404561221599579,0.05126332864165306,1.4504008293151855
4500,mha_rope,456,3,1,0.0646287053823471,0.07564269751310349,1.4504008293151855
4500,mha_rope,456,3,2,0.06860128045082092,0.05195443332195282,1.4504008293151855
4500,mha_rope,456,3,3,0.06572327017784119,0.05815669894218445,1.4504008293151855
4500,mha_rope,456,3,4,0.07675282657146454,0.06149105727672577,1.4504008293151855
4500,mha_rope,456,3,5,0.06992217898368835,0.0789887085556984,1.4504008293151855
4500,mha_rope,456,3,6,0.04402608051896095,0.04326071962714195,1.4504008293151855
4500,mha_rope,456,3,7,0.05252227932214737,0.0667407214641571,1.4504008293151855
4500,mha_rope,456,3,8,0.08727294951677322,0.1006619781255722,1.4504008293151855
4500,mha_rope,456,3,9,0.040879007428884506,0.041286174207925797,1.4504008293151855
4500,mha_rope,456,3,10,0.06420847773551941,0.06584004312753677,1.4504008293151855
4500,mha_rope,456,3,11,0.07447570562362671,0.06332824379205704,1.4504008293151855
4500,mha_rope,456,3,12,0.062071941792964935,0.05944664031267166,1.4504008293151855
4500,mha_rope,456,3,13,0.07232563942670822,0.06859031319618225,1.4504008293151855
4500,mha_rope,456,3,14,0.05484761670231819,0.05561000108718872,1.4504008293151855
4500,mha_rope,456,3,15,0.05769643187522888,0.05773811414837837,1.4504008293151855
4500,mha_rope,456,4,0,0.058030396699905396,0.06436003744602203,1.2460635900497437
4500,mha_rope,456,4,1,0.041244201362133026,0.05433695390820503,1.2460635900497437
4500,mha_rope,456,4,2,0.0665988177061081,0.05688401684165001,1.2460635900497437
4500,mha_rope,456,4,3,0.04543406143784523,0.06253699958324432,1.2460635900497437
4500,mha_rope,456,4,4,0.0921427384018898,0.07441263645887375,1.2460635900497437
4500,mha_rope,456,4,5,0.06823089718818665,0.05830145627260208,1.2460635900497437
4500,mha_rope,456,4,6,0.07353851199150085,0.09429547190666199,1.2460635900497437
4500,mha_rope,456,4,7,0.06116770580410957,0.06661327928304672,1.2460635900497437
4500,mha_rope,456,4,8,0.055280353873968124,0.05436126887798309,1.2460635900497437
4500,mha_rope,456,4,9,0.05663818493485451,0.07459884136915207,1.2460635900497437
4500,mha_rope,456,4,10,0.04383555054664612,0.045335832983255386,1.2460635900497437
4500,mha_rope,456,4,11,0.07123026251792908,0.06632812321186066,1.2460635900497437
4500,mha_rope,456,4,12,0.06801381707191467,0.04203624278306961,1.2460635900497437
4500,mha_rope,456,4,13,0.047849323600530624,0.06155401095747948,1.2460635900497437
4500,mha_rope,456,4,14,0.07855723053216934,0.06301843374967575,1.2460635900497437
4500,mha_rope,456,4,15,0.07220795005559921,0.061026476323604584,1.2460635900497437
4500,mha_rope,456,5,0,0.06576446443796158,0.06490388512611389,1.2972526550292969
4500,mha_rope,456,5,1,0.06802409142255783,0.057269107550382614,1.2972526550292969
4500,mha_rope,456,5,2,0.0634721890091896,0.07609854638576508,1.2972526550292969
4500,mha_rope,456,5,3,0.05037139728665352,0.05464721843600273,1.2972526550292969
4500,mha_rope,456,5,4,0.0916704311966896,0.08403807878494263,1.2972526550292969
4500,mha_rope,456,5,5,0.03451833128929138,0.05352987349033356,1.2972526550292969
4500,mha_rope,456,5,6,0.027952982112765312,0.040583040565252304,1.2972526550292969
4500,mha_rope,456,5,7,0.08954223990440369,0.07498783618211746,1.2972526550292969
4500,mha_rope,456,5,8,0.04197540134191513,0.04087702929973602,1.2972526550292969
4500,mha_rope,456,5,9,0.05757293850183487,0.06467974185943604,1.2972526550292969
4500,mha_rope,456,5,10,0.09119201451539993,0.09800548106431961,1.2972526550292969
4500,mha_rope,456,5,11,0.06164734065532684,0.0506611131131649,1.2972526550292969
4500,mha_rope,456,5,12,0.0671762079000473,0.06362627446651459,1.2972526550292969
4500,mha_rope,456,5,13,0.08580983430147171,0.07543416321277618,1.2972526550292969
4500,mha_rope,456,5,14,0.046591490507125854,0.03267798200249672,1.2972526550292969
4500,mha_rope,456,5,15,0.056718647480010986,0.06798069924116135,1.2972526550292969
5000,mha_rope,456,1,0,0.04861195757985115,0.06040868163108826,2.4444360733032227
5000,mha_rope,456,1,1,0.06799875944852829,0.06986187398433685,2.4444360733032227
5000,mha_rope,456,1,2,0.06480519473552704,0.06585367023944855,2.4444360733032227
5000,mha_rope,456,1,3,0.07225362211465836,0.06364186108112335,2.4444360733032227
5000,mha_rope,456,1,4,0.05225830152630806,0.061884574592113495,2.4444360733032227
5000,mha_rope,456,1,5,0.06726755946874619,0.06040430814027786,2.4444360733032227
5000,mha_rope,456,1,6,0.051844481378793716,0.05803053453564644,2.4444360733032227
5000,mha_rope,456,1,7,0.04662618041038513,0.06144135817885399,2.4444360733032227
5000,mha_rope,456,1,8,0.06680846959352493,0.0680551826953888,2.4444360733032227
5000,mha_rope,456,1,9,0.07866231352090836,0.0631692036986351,2.4444360733032227
5000,mha_rope,456,1,10,0.06805776059627533,0.057438112795352936,2.4444360733032227
5000,mha_rope,456,1,11,0.060759175568819046,0.06936104595661163,2.4444360733032227
5000,mha_rope,456,1,12,0.043625690042972565,0.057754721492528915,2.4444360733032227
5000,mha_rope,456,1,13,0.06334146857261658,0.053461406379938126,2.4444360733032227
5000,mha_rope,456,1,14,0.07297729700803757,0.06362683326005936,2.4444360733032227
5000,mha_rope,456,1,15,0.0741017684340477,0.06560666114091873,2.4444360733032227
5000,mha_rope,456,2,0,0.05406656861305237,0.05402054637670517,1.653525471687317
5000,mha_rope,456,2,1,0.07029937952756882,0.06425394862890244,1.653525471687317
5000,mha_rope,456,2,2,0.05721272900700569,0.0739624947309494,1.653525471687317
5000,mha_rope,456,2,3,0.06256907433271408,0.06302286684513092,1.653525471687317
5000,mha_rope,456,2,4,0.08304066956043243,0.07407786697149277,1.653525471687317
5000,mha_rope,456,2,5,0.05452433228492737,0.07229762524366379,1.653525471687317
5000,mha_rope,456,2,6,0.05910848081111908,0.05942324921488762,1.653525471687317
5000,mha_rope,456,2,7,0.059950459748506546,0.053260210901498795,1.653525471687317
5000,mha_rope,456,2,8,0.044909972697496414,0.05609540268778801,1.653525471687317
5000,mha_rope,456,2,9,0.058773599565029144,0.06161164492368698,1.653525471687317
5000,mha_rope,456,2,10,0.08032003045082092,0.07210064679384232,1.653525471687317
5000,mha_rope,456,2,11,0.07710602134466171,0.08336972445249557,1.653525471687317
5000,mha_rope,456,2,12,0.06055542081594467,0.05567866563796997,1.653525471687317
5000,mha_rope,456,2,13,0.060971375554800034,0.047889940440654755,1.653525471687317
5000,mha_rope,456,2,14,0.07482503354549408,0.06484098732471466,1.653525471687317
5000,mha_rope,456,2,15,0.04176686704158783,0.044094134122133255,1.653525471687317
5000,mha_rope,456,3,0,0.04144907742738724,0.049756474792957306,1.442449688911438
5000,mha_rope,456,3,1,0.06187235563993454,0.07536084204912186,1.442449688911438
5000,mha_rope,456,3,2,0.06980936974287033,0.05488842725753784,1.442449688911438
5000,mha_rope,456,3,3,0.06403513252735138,0.05520591884851456,1.442449688911438
5000,mha_rope,456,3,4,0.08093393594026566,0.06569112092256546,1.442449688911438
5000,mha_rope,456,3,5,0.06959900259971619,0.07625836133956909,1.442449688911438
5000,mha_rope,456,3,6,0.04671875014901161,0.04507889226078987,1.442449688911438
5000,mha_rope,456,3,7,0.056492920964956284,0.07176394015550613,1.442449688911438
5000,mha_rope,456,3,8,0.08670969307422638,0.10020487755537033,1.442449688911438
5000,mha_rope,456,3,9,0.038101401180028915,0.04043879359960556,1.442449688911438
5000,mha_rope,456,3,10,0.06252878904342651,0.06205764785408974,1.442449688911438
5000,mha_rope,456,3,11,0.07844268530607224,0.06771986931562424,1.442449688911438
5000,mha_rope,456,3,12,0.05782369151711464,0.056275006383657455,1.442449688911438
5000,mha_rope,456,3,13,0.06987681239843369,0.06687214225530624,1.442449688911438
5000,mha_rope,456,3,14,0.05597107112407684,0.055739108473062515,1.442449688911438
5000,mha_rope,456,3,15,0.05963531509041786,0.056688640266656876,1.442449688911438
5000,mha_rope,456,4,0,0.06166025623679161,0.06740007549524307,1.2413605451583862
5000,mha_rope,456,4,1,0.04158305004239082,0.05317048728466034,1.2413605451583862
5000,mha_rope,456,4,2,0.06337188929319382,0.05495050549507141,1.2413605451583862
5000,mha_rope,456,4,3,0.04495890438556671,0.06296786665916443,1.2413605451583862
5000,mha_rope,456,4,4,0.09722422063350677,0.07809603959321976,1.2413605451583862
5000,mha_rope,456,4,5,0.0644066333770752,0.056557439267635345,1.2413605451583862
5000,mha_rope,456,4,6,0.0746980831027031,0.09646596759557724,1.2413605451583862
5000,mha_rope,456,4,7,0.057416483759880066,0.06171678006649017,1.2413605451583862
5000,mha_rope,456,4,8,0.053596802055835724,0.05257683992385864,1.2413605451583862
5000,mha_rope,456,4,9,0.0537770576775074,0.07196662575006485,1.2413605451583862
5000,mha_rope,456,4,10,0.04477406665682793,0.045901112258434296,1.2413605451583862
5000,mha_rope,456,4,11,0.06994028389453888,0.06456001102924347,1.2413605451583862
5000,mha_rope,456,4,12,0.0685194879770279,0.040676768869161606,1.2413605451583862
5000,mha_rope,456,4,13,0.050734762102365494,0.06537582725286484,1.2413605451583862
5000,mha_rope,456,4,14,0.07835856080055237,0.062444958835840225,1.2413605451583862
5000,mha_rope,456,4,15,0.07497945427894592,0.0651727095246315,1.2413605451583862
5000,mha_rope,456,5,0,0.07318369299173355,0.0700962096452713,1.2814475297927856
5000,mha_rope,456,5,1,0.07513763755559921,0.06372173875570297,1.2814475297927856
5000,mha_rope,456,5,2,0.06201355159282684,0.07531406730413437,1.2814475297927856
5000,mha_rope,456,5,3,0.0505199171602726,0.05622781068086624,1.2814475297927856
5000,mha_rope,456,5,4,0.09182169288396835,0.08729959279298782,1.2814475297927856
5000,mha_rope,456,5,5,0.033944904804229736,0.05220676586031914,1.2814475297927856
5000,mha_rope,456,5,6,0.028561808168888092,0.04020991176366806,1.2814475297927856
5000,mha_rope,456,5,7,0.0894305408000946,0.07616220414638519,1.2814475297927856
5000,mha_rope,456,5,8,0.04316823184490204,0.04130525887012482,1.2814475297927856
5000,mha_rope,456,5,9,0.05188252776861191,0.05651828274130821,1.2814475297927856
5000,mha_rope,456,5,10,0.09210703521966934,0.09777169674634933,1.2814475297927856
5000,mha_rope,456,5,11,0.0551840215921402,0.04586590826511383,1.2814475297927856
5000,mha_rope,456,5,12,0.0613117478787899,0.058476440608501434,1.2814475297927856
5000,mha_rope,456,5,13,0.08776814490556717,0.07627648860216141,1.2814475297927856
5000,mha_rope,456,5,14,0.04709441959857941,0.03339923918247223,1.2814475297927856
5000,mha_rope,456,5,15,0.05687011778354645,0.06914833188056946,1.2814475297927856
5500,mha_rope,456,1,0,0.055086974054574966,0.06334292143583298,2.4316272735595703
5500,mha_rope,456,1,1,0.05856628343462944,0.06538061052560806,2.4316272735595703
5500,mha_rope,456,1,2,0.06123819947242737,0.06390902400016785,2.4316272735595703
5500,mha_rope,456,1,3,0.07465758919715881,0.06553024798631668,2.4316272735595703
5500,mha_rope,456,1,4,0.05728525668382645,0.06458362936973572,2.4316272735595703
5500,mha_rope,456,1,5,0.05726989731192589,0.05693243816494942,2.4316272735595703
5500,mha_rope,456,1,6,0.055186666548252106,0.0599035881459713,2.4316272735595703
5500,mha_rope,456,1,7,0.05343424528837204,0.0635613352060318,2.4316272735595703
5500,mha_rope,456,1,8,0.06888417899608612,0.07014690339565277,2.4316272735595703
5500,mha_rope,456,1,9,0.07623107731342316,0.06259089708328247,2.4316272735595703
5500,mha_rope,456,1,10,0.06740570068359375,0.05658276379108429,2.4316272735595703
5500,mha_rope,456,1,11,0.05484405532479286,0.06568840146064758,2.4316272735595703
5500,mha_rope,456,1,12,0.05111785978078842,0.060194727033376694,2.4316272735595703
5500,mha_rope,456,1,13,0.06132059916853905,0.0527881383895874,2.4316272735595703
5500,mha_rope,456,1,14,0.07221496850252151,0.06235552579164505,2.4316272735595703
5500,mha_rope,456,1,15,0.07525645196437836,0.06650862097740173,2.4316272735595703
5500,mha_rope,456,2,0,0.05114084854722023,0.05363438278436661,1.6733901500701904
5500,mha_rope,456,2,1,0.060072530061006546,0.05677336826920509,1.6733901500701904
5500,mha_rope,456,2,2,0.05927327647805214,0.07404085993766785,1.6733901500701904
5500,mha_rope,456,2,3,0.0584309883415699,0.0598321333527565,1.6733901500701904
5500,mha_rope,456,2,4,0.08095723390579224,0.07223440706729889,1.6733901500701904
5500,mha_rope,456,2,5,0.05645650252699852,0.07462553679943085,1.6733901500701904
5500,mha_rope,456,2,6,0.061740417033433914,0.061048246920108795,1.6733901500701904
5500,mha_rope,456,2,7,0.06022908538579941,0.05321038141846657,1.6733901500701904
5500,mha_rope,456,2,8,0.04661509022116661,0.0588538683950901,1.6733901500701904
5500,mha_rope,456,2,9,0.06163472309708595,0.06459936499595642,1.6733901500701904
5500,mha_rope,456,2,10,0.06746337562799454,0.06798037141561508,1.6733901500701904
5500,mha_rope,456,2,11,0.07376759499311447,0.0792183056473732,1.6733901500701904
5500,mha_rope,456,2,12,0.058839213103055954,0.05443817749619484,1.6733901500701904
5500,mha_rope,456,2,13,0.07228271663188934,0.0521966852247715,1.6733901500701904
5500,mha_rope,456,2,14,0.08278249204158783,0.0677972286939621,1.6733901500701904
5500,mha_rope,456,2,15,0.04831390455365181,0.04951666668057442,1.6733901500701904
5500,mha_rope,456,3,0,0.04410359635949135,0.051305871456861496,1.455991268157959
5500,mha_rope,456,3,1,0.059090372174978256,0.07010860741138458,1.455991268157959
5500,mha_rope,456,3,2,0.07146850228309631,0.05747568607330322,1.455991268157959
5500,mha_rope,456,3,3,0.07157206535339355,0.06043482571840286,1.455991268157959
5500,mha_rope,456,3,4,0.08059316128492355,0.0650460347533226,1.455991268157959
5500,mha_rope,456,3,5,0.07371287047863007,0.08090398460626602,1.455991268157959
5500,mha_rope,456,3,6,0.04481221362948418,0.04513239488005638,1.455991268157959
5500,mha_rope,456,3,7,0.05612172558903694,0.07256784290075302,1.455991268157959
5500,mha_rope,456,3,8,0.0829487070441246,0.09378840029239655,1.455991268157959
5500,mha_rope,456,3,9,0.042742613703012466,0.04360493645071983,1.455991268157959
5500,mha_rope,456,3,10,0.0604267381131649,0.060033898800611496,1.455991268157959
5500,mha_rope,456,3,11,0.07998555153608322,0.0701240822672844,1.455991268157959
5500,mha_rope,456,3,12,0.059410300105810165,0.0570000596344471,1.455991268157959
5500,mha_rope,456,3,13,0.06686849147081375,0.06408718228340149,1.455991268157959
5500,mha_rope,456,3,14,0.05142669752240181,0.053403351455926895,1.455991268157959
5500,mha_rope,456,3,15,0.05471638962626457,0.05498272553086281,1.455991268157959
5500,mha_rope,456,4,0,0.060063984245061874,0.06672977656126022,1.245909571647644
5500,mha_rope,456,4,1,0.04205373302102089,0.05417628586292267,1.245909571647644
5500,mha_rope,456,4,2,0.06385823339223862,0.05573060363531113,1.245909571647644
5500,mha_rope,456,4,3,0.04476633667945862,0.06199268251657486,1.245909571647644
5500,mha_rope,456,4,4,0.09795796871185303,0.0785025805234909,1.245909571647644
5500,mha_rope,456,4,5,0.0688609853386879,0.06071252003312111,1.245909571647644
5500,mha_rope,456,4,6,0.07445749640464783,0.09647948294878006,1.245909571647644
5500,mha_rope,456,4,7,0.05518188327550888,0.0631926879286766,1.245909571647644
5500,mha_rope,456,4,8,0.055211689323186874,0.05303582921624184,1.245909571647644
5500,mha_rope,456,4,9,0.05839141830801964,0.07776649296283722,1.245909571647644
5500,mha_rope,456,4,10,0.04633015766739845,0.04773828759789467,1.245909571647644
5500,mha_rope,456,4,11,0.07000467926263809,0.06401484459638596,1.245909571647644
5500,mha_rope,456,4,12,0.0698578879237175,0.04191466048359871,1.245909571647644
5500,mha_rope,456,4,13,0.04497416317462921,0.05792770907282829,1.245909571647644
5500,mha_rope,456,4,14,0.08053934574127197,0.06391306221485138,1.245909571647644
5500,mha_rope,456,4,15,0.06749003380537033,0.056172631680965424,1.245909571647644
5500,mha_rope,456,5,0,0.06566762179136276,0.06389068067073822,1.3062025308609009
5500,mha_rope,456,5,1,0.06939707696437836,0.05898871272802353,1.3062025308609009
5500,mha_rope,456,5,2,0.05821482464671135,0.0727376714348793,1.3062025308609009
5500,mha_rope,456,5,3,0.04562337324023247,0.0503057986497879,1.3062025308609009
5500,mha_rope,456,5,4,0.09261413663625717,0.08671257644891739,1.3062025308609009
5500,mha_rope,456,5,5,0.034885864704847336,0.05382658541202545,1.3062025308609009
5500,mha_rope,456,5,6,0.027585754171013832,0.039588961750268936,1.3062025308609009
5500,mha_rope,456,5,7,0.0897446721792221,0.0750870481133461,1.3062025308609009
5500,mha_rope,456,5,8,0.044249776750802994,0.04199349135160446,1.3062025308609009
5500,mha_rope,456,5,9,0.05454070866107941,0.05982000380754471,1.3062025308609009
5500,mha_rope,456,5,10,0.0893765240907669,0.0929642915725708,1.3062025308609009
5500,mha_rope,456,5,11,0.05870778486132622,0.04884225130081177,1.3062025308609009
5500,mha_rope,456,5,12,0.07056549191474915,0.06739427149295807,1.3062025308609009
5500,mha_rope,456,5,13,0.08930745720863342,0.07748553901910782,1.3062025308609009
5500,mha_rope,456,5,14,0.04920155927538872,0.037596963346004486,1.3062025308609009
5500,mha_rope,456,5,15,0.06031738221645355,0.07276515662670135,1.3062025308609009
6000,mha_rope,456,1,0,0.056778665632009506,0.06179056689143181,2.4024758338928223
6000,mha_rope,456,1,1,0.06764557212591171,0.06958287209272385,2.4024758338928223
6000,mha_rope,456,1,2,0.07294687628746033,0.06910485029220581,2.4024758338928223
6000,mha_rope,456,1,3,0.08582458645105362,0.06833169609308243,2.4024758338928223
6000,mha_rope,456,1,4,0.04088836535811424,0.05985817685723305,2.4024758338928223
6000,mha_rope,456,1,5,0.06875833868980408,0.06059617921710014,2.4024758338928223
6000,mha_rope,456,1,6,0.046478271484375,0.054681092500686646,2.4024758338928223
6000,mha_rope,456,1,7,0.04357961192727089,0.058417536318302155,2.4024758338928223
6000,mha_rope,456,1,8,0.07735565304756165,0.07619240134954453,2.4024758338928223
6000,mha_rope,456,1,9,0.08148529380559921,0.06578298658132553,2.4024758338928223
6000,mha_rope,456,1,10,0.06955332309007645,0.05907759442925453,2.4024758338928223
6000,mha_rope,456,1,11,0.07477844506502151,0.07226381450891495,2.4024758338928223
6000,mha_rope,456,1,12,0.029284872114658356,0.04939071834087372,2.4024758338928223
6000,mha_rope,456,1,13,0.06250925362110138,0.05466132611036301,2.4024758338928223
6000,mha_rope,456,1,14,0.044928282499313354,0.052022721618413925,2.4024758338928223
6000,mha_rope,456,1,15,0.07720459252595901,0.068245530128479,2.4024758338928223
6000,mha_rope,456,2,0,0.04991556704044342,0.0518997460603714,1.6101491451263428
6000,mha_rope,456,2,1,0.06832733005285263,0.060925908386707306,1.6101491451263428
6000,mha_rope,456,2,2,0.06475138664245605,0.08053851127624512,1.6101491451263428
6000,mha_rope,456,2,3,0.06083892658352852,0.06132757291197777,1.6101491451263428
6000,mha_rope,456,2,4,0.0723399892449379,0.06628430634737015,1.6101491451263428
6000,mha_rope,456,2,5,0.055273640900850296,0.07423411309719086,1.6101491451263428
6000,mha_rope,456,2,6,0.06401092559099197,0.06553597003221512,1.6101491451263428
6000,mha_rope,456,2,7,0.06888183951377869,0.05845211073756218,1.6101491451263428
6000,mha_rope,456,2,8,0.047162678092718124,0.05871713161468506,1.6101491451263428
6000,mha_rope,456,2,9,0.05760670825839043,0.060367513447999954,1.6101491451263428
6000,mha_rope,456,2,10,0.06945373862981796,0.06625480204820633,1.6101491451263428
6000,mha_rope,456,2,11,0.08136169612407684,0.08655403554439545,1.6101491451263428
6000,mha_rope,456,2,12,0.06096049025654793,0.05547671020030975,1.6101491451263428
6000,mha_rope,456,2,13,0.06726684421300888,0.04767042025923729,1.6101491451263428
6000,mha_rope,456,2,14,0.0756644681096077,0.06521806865930557,1.6101491451263428
6000,mha_rope,456,2,15,0.03618377819657326,0.04054316133260727,1.6101491451263428
6000,mha_rope,456,3,0,0.04493113234639168,0.05386844649910927,1.4192423820495605
6000,mha_rope,456,3,1,0.060551758855581284,0.07275921106338501,1.4192423820495605
6000,mha_rope,456,3,2,0.06396148353815079,0.0505622960627079,1.4192423820495605
6000,mha_rope,456,3,3,0.0677502453327179,0.05825556442141533,1.4192423820495605
6000,mha_rope,456,3,4,0.0772114023566246,0.060396842658519745,1.4192423820495605
6000,mha_rope,456,3,5,0.07087178528308868,0.07970768958330154,1.4192423820495605
6000,mha_rope,456,3,6,0.04133616015315056,0.0415920652449131,1.4192423820495605
6000,mha_rope,456,3,7,0.05619008466601372,0.07189604640007019,1.4192423820495605
6000,mha_rope,456,3,8,0.08732747286558151,0.09860140830278397,1.4192423820495605
6000,mha_rope,456,3,9,0.04288777709007263,0.04101952910423279,1.4192423820495605
6000,mha_rope,456,3,10,0.06534383445978165,0.0651058554649353,1.4192423820495605
6000,mha_rope,456,3,11,0.08034128695726395,0.07044729590415955,1.4192423820495605
6000,mha_rope,456,3,12,0.0576210543513298,0.05600247532129288,1.4192423820495605
6000,mha_rope,456,3,13,0.07333546876907349,0.06860516220331192,1.4192423820495605
6000,mha_rope,456,3,14,0.053183797746896744,0.054748937487602234,1.4192423820495605
6000,mha_rope,456,3,15,0.05715525150299072,0.05643118545413017,1.4192423820495605
6000,mha_rope,456,4,0,0.06160583347082138,0.06715188175439835,1.2202545404434204
6000,mha_rope,456,4,1,0.0449676513671875,0.05729230120778084,1.2202545404434204
6000,mha_rope,456,4,2,0.06253458559513092,0.055090535432100296,1.2202545404434204
6000,mha_rope,456,4,3,0.04338063672184944,0.062489625066518784,1.2202545404434204
6000,mha_rope,456,4,4,0.09446919709444046,0.07567747682332993,1.2202545404434204
6000,mha_rope,456,4,5,0.07004262506961823,0.060623716562986374,1.2202545404434204
6000,mha_rope,456,4,6,0.07270222902297974,0.0916721299290657,1.2202545404434204
6000,mha_rope,456,4,7,0.05436767637729645,0.06092001125216484,1.2202545404434204
6000,mha_rope,456,4,8,0.05574137344956398,0.055195387452840805,1.2202545404434204
6000,mha_rope,456,4,9,0.05401112884283066,0.07320497184991837,1.2202545404434204
6000,mha_rope,456,4,10,0.04748036712408066,0.04813821613788605,1.2202545404434204
6000,mha_rope,456,4,11,0.06969024986028671,0.0635882094502449,1.2202545404434204
6000,mha_rope,456,4,12,0.07239034026861191,0.04499521106481552,1.2202545404434204
6000,mha_rope,456,4,13,0.04679728299379349,0.061129264533519745,1.2202545404434204
6000,mha_rope,456,4,14,0.0788249745965004,0.06283383071422577,1.2202545404434204
6000,mha_rope,456,4,15,0.07099385559558868,0.05999721586704254,1.2202545404434204
6000,mha_rope,456,5,0,0.06922536343336105,0.06904877722263336,1.2785544395446777
6000,mha_rope,456,5,1,0.06874582916498184,0.05782299116253853,1.2785544395446777
6000,mha_rope,456,5,2,0.06704935431480408,0.07831840217113495,1.2785544395446777
6000,mha_rope,456,5,3,0.05001413822174072,0.05523110181093216,1.2785544395446777
6000,mha_rope,456,5,4,0.08900980651378632,0.08171144127845764,1.2785544395446777
6000,mha_rope,456,5,5,0.034939881414175034,0.05497970059514046,1.2785544395446777
6000,mha_rope,456,5,6,0.029557494446635246,0.04038873314857483,1.2785544395446777
6000,mha_rope,456,5,7,0.08718404173851013,0.07357525825500488,1.2785544395446777
6000,mha_rope,456,5,8,0.043359071016311646,0.041143905371427536,1.2785544395446777
6000,mha_rope,456,5,9,0.05342559888958931,0.059640489518642426,1.2785544395446777
6000,mha_rope,456,5,10,0.09033691138029099,0.09678131341934204,1.2785544395446777
6000,mha_rope,456,5,11,0.05441752076148987,0.045187920331954956,1.2785544395446777
6000,mha_rope,456,5,12,0.06807129085063934,0.06342321634292603,1.2785544395446777
6000,mha_rope,456,5,13,0.0884309932589531,0.07783687859773636,1.2785544395446777
6000,mha_rope,456,5,14,0.04967000335454941,0.03635276481509209,1.2785544395446777
6000,mha_rope,456,5,15,0.05656270310282707,0.06855718791484833,1.2785544395446777
6500,mha_rope,456,1,0,0.05585266277194023,0.06291547417640686,2.3841254711151123
6500,mha_rope,456,1,1,0.07187134027481079,0.07178214192390442,2.3841254711151123
6500,mha_rope,456,1,2,0.06480936706066132,0.0668274536728859,2.3841254711151123
6500,mha_rope,456,1,3,0.07352671027183533,0.06683136522769928,2.3841254711151123
6500,mha_rope,456,1,4,0.05539225414395332,0.0640643760561943,2.3841254711151123
6500,mha_rope,456,1,5,0.056767068803310394,0.05635197460651398,2.3841254711151123
6500,mha_rope,456,1,6,0.04640309512615204,0.05553826689720154,2.3841254711151123
6500,mha_rope,456,1,7,0.07068522274494171,0.06446580588817596,2.3841254711151123
6500,mha_rope,456,1,8,0.06751444190740585,0.06997892260551453,2.3841254711151123
6500,mha_rope,456,1,9,0.07334116846323013,0.06137050688266754,2.3841254711151123
6500,mha_rope,456,1,10,0.06772888451814651,0.05823727324604988,2.3841254711151123
6500,mha_rope,456,1,11,0.050307516008615494,0.0637659952044487,2.3841254711151123
6500,mha_rope,456,1,12,0.05168518051505089,0.0603175051510334,2.3841254711151123
6500,mha_rope,456,1,13,0.06413228064775467,0.05446098372340202,2.3841254711151123
6500,mha_rope,456,1,14,0.05863383039832115,0.05763230100274086,2.3841254711151123
6500,mha_rope,456,1,15,0.07134898006916046,0.06545976549386978,2.3841254711151123
6500,mha_rope,456,2,0,0.049288634210824966,0.05179658159613609,1.6139768362045288
6500,mha_rope,456,2,1,0.06825266778469086,0.06207365170121193,1.6139768362045288
6500,mha_rope,456,2,2,0.06427215784788132,0.08020893484354019,1.6139768362045288
6500,mha_rope,456,2,3,0.0562865175306797,0.055393073707818985,1.6139768362045288
6500,mha_rope,456,2,4,0.08204335719347,0.07542447745800018,1.6139768362045288
6500,mha_rope,456,2,5,0.0541267916560173,0.0745643749833107,1.6139768362045288
6500,mha_rope,456,2,6,0.0644817128777504,0.06393354386091232,1.6139768362045288
6500,mha_rope,456,2,7,0.06591257452964783,0.05595722049474716,1.6139768362045288
6500,mha_rope,456,2,8,0.04518788680434227,0.05574656277894974,1.6139768362045288
6500,mha_rope,456,2,9,0.05428822711110115,0.05893803760409355,1.6139768362045288
6500,mha_rope,456,2,10,0.06613464653491974,0.06635686010122299,1.6139768362045288
6500,mha_rope,456,2,11,0.07544413208961487,0.08210710436105728,1.6139768362045288
6500,mha_rope,456,2,12,0.058304645121097565,0.05336931720376015,1.6139768362045288
6500,mha_rope,456,2,13,0.07746002078056335,0.05235316604375839,1.6139768362045288
6500,mha_rope,456,2,14,0.07910807430744171,0.06760642677545547,1.6139768362045288
6500,mha_rope,456,2,15,0.03940795734524727,0.04417061060667038,1.6139768362045288
6500,mha_rope,456,3,0,0.04175883159041405,0.04991745576262474,1.4196254014968872
6500,mha_rope,456,3,1,0.05950724333524704,0.07024689018726349,1.4196254014968872
6500,mha_rope,456,3,2,0.07205698639154434,0.055469054728746414,1.4196254014968872
6500,mha_rope,456,3,3,0.06819203495979309,0.05717091262340546,1.4196254014968872
6500,mha_rope,456,3,4,0.07862386107444763,0.06163361296057701,1.4196254014968872
6500,mha_rope,456,3,5,0.07257334142923355,0.08087928593158722,1.4196254014968872
6500,mha_rope,456,3,6,0.041929829865694046,0.04316014423966408,1.4196254014968872
6500,mha_rope,456,3,7,0.05509582534432411,0.07179655134677887,1.4196254014968872
6500,mha_rope,456,3,8,0.08476552367210388,0.09673896431922913,1.4196254014968872
6500,mha_rope,456,3,9,0.04398030415177345,0.04275597631931305,1.4196254014968872
6500,mha_rope,456,3,10,0.06335022300481796,0.0640806257724762,1.4196254014968872
6500,mha_rope,456,3,11,0.07742787897586823,0.06773153692483902,1.4196254014968872
6500,mha_rope,456,3,12,0.05910898745059967,0.05767505615949631,1.4196254014968872
6500,mha_rope,456,3,13,0.07054168730974197,0.067301906645298,1.4196254014968872
6500,mha_rope,456,3,14,0.054612018167972565,0.056042417883872986,1.4196254014968872
6500,mha_rope,456,3,15,0.05647542327642441,0.057399578392505646,1.4196254014968872
6500,mha_rope,456,4,0,0.06139872223138809,0.06696800142526627,1.2399423122406006
6500,mha_rope,456,4,1,0.044195860624313354,0.05594026669859886,1.2399423122406006
6500,mha_rope,456,4,2,0.06339650601148605,0.056025926023721695,1.2399423122406006
6500,mha_rope,456,4,3,0.046656493097543716,0.06511799991130829,1.2399423122406006
6500,mha_rope,456,4,4,0.09944295138120651,0.07907891273498535,1.2399423122406006
6500,mha_rope,456,4,5,0.06811849027872086,0.05954570695757866,1.2399423122406006
6500,mha_rope,456,4,6,0.07202290743589401,0.08925368636846542,1.2399423122406006
6500,mha_rope,456,4,7,0.057920023798942566,0.06505513191223145,1.2399423122406006
6500,mha_rope,456,4,8,0.056820984929800034,0.05465640500187874,1.2399423122406006
6500,mha_rope,456,4,9,0.052770793437957764,0.07196860015392303,1.2399423122406006
6500,mha_rope,456,4,10,0.045472513884305954,0.04721793904900551,1.2399423122406006
6500,mha_rope,456,4,11,0.07127319276332855,0.06568394601345062,1.2399423122406006
6500,mha_rope,456,4,12,0.06933339685201645,0.04467710107564926,1.2399423122406006
6500,mha_rope,456,4,13,0.047094523906707764,0.06044554337859154,1.2399423122406006
6500,mha_rope,456,4,14,0.07304657250642776,0.05861598253250122,1.2399423122406006
6500,mha_rope,456,4,15,0.07103607058525085,0.059748876839876175,1.2399423122406006
6500,mha_rope,456,5,0,0.0715910866856575,0.06981390714645386,1.2853058576583862
6500,mha_rope,456,5,1,0.0720379650592804,0.0632830411195755,1.2853058576583862
6500,mha_rope,456,5,2,0.05787546932697296,0.07218164205551147,1.2853058576583862
6500,mha_rope,456,5,3,0.051008909940719604,0.053940583020448685,1.2853058576583862
6500,mha_rope,456,5,4,0.09042154997587204,0.08311436325311661,1.2853058576583862
6500,mha_rope,456,5,5,0.03367329761385918,0.05293983593583107,1.2853058576583862
6500,mha_rope,456,5,6,0.029241740703582764,0.041195131838321686,1.2853058576583862
6500,mha_rope,456,5,7,0.0909227505326271,0.07392096519470215,1.2853058576583862
6500,mha_rope,456,5,8,0.04431955888867378,0.04240984469652176,1.2853058576583862
6500,mha_rope,456,5,9,0.05706125870347023,0.06324484199285507,1.2853058576583862
6500,mha_rope,456,5,10,0.08877594023942947,0.09404869377613068,1.2853058576583862
6500,mha_rope,456,5,11,0.05334848910570145,0.04603024944663048,1.2853058576583862
6500,mha_rope,456,5,12,0.06662089377641678,0.0629766434431076,1.2853058576583862
6500,mha_rope,456,5,13,0.09001139551401138,0.07805116474628448,1.2853058576583862
6500,mha_rope,456,5,14,0.04777486249804497,0.03451688215136528,1.2853058576583862
6500,mha_rope,456,5,15,0.055314838886260986,0.0683322325348854,1.2853058576583862
7000,mha_rope,456,1,0,0.06131561100482941,0.062169238924980164,2.365041971206665
7000,mha_rope,456,1,1,0.06659617274999619,0.06999548524618149,2.365041971206665
7000,mha_rope,456,1,2,0.058171793818473816,0.0647033080458641,2.365041971206665
7000,mha_rope,456,1,3,0.07422170042991638,0.06612802296876907,2.365041971206665
7000,mha_rope,456,1,4,0.06685516238212585,0.06756021082401276,2.365041971206665
7000,mha_rope,456,1,5,0.059037066996097565,0.05805705487728119,2.365041971206665
7000,mha_rope,456,1,6,0.05634704604744911,0.05745096132159233,2.365041971206665
7000,mha_rope,456,1,7,0.046453654766082764,0.059085190296173096,2.365041971206665
7000,mha_rope,456,1,8,0.06794463843107224,0.06852186471223831,2.365041971206665
7000,mha_rope,456,1,9,0.07207489013671875,0.06168041378259659,2.365041971206665
7000,mha_rope,456,1,10,0.06940104067325592,0.05919600650668144,2.365041971206665
7000,mha_rope,456,1,11,0.05409291759133339,0.06664326041936874,2.365041971206665
7000,mha_rope,456,1,12,0.043488260358572006,0.05737661197781563,2.365041971206665
7000,mha_rope,456,1,13,0.06826884299516678,0.05674394592642784,2.365041971206665
7000,mha_rope,456,1,14,0.06621063500642776,0.059527136385440826,2.365041971206665
7000,mha_rope,456,1,15,0.06952057033777237,0.06516115367412567,2.365041971206665
7000,mha_rope,456,2,0,0.0546499639749527,0.05453453212976456,1.6110671758651733
7000,mha_rope,456,2,1,0.06634653359651566,0.0596030093729496,1.6110671758651733
7000,mha_rope,456,2,2,0.05705973133444786,0.07443579286336899,1.6110671758651733
7000,mha_rope,456,2,3,0.0611642450094223,0.06083045154809952,1.6110671758651733
7000,mha_rope,456,2,4,0.08057790249586105,0.07322319597005844,1.6110671758651733
7000,mha_rope,456,2,5,0.051703594624996185,0.07031212747097015,1.6110671758651733
7000,mha_rope,456,2,6,0.06434173882007599,0.06460539251565933,1.6110671758651733
7000,mha_rope,456,2,7,0.0641346201300621,0.054651375859975815,1.6110671758651733
7000,mha_rope,456,2,8,0.04673472046852112,0.05797140300273895,1.6110671758651733
7000,mha_rope,456,2,9,0.05304809659719467,0.05835232511162758,1.6110671758651733
7000,mha_rope,456,2,10,0.07594390958547592,0.06974735856056213,1.6110671758651733
7000,mha_rope,456,2,11,0.08098409324884415,0.08749349415302277,1.6110671758651733
7000,mha_rope,456,2,12,0.05402221530675888,0.05097363144159317,1.6110671758651733
7000,mha_rope,456,2,13,0.07193684577941895,0.05182325467467308,1.6110671758651733
7000,mha_rope,456,2,14,0.07571675628423691,0.0662296786904335,1.6110671758651733
7000,mha_rope,456,2,15,0.04163502901792526,0.045213017612695694,1.6110671758651733
7000,mha_rope,456,3,0,0.04567983001470566,0.05344051867723465,1.4280608892440796
7000,mha_rope,456,3,1,0.058788757771253586,0.06967274099588394,1.4280608892440796
7000,mha_rope,456,3,2,0.0737839788198471,0.055447056889534,1.4280608892440796
7000,mha_rope,456,3,3,0.0649426281452179,0.054472096264362335,1.4280608892440796
7000,mha_rope,456,3,4,0.08264028280973434,0.06681852042675018,1.4280608892440796
7000,mha_rope,456,3,5,0.0712999477982521,0.07987762242555618,1.4280608892440796
7000,mha_rope,456,3,6,0.04247172176837921,0.04326288774609566,1.4280608892440796
7000,mha_rope,456,3,7,0.05371663346886635,0.06968292593955994,1.4280608892440796
7000,mha_rope,456,3,8,0.08405670523643494,0.09552440792322159,1.4280608892440796
7000,mha_rope,456,3,9,0.043122660368680954,0.04317646846175194,1.4280608892440796
7000,mha_rope,456,3,10,0.06412018090486526,0.06356663256883621,1.4280608892440796
7000,mha_rope,456,3,11,0.07736999541521072,0.06883610039949417,1.4280608892440796
7000,mha_rope,456,3,12,0.059665221720933914,0.058845970779657364,1.4280608892440796
7000,mha_rope,456,3,13,0.06907938420772552,0.06567411124706268,1.4280608892440796
7000,mha_rope,456,3,14,0.0534852109849453,0.05500645190477371,1.4280608892440796
7000,mha_rope,456,3,15,0.05577687546610832,0.05669534206390381,1.4280608892440796
7000,mha_rope,456,4,0,0.060790203511714935,0.06579770147800446,1.2347373962402344
7000,mha_rope,456,4,1,0.0439872220158577,0.0555095300078392,1.2347373962402344
7000,mha_rope,456,4,2,0.060202330350875854,0.05389437824487686,1.2347373962402344
7000,mha_rope,456,4,3,0.04336262866854668,0.0623125396668911,1.2347373962402344
7000,mha_rope,456,4,4,0.1040758267045021,0.08386640250682831,1.2347373962402344
7000,mha_rope,456,4,5,0.0696888193488121,0.061065673828125,1.2347373962402344
7000,mha_rope,456,4,6,0.07102590054273605,0.08953399211168289,1.2347373962402344
7000,mha_rope,456,4,7,0.055304769426584244,0.06218084320425987,1.2347373962402344
7000,mha_rope,456,4,8,0.06346852332353592,0.06115618348121643,1.2347373962402344
7000,mha_rope,456,4,9,0.053517457097768784,0.07210644334554672,1.2347373962402344
7000,mha_rope,456,4,10,0.045239564031362534,0.04646828770637512,1.2347373962402344
7000,mha_rope,456,4,11,0.07082753628492355,0.06453016400337219,1.2347373962402344
7000,mha_rope,456,4,12,0.06314574927091599,0.038917943835258484,1.2347373962402344
7000,mha_rope,456,4,13,0.04861104488372803,0.06129131838679314,1.2347373962402344
7000,mha_rope,456,4,14,0.07677693665027618,0.06147684156894684,1.2347373962402344
7000,mha_rope,456,4,15,0.06997548788785934,0.05989186093211174,1.2347373962402344
7000,mha_rope,456,5,0,0.06991750001907349,0.06797397881746292,1.278245210647583
7000,mha_rope,456,5,1,0.06777862459421158,0.057814501225948334,1.278245210647583
7000,mha_rope,456,5,2,0.0608082078397274,0.07419724762439728,1.278245210647583
7000,mha_rope,456,5,3,0.049339599907398224,0.05385356396436691,1.278245210647583
7000,mha_rope,456,5,4,0.09467427432537079,0.08866479247808456,1.278245210647583
7000,mha_rope,456,5,5,0.033034466207027435,0.05266058072447777,1.278245210647583
7000,mha_rope,456,5,6,0.028500976040959358,0.03931281715631485,1.278245210647583
7000,mha_rope,456,5,7,0.09049753844738007,0.07649993896484375,1.278245210647583
7000,mha_rope,456,5,8,0.045594483613967896,0.04240483045578003,1.278245210647583
7000,mha_rope,456,5,9,0.0544777438044548,0.06064425781369209,1.278245210647583
7000,mha_rope,456,5,10,0.08982503414154053,0.09484300017356873,1.278245210647583
7000,mha_rope,456,5,11,0.05495717376470566,0.04740019887685776,1.278245210647583
7000,mha_rope,456,5,12,0.0677846297621727,0.061452485620975494,1.278245210647583
7000,mha_rope,456,5,13,0.09208740293979645,0.08023576438426971,1.278245210647583
7000,mha_rope,456,5,14,0.044928792864084244,0.03278291970491409,1.278245210647583
7000,mha_rope,456,5,15,0.055793557316064835,0.06925909966230392,1.278245210647583
7500,mha_rope,456,1,0,0.04304758831858635,0.0581393763422966,2.3422248363494873
7500,mha_rope,456,1,1,0.062412720173597336,0.06874255836009979,2.3422248363494873
7500,mha_rope,456,1,2,0.06950601935386658,0.0691315233707428,2.3422248363494873
7500,mha_rope,456,1,3,0.06755492836236954,0.06223003938794136,2.3422248363494873
7500,mha_rope,456,1,4,0.057537537068128586,0.06319385766983032,2.3422248363494873
7500,mha_rope,456,1,5,0.06013793870806694,0.05766373872756958,2.3422248363494873
7500,mha_rope,456,1,6,0.03932769596576691,0.05182556062936783,2.3422248363494873
7500,mha_rope,456,1,7,0.054196879267692566,0.0588490292429924,2.3422248363494873
7500,mha_rope,456,1,8,0.07061737030744553,0.07198549807071686,2.3422248363494873
7500,mha_rope,456,1,9,0.07766540348529816,0.06580493599176407,2.3422248363494873
7500,mha_rope,456,1,10,0.06753265112638474,0.0585528165102005,2.3422248363494873
7500,mha_rope,456,1,11,0.05868520215153694,0.06613681465387344,2.3422248363494873
7500,mha_rope,456,1,12,0.05401601269841194,0.0583282932639122,2.3422248363494873
7500,mha_rope,456,1,13,0.0688616931438446,0.05702480301260948,2.3422248363494873
7500,mha_rope,456,1,14,0.07070404291152954,0.058758143335580826,2.3422248363494873
7500,mha_rope,456,1,15,0.07819630950689316,0.07363302260637283,2.3422248363494873
7500,mha_rope,456,2,0,0.05262909084558487,0.05209042876958847,1.5906590223312378
7500,mha_rope,456,2,1,0.06814677268266678,0.062127165496349335,1.5906590223312378
7500,mha_rope,456,2,2,0.056536152958869934,0.07485184073448181,1.5906590223312378
7500,mha_rope,456,2,3,0.059916991740465164,0.05912905931472778,1.5906590223312378
7500,mha_rope,456,2,4,0.0762844830751419,0.06991349160671234,1.5906590223312378
7500,mha_rope,456,2,5,0.05009918287396431,0.07026813179254532,1.5906590223312378
7500,mha_rope,456,2,6,0.0645674616098404,0.06499162316322327,1.5906590223312378
7500,mha_rope,456,2,7,0.0684126764535904,0.056951288133859634,1.5906590223312378
7500,mha_rope,456,2,8,0.04537394270300865,0.05773712322115898,1.5906590223312378
7500,mha_rope,456,2,9,0.05264861881732941,0.05994749069213867,1.5906590223312378
7500,mha_rope,456,2,10,0.07410207390785217,0.0700368583202362,1.5906590223312378
7500,mha_rope,456,2,11,0.08062612265348434,0.0860191136598587,1.5906590223312378
7500,mha_rope,456,2,12,0.0634663924574852,0.057887349277734756,1.5906590223312378
7500,mha_rope,456,2,13,0.07128448784351349,0.04936504736542702,1.5906590223312378
7500,mha_rope,456,2,14,0.07472625374794006,0.06469479948282242,1.5906590223312378
7500,mha_rope,456,2,15,0.04117929935455322,0.04398912563920021,1.5906590223312378
7500,mha_rope,456,3,0,0.04411132633686066,0.052793458104133606,1.4001680612564087
7500,mha_rope,456,3,1,0.059208475053310394,0.07062945514917374,1.4001680612564087
7500,mha_rope,456,3,2,0.07394907623529434,0.05750836804509163,1.4001680612564087
7500,mha_rope,456,3,3,0.06722554564476013,0.056243933737277985,1.4001680612564087
7500,mha_rope,456,3,4,0.07980000972747803,0.06301524490118027,1.4001680612564087
7500,mha_rope,456,3,5,0.07103220373392105,0.07597114890813828,1.4001680612564087
7500,mha_rope,456,3,6,0.041592203080654144,0.0420319139957428,1.4001680612564087
7500,mha_rope,456,3,7,0.0553181953728199,0.07333128899335861,1.4001680612564087
7500,mha_rope,456,3,8,0.08641977608203888,0.09697797894477844,1.4001680612564087
7500,mha_rope,456,3,9,0.04411417618393898,0.04352516680955887,1.4001680612564087
7500,mha_rope,456,3,10,0.06509775668382645,0.06477893888950348,1.4001680612564087
7500,mha_rope,456,3,11,0.0753842145204544,0.06837328523397446,1.4001680612564087
7500,mha_rope,456,3,12,0.058127544820308685,0.05714448168873787,1.4001680612564087
7500,mha_rope,456,3,13,0.06819213926792145,0.06409107893705368,1.4001680612564087
7500,mha_rope,456,3,14,0.055272724479436874,0.057047177106142044,1.4001680612564087
7500,mha_rope,456,3,15,0.055154621601104736,0.05653711408376694,1.4001680612564087
7500,mha_rope,456,4,0,0.060353901237249374,0.06515907496213913,1.2219558954238892
7500,mha_rope,456,4,1,0.04257161542773247,0.05449982360005379,1.2219558954238892
7500,mha_rope,456,4,2,0.061735738068819046,0.05475044995546341,1.2219558954238892
7500,mha_rope,456,4,3,0.04293406009674072,0.06195284053683281,1.2219558954238892
7500,mha_rope,456,4,4,0.10029683262109756,0.0810873880982399,1.2219558954238892
7500,mha_rope,456,4,5,0.07068613916635513,0.06294668465852737,1.2219558954238892
7500,mha_rope,456,4,6,0.07296997308731079,0.0913260206580162,1.2219558954238892
7500,mha_rope,456,4,7,0.055866699665784836,0.06473632156848907,1.2219558954238892
7500,mha_rope,456,4,8,0.055704448372125626,0.05515042692422867,1.2219558954238892
7500,mha_rope,456,4,9,0.05372050032019615,0.07252602279186249,1.2219558954238892
7500,mha_rope,456,4,10,0.0452117919921875,0.046847037971019745,1.2219558954238892
7500,mha_rope,456,4,11,0.072979636490345,0.0667543038725853,1.2219558954238892
7500,mha_rope,456,4,12,0.06968149542808533,0.042979057878255844,1.2219558954238892
7500,mha_rope,456,4,13,0.04707122966647148,0.058481648564338684,1.2219558954238892
7500,mha_rope,456,4,14,0.07647379487752914,0.06079704314470291,1.2219558954238892
7500,mha_rope,456,4,15,0.07174214720726013,0.06000601500272751,1.2219558954238892
7500,mha_rope,456,5,0,0.06603962928056717,0.06605784595012665,1.280959129333496
7500,mha_rope,456,5,1,0.07145518064498901,0.06078072264790535,1.280959129333496
7500,mha_rope,456,5,2,0.059430643916130066,0.07397673279047012,1.280959129333496
7500,mha_rope,456,5,3,0.049877725541591644,0.05442351475358009,1.280959129333496
7500,mha_rope,456,5,4,0.09075795859098434,0.08382575958967209,1.280959129333496
7500,mha_rope,456,5,5,0.03362630307674408,0.052968572825193405,1.280959129333496
7500,mha_rope,456,5,6,0.0287303663790226,0.04003867506980896,1.280959129333496
7500,mha_rope,456,5,7,0.09388112276792526,0.07879067212343216,1.280959129333496
7500,mha_rope,456,5,8,0.04611663892865181,0.043406758457422256,1.280959129333496
7500,mha_rope,456,5,9,0.054754436016082764,0.06058323010802269,1.280959129333496
7500,mha_rope,456,5,10,0.09367971122264862,0.09832216799259186,1.280959129333496
7500,mha_rope,456,5,11,0.054715778678655624,0.04720441251993179,1.280959129333496
7500,mha_rope,456,5,12,0.06419219821691513,0.05879776179790497,1.280959129333496
7500,mha_rope,456,5,13,0.09281443059444427,0.08109750598669052,1.280959129333496
7500,mha_rope,456,5,14,0.04490569978952408,0.031857725232839584,1.280959129333496
7500,mha_rope,456,5,15,0.05502217635512352,0.06786792725324631,1.280959129333496
8000,mha_rope,456,1,0,0.03601888194680214,0.057442549616098404,2.3188788890838623
8000,mha_rope,456,1,1,0.06674977391958237,0.06959806382656097,2.3188788890838623
8000,mha_rope,456,1,2,0.06267954409122467,0.06655916571617126,2.3188788890838623
8000,mha_rope,456,1,3,0.08123250305652618,0.06780021637678146,2.3188788890838623
8000,mha_rope,456,1,4,0.05694570019841194,0.06266262382268906,2.3188788890838623
8000,mha_rope,456,1,5,0.060048725455999374,0.05778101459145546,2.3188788890838623
8000,mha_rope,456,1,6,0.05094533413648605,0.053292416036129,2.3188788890838623
8000,mha_rope,456,1,7,0.04758443310856819,0.0564524382352829,2.3188788890838623
8000,mha_rope,456,1,8,0.06895599514245987,0.07274424284696579,2.3188788890838623
8000,mha_rope,456,1,9,0.07298167049884796,0.06206374987959862,2.3188788890838623
8000,mha_rope,456,1,10,0.07883697748184204,0.06591761857271194,2.3188788890838623
8000,mha_rope,456,1,11,0.053890787065029144,0.06525992602109909,2.3188788890838623
8000,mha_rope,456,1,12,0.05478312075138092,0.05918484553694725,2.3188788890838623
8000,mha_rope,456,1,13,0.06493764370679855,0.05557527020573616,2.3188788890838623
8000,mha_rope,456,1,14,0.06982330232858658,0.05928565934300423,2.3188788890838623
8000,mha_rope,456,1,15,0.0735856145620346,0.0683802142739296,2.3188788890838623
8000,mha_rope,456,2,0,0.05289449170231819,0.05277961865067482,1.5963886976242065
8000,mha_rope,456,2,1,0.06642720848321915,0.06116456165909767,1.5963886976242065
8000,mha_rope,456,2,2,0.06206919252872467,0.0768992155790329,1.5963886976242065
8000,mha_rope,456,2,3,0.05869394913315773,0.058674946427345276,1.5963886976242065
8000,mha_rope,456,2,4,0.07240478694438934,0.0664411410689354,1.5963886976242065
8000,mha_rope,456,2,5,0.05317474529147148,0.07377749681472778,1.5963886976242065
8000,mha_rope,456,2,6,0.0640641301870346,0.06487365067005157,1.5963886976242065
8000,mha_rope,456,2,7,0.07085306942462921,0.05913325026631355,1.5963886976242065
8000,mha_rope,456,2,8,0.04680165648460388,0.05874296650290489,1.5963886976242065
8000,mha_rope,456,2,9,0.05040527507662773,0.05813923478126526,1.5963886976242065
8000,mha_rope,456,2,10,0.06470631808042526,0.06677240133285522,1.5963886976242065
8000,mha_rope,456,2,11,0.07887247949838638,0.08330690115690231,1.5963886976242065
8000,mha_rope,456,2,12,0.06262257695198059,0.05767571181058884,1.5963886976242065
8000,mha_rope,456,2,13,0.07544850558042526,0.05100660398602486,1.5963886976242065
8000,mha_rope,456,2,14,0.07825236022472382,0.06594200432300568,1.5963886976242065
8000,mha_rope,456,2,15,0.042309265583753586,0.0446702241897583,1.5963886976242065
8000,mha_rope,456,3,0,0.04306020215153694,0.051547519862651825,1.3991607427597046
8000,mha_rope,456,3,1,0.058766987174749374,0.0700661689043045,1.3991607427597046
8000,mha_rope,456,3,2,0.06921050697565079,0.05370861664414406,1.3991607427597046
8000,mha_rope,456,3,3,0.06806965917348862,0.05805826932191849,1.3991607427597046
8000,mha_rope,456,3,4,0.08022379875183105,0.06346746534109116,1.3991607427597046
8000,mha_rope,456,3,5,0.07165975123643875,0.07835322618484497,1.3991607427597046
8000,mha_rope,456,3,6,0.04196614399552345,0.04316220059990883,1.3991607427597046
8000,mha_rope,456,3,7,0.055068258196115494,0.07297453284263611,1.3991607427597046
8000,mha_rope,456,3,8,0.08586079627275467,0.09850344806909561,1.3991607427597046
8000,mha_rope,456,3,9,0.043323975056409836,0.04164360091090202,1.3991607427597046
8000,mha_rope,456,3,10,0.06521840393543243,0.06507454067468643,1.3991607427597046
8000,mha_rope,456,3,11,0.07522338628768921,0.0660155639052391,1.3991607427597046
8000,mha_rope,456,3,12,0.05719594284892082,0.055957406759262085,1.3991607427597046
8000,mha_rope,456,3,13,0.07350392639636993,0.06882299482822418,1.3991607427597046
8000,mha_rope,456,3,14,0.05204061046242714,0.05412527173757553,1.3991607427597046
8000,mha_rope,456,3,15,0.059607647359371185,0.058519091457128525,1.3991607427597046
8000,mha_rope,456,4,0,0.05957082286477089,0.06425356864929199,1.2359699010849
8000,mha_rope,456,4,1,0.045948486775159836,0.057667266577482224,1.2359699010849
8000,mha_rope,456,4,2,0.06064137816429138,0.05406380444765091,1.2359699010849
8000,mha_rope,456,4,3,0.04395080730319023,0.06302358955144882,1.2359699010849
8000,mha_rope,456,4,4,0.10166951268911362,0.08219093084335327,1.2359699010849
8000,mha_rope,456,4,5,0.06811075657606125,0.060772813856601715,1.2359699010849
8000,mha_rope,456,4,6,0.07292429357767105,0.09216759353876114,1.2359699010849
8000,mha_rope,456,4,7,0.05662373825907707,0.06337625533342361,1.2359699010849
8000,mha_rope,456,4,8,0.05830800533294678,0.05609621852636337,1.2359699010849
8000,mha_rope,456,4,9,0.052699584513902664,0.07164765894412994,1.2359699010849
8000,mha_rope,456,4,10,0.04758463427424431,0.04920671507716179,1.2359699010849
8000,mha_rope,456,4,11,0.06602844595909119,0.05914932116866112,1.2359699010849
8000,mha_rope,456,4,12,0.06807240843772888,0.042610086500644684,1.2359699010849
8000,mha_rope,456,4,13,0.04745747894048691,0.06000365689396858,1.2359699010849
8000,mha_rope,456,4,14,0.07638071477413177,0.060994282364845276,1.2359699010849
8000,mha_rope,456,4,15,0.07402893155813217,0.06277615576982498,1.2359699010849
8000,mha_rope,456,5,0,0.07069864869117737,0.07028746604919434,1.2801289558410645
8000,mha_rope,456,5,1,0.06993418186903,0.05932512879371643,1.2801289558410645
8000,mha_rope,456,5,2,0.056319985538721085,0.07124657928943634,1.2801289558410645
8000,mha_rope,456,5,3,0.04991434887051582,0.05319768190383911,1.2801289558410645
8000,mha_rope,456,5,4,0.0953114852309227,0.08891987055540085,1.2801289558410645
8000,mha_rope,456,5,5,0.03188903629779816,0.05146154388785362,1.2801289558410645
8000,mha_rope,456,5,6,0.029238790273666382,0.04104350879788399,1.2801289558410645
8000,mha_rope,456,5,7,0.09085266292095184,0.07738779485225677,1.2801289558410645
8000,mha_rope,456,5,8,0.04428110644221306,0.04125431552529335,1.2801289558410645
8000,mha_rope,456,5,9,0.05664367601275444,0.06240999698638916,1.2801289558410645
8000,mha_rope,456,5,10,0.0920347049832344,0.09607600420713425,1.2801289558410645
8000,mha_rope,456,5,11,0.0572611503303051,0.04987720400094986,1.2801289558410645
8000,mha_rope,456,5,12,0.06865967065095901,0.06090152636170387,1.2801289558410645
8000,mha_rope,456,5,13,0.0887901782989502,0.07687490433454514,1.2801289558410645
8000,mha_rope,456,5,14,0.04385945573449135,0.03258926048874855,1.2801289558410645
8000,mha_rope,456,5,15,0.054310914129018784,0.06714726984500885,1.2801289558410645
8500,mha_rope,456,1,0,0.04965260997414589,0.05968025326728821,2.307582378387451
8500,mha_rope,456,1,1,0.06953216344118118,0.0714830607175827,2.307582378387451
8500,mha_rope,456,1,2,0.06720051914453506,0.0686325803399086,2.307582378387451
8500,mha_rope,456,1,3,0.07121622562408447,0.06611105054616928,2.307582378387451
8500,mha_rope,456,1,4,0.05820861831307411,0.0620749294757843,2.307582378387451
8500,mha_rope,456,1,5,0.06187479570508003,0.05864110216498375,2.307582378387451
8500,mha_rope,456,1,6,0.041910503059625626,0.05216521769762039,2.307582378387451
8500,mha_rope,456,1,7,0.04250182956457138,0.05504262447357178,2.307582378387451
8500,mha_rope,456,1,8,0.0686563104391098,0.07125621289014816,2.307582378387451
8500,mha_rope,456,1,9,0.07014058530330658,0.062479712069034576,2.307582378387451
8500,mha_rope,456,1,10,0.0728529840707779,0.061878662556409836,2.307582378387451
8500,mha_rope,456,1,11,0.07347605377435684,0.0728117972612381,2.307582378387451
8500,mha_rope,456,1,12,0.06441996246576309,0.060718510299921036,2.307582378387451
8500,mha_rope,456,1,13,0.06123209744691849,0.054033368825912476,2.307582378387451
8500,mha_rope,456,1,14,0.053016968071460724,0.05249641090631485,2.307582378387451
8500,mha_rope,456,1,15,0.07410776615142822,0.07049454748630524,2.307582378387451
8500,mha_rope,456,2,0,0.04313110187649727,0.047517888247966766,1.576646327972412
8500,mha_rope,456,2,1,0.06539683043956757,0.05889386311173439,1.576646327972412
8500,mha_rope,456,2,2,0.06397603452205658,0.07799244672060013,1.576646327972412
8500,mha_rope,456,2,3,0.05891764163970947,0.05906340107321739,1.576646327972412
8500,mha_rope,456,2,4,0.08276642113924026,0.07482905685901642,1.576646327972412
8500,mha_rope,456,2,5,0.05206044390797615,0.07182635366916656,1.576646327972412
8500,mha_rope,456,2,6,0.06477518379688263,0.06570818275213242,1.576646327972412
8500,mha_rope,456,2,7,0.06632547825574875,0.05610750988125801,1.576646327972412
8500,mha_rope,456,2,8,0.05155599117279053,0.06100030243396759,1.576646327972412
8500,mha_rope,456,2,9,0.055624186992645264,0.06245512515306473,1.576646327972412
8500,mha_rope,456,2,10,0.06425771117210388,0.06496382504701614,1.576646327972412
8500,mha_rope,456,2,11,0.07681965827941895,0.08271510154008865,1.576646327972412
8500,mha_rope,456,2,12,0.06045328825712204,0.05511907488107681,1.576646327972412
8500,mha_rope,456,2,13,0.07468058168888092,0.049490395933389664,1.576646327972412
8500,mha_rope,456,2,14,0.07871653139591217,0.06970949470996857,1.576646327972412
8500,mha_rope,456,2,15,0.040542908012866974,0.04260798171162605,1.576646327972412
8500,mha_rope,456,3,0,0.04254150390625,0.05161047354340553,1.400064468383789
8500,mha_rope,456,3,1,0.05688659846782684,0.06772685050964355,1.400064468383789
8500,mha_rope,456,3,2,0.07508880645036697,0.05755741894245148,1.400064468383789
8500,mha_rope,456,3,3,0.0659135952591896,0.05541399493813515,1.400064468383789
8500,mha_rope,456,3,4,0.08071665465831757,0.06436359137296677,1.400064468383789
8500,mha_rope,456,3,5,0.07146158814430237,0.07789056748151779,1.400064468383789
8500,mha_rope,456,3,6,0.04473978653550148,0.04573396220803261,1.400064468383789
8500,mha_rope,456,3,7,0.05523976683616638,0.0733180046081543,1.400064468383789
8500,mha_rope,456,3,8,0.08457539975643158,0.09528049826622009,1.400064468383789
8500,mha_rope,456,3,9,0.04009440168738365,0.04043055698275566,1.400064468383789
8500,mha_rope,456,3,10,0.06347371637821198,0.06355828791856766,1.400064468383789
8500,mha_rope,456,3,11,0.07429046928882599,0.0660323053598404,1.400064468383789
8500,mha_rope,456,3,12,0.0589517205953598,0.05828297138214111,1.400064468383789
8500,mha_rope,456,3,13,0.07314229011535645,0.06796768307685852,1.400064468383789
8500,mha_rope,456,3,14,0.05645345151424408,0.057392191141843796,1.400064468383789
8500,mha_rope,456,3,15,0.056430257856845856,0.05744042247533798,1.400064468383789
8500,mha_rope,456,4,0,0.05866149812936783,0.06434490531682968,1.225563883781433
8500,mha_rope,456,4,1,0.04375742748379707,0.055491674691438675,1.225563883781433
8500,mha_rope,456,4,2,0.059798482805490494,0.053477294743061066,1.225563883781433
8500,mha_rope,456,4,3,0.04582885652780533,0.06594810634851456,1.225563883781433
8500,mha_rope,456,4,4,0.0996456891298294,0.07832490652799606,1.225563883781433
8500,mha_rope,456,4,5,0.0703895092010498,0.06305354088544846,1.225563883781433
8500,mha_rope,456,4,6,0.07413370907306671,0.09299728274345398,1.225563883781433
8500,mha_rope,456,4,7,0.05147939175367355,0.06036890670657158,1.225563883781433
8500,mha_rope,456,4,8,0.056266989558935165,0.054273009300231934,1.225563883781433
8500,mha_rope,456,4,9,0.052747905254364014,0.07173886895179749,1.225563883781433
8500,mha_rope,456,4,10,0.04503539949655533,0.04622536525130272,1.225563883781433
8500,mha_rope,456,4,11,0.07075449824333191,0.06487812846899033,1.225563883781433
8500,mha_rope,456,4,12,0.07004007697105408,0.04232792928814888,1.225563883781433
8500,mha_rope,456,4,13,0.04709737002849579,0.06032279506325722,1.225563883781433
8500,mha_rope,456,4,14,0.08322184532880783,0.06568504869937897,1.225563883781433
8500,mha_rope,456,4,15,0.07114135473966599,0.06054220721125603,1.225563883781433
8500,mha_rope,456,5,0,0.07305257022380829,0.07142632454633713,1.2832577228546143
8500,mha_rope,456,5,1,0.07215911895036697,0.062199559062719345,1.2832577228546143
8500,mha_rope,456,5,2,0.05872853472828865,0.07401334494352341,1.2832577228546143
8500,mha_rope,456,5,3,0.049067892134189606,0.05267937853932381,1.2832577228546143
8500,mha_rope,456,5,4,0.09357920289039612,0.08741899579763412,1.2832577228546143
8500,mha_rope,456,5,5,0.033195700496435165,0.05285743251442909,1.2832577228546143
8500,mha_rope,456,5,6,0.02907002717256546,0.04079889506101608,1.2832577228546143
8500,mha_rope,456,5,7,0.0880018100142479,0.07225532829761505,1.2832577228546143
8500,mha_rope,456,5,8,0.045568034052848816,0.04211605712771416,1.2832577228546143
8500,mha_rope,456,5,9,0.05468383803963661,0.06154469773173332,1.2832577228546143
8500,mha_rope,456,5,10,0.09019297361373901,0.09337039291858673,1.2832577228546143
8500,mha_rope,456,5,11,0.05324137210845947,0.046723686158657074,1.2832577228546143
8500,mha_rope,456,5,12,0.06484375149011612,0.05965275317430496,1.2832577228546143
8500,mha_rope,456,5,13,0.09226084500551224,0.08028823882341385,1.2832577228546143
8500,mha_rope,456,5,14,0.04700571671128273,0.03373745456337929,1.2832577228546143
8500,mha_rope,456,5,15,0.05534861236810684,0.06891760230064392,1.2832577228546143
9000,mha_rope,456,1,0,0.043927814811468124,0.06005732715129852,2.2928996086120605
9000,mha_rope,456,1,1,0.058347880840301514,0.06504451483488083,2.2928996086120605
9000,mha_rope,456,1,2,0.06344278901815414,0.06741532683372498,2.2928996086120605
9000,mha_rope,456,1,3,0.06843088567256927,0.0648547038435936,2.2928996086120605
9000,mha_rope,456,1,4,0.05793111026287079,0.06472952663898468,2.2928996086120605
9000,mha_rope,456,1,5,0.05938507243990898,0.05735250934958458,2.2928996086120605
9000,mha_rope,456,1,6,0.05389811098575592,0.0555293969810009,2.2928996086120605
9000,mha_rope,456,1,7,0.06763946264982224,0.06168408691883087,2.2928996086120605
9000,mha_rope,456,1,8,0.06308085471391678,0.065520279109478,2.2928996086120605
9000,mha_rope,456,1,9,0.07568664848804474,0.06650017946958542,2.2928996086120605
9000,mha_rope,456,1,10,0.06739085167646408,0.05955435335636139,2.2928996086120605
9000,mha_rope,456,1,11,0.06152353808283806,0.07091372460126877,2.2928996086120605
9000,mha_rope,456,1,12,0.05046264827251434,0.05673098936676979,2.2928996086120605
9000,mha_rope,456,1,13,0.06705108284950256,0.057648155838251114,2.2928996086120605
9000,mha_rope,456,1,14,0.07219665497541428,0.06107373535633087,2.2928996086120605
9000,mha_rope,456,1,15,0.06960459053516388,0.06539122760295868,2.2928996086120605
9000,mha_rope,456,2,0,0.04815226420760155,0.05094750598073006,1.5829445123672485
9000,mha_rope,456,2,1,0.06510630249977112,0.058887869119644165,1.5829445123672485
9000,mha_rope,456,2,2,0.061541035771369934,0.07601793110370636,1.5829445123672485
9000,mha_rope,456,2,3,0.05954630672931671,0.05902619659900665,1.5829445123672485
9000,mha_rope,456,2,4,0.07372476905584335,0.06735092401504517,1.5829445123672485
9000,mha_rope,456,2,5,0.05211029201745987,0.07208892703056335,1.5829445123672485
9000,mha_rope,456,2,6,0.06800557672977448,0.06865347176790237,1.5829445123672485
9000,mha_rope,456,2,7,0.06608815491199493,0.0553436279296875,1.5829445123672485
9000,mha_rope,456,2,8,0.046289876103401184,0.05809444934129715,1.5829445123672485
9000,mha_rope,456,2,9,0.05677419155836105,0.06341905146837234,1.5829445123672485
9000,mha_rope,456,2,10,0.06985077261924744,0.06940117478370667,1.5829445123672485
9000,mha_rope,456,2,11,0.0763288363814354,0.08166896551847458,1.5829445123672485
9000,mha_rope,456,2,12,0.06052185222506523,0.05497658997774124,1.5829445123672485
9000,mha_rope,456,2,13,0.06867187470197678,0.047943830490112305,1.5829445123672485
9000,mha_rope,456,2,14,0.08283528685569763,0.07030658423900604,1.5829445123672485
9000,mha_rope,456,2,15,0.04445261508226395,0.045872870832681656,1.5829445123672485
9000,mha_rope,456,3,0,0.0456918329000473,0.054620157927274704,1.414919376373291
9000,mha_rope,456,3,1,0.05918792635202408,0.06931255012750626,1.414919376373291
9000,mha_rope,456,3,2,0.06950337439775467,0.0550948828458786,1.414919376373291
9000,mha_rope,456,3,3,0.06775146722793579,0.05558876693248749,1.414919376373291
9000,mha_rope,456,3,4,0.08327941596508026,0.0669030249118805,1.414919376373291
9000,mha_rope,456,3,5,0.0728263333439827,0.07773604243993759,1.414919376373291
9000,mha_rope,456,3,6,0.04381856322288513,0.045444175601005554,1.414919376373291
9000,mha_rope,456,3,7,0.05309509113430977,0.06957107037305832,1.414919376373291
9000,mha_rope,456,3,8,0.08468027412891388,0.09297239035367966,1.414919376373291
9000,mha_rope,456,3,9,0.04025715962052345,0.040870070457458496,1.414919376373291
9000,mha_rope,456,3,10,0.062266234308481216,0.06218219920992851,1.414919376373291
9000,mha_rope,456,3,11,0.07619262486696243,0.06996447592973709,1.414919376373291
9000,mha_rope,456,3,12,0.05965077877044678,0.05958731845021248,1.414919376373291
9000,mha_rope,456,3,13,0.0677858516573906,0.06426551938056946,1.414919376373291
9000,mha_rope,456,3,14,0.055297039449214935,0.05659487470984459,1.414919376373291
9000,mha_rope,456,3,15,0.058716025203466415,0.05929257720708847,1.414919376373291
9000,mha_rope,456,4,0,0.06027577817440033,0.06695321947336197,1.230630874633789
9000,mha_rope,456,4,1,0.04216206818819046,0.05352705717086792,1.230630874633789
9000,mha_rope,456,4,2,0.05946899577975273,0.053694967180490494,1.230630874633789
9000,mha_rope,456,4,3,0.04646209627389908,0.06721793860197067,1.230630874633789
9000,mha_rope,456,4,4,0.10336975008249283,0.08142215013504028,1.230630874633789
9000,mha_rope,456,4,5,0.07076853513717651,0.06376609206199646,1.230630874633789
9000,mha_rope,456,4,6,0.07206970453262329,0.0895809456706047,1.230630874633789
9000,mha_rope,456,4,7,0.05822306498885155,0.06578469276428223,1.230630874633789
9000,mha_rope,456,4,8,0.05636484920978546,0.05287918820977211,1.230630874633789
9000,mha_rope,456,4,9,0.05254872515797615,0.07136358320713043,1.230630874633789
9000,mha_rope,456,4,10,0.04489379748702049,0.04678729549050331,1.230630874633789
9000,mha_rope,456,4,11,0.07163991034030914,0.06531223654747009,1.230630874633789
9000,mha_rope,456,4,12,0.06568451225757599,0.041080646216869354,1.230630874633789
9000,mha_rope,456,4,13,0.04542917758226395,0.05752494931221008,1.230630874633789
9000,mha_rope,456,4,14,0.07956115901470184,0.06402852386236191,1.230630874633789
9000,mha_rope,456,4,15,0.07107788324356079,0.05907642841339111,1.230630874633789
9000,mha_rope,456,5,0,0.06888031214475632,0.06827683001756668,1.2875767946243286
9000,mha_rope,456,5,1,0.07025248557329178,0.060716647654771805,1.2875767946243286
9000,mha_rope,456,5,2,0.060113728046417236,0.076218381524086,1.2875767946243286
9000,mha_rope,456,5,3,0.05089935287833214,0.053978901356458664,1.2875767946243286
9000,mha_rope,456,5,4,0.09170420467853546,0.08349818736314774,1.2875767946243286
9000,mha_rope,456,5,5,0.03320709243416786,0.05327869579195976,1.2875767946243286
9000,mha_rope,456,5,6,0.02764994278550148,0.03913646563887596,1.2875767946243286
9000,mha_rope,456,5,7,0.0905367061495781,0.07661444693803787,1.2875767946243286
9000,mha_rope,456,5,8,0.045154012739658356,0.04192159324884415,1.2875767946243286
9000,mha_rope,456,5,9,0.054575297981500626,0.062150854617357254,1.2875767946243286
9000,mha_rope,456,5,10,0.0903414934873581,0.09239212423563004,1.2875767946243286
9000,mha_rope,456,5,11,0.055611368268728256,0.04951407015323639,1.2875767946243286
9000,mha_rope,456,5,12,0.06406717747449875,0.05893348529934883,1.2875767946243286
9000,mha_rope,456,5,13,0.09254516661167145,0.08139324188232422,1.2875767946243286
9000,mha_rope,456,5,14,0.05011596530675888,0.03476438298821449,1.2875767946243286
9000,mha_rope,456,5,15,0.05434570461511612,0.06721169501543045,1.2875767946243286
9500,mha_rope,456,1,0,0.05284891650080681,0.06013102829456329,2.287436008453369
9500,mha_rope,456,1,1,0.06702972203493118,0.07110650837421417,2.287436008453369
9500,mha_rope,456,1,2,0.058212585747241974,0.0663607269525528,2.287436008453369
9500,mha_rope,456,1,3,0.07457936555147171,0.06670405715703964,2.287436008453369
9500,mha_rope,456,1,4,0.05493631958961487,0.062282949686050415,2.287436008453369
9500,mha_rope,456,1,5,0.05940104275941849,0.059150632470846176,2.287436008453369
9500,mha_rope,456,1,6,0.05363647639751434,0.0534026212990284,2.287436008453369
9500,mha_rope,456,1,7,0.05718790739774704,0.0589042603969574,2.287436008453369
9500,mha_rope,456,1,8,0.06620188057422638,0.06957244127988815,2.287436008453369
9500,mha_rope,456,1,9,0.0725288912653923,0.06435767561197281,2.287436008453369
9500,mha_rope,456,1,10,0.06700053066015244,0.05802983045578003,2.287436008453369
9500,mha_rope,456,1,11,0.05515991151332855,0.06728759407997131,2.287436008453369
9500,mha_rope,456,1,12,0.05910013988614082,0.05943194031715393,2.287436008453369
9500,mha_rope,456,1,13,0.06172332912683487,0.053988970816135406,2.287436008453369
9500,mha_rope,456,1,14,0.06786610931158066,0.05963858217000961,2.287436008453369
9500,mha_rope,456,1,15,0.07258687168359756,0.06965012103319168,2.287436008453369
9500,mha_rope,456,2,0,0.05307729169726372,0.05400998517870903,1.5736417770385742
9500,mha_rope,456,2,1,0.06865407526493073,0.06048949062824249,1.5736417770385742
9500,mha_rope,456,2,2,0.06384877860546112,0.07734601199626923,1.5736417770385742
9500,mha_rope,456,2,3,0.06080047786235809,0.05945555865764618,1.5736417770385742
9500,mha_rope,456,2,4,0.07380106300115585,0.06844868510961533,1.5736417770385742
9500,mha_rope,456,2,5,0.05006713792681694,0.06983215361833572,1.5736417770385742
9500,mha_rope,456,2,6,0.06565815955400467,0.06856492161750793,1.5736417770385742
9500,mha_rope,456,2,7,0.06370880454778671,0.053284283727407455,1.5736417770385742
9500,mha_rope,456,2,8,0.04670471325516701,0.058982230722904205,1.5736417770385742
9500,mha_rope,456,2,9,0.05265716463327408,0.06016301363706589,1.5736417770385742
9500,mha_rope,456,2,10,0.06577016413211823,0.06656675785779953,1.5736417770385742
9500,mha_rope,456,2,11,0.07859466224908829,0.08402123302221298,1.5736417770385742
9500,mha_rope,456,2,12,0.06076975539326668,0.05556817352771759,1.5736417770385742
9500,mha_rope,456,2,13,0.07365397363901138,0.049967750906944275,1.5736417770385742
9500,mha_rope,456,2,14,0.07768727838993073,0.0674150213599205,1.5736417770385742
9500,mha_rope,456,2,15,0.04454650729894638,0.04588468372821808,1.5736417770385742
9500,mha_rope,456,3,0,0.04332997649908066,0.0515795461833477,1.398383378982544
9500,mha_rope,456,3,1,0.057886455208063126,0.06787951290607452,1.398383378982544
9500,mha_rope,456,3,2,0.07049275934696198,0.055463701486587524,1.398383378982544
9500,mha_rope,456,3,3,0.06775431334972382,0.05582671985030174,1.398383378982544
9500,mha_rope,456,3,4,0.0817534402012825,0.0655488669872284,1.398383378982544
9500,mha_rope,456,3,5,0.07336873561143875,0.07864391803741455,1.398383378982544
9500,mha_rope,456,3,6,0.041307780891656876,0.04363314062356949,1.398383378982544
9500,mha_rope,456,3,7,0.05316619947552681,0.06896232068538666,1.398383378982544
9500,mha_rope,456,3,8,0.08554494380950928,0.09734142571687698,1.398383378982544
9500,mha_rope,456,3,9,0.04505574703216553,0.043550118803977966,1.398383378982544
9500,mha_rope,456,3,10,0.06335052847862244,0.06273342669010162,1.398383378982544
9500,mha_rope,456,3,11,0.07688110321760178,0.07019130140542984,1.398383378982544
9500,mha_rope,456,3,12,0.06013641506433487,0.05970366299152374,1.398383378982544
9500,mha_rope,456,3,13,0.06947947293519974,0.0646204873919487,1.398383378982544
9500,mha_rope,456,3,14,0.054762572050094604,0.05790925398468971,1.398383378982544
9500,mha_rope,456,3,15,0.05572957172989845,0.056412551552057266,1.398383378982544
9500,mha_rope,456,4,0,0.05846720561385155,0.06417261809110641,1.2294899225234985
9500,mha_rope,456,4,1,0.04196838289499283,0.05389493331313133,1.2294899225234985
9500,mha_rope,456,4,2,0.055680643767118454,0.050479620695114136,1.2294899225234985
9500,mha_rope,456,4,3,0.045550841838121414,0.06534621864557266,1.2294899225234985
9500,mha_rope,456,4,4,0.10602284967899323,0.08582896739244461,1.2294899225234985
9500,mha_rope,456,4,5,0.06998229771852493,0.06327711045742035,1.2294899225234985
9500,mha_rope,456,4,6,0.0734901949763298,0.09204156696796417,1.2294899225234985
9500,mha_rope,456,4,7,0.05653564631938934,0.06498496979475021,1.2294899225234985
9500,mha_rope,456,4,8,0.05799712985754013,0.05531316250562668,1.2294899225234985
9500,mha_rope,456,4,9,0.05105092376470566,0.06942171603441238,1.2294899225234985
9500,mha_rope,456,4,10,0.046602070331573486,0.04850362613797188,1.2294899225234985
9500,mha_rope,456,4,11,0.0718446895480156,0.06434636563062668,1.2294899225234985
9500,mha_rope,456,4,12,0.06640767306089401,0.04094978794455528,1.2294899225234985
9500,mha_rope,456,4,13,0.04683207347989082,0.05758729949593544,1.2294899225234985
9500,mha_rope,456,4,14,0.07838897407054901,0.06230110302567482,1.2294899225234985
9500,mha_rope,456,4,15,0.07317840307950974,0.06155094876885414,1.2294899225234985
9500,mha_rope,456,5,0,0.07106231898069382,0.06953919678926468,1.2805895805358887
9500,mha_rope,456,5,1,0.07165995240211487,0.060427892953157425,1.2805895805358887
9500,mha_rope,456,5,2,0.05665578320622444,0.07138510048389435,1.2805895805358887
9500,mha_rope,456,5,3,0.050946857780218124,0.05506948009133339,1.2805895805358887
9500,mha_rope,456,5,4,0.09361043572425842,0.08661867678165436,1.2805895805358887
9500,mha_rope,456,5,5,0.03188008442521095,0.05112180486321449,1.2805895805358887
9500,mha_rope,456,5,6,0.027848104014992714,0.03875122591853142,1.2805895805358887
9500,mha_rope,456,5,7,0.09577911347150803,0.08144330978393555,1.2805895805358887
9500,mha_rope,456,5,8,0.045313213020563126,0.042022597044706345,1.2805895805358887
9500,mha_rope,456,5,9,0.055101215839385986,0.061968784779310226,1.2805895805358887
9500,mha_rope,456,5,10,0.09190867096185684,0.09676188230514526,1.2805895805358887
9500,mha_rope,456,5,11,0.05333618074655533,0.04664064198732376,1.2805895805358887
9500,mha_rope,456,5,12,0.06807759404182434,0.061501044780015945,1.2805895805358887
9500,mha_rope,456,5,13,0.09061940759420395,0.07918868213891983,1.2805895805358887
9500,mha_rope,456,5,14,0.04364481568336487,0.032308973371982574,1.2805895805358887
9500,mha_rope,456,5,15,0.05255625396966934,0.06525087356567383,1.2805895805358887
10000,mha_rope,456,1,0,0.04109863191843033,0.05793102830648422,2.2517852783203125
10000,mha_rope,456,1,1,0.06290221959352493,0.06867276877164841,2.2517852783203125
10000,mha_rope,456,1,2,0.05214691162109375,0.06289947032928467,2.2517852783203125
10000,mha_rope,456,1,3,0.07301310449838638,0.06754669547080994,2.2517852783203125
10000,mha_rope,456,1,4,0.060449931770563126,0.06327085196971893,2.2517852783203125
10000,mha_rope,456,1,5,0.0566374696791172,0.05680152401328087,2.2517852783203125
10000,mha_rope,456,1,6,0.06092997267842293,0.055109258741140366,2.2517852783203125
10000,mha_rope,456,1,7,0.05838622897863388,0.058232471346855164,2.2517852783203125
10000,mha_rope,456,1,8,0.06686879694461823,0.07097519189119339,2.2517852783203125
10000,mha_rope,456,1,9,0.07199554145336151,0.06429514288902283,2.2517852783203125
10000,mha_rope,456,1,10,0.07089416682720184,0.06251227855682373,2.2517852783203125
10000,mha_rope,456,1,11,0.0668589249253273,0.07158336043357849,2.2517852783203125
10000,mha_rope,456,1,12,0.06066528335213661,0.058487944304943085,2.2517852783203125
10000,mha_rope,456,1,13,0.0655721053481102,0.0563880018889904,2.2517852783203125
10000,mha_rope,456,1,14,0.059939879924058914,0.05468922480940819,2.2517852783203125
10000,mha_rope,456,1,15,0.07164082676172256,0.07060486078262329,2.2517852783203125
10000,mha_rope,456,2,0,0.05375956371426582,0.05400192365050316,1.5626945495605469
10000,mha_rope,456,2,1,0.06638386845588684,0.059505559504032135,1.5626945495605469
10000,mha_rope,456,2,2,0.05876505374908447,0.07430030405521393,1.5626945495605469
10000,mha_rope,456,2,3,0.059915363788604736,0.05916224792599678,1.5626945495605469
10000,mha_rope,456,2,4,0.07651428133249283,0.06940297037363052,1.5626945495605469
10000,mha_rope,456,2,5,0.04876129329204559,0.06957074999809265,1.5626945495605469
10000,mha_rope,456,2,6,0.0657239779829979,0.06778771430253983,1.5626945495605469
10000,mha_rope,456,2,7,0.06570272147655487,0.054961755871772766,1.5626945495605469
10000,mha_rope,456,2,8,0.04563659802079201,0.057404618710279465,1.5626945495605469
10000,mha_rope,456,2,9,0.05556803569197655,0.06425359845161438,1.5626945495605469
10000,mha_rope,456,2,10,0.06558828055858612,0.06737423688173294,1.5626945495605469
10000,mha_rope,456,2,11,0.07985534518957138,0.08515144884586334,1.5626945495605469
10000,mha_rope,456,2,12,0.06329813599586487,0.057167019695043564,1.5626945495605469
10000,mha_rope,456,2,13,0.07543162256479263,0.05105610564351082,1.5626945495605469
10000,mha_rope,456,2,14,0.0779222622513771,0.06560831516981125,1.5626945495605469
10000,mha_rope,456,2,15,0.041173603385686874,0.04329150170087814,1.5626945495605469
10000,mha_rope,456,3,0,0.042818907648324966,0.052205830812454224,1.3888400793075562
10000,mha_rope,456,3,1,0.05682840943336487,0.06672145426273346,1.3888400793075562
10000,mha_rope,456,3,2,0.07004567235708237,0.05438866838812828,1.3888400793075562
10000,mha_rope,456,3,3,0.06904825568199158,0.05816851928830147,1.3888400793075562
10000,mha_rope,456,3,4,0.08455037325620651,0.067841075360775,1.3888400793075562
10000,mha_rope,456,3,5,0.0731157436966896,0.08014655858278275,1.3888400793075562
10000,mha_rope,456,3,6,0.041275329887866974,0.04350149631500244,1.3888400793075562
10000,mha_rope,456,3,7,0.05194691941142082,0.06772036850452423,1.3888400793075562
10000,mha_rope,456,3,8,0.08590026944875717,0.09813112020492554,1.3888400793075562
10000,mha_rope,456,3,9,0.04434549808502197,0.04217688739299774,1.3888400793075562
10000,mha_rope,456,3,10,0.06690307706594467,0.06602882593870163,1.3888400793075562
10000,mha_rope,456,3,11,0.0748768076300621,0.06634879112243652,1.3888400793075562
10000,mha_rope,456,3,12,0.056317951530218124,0.05677608400583267,1.3888400793075562
10000,mha_rope,456,3,13,0.07157877832651138,0.06677818298339844,1.3888400793075562
10000,mha_rope,456,3,14,0.05310353636741638,0.05607219040393829,1.3888400793075562
10000,mha_rope,456,3,15,0.0573444627225399,0.056994013488292694,1.3888400793075562
10000,mha_rope,456,4,0,0.05952555313706398,0.06531190872192383,1.233870506286621
10000,mha_rope,456,4,1,0.043226826936006546,0.054990965873003006,1.233870506286621
10000,mha_rope,456,4,2,0.0596872977912426,0.054514218121767044,1.233870506286621
10000,mha_rope,456,4,3,0.0447114072740078,0.06418967247009277,1.233870506286621
10000,mha_rope,456,4,4,0.10359395295381546,0.08218973875045776,1.233870506286621
10000,mha_rope,456,4,5,0.06906270235776901,0.0626993328332901,1.233870506286621
10000,mha_rope,456,4,6,0.07261891663074493,0.08937623351812363,1.233870506286621
10000,mha_rope,456,4,7,0.054620057344436646,0.062243957072496414,1.233870506286621
10000,mha_rope,456,4,8,0.0558745302259922,0.05439950153231621,1.233870506286621
10000,mha_rope,456,4,9,0.050506796687841415,0.06899487227201462,1.233870506286621
10000,mha_rope,456,4,10,0.04696645215153694,0.04847879335284233,1.233870506286621
10000,mha_rope,456,4,11,0.07049652189016342,0.06297160685062408,1.233870506286621
10000,mha_rope,456,4,12,0.06973104178905487,0.043928418308496475,1.233870506286621
10000,mha_rope,456,4,13,0.04695739597082138,0.059898216277360916,1.233870506286621
10000,mha_rope,456,4,14,0.07894571870565414,0.06345530599355698,1.233870506286621
10000,mha_rope,456,4,15,0.07347483187913895,0.06235729902982712,1.233870506286621
10000,mha_rope,456,5,0,0.07046671211719513,0.06893575191497803,1.28229820728302
10000,mha_rope,456,5,1,0.07154887169599533,0.062144674360752106,1.28229820728302
10000,mha_rope,456,5,2,0.056991372257471085,0.07344233989715576,1.28229820728302
10000,mha_rope,456,5,3,0.051621295511722565,0.05493149533867836,1.28229820728302
10000,mha_rope,456,5,4,0.09272206574678421,0.0852460116147995,1.28229820728302
10000,mha_rope,456,5,5,0.032580871134996414,0.05252305418252945,1.28229820728302
10000,mha_rope,456,5,6,0.02765747159719467,0.03973895683884621,1.28229820728302
10000,mha_rope,456,5,7,0.09080728888511658,0.07594600319862366,1.28229820728302
10000,mha_rope,456,5,8,0.04755879566073418,0.04329155012965202,1.28229820728302
10000,mha_rope,456,5,9,0.05394541472196579,0.06075487658381462,1.28229820728302
10000,mha_rope,456,5,10,0.09129923582077026,0.0944601520895958,1.28229820728302
10000,mha_rope,456,5,11,0.05473429337143898,0.048440203070640564,1.28229820728302
10000,mha_rope,456,5,12,0.06481710076332092,0.058887582272291183,1.28229820728302
10000,mha_rope,456,5,13,0.09266876429319382,0.0805789977312088,1.28229820728302
10000,mha_rope,456,5,14,0.04647074267268181,0.03272164240479469,1.28229820728302
10000,mha_rope,456,5,15,0.05410970002412796,0.06795668601989746,1.28229820728302
10500,mha_rope,456,1,0,0.05835215374827385,0.059957802295684814,2.243159294128418
10500,mha_rope,456,1,1,0.06666138023138046,0.07097566872835159,2.243159294128418
10500,mha_rope,456,1,2,0.05507415905594826,0.06485139578580856,2.243159294128418
10500,mha_rope,456,1,3,0.0723978653550148,0.06678321957588196,2.243159294128418
10500,mha_rope,456,1,4,0.057030435651540756,0.061919983476400375,2.243159294128418
10500,mha_rope,456,1,5,0.05953257158398628,0.05975073575973511,2.243159294128418
10500,mha_rope,456,1,6,0.057523295283317566,0.05393081530928612,2.243159294128418
10500,mha_rope,456,1,7,0.048578593879938126,0.05497923493385315,2.243159294128418
10500,mha_rope,456,1,8,0.0667807012796402,0.07054346054792404,2.243159294128418
10500,mha_rope,456,1,9,0.07388915866613388,0.0658155009150505,2.243159294128418
10500,mha_rope,456,1,10,0.0736839771270752,0.06520817428827286,2.243159294128418
10500,mha_rope,456,1,11,0.05704355984926224,0.06713990867137909,2.243159294128418
10500,mha_rope,456,1,12,0.051604412496089935,0.05693276226520538,2.243159294128418
10500,mha_rope,456,1,13,0.06284301728010178,0.05535831302404404,2.243159294128418
10500,mha_rope,456,1,14,0.0673174038529396,0.05675118789076805,2.243159294128418
10500,mha_rope,456,1,15,0.07168731838464737,0.06910183280706406,2.243159294128418
10500,mha_rope,456,2,0,0.054015301167964935,0.05367595702409744,1.5725109577178955
10500,mha_rope,456,2,1,0.06654205173254013,0.05935166776180267,1.5725109577178955
10500,mha_rope,456,2,2,0.056205544620752335,0.07240709662437439,1.5725109577178955
10500,mha_rope,456,2,3,0.06109883636236191,0.06084653362631798,1.5725109577178955
10500,mha_rope,456,2,4,0.0728752613067627,0.06678967922925949,1.5725109577178955
10500,mha_rope,456,2,5,0.050755005329847336,0.0719679445028305,1.5725109577178955
10500,mha_rope,456,2,6,0.06565775722265244,0.06751468032598495,1.5725109577178955
10500,mha_rope,456,2,7,0.07281799614429474,0.060551002621650696,1.5725109577178955
10500,mha_rope,456,2,8,0.045632120221853256,0.05858837068080902,1.5725109577178955
10500,mha_rope,456,2,9,0.05597696825861931,0.06377323716878891,1.5725109577178955
10500,mha_rope,456,2,10,0.06816782802343369,0.06848296523094177,1.5725109577178955
10500,mha_rope,456,2,11,0.07984598726034164,0.08298981934785843,1.5725109577178955
10500,mha_rope,456,2,12,0.059283651411533356,0.05532687529921532,1.5725109577178955
10500,mha_rope,456,2,13,0.07334991544485092,0.04969196394085884,1.5725109577178955
10500,mha_rope,456,2,14,0.07999725639820099,0.06736917793750763,1.5725109577178955
10500,mha_rope,456,2,15,0.037778522819280624,0.04067287594079971,1.5725109577178955
10500,mha_rope,456,3,0,0.045118000358343124,0.053228214383125305,1.3907662630081177
10500,mha_rope,456,3,1,0.05687927082180977,0.06689152866601944,1.3907662630081177
10500,mha_rope,456,3,2,0.06662210822105408,0.05208003520965576,1.3907662630081177
10500,mha_rope,456,3,3,0.06944590061903,0.057464491575956345,1.3907662630081177
10500,mha_rope,456,3,4,0.0838865116238594,0.06709625571966171,1.3907662630081177
10500,mha_rope,456,3,5,0.07400665432214737,0.08006418496370316,1.3907662630081177
10500,mha_rope,456,3,6,0.04329996928572655,0.04503661021590233,1.3907662630081177
10500,mha_rope,456,3,7,0.05298563465476036,0.06934011727571487,1.3907662630081177
10500,mha_rope,456,3,8,0.08584330230951309,0.0965266302227974,1.3907662630081177
10500,mha_rope,456,3,9,0.04455088451504707,0.043634481728076935,1.3907662630081177
10500,mha_rope,456,3,10,0.06641652435064316,0.06512311846017838,1.3907662630081177
10500,mha_rope,456,3,11,0.0767052173614502,0.06905547529459,1.3907662630081177
10500,mha_rope,456,3,12,0.055608317255973816,0.05621059238910675,1.3907662630081177
10500,mha_rope,456,3,13,0.06953369081020355,0.06549077481031418,1.3907662630081177
10500,mha_rope,456,3,14,0.052251484245061874,0.055819008499383926,1.3907662630081177
10500,mha_rope,456,3,15,0.05684651806950569,0.05693841353058815,1.3907662630081177
10500,mha_rope,456,4,0,0.059017639607191086,0.06438586860895157,1.2319005727767944
10500,mha_rope,456,4,1,0.04304026439785957,0.054679274559020996,1.2319005727767944
10500,mha_rope,456,4,2,0.059356994926929474,0.05404896289110184,1.2319005727767944
10500,mha_rope,456,4,3,0.044280193746089935,0.06452721357345581,1.2319005727767944
10500,mha_rope,456,4,4,0.10522755980491638,0.0830688327550888,1.2319005727767944
10500,mha_rope,456,4,5,0.06744404882192612,0.06123986095190048,1.2319005727767944
10500,mha_rope,456,4,6,0.07300049066543579,0.09154581278562546,1.2319005727767944
10500,mha_rope,456,4,7,0.057073261588811874,0.06303932517766953,1.2319005727767944
10500,mha_rope,456,4,8,0.05737752094864845,0.055683035403490067,1.2319005727767944
10500,mha_rope,456,4,9,0.05192504823207855,0.0705556571483612,1.2319005727767944
10500,mha_rope,456,4,10,0.04677296802401543,0.048364464193582535,1.2319005727767944
10500,mha_rope,456,4,11,0.07279541343450546,0.06480248272418976,1.2319005727767944
10500,mha_rope,456,4,12,0.06588378548622131,0.04114358499646187,1.2319005727767944
10500,mha_rope,456,4,13,0.04572855681180954,0.058226730674505234,1.2319005727767944
10500,mha_rope,456,4,14,0.07771484553813934,0.06195107102394104,1.2319005727767944
10500,mha_rope,456,4,15,0.07336141169071198,0.06273794174194336,1.2319005727767944
10500,mha_rope,456,5,0,0.06975962221622467,0.06786324083805084,1.278488039970398
10500,mha_rope,456,5,1,0.07135925441980362,0.061325639486312866,1.278488039970398
10500,mha_rope,456,5,2,0.059943441301584244,0.07524145394563675,1.278488039970398
10500,mha_rope,456,5,3,0.05088816210627556,0.054208576679229736,1.278488039970398
10500,mha_rope,456,5,4,0.0939267948269844,0.08664613217115402,1.278488039970398
10500,mha_rope,456,5,5,0.0320078544318676,0.05193816497921944,1.278488039970398
10500,mha_rope,456,5,6,0.026811523362994194,0.03876791149377823,1.278488039970398
10500,mha_rope,456,5,7,0.09008198976516724,0.07708362489938736,1.278488039970398
10500,mha_rope,456,5,8,0.048063863068819046,0.04347434639930725,1.278488039970398
10500,mha_rope,456,5,9,0.054435525089502335,0.06091020628809929,1.278488039970398
10500,mha_rope,456,5,10,0.0920804813504219,0.09563541412353516,1.278488039970398
10500,mha_rope,456,5,11,0.052874449640512466,0.047128815203905106,1.278488039970398
10500,mha_rope,456,5,12,0.06548044830560684,0.059490446001291275,1.278488039970398
10500,mha_rope,456,5,13,0.09152618050575256,0.0795401856303215,1.278488039970398
10500,mha_rope,456,5,14,0.047118429094552994,0.03436039760708809,1.278488039970398
10500,mha_rope,456,5,15,0.053641967475414276,0.0663854330778122,1.278488039970398
11000,mha_rope,456,1,0,0.054190777242183685,0.05910295620560646,2.2385687828063965
11000,mha_rope,456,1,1,0.0651753768324852,0.0695500522851944,2.2385687828063965
11000,mha_rope,456,1,2,0.055785927921533585,0.06589999049901962,2.2385687828063965
11000,mha_rope,456,1,3,0.062241822481155396,0.06102478504180908,2.2385687828063965
11000,mha_rope,456,1,4,0.06158589571714401,0.06474344432353973,2.2385687828063965
11000,mha_rope,456,1,5,0.06070007383823395,0.05959909409284592,2.2385687828063965
11000,mha_rope,456,1,6,0.057718709111213684,0.054789766669273376,2.2385687828063965
11000,mha_rope,456,1,7,0.06199534237384796,0.060792580246925354,2.2385687828063965
11000,mha_rope,456,1,8,0.0674024447798729,0.07121443748474121,2.2385687828063965
11000,mha_rope,456,1,9,0.06599721312522888,0.06060351803898811,2.2385687828063965
11000,mha_rope,456,1,10,0.0694853737950325,0.06139446422457695,2.2385687828063965
11000,mha_rope,456,1,11,0.0582243837416172,0.06762563437223434,2.2385687828063965
11000,mha_rope,456,1,12,0.05450449511408806,0.05841239169239998,2.2385687828063965
11000,mha_rope,456,1,13,0.0607166551053524,0.05408107861876488,2.2385687828063965
11000,mha_rope,456,1,14,0.07256723940372467,0.05937756225466728,2.2385687828063965
11000,mha_rope,456,1,15,0.07170826941728592,0.07178835570812225,2.2385687828063965
11000,mha_rope,456,2,0,0.05324839428067207,0.053888626396656036,1.565665602684021
11000,mha_rope,456,2,1,0.06890910118818283,0.06127115339040756,1.565665602684021
11000,mha_rope,456,2,2,0.06146789714694023,0.07560492306947708,1.565665602684021
11000,mha_rope,456,2,3,0.06048787385225296,0.059522468596696854,1.565665602684021
11000,mha_rope,456,2,4,0.07298645377159119,0.0672447457909584,1.565665602684021
11000,mha_rope,456,2,5,0.04951415956020355,0.06998768448829651,1.565665602684021
11000,mha_rope,456,2,6,0.06751658022403717,0.07070567458868027,1.565665602684021
11000,mha_rope,456,2,7,0.06740926206111908,0.05629154294729233,1.565665602684021
11000,mha_rope,456,2,8,0.04345906525850296,0.055900733917951584,1.565665602684021
11000,mha_rope,456,2,9,0.0502694696187973,0.0592503547668457,1.565665602684021
11000,mha_rope,456,2,10,0.06706563383340836,0.07003478705883026,1.565665602684021
11000,mha_rope,456,2,11,0.08036885410547256,0.08347782492637634,1.565665602684021
11000,mha_rope,456,2,12,0.06203114986419678,0.05632607638835907,1.565665602684021
11000,mha_rope,456,2,13,0.07470845431089401,0.0501866415143013,1.565665602684021
11000,mha_rope,456,2,14,0.07792317867279053,0.06540559977293015,1.565665602684021
11000,mha_rope,456,2,15,0.04263447970151901,0.04490109160542488,1.565665602684021
11000,mha_rope,456,3,0,0.04243357479572296,0.051893673837184906,1.3826009035110474
11000,mha_rope,456,3,1,0.05827026441693306,0.06825122982263565,1.3826009035110474
11000,mha_rope,456,3,2,0.07153971493244171,0.054760728031396866,1.3826009035110474
11000,mha_rope,456,3,3,0.07051737606525421,0.0573677197098732,1.3826009035110474
11000,mha_rope,456,3,4,0.08294026553630829,0.06597790867090225,1.3826009035110474
11000,mha_rope,456,3,5,0.07363993674516678,0.07918937504291534,1.3826009035110474
11000,mha_rope,456,3,6,0.041233520954847336,0.042976103723049164,1.3826009035110474
11000,mha_rope,456,3,7,0.0530109666287899,0.0699453130364418,1.3826009035110474
11000,mha_rope,456,3,8,0.08620503544807434,0.09824173897504807,1.3826009035110474
11000,mha_rope,456,3,9,0.04227650910615921,0.04130096361041069,1.3826009035110474
11000,mha_rope,456,3,10,0.06605122983455658,0.06514562666416168,1.3826009035110474
11000,mha_rope,456,3,11,0.07734415680170059,0.07014670222997665,1.3826009035110474
11000,mha_rope,456,3,12,0.0568503811955452,0.057113029062747955,1.3826009035110474
11000,mha_rope,456,3,13,0.0670870989561081,0.06304477900266647,1.3826009035110474
11000,mha_rope,456,3,14,0.05290466174483299,0.05656736344099045,1.3826009035110474
11000,mha_rope,456,3,15,0.05769531428813934,0.05807773768901825,1.3826009035110474
11000,mha_rope,456,4,0,0.06103810667991638,0.06618766486644745,1.2286039590835571
11000,mha_rope,456,4,1,0.042367350310087204,0.053990572690963745,1.2286039590835571
11000,mha_rope,456,4,2,0.058729756623506546,0.05361885577440262,1.2286039590835571
11000,mha_rope,456,4,3,0.04309549927711487,0.06369204074144363,1.2286039590835571
11000,mha_rope,456,4,4,0.10408854484558105,0.08273541927337646,1.2286039590835571
11000,mha_rope,456,4,5,0.06647329032421112,0.06112059950828552,1.2286039590835571
11000,mha_rope,456,4,6,0.07259206473827362,0.08966682106256485,1.2286039590835571
11000,mha_rope,456,4,7,0.05450225993990898,0.06042209640145302,1.2286039590835571
11000,mha_rope,456,4,8,0.05923309177160263,0.05682819336652756,1.2286039590835571
11000,mha_rope,456,4,9,0.05190368741750717,0.07019751518964767,1.2286039590835571
11000,mha_rope,456,4,10,0.04542083665728569,0.04747011512517929,1.2286039590835571
11000,mha_rope,456,4,11,0.07571197301149368,0.06710232049226761,1.2286039590835571
11000,mha_rope,456,4,12,0.06679219752550125,0.041349105536937714,1.2286039590835571
11000,mha_rope,456,4,13,0.04587605968117714,0.05829096958041191,1.2286039590835571
11000,mha_rope,456,4,14,0.07817230373620987,0.06392597407102585,1.2286039590835571
11000,mha_rope,456,4,15,0.07400298863649368,0.06340160965919495,1.2286039590835571
11000,mha_rope,456,5,0,0.07013275474309921,0.06782744079828262,1.2642238140106201
11000,mha_rope,456,5,1,0.07180429995059967,0.06268862634897232,1.2642238140106201
11000,mha_rope,456,5,2,0.05602783337235451,0.07241714000701904,1.2642238140106201
11000,mha_rope,456,5,3,0.049890950322151184,0.052877914160490036,1.2642238140106201
11000,mha_rope,456,5,4,0.09459848701953888,0.08864574134349823,1.2642238140106201
11000,mha_rope,456,5,5,0.03243601322174072,0.052516452968120575,1.2642238140106201
11000,mha_rope,456,5,6,0.027410075068473816,0.038762208074331284,1.2642238140106201
11000,mha_rope,456,5,7,0.09192819893360138,0.0780092403292656,1.2642238140106201
11000,mha_rope,456,5,8,0.04887186735868454,0.04536342993378639,1.2642238140106201
11000,mha_rope,456,5,9,0.054993897676467896,0.062140535563230515,1.2642238140106201
11000,mha_rope,456,5,10,0.09226471185684204,0.09501563757658005,1.2642238140106201
11000,mha_rope,456,5,11,0.053677674382925034,0.04802267253398895,1.2642238140106201
11000,mha_rope,456,5,12,0.06447448581457138,0.057890649884939194,1.2642238140106201
11000,mha_rope,456,5,13,0.09154561161994934,0.08025296032428741,1.2642238140106201
11000,mha_rope,456,5,14,0.04754943773150444,0.033642444759607315,1.2642238140106201
11000,mha_rope,456,5,15,0.05239369720220566,0.06392695754766464,1.2642238140106201
11500,mha_rope,456,1,0,0.05928100645542145,0.059587810188531876,2.229198455810547
11500,mha_rope,456,1,1,0.06313852965831757,0.06904511898756027,2.229198455810547
11500,mha_rope,456,1,2,0.058299560099840164,0.06701018661260605,2.229198455810547
11500,mha_rope,456,1,3,0.07092508673667908,0.06616320461034775,2.229198455810547
11500,mha_rope,456,1,4,0.06605621427297592,0.06637126207351685,2.229198455810547
11500,mha_rope,456,1,5,0.057183023542165756,0.057608477771282196,2.229198455810547
11500,mha_rope,456,1,6,0.05330505222082138,0.053063005208969116,2.229198455810547
11500,mha_rope,456,1,7,0.058367613703012466,0.059106312692165375,2.229198455810547
11500,mha_rope,456,1,8,0.0643622875213623,0.06909473240375519,2.229198455810547
11500,mha_rope,456,1,9,0.06741129606962204,0.061660632491111755,2.229198455810547
11500,mha_rope,456,1,10,0.0700753778219223,0.06239842250943184,2.229198455810547
11500,mha_rope,456,1,11,0.054265137761831284,0.0663079246878624,2.229198455810547
11500,mha_rope,456,1,12,0.05243082717061043,0.057454269379377365,2.229198455810547
11500,mha_rope,456,1,13,0.06212778761982918,0.05496443435549736,2.229198455810547
11500,mha_rope,456,1,14,0.0709921270608902,0.058958206325769424,2.229198455810547
11500,mha_rope,456,1,15,0.07177907228469849,0.07120605558156967,2.229198455810547
11500,mha_rope,456,2,0,0.055911559611558914,0.0548260360956192,1.553250789642334
11500,mha_rope,456,2,1,0.0671989917755127,0.060067709535360336,1.553250789642334
11500,mha_rope,456,2,2,0.05666198581457138,0.07318070530891418,1.553250789642334
11500,mha_rope,456,2,3,0.06074686720967293,0.06101452559232712,1.553250789642334
11500,mha_rope,456,2,4,0.0760255977511406,0.06913552433252335,1.553250789642334
11500,mha_rope,456,2,5,0.04821960628032684,0.06806938350200653,1.553250789642334
11500,mha_rope,456,2,6,0.06576710939407349,0.06950490176677704,1.553250789642334
11500,mha_rope,456,2,7,0.06988678127527237,0.05755085498094559,1.553250789642334
11500,mha_rope,456,2,8,0.04401448741555214,0.05667508393526077,1.553250789642334
11500,mha_rope,456,2,9,0.0554237887263298,0.06366177648305893,1.553250789642334
11500,mha_rope,456,2,10,0.06533894687891006,0.06558454781770706,1.553250789642334
11500,mha_rope,456,2,11,0.07922017574310303,0.08364922553300858,1.553250789642334
11500,mha_rope,456,2,12,0.06279958039522171,0.05656019225716591,1.553250789642334
11500,mha_rope,456,2,13,0.07710937410593033,0.05102479085326195,1.553250789642334
11500,mha_rope,456,2,14,0.076129250228405,0.06735996901988983,1.553250789642334
11500,mha_rope,456,2,15,0.039545897394418716,0.04213481768965721,1.553250789642334
11500,mha_rope,456,3,0,0.04307922348380089,0.05218115076422691,1.3860576152801514
11500,mha_rope,456,3,1,0.05753784254193306,0.06780800223350525,1.3860576152801514
11500,mha_rope,456,3,2,0.07187571376562119,0.05644625425338745,1.3860576152801514
11500,mha_rope,456,3,3,0.07245808839797974,0.060478586703538895,1.3860576152801514
11500,mha_rope,456,3,4,0.08279408514499664,0.06565312296152115,1.3860576152801514
11500,mha_rope,456,3,5,0.07343272119760513,0.07722146064043045,1.3860576152801514
11500,mha_rope,456,3,6,0.042786866426467896,0.04527035355567932,1.3860576152801514
11500,mha_rope,456,3,7,0.05203664302825928,0.06755831092596054,1.3860576152801514
11500,mha_rope,456,3,8,0.08523824065923691,0.09727764129638672,1.3860576152801514
11500,mha_rope,456,3,9,0.04382680356502533,0.04278906434774399,1.3860576152801514
11500,mha_rope,456,3,10,0.06627817451953888,0.0663626417517662,1.3860576152801514
11500,mha_rope,456,3,11,0.07403391599655151,0.06588631868362427,1.3860576152801514
11500,mha_rope,456,3,12,0.055110473185777664,0.05535803362727165,1.3860576152801514
11500,mha_rope,456,3,13,0.06962952017784119,0.06625602394342422,1.3860576152801514
11500,mha_rope,456,3,14,0.05187510326504707,0.054678674787282944,1.3860576152801514
11500,mha_rope,456,3,15,0.058006592094898224,0.058774419128894806,1.3860576152801514
11500,mha_rope,456,4,0,0.05919362232089043,0.0650821253657341,1.2299424409866333
11500,mha_rope,456,4,1,0.04231373965740204,0.05445670336484909,1.2299424409866333
11500,mha_rope,456,4,2,0.05988464504480362,0.053828779608011246,1.2299424409866333
11500,mha_rope,456,4,3,0.04391571134328842,0.06470786035060883,1.2299424409866333
11500,mha_rope,456,4,4,0.10441772639751434,0.08124697953462601,1.2299424409866333
11500,mha_rope,456,4,5,0.07081298530101776,0.06509941071271896,1.2299424409866333
11500,mha_rope,456,4,6,0.07381937652826309,0.09102030843496323,1.2299424409866333
11500,mha_rope,456,4,7,0.05498321354389191,0.0631880834698677,1.2299424409866333
11500,mha_rope,456,4,8,0.058118488639593124,0.05490527302026749,1.2299424409866333
11500,mha_rope,456,4,9,0.05124867707490921,0.06975247710943222,1.2299424409866333
11500,mha_rope,456,4,10,0.046592000871896744,0.048360031098127365,1.2299424409866333
11500,mha_rope,456,4,11,0.07206054776906967,0.06519017368555069,1.2299424409866333
11500,mha_rope,456,4,12,0.06628051400184631,0.040991444140672684,1.2299424409866333
11500,mha_rope,456,4,13,0.04605652019381523,0.05851028487086296,1.2299424409866333
11500,mha_rope,456,4,14,0.07870300114154816,0.06319143623113632,1.2299424409866333
11500,mha_rope,456,4,15,0.07159922271966934,0.06046849116683006,1.2299424409866333
11500,mha_rope,456,5,0,0.07339141517877579,0.07078935205936432,1.2783453464508057
11500,mha_rope,456,5,1,0.07268117368221283,0.06331179291009903,1.2783453464508057
11500,mha_rope,456,5,2,0.05837972089648247,0.07439624518156052,1.2783453464508057
11500,mha_rope,456,5,3,0.05036163330078125,0.05294984579086304,1.2783453464508057
11500,mha_rope,456,5,4,0.09650889039039612,0.08993741869926453,1.2783453464508057
11500,mha_rope,456,5,5,0.03210815414786339,0.05192242190241814,1.2783453464508057
11500,mha_rope,456,5,6,0.026997476816177368,0.03923811763525009,1.2783453464508057
11500,mha_rope,456,5,7,0.09074503928422928,0.07627711445093155,1.2783453464508057
11500,mha_rope,456,5,8,0.04943735897541046,0.045931652188301086,1.2783453464508057
11500,mha_rope,456,5,9,0.05319102108478546,0.06006012111902237,1.2783453464508057
11500,mha_rope,456,5,10,0.09014109522104263,0.09203880280256271,1.2783453464508057
11500,mha_rope,456,5,11,0.052892353385686874,0.048023175448179245,1.2783453464508057
11500,mha_rope,456,5,12,0.06661519408226013,0.061094895005226135,1.2783453464508057
11500,mha_rope,456,5,13,0.08974649757146835,0.07877910882234573,1.2783453464508057
11500,mha_rope,456,5,14,0.04501454532146454,0.03143336996436119,1.2783453464508057
11500,mha_rope,456,5,15,0.05178843066096306,0.0638166069984436,1.2783453464508057
12000,mha_rope,456,1,0,0.05168456956744194,0.05809429660439491,2.2182040214538574
12000,mha_rope,456,1,1,0.06541167944669724,0.07010087370872498,2.2182040214538574
12000,mha_rope,456,1,2,0.056080322712659836,0.06565245240926743,2.2182040214538574
12000,mha_rope,456,1,3,0.06384684145450592,0.062493979930877686,2.2182040214538574
12000,mha_rope,456,1,4,0.06061848998069763,0.06453129649162292,2.2182040214538574
12000,mha_rope,456,1,5,0.057428181171417236,0.05835554748773575,2.2182040214538574
12000,mha_rope,456,1,6,0.05585021898150444,0.053437717258930206,2.2182040214538574
12000,mha_rope,456,1,7,0.06597015261650085,0.06142686307430267,2.2182040214538574
12000,mha_rope,456,1,8,0.06561248749494553,0.0696946308016777,2.2182040214538574
12000,mha_rope,456,1,9,0.07026427984237671,0.06409191340208054,2.2182040214538574
12000,mha_rope,456,1,10,0.07264119386672974,0.06479738652706146,2.2182040214538574
12000,mha_rope,456,1,11,0.05772033706307411,0.0683995932340622,2.2182040214538574
12000,mha_rope,456,1,12,0.059567056596279144,0.05964770168066025,2.2182040214538574
12000,mha_rope,456,1,13,0.0600840263068676,0.05358562991023064,2.2182040214538574
12000,mha_rope,456,1,14,0.0690033957362175,0.058293916285037994,2.2182040214538574
12000,mha_rope,456,1,15,0.06821675598621368,0.06739635020494461,2.2182040214538574
12000,mha_rope,456,2,0,0.054246723651885986,0.05347985401749611,1.553921103477478
12000,mha_rope,456,2,1,0.0667329952120781,0.05985366925597191,1.553921103477478
12000,mha_rope,456,2,2,0.05867146700620651,0.07416762411594391,1.553921103477478
12000,mha_rope,456,2,3,0.059663187712430954,0.05908433347940445,1.553921103477478
12000,mha_rope,456,2,4,0.07514078915119171,0.06853822618722916,1.553921103477478
12000,mha_rope,456,2,5,0.04708496108651161,0.06689722836017609,1.553921103477478
12000,mha_rope,456,2,6,0.06705047935247421,0.07072508335113525,1.553921103477478
12000,mha_rope,456,2,7,0.06941507756710052,0.05751931667327881,1.553921103477478
12000,mha_rope,456,2,8,0.04542948305606842,0.05814804136753082,1.553921103477478
12000,mha_rope,456,2,9,0.05398905277252197,0.06258364021778107,1.553921103477478
12000,mha_rope,456,2,10,0.06587890535593033,0.06746732443571091,1.553921103477478
12000,mha_rope,456,2,11,0.07927246391773224,0.08206949383020401,1.553921103477478
12000,mha_rope,456,2,12,0.06367971003055573,0.05734989792108536,1.553921103477478
12000,mha_rope,456,2,13,0.07548105716705322,0.051134783774614334,1.553921103477478
12000,mha_rope,456,2,14,0.07802266627550125,0.06802551448345184,1.553921103477478
12000,mha_rope,456,2,15,0.04024098813533783,0.04295595362782478,1.553921103477478
12000,mha_rope,456,3,0,0.04252461716532707,0.05185558274388313,1.3823730945587158
12000,mha_rope,456,3,1,0.05647939071059227,0.06534253805875778,1.3823730945587158
12000,mha_rope,456,3,2,0.0736096203327179,0.055916257202625275,1.3823730945587158
12000,mha_rope,456,3,3,0.07040903717279434,0.057570215314626694,1.3823730945587158
12000,mha_rope,456,3,4,0.08554453402757645,0.06920909136533737,1.3823730945587158
12000,mha_rope,456,3,5,0.07425984740257263,0.08010151982307434,1.3823730945587158
12000,mha_rope,456,3,6,0.03976043686270714,0.04235067218542099,1.3823730945587158
12000,mha_rope,456,3,7,0.052770182490348816,0.06973672658205032,1.3823730945587158
12000,mha_rope,456,3,8,0.08522643893957138,0.09765218943357468,1.3823730945587158
12000,mha_rope,456,3,9,0.04180908203125,0.041775017976760864,1.3823730945587158
12000,mha_rope,456,3,10,0.06576395779848099,0.06454978883266449,1.3823730945587158
12000,mha_rope,456,3,11,0.0757676213979721,0.06739328056573868,1.3823730945587158
12000,mha_rope,456,3,12,0.056478168815374374,0.05744687467813492,1.3823730945587158
12000,mha_rope,456,3,13,0.06982167810201645,0.06559031456708908,1.3823730945587158
12000,mha_rope,456,3,14,0.053168538957834244,0.05612875148653984,1.3823730945587158
12000,mha_rope,456,3,15,0.056606851518154144,0.05738130584359169,1.3823730945587158
12000,mha_rope,456,4,0,0.05942840501666069,0.06607144325971603,1.2251136302947998
12000,mha_rope,456,4,1,0.04193888232111931,0.0535101443529129,1.2251136302947998
12000,mha_rope,456,4,2,0.05759979411959648,0.05213799327611923,1.2251136302947998
12000,mha_rope,456,4,3,0.04472493380308151,0.06496355682611465,1.2251136302947998
12000,mha_rope,456,4,4,0.10427612066268921,0.08209244906902313,1.2251136302947998
12000,mha_rope,456,4,5,0.06856709718704224,0.06329486519098282,1.2251136302947998
12000,mha_rope,456,4,6,0.07369791716337204,0.09199155867099762,1.2251136302947998
12000,mha_rope,456,4,7,0.05367167294025421,0.06136288493871689,1.2251136302947998
12000,mha_rope,456,4,8,0.05793497711420059,0.054986532777547836,1.2251136302947998
12000,mha_rope,456,4,9,0.050392962992191315,0.06864809989929199,1.2251136302947998
12000,mha_rope,456,4,10,0.04636942595243454,0.04813747853040695,1.2251136302947998
12000,mha_rope,456,4,11,0.07451935112476349,0.06667061150074005,1.2251136302947998
12000,mha_rope,456,4,12,0.06785319000482559,0.0414920412003994,1.2251136302947998
12000,mha_rope,456,4,13,0.046861469745635986,0.059586264193058014,1.2251136302947998
12000,mha_rope,456,4,14,0.07972931116819382,0.06371752917766571,1.2251136302947998
12000,mha_rope,456,4,15,0.07243449240922928,0.06133650615811348,1.2251136302947998
12000,mha_rope,456,5,0,0.07443206757307053,0.07248780876398087,1.2635380029678345
12000,mha_rope,456,5,1,0.07237426936626434,0.0629214271903038,1.2635380029678345
12000,mha_rope,456,5,2,0.05702707916498184,0.07388163357973099,1.2635380029678345
12000,mha_rope,456,5,3,0.049966126680374146,0.05232074484229088,1.2635380029678345
12000,mha_rope,456,5,4,0.0944882184267044,0.08704254776239395,1.2635380029678345
12000,mha_rope,456,5,5,0.03238871321082115,0.0518675334751606,1.2635380029678345
12000,mha_rope,456,5,6,0.027186788618564606,0.03955812007188797,1.2635380029678345
12000,mha_rope,456,5,7,0.09056172519922256,0.07696964591741562,1.2635380029678345
12000,mha_rope,456,5,8,0.04766367748379707,0.04344575107097626,1.2635380029678345
12000,mha_rope,456,5,9,0.05453430116176605,0.06232168897986412,1.2635380029678345
12000,mha_rope,456,5,10,0.09047169983386993,0.09245991706848145,1.2635380029678345
12000,mha_rope,456,5,11,0.0524819940328598,0.04841296747326851,1.2635380029678345
12000,mha_rope,456,5,12,0.0641670748591423,0.05834023281931877,1.2635380029678345
12000,mha_rope,456,5,13,0.09220875799655914,0.08023199439048767,1.2635380029678345
12000,mha_rope,456,5,14,0.04964131489396095,0.03487701714038849,1.2635380029678345
12000,mha_rope,456,5,15,0.050406187772750854,0.06286080181598663,1.2635380029678345
12500,mha_rope,456,1,0,0.04909322038292885,0.05704529955983162,2.211888313293457
12500,mha_rope,456,1,1,0.065142922103405,0.07001428306102753,2.211888313293457
12500,mha_rope,456,1,2,0.05442037060856819,0.06499025970697403,2.211888313293457
12500,mha_rope,456,1,3,0.06497161835432053,0.06466786563396454,2.211888313293457
12500,mha_rope,456,1,4,0.0681469738483429,0.06711860746145248,2.211888313293457
12500,mha_rope,456,1,5,0.058143310248851776,0.05978327617049217,2.211888313293457
12500,mha_rope,456,1,6,0.0576457716524601,0.05357025936245918,2.211888313293457
12500,mha_rope,456,1,7,0.06792175024747849,0.061802614480257034,2.211888313293457
12500,mha_rope,456,1,8,0.06448374688625336,0.06849513947963715,2.211888313293457
12500,mha_rope,456,1,9,0.06925822049379349,0.06319386512041092,2.211888313293457
12500,mha_rope,456,1,10,0.07022643834352493,0.0630146861076355,2.211888313293457
12500,mha_rope,456,1,11,0.060156963765621185,0.06891440600156784,2.211888313293457
12500,mha_rope,456,1,12,0.055100809782743454,0.05768456310033798,2.211888313293457
12500,mha_rope,456,1,13,0.05797170102596283,0.05232363939285278,2.211888313293457
12500,mha_rope,456,1,14,0.06903961300849915,0.05877795070409775,2.211888313293457
12500,mha_rope,456,1,15,0.06827656924724579,0.06860324740409851,2.211888313293457
12500,mha_rope,456,2,0,0.05431609973311424,0.05439619719982147,1.5604705810546875
12500,mha_rope,456,2,1,0.07019694149494171,0.062480196356773376,1.5604705810546875
12500,mha_rope,456,2,2,0.061794739216566086,0.0773499459028244,1.5604705810546875
12500,mha_rope,456,2,3,0.05984964966773987,0.059589311480522156,1.5604705810546875
12500,mha_rope,456,2,4,0.0740286260843277,0.06830120086669922,1.5604705810546875
12500,mha_rope,456,2,5,0.04753316193819046,0.06770884245634079,1.5604705810546875
12500,mha_rope,456,2,6,0.06596262753009796,0.06856834143400192,1.5604705810546875
12500,mha_rope,456,2,7,0.06860270351171494,0.05672265216708183,1.5604705810546875
12500,mha_rope,456,2,8,0.04359853267669678,0.055821601301431656,1.5604705810546875
12500,mha_rope,456,2,9,0.05222564563155174,0.06014900282025337,1.5604705810546875
12500,mha_rope,456,2,10,0.06718902289867401,0.06818956136703491,1.5604705810546875
12500,mha_rope,456,2,11,0.07889465242624283,0.08237903565168381,1.5604705810546875
12500,mha_rope,456,2,12,0.06374166160821915,0.057266782969236374,1.5604705810546875
12500,mha_rope,456,2,13,0.07405263185501099,0.050853125751018524,1.5604705810546875
12500,mha_rope,456,2,14,0.0780525729060173,0.06740997731685638,1.5604705810546875
12500,mha_rope,456,2,15,0.03996073454618454,0.0428142212331295,1.5604705810546875
12500,mha_rope,456,3,0,0.0416279099881649,0.05177537351846695,1.3885908126831055
12500,mha_rope,456,3,1,0.058103129267692566,0.06785932928323746,1.3885908126831055
12500,mha_rope,456,3,2,0.07167470455169678,0.054626986384391785,1.3885908126831055
12500,mha_rope,456,3,3,0.07156931608915329,0.058984920382499695,1.3885908126831055
12500,mha_rope,456,3,4,0.08411956578493118,0.06749964505434036,1.3885908126831055
12500,mha_rope,456,3,5,0.07344380766153336,0.07705391943454742,1.3885908126831055
12500,mha_rope,456,3,6,0.04068135470151901,0.04335026070475578,1.3885908126831055
12500,mha_rope,456,3,7,0.053053997457027435,0.06943591684103012,1.3885908126831055
12500,mha_rope,456,3,8,0.08631876856088638,0.09890792518854141,1.3885908126831055
12500,mha_rope,456,3,9,0.04462575167417526,0.04370933398604393,1.3885908126831055
12500,mha_rope,456,3,10,0.06551259011030197,0.06450958549976349,1.3885908126831055
12500,mha_rope,456,3,11,0.07495015114545822,0.06636840105056763,1.3885908126831055
12500,mha_rope,456,3,12,0.0563589483499527,0.05691933259367943,1.3885908126831055
12500,mha_rope,456,3,13,0.06999318301677704,0.06576185673475266,1.3885908126831055
12500,mha_rope,456,3,14,0.051620788872241974,0.05562174320220947,1.3885908126831055
12500,mha_rope,456,3,15,0.05634602904319763,0.057615529745817184,1.3885908126831055
12500,mha_rope,456,4,0,0.05952595919370651,0.06486816704273224,1.2293590307235718
12500,mha_rope,456,4,1,0.04254964366555214,0.05463658645749092,1.2293590307235718
12500,mha_rope,456,4,2,0.05714528262615204,0.05198228359222412,1.2293590307235718
12500,mha_rope,456,4,3,0.0431925468146801,0.06336522102355957,1.2293590307235718
12500,mha_rope,456,4,4,0.10745615512132645,0.08487001061439514,1.2293590307235718
12500,mha_rope,456,4,5,0.06713084131479263,0.06230872496962547,1.2293590307235718
12500,mha_rope,456,4,6,0.0731513500213623,0.09039232134819031,1.2293590307235718
12500,mha_rope,456,4,7,0.05464182421565056,0.06368522346019745,1.2293590307235718
12500,mha_rope,456,4,8,0.057245075702667236,0.05515812709927559,1.2293590307235718
12500,mha_rope,456,4,9,0.05157887935638428,0.07001441717147827,1.2293590307235718
12500,mha_rope,456,4,10,0.04542724788188934,0.047162216156721115,1.2293590307235718
12500,mha_rope,456,4,11,0.07350403070449829,0.06569313257932663,1.2293590307235718
12500,mha_rope,456,4,12,0.06847473233938217,0.04297710210084915,1.2293590307235718
12500,mha_rope,456,4,13,0.04597920551896095,0.05788858234882355,1.2293590307235718
12500,mha_rope,456,4,14,0.08010376244783401,0.06409680843353271,1.2293590307235718
12500,mha_rope,456,4,15,0.07289347052574158,0.06090116500854492,1.2293590307235718
12500,mha_rope,456,5,0,0.07509399205446243,0.07143601030111313,1.2671432495117188
12500,mha_rope,456,5,1,0.07297831028699875,0.06352290511131287,1.2671432495117188
12500,mha_rope,456,5,2,0.05651916563510895,0.07304713875055313,1.2671432495117188
12500,mha_rope,456,5,3,0.0487556979060173,0.051122020930051804,1.2671432495117188
12500,mha_rope,456,5,4,0.09596344083547592,0.08986389636993408,1.2671432495117188
12500,mha_rope,456,5,5,0.03209340572357178,0.05218066647648811,1.2671432495117188
12500,mha_rope,456,5,6,0.026925455778837204,0.039100926369428635,1.2671432495117188
12500,mha_rope,456,5,7,0.09163442254066467,0.07754995673894882,1.2671432495117188
12500,mha_rope,456,5,8,0.047694601118564606,0.04318097233772278,1.2671432495117188
12500,mha_rope,456,5,9,0.05393208935856819,0.06076573207974434,1.2671432495117188
12500,mha_rope,456,5,10,0.09100586175918579,0.09334877133369446,1.2671432495117188
12500,mha_rope,456,5,11,0.050053201615810394,0.045688923448324203,1.2671432495117188
12500,mha_rope,456,5,12,0.06475911289453506,0.059980813413858414,1.2671432495117188
12500,mha_rope,456,5,13,0.09159830957651138,0.07975129038095474,1.2671432495117188
12500,mha_rope,456,5,14,0.049174193292856216,0.03485411778092384,1.2671432495117188
12500,mha_rope,456,5,15,0.05181874707341194,0.0646059662103653,1.2671432495117188
13000,mha_rope,456,1,0,0.04997629672288895,0.05898061767220497,2.2008285522460938
13000,mha_rope,456,1,1,0.061822306364774704,0.06757618486881256,2.2008285522460938
13000,mha_rope,456,1,2,0.055234476923942566,0.06513142585754395,2.2008285522460938
13000,mha_rope,456,1,3,0.06788940727710724,0.0665605440735817,2.2008285522460938
13000,mha_rope,456,1,4,0.06883840262889862,0.0678529441356659,2.2008285522460938
13000,mha_rope,456,1,5,0.0589192695915699,0.060116156935691833,2.2008285522460938
13000,mha_rope,456,1,6,0.06698700040578842,0.0567212849855423,2.2008285522460938
13000,mha_rope,456,1,7,0.059989217668771744,0.059193503111600876,2.2008285522460938
13000,mha_rope,456,1,8,0.06384643912315369,0.0675903856754303,2.2008285522460938
13000,mha_rope,456,1,9,0.06793436408042908,0.06268294900655746,2.2008285522460938
13000,mha_rope,456,1,10,0.06932057440280914,0.062303490936756134,2.2008285522460938
13000,mha_rope,456,1,11,0.053345538675785065,0.06622189283370972,2.2008285522460938
13000,mha_rope,456,1,12,0.06239970028400421,0.06028805300593376,2.2008285522460938
13000,mha_rope,456,1,13,0.05632781982421875,0.05163539946079254,2.2008285522460938
13000,mha_rope,456,1,14,0.0693899542093277,0.05866800993680954,2.2008285522460938
13000,mha_rope,456,1,15,0.06777923554182053,0.06847704946994781,2.2008285522460938
13000,mha_rope,456,2,0,0.057325541973114014,0.05521319806575775,1.5516222715377808
13000,mha_rope,456,2,1,0.06563161313533783,0.05873960629105568,1.5516222715377808
13000,mha_rope,456,2,2,0.0577615350484848,0.07301336526870728,1.5516222715377808
13000,mha_rope,456,2,3,0.06011250987648964,0.060320865362882614,1.5516222715377808
13000,mha_rope,456,2,4,0.0714530423283577,0.0659761130809784,1.5516222715377808
13000,mha_rope,456,2,5,0.04855397716164589,0.06914518773555756,1.5516222715377808
13000,mha_rope,456,2,6,0.06714518368244171,0.06960464268922806,1.5516222715377808
13000,mha_rope,456,2,7,0.07020680606365204,0.05750327929854393,1.5516222715377808
13000,mha_rope,456,2,8,0.045435283333063126,0.0578206367790699,1.5516222715377808
13000,mha_rope,456,2,9,0.05457967147231102,0.06281562894582748,1.5516222715377808
13000,mha_rope,456,2,10,0.06607350707054138,0.0672580748796463,1.5516222715377808
13000,mha_rope,456,2,11,0.07913706451654434,0.08302521705627441,1.5516222715377808
13000,mha_rope,456,2,12,0.06262064725160599,0.05707525834441185,1.5516222715377808
13000,mha_rope,456,2,13,0.0735536739230156,0.04934888333082199,1.5516222715377808
13000,mha_rope,456,2,14,0.07939361780881882,0.06957200169563293,1.5516222715377808
13000,mha_rope,456,2,15,0.041016336530447006,0.04356808960437775,1.5516222715377808
13000,mha_rope,456,3,0,0.04375040531158447,0.05309523642063141,1.38051176071167
13000,mha_rope,456,3,1,0.05742940306663513,0.06670431047677994,1.38051176071167
13000,mha_rope,456,3,2,0.07424824684858322,0.05745933577418327,1.38051176071167
13000,mha_rope,456,3,3,0.0707511380314827,0.057742804288864136,1.38051176071167
13000,mha_rope,456,3,4,0.08371317386627197,0.0671706348657608,1.38051176071167
13000,mha_rope,456,3,5,0.07496632635593414,0.07895482331514359,1.38051176071167
13000,mha_rope,456,3,6,0.04224945232272148,0.044295333325862885,1.38051176071167
13000,mha_rope,456,3,7,0.05268249660730362,0.06979061663150787,1.38051176071167
13000,mha_rope,456,3,8,0.08557230979204178,0.09802111983299255,1.38051176071167
13000,mha_rope,456,3,9,0.042125143110752106,0.04185290262103081,1.38051176071167
13000,mha_rope,456,3,10,0.06464233249425888,0.06412463635206223,1.38051176071167
13000,mha_rope,456,3,11,0.07554616034030914,0.06732916831970215,1.38051176071167
13000,mha_rope,456,3,12,0.056403808295726776,0.05709679424762726,1.38051176071167
13000,mha_rope,456,3,13,0.06903737038373947,0.06492673605680466,1.38051176071167
13000,mha_rope,456,3,14,0.051331378519535065,0.05442388355731964,1.38051176071167
13000,mha_rope,456,3,15,0.055550843477249146,0.05701166018843651,1.38051176071167
13000,mha_rope,456,4,0,0.060059305280447006,0.06558084487915039,1.225406527519226
13000,mha_rope,456,4,1,0.042796529829502106,0.054592933505773544,1.225406527519226
13000,mha_rope,456,4,2,0.05903055891394615,0.05334992706775665,1.225406527519226
13000,mha_rope,456,4,3,0.044927164912223816,0.06538018584251404,1.225406527519226
13000,mha_rope,456,4,4,0.10503631830215454,0.08278350532054901,1.225406527519226
13000,mha_rope,456,4,5,0.06689158082008362,0.061845093965530396,1.225406527519226
13000,mha_rope,456,4,6,0.07307545840740204,0.09149537980556488,1.225406527519226
13000,mha_rope,456,4,7,0.05385986343026161,0.06184643879532814,1.225406527519226
13000,mha_rope,456,4,8,0.0581931546330452,0.05517251789569855,1.225406527519226
13000,mha_rope,456,4,9,0.05226023495197296,0.07065172493457794,1.225406527519226
13000,mha_rope,456,4,10,0.04641876369714737,0.0485319122672081,1.225406527519226
13000,mha_rope,456,4,11,0.07336130738258362,0.06590647995471954,1.225406527519226
13000,mha_rope,456,4,12,0.06673116236925125,0.04087413102388382,1.225406527519226
13000,mha_rope,456,4,13,0.04625040665268898,0.058658454567193985,1.225406527519226
13000,mha_rope,456,4,14,0.07889597862958908,0.06275898963212967,1.225406527519226
13000,mha_rope,456,4,15,0.07221221923828125,0.06057151034474373,1.225406527519226
13000,mha_rope,456,5,0,0.07270436733961105,0.07024285942316055,1.2657054662704468
13000,mha_rope,456,5,1,0.07215850800275803,0.06337308883666992,1.2657054662704468
13000,mha_rope,456,5,2,0.05676666274666786,0.07275974005460739,1.2657054662704468
13000,mha_rope,456,5,3,0.04921244457364082,0.05141998827457428,1.2657054662704468
13000,mha_rope,456,5,4,0.09513743221759796,0.08820631355047226,1.2657054662704468
13000,mha_rope,456,5,5,0.03203572705388069,0.051549602299928665,1.2657054662704468
13000,mha_rope,456,5,6,0.027204692363739014,0.039763469249010086,1.2657054662704468
13000,mha_rope,456,5,7,0.09121754765510559,0.07664318382740021,1.2657054662704468
13000,mha_rope,456,5,8,0.04808003827929497,0.04443405941128731,1.2657054662704468
13000,mha_rope,456,5,9,0.05435292422771454,0.061902884393930435,1.2657054662704468
13000,mha_rope,456,5,10,0.09166239202022552,0.09447541832923889,1.2657054662704468
13000,mha_rope,456,5,11,0.05253224819898605,0.04746458679437637,1.2657054662704468
13000,mha_rope,456,5,12,0.06492126733064651,0.05888662487268448,1.2657054662704468
13000,mha_rope,456,5,13,0.08996053040027618,0.07918676733970642,1.2657054662704468
13000,mha_rope,456,5,14,0.04988657683134079,0.03524576500058174,1.2657054662704468
13000,mha_rope,456,5,15,0.0521666444838047,0.06444579362869263,1.2657054662704468
13500,mha_rope,456,1,0,0.05246083438396454,0.05713319033384323,2.1952385902404785
13500,mha_rope,456,1,1,0.0650392696261406,0.07027335464954376,2.1952385902404785
13500,mha_rope,456,1,2,0.05645792558789253,0.06559135019779205,2.1952385902404785
13500,mha_rope,456,1,3,0.06906086951494217,0.0662081390619278,2.1952385902404785
13500,mha_rope,456,1,4,0.06431233882904053,0.06545734405517578,2.1952385902404785
13500,mha_rope,456,1,5,0.05920593440532684,0.060501087456941605,2.1952385902404785
13500,mha_rope,456,1,6,0.05452260375022888,0.05249081552028656,2.1952385902404785
13500,mha_rope,456,1,7,0.06305664032697678,0.05963817611336708,2.1952385902404785
13500,mha_rope,456,1,8,0.06554900854825974,0.06991485506296158,2.1952385902404785
13500,mha_rope,456,1,9,0.06475433707237244,0.06063533201813698,2.1952385902404785
13500,mha_rope,456,1,10,0.07121114432811737,0.06334396451711655,2.1952385902404785
13500,mha_rope,456,1,11,0.056698404252529144,0.06716843694448471,2.1952385902404785
13500,mha_rope,456,1,12,0.0582510381937027,0.059127502143383026,2.1952385902404785
13500,mha_rope,456,1,13,0.05924326553940773,0.05356926470994949,2.1952385902404785
13500,mha_rope,456,1,14,0.07132436335086823,0.05881497636437416,2.1952385902404785
13500,mha_rope,456,1,15,0.0688520297408104,0.07013226300477982,2.1952385902404785
13500,mha_rope,456,2,0,0.053895771503448486,0.05303008854389191,1.5563732385635376
13500,mha_rope,456,2,1,0.06821095943450928,0.06091461703181267,1.5563732385635376
13500,mha_rope,456,2,2,0.058478087186813354,0.07458837330341339,1.5563732385635376
13500,mha_rope,456,2,3,0.060582682490348816,0.06054339185357094,1.5563732385635376
13500,mha_rope,456,2,4,0.07305572181940079,0.06731629371643066,1.5563732385635376
13500,mha_rope,456,2,5,0.04848062992095947,0.06992654502391815,1.5563732385635376
13500,mha_rope,456,2,6,0.06658172607421875,0.06975262612104416,1.5563732385635376
13500,mha_rope,456,2,7,0.07067423313856125,0.0580812506377697,1.5563732385635376
13500,mha_rope,456,2,8,0.0464598573744297,0.05890166014432907,1.5563732385635376
13500,mha_rope,456,2,9,0.05546163022518158,0.0641058161854744,1.5563732385635376
13500,mha_rope,456,2,10,0.06625182926654816,0.06710141897201538,1.5563732385635376
13500,mha_rope,456,2,11,0.0776609256863594,0.08029048889875412,1.5563732385635376
13500,mha_rope,456,2,12,0.06087595596909523,0.05552292615175247,1.5563732385635376
13500,mha_rope,456,2,13,0.07447580993175507,0.04913008213043213,1.5563732385635376
13500,mha_rope,456,2,14,0.07808634638786316,0.06752781569957733,1.5563732385635376
13500,mha_rope,456,2,15,0.04076782241463661,0.043266650289297104,1.5563732385635376
13500,mha_rope,456,3,0,0.043383076786994934,0.05258389562368393,1.3861885070800781
13500,mha_rope,456,3,1,0.05724426358938217,0.0674409419298172,1.3861885070800781
13500,mha_rope,456,3,2,0.07296081632375717,0.05593091994524002,1.3861885070800781
13500,mha_rope,456,3,3,0.07251220941543579,0.059577446430921555,1.3861885070800781
13500,mha_rope,456,3,4,0.08447051793336868,0.06716224551200867,1.3861885070800781
13500,mha_rope,456,3,5,0.07496704161167145,0.07927548885345459,1.3861885070800781
13500,mha_rope,456,3,6,0.0404510498046875,0.04331134259700775,1.3861885070800781
13500,mha_rope,456,3,7,0.05273132398724556,0.0689205750823021,1.3861885070800781
13500,mha_rope,456,3,8,0.08538512885570526,0.0970953032374382,1.3861885070800781
13500,mha_rope,456,3,9,0.04142547771334648,0.04132290929555893,1.3861885070800781
13500,mha_rope,456,3,10,0.06616180390119553,0.065517358481884,1.3861885070800781
13500,mha_rope,456,3,11,0.0750008150935173,0.06656230241060257,1.3861885070800781
13500,mha_rope,456,3,12,0.055450234562158585,0.05627366527915001,1.3861885070800781
13500,mha_rope,456,3,13,0.06982146948575974,0.06643584370613098,1.3861885070800781
13500,mha_rope,456,3,14,0.052012328058481216,0.05570763722062111,1.3861885070800781
13500,mha_rope,456,3,15,0.056022439152002335,0.05688219889998436,1.3861885070800781
13500,mha_rope,456,4,0,0.059202373027801514,0.06391727179288864,1.2288682460784912
13500,mha_rope,456,4,1,0.04225514829158783,0.05376158282160759,1.2288682460784912
13500,mha_rope,456,4,2,0.058013916015625,0.05254858359694481,1.2288682460784912
13500,mha_rope,456,4,3,0.04422953352332115,0.06498515605926514,1.2288682460784912
13500,mha_rope,456,4,4,0.1049797534942627,0.08217287063598633,1.2288682460784912
13500,mha_rope,456,4,5,0.0681343600153923,0.06333360075950623,1.2288682460784912
13500,mha_rope,456,4,6,0.07398671656847,0.09204625338315964,1.2288682460784912
13500,mha_rope,456,4,7,0.05411163344979286,0.062225278466939926,1.2288682460784912
13500,mha_rope,456,4,8,0.05845804885029793,0.05592421069741249,1.2288682460784912
13500,mha_rope,456,4,9,0.05145355314016342,0.06982405483722687,1.2288682460784912
13500,mha_rope,456,4,10,0.046081848442554474,0.047937799245119095,1.2288682460784912
13500,mha_rope,456,4,11,0.07260975986719131,0.06544796377420425,1.2288682460784912
13500,mha_rope,456,4,12,0.06767801940441132,0.04200785979628563,1.2288682460784912
13500,mha_rope,456,4,13,0.046699829399585724,0.05849559232592583,1.2288682460784912
13500,mha_rope,456,4,14,0.07897013425827026,0.0636148527264595,1.2288682460784912
13500,mha_rope,456,4,15,0.0731353759765625,0.06175714358687401,1.2288682460784912
13500,mha_rope,456,5,0,0.07464772462844849,0.07075915485620499,1.2669051885604858
13500,mha_rope,456,5,1,0.07359710335731506,0.06495922803878784,1.2669051885604858
13500,mha_rope,456,5,2,0.05604766681790352,0.07282087206840515,1.2669051885604858
13500,mha_rope,456,5,3,0.04931691661477089,0.05172402411699295,1.2669051885604858
13500,mha_rope,456,5,4,0.09617604315280914,0.08982149511575699,1.2669051885604858
13500,mha_rope,456,5,5,0.032264403998851776,0.052052997052669525,1.2669051885604858
13500,mha_rope,456,5,6,0.026356810703873634,0.038455091416835785,1.2669051885604858
13500,mha_rope,456,5,7,0.09151662141084671,0.07665955275297165,1.2669051885604858
13500,mha_rope,456,5,8,0.048484496772289276,0.044361189007759094,1.2669051885604858
13500,mha_rope,456,5,9,0.05467641353607178,0.06267598271369934,1.2669051885604858
13500,mha_rope,456,5,10,0.0918368548154831,0.09424937516450882,1.2669051885604858
13500,mha_rope,456,5,11,0.05299560725688934,0.04833577945828438,1.2669051885604858
13500,mha_rope,456,5,12,0.06434010714292526,0.05808413773775101,1.2669051885604858
13500,mha_rope,456,5,13,0.0887337252497673,0.07785612344741821,1.2669051885604858
13500,mha_rope,456,5,14,0.04795776307582855,0.03384855389595032,1.2669051885604858
13500,mha_rope,456,5,15,0.05105173587799072,0.06333640962839127,1.2669051885604858
14000,mha_rope,456,1,0,0.0509675107896328,0.05817717686295509,2.1943752765655518
14000,mha_rope,456,1,1,0.059534404426813126,0.06585980951786041,2.1943752765655518
14000,mha_rope,456,1,2,0.05420776456594467,0.06488950550556183,2.1943752765655518
14000,mha_rope,456,1,3,0.06911875307559967,0.06638937443494797,2.1943752765655518
14000,mha_rope,456,1,4,0.06982574611902237,0.06867578625679016,2.1943752765655518
14000,mha_rope,456,1,5,0.057630106806755066,0.05988851562142372,2.1943752765655518
14000,mha_rope,456,1,6,0.06624583154916763,0.05797283723950386,2.1943752765655518
14000,mha_rope,456,1,7,0.06217030808329582,0.06045396625995636,2.1943752765655518
14000,mha_rope,456,1,8,0.06267761439085007,0.06649158895015717,2.1943752765655518
14000,mha_rope,456,1,9,0.06550496071577072,0.060978494584560394,2.1943752765655518
14000,mha_rope,456,1,10,0.0707174688577652,0.06363428384065628,2.1943752765655518
14000,mha_rope,456,1,11,0.052413228899240494,0.0651492029428482,2.1943752765655518
14000,mha_rope,456,1,12,0.0580119825899601,0.058903198689222336,2.1943752765655518
14000,mha_rope,456,1,13,0.059388428926467896,0.053737424314022064,2.1943752765655518
14000,mha_rope,456,1,14,0.0739988163113594,0.060411397367715836,2.1943752765655518
14000,mha_rope,456,1,15,0.06758707761764526,0.06838738918304443,2.1943752765655518
14000,mha_rope,456,2,0,0.055578816682100296,0.05519193038344383,1.5564017295837402
14000,mha_rope,456,2,1,0.06602488458156586,0.05886486545205116,1.5564017295837402
14000,mha_rope,456,2,2,0.06021362170577049,0.07527058571577072,1.5564017295837402
14000,mha_rope,456,2,3,0.06162607669830322,0.06187485530972481,1.5564017295837402
14000,mha_rope,456,2,4,0.07379008084535599,0.06743903458118439,1.5564017295837402
14000,mha_rope,456,2,5,0.04798339679837227,0.06856860965490341,1.5564017295837402
14000,mha_rope,456,2,6,0.06564076989889145,0.06835593283176422,1.5564017295837402
14000,mha_rope,456,2,7,0.06778126955032349,0.056347090750932693,1.5564017295837402
14000,mha_rope,456,2,8,0.04497324675321579,0.057873256504535675,1.5564017295837402
14000,mha_rope,456,2,9,0.05197489261627197,0.06158936768770218,1.5564017295837402
14000,mha_rope,456,2,10,0.06762776523828506,0.06898783147335052,1.5564017295837402
14000,mha_rope,456,2,11,0.07702066749334335,0.08001954108476639,1.5564017295837402
14000,mha_rope,456,2,12,0.06311900168657303,0.05693955719470978,1.5564017295837402
14000,mha_rope,456,2,13,0.0751451626420021,0.0503527857363224,1.5564017295837402
14000,mha_rope,456,2,14,0.0791282132267952,0.06775722652673721,1.5564017295837402
14000,mha_rope,456,2,15,0.04237212985754013,0.04456761106848717,1.5564017295837402
14000,mha_rope,456,3,0,0.04274037852883339,0.051940299570560455,1.3898653984069824
14000,mha_rope,456,3,1,0.056672364473342896,0.06565549969673157,1.3898653984069824
14000,mha_rope,456,3,2,0.07312866300344467,0.05658772215247154,1.3898653984069824
14000,mha_rope,456,3,3,0.07130401581525803,0.05856502428650856,1.3898653984069824
14000,mha_rope,456,3,4,0.08367085456848145,0.06745047122240067,1.3898653984069824
14000,mha_rope,456,3,5,0.0757821649312973,0.081412672996521,1.3898653984069824
14000,mha_rope,456,3,6,0.04319152981042862,0.04565441608428955,1.3898653984069824
14000,mha_rope,456,3,7,0.052096761763095856,0.06849107891321182,1.3898653984069824
14000,mha_rope,456,3,8,0.08479512482881546,0.09550537914037704,1.3898653984069824
14000,mha_rope,456,3,9,0.04256846010684967,0.04278682917356491,1.3898653984069824
14000,mha_rope,456,3,10,0.06444356590509415,0.06332580745220184,1.3898653984069824
14000,mha_rope,456,3,11,0.0731283575296402,0.06529030203819275,1.3898653984069824
14000,mha_rope,456,3,12,0.056562092155218124,0.05722751095890999,1.3898653984069824
14000,mha_rope,456,3,13,0.06857116520404816,0.06461813300848007,1.3898653984069824
14000,mha_rope,456,3,14,0.0522695928812027,0.056098856031894684,1.3898653984069824
14000,mha_rope,456,3,15,0.05907491222023964,0.059389907866716385,1.3898653984069824
14000,mha_rope,456,4,0,0.05955129116773605,0.0647825077176094,1.233084797859192
14000,mha_rope,456,4,1,0.04213561862707138,0.05372793972492218,1.233084797859192
14000,mha_rope,456,4,2,0.05936146900057793,0.05388052016496658,1.233084797859192
14000,mha_rope,456,4,3,0.04429179057478905,0.06487522274255753,1.233084797859192
14000,mha_rope,456,4,4,0.10515065491199493,0.08247531950473785,1.233084797859192
14000,mha_rope,456,4,5,0.06935445219278336,0.06428949534893036,1.233084797859192
14000,mha_rope,456,4,6,0.07345397770404816,0.0911530926823616,1.233084797859192
14000,mha_rope,456,4,7,0.05501312389969826,0.0632951632142067,1.233084797859192
14000,mha_rope,456,4,8,0.05934753268957138,0.05577279254794121,1.233084797859192
14000,mha_rope,456,4,9,0.051668498665094376,0.07012567669153214,1.233084797859192
14000,mha_rope,456,4,10,0.04621388763189316,0.04824448749423027,1.233084797859192
14000,mha_rope,456,4,11,0.07277058809995651,0.06532131880521774,1.233084797859192
14000,mha_rope,456,4,12,0.06521331518888474,0.04099353030323982,1.233084797859192
14000,mha_rope,456,4,13,0.04661254957318306,0.058749981224536896,1.233084797859192
14000,mha_rope,456,4,14,0.0775291919708252,0.062069326639175415,1.233084797859192
14000,mha_rope,456,4,15,0.07233205437660217,0.06024372577667236,1.233084797859192
14000,mha_rope,456,5,0,0.07246226072311401,0.06963976472616196,1.2739231586456299
14000,mha_rope,456,5,1,0.07250956445932388,0.06393387913703918,1.2739231586456299
14000,mha_rope,456,5,2,0.05665628984570503,0.0728716254234314,1.2739231586456299
14000,mha_rope,456,5,3,0.050612691789865494,0.05285193398594856,1.2739231586456299
14000,mha_rope,456,5,4,0.09396056830883026,0.08671004325151443,1.2739231586456299
14000,mha_rope,456,5,5,0.03260447084903717,0.05234160274267197,1.2739231586456299
14000,mha_rope,456,5,6,0.027367044240236282,0.03963829204440117,1.2739231586456299
14000,mha_rope,456,5,7,0.08926951140165329,0.0749586820602417,1.2739231586456299
14000,mha_rope,456,5,8,0.04941396042704582,0.045498285442590714,1.2739231586456299
14000,mha_rope,456,5,9,0.05559224262833595,0.06323284655809402,1.2739231586456299
14000,mha_rope,456,5,10,0.09120158106088638,0.09363134950399399,1.2739231586456299
14000,mha_rope,456,5,11,0.05227925628423691,0.0475071482360363,1.2739231586456299
14000,mha_rope,456,5,12,0.06521738320589066,0.059219468384981155,1.2739231586456299
14000,mha_rope,456,5,13,0.09094461798667908,0.07948755472898483,1.2739231586456299
14000,mha_rope,456,5,14,0.04797546565532684,0.03422726318240166,1.2739231586456299
14000,mha_rope,456,5,15,0.051933083683252335,0.06425026059150696,1.2739231586456299
14500,mha_rope,456,1,0,0.060639139264822006,0.05880334973335266,2.184258222579956
14500,mha_rope,456,1,1,0.06099314242601395,0.06731807440519333,2.184258222579956
14500,mha_rope,456,1,2,0.055978089570999146,0.0652490183711052,2.184258222579956
14500,mha_rope,456,1,3,0.0668087750673294,0.06518669426441193,2.184258222579956
14500,mha_rope,456,1,4,0.0639858990907669,0.06544479727745056,2.184258222579956
14500,mha_rope,456,1,5,0.059382833540439606,0.06066527217626572,2.184258222579956
14500,mha_rope,456,1,6,0.06186126545071602,0.05624089390039444,2.184258222579956
14500,mha_rope,456,1,7,0.05940693989396095,0.059033770114183426,2.184258222579956
14500,mha_rope,456,1,8,0.06618428230285645,0.0696689635515213,2.184258222579956
14500,mha_rope,456,1,9,0.06372752040624619,0.05959068983793259,2.184258222579956
14500,mha_rope,456,1,10,0.07316670566797256,0.06625892966985703,2.184258222579956
14500,mha_rope,456,1,11,0.05249949172139168,0.06545175611972809,2.184258222579956
14500,mha_rope,456,1,12,0.04945638030767441,0.05558207258582115,2.184258222579956
14500,mha_rope,456,1,13,0.059355366975069046,0.05383032560348511,2.184258222579956
14500,mha_rope,456,1,14,0.07773417234420776,0.06167732924222946,2.184258222579956
14500,mha_rope,456,1,15,0.06881998479366302,0.06999808549880981,2.184258222579956
14500,mha_rope,456,2,0,0.0562572218477726,0.054584845900535583,1.5522204637527466
14500,mha_rope,456,2,1,0.06809020787477493,0.06057537719607353,1.5522204637527466
14500,mha_rope,456,2,2,0.05723866820335388,0.07271929085254669,1.5522204637527466
14500,mha_rope,456,2,3,0.05980977416038513,0.05959630385041237,1.5522204637527466
14500,mha_rope,456,2,4,0.0736769586801529,0.06757525354623795,1.5522204637527466
14500,mha_rope,456,2,5,0.047692157328128815,0.06825188547372818,1.5522204637527466
14500,mha_rope,456,2,6,0.06732696294784546,0.07166140526533127,1.5522204637527466
14500,mha_rope,456,2,7,0.07056793570518494,0.058289166539907455,1.5522204637527466
14500,mha_rope,456,2,8,0.046733397990465164,0.05918002501130104,1.5522204637527466
14500,mha_rope,456,2,9,0.055167946964502335,0.06375881284475327,1.5522204637527466
14500,mha_rope,456,2,10,0.06733500212430954,0.06811850517988205,1.5522204637527466
14500,mha_rope,456,2,11,0.07807555794715881,0.0809190571308136,1.5522204637527466
14500,mha_rope,456,2,12,0.06080485135316849,0.055333010852336884,1.5522204637527466
14500,mha_rope,456,2,13,0.0730324313044548,0.04859188199043274,1.5522204637527466
14500,mha_rope,456,2,14,0.07777262479066849,0.06801456212997437,1.5522204637527466
14500,mha_rope,456,2,15,0.040418293327093124,0.04283064976334572,1.5522204637527466
14500,mha_rope,456,3,0,0.043790485709905624,0.0532560832798481,1.380600929260254
14500,mha_rope,456,3,1,0.05621378496289253,0.06512632220983505,1.380600929260254
14500,mha_rope,456,3,2,0.07390553504228592,0.057001903653144836,1.380600929260254
14500,mha_rope,456,3,3,0.06986083835363388,0.05683678761124611,1.380600929260254
14500,mha_rope,456,3,4,0.08329488337039948,0.06606937944889069,1.380600929260254
14500,mha_rope,456,3,5,0.07533040642738342,0.08085460960865021,1.380600929260254
14500,mha_rope,456,3,6,0.04088795930147171,0.04364944249391556,1.380600929260254
14500,mha_rope,456,3,7,0.05227417126297951,0.0682045966386795,1.380600929260254
14500,mha_rope,456,3,8,0.08582845330238342,0.09863638877868652,1.380600929260254
14500,mha_rope,456,3,9,0.04048553481698036,0.04147597402334213,1.380600929260254
14500,mha_rope,456,3,10,0.06686177849769592,0.06611694395542145,1.380600929260254
14500,mha_rope,456,3,11,0.07360585778951645,0.06589898467063904,1.380600929260254
14500,mha_rope,456,3,12,0.055327046662569046,0.05630430951714516,1.380600929260254
14500,mha_rope,456,3,13,0.06968424469232559,0.06498880684375763,1.380600929260254
14500,mha_rope,456,3,14,0.0533256009221077,0.056509505957365036,1.380600929260254
14500,mha_rope,456,3,15,0.059323426336050034,0.05906984210014343,1.380600929260254
14500,mha_rope,456,4,0,0.059225667268037796,0.0646185651421547,1.227417230606079
14500,mha_rope,456,4,1,0.04328765720129013,0.05502726137638092,1.227417230606079
14500,mha_rope,456,4,2,0.0583261102437973,0.05276164785027504,1.227417230606079
14500,mha_rope,456,4,3,0.04371063411235809,0.06438624858856201,1.227417230606079
14500,mha_rope,456,4,4,0.10502349585294724,0.08183751255273819,1.227417230606079
14500,mha_rope,456,4,5,0.068499855697155,0.06393914669752121,1.227417230606079
14500,mha_rope,456,4,6,0.07294728606939316,0.09033778309822083,1.227417230606079
14500,mha_rope,456,4,7,0.05441629886627197,0.0627623125910759,1.227417230606079
14500,mha_rope,456,4,8,0.05967305600643158,0.056825630366802216,1.227417230606079
14500,mha_rope,456,4,9,0.05154266208410263,0.07015016674995422,1.227417230606079
14500,mha_rope,456,4,10,0.04639394208788872,0.04831402003765106,1.227417230606079
14500,mha_rope,456,4,11,0.07325724512338638,0.06556551903486252,1.227417230606079
14500,mha_rope,456,4,12,0.0647997036576271,0.04039100185036659,1.227417230606079
14500,mha_rope,456,4,13,0.04669810086488724,0.05903429538011551,1.227417230606079
14500,mha_rope,456,4,14,0.08006439357995987,0.06388098746538162,1.227417230606079
14500,mha_rope,456,4,15,0.07213389128446579,0.06016812473535538,1.227417230606079
14500,mha_rope,456,5,0,0.0738811269402504,0.07096248865127563,1.264244794845581
14500,mha_rope,456,5,1,0.07240010797977448,0.06338360905647278,1.264244794845581
14500,mha_rope,456,5,2,0.056856993585824966,0.07332256436347961,1.264244794845581
14500,mha_rope,456,5,3,0.04967295378446579,0.05208761245012283,1.264244794845581
14500,mha_rope,456,5,4,0.0953579694032669,0.0886307880282402,1.264244794845581
14500,mha_rope,456,5,5,0.03296417370438576,0.05291344225406647,1.264244794845581
14500,mha_rope,456,5,6,0.026419270783662796,0.03839823603630066,1.264244794845581
14500,mha_rope,456,5,7,0.08990804105997086,0.07583901286125183,1.264244794845581
14500,mha_rope,456,5,8,0.048029277473688126,0.04374834522604942,1.264244794845581
14500,mha_rope,456,5,9,0.05519287288188934,0.06278293579816818,1.264244794845581
14500,mha_rope,456,5,10,0.09144754707813263,0.09364830702543259,1.264244794845581
14500,mha_rope,456,5,11,0.0522238165140152,0.047467298805713654,1.264244794845581
14500,mha_rope,456,5,12,0.06533030420541763,0.05843008682131767,1.264244794845581
14500,mha_rope,456,5,13,0.0922776311635971,0.08127669990062714,1.264244794845581
14500,mha_rope,456,5,14,0.04649597033858299,0.03340745344758034,1.264244794845581
14500,mha_rope,456,5,15,0.051541950553655624,0.06370111554861069,1.264244794845581
15000,mha_rope,456,1,0,0.05491160228848457,0.05788610503077507,2.176360607147217
15000,mha_rope,456,1,1,0.0636507198214531,0.06924037635326385,2.176360607147217
15000,mha_rope,456,1,2,0.050860900431871414,0.06233055889606476,2.176360607147217
15000,mha_rope,456,1,3,0.06523447483778,0.06477083265781403,2.176360607147217
15000,mha_rope,456,1,4,0.06637420505285263,0.06709457188844681,2.176360607147217
15000,mha_rope,456,1,5,0.0581379197537899,0.06053338199853897,2.176360607147217
15000,mha_rope,456,1,6,0.06350748986005783,0.05699232220649719,2.176360607147217
15000,mha_rope,456,1,7,0.06674977391958237,0.06159012392163277,2.176360607147217
15000,mha_rope,456,1,8,0.06408589333295822,0.0675916001200676,2.176360607147217
15000,mha_rope,456,1,9,0.06830769777297974,0.06301133334636688,2.176360607147217
15000,mha_rope,456,1,10,0.06983337551355362,0.0629701018333435,2.176360607147217
15000,mha_rope,456,1,11,0.05467692017555237,0.06680706143379211,2.176360607147217
15000,mha_rope,456,1,12,0.054379984736442566,0.05776891112327576,2.176360607147217
15000,mha_rope,456,1,13,0.05686381086707115,0.052337877452373505,2.176360607147217
15000,mha_rope,456,1,14,0.07492635399103165,0.060716062784194946,2.176360607147217
15000,mha_rope,456,1,15,0.06749887764453888,0.06835874915122986,2.176360607147217
15000,mha_rope,456,2,0,0.05769531428813934,0.05581408739089966,1.551674246788025
15000,mha_rope,456,2,1,0.06696686148643494,0.05977915972471237,1.551674246788025
15000,mha_rope,456,2,2,0.05741638317704201,0.0730241909623146,1.551674246788025
15000,mha_rope,456,2,3,0.0591086819767952,0.058478884398937225,1.551674246788025
15000,mha_rope,456,2,4,0.07319610565900803,0.06778454035520554,1.551674246788025
15000,mha_rope,456,2,5,0.04790995270013809,0.06791989505290985,1.551674246788025
15000,mha_rope,456,2,6,0.06696756929159164,0.07045089453458786,1.551674246788025
15000,mha_rope,456,2,7,0.0685431957244873,0.05618523806333542,1.551674246788025
15000,mha_rope,456,2,8,0.04567311704158783,0.058257173746824265,1.551674246788025
15000,mha_rope,456,2,9,0.055209044367074966,0.06366102397441864,1.551674246788025
15000,mha_rope,456,2,10,0.06455668061971664,0.06563224643468857,1.551674246788025
15000,mha_rope,456,2,11,0.08005432039499283,0.08330807089805603,1.551674246788025
15000,mha_rope,456,2,12,0.06035776808857918,0.05545242875814438,1.551674246788025
15000,mha_rope,456,2,13,0.07735443115234375,0.05214577168226242,1.551674246788025
15000,mha_rope,456,2,14,0.07928100228309631,0.0698021724820137,1.551674246788025
15000,mha_rope,456,2,15,0.03970957547426224,0.04230421409010887,1.551674246788025
15000,mha_rope,456,3,0,0.04189646244049072,0.051906879991292953,1.388183355331421
15000,mha_rope,456,3,1,0.05688842758536339,0.06625806540250778,1.388183355331421
15000,mha_rope,456,3,2,0.07516387850046158,0.058323536068201065,1.388183355331421
15000,mha_rope,456,3,3,0.06993763893842697,0.057400766760110855,1.388183355331421
15000,mha_rope,456,3,4,0.08390513062477112,0.06730131804943085,1.388183355331421
15000,mha_rope,456,3,5,0.07500121742486954,0.07872411608695984,1.388183355331421
15000,mha_rope,456,3,6,0.04234273359179497,0.04498583823442459,1.388183355331421
15000,mha_rope,456,3,7,0.0519217923283577,0.06820283085107803,1.388183355331421
15000,mha_rope,456,3,8,0.08421986550092697,0.09555533528327942,1.388183355331421
15000,mha_rope,456,3,9,0.044164326041936874,0.044356971979141235,1.388183355331421
15000,mha_rope,456,3,10,0.0653831958770752,0.06460345536470413,1.388183355331421
15000,mha_rope,456,3,11,0.0737958773970604,0.06563196331262589,1.388183355331421
15000,mha_rope,456,3,12,0.056809693574905396,0.057822152972221375,1.388183355331421
15000,mha_rope,456,3,13,0.06816518306732178,0.06371589750051498,1.388183355331421
15000,mha_rope,456,3,14,0.054398804903030396,0.05799821764230728,1.388183355331421
15000,mha_rope,456,3,15,0.05600575730204582,0.057212747633457184,1.388183355331421
15000,mha_rope,456,4,0,0.059409383684396744,0.06565926223993301,1.2271660566329956
15000,mha_rope,456,4,1,0.04240936413407326,0.05361166596412659,1.2271660566329956
15000,mha_rope,456,4,2,0.056984152644872665,0.05160500854253769,1.2271660566329956
15000,mha_rope,456,4,3,0.045215047895908356,0.06615311652421951,1.2271660566329956
15000,mha_rope,456,4,4,0.10486297309398651,0.0819556787610054,1.2271660566329956
15000,mha_rope,456,4,5,0.06961629539728165,0.0651659294962883,1.2271660566329956
15000,mha_rope,456,4,6,0.07247660309076309,0.08970556408166885,1.2271660566329956
15000,mha_rope,456,4,7,0.054398395121097565,0.0623043067753315,1.2271660566329956
15000,mha_rope,456,4,8,0.05952799320220947,0.055149804800748825,1.2271660566329956
15000,mha_rope,456,4,9,0.05215291306376457,0.07099855691194534,1.2271660566329956
15000,mha_rope,456,4,10,0.046485189348459244,0.04833851382136345,1.2271660566329956
15000,mha_rope,456,4,11,0.07470591366291046,0.06696518510580063,1.2271660566329956
15000,mha_rope,456,4,12,0.06525349617004395,0.04088222235441208,1.2271660566329956
15000,mha_rope,456,4,13,0.04610036313533783,0.0580841563642025,1.2271660566329956
15000,mha_rope,456,4,14,0.07874593138694763,0.06358486413955688,1.2271660566329956
15000,mha_rope,456,4,15,0.0716559886932373,0.05983607470989227,1.2271660566329956
15000,mha_rope,456,5,0,0.07498829811811447,0.07173166424036026,1.2613298892974854
15000,mha_rope,456,5,1,0.07247507572174072,0.06408324092626572,1.2613298892974854
15000,mha_rope,456,5,2,0.05606241896748543,0.07313915342092514,1.2613298892974854
15000,mha_rope,456,5,3,0.050702717155218124,0.05276884883642197,1.2613298892974854
15000,mha_rope,456,5,4,0.09555532038211823,0.08890808373689651,1.2613298892974854
15000,mha_rope,456,5,5,0.03261179476976395,0.0519595704972744,1.2613298892974854
15000,mha_rope,456,5,6,0.02635497972369194,0.038522180169820786,1.2613298892974854
15000,mha_rope,456,5,7,0.0894329845905304,0.07503355294466019,1.2613298892974854
15000,mha_rope,456,5,8,0.04871063306927681,0.04484577476978302,1.2613298892974854
15000,mha_rope,456,5,9,0.055705465376377106,0.0636511817574501,1.2613298892974854
15000,mha_rope,456,5,10,0.09074880182743073,0.0918697938323021,1.2613298892974854
15000,mha_rope,456,5,11,0.05239105224609375,0.048079632222652435,1.2613298892974854
15000,mha_rope,456,5,12,0.06616770476102829,0.05931750684976578,1.2613298892974854
15000,mha_rope,456,5,13,0.09077993035316467,0.08003178238868713,1.2613298892974854
15000,mha_rope,456,5,14,0.046609293669462204,0.0333624929189682,1.2613298892974854
15000,mha_rope,456,5,15,0.05070353299379349,0.06269556283950806,1.2613298892974854
