iter,attn_mode,seed,layer,expert,selected_fraction,mean_probability,router_entropy
0,mla,456,1,0,0.05071502551436424,0.05923131853342056,2.616384983062744
0,mla,456,1,1,0.16347432136535645,0.08711051940917969,2.616384983062744
0,mla,456,1,2,0.08937378227710724,0.07130811363458633,2.616384983062744
0,mla,456,1,3,0.03485015779733658,0.05283355340361595,2.616384983062744
0,mla,456,1,4,0.06347442418336868,0.06419583410024643,2.616384983062744
0,mla,456,1,5,0.10664479434490204,0.07842811942100525,2.616384983062744
0,mla,456,1,6,0.03866678848862648,0.06321750581264496,2.616384983062744
0,mla,456,1,7,0.03689727932214737,0.0546213798224926,2.616384983062744
0,mla,456,1,8,0.05748077481985092,0.06187652423977852,2.616384983062744
0,mla,456,1,9,0.03826487064361572,0.054552413523197174,2.616384983062744
0,mla,456,1,10,0.018774108961224556,0.04733066260814667,2.616384983062744
0,mla,456,1,11,0.040400389581918716,0.05392796918749809,2.616384983062744
0,mla,456,1,12,0.1102745532989502,0.07889725267887115,2.616384983062744
0,mla,456,1,13,0.023267313838005066,0.04981512576341629,2.616384983062744
0,mla,456,1,14,0.038973186165094376,0.0517098568379879,2.616384983062744
0,mla,456,1,15,0.08846822381019592,0.07094398140907288,2.616384983062744
0,mla,456,2,0,0.0527566522359848,0.0580696240067482,2.634458303451538
0,mla,456,2,1,0.019464213401079178,0.04629489779472351,2.634458303451538
0,mla,456,2,2,0.03373423218727112,0.05269516631960869,2.634458303451538
0,mla,456,2,3,0.11202728003263474,0.07490546256303787,2.634458303451538
0,mla,456,2,4,0.03556050732731819,0.05504307895898819,2.634458303451538
0,mla,456,2,5,0.10978688299655914,0.07868549972772598,2.634458303451538
0,mla,456,2,6,0.06020599231123924,0.061328139156103134,2.634458303451538
0,mla,456,2,7,0.10018178075551987,0.07292471826076508,2.634458303451538
0,mla,456,2,8,0.09539815038442612,0.06926269829273224,2.634458303451538
0,mla,456,2,9,0.045108236372470856,0.059281863272190094,2.634458303451538
0,mla,456,2,10,0.04070271924138069,0.05493858829140663,2.634458303451538
0,mla,456,2,11,0.0731901004910469,0.06715817004442215,2.634458303451538
0,mla,456,2,12,0.03768046200275421,0.05516742542386055,2.634458303451538
0,mla,456,2,13,0.04920908436179161,0.05796503648161888,2.634458303451538
0,mla,456,2,14,0.08148650825023651,0.07074615359306335,2.634458303451538
0,mla,456,2,15,0.053507182747125626,0.06553352624177933,2.634458303451538
0,mla,456,3,0,0.07025380432605743,0.060115743428468704,2.6339237689971924
0,mla,456,3,1,0.02163797989487648,0.0474967435002327,2.6339237689971924
0,mla,456,3,2,0.0440031923353672,0.057399820536375046,2.6339237689971924
0,mla,456,3,3,0.15188628435134888,0.08355584740638733,2.6339237689971924
0,mla,456,3,4,0.06649088859558105,0.06532008200883865,2.6339237689971924
0,mla,456,3,5,0.08076293766498566,0.06754568964242935,2.6339237689971924
0,mla,456,3,6,0.055075276643037796,0.06459322571754456,2.6339237689971924
0,mla,456,3,7,0.02771962434053421,0.05418960750102997,2.6339237689971924
0,mla,456,3,8,0.04187611863017082,0.060236625373363495,2.6339237689971924
0,mla,456,3,9,0.12315470725297928,0.078189417719841,2.6339237689971924
0,mla,456,3,10,0.03418538346886635,0.056460991501808167,2.6339237689971924
0,mla,456,3,11,0.0598939023911953,0.06141775846481323,2.6339237689971924
0,mla,456,3,12,0.047811686992645264,0.057396162301301956,2.6339237689971924
0,mla,456,3,13,0.05246917903423309,0.06003439053893089,2.6339237689971924
0,mla,456,3,14,0.04369191452860832,0.056406859308481216,2.6339237689971924
0,mla,456,3,15,0.07908711582422256,0.06964101642370224,2.6339237689971924
0,mla,456,4,0,0.04238535463809967,0.06163680925965309,2.6235616207122803
0,mla,456,4,1,0.06896636635065079,0.06767157465219498,2.6235616207122803
0,mla,456,4,2,0.1463426649570465,0.086052805185318,2.6235616207122803
0,mla,456,4,3,0.03361216187477112,0.04966619983315468,2.6235616207122803
0,mla,456,4,4,0.09444060921669006,0.07370179891586304,2.6235616207122803
0,mla,456,4,5,0.12481119483709335,0.07945229113101959,2.6235616207122803
0,mla,456,4,6,0.06365010887384415,0.06376830488443375,2.6235616207122803
0,mla,456,4,7,0.07223968207836151,0.06883415579795837,2.6235616207122803
0,mla,456,4,8,0.050849709659814835,0.06321584433317184,2.6235616207122803
0,mla,456,4,9,0.02315165288746357,0.04662003368139267,2.6235616207122803
0,mla,456,4,10,0.023664653301239014,0.04563486576080322,2.6235616207122803
0,mla,456,4,11,0.03270772472023964,0.05050833523273468,2.6235616207122803
0,mla,456,4,12,0.06685526669025421,0.061570849269628525,2.6235616207122803
0,mla,456,4,13,0.06615255028009415,0.06461285054683685,2.6235616207122803
0,mla,456,4,14,0.05802144482731819,0.06419500708580017,2.6235616207122803
0,mla,456,4,15,0.03214884549379349,0.05285830423235893,2.6235616207122803
0,mla,456,5,0,0.021842550486326218,0.04838620126247406,2.618532180786133
0,mla,456,5,1,0.08760365843772888,0.06961126625537872,2.618532180786133
0,mla,456,5,2,0.035125426948070526,0.055081941187381744,2.618532180786133
0,mla,456,5,3,0.11104410886764526,0.08078684657812119,2.618532180786133
0,mla,456,5,4,0.09139037877321243,0.07188478112220764,2.618532180786133
0,mla,456,5,5,0.05328185856342316,0.06322825700044632,2.618532180786133
0,mla,456,5,6,0.003864542581140995,0.03549264743924141,2.618532180786133
0,mla,456,5,7,0.04977254197001457,0.05816580355167389,2.618532180786133
0,mla,456,5,8,0.13184194266796112,0.08675789833068848,2.618532180786133
0,mla,456,5,9,0.06300842016935349,0.06391296535730362,2.618532180786133
0,mla,456,5,10,0.04253702983260155,0.06321687996387482,2.618532180786133
0,mla,456,5,11,0.00860595703125,0.04069036617875099,2.618532180786133
0,mla,456,5,12,0.12870493531227112,0.08359157294034958,2.618532180786133
0,mla,456,5,13,0.008256632834672928,0.039229121059179306,2.618532180786133
0,mla,456,5,14,0.043980102986097336,0.060470957309007645,2.618532180786133
0,mla,456,5,15,0.1191399097442627,0.07949253916740417,2.618532180786133
500,mla,456,1,0,0.08540171384811401,0.06448852270841599,2.23244047164917
500,mla,456,1,1,0.039262086153030396,0.050245385617017746,2.23244047164917
500,mla,456,1,2,0.05634297803044319,0.060390956699848175,2.23244047164917
500,mla,456,1,3,0.051035359501838684,0.06214315444231033,2.23244047164917
500,mla,456,1,4,0.062030334025621414,0.05567413195967674,2.23244047164917
500,mla,456,1,5,0.04141713306307793,0.05474676936864853,2.23244047164917
500,mla,456,1,6,0.06789998710155487,0.06590457260608673,2.23244047164917
500,mla,456,1,7,0.05142506957054138,0.055759530514478683,2.23244047164917
500,mla,456,1,8,0.07286316156387329,0.0705961361527443,2.23244047164917
500,mla,456,1,9,0.05311218276619911,0.06859885901212692,2.23244047164917
500,mla,456,1,10,0.05955617129802704,0.06198824569582939,2.23244047164917
500,mla,456,1,11,0.05813395231962204,0.06621786952018738,2.23244047164917
500,mla,456,1,12,0.07900471985340118,0.07308222353458405,2.23244047164917
500,mla,456,1,13,0.06960957497358322,0.06437405198812485,2.23244047164917
500,mla,456,1,14,0.0909939557313919,0.06994376331567764,2.23244047164917
500,mla,456,1,15,0.06191162019968033,0.055845730006694794,2.23244047164917
500,mla,456,2,0,0.07881815731525421,0.057181764394044876,2.176713228225708
500,mla,456,2,1,0.07981546968221664,0.08004488795995712,2.176713228225708
500,mla,456,2,2,0.06556518375873566,0.06183602660894394,2.176713228225708
500,mla,456,2,3,0.05907175689935684,0.06488444656133652,2.176713228225708
500,mla,456,2,4,0.08664744347333908,0.07552208006381989,2.176713228225708
500,mla,456,2,5,0.06623341888189316,0.06201189011335373,2.176713228225708
500,mla,456,2,6,0.0353972353041172,0.06021371856331825,2.176713228225708
500,mla,456,2,7,0.05125895142555237,0.058236751705408096,2.176713228225708
500,mla,456,2,8,0.042065124958753586,0.05370815843343735,2.176713228225708
500,mla,456,2,9,0.09513448178768158,0.08234351128339767,2.176713228225708
500,mla,456,2,10,0.04556427150964737,0.050349123775959015,2.176713228225708
500,mla,456,2,11,0.06478311866521835,0.06611709296703339,2.176713228225708
500,mla,456,2,12,0.0602855421602726,0.05899258330464363,2.176713228225708
500,mla,456,2,13,0.04666941240429878,0.05163068324327469,2.176713228225708
500,mla,456,2,14,0.03551391512155533,0.049547262489795685,2.176713228225708
500,mla,456,2,15,0.08717651665210724,0.06737992912530899,2.176713228225708
500,mla,456,3,0,0.07976460456848145,0.0962424948811531,2.147186279296875
500,mla,456,3,1,0.026168517768383026,0.039749957621097565,2.147186279296875
500,mla,456,3,2,0.0807793140411377,0.06623047590255737,2.147186279296875
500,mla,456,3,3,0.051182251423597336,0.061813194304704666,2.147186279296875
500,mla,456,3,4,0.0648205578327179,0.06084110215306282,2.147186279296875
500,mla,456,3,5,0.0628095492720604,0.059914130717515945,2.147186279296875
500,mla,456,3,6,0.04779571667313576,0.05587749555706978,2.147186279296875
500,mla,456,3,7,0.0841972827911377,0.0680408924818039,2.147186279296875
500,mla,456,3,8,0.06317799538373947,0.06415000557899475,2.147186279296875
500,mla,456,3,9,0.04224283993244171,0.04958959296345711,2.147186279296875
500,mla,456,3,10,0.04217976704239845,0.05501624941825867,2.147186279296875
500,mla,456,3,11,0.06560973823070526,0.059451956301927567,2.147186279296875
500,mla,456,3,12,0.09988901764154434,0.08220350742340088,2.147186279296875
500,mla,456,3,13,0.06003062054514885,0.061152808368206024,2.147186279296875
500,mla,456,3,14,0.052754923701286316,0.06376779824495316,2.147186279296875
500,mla,456,3,15,0.07659728825092316,0.05595844238996506,2.147186279296875
500,mla,456,4,0,0.06972615420818329,0.06247688829898834,2.2275166511535645
500,mla,456,4,1,0.06081970036029816,0.06180417910218239,2.2275166511535645
500,mla,456,4,2,0.05576975643634796,0.07392894476652145,2.2275166511535645
500,mla,456,4,3,0.05512451007962227,0.05721719190478325,2.2275166511535645
500,mla,456,4,4,0.07282155007123947,0.06760576367378235,2.2275166511535645
500,mla,456,4,5,0.05560058727860451,0.055629633367061615,2.2275166511535645
500,mla,456,4,6,0.0489005520939827,0.05541079863905907,2.2275166511535645
500,mla,456,4,7,0.07426045835018158,0.07264780253171921,2.2275166511535645
500,mla,456,4,8,0.05441233143210411,0.05647217482328415,2.2275166511535645
500,mla,456,4,9,0.06155944988131523,0.05619100481271744,2.2275166511535645
500,mla,456,4,10,0.055542197078466415,0.055508874356746674,2.2275166511535645
500,mla,456,4,11,0.0899156704545021,0.07262369245290756,2.2275166511535645
500,mla,456,4,12,0.05062011629343033,0.06505047529935837,2.2275166511535645
500,mla,456,4,13,0.07378906011581421,0.06236492097377777,2.2275166511535645
500,mla,456,4,14,0.09426167607307434,0.08391605317592621,2.2275166511535645
500,mla,456,4,15,0.026876220479607582,0.04115153104066849,2.2275166511535645
500,mla,456,5,0,0.09283071011304855,0.06803163886070251,2.337625741958618
500,mla,456,5,1,0.05901814624667168,0.06536749750375748,2.337625741958618
500,mla,456,5,2,0.05393727496266365,0.05716657638549805,2.337625741958618
500,mla,456,5,3,0.06477782875299454,0.06233514845371246,2.337625741958618
500,mla,456,5,4,0.08272705227136612,0.0807034969329834,2.337625741958618
500,mla,456,5,5,0.0788034051656723,0.06253966689109802,2.337625741958618
500,mla,456,5,6,0.07096323370933533,0.07196373492479324,2.337625741958618
500,mla,456,5,7,0.05413452163338661,0.06360078603029251,2.337625741958618
500,mla,456,5,8,0.06474660336971283,0.06160622462630272,2.337625741958618
500,mla,456,5,9,0.041333720088005066,0.051474735140800476,2.337625741958618
500,mla,456,5,10,0.08420094847679138,0.06967334449291229,2.337625741958618
500,mla,456,5,11,0.062393393367528915,0.05540594831109047,2.337625741958618
500,mla,456,5,12,0.05868479236960411,0.06601841002702713,2.337625741958618
500,mla,456,5,13,0.028578389436006546,0.04533303156495094,2.337625741958618
500,mla,456,5,14,0.04822947084903717,0.06304122507572174,2.337625741958618
500,mla,456,5,15,0.054640501737594604,0.05573837459087372,2.337625741958618
1000,mla,456,1,0,0.0624052919447422,0.05921342223882675,2.2421350479125977
1000,mla,456,1,1,0.06809458136558533,0.06398629397153854,2.2421350479125977
1000,mla,456,1,2,0.04900156706571579,0.058290258049964905,2.2421350479125977
1000,mla,456,1,3,0.07896626740694046,0.07578101754188538,2.2421350479125977
1000,mla,456,1,4,0.055069174617528915,0.055406518280506134,2.2421350479125977
1000,mla,456,1,5,0.05715657398104668,0.05917971953749657,2.2421350479125977
1000,mla,456,1,6,0.06401245296001434,0.06008496135473251,2.2421350479125977
1000,mla,456,1,7,0.0680243968963623,0.06380072236061096,2.2421350479125977
1000,mla,456,1,8,0.08899708837270737,0.07208529859781265,2.2421350479125977
1000,mla,456,1,9,0.03217407315969467,0.049313683062791824,2.2421350479125977
1000,mla,456,1,10,0.05367075651884079,0.06460893899202347,2.2421350479125977
1000,mla,456,1,11,0.05247996002435684,0.05769043043255806,2.2421350479125977
1000,mla,456,1,12,0.07522664219141006,0.07200853526592255,2.2421350479125977
1000,mla,456,1,13,0.046007588505744934,0.058339234441518784,2.2421350479125977
1000,mla,456,1,14,0.08243204653263092,0.06834498047828674,2.2421350479125977
1000,mla,456,1,15,0.06628153473138809,0.061865996569395065,2.2421350479125977
1000,mla,456,2,0,0.058519694954156876,0.055018261075019836,1.9008305072784424
1000,mla,456,2,1,0.06240193545818329,0.06669051945209503,1.9008305072784424
1000,mla,456,2,2,0.07513488829135895,0.07461997866630554,1.9008305072784424
1000,mla,456,2,3,0.07664093375205994,0.07786954194307327,1.9008305072784424
1000,mla,456,2,4,0.04520517960190773,0.04970895126461983,1.9008305072784424
1000,mla,456,2,5,0.05236012861132622,0.05563164874911308,1.9008305072784424
1000,mla,456,2,6,0.05921163037419319,0.06400036811828613,1.9008305072784424
1000,mla,456,2,7,0.05374491214752197,0.05107523128390312,1.9008305072784424
1000,mla,456,2,8,0.05303456634283066,0.05982861667871475,1.9008305072784424
1000,mla,456,2,9,0.08257710933685303,0.0757579579949379,1.9008305072784424
1000,mla,456,2,10,0.0508321113884449,0.05211275815963745,1.9008305072784424
1000,mla,456,2,11,0.08180918544530869,0.07619147002696991,1.9008305072784424
1000,mla,456,2,12,0.06710133701562881,0.059191569685935974,1.9008305072784424
1000,mla,456,2,13,0.06018158048391342,0.058594487607479095,1.9008305072784424
1000,mla,456,2,14,0.052764892578125,0.06165347248315811,1.9008305072784424
1000,mla,456,2,15,0.06847991794347763,0.06205523759126663,1.9008305072784424
1000,mla,456,3,0,0.08735819160938263,0.09599950909614563,1.7858927249908447
1000,mla,456,3,1,0.03973866626620293,0.0424567386507988,1.7858927249908447
1000,mla,456,3,2,0.07475412636995316,0.06073566526174545,1.7858927249908447
1000,mla,456,3,3,0.046573180705308914,0.05816177278757095,1.7858927249908447
1000,mla,456,3,4,0.056390177458524704,0.054478321224451065,1.7858927249908447
1000,mla,456,3,5,0.06274597346782684,0.06825936585664749,1.7858927249908447
1000,mla,456,3,6,0.07298329472541809,0.07179131358861923,1.7858927249908447
1000,mla,456,3,7,0.06281728297472,0.06651399284601212,1.7858927249908447
1000,mla,456,3,8,0.06046335771679878,0.07670940458774567,1.7858927249908447
1000,mla,456,3,9,0.035942282527685165,0.03542479872703552,1.7858927249908447
1000,mla,456,3,10,0.05587463453412056,0.06098564714193344,1.7858927249908447
1000,mla,456,3,11,0.08553090691566467,0.07396496832370758,1.7858927249908447
1000,mla,456,3,12,0.07671458274126053,0.06539035588502884,1.7858927249908447
1000,mla,456,3,13,0.06427683681249619,0.05977152660489082,1.7858927249908447
1000,mla,456,3,14,0.05481821671128273,0.055296409875154495,1.7858927249908447
1000,mla,456,3,15,0.06301829218864441,0.054060209542512894,1.7858927249908447
1000,mla,456,4,0,0.04662027955055237,0.05209823325276375,1.615178108215332
1000,mla,456,4,1,0.06689798831939697,0.05823618546128273,1.615178108215332
1000,mla,456,4,2,0.06282898038625717,0.08501815795898438,1.615178108215332
1000,mla,456,4,3,0.07823343575000763,0.07130017876625061,1.615178108215332
1000,mla,456,4,4,0.07485402375459671,0.07825744897127151,1.615178108215332
1000,mla,456,4,5,0.05669799819588661,0.053123388439416885,1.615178108215332
1000,mla,456,4,6,0.044909972697496414,0.050545986741781235,1.615178108215332
1000,mla,456,4,7,0.08083181083202362,0.08694881200790405,1.615178108215332
1000,mla,456,4,8,0.05746348202228546,0.04999103397130966,1.615178108215332
1000,mla,456,4,9,0.05647847428917885,0.051031164824962616,1.615178108215332
1000,mla,456,4,10,0.031933899968862534,0.02892477624118328,1.615178108215332
1000,mla,456,4,11,0.08416514098644257,0.06629280000925064,1.615178108215332
1000,mla,456,4,12,0.04431508481502533,0.06353041529655457,1.615178108215332
1000,mla,456,4,13,0.07396016269922256,0.06917358934879303,1.615178108215332
1000,mla,456,4,14,0.06522440910339355,0.06964194774627686,1.615178108215332
1000,mla,456,4,15,0.07458485662937164,0.06588595360517502,1.615178108215332
1000,mla,456,5,0,0.05157928541302681,0.04403088986873627,1.6280875205993652
1000,mla,456,5,1,0.0658576488494873,0.08077700436115265,1.6280875205993652
1000,mla,456,5,2,0.07463541626930237,0.09244614094495773,1.6280875205993652
1000,mla,456,5,3,0.08057098090648651,0.06245455518364906,1.6280875205993652
1000,mla,456,5,4,0.04457560181617737,0.06831078976392746,1.6280875205993652
1000,mla,456,5,5,0.0881672129034996,0.07703802734613419,1.6280875205993652
1000,mla,456,5,6,0.06341633945703506,0.07493048906326294,1.6280875205993652
1000,mla,456,5,7,0.03815175220370293,0.0529097318649292,1.6280875205993652
1000,mla,456,5,8,0.06704874336719513,0.05575091764330864,1.6280875205993652
1000,mla,456,5,9,0.062064312398433685,0.04671317711472511,1.6280875205993652
1000,mla,456,5,10,0.06999532133340836,0.05945831164717674,1.6280875205993652
1000,mla,456,5,11,0.09136759489774704,0.08544690161943436,1.6280875205993652
1000,mla,456,5,12,0.05726999789476395,0.058346882462501526,1.6280875205993652
1000,mla,456,5,13,0.0443839505314827,0.040009669959545135,1.6280875205993652
1000,mla,456,5,14,0.05997151508927345,0.06751222908496857,1.6280875205993652
1000,mla,456,5,15,0.04094431549310684,0.03386427089571953,1.6280875205993652
1500,mla,456,1,0,0.07598592340946198,0.0635184794664383,2.3643903732299805
1500,mla,456,1,1,0.07608480006456375,0.06588281691074371,2.3643903732299805
1500,mla,456,1,2,0.05853627622127533,0.06079763546586037,2.3643903732299805
1500,mla,456,1,3,0.04984893649816513,0.06367463618516922,2.3643903732299805
1500,mla,456,1,4,0.036567993462085724,0.05024891346693039,2.3643903732299805
1500,mla,456,1,5,0.06015055254101753,0.06063763424754143,2.3643903732299805
1500,mla,456,1,6,0.08668192476034164,0.07241294533014297,2.3643903732299805
1500,mla,456,1,7,0.05735229328274727,0.05717364698648453,2.3643903732299805
1500,mla,456,1,8,0.06093129515647888,0.06502427905797958,2.3643903732299805
1500,mla,456,1,9,0.03633026033639908,0.06028227508068085,2.3643903732299805
1500,mla,456,1,10,0.03859547898173332,0.05825986713171005,2.3643903732299805
1500,mla,456,1,11,0.08138793706893921,0.06900224089622498,2.3643903732299805
1500,mla,456,1,12,0.06625152379274368,0.06415142118930817,2.3643903732299805
1500,mla,456,1,13,0.07907714694738388,0.0708894282579422,2.3643903732299805
1500,mla,456,1,14,0.07721872627735138,0.06241574138402939,2.3643903732299805
1500,mla,456,1,15,0.058998920023441315,0.05562814697623253,2.3643903732299805
1500,mla,456,2,0,0.04623403027653694,0.04790368676185608,1.9036792516708374
1500,mla,456,2,1,0.05314778536558151,0.060150522738695145,1.9036792516708374
1500,mla,456,2,2,0.06593892723321915,0.0695919543504715,1.9036792516708374
1500,mla,456,2,3,0.08142741024494171,0.08343631029129028,1.9036792516708374
1500,mla,456,2,4,0.041911009699106216,0.04898838326334953,1.9036792516708374
1500,mla,456,2,5,0.052874960005283356,0.049152176827192307,1.9036792516708374
1500,mla,456,2,6,0.04988698288798332,0.0566292330622673,1.9036792516708374
1500,mla,456,2,7,0.06335001438856125,0.056506380438804626,1.9036792516708374
1500,mla,456,2,8,0.07146331667900085,0.07393679767847061,1.9036792516708374
1500,mla,456,2,9,0.07882528007030487,0.07064496725797653,1.9036792516708374
1500,mla,456,2,10,0.05119486525654793,0.052329737693071365,1.9036792516708374
1500,mla,456,2,11,0.08382903784513474,0.07866016030311584,1.9036792516708374
1500,mla,456,2,12,0.07293447107076645,0.06677055358886719,1.9036792516708374
1500,mla,456,2,13,0.06085815280675888,0.05813255161046982,1.9036792516708374
1500,mla,456,2,14,0.06326741725206375,0.06913474202156067,1.9036792516708374
1500,mla,456,2,15,0.06285634636878967,0.05803179368376732,1.9036792516708374
1500,mla,456,3,0,0.07608428597450256,0.0808417797088623,1.6775825023651123
1500,mla,456,3,1,0.03125854581594467,0.037341464310884476,1.6775825023651123
1500,mla,456,3,2,0.0486164353787899,0.046526119112968445,1.6775825023651123
1500,mla,456,3,3,0.06480082124471664,0.07211092859506607,1.6775825023651123
1500,mla,456,3,4,0.0641162097454071,0.055889956653118134,1.6775825023651123
1500,mla,456,3,5,0.06888600438833237,0.06863372772932053,1.6775825023651123
1500,mla,456,3,6,0.06285939365625381,0.06738796085119247,1.6775825023651123
1500,mla,456,3,7,0.05936320126056671,0.06377708911895752,1.6775825023651123
1500,mla,456,3,8,0.06036794185638428,0.07700182497501373,1.6775825023651123
1500,mla,456,3,9,0.035774435847997665,0.036643143743276596,1.6775825023651123
1500,mla,456,3,10,0.06828592717647552,0.0688016414642334,1.6775825023651123
1500,mla,456,3,11,0.08279968053102493,0.07513629645109177,1.6775825023651123
1500,mla,456,3,12,0.08396575599908829,0.0747176930308342,1.6775825023651123
1500,mla,456,3,13,0.051374103873968124,0.05411028489470482,1.6775825023651123
1500,mla,456,3,14,0.07165435701608658,0.062289200723171234,1.6775825023651123
1500,mla,456,3,15,0.06979288905858994,0.0587908998131752,1.6775825023651123
1500,mla,456,4,0,0.06080932542681694,0.060849856585264206,1.4349011182785034
1500,mla,456,4,1,0.06377329677343369,0.056745268404483795,1.4349011182785034
1500,mla,456,4,2,0.06200225651264191,0.0841444581747055,1.4349011182785034
1500,mla,456,4,3,0.0647837296128273,0.06369221210479736,1.4349011182785034
1500,mla,456,4,4,0.07328114658594131,0.07593678683042526,1.4349011182785034
1500,mla,456,4,5,0.07304494082927704,0.06426863372325897,1.4349011182785034
1500,mla,456,4,6,0.05436991527676582,0.06316862255334854,1.4349011182785034
1500,mla,456,4,7,0.07945302128791809,0.0852799192070961,1.4349011182785034
1500,mla,456,4,8,0.048141174018383026,0.044166043400764465,1.4349011182785034
1500,mla,456,4,9,0.050072938203811646,0.04670998081564903,1.4349011182785034
1500,mla,456,4,10,0.03797749802470207,0.031781189143657684,1.4349011182785034
1500,mla,456,4,11,0.0851244106888771,0.06570921093225479,1.4349011182785034
1500,mla,456,4,12,0.04210957884788513,0.058891791850328445,1.4349011182785034
1500,mla,456,4,13,0.06688649207353592,0.06642785668373108,1.4349011182785034
1500,mla,456,4,14,0.053325094282627106,0.05742529407143593,1.4349011182785034
1500,mla,456,4,15,0.0848451778292656,0.07480274140834808,1.4349011182785034
1500,mla,456,5,0,0.04617217928171158,0.038390472531318665,1.4288784265518188
1500,mla,456,5,1,0.07073099911212921,0.09114445000886917,1.4288784265518188
1500,mla,456,5,2,0.07129455357789993,0.09371261298656464,1.4288784265518188
1500,mla,456,5,3,0.08983591943979263,0.06660035252571106,1.4288784265518188
1500,mla,456,5,4,0.04075256362557411,0.06023737043142319,1.4288784265518188
1500,mla,456,5,5,0.09897959232330322,0.08849158883094788,1.4288784265518188
1500,mla,456,5,6,0.06312713772058487,0.07383185625076294,1.4288784265518188
1500,mla,456,5,7,0.041275329887866974,0.053515490144491196,1.4288784265518188
1500,mla,456,5,8,0.0576629638671875,0.04554012417793274,1.4288784265518188
1500,mla,456,5,9,0.0617300420999527,0.04271608963608742,1.4288784265518188
1500,mla,456,5,10,0.05537658557295799,0.04908857122063637,1.4288784265518188
1500,mla,456,5,11,0.10111124813556671,0.09740374982357025,1.4288784265518188
1500,mla,456,5,12,0.05364390090107918,0.05643356963992119,1.4288784265518188
1500,mla,456,5,13,0.05650909245014191,0.04619792476296425,1.4288784265518188
1500,mla,456,5,14,0.04326812922954559,0.05462772399187088,1.4288784265518188
1500,mla,456,5,15,0.048529766499996185,0.04206825792789459,1.4288784265518188
2000,mla,456,1,0,0.06489400565624237,0.05881013721227646,2.5192654132843018
2000,mla,456,1,1,0.052283529192209244,0.05863533541560173,2.5192654132843018
2000,mla,456,1,2,0.06191497668623924,0.06029076129198074,2.5192654132843018
2000,mla,456,1,3,0.05746205523610115,0.06579253822565079,2.5192654132843018
2000,mla,456,1,4,0.03563039004802704,0.05417206510901451,2.5192654132843018
2000,mla,456,1,5,0.07450062781572342,0.06509700417518616,2.5192654132843018
2000,mla,456,1,6,0.07938995212316513,0.0719430148601532,2.5192654132843018
2000,mla,456,1,7,0.06156443431973457,0.058721307665109634,2.5192654132843018
2000,mla,456,1,8,0.082537941634655,0.07460920512676239,2.5192654132843018
2000,mla,456,1,9,0.053364869207143784,0.06693334877490997,2.5192654132843018
2000,mla,456,1,10,0.056538697332143784,0.0649426281452179,2.5192654132843018
2000,mla,456,1,11,0.06478840857744217,0.06866240501403809,2.5192654132843018
2000,mla,456,1,12,0.0766150951385498,0.06689958274364471,2.5192654132843018
2000,mla,456,1,13,0.07343801110982895,0.06881564110517502,2.5192654132843018
2000,mla,456,1,14,0.05210357531905174,0.04831410571932793,2.5192654132843018
2000,mla,456,1,15,0.0529734306037426,0.04736095666885376,2.5192654132843018
2000,mla,456,2,0,0.047045592218637466,0.048645276576280594,2.0508718490600586
2000,mla,456,2,1,0.051967162638902664,0.055358804762363434,2.0508718490600586
2000,mla,456,2,2,0.05579640716314316,0.057862427085638046,2.0508718490600586
2000,mla,456,2,3,0.08323507010936737,0.08012007921934128,2.0508718490600586
2000,mla,456,2,4,0.047391053289175034,0.05387745425105095,2.0508718490600586
2000,mla,456,2,5,0.024405213072896004,0.045901425182819366,2.0508718490600586
2000,mla,456,2,6,0.06298045068979263,0.06200774386525154,2.0508718490600586
2000,mla,456,2,7,0.04464711621403694,0.051168713718652725,2.0508718490600586
2000,mla,456,2,8,0.05981231853365898,0.06620663404464722,2.0508718490600586
2000,mla,456,2,9,0.09246104210615158,0.07884170114994049,2.0508718490600586
2000,mla,456,2,10,0.06716247648000717,0.0636707991361618,2.0508718490600586
2000,mla,456,2,11,0.07872752100229263,0.07247931510210037,2.0508718490600586
2000,mla,456,2,12,0.0853838101029396,0.07394231855869293,2.0508718490600586
2000,mla,456,2,13,0.06236989423632622,0.057412371039390564,2.0508718490600586
2000,mla,456,2,14,0.06634633243083954,0.07017986476421356,2.0508718490600586
2000,mla,456,2,15,0.07026855647563934,0.062325164675712585,2.0508718490600586
2000,mla,456,3,0,0.08145324885845184,0.08377931267023087,1.666333556175232
2000,mla,456,3,1,0.03544016554951668,0.039548519998788834,1.666333556175232
2000,mla,456,3,2,0.07416259497404099,0.05677356570959091,1.666333556175232
2000,mla,456,3,3,0.05636749416589737,0.06641210615634918,1.666333556175232
2000,mla,456,3,4,0.052815552800893784,0.051383186131715775,1.666333556175232
2000,mla,456,3,5,0.0698261484503746,0.065987229347229,1.666333556175232
2000,mla,456,3,6,0.06906209141016006,0.07128984481096268,1.666333556175232
2000,mla,456,3,7,0.06479105353355408,0.06781952828168869,1.666333556175232
2000,mla,456,3,8,0.05995625630021095,0.07716207206249237,1.666333556175232
2000,mla,456,3,9,0.02784016914665699,0.03473386541008949,1.666333556175232
2000,mla,456,3,10,0.06600270420312881,0.0675061047077179,1.666333556175232
2000,mla,456,3,11,0.08457743376493454,0.07654357701539993,1.666333556175232
2000,mla,456,3,12,0.0720042958855629,0.06437984108924866,1.666333556175232
2000,mla,456,3,13,0.06125061213970184,0.05865039676427841,1.666333556175232
2000,mla,456,3,14,0.06057952716946602,0.059464313089847565,1.666333556175232
2000,mla,456,3,15,0.06387064605951309,0.05856647342443466,1.666333556175232
2000,mla,456,4,0,0.050256043672561646,0.05127799138426781,1.3645007610321045
2000,mla,456,4,1,0.05418945476412773,0.05135393142700195,1.3645007610321045
2000,mla,456,4,2,0.05841013416647911,0.08115899562835693,1.3645007610321045
2000,mla,456,4,3,0.08082906156778336,0.07633131742477417,1.3645007610321045
2000,mla,456,4,4,0.07064758241176605,0.07303417474031448,1.3645007610321045
2000,mla,456,4,5,0.06787068396806717,0.05794079974293709,1.3645007610321045
2000,mla,456,4,6,0.05467509105801582,0.06494983285665512,1.3645007610321045
2000,mla,456,4,7,0.08777222037315369,0.09126560389995575,1.3645007610321045
2000,mla,456,4,8,0.053890787065029144,0.04911286383867264,1.3645007610321045
2000,mla,456,4,9,0.04844960570335388,0.04697491228580475,1.3645007610321045
2000,mla,456,4,10,0.042734984308481216,0.0346718430519104,1.3645007610321045
2000,mla,456,4,11,0.09191406518220901,0.07121174782514572,1.3645007610321045
2000,mla,456,4,12,0.03768880292773247,0.05217622593045235,1.3645007610321045
2000,mla,456,4,13,0.07162272185087204,0.07226821035146713,1.3645007610321045
2000,mla,456,4,14,0.052375588566064835,0.056742604821920395,1.3645007610321045
2000,mla,456,4,15,0.07667317986488342,0.06952892243862152,1.3645007610321045
2000,mla,456,5,0,0.050697632133960724,0.0418567955493927,1.4248954057693481
2000,mla,456,5,1,0.06817159056663513,0.08961043506860733,1.4248954057693481
2000,mla,456,5,2,0.07173309475183487,0.09395227581262589,1.4248954057693481
2000,mla,456,5,3,0.08223886787891388,0.0597817599773407,1.4248954057693481
2000,mla,456,5,4,0.04771209880709648,0.06523748487234116,1.4248954057693481
2000,mla,456,5,5,0.10337178409099579,0.09299852699041367,1.4248954057693481
2000,mla,456,5,6,0.060893453657627106,0.07252547889947891,1.4248954057693481
2000,mla,456,5,7,0.0412578321993351,0.052527330815792084,1.4248954057693481
2000,mla,456,5,8,0.057983703911304474,0.04467877745628357,1.4248954057693481
2000,mla,456,5,9,0.056966349482536316,0.03861348330974579,1.4248954057693481
2000,mla,456,5,10,0.05107513442635536,0.047714777290821075,1.4248954057693481
2000,mla,456,5,11,0.10409342497587204,0.10133033245801926,1.4248954057693481
2000,mla,456,5,12,0.05138855054974556,0.054050300270318985,1.4248954057693481
2000,mla,456,5,13,0.054936930537223816,0.046404797583818436,1.4248954057693481
2000,mla,456,5,14,0.0461069755256176,0.05592246353626251,1.4248954057693481
2000,mla,456,5,15,0.05137258023023605,0.04279516264796257,1.4248954057693481
2500,mla,456,1,0,0.05102529004216194,0.054356370121240616,2.5609254837036133
2500,mla,456,1,1,0.05369679629802704,0.061501871794462204,2.5609254837036133
2500,mla,456,1,2,0.0734456405043602,0.06414470821619034,2.5609254837036133
2500,mla,456,1,3,0.06828410178422928,0.06742069125175476,2.5609254837036133
2500,mla,456,1,4,0.039741721004247665,0.0571758858859539,2.5609254837036133
2500,mla,456,1,5,0.05948130413889885,0.05861763656139374,2.5609254837036133
2500,mla,456,1,6,0.09562276303768158,0.07834775000810623,2.5609254837036133
2500,mla,456,1,7,0.06390472501516342,0.05907823517918587,2.5609254837036133
2500,mla,456,1,8,0.052420247346162796,0.06610732525587082,2.5609254837036133
2500,mla,456,1,9,0.04592224210500717,0.06365872174501419,2.5609254837036133
2500,mla,456,1,10,0.06820353120565414,0.06693565100431442,2.5609254837036133
2500,mla,456,1,11,0.058748066425323486,0.06563979387283325,2.5609254837036133
2500,mla,456,1,12,0.07211964577436447,0.0660378485918045,2.5609254837036133
2500,mla,456,1,13,0.07453694939613342,0.06776069849729538,2.5609254837036133
2500,mla,456,1,14,0.06522847712039948,0.053488362580537796,2.5609254837036133
2500,mla,456,1,15,0.057618509978055954,0.04972844943404198,2.5609254837036133
2500,mla,456,2,0,0.04088450223207474,0.0452149473130703,2.1171042919158936
2500,mla,456,2,1,0.05482086166739464,0.061778418719768524,2.1171042919158936
2500,mla,456,2,2,0.05124552547931671,0.05363575741648674,2.1171042919158936
2500,mla,456,2,3,0.08739786595106125,0.080550916492939,2.1171042919158936
2500,mla,456,2,4,0.060457661747932434,0.05980726704001427,2.1171042919158936
2500,mla,456,2,5,0.04311686381697655,0.05690945312380791,2.1171042919158936
2500,mla,456,2,6,0.056153155863285065,0.061649806797504425,2.1171042919158936
2500,mla,456,2,7,0.041423238813877106,0.05177852138876915,2.1171042919158936
2500,mla,456,2,8,0.050059713423252106,0.06117444857954979,2.1171042919158936
2500,mla,456,2,9,0.07761769741773605,0.06776324659585953,2.1171042919158936
2500,mla,456,2,10,0.07367940247058868,0.06884590536355972,2.1171042919158936
2500,mla,456,2,11,0.0792630985379219,0.07091332972049713,2.1171042919158936
2500,mla,456,2,12,0.08764556795358658,0.07303570955991745,2.1171042919158936
2500,mla,456,2,13,0.06101877987384796,0.056340292096138,2.1171042919158936
2500,mla,456,2,14,0.06713826209306717,0.07001148909330368,2.1171042919158936
2500,mla,456,2,15,0.06807780265808105,0.060590483248233795,2.1171042919158936
2500,mla,456,3,0,0.07830556482076645,0.07793673127889633,1.6423546075820923
2500,mla,456,3,1,0.03907124698162079,0.041008349508047104,1.6423546075820923
2500,mla,456,3,2,0.06219279021024704,0.05183292552828789,1.6423546075820923
2500,mla,456,3,3,0.060067445039749146,0.07103807479143143,1.6423546075820923
2500,mla,456,3,4,0.0620766207575798,0.05804868042469025,1.6423546075820923
2500,mla,456,3,5,0.06416402012109756,0.05996884033083916,1.6423546075820923
2500,mla,456,3,6,0.05050770938396454,0.061660390347242355,1.6423546075820923
2500,mla,456,3,7,0.06491871923208237,0.06975089758634567,1.6423546075820923
2500,mla,456,3,8,0.05958272144198418,0.07496879249811172,1.6423546075820923
2500,mla,456,3,9,0.04052358120679855,0.04123217612504959,1.6423546075820923
2500,mla,456,3,10,0.06463470309972763,0.06918506324291229,1.6423546075820923
2500,mla,456,3,11,0.07727508246898651,0.06834665685892105,1.6423546075820923
2500,mla,456,3,12,0.07869913429021835,0.0714769959449768,1.6423546075820923
2500,mla,456,3,13,0.07258544862270355,0.0640379935503006,1.6423546075820923
2500,mla,456,3,14,0.06529378145933151,0.06309361755847931,1.6423546075820923
2500,mla,456,3,15,0.06010141968727112,0.056413840502500534,1.6423546075820923
2500,mla,456,4,0,0.05616668611764908,0.0548555813729763,1.3287968635559082
2500,mla,456,4,1,0.059453632682561874,0.05236497148871422,1.3287968635559082
2500,mla,456,4,2,0.061647746711969376,0.08569713681936264,1.3287968635559082
2500,mla,456,4,3,0.06738372892141342,0.06493332237005234,1.3287968635559082
2500,mla,456,4,4,0.07010792940855026,0.07475952804088593,1.3287968635559082
2500,mla,456,4,5,0.06745351105928421,0.05711596831679344,1.3287968635559082
2500,mla,456,4,6,0.06146291270852089,0.07300075888633728,1.3287968635559082
2500,mla,456,4,7,0.07916676998138428,0.08358120918273926,1.3287968635559082
2500,mla,456,4,8,0.0476766973733902,0.043427497148513794,1.3287968635559082
2500,mla,456,4,9,0.06524210423231125,0.06056926026940346,1.3287968635559082
2500,mla,456,4,10,0.036195170134305954,0.029506251215934753,1.3287968635559082
2500,mla,456,4,11,0.09409159421920776,0.06926097720861435,1.3287968635559082
2500,mla,456,4,12,0.03981832042336464,0.0562145821750164,1.3287968635559082
2500,mla,456,4,13,0.06794657558202744,0.0691373348236084,1.3287968635559082
2500,mla,456,4,14,0.044370319694280624,0.051694344729185104,1.3287968635559082
2500,mla,456,4,15,0.08181630820035934,0.07388133555650711,1.3287968635559082
2500,mla,456,5,0,0.05273640900850296,0.04331979900598526,1.4262644052505493
2500,mla,456,5,1,0.06428558379411697,0.08773796260356903,1.4262644052505493
2500,mla,456,5,2,0.07116180658340454,0.09043984860181808,1.4262644052505493
2500,mla,456,5,3,0.07335103303194046,0.054340049624443054,1.4262644052505493
2500,mla,456,5,4,0.04532440006732941,0.062086205929517746,1.4262644052505493
2500,mla,456,5,5,0.10824106633663177,0.09658149629831314,1.4262644052505493
2500,mla,456,5,6,0.06225534901022911,0.07478589564561844,1.4262644052505493
2500,mla,456,5,7,0.04301157593727112,0.05282757058739662,1.4262644052505493
2500,mla,456,5,8,0.048538003116846085,0.03932405263185501,1.4262644052505493
2500,mla,456,5,9,0.0563761405646801,0.04061896353960037,1.4262644052505493
2500,mla,456,5,10,0.06033884733915329,0.05528641492128372,1.4262644052505493
2500,mla,456,5,11,0.1040961742401123,0.09699741005897522,1.4262644052505493
2500,mla,456,5,12,0.05133412778377533,0.05502656474709511,1.4262644052505493
2500,mla,456,5,13,0.05762491747736931,0.04789440706372261,1.4262644052505493
2500,mla,456,5,14,0.048619791865348816,0.058764584362506866,1.4262644052505493
2500,mla,456,5,15,0.05270477384328842,0.043968670070171356,1.4262644052505493
3000,mla,456,1,0,0.05533243715763092,0.055846258997917175,2.5454561710357666
3000,mla,456,1,1,0.07103902101516724,0.06780975311994553,2.5454561710357666
3000,mla,456,1,2,0.08036966621875763,0.06563080102205276,2.5454561710357666
3000,mla,456,1,3,0.04993347078561783,0.06300977617502213,2.5454561710357666
3000,mla,456,1,4,0.05788177624344826,0.05924611538648605,2.5454561710357666
3000,mla,456,1,5,0.05108734220266342,0.054861582815647125,2.5454561710357666
3000,mla,456,1,6,0.11109334230422974,0.08420208841562271,2.5454561710357666
3000,mla,456,1,7,0.0677107721567154,0.06010802462697029,2.5454561710357666
3000,mla,456,1,8,0.05728617310523987,0.0682176947593689,2.5454561710357666
3000,mla,456,1,9,0.04023091495037079,0.06026088818907738,2.5454561710357666
3000,mla,456,1,10,0.04262145981192589,0.06067654862999916,2.5454561710357666
3000,mla,456,1,11,0.061837054789066315,0.0655687153339386,2.5454561710357666
3000,mla,456,1,12,0.053274333477020264,0.061732660979032516,2.5454561710357666
3000,mla,456,1,13,0.07929392158985138,0.06868831068277359,2.5454561710357666
3000,mla,456,1,14,0.054840393364429474,0.05178143456578255,2.5454561710357666
3000,mla,456,1,15,0.0661679059267044,0.05235929414629936,2.5454561710357666
3000,mla,456,2,0,0.046400755643844604,0.04894517734646797,2.108497381210327
3000,mla,456,2,1,0.050154417753219604,0.05928575620055199,2.108497381210327
3000,mla,456,2,2,0.056488242000341415,0.05901886522769928,2.108497381210327
3000,mla,456,2,3,0.07817372679710388,0.07455279678106308,2.108497381210327
3000,mla,456,2,4,0.04626912251114845,0.05516785383224487,2.108497381210327
3000,mla,456,2,5,0.04673156887292862,0.05782848969101906,2.108497381210327
3000,mla,456,2,6,0.046949055045843124,0.05809154361486435,2.108497381210327
3000,mla,456,2,7,0.07810872048139572,0.06313236802816391,2.108497381210327
3000,mla,456,2,8,0.06078145280480385,0.07209737598896027,2.108497381210327
3000,mla,456,2,9,0.07295176386833191,0.0644780620932579,2.108497381210327
3000,mla,456,2,10,0.0669410228729248,0.06413000077009201,2.108497381210327
3000,mla,456,2,11,0.08340535312891006,0.0737718790769577,2.108497381210327
3000,mla,456,2,12,0.07707814872264862,0.0685805156826973,2.108497381210327
3000,mla,456,2,13,0.057944029569625854,0.05468640476465225,2.108497381210327
3000,mla,456,2,14,0.05972341075539589,0.06396456062793732,2.108497381210327
3000,mla,456,2,15,0.07189921289682388,0.06226835399866104,2.108497381210327
3000,mla,456,3,0,0.07769012451171875,0.07640086859464645,1.6285881996154785
3000,mla,456,3,1,0.04005737230181694,0.04091672599315643,1.6285881996154785
3000,mla,456,3,2,0.0685686245560646,0.05530256778001785,1.6285881996154785
3000,mla,456,3,3,0.06720926612615585,0.07576505839824677,1.6285881996154785
3000,mla,456,3,4,0.06282012909650803,0.05823094770312309,1.6285881996154785
3000,mla,456,3,5,0.06566517800092697,0.06189289689064026,1.6285881996154785
3000,mla,456,3,6,0.048072610050439835,0.060048650950193405,1.6285881996154785
3000,mla,456,3,7,0.06114359572529793,0.0651249811053276,1.6285881996154785
3000,mla,456,3,8,0.06476297974586487,0.0767718032002449,1.6285881996154785
3000,mla,456,3,9,0.04014027863740921,0.041294846683740616,1.6285881996154785
3000,mla,456,3,10,0.06911540031433105,0.07233502715826035,1.6285881996154785
3000,mla,456,3,11,0.07179901003837585,0.06477198004722595,1.6285881996154785
3000,mla,456,3,12,0.08410919457674026,0.07641077786684036,1.6285881996154785
3000,mla,456,3,13,0.06199951097369194,0.059406351298093796,1.6285881996154785
3000,mla,456,3,14,0.05807800218462944,0.06009984388947487,1.6285881996154785
3000,mla,456,3,15,0.05876871570944786,0.05522666871547699,1.6285881996154785
3000,mla,456,4,0,0.05442260578274727,0.053816355764865875,1.3090040683746338
3000,mla,456,4,1,0.05868825316429138,0.0531119741499424,1.3090040683746338
3000,mla,456,4,2,0.06271606683731079,0.08719747513532639,1.3090040683746338
3000,mla,456,4,3,0.07634378969669342,0.07321678847074509,1.3090040683746338
3000,mla,456,4,4,0.06752858310937881,0.07329093664884567,1.3090040683746338
3000,mla,456,4,5,0.07030446082353592,0.057800572365522385,1.3090040683746338
3000,mla,456,4,6,0.05485697463154793,0.06609897315502167,1.3090040683746338
3000,mla,456,4,7,0.08373341709375381,0.08789469301700592,1.3090040683746338
3000,mla,456,4,8,0.0550873838365078,0.049470867961645126,1.3090040683746338
3000,mla,456,4,9,0.04813425615429878,0.04877269268035889,1.3090040683746338
3000,mla,456,4,10,0.03621978685259819,0.029293762519955635,1.3090040683746338
3000,mla,456,4,11,0.09830281883478165,0.07410408556461334,1.3090040683746338
3000,mla,456,4,12,0.035957541316747665,0.0505058616399765,1.3090040683746338
3000,mla,456,4,13,0.06859496980905533,0.06642864644527435,1.3090040683746338
3000,mla,456,4,14,0.04733388125896454,0.05543627589941025,1.3090040683746338
3000,mla,456,4,15,0.08177521079778671,0.07356012612581253,1.3090040683746338
3000,mla,456,5,0,0.05068349093198776,0.04273013770580292,1.4201159477233887
3000,mla,456,5,1,0.0664609745144844,0.09005432575941086,1.4201159477233887
3000,mla,456,5,2,0.07449381798505783,0.09358595311641693,1.4201159477233887
3000,mla,456,5,3,0.08198842406272888,0.06002643704414368,1.4201159477233887
3000,mla,456,5,4,0.04736979305744171,0.06241483613848686,1.4201159477233887
3000,mla,456,5,5,0.10564330965280533,0.09139098972082138,1.4201159477233887
3000,mla,456,5,6,0.06295796483755112,0.07656757533550262,1.4201159477233887
3000,mla,456,5,7,0.04625437408685684,0.054190877825021744,1.4201159477233887
3000,mla,456,5,8,0.041306253522634506,0.03445832431316376,1.4201159477233887
3000,mla,456,5,9,0.060519613325595856,0.043018899857997894,1.4201159477233887
3000,mla,456,5,10,0.05448303371667862,0.05292202904820442,1.4201159477233887
3000,mla,456,5,11,0.10370422154664993,0.09441477805376053,1.4201159477233887
3000,mla,456,5,12,0.0521056093275547,0.055577971041202545,1.4201159477233887
3000,mla,456,5,13,0.052934467792510986,0.045903801918029785,1.4201159477233887
3000,mla,456,5,14,0.04658915102481842,0.058550357818603516,1.4201159477233887
3000,mla,456,5,15,0.0525054931640625,0.04419265314936638,1.4201159477233887
3500,mla,456,1,0,0.05518239364027977,0.05602440983057022,2.528146266937256
3500,mla,456,1,1,0.051949258893728256,0.06088657304644585,2.528146266937256
3500,mla,456,1,2,0.06865010410547256,0.06146907061338425,2.528146266937256
3500,mla,456,1,3,0.07153330743312836,0.06795883923768997,2.528146266937256
3500,mla,456,1,4,0.07207255065441132,0.06374900043010712,2.528146266937256
3500,mla,456,1,5,0.06753367185592651,0.060631025582551956,2.528146266937256
3500,mla,456,1,6,0.07658945769071579,0.0750495120882988,2.528146266937256
3500,mla,456,1,7,0.07919494807720184,0.06564554572105408,2.528146266937256
3500,mla,456,1,8,0.05160868167877197,0.06627434492111206,2.528146266937256
3500,mla,456,1,9,0.041945599019527435,0.060581810772418976,2.528146266937256
3500,mla,456,1,10,0.03749145567417145,0.05756962299346924,2.528146266937256
3500,mla,456,1,11,0.06595194339752197,0.06901685893535614,2.528146266937256
3500,mla,456,1,12,0.06465017050504684,0.06455640494823456,2.528146266937256
3500,mla,456,1,13,0.07433624565601349,0.06807319819927216,2.528146266937256
3500,mla,456,1,14,0.06353698670864105,0.05186525359749794,2.528146266937256
3500,mla,456,1,15,0.05777323246002197,0.05064854770898819,2.528146266937256
3500,mla,456,2,0,0.044182535260915756,0.04792822152376175,2.0957305431365967
3500,mla,456,2,1,0.05357249081134796,0.0612688884139061,2.0957305431365967
3500,mla,456,2,2,0.0570862852036953,0.05997339263558388,2.0957305431365967
3500,mla,456,2,3,0.08116699010133743,0.07663113623857498,2.0957305431365967
3500,mla,456,2,4,0.04968882352113724,0.05645596235990524,2.0957305431365967
3500,mla,456,2,5,0.043410032987594604,0.055466167628765106,2.0957305431365967
3500,mla,456,2,6,0.058942463248968124,0.06389972567558289,2.0957305431365967
3500,mla,456,2,7,0.0713888555765152,0.061821192502975464,2.0957305431365967
3500,mla,456,2,8,0.047272540628910065,0.05935605987906456,2.0957305431365967
3500,mla,456,2,9,0.07634013146162033,0.06749622523784637,2.0957305431365967
3500,mla,456,2,10,0.06711344420909882,0.06517256051301956,2.0957305431365967
3500,mla,456,2,11,0.08769490569829941,0.07559917122125626,2.0957305431365967
3500,mla,456,2,12,0.08190114051103592,0.07133802771568298,2.0957305431365967
3500,mla,456,2,13,0.056627605110406876,0.05411088466644287,2.0957305431365967
3500,mla,456,2,14,0.060704853385686874,0.06405000388622284,2.0957305431365967
3500,mla,456,2,15,0.0629068985581398,0.0594322569668293,2.0957305431365967
3500,mla,456,3,0,0.07870056480169296,0.07917939126491547,1.6192764043807983
3500,mla,456,3,1,0.044238585978746414,0.04367498680949211,1.6192764043807983
3500,mla,456,3,2,0.05832315981388092,0.04923152178525925,1.6192764043807983
3500,mla,456,3,3,0.05815409496426582,0.0657026395201683,1.6192764043807983
3500,mla,456,3,4,0.05889343097805977,0.055428192019462585,1.6192764043807983
3500,mla,456,3,5,0.07342895865440369,0.06565841287374496,1.6192764043807983
3500,mla,456,3,6,0.04986317828297615,0.061920590698719025,1.6192764043807983
3500,mla,456,3,7,0.06521738320589066,0.06887974590063095,1.6192764043807983
3500,mla,456,3,8,0.06234456226229668,0.0744800716638565,1.6192764043807983
3500,mla,456,3,9,0.03848561644554138,0.04046172648668289,1.6192764043807983
3500,mla,456,3,10,0.0638490840792656,0.06902719289064407,1.6192764043807983
3500,mla,456,3,11,0.07842499017715454,0.07008718699216843,1.6192764043807983
3500,mla,456,3,12,0.08818786591291428,0.08128876239061356,1.6192764043807983
3500,mla,456,3,13,0.05020202696323395,0.05458591505885124,1.6192764043807983
3500,mla,456,3,14,0.07283467799425125,0.06624268740415573,1.6192764043807983
3500,mla,456,3,15,0.058851826936006546,0.05415106564760208,1.6192764043807983
3500,mla,456,4,0,0.05744690075516701,0.05476991832256317,1.2863041162490845
3500,mla,456,4,1,0.05786600708961487,0.05313371494412422,1.2863041162490845
3500,mla,456,4,2,0.059901632368564606,0.08384011685848236,1.2863041162490845
3500,mla,456,4,3,0.0770358294248581,0.07463857531547546,1.2863041162490845
3500,mla,456,4,4,0.06772390007972717,0.07193034142255783,1.2863041162490845
3500,mla,456,4,5,0.07341573387384415,0.06020409241318703,1.2863041162490845
3500,mla,456,4,6,0.05632975324988365,0.06991910189390182,1.2863041162490845
3500,mla,456,4,7,0.08040598779916763,0.08502285182476044,1.2863041162490845
3500,mla,456,4,8,0.05104013904929161,0.045777805149555206,1.2863041162490845
3500,mla,456,4,9,0.04628366976976395,0.04680759832262993,1.2863041162490845
3500,mla,456,4,10,0.03429728373885155,0.028606409206986427,1.2863041162490845
3500,mla,456,4,11,0.10779357701539993,0.0827711969614029,1.2863041162490845
3500,mla,456,4,12,0.03634277358651161,0.05151459202170372,1.2863041162490845
3500,mla,456,4,13,0.06782572716474533,0.06710205972194672,1.2863041162490845
3500,mla,456,4,14,0.044371847063302994,0.052037060260772705,1.2863041162490845
3500,mla,456,4,15,0.08191925287246704,0.07192466408014297,1.2863041162490845
3500,mla,456,5,0,0.044589437544345856,0.04078253358602524,1.4183865785598755
3500,mla,456,5,1,0.06830566376447678,0.09233405441045761,1.4183865785598755
3500,mla,456,5,2,0.0737527459859848,0.09297014027833939,1.4183865785598755
3500,mla,456,5,3,0.07986602932214737,0.06000132113695145,1.4183865785598755
3500,mla,456,5,4,0.04599263519048691,0.0598970465362072,1.4183865785598755
3500,mla,456,5,5,0.1098422259092331,0.09673276543617249,1.4183865785598755
3500,mla,456,5,6,0.06268452852964401,0.07628330588340759,1.4183865785598755
3500,mla,456,5,7,0.0443764254450798,0.05384467914700508,1.4183865785598755
3500,mla,456,5,8,0.04531819745898247,0.03502071648836136,1.4183865785598755
3500,mla,456,5,9,0.05937235429883003,0.04312635958194733,1.4183865785598755
3500,mla,456,5,10,0.056962281465530396,0.053623758256435394,1.4183865785598755
3500,mla,456,5,11,0.10391642153263092,0.09364034980535507,1.4183865785598755
3500,mla,456,5,12,0.05115244537591934,0.055354561656713486,1.4183865785598755
3500,mla,456,5,13,0.05570434406399727,0.04707241803407669,1.4183865785598755
3500,mla,456,5,14,0.04685923084616661,0.05861074477434158,1.4183865785598755
3500,mla,456,5,15,0.05130503326654434,0.0407053641974926,1.4183865785598755
4000,mla,456,1,0,0.052504681050777435,0.05476318299770355,2.5014147758483887
4000,mla,456,1,1,0.06764241307973862,0.06611357629299164,2.5014147758483887
4000,mla,456,1,2,0.06394927948713303,0.06202096864581108,2.5014147758483887
4000,mla,456,1,3,0.054766539484262466,0.064344123005867,2.5014147758483887
4000,mla,456,1,4,0.043105773627758026,0.0552603080868721,2.5014147758483887
4000,mla,456,1,5,0.06512237340211868,0.05970461666584015,2.5014147758483887
4000,mla,456,1,6,0.08197692781686783,0.07990730553865433,2.5014147758483887
4000,mla,456,1,7,0.07312754541635513,0.06449715793132782,2.5014147758483887
4000,mla,456,1,8,0.06411570310592651,0.06939049810171127,2.5014147758483887
4000,mla,456,1,9,0.055776774883270264,0.06304973363876343,2.5014147758483887
4000,mla,456,1,10,0.07469126582145691,0.06671703606843948,2.5014147758483887
4000,mla,456,1,11,0.08042612671852112,0.07224291563034058,2.5014147758483887
4000,mla,456,1,12,0.048177286982536316,0.05959964916110039,2.5014147758483887
4000,mla,456,1,13,0.057455748319625854,0.06138822063803673,2.5014147758483887
4000,mla,456,1,14,0.06134236603975296,0.05160322040319443,2.5014147758483887
4000,mla,456,1,15,0.05581919476389885,0.04939747229218483,2.5014147758483887
4000,mla,456,2,0,0.047967731952667236,0.04998856410384178,2.0953216552734375
4000,mla,456,2,1,0.05215494707226753,0.05958014354109764,2.0953216552734375
4000,mla,456,2,2,0.05680898204445839,0.05995244160294533,2.0953216552734375
4000,mla,456,2,3,0.07880126684904099,0.0742071345448494,2.0953216552734375
4000,mla,456,2,4,0.05565236508846283,0.05786556378006935,2.0953216552734375
4000,mla,456,2,5,0.05106058716773987,0.05881688371300697,2.0953216552734375
4000,mla,456,2,6,0.059771422296762466,0.0624932236969471,2.0953216552734375
4000,mla,456,2,7,0.05664784833788872,0.05611812695860863,2.0953216552734375
4000,mla,456,2,8,0.04958038404583931,0.06334369629621506,2.0953216552734375
4000,mla,456,2,9,0.0773213729262352,0.06826745718717575,2.0953216552734375
4000,mla,456,2,10,0.0625336691737175,0.06221557781100273,2.0953216552734375
4000,mla,456,2,11,0.08554728329181671,0.07417226582765579,2.0953216552734375
4000,mla,456,2,12,0.08039886504411697,0.071319080889225,2.0953216552734375
4000,mla,456,2,13,0.05727732181549072,0.05405336245894432,2.0953216552734375
4000,mla,456,2,14,0.06265971064567566,0.06731100380420685,2.0953216552734375
4000,mla,456,2,15,0.0658162459731102,0.060295455157756805,2.0953216552734375
4000,mla,456,3,0,0.08329284936189651,0.08358501642942429,1.6017661094665527
4000,mla,456,3,1,0.0364055372774601,0.03828900679945946,1.6017661094665527
4000,mla,456,3,2,0.060898639261722565,0.04986982420086861,1.6017661094665527
4000,mla,456,3,3,0.06331177055835724,0.07264287024736404,1.6017661094665527
4000,mla,456,3,4,0.061042580753564835,0.05760824680328369,1.6017661094665527
4000,mla,456,3,5,0.06489451229572296,0.05968083068728447,1.6017661094665527
4000,mla,456,3,6,0.04696919769048691,0.05644441023468971,1.6017661094665527
4000,mla,456,3,7,0.0701434314250946,0.07293850928544998,1.6017661094665527
4000,mla,456,3,8,0.06182617321610451,0.07604678720235825,1.6017661094665527
4000,mla,456,3,9,0.052397459745407104,0.0458977036178112,1.6017661094665527
4000,mla,456,3,10,0.060805562883615494,0.0662093460559845,1.6017661094665527
4000,mla,456,3,11,0.07922881841659546,0.07099056988954544,1.6017661094665527
4000,mla,456,3,12,0.08422373235225677,0.07737068831920624,1.6017661094665527
4000,mla,456,3,13,0.053509216755628586,0.05578627437353134,1.6017661094665527
4000,mla,456,3,14,0.05663960799574852,0.05890379101037979,1.6017661094665527
4000,mla,456,3,15,0.06441091001033783,0.057736244052648544,1.6017661094665527
4000,mla,456,4,0,0.05416473373770714,0.052509453147649765,1.2704212665557861
4000,mla,456,4,1,0.05910776928067207,0.05361785367131233,1.2704212665557861
4000,mla,456,4,2,0.05343729630112648,0.07635525614023209,1.2704212665557861
4000,mla,456,4,3,0.07091227173805237,0.06991968303918839,1.2704212665557861
4000,mla,456,4,4,0.06905629485845566,0.07469041645526886,1.2704212665557861
4000,mla,456,4,5,0.07957672327756882,0.06598201394081116,1.2704212665557861
4000,mla,456,4,6,0.05491027981042862,0.06769929081201553,1.2704212665557861
4000,mla,456,4,7,0.08103302121162415,0.08511652052402496,1.2704212665557861
4000,mla,456,4,8,0.050527140498161316,0.04684087634086609,1.2704212665557861
4000,mla,456,4,9,0.04520761966705322,0.04685159772634506,1.2704212665557861
4000,mla,456,4,10,0.036266785115003586,0.027785098180174828,1.2704212665557861
4000,mla,456,4,11,0.1089642345905304,0.08248114585876465,1.2704212665557861
4000,mla,456,4,12,0.04032938554883003,0.05488255247473717,1.2704212665557861
4000,mla,456,4,13,0.06845936924219131,0.06867682933807373,1.2704212665557861
4000,mla,456,4,14,0.04325398802757263,0.05246336758136749,1.2704212665557861
4000,mla,456,4,15,0.0847930908203125,0.07412806898355484,1.2704212665557861
4000,mla,456,5,0,0.0496724434196949,0.042542941868305206,1.414398193359375
4000,mla,456,5,1,0.060746461153030396,0.08384663611650467,1.414398193359375
4000,mla,456,5,2,0.0743509903550148,0.09565219283103943,1.414398193359375
4000,mla,456,5,3,0.08502858132123947,0.06276685744524002,1.414398193359375
4000,mla,456,5,4,0.04545145854353905,0.058438535779714584,1.414398193359375
4000,mla,456,5,5,0.11032959073781967,0.09661977738142014,1.414398193359375
4000,mla,456,5,6,0.06746643036603928,0.081959068775177,1.414398193359375
4000,mla,456,5,7,0.043218180537223816,0.05090203508734703,1.414398193359375
4000,mla,456,5,8,0.041037701070308685,0.034297410398721695,1.414398193359375
4000,mla,456,5,9,0.06194915622472763,0.045278094708919525,1.414398193359375
4000,mla,456,5,10,0.05170349031686783,0.05069189518690109,1.414398193359375
4000,mla,456,5,11,0.10239043831825256,0.0918809324502945,1.414398193359375
4000,mla,456,5,12,0.05222737789154053,0.05599735304713249,1.414398193359375
4000,mla,456,5,13,0.05945536121726036,0.05068092420697212,1.414398193359375
4000,mla,456,5,14,0.04291687160730362,0.05658548325300217,1.414398193359375
4000,mla,456,5,15,0.05205545946955681,0.041860006749629974,1.414398193359375
4500,mla,456,1,0,0.06939931213855743,0.06268017739057541,2.4659061431884766
4500,mla,456,1,1,0.06588053703308105,0.06430766731500626,2.4659061431884766
4500,mla,456,1,2,0.0680784061551094,0.06296318024396896,2.4659061431884766
4500,mla,456,1,3,0.06024739518761635,0.0660967230796814,2.4659061431884766
4500,mla,456,1,4,0.05048675462603569,0.05652935802936554,2.4659061431884766
4500,mla,456,1,5,0.0701744556427002,0.06047331541776657,2.4659061431884766
4500,mla,456,1,6,0.08385375887155533,0.08049308508634567,2.4659061431884766
4500,mla,456,1,7,0.0683041363954544,0.06228720396757126,2.4659061431884766
4500,mla,456,1,8,0.053482260555028915,0.06610871106386185,2.4659061431884766
4500,mla,456,1,9,0.042510986328125,0.059079691767692566,2.4659061431884766
4500,mla,456,1,10,0.06532307714223862,0.0628521591424942,2.4659061431884766
4500,mla,456,1,11,0.05915842577815056,0.06669901311397552,2.4659061431884766
4500,mla,456,1,12,0.045579224824905396,0.05758459120988846,2.4659061431884766
4500,mla,456,1,13,0.06325073540210724,0.06451825797557831,2.4659061431884766
4500,mla,456,1,14,0.0650525912642479,0.05227535963058472,2.4659061431884766
4500,mla,456,1,15,0.06921793520450592,0.0550515241920948,2.4659061431884766
4500,mla,456,2,0,0.048483580350875854,0.05113021656870842,2.0551910400390625
4500,mla,456,2,1,0.04885050281882286,0.05921967327594757,2.0551910400390625
4500,mla,456,2,2,0.056046754121780396,0.060606975108385086,2.0551910400390625
4500,mla,456,2,3,0.08415079861879349,0.07991824299097061,2.0551910400390625
4500,mla,456,2,4,0.040075886994600296,0.05246027559041977,2.0551910400390625
4500,mla,456,2,5,0.059969786554574966,0.05937263369560242,2.0551910400390625
4500,mla,456,2,6,0.05692077800631523,0.06103771924972534,2.0551910400390625
4500,mla,456,2,7,0.05643880367279053,0.05560411512851715,2.0551910400390625
4500,mla,456,2,8,0.04757476970553398,0.05972590297460556,2.0551910400390625
4500,mla,456,2,9,0.07410135865211487,0.06574602425098419,2.0551910400390625
4500,mla,456,2,10,0.06527435034513474,0.06509686261415482,2.0551910400390625
4500,mla,456,2,11,0.08152873069047928,0.07078294456005096,2.0551910400390625
4500,mla,456,2,12,0.07409993559122086,0.06624098122119904,2.0551910400390625
4500,mla,456,2,13,0.06314310431480408,0.05800491198897362,2.0551910400390625
4500,mla,456,2,14,0.06489379703998566,0.06914940476417542,2.0551910400390625
4500,mla,456,2,15,0.07844705879688263,0.06590316444635391,2.0551910400390625
4500,mla,456,3,0,0.08470357209444046,0.08502420783042908,1.5784600973129272
4500,mla,456,3,1,0.038514912128448486,0.03965023159980774,1.5784600973129272
4500,mla,456,3,2,0.059736836701631546,0.04908725991845131,1.5784600973129272
4500,mla,456,3,3,0.062381286174058914,0.07103148847818375,1.5784600973129272
4500,mla,456,3,4,0.05675343796610832,0.05412791669368744,1.5784600973129272
4500,mla,456,3,5,0.07228729128837585,0.06369265168905258,1.5784600973129272
4500,mla,456,3,6,0.04696909710764885,0.058267898857593536,1.5784600973129272
4500,mla,456,3,7,0.07133138179779053,0.07298900932073593,1.5784600973129272
4500,mla,456,3,8,0.06018168106675148,0.07264697551727295,1.5784600973129272
4500,mla,456,3,9,0.0377158597111702,0.0394219309091568,1.5784600973129272
4500,mla,456,3,10,0.06498921662569046,0.06982936710119247,1.5784600973129272
4500,mla,456,3,11,0.07365081459283829,0.06608171761035919,1.5784600973129272
4500,mla,456,3,12,0.08296509087085724,0.07737387716770172,1.5784600973129272
4500,mla,456,3,13,0.052421875298023224,0.055873360484838486,1.5784600973129272
4500,mla,456,3,14,0.06303364783525467,0.062011558562517166,1.5784600973129272
4500,mla,456,3,15,0.07236399501562119,0.06289054453372955,1.5784600973129272
4500,mla,456,4,0,0.053352050483226776,0.05292481556534767,1.2724835872650146
4500,mla,456,4,1,0.05702962353825569,0.05248868465423584,1.2724835872650146
4500,mla,456,4,2,0.0546589158475399,0.07843124121427536,1.2724835872650146
4500,mla,456,4,3,0.07303446531295776,0.07175330817699432,1.2724835872650146
4500,mla,456,4,4,0.0685417652130127,0.07063841074705124,1.2724835872650146
4500,mla,456,4,5,0.07723511010408401,0.0642499178647995,1.2724835872650146
4500,mla,456,4,6,0.05334014818072319,0.06616208702325821,1.2724835872650146
4500,mla,456,4,7,0.08896565437316895,0.0932491347193718,1.2724835872650146
4500,mla,456,4,8,0.05067148804664612,0.047085102647542953,1.2724835872650146
4500,mla,456,4,9,0.046173907816410065,0.046807099133729935,1.2724835872650146
4500,mla,456,4,10,0.03623707965016365,0.028194962069392204,1.2724835872650146
4500,mla,456,4,11,0.10584279149770737,0.0810735747218132,1.2724835872650146
4500,mla,456,4,12,0.034263916313648224,0.04936930909752846,1.2724835872650146
4500,mla,456,4,13,0.07390614598989487,0.07407171279191971,1.2724835872650146
4500,mla,456,4,14,0.04356994479894638,0.05067642033100128,1.2724835872650146
4500,mla,456,4,15,0.08317697793245316,0.07282409816980362,1.2724835872650146
4500,mla,456,5,0,0.05285939574241638,0.04459096118807793,1.4111480712890625
4500,mla,456,5,1,0.06273874640464783,0.0875585600733757,1.4111480712890625
4500,mla,456,5,2,0.07496785372495651,0.09510748088359833,1.4111480712890625
4500,mla,456,5,3,0.08754872530698776,0.06586360931396484,1.4111480712890625
4500,mla,456,5,4,0.04452097415924072,0.05695453658699989,1.4111480712890625
4500,mla,456,5,5,0.11048278957605362,0.09939620643854141,1.4111480712890625
4500,mla,456,5,6,0.0633925348520279,0.07666140794754028,1.4111480712890625
4500,mla,456,5,7,0.04427846148610115,0.052171532064676285,1.4111480712890625
4500,mla,456,5,8,0.03936584293842316,0.03432759270071983,1.4111480712890625
4500,mla,456,5,9,0.06199025362730026,0.04570329561829567,1.4111480712890625
4500,mla,456,5,10,0.051478780806064606,0.050514932721853256,1.4111480712890625
4500,mla,456,5,11,0.10124308615922928,0.09068109840154648,1.4111480712890625
4500,mla,456,5,12,0.04733286425471306,0.05214012786746025,1.4111480712890625
4500,mla,456,5,13,0.06097768247127533,0.051286499947309494,1.4111480712890625
4500,mla,456,5,14,0.04334299638867378,0.056622061878442764,1.4111480712890625
4500,mla,456,5,15,0.05347900465130806,0.04042021930217743,1.4111480712890625
5000,mla,456,1,0,0.06473460048437119,0.059554073959589005,2.4379875659942627
5000,mla,456,1,1,0.07395517826080322,0.06721807271242142,2.4379875659942627
5000,mla,456,1,2,0.06125427410006523,0.06100473552942276,2.4379875659942627
5000,mla,456,1,3,0.05678100511431694,0.0652567520737648,2.4379875659942627
5000,mla,456,1,4,0.05258138105273247,0.05596885830163956,2.4379875659942627
5000,mla,456,1,5,0.07309193909168243,0.06209899112582207,2.4379875659942627
5000,mla,456,1,6,0.08422607183456421,0.08146379888057709,2.4379875659942627
5000,mla,456,1,7,0.07462260127067566,0.06571269780397415,2.4379875659942627
5000,mla,456,1,8,0.06016896665096283,0.06692870706319809,2.4379875659942627
5000,mla,456,1,9,0.028095398098230362,0.054250750690698624,2.4379875659942627
5000,mla,456,1,10,0.0705573558807373,0.06466498225927353,2.4379875659942627
5000,mla,456,1,11,0.05819335952401161,0.06658060103654861,2.4379875659942627
5000,mla,456,1,12,0.0482107549905777,0.05858684703707695,2.4379875659942627
5000,mla,456,1,13,0.06322062015533447,0.06403467059135437,2.4379875659942627
5000,mla,456,1,14,0.0673459842801094,0.05394115298986435,2.4379875659942627
5000,mla,456,1,15,0.06296051293611526,0.052734266966581345,2.4379875659942627
5000,mla,456,2,0,0.0587044283747673,0.05513240024447441,2.037964344024658
5000,mla,456,2,1,0.05589874088764191,0.0620928630232811,2.037964344024658
5000,mla,456,2,2,0.052293092012405396,0.0582110770046711,2.037964344024658
5000,mla,456,2,3,0.08572245389223099,0.08057756721973419,2.037964344024658
5000,mla,456,2,4,0.040872905403375626,0.051244355738162994,2.037964344024658
5000,mla,456,2,5,0.043872375041246414,0.05331552028656006,2.037964344024658
5000,mla,456,2,6,0.055907897651195526,0.060891710221767426,2.037964344024658
5000,mla,456,2,7,0.061390481889247894,0.0558769591152668,2.037964344024658
5000,mla,456,2,8,0.054423727095127106,0.0659683346748352,2.037964344024658
5000,mla,456,2,9,0.07234720885753632,0.06436685472726822,2.037964344024658
5000,mla,456,2,10,0.06491231173276901,0.06404140591621399,2.037964344024658
5000,mla,456,2,11,0.08113840967416763,0.0714043453335762,2.037964344024658
5000,mla,456,2,12,0.0764574185013771,0.06828663498163223,2.037964344024658
5000,mla,456,2,13,0.06421580165624619,0.059448305517435074,2.037964344024658
5000,mla,456,2,14,0.0628153458237648,0.06676788628101349,2.037964344024658
5000,mla,456,2,15,0.06902740150690079,0.06237364932894707,2.037964344024658
5000,mla,456,3,0,0.08060363680124283,0.0810265839099884,1.5824228525161743
5000,mla,456,3,1,0.041566669940948486,0.04199819639325142,1.5824228525161743
5000,mla,456,3,2,0.06542612612247467,0.05178796499967575,1.5824228525161743
5000,mla,456,3,3,0.06278686225414276,0.07104650884866714,1.5824228525161743
5000,mla,456,3,4,0.058603618294000626,0.05616516247391701,1.5824228525161743
5000,mla,456,3,5,0.07055887579917908,0.06412526965141296,1.5824228525161743
5000,mla,456,3,6,0.045633137226104736,0.056881021708250046,1.5824228525161743
5000,mla,456,3,7,0.06778421998023987,0.06993550062179565,1.5824228525161743
5000,mla,456,3,8,0.061871644109487534,0.07344035804271698,1.5824228525161743
5000,mla,456,3,9,0.03506357967853546,0.03885217756032944,1.5824228525161743
5000,mla,456,3,10,0.06465870887041092,0.0689253881573677,1.5824228525161743
5000,mla,456,3,11,0.07240671664476395,0.06458903104066849,1.5824228525161743
5000,mla,456,3,12,0.08283253759145737,0.07603215426206589,1.5824228525161743
5000,mla,456,3,13,0.05942576006054878,0.06033877655863762,1.5824228525161743
5000,mla,456,3,14,0.061130065470933914,0.06276505440473557,1.5824228525161743
5000,mla,456,3,15,0.06964782625436783,0.06209108978509903,1.5824228525161743
5000,mla,456,4,0,0.055108338594436646,0.05525621399283409,1.2807689905166626
5000,mla,456,4,1,0.05271952226758003,0.04967351257801056,1.2807689905166626
5000,mla,456,4,2,0.05289815366268158,0.07501582056283951,1.2807689905166626
5000,mla,456,4,3,0.07386525720357895,0.07054538279771805,1.2807689905166626
5000,mla,456,4,4,0.0681660994887352,0.07394493371248245,1.2807689905166626
5000,mla,456,4,5,0.08048319816589355,0.06789746880531311,1.2807689905166626
5000,mla,456,4,6,0.05445261672139168,0.06667110323905945,1.2807689905166626
5000,mla,456,4,7,0.0853920504450798,0.08953874558210373,1.2807689905166626
5000,mla,456,4,8,0.053557127714157104,0.04966739937663078,1.2807689905166626
5000,mla,456,4,9,0.04666758328676224,0.04925268143415451,1.2807689905166626
5000,mla,456,4,10,0.03858642652630806,0.02869262360036373,1.2807689905166626
5000,mla,456,4,11,0.10874796658754349,0.08134283870458603,1.2807689905166626
5000,mla,456,4,12,0.03969980776309967,0.05317515507340431,1.2807689905166626
5000,mla,456,4,13,0.06422586739063263,0.06587456911802292,1.2807689905166626
5000,mla,456,4,14,0.040878091007471085,0.04883895441889763,1.2807689905166626
5000,mla,456,4,15,0.08455190062522888,0.07461266964673996,1.2807689905166626
5000,mla,456,5,0,0.04568084701895714,0.04272816330194473,1.4222670793533325
5000,mla,456,5,1,0.06117136776447296,0.08510786294937134,1.4222670793533325
5000,mla,456,5,2,0.07196930050849915,0.08743622153997421,1.4222670793533325
5000,mla,456,5,3,0.09028340876102448,0.06820643693208694,1.4222670793533325
5000,mla,456,5,4,0.04542938247323036,0.0582689605653286,1.4222670793533325
5000,mla,456,5,5,0.10594197362661362,0.094624824821949,1.4222670793533325
5000,mla,456,5,6,0.06959085911512375,0.08397609740495682,1.4222670793533325
5000,mla,456,5,7,0.04450235888361931,0.05007915198802948,1.4222670793533325
5000,mla,456,5,8,0.04810638353228569,0.037624292075634,1.4222670793533325
5000,mla,456,5,9,0.061599019914865494,0.04452084004878998,1.4222670793533325
5000,mla,456,5,10,0.049909260123968124,0.05122172087430954,1.4222670793533325
5000,mla,456,5,11,0.10255391150712967,0.09107747673988342,1.4222670793533325
5000,mla,456,5,12,0.051342468708753586,0.05550718307495117,1.4222670793533325
5000,mla,456,5,13,0.057077229022979736,0.04908234253525734,1.4222670793533325
5000,mla,456,5,14,0.0401388555765152,0.05339381471276283,1.4222670793533325
5000,mla,456,5,15,0.05470336973667145,0.047144815325737,1.4222670793533325
5500,mla,456,1,0,0.05648030713200569,0.05705836042761803,2.408278703689575
5500,mla,456,1,1,0.06858184933662415,0.0666002705693245,2.408278703689575
5500,mla,456,1,2,0.06233591586351395,0.060941748321056366,2.408278703689575
5500,mla,456,1,3,0.05801330506801605,0.06618374586105347,2.408278703689575
5500,mla,456,1,4,0.05450429394841194,0.056009598076343536,2.408278703689575
5500,mla,456,1,5,0.07153350859880447,0.062290072441101074,2.408278703689575
5500,mla,456,1,6,0.08104248344898224,0.07919833809137344,2.408278703689575
5500,mla,456,1,7,0.06740254908800125,0.06258182227611542,2.408278703689575
5500,mla,456,1,8,0.059188131242990494,0.06689541041851044,2.408278703689575
5500,mla,456,1,9,0.03775929659605026,0.055710673332214355,2.408278703689575
5500,mla,456,1,10,0.07370106875896454,0.06648252159357071,2.408278703689575
5500,mla,456,1,11,0.05729715898633003,0.06588359922170639,2.408278703689575
5500,mla,456,1,12,0.04821116104722023,0.05825793743133545,2.408278703689575
5500,mla,456,1,13,0.0639534518122673,0.06503164768218994,2.408278703689575
5500,mla,456,1,14,0.07591420412063599,0.057948093861341476,2.408278703689575
5500,mla,456,1,15,0.06408131867647171,0.052926067262887955,2.408278703689575
5500,mla,456,2,0,0.053692933171987534,0.05216551572084427,2.014009475708008
5500,mla,456,2,1,0.04797963425517082,0.058261431753635406,2.014009475708008
5500,mla,456,2,2,0.05276387557387352,0.0578724667429924,2.014009475708008
5500,mla,456,2,3,0.08181111514568329,0.07820725440979004,2.014009475708008
5500,mla,456,2,4,0.057732339948415756,0.05780675262212753,2.014009475708008
5500,mla,456,2,5,0.06077880784869194,0.06000656262040138,2.014009475708008
5500,mla,456,2,6,0.04302103817462921,0.05579143390059471,2.014009475708008
5500,mla,456,2,7,0.06422770023345947,0.05743060261011124,2.014009475708008
5500,mla,456,2,8,0.05349517986178398,0.06592948734760284,2.014009475708008
5500,mla,456,2,9,0.07004770636558533,0.06375544518232346,2.014009475708008
5500,mla,456,2,10,0.07048187404870987,0.06918074190616608,2.014009475708008
5500,mla,456,2,11,0.08274047821760178,0.07202592492103577,2.014009475708008
5500,mla,456,2,12,0.08293436467647552,0.07309418171644211,2.014009475708008
5500,mla,456,2,13,0.05802042782306671,0.05536467209458351,2.014009475708008
5500,mla,456,2,14,0.058965861797332764,0.06408184766769409,2.014009475708008
5500,mla,456,2,15,0.0613066591322422,0.0590255931019783,2.014009475708008
5500,mla,456,3,0,0.0784313976764679,0.07951730489730835,1.5789237022399902
5500,mla,456,3,1,0.03888356685638428,0.03970371186733246,1.5789237022399902
5500,mla,456,3,2,0.06891611963510513,0.05298054963350296,1.5789237022399902
5500,mla,456,3,3,0.06407806277275085,0.07451535016298294,1.5789237022399902
5500,mla,456,3,4,0.060255736112594604,0.05849219486117363,1.5789237022399902
5500,mla,456,3,5,0.06835703551769257,0.06237046420574188,1.5789237022399902
5500,mla,456,3,6,0.04438028857111931,0.05748632550239563,1.5789237022399902
5500,mla,456,3,7,0.06594055145978928,0.06917410343885422,1.5789237022399902
5500,mla,456,3,8,0.06310933083295822,0.07439041137695312,1.5789237022399902
5500,mla,456,3,9,0.04509185627102852,0.043458666652441025,1.5789237022399902
5500,mla,456,3,10,0.062465108931064606,0.06653601676225662,1.5789237022399902
5500,mla,456,3,11,0.07074137032032013,0.06285018473863602,1.5789237022399902
5500,mla,456,3,12,0.08891133964061737,0.08163943886756897,1.5789237022399902
5500,mla,456,3,13,0.05362345278263092,0.056518834084272385,1.5789237022399902
5500,mla,456,3,14,0.0580260194838047,0.059824276715517044,1.5789237022399902
5500,mla,456,3,15,0.06878875941038132,0.060542117804288864,1.5789237022399902
5500,mla,456,4,0,0.058605752885341644,0.05511956661939621,1.2739766836166382
5500,mla,456,4,1,0.05835428833961487,0.05400786176323891,1.2739766836166382
5500,mla,456,4,2,0.0529155470430851,0.07582306861877441,1.2739766836166382
5500,mla,456,4,3,0.07594970613718033,0.07196566462516785,1.2739766836166382
5500,mla,456,4,4,0.06849456578493118,0.07379033416509628,1.2739766836166382
5500,mla,456,4,5,0.07795796543359756,0.06627275049686432,1.2739766836166382
5500,mla,456,4,6,0.05434926226735115,0.06690595299005508,1.2739766836166382
5500,mla,456,4,7,0.0824146494269371,0.08617351204156876,1.2739766836166382
5500,mla,456,4,8,0.053122662007808685,0.04916759952902794,1.2739766836166382
5500,mla,456,4,9,0.04528228938579559,0.04845769330859184,1.2739766836166382
5500,mla,456,4,10,0.03437347337603569,0.027700334787368774,1.2739766836166382
5500,mla,456,4,11,0.11116353422403336,0.08468833565711975,1.2739766836166382
5500,mla,456,4,12,0.03614227473735809,0.05051771551370621,1.2739766836166382
5500,mla,456,4,13,0.06485087424516678,0.06523202359676361,1.2739766836166382
5500,mla,456,4,14,0.04087880626320839,0.05041947215795517,1.2739766836166382
5500,mla,456,4,15,0.08514434844255447,0.07375827431678772,1.2739766836166382
5500,mla,456,5,0,0.0516987107694149,0.04746050760149956,1.4384430646896362
5500,mla,456,5,1,0.059695739299058914,0.08510585874319077,1.4384430646896362
5500,mla,456,5,2,0.07079874724149704,0.08368135243654251,1.4384430646896362
5500,mla,456,5,3,0.09036651253700256,0.07067648321390152,1.4384430646896362
5500,mla,456,5,4,0.04641520231962204,0.05791100114583969,1.4384430646896362
5500,mla,456,5,5,0.10840047150850296,0.09508512914180756,1.4384430646896362
5500,mla,456,5,6,0.06608591973781586,0.07986660301685333,1.4384430646896362
5500,mla,456,5,7,0.04583577439188957,0.053088825196027756,1.4384430646896362
5500,mla,456,5,8,0.042799681425094604,0.03509998321533203,1.4384430646896362
5500,mla,456,5,9,0.06077026203274727,0.04470982402563095,1.4384430646896362
5500,mla,456,5,10,0.04812723770737648,0.04991937801241875,1.4384430646896362
5500,mla,456,5,11,0.10093292593955994,0.09081131964921951,1.4384430646896362
5500,mla,456,5,12,0.05190521106123924,0.057118263095617294,1.4384430646896362
5500,mla,456,5,13,0.05766011402010918,0.05002136901021004,1.4384430646896362
5500,mla,456,5,14,0.044590454548597336,0.05771547183394432,1.4384430646896362
5500,mla,456,5,15,0.05391703173518181,0.04172853007912636,1.4384430646896362
6000,mla,456,1,0,0.05469167232513428,0.05593942105770111,2.3727147579193115
6000,mla,456,1,1,0.0813579335808754,0.07099409401416779,2.3727147579193115
6000,mla,456,1,2,0.06704467535018921,0.061777833849191666,2.3727147579193115
6000,mla,456,1,3,0.058522745966911316,0.06590308248996735,2.3727147579193115
6000,mla,456,1,4,0.06498952209949493,0.05827606841921806,2.3727147579193115
6000,mla,456,1,5,0.06521331518888474,0.05847641080617905,2.3727147579193115
6000,mla,456,1,6,0.08034403622150421,0.08086835592985153,2.3727147579193115
6000,mla,456,1,7,0.06100555509328842,0.059821490198373795,2.3727147579193115
6000,mla,456,1,8,0.05082458630204201,0.06667743623256683,2.3727147579193115
6000,mla,456,1,9,0.04131530597805977,0.05547744780778885,2.3727147579193115
6000,mla,456,1,10,0.058925069868564606,0.06255581229925156,2.3727147579193115
6000,mla,456,1,11,0.05549102649092674,0.06593965739011765,2.3727147579193115
6000,mla,456,1,12,0.05650532990694046,0.06098164990544319,2.3727147579193115
6000,mla,456,1,13,0.06199737638235092,0.06418269872665405,2.3727147579193115
6000,mla,456,1,14,0.07790394872426987,0.05874967575073242,2.3727147579193115
6000,mla,456,1,15,0.06386789679527283,0.0533788800239563,2.3727147579193115
6000,mla,456,2,0,0.05454803630709648,0.053037408739328384,1.9973870515823364
6000,mla,456,2,1,0.048643290996551514,0.05920480564236641,1.9973870515823364
6000,mla,456,2,2,0.04890543594956398,0.05594206973910332,1.9973870515823364
6000,mla,456,2,3,0.08244730532169342,0.07899072766304016,1.9973870515823364
6000,mla,456,2,4,0.06244293227791786,0.05804857239127159,1.9973870515823364
6000,mla,456,2,5,0.0472036749124527,0.054088860750198364,1.9973870515823364
6000,mla,456,2,6,0.04650156572461128,0.05711378902196884,1.9973870515823364
6000,mla,456,2,7,0.0661710575222969,0.05917931720614433,1.9973870515823364
6000,mla,456,2,8,0.05370737612247467,0.06677927076816559,1.9973870515823364
6000,mla,456,2,9,0.06803049892187119,0.0615096352994442,1.9973870515823364
6000,mla,456,2,10,0.06631714105606079,0.06521026045084,1.9973870515823364
6000,mla,456,2,11,0.0838509127497673,0.07465538382530212,1.9973870515823364
6000,mla,456,2,12,0.08091329038143158,0.07073570042848587,1.9973870515823364
6000,mla,456,2,13,0.06664479523897171,0.060314618051052094,1.9973870515823364
6000,mla,456,2,14,0.06022929027676582,0.06550332903862,1.9973870515823364
6000,mla,456,2,15,0.06344339996576309,0.059686336666345596,1.9973870515823364
6000,mla,456,3,0,0.08280517905950546,0.08343736827373505,1.5563323497772217
6000,mla,456,3,1,0.037965595722198486,0.03917235508561134,1.5563323497772217
6000,mla,456,3,2,0.0643984004855156,0.0510130450129509,1.5563323497772217
6000,mla,456,3,3,0.06546610593795776,0.07263508439064026,1.5563323497772217
6000,mla,456,3,4,0.060596007853746414,0.057692598551511765,1.5563323497772217
6000,mla,456,3,5,0.07000783085823059,0.0647088959813118,1.5563323497772217
6000,mla,456,3,6,0.042262472212314606,0.05559699237346649,1.5563323497772217
6000,mla,456,3,7,0.06695973873138428,0.07068027555942535,1.5563323497772217
6000,mla,456,3,8,0.06250660866498947,0.0721929520368576,1.5563323497772217
6000,mla,456,3,9,0.03357859328389168,0.03689628466963768,1.5563323497772217
6000,mla,456,3,10,0.06268798559904099,0.06778306514024734,1.5563323497772217
6000,mla,456,3,11,0.0746084600687027,0.0672418549656868,1.5563323497772217
6000,mla,456,3,12,0.08292785286903381,0.0779748409986496,1.5563323497772217
6000,mla,456,3,13,0.06202341616153717,0.06059422343969345,1.5563323497772217
6000,mla,456,3,14,0.05338399112224579,0.058154646307229996,1.5563323497772217
6000,mla,456,3,15,0.0778217539191246,0.06422535330057144,1.5563323497772217
6000,mla,456,4,0,0.05614318698644638,0.05526081845164299,1.267785906791687
6000,mla,456,4,1,0.057586669921875,0.05262681096792221,1.267785906791687
6000,mla,456,4,2,0.054061584174633026,0.07839924842119217,1.267785906791687
6000,mla,456,4,3,0.07747843116521835,0.07296294718980789,1.267785906791687
6000,mla,456,4,4,0.06880920380353928,0.07269148528575897,1.267785906791687
6000,mla,456,4,5,0.07722167670726776,0.06289630383253098,1.267785906791687
6000,mla,456,4,6,0.05568074434995651,0.07010067999362946,1.267785906791687
6000,mla,456,4,7,0.0844988003373146,0.09034885466098785,1.267785906791687
6000,mla,456,4,8,0.0518837496638298,0.04869835078716278,1.267785906791687
6000,mla,456,4,9,0.044616393744945526,0.04811570420861244,1.267785906791687
6000,mla,456,4,10,0.037057697772979736,0.02849045768380165,1.267785906791687
6000,mla,456,4,11,0.1095307394862175,0.08129960298538208,1.267785906791687
6000,mla,456,4,12,0.035041604191064835,0.047797851264476776,1.267785906791687
6000,mla,456,4,13,0.06572265923023224,0.06673303246498108,1.267785906791687
6000,mla,456,4,14,0.03824402019381523,0.04797882214188576,1.267785906791687
6000,mla,456,4,15,0.08642283082008362,0.07559898495674133,1.267785906791687
6000,mla,456,5,0,0.04667185619473457,0.044165946543216705,1.4280303716659546
6000,mla,456,5,1,0.0604056790471077,0.08547131717205048,1.4280303716659546
6000,mla,456,5,2,0.07264068722724915,0.09023161232471466,1.4280303716659546
6000,mla,456,5,3,0.0908152237534523,0.06900903582572937,1.4280303716659546
6000,mla,456,5,4,0.0461864210665226,0.05540100112557411,1.4280303716659546
6000,mla,456,5,5,0.107635498046875,0.09361746162176132,1.4280303716659546
6000,mla,456,5,6,0.06358134001493454,0.07907082885503769,1.4280303716659546
6000,mla,456,5,7,0.04621429368853569,0.05203482508659363,1.4280303716659546
6000,mla,456,5,8,0.04315755143761635,0.03414159268140793,1.4280303716659546
6000,mla,456,5,9,0.06351989507675171,0.046808794140815735,1.4280303716659546
6000,mla,456,5,10,0.04834991320967674,0.04914475977420807,1.4280303716659546
6000,mla,456,5,11,0.1001923605799675,0.08885996788740158,1.4280303716659546
6000,mla,456,5,12,0.05007008835673332,0.055948078632354736,1.4280303716659546
6000,mla,456,5,13,0.060693155974149704,0.05264735966920853,1.4280303716659546
6000,mla,456,5,14,0.04689209163188934,0.05987587571144104,1.4280303716659546
6000,mla,456,5,15,0.05297393724322319,0.04357152804732323,1.4280303716659546
6500,mla,456,1,0,0.055409546941518784,0.05816255509853363,2.3504960536956787
6500,mla,456,1,1,0.07153625786304474,0.06570539623498917,2.3504960536956787
6500,mla,456,1,2,0.06852366030216217,0.06345722079277039,2.3504960536956787
6500,mla,456,1,3,0.06252288818359375,0.0674780085682869,2.3504960536956787
6500,mla,456,1,4,0.05378967151045799,0.05484829470515251,2.3504960536956787
6500,mla,456,1,5,0.06956787407398224,0.06050268933176994,2.3504960536956787
6500,mla,456,1,6,0.07939941436052322,0.08046937733888626,2.3504960536956787
6500,mla,456,1,7,0.06957194209098816,0.06487410515546799,2.3504960536956787
6500,mla,456,1,8,0.060082193464040756,0.0669286772608757,2.3504960536956787
6500,mla,456,1,9,0.047869160771369934,0.055273380130529404,2.3504960536956787
6500,mla,456,1,10,0.05066843703389168,0.060105521231889725,2.3504960536956787
6500,mla,456,1,11,0.05430979281663895,0.06538459658622742,2.3504960536956787
6500,mla,456,1,12,0.061484478414058685,0.06270771473646164,2.3504960536956787
6500,mla,456,1,13,0.06493723392486572,0.06565681844949722,2.3504960536956787
6500,mla,456,1,14,0.07458262145519257,0.05835308879613876,2.3504960536956787
6500,mla,456,1,15,0.05574483051896095,0.05009256303310394,2.3504960536956787
6500,mla,456,2,0,0.05509745329618454,0.052993010729551315,1.9667059183120728
6500,mla,456,2,1,0.05216308683156967,0.061032913625240326,1.9667059183120728
6500,mla,456,2,2,0.056025389581918716,0.06090538203716278,1.9667059183120728
6500,mla,456,2,3,0.08434214442968369,0.08026259392499924,1.9667059183120728
6500,mla,456,2,4,0.05211802199482918,0.05356975644826889,1.9667059183120728
6500,mla,456,2,5,0.056368205696344376,0.05679818615317345,1.9667059183120728
6500,mla,456,2,6,0.059195660054683685,0.06163985654711723,1.9667059183120728
6500,mla,456,2,7,0.05530263110995293,0.05314681679010391,1.9667059183120728
6500,mla,456,2,8,0.04715576022863388,0.060958657413721085,1.9667059183120728
6500,mla,456,2,9,0.07547403872013092,0.06654178351163864,1.9667059183120728
6500,mla,456,2,10,0.06305806338787079,0.06473631411790848,1.9667059183120728
6500,mla,456,2,11,0.08331847935914993,0.07414305955171585,1.9667059183120728
6500,mla,456,2,12,0.0840422585606575,0.07607357949018478,1.9667059183120728
6500,mla,456,2,13,0.06050913408398628,0.05661600083112717,1.9667059183120728
6500,mla,456,2,14,0.05610300600528717,0.06283122301101685,1.9667059183120728
6500,mla,456,2,15,0.05972666293382645,0.05775105953216553,1.9667059183120728
6500,mla,456,3,0,0.07841970026493073,0.07626435905694962,1.5534472465515137
6500,mla,456,3,1,0.0398610420525074,0.04118356108665466,1.5534472465515137
6500,mla,456,3,2,0.06092468276619911,0.05027139186859131,1.5534472465515137
6500,mla,456,3,3,0.0626278668642044,0.0723179429769516,1.5534472465515137
6500,mla,456,3,4,0.06011189892888069,0.058657530695199966,1.5534472465515137
6500,mla,456,3,5,0.0701218694448471,0.06275255978107452,1.5534472465515137
6500,mla,456,3,6,0.04292795807123184,0.055651016533374786,1.5534472465515137
6500,mla,456,3,7,0.07162272185087204,0.07242784649133682,1.5534472465515137
6500,mla,456,3,8,0.0675596073269844,0.07708945870399475,1.5534472465515137
6500,mla,456,3,9,0.041003111749887466,0.04113541543483734,1.5534472465515137
6500,mla,456,3,10,0.06338439881801605,0.06826037913560867,1.5534472465515137
6500,mla,456,3,11,0.07085520774126053,0.06483745574951172,1.5534472465515137
6500,mla,456,3,12,0.08436289429664612,0.07775531709194183,1.5534472465515137
6500,mla,456,3,13,0.05251556262373924,0.055936526507139206,1.5534472465515137
6500,mla,456,3,14,0.05626881867647171,0.05997961014509201,1.5534472465515137
6500,mla,456,3,15,0.07743265479803085,0.06547962129116058,1.5534472465515137
6500,mla,456,4,0,0.051398009061813354,0.04998128116130829,1.2637110948562622
6500,mla,456,4,1,0.056511230766773224,0.05333472043275833,1.2637110948562622
6500,mla,456,4,2,0.0523955263197422,0.07534611225128174,1.2637110948562622
6500,mla,456,4,3,0.07578542083501816,0.07255363464355469,1.2637110948562622
6500,mla,456,4,4,0.06950622797012329,0.07289429008960724,1.2637110948562622
6500,mla,456,4,5,0.08133341372013092,0.06910058110952377,1.2637110948562622
6500,mla,456,4,6,0.05148773267865181,0.06343072652816772,1.2637110948562622
6500,mla,456,4,7,0.0810031145811081,0.08737437427043915,1.2637110948562622
6500,mla,456,4,8,0.05466613918542862,0.05028814449906349,1.2637110948562622
6500,mla,456,4,9,0.04553995653986931,0.04828427731990814,1.2637110948562622
6500,mla,456,4,10,0.03779347613453865,0.028881976380944252,1.2637110948562622
6500,mla,456,4,11,0.10971639305353165,0.08154881000518799,1.2637110948562622
6500,mla,456,4,12,0.03778452426195145,0.05132736638188362,1.2637110948562622
6500,mla,456,4,13,0.06662485748529434,0.06823208183050156,1.2637110948562622
6500,mla,456,4,14,0.0417398065328598,0.0504085011780262,1.2637110948562622
6500,mla,456,4,15,0.08671417087316513,0.07701311260461807,1.2637110948562622
6500,mla,456,5,0,0.04976765811443329,0.04552878066897392,1.4151732921600342
6500,mla,456,5,1,0.0597686767578125,0.08603794127702713,1.4151732921600342
6500,mla,456,5,2,0.06980295479297638,0.08590111881494522,1.4151732921600342
6500,mla,456,5,3,0.09091715514659882,0.0705641508102417,1.4151732921600342
6500,mla,456,5,4,0.04807678237557411,0.05860244855284691,1.4151732921600342
6500,mla,456,5,5,0.10209248960018158,0.0890977755188942,1.4151732921600342
6500,mla,456,5,6,0.06878428161144257,0.08373803645372391,1.4151732921600342
6500,mla,456,5,7,0.04377095401287079,0.04976913332939148,1.4151732921600342
6500,mla,456,5,8,0.04221700131893158,0.034154243767261505,1.4151732921600342
6500,mla,456,5,9,0.060736797749996185,0.04475637897849083,1.4151732921600342
6500,mla,456,5,10,0.05196879059076309,0.051347244530916214,1.4151732921600342
6500,mla,456,5,11,0.10129852592945099,0.08918982744216919,1.4151732921600342
6500,mla,456,5,12,0.05140787735581398,0.05704430863261223,1.4151732921600342
6500,mla,456,5,13,0.0619131475687027,0.053709596395492554,1.4151732921600342
6500,mla,456,5,14,0.043447162955999374,0.05635097622871399,1.4151732921600342
6500,mla,456,5,15,0.05402974411845207,0.04420797899365425,1.4151732921600342
7000,mla,456,1,0,0.06242655590176582,0.06028331071138382,2.317885398864746
7000,mla,456,1,1,0.06280863285064697,0.06397861242294312,2.317885398864746
7000,mla,456,1,2,0.0729726180434227,0.06648243963718414,2.317885398864746
7000,mla,456,1,3,0.06608743965625763,0.07205100357532501,2.317885398864746
7000,mla,456,1,4,0.0723869800567627,0.059761472046375275,2.317885398864746
7000,mla,456,1,5,0.0656389370560646,0.059668637812137604,2.317885398864746
7000,mla,456,1,6,0.07498901337385178,0.07718214392662048,2.317885398864746
7000,mla,456,1,7,0.058827515691518784,0.058878738433122635,2.317885398864746
7000,mla,456,1,8,0.051141560077667236,0.06320951879024506,2.317885398864746
7000,mla,456,1,9,0.03915802016854286,0.051608726382255554,2.317885398864746
7000,mla,456,1,10,0.05953826755285263,0.06265508383512497,2.317885398864746
7000,mla,456,1,11,0.055085550993680954,0.06577363610267639,2.317885398864746
7000,mla,456,1,12,0.05972228944301605,0.061313971877098083,2.317885398864746
7000,mla,456,1,13,0.06082061678171158,0.06431668996810913,2.317885398864746
7000,mla,456,1,14,0.07741129398345947,0.060952261090278625,2.317885398864746
7000,mla,456,1,15,0.06098470091819763,0.051883675158023834,2.317885398864746
7000,mla,456,2,0,0.053907062858343124,0.052465926855802536,1.958929181098938
7000,mla,456,2,1,0.046613261103630066,0.057607632130384445,1.958929181098938
7000,mla,456,2,2,0.05431020259857178,0.05967172607779503,1.958929181098938
7000,mla,456,2,3,0.08181487768888474,0.07903091609477997,1.958929181098938
7000,mla,456,2,4,0.04375569522380829,0.049862295389175415,1.958929181098938
7000,mla,456,2,5,0.0643901601433754,0.060044702142477036,1.958929181098938
7000,mla,456,2,6,0.053056132048368454,0.059366755187511444,1.958929181098938
7000,mla,456,2,7,0.06703653931617737,0.05861051380634308,1.958929181098938
7000,mla,456,2,8,0.049967650324106216,0.06398310512304306,1.958929181098938
7000,mla,456,2,9,0.07514821738004684,0.06700251251459122,1.958929181098938
7000,mla,456,2,10,0.06709279119968414,0.06742088496685028,1.958929181098938
7000,mla,456,2,11,0.08406677097082138,0.07513749599456787,1.958929181098938
7000,mla,456,2,12,0.07911163568496704,0.07121576368808746,1.958929181098938
7000,mla,456,2,13,0.05935516208410263,0.05591616779565811,1.958929181098938
7000,mla,456,2,14,0.05718943104147911,0.0625423714518547,1.958929181098938
7000,mla,456,2,15,0.06318441033363342,0.0601213313639164,1.958929181098938
7000,mla,456,3,0,0.07976359128952026,0.07705678045749664,1.5357635021209717
7000,mla,456,3,1,0.03857116773724556,0.040047481656074524,1.5357635021209717
7000,mla,456,3,2,0.06211669743061066,0.050313763320446014,1.5357635021209717
7000,mla,456,3,3,0.06414906680583954,0.07256779819726944,1.5357635021209717
7000,mla,456,3,4,0.057134196162223816,0.05581265315413475,1.5357635021209717
7000,mla,456,3,5,0.0678463727235794,0.06364087015390396,1.5357635021209717
7000,mla,456,3,6,0.04432789981365204,0.05687467008829117,1.5357635021209717
7000,mla,456,3,7,0.06550903618335724,0.06789235025644302,1.5357635021209717
7000,mla,456,3,8,0.06296020746231079,0.07248163223266602,1.5357635021209717
7000,mla,456,3,9,0.0438181571662426,0.04252702742815018,1.5357635021209717
7000,mla,456,3,10,0.06727315485477448,0.0721488669514656,1.5357635021209717
7000,mla,456,3,11,0.0746193453669548,0.06682322919368744,1.5357635021209717
7000,mla,456,3,12,0.08573811501264572,0.07980039715766907,1.5357635021209717
7000,mla,456,3,13,0.05504414811730385,0.05817048251628876,1.5357635021209717
7000,mla,456,3,14,0.05569905415177345,0.05955417454242706,1.5357635021209717
7000,mla,456,3,15,0.07542978972196579,0.06428782641887665,1.5357635021209717
7000,mla,456,4,0,0.052586160600185394,0.05146371200680733,1.2620570659637451
7000,mla,456,4,1,0.05753112956881523,0.05443166196346283,1.2620570659637451
7000,mla,456,4,2,0.054812926799058914,0.08001888543367386,1.2620570659637451
7000,mla,456,4,3,0.07575612515211105,0.07199633121490479,1.2620570659637451
7000,mla,456,4,4,0.06844136863946915,0.07167558372020721,1.2620570659637451
7000,mla,456,4,5,0.07981628179550171,0.06583370268344879,1.2620570659637451
7000,mla,456,4,6,0.052482910454273224,0.065761998295784,1.2620570659637451
7000,mla,456,4,7,0.08198852837085724,0.08593093603849411,1.2620570659637451
7000,mla,456,4,8,0.05156494304537773,0.048455171287059784,1.2620570659637451
7000,mla,456,4,9,0.04584655910730362,0.04935724288225174,1.2620570659637451
7000,mla,456,4,10,0.0411497987806797,0.03112970106303692,1.2620570659637451
7000,mla,456,4,11,0.11100168526172638,0.08410900831222534,1.2620570659637451
7000,mla,456,4,12,0.0360921211540699,0.04925207048654556,1.2620570659637451
7000,mla,456,4,13,0.06650563329458237,0.06645791232585907,1.2620570659637451
7000,mla,456,4,14,0.037702739238739014,0.04790065437555313,1.2620570659637451
7000,mla,456,4,15,0.08672109246253967,0.07622542977333069,1.2620570659637451
7000,mla,456,5,0,0.05220988020300865,0.04626983404159546,1.4174103736877441
7000,mla,456,5,1,0.05891215056180954,0.0834137350320816,1.4174103736877441
7000,mla,456,5,2,0.07318095117807388,0.08852341026067734,1.4174103736877441
7000,mla,456,5,3,0.09100199490785599,0.06905063986778259,1.4174103736877441
7000,mla,456,5,4,0.0458151251077652,0.056347619742155075,1.4174103736877441
7000,mla,456,5,5,0.10755330324172974,0.09731088578701019,1.4174103736877441
7000,mla,456,5,6,0.06661651283502579,0.08000210672616959,1.4174103736877441
7000,mla,456,5,7,0.04371480271220207,0.05051209405064583,1.4174103736877441
7000,mla,456,5,8,0.044474996626377106,0.036548055708408356,1.4174103736877441
7000,mla,456,5,9,0.06229665130376816,0.046137627214193344,1.4174103736877441
7000,mla,456,5,10,0.0494842529296875,0.05016200244426727,1.4174103736877441
7000,mla,456,5,11,0.09862955659627914,0.08718477189540863,1.4174103736877441
7000,mla,456,5,12,0.04937459155917168,0.05471828952431679,1.4174103736877441
7000,mla,456,5,13,0.05944458022713661,0.05251811817288399,1.4174103736877441
7000,mla,456,5,14,0.04273172840476036,0.055851493030786514,1.4174103736877441
7000,mla,456,5,15,0.05455891788005829,0.04544935002923012,1.4174103736877441
7500,mla,456,1,0,0.057718608528375626,0.05931265652179718,2.2949721813201904
7500,mla,456,1,1,0.07222981750965118,0.06732619553804398,2.2949721813201904
7500,mla,456,1,2,0.07937917113304138,0.06814880669116974,2.2949721813201904
7500,mla,456,1,3,0.061755064874887466,0.06881571561098099,2.2949721813201904
7500,mla,456,1,4,0.06556244194507599,0.05686076357960701,2.2949721813201904
7500,mla,456,1,5,0.06311167031526566,0.05922089144587517,2.2949721813201904
7500,mla,456,1,6,0.07893920689821243,0.08050365746021271,2.2949721813201904
7500,mla,456,1,7,0.06109527498483658,0.0625573992729187,2.2949721813201904
7500,mla,456,1,8,0.057404376566410065,0.0650002732872963,2.2949721813201904
7500,mla,456,1,9,0.03953542187809944,0.05099117010831833,2.2949721813201904
7500,mla,456,1,10,0.052825216203927994,0.05992212891578674,2.2949721813201904
7500,mla,456,1,11,0.06063690036535263,0.06733068823814392,2.2949721813201904
7500,mla,456,1,12,0.05616516247391701,0.059947770088911057,2.2949721813201904
7500,mla,456,1,13,0.05771850422024727,0.06247878447175026,2.2949721813201904
7500,mla,456,1,14,0.07503316551446915,0.058494873344898224,2.2949721813201904
7500,mla,456,1,15,0.060889992862939835,0.053088199347257614,2.2949721813201904
7500,mla,456,2,0,0.05146901309490204,0.05142497643828392,1.9365580081939697
7500,mla,456,2,1,0.04873158782720566,0.05891431123018265,1.9365580081939697
7500,mla,456,2,2,0.04911753162741661,0.05611434951424599,1.9365580081939697
7500,mla,456,2,3,0.08462900668382645,0.08110827207565308,1.9365580081939697
7500,mla,456,2,4,0.050557252019643784,0.052832819521427155,1.9365580081939697
7500,mla,456,2,5,0.05502868816256523,0.055480435490608215,1.9365580081939697
7500,mla,456,2,6,0.05595896393060684,0.06020912155508995,1.9365580081939697
7500,mla,456,2,7,0.06030568480491638,0.054944273084402084,1.9365580081939697
7500,mla,456,2,8,0.04988057538866997,0.06344734132289886,1.9365580081939697
7500,mla,456,2,9,0.06894846260547638,0.061817094683647156,1.9365580081939697
7500,mla,456,2,10,0.06511779874563217,0.06645404547452927,1.9365580081939697
7500,mla,456,2,11,0.08647125214338303,0.07722538709640503,1.9365580081939697
7500,mla,456,2,12,0.08523986488580704,0.07454367727041245,1.9365580081939697
7500,mla,456,2,13,0.06289825588464737,0.05889657512307167,1.9365580081939697
7500,mla,456,2,14,0.06082611158490181,0.06652633100748062,1.9365580081939697
7500,mla,456,2,15,0.06481994688510895,0.06006092205643654,1.9365580081939697
7500,mla,456,3,0,0.07981384545564651,0.07913563400506973,1.511385440826416
7500,mla,456,3,1,0.03665425628423691,0.03826011344790459,1.511385440826416
7500,mla,456,3,2,0.05943745747208595,0.04696480557322502,1.511385440826416
7500,mla,456,3,3,0.06421437859535217,0.0742780789732933,1.511385440826416
7500,mla,456,3,4,0.062075093388557434,0.0592786967754364,1.511385440826416
7500,mla,456,3,5,0.07260599732398987,0.06784044206142426,1.511385440826416
7500,mla,456,3,6,0.04340077564120293,0.05438762530684471,1.511385440826416
7500,mla,456,3,7,0.06978902220726013,0.07172958552837372,1.511385440826416
7500,mla,456,3,8,0.06492512673139572,0.07335478812456131,1.511385440826416
7500,mla,456,3,9,0.03376363217830658,0.03706977143883705,1.511385440826416
7500,mla,456,3,10,0.062493693083524704,0.06714200973510742,1.511385440826416
7500,mla,456,3,11,0.06999481469392776,0.06286033987998962,1.511385440826416
7500,mla,456,3,12,0.08910614252090454,0.08409564197063446,1.511385440826416
7500,mla,456,3,13,0.054827168583869934,0.05654138699173927,1.511385440826416
7500,mla,456,3,14,0.05741302669048309,0.06043291091918945,1.511385440826416
7500,mla,456,3,15,0.07948557287454605,0.06662824004888535,1.511385440826416
7500,mla,456,4,0,0.050900064408779144,0.0499199740588665,1.2600550651550293
7500,mla,456,4,1,0.05444050952792168,0.05189505219459534,1.2600550651550293
7500,mla,456,4,2,0.054536234587430954,0.07805339992046356,1.2600550651550293
7500,mla,456,4,3,0.07031778991222382,0.06810205429792404,1.2600550651550293
7500,mla,456,4,4,0.06995147466659546,0.07347147166728973,1.2600550651550293
7500,mla,456,4,5,0.0842665582895279,0.07082337886095047,1.2600550651550293
7500,mla,456,4,6,0.05233703553676605,0.06515513360500336,1.2600550651550293
7500,mla,456,4,7,0.08212096989154816,0.08570996671915054,1.2600550651550293
7500,mla,456,4,8,0.05757547914981842,0.053443845361471176,1.2600550651550293
7500,mla,456,4,9,0.043350424617528915,0.047392748296260834,1.2600550651550293
7500,mla,456,4,10,0.03834940493106842,0.028583867475390434,1.2600550651550293
7500,mla,456,4,11,0.11258076876401901,0.08584289997816086,1.2600550651550293
7500,mla,456,4,12,0.0352967344224453,0.04896320775151253,1.2600550651550293
7500,mla,456,4,13,0.06826456636190414,0.06999481469392776,1.2600550651550293
7500,mla,456,4,14,0.04044942185282707,0.04892832785844803,1.2600550651550293
7500,mla,456,4,15,0.08526255190372467,0.07372000068426132,1.2600550651550293
7500,mla,456,5,0,0.04846130311489105,0.04452801123261452,1.4055176973342896
7500,mla,456,5,1,0.05985219404101372,0.08570273220539093,1.4055176973342896
7500,mla,456,5,2,0.07404998689889908,0.09043245762586594,1.4055176973342896
7500,mla,456,5,3,0.09029307216405869,0.06900026649236679,1.4055176973342896
7500,mla,456,5,4,0.04520579054951668,0.054601963609457016,1.4055176973342896
7500,mla,456,5,5,0.10932118445634842,0.09838617593050003,1.4055176973342896
7500,mla,456,5,6,0.06736490875482559,0.08232326805591583,1.4055176973342896
7500,mla,456,5,7,0.042634278535842896,0.04934277385473251,1.4055176973342896
7500,mla,456,5,8,0.04390452057123184,0.034800659865140915,1.4055176973342896
7500,mla,456,5,9,0.0640735849738121,0.047727636992931366,1.4055176973342896
7500,mla,456,5,10,0.047818806022405624,0.04775947704911232,1.4055176973342896
7500,mla,456,5,11,0.09971516579389572,0.08816482871770859,1.4055176973342896
7500,mla,456,5,12,0.05035542696714401,0.055280786007642746,1.4055176973342896
7500,mla,456,5,13,0.060466308146715164,0.0527617372572422,1.4055176973342896
7500,mla,456,5,14,0.041290994733572006,0.054884668439626694,1.4055176973342896
7500,mla,456,5,15,0.05519246309995651,0.04430244490504265,1.4055176973342896
8000,mla,456,1,0,0.05820221081376076,0.0593612976372242,2.2694928646087646
8000,mla,456,1,1,0.06596741080284119,0.06576002389192581,2.2694928646087646
8000,mla,456,1,2,0.06730448454618454,0.0645308643579483,2.2694928646087646
8000,mla,456,1,3,0.06453511863946915,0.07006317377090454,2.2694928646087646
8000,mla,456,1,4,0.058809712529182434,0.056606605648994446,2.2694928646087646
8000,mla,456,1,5,0.07153554260730743,0.06345773488283157,2.2694928646087646
8000,mla,456,1,6,0.07162129878997803,0.07810074090957642,2.2694928646087646
8000,mla,456,1,7,0.05169301480054855,0.05496318265795708,2.2694928646087646
8000,mla,456,1,8,0.06105814501643181,0.06641481816768646,2.2694928646087646
8000,mla,456,1,9,0.05478708818554878,0.05419473722577095,2.2694928646087646
8000,mla,456,1,10,0.06352437287569046,0.06494471430778503,2.2694928646087646
8000,mla,456,1,11,0.053324177861213684,0.06447894871234894,2.2694928646087646
8000,mla,456,1,12,0.06564707309007645,0.06295501440763474,2.2694928646087646
8000,mla,456,1,13,0.06360066682100296,0.06553144752979279,2.2694928646087646
8000,mla,456,1,14,0.06949687004089355,0.05648858845233917,2.2694928646087646
8000,mla,456,1,15,0.05889282375574112,0.052148014307022095,2.2694928646087646
8000,mla,456,2,0,0.04939178377389908,0.05136777088046074,1.9277445077896118
8000,mla,456,2,1,0.05237437039613724,0.061487164348363876,1.9277445077896118
8000,mla,456,2,2,0.046266887336969376,0.05433892086148262,1.9277445077896118
8000,mla,456,2,3,0.07975677400827408,0.07664309442043304,1.9277445077896118
8000,mla,456,2,4,0.05615183338522911,0.05603955686092377,1.9277445077896118
8000,mla,456,2,5,0.06703135371208191,0.06121276691555977,1.9277445077896118
8000,mla,456,2,6,0.04691599681973457,0.05660802870988846,1.9277445077896118
8000,mla,456,2,7,0.06985392421483994,0.05966201797127724,1.9277445077896118
8000,mla,456,2,8,0.051266174763441086,0.06543182581663132,1.9277445077896118
8000,mla,456,2,9,0.07013732939958572,0.0634770616889,1.9277445077896118
8000,mla,456,2,10,0.06473927944898605,0.06584610790014267,1.9277445077896118
8000,mla,456,2,11,0.08259246498346329,0.0733260065317154,1.9277445077896118
8000,mla,456,2,12,0.08088480681180954,0.07244382053613663,1.9277445077896118
8000,mla,456,2,13,0.06389648467302322,0.06022569537162781,1.9277445077896118
8000,mla,456,2,14,0.0581989549100399,0.06398362666368484,1.9277445077896118
8000,mla,456,2,15,0.060541585087776184,0.057906508445739746,1.9277445077896118
8000,mla,456,3,0,0.07991983741521835,0.0801616981625557,1.5143382549285889
8000,mla,456,3,1,0.04007415845990181,0.040298137813806534,1.5143382549285889
8000,mla,456,3,2,0.05815724655985832,0.047686219215393066,1.5143382549285889
8000,mla,456,3,3,0.064898781478405,0.07480304688215256,1.5143382549285889
8000,mla,456,3,4,0.0606251023709774,0.05931948870420456,1.5143382549285889
8000,mla,456,3,5,0.06652669608592987,0.06323114782571793,1.5143382549285889
8000,mla,456,3,6,0.044743042439222336,0.056406885385513306,1.5143382549285889
8000,mla,456,3,7,0.06910278648138046,0.0711800828576088,1.5143382549285889
8000,mla,456,3,8,0.06499877572059631,0.07411432266235352,1.5143382549285889
8000,mla,456,3,9,0.049654845148324966,0.04571108892560005,1.5143382549285889
8000,mla,456,3,10,0.062318623065948486,0.06647460907697678,1.5143382549285889
8000,mla,456,3,11,0.07012268155813217,0.0634961724281311,1.5143382549285889
8000,mla,456,3,12,0.08475006371736526,0.07853283733129501,1.5143382549285889
8000,mla,456,3,13,0.058263346552848816,0.0592159703373909,1.5143382549285889
8000,mla,456,3,14,0.05251149460673332,0.0564512200653553,1.5143382549285889
8000,mla,456,3,15,0.0733325183391571,0.06291700154542923,1.5143382549285889
8000,mla,456,4,0,0.05012166500091553,0.04887671396136284,1.2634978294372559
8000,mla,456,4,1,0.05651560425758362,0.052922312170267105,1.2634978294372559
8000,mla,456,4,2,0.05339548736810684,0.07663555443286896,1.2634978294372559
8000,mla,456,4,3,0.07216624170541763,0.06983594596385956,1.2634978294372559
8000,mla,456,4,4,0.07024241238832474,0.07471447438001633,1.2634978294372559
8000,mla,456,4,5,0.08272064477205276,0.06912567466497421,1.2634978294372559
8000,mla,456,4,6,0.051770325750112534,0.06431395560503006,1.2634978294372559
8000,mla,456,4,7,0.08211853355169296,0.08568815141916275,1.2634978294372559
8000,mla,456,4,8,0.05323903262615204,0.05049847066402435,1.2634978294372559
8000,mla,456,4,9,0.04232686385512352,0.04571016877889633,1.2634978294372559
8000,mla,456,4,10,0.036885783076286316,0.027721306309103966,1.2634978294372559
8000,mla,456,4,11,0.11214029788970947,0.08297999203205109,1.2634978294372559
8000,mla,456,4,12,0.0369536317884922,0.05126061290502548,1.2634978294372559
8000,mla,456,4,13,0.06757354736328125,0.06835398077964783,1.2634978294372559
8000,mla,456,4,14,0.04273732379078865,0.05169573426246643,1.2634978294372559
8000,mla,456,4,15,0.08909261226654053,0.07966683804988861,1.2634978294372559
8000,mla,456,5,0,0.05188273265957832,0.04635123908519745,1.4171236753463745
8000,mla,456,5,1,0.05774729326367378,0.08358921855688095,1.4171236753463745
8000,mla,456,5,2,0.07234588265419006,0.08836466073989868,1.4171236753463745
8000,mla,456,5,3,0.09065541625022888,0.06950873881578445,1.4171236753463745
8000,mla,456,5,4,0.04606384411454201,0.05552654340863228,1.4171236753463745
8000,mla,456,5,5,0.10650186985731125,0.09373646229505539,1.4171236753463745
8000,mla,456,5,6,0.06883921474218369,0.08286140114068985,1.4171236753463745
8000,mla,456,5,7,0.04591379687190056,0.05156145244836807,1.4171236753463745
8000,mla,456,5,8,0.04353068023920059,0.035647887736558914,1.4171236753463745
8000,mla,456,5,9,0.06306498497724533,0.04794320836663246,1.4171236753463745
8000,mla,456,5,10,0.04824768006801605,0.04876356199383736,1.4171236753463745
8000,mla,456,5,11,0.09674855321645737,0.08360195904970169,1.4171236753463745
8000,mla,456,5,12,0.05161997303366661,0.05696220323443413,1.4171236753463745
8000,mla,456,5,13,0.05947672575712204,0.05280793458223343,1.4171236753463745
8000,mla,456,5,14,0.04084513336420059,0.05524905398488045,1.4171236753463745
8000,mla,456,5,15,0.056516215205192566,0.047524601221084595,1.4171236753463745
8500,mla,456,1,0,0.056622110307216644,0.059550780802965164,2.2560060024261475
8500,mla,456,1,1,0.07246287167072296,0.066742904484272,2.2560060024261475
8500,mla,456,1,2,0.06783732026815414,0.0649157166481018,2.2560060024261475
8500,mla,456,1,3,0.05614308640360832,0.06380926817655563,2.2560060024261475
8500,mla,456,1,4,0.06228159740567207,0.057758718729019165,2.2560060024261475
8500,mla,456,1,5,0.0673808827996254,0.06130882725119591,2.2560060024261475
8500,mla,456,1,6,0.06853027641773224,0.07325296103954315,2.2560060024261475
8500,mla,456,1,7,0.05810292437672615,0.0608370341360569,2.2560060024261475
8500,mla,456,1,8,0.06006072834134102,0.06799877434968948,2.2560060024261475
8500,mla,456,1,9,0.03696858882904053,0.04918942227959633,2.2560060024261475
8500,mla,456,1,10,0.07165811955928802,0.06788681447505951,2.2560060024261475
8500,mla,456,1,11,0.06026255339384079,0.06681162118911743,2.2560060024261475
8500,mla,456,1,12,0.06015462055802345,0.06108797714114189,2.2560060024261475
8500,mla,456,1,13,0.06710703670978546,0.06680130958557129,2.2560060024261475
8500,mla,456,1,14,0.07307444512844086,0.059048619121313095,2.2560060024261475
8500,mla,456,1,15,0.061352845281362534,0.052999358624219894,2.2560060024261475
8500,mla,456,2,0,0.052975159138441086,0.052140239626169205,1.9181156158447266
8500,mla,456,2,1,0.05054280534386635,0.06105167418718338,1.9181156158447266
8500,mla,456,2,2,0.04731129854917526,0.05609734728932381,1.9181156158447266
8500,mla,456,2,3,0.08278229087591171,0.07996001839637756,1.9181156158447266
8500,mla,456,2,4,0.06719634681940079,0.05955657362937927,1.9181156158447266
8500,mla,456,2,5,0.06263478845357895,0.05961902439594269,1.9181156158447266
8500,mla,456,2,6,0.05340108275413513,0.05857174098491669,1.9181156158447266
8500,mla,456,2,7,0.055978190153837204,0.05415007099509239,1.9181156158447266
8500,mla,456,2,8,0.04927673190832138,0.06376810371875763,1.9181156158447266
8500,mla,456,2,9,0.0678945928812027,0.06161431595683098,1.9181156158447266
8500,mla,456,2,10,0.06428934633731842,0.06479567289352417,1.9181156158447266
8500,mla,456,2,11,0.08157999813556671,0.07231511175632477,1.9181156158447266
8500,mla,456,2,12,0.08401357382535934,0.07504544407129288,1.9181156158447266
8500,mla,456,2,13,0.06027618423104286,0.05751264467835426,1.9181156158447266
8500,mla,456,2,14,0.059790343046188354,0.06529990583658218,1.9181156158447266
8500,mla,456,2,15,0.060057271271944046,0.05850210040807724,1.9181156158447266
8500,mla,456,3,0,0.08029459416866302,0.08020885288715363,1.52456796169281
8500,mla,456,3,1,0.0393727608025074,0.039045386016368866,1.52456796169281
8500,mla,456,3,2,0.060349732637405396,0.049450282007455826,1.52456796169281
8500,mla,456,3,3,0.06280700862407684,0.07318269461393356,1.52456796169281
8500,mla,456,3,4,0.06763651221990585,0.06420974433422089,1.52456796169281
8500,mla,456,3,5,0.06697987765073776,0.06325849145650864,1.52456796169281
8500,mla,456,3,6,0.04465392976999283,0.05610385909676552,1.52456796169281
8500,mla,456,3,7,0.07056772708892822,0.07103130966424942,1.52456796169281
8500,mla,456,3,8,0.0632273331284523,0.07147691398859024,1.52456796169281
8500,mla,456,3,9,0.04182851314544678,0.04123435914516449,1.52456796169281
8500,mla,456,3,10,0.06374898552894592,0.06928820163011551,1.52456796169281
8500,mla,456,3,11,0.07425709813833237,0.06696615368127823,1.52456796169281
8500,mla,456,3,12,0.08523345738649368,0.08008650690317154,1.52456796169281
8500,mla,456,3,13,0.055336304008960724,0.05714155361056328,1.52456796169281
8500,mla,456,3,14,0.049597371369600296,0.05572754517197609,1.52456796169281
8500,mla,456,3,15,0.07410878688097,0.06158819794654846,1.52456796169281
8500,mla,456,4,0,0.05151652172207832,0.04956452548503876,1.255795955657959
8500,mla,456,4,1,0.055037640035152435,0.0523768849670887,1.255795955657959
8500,mla,456,4,2,0.05285166576504707,0.07620216906070709,1.255795955657959
8500,mla,456,4,3,0.07230997830629349,0.07025270164012909,1.255795955657959
8500,mla,456,4,4,0.07110687345266342,0.07584889978170395,1.255795955657959
8500,mla,456,4,5,0.081298828125,0.06818418204784393,1.255795955657959
8500,mla,456,4,6,0.052524007856845856,0.06516207754611969,1.255795955657959
8500,mla,456,4,7,0.07955770194530487,0.08492846041917801,1.255795955657959
8500,mla,456,4,8,0.05669962614774704,0.05211474373936653,1.255795955657959
8500,mla,456,4,9,0.04878499358892441,0.05088964104652405,1.255795955657959
8500,mla,456,4,10,0.03562174364924431,0.026571018621325493,1.255795955657959
8500,mla,456,4,11,0.1125379428267479,0.08579789847135544,1.255795955657959
8500,mla,456,4,12,0.03597351163625717,0.04986504837870598,1.255795955657959
8500,mla,456,4,13,0.06689758598804474,0.06726480275392532,1.255795955657959
8500,mla,456,4,14,0.03980560228228569,0.04915916919708252,1.255795955657959
8500,mla,456,4,15,0.08747579157352448,0.07581768929958344,1.255795955657959
8500,mla,456,5,0,0.04998331889510155,0.04560587555170059,1.4035676717758179
8500,mla,456,5,1,0.05898946151137352,0.08361008018255234,1.4035676717758179
8500,mla,456,5,2,0.07161030918359756,0.0863008052110672,1.4035676717758179
8500,mla,456,5,3,0.0911451205611229,0.06968989968299866,1.4035676717758179
8500,mla,456,5,4,0.043836262077093124,0.05336302891373634,1.4035676717758179
8500,mla,456,5,5,0.10734619200229645,0.09700819104909897,1.4035676717758179
8500,mla,456,5,6,0.06837209314107895,0.08315201103687286,1.4035676717758179
8500,mla,456,5,7,0.04254608228802681,0.04901435598731041,1.4035676717758179
8500,mla,456,5,8,0.04513834789395332,0.036046579480171204,1.4035676717758179
8500,mla,456,5,9,0.06642638891935349,0.04993630573153496,1.4035676717758179
8500,mla,456,5,10,0.046602070331573486,0.04826302081346512,1.4035676717758179
8500,mla,456,5,11,0.0999622568488121,0.0868309959769249,1.4035676717758179
8500,mla,456,5,12,0.05139302462339401,0.05680302157998085,1.4035676717758179
8500,mla,456,5,13,0.06060994416475296,0.05345357209444046,1.4035676717758179
8500,mla,456,5,14,0.04013437777757645,0.05483761429786682,1.4035676717758179
8500,mla,456,5,15,0.05590474605560303,0.046084530651569366,1.4035676717758179
9000,mla,456,1,0,0.05438324064016342,0.05805191025137901,2.2343757152557373
9000,mla,456,1,1,0.07547515630722046,0.06927935034036636,2.2343757152557373
9000,mla,456,1,2,0.06424540281295776,0.0632779598236084,2.2343757152557373
9000,mla,456,1,3,0.062280986458063126,0.06797069311141968,2.2343757152557373
9000,mla,456,1,4,0.07534942775964737,0.05904053524136543,2.2343757152557373
9000,mla,456,1,5,0.06618296355009079,0.0621689110994339,2.2343757152557373
9000,mla,456,1,6,0.07223460078239441,0.07838916778564453,2.2343757152557373
9000,mla,456,1,7,0.056242574006319046,0.05852635204792023,2.2343757152557373
9000,mla,456,1,8,0.049085184931755066,0.06384707242250443,2.2343757152557373
9000,mla,456,1,9,0.053344421088695526,0.05298079922795296,2.2343757152557373
9000,mla,456,1,10,0.06184498965740204,0.06471126526594162,2.2343757152557373
9000,mla,456,1,11,0.04878295958042145,0.0621122308075428,2.2343757152557373
9000,mla,456,1,12,0.07101735472679138,0.06552090495824814,2.2343757152557373
9000,mla,456,1,13,0.057368163019418716,0.06254654377698898,2.2343757152557373
9000,mla,456,1,14,0.07466227561235428,0.06112310290336609,2.2343757152557373
9000,mla,456,1,15,0.05750030651688576,0.05045310780405998,2.2343757152557373
9000,mla,456,2,0,0.055895283818244934,0.05442158505320549,1.9147473573684692
9000,mla,456,2,1,0.05274058133363724,0.06325122714042664,1.9147473573684692
9000,mla,456,2,2,0.048500873148441315,0.0564010925590992,1.9147473573684692
9000,mla,456,2,3,0.08255472779273987,0.08047071099281311,1.9147473573684692
9000,mla,456,2,4,0.057035014033317566,0.05578933656215668,1.9147473573684692
9000,mla,456,2,5,0.06876535713672638,0.06189985200762749,1.9147473573684692
9000,mla,456,2,6,0.05900004133582115,0.061975281685590744,1.9147473573684692
9000,mla,456,2,7,0.05993347242474556,0.05547564849257469,1.9147473573684692
9000,mla,456,2,8,0.049664001911878586,0.06444484740495682,1.9147473573684692
9000,mla,456,2,9,0.06480682641267776,0.0593549907207489,1.9147473573684692
9000,mla,456,2,10,0.059582825750112534,0.06190389767289162,1.9147473573684692
9000,mla,456,2,11,0.08233408629894257,0.07349905371665955,1.9147473573684692
9000,mla,456,2,12,0.0748291015625,0.06799813359975815,1.9147473573684692
9000,mla,456,2,13,0.06639230996370316,0.06153224781155586,1.9147473573684692
9000,mla,456,2,14,0.05866444855928421,0.06419871002435684,1.9147473573684692
9000,mla,456,2,15,0.059301044791936874,0.05738335847854614,1.9147473573684692
9000,mla,456,3,0,0.08138244599103928,0.08087499439716339,1.4982573986053467
9000,mla,456,3,1,0.040279947221279144,0.04058106243610382,1.4982573986053467
9000,mla,456,3,2,0.061130065470933914,0.04965713992714882,1.4982573986053467
9000,mla,456,3,3,0.06586852669715881,0.07634501904249191,1.4982573986053467
9000,mla,456,3,4,0.058901265263557434,0.05700241029262543,1.4982573986053467
9000,mla,456,3,5,0.06907308101654053,0.06539326161146164,1.4982573986053467
9000,mla,456,3,6,0.04141581058502197,0.052567947655916214,1.4982573986053467
9000,mla,456,3,7,0.07070190459489822,0.06996547430753708,1.4982573986053467
9000,mla,456,3,8,0.061392009258270264,0.07014366239309311,1.4982573986053467
9000,mla,456,3,9,0.0414753220975399,0.04061471298336983,1.4982573986053467
9000,mla,456,3,10,0.06165679916739464,0.06672429293394089,1.4982573986053467
9000,mla,456,3,11,0.07241404056549072,0.06494992226362228,1.4982573986053467
9000,mla,456,3,12,0.09079691767692566,0.08515384048223495,1.4982573986053467
9000,mla,456,3,13,0.0575714111328125,0.058624058961868286,1.4982573986053467
9000,mla,456,3,14,0.052228089421987534,0.05984355881810188,1.4982573986053467
9000,mla,456,3,15,0.07371236383914948,0.06155863404273987,1.4982573986053467
9000,mla,456,4,0,0.05266214907169342,0.05239023268222809,1.2640882730484009
9000,mla,456,4,1,0.056112874299287796,0.053580671548843384,1.2640882730484009
9000,mla,456,4,2,0.05436055362224579,0.07708925008773804,1.2640882730484009
9000,mla,456,4,3,0.07337839901447296,0.0709960088133812,1.2640882730484009
9000,mla,456,4,4,0.06952514499425888,0.07264380902051926,1.2640882730484009
9000,mla,456,4,5,0.08136993646621704,0.06729346513748169,1.2640882730484009
9000,mla,456,4,6,0.05120402202010155,0.06438131630420685,1.2640882730484009
9000,mla,456,4,7,0.07953765988349915,0.08468969166278839,1.2640882730484009
9000,mla,456,4,8,0.05430816486477852,0.05077247694134712,1.2640882730484009
9000,mla,456,4,9,0.04469919949769974,0.048178572207689285,1.2640882730484009
9000,mla,456,4,10,0.03906697407364845,0.028639595955610275,1.2640882730484009
9000,mla,456,4,11,0.11307027190923691,0.08701441437005997,1.2640882730484009
9000,mla,456,4,12,0.03809814527630806,0.05237327516078949,1.2640882730484009
9000,mla,456,4,13,0.06387969851493835,0.06383872777223587,1.2640882730484009
9000,mla,456,4,14,0.04008840024471283,0.049124471843242645,1.2640882730484009
9000,mla,456,4,15,0.08863840997219086,0.07699402421712875,1.2640882730484009
9000,mla,456,5,0,0.04942667484283447,0.04667002335190773,1.4155575037002563
9000,mla,456,5,1,0.05878407880663872,0.0836232453584671,1.4155575037002563
9000,mla,456,5,2,0.06963175535202026,0.08288534730672836,1.4155575037002563
9000,mla,456,5,3,0.0909055545926094,0.07069779187440872,1.4155575037002563
9000,mla,456,5,4,0.044097594916820526,0.052530158311128616,1.4155575037002563
9000,mla,456,5,5,0.10608113557100296,0.09392883628606796,1.4155575037002563
9000,mla,456,5,6,0.06680124998092651,0.08130618929862976,1.4155575037002563
9000,mla,456,5,7,0.04766998440027237,0.052868373692035675,1.4155575037002563
9000,mla,456,5,8,0.046554870903491974,0.03670112043619156,1.4155575037002563
9000,mla,456,5,9,0.06370859593153,0.047285448759794235,1.4155575037002563
9000,mla,456,5,10,0.04712371900677681,0.04830677807331085,1.4155575037002563
9000,mla,456,5,11,0.09683217108249664,0.08527497947216034,1.4155575037002563
9000,mla,456,5,12,0.052827656269073486,0.058717239648103714,1.4155575037002563
9000,mla,456,5,13,0.06012380123138428,0.05426345020532608,1.4155575037002563
9000,mla,456,5,14,0.04301900044083595,0.05671276897192001,1.4155575037002563
9000,mla,456,5,15,0.05641214922070503,0.04822833836078644,1.4155575037002563
9500,mla,456,1,0,0.058224182575941086,0.06135191768407822,2.2254152297973633
9500,mla,456,1,1,0.07568512111902237,0.06643792241811752,2.2254152297973633
9500,mla,456,1,2,0.06104319170117378,0.06201813369989395,2.2254152297973633
9500,mla,456,1,3,0.06316518038511276,0.07024701684713364,2.2254152297973633
9500,mla,456,1,4,0.06408914923667908,0.05633443221449852,2.2254152297973633
9500,mla,456,1,5,0.07453694939613342,0.06486594676971436,2.2254152297973633
9500,mla,456,1,6,0.0684434026479721,0.07359684258699417,2.2254152297973633
9500,mla,456,1,7,0.06090281158685684,0.0633680447936058,2.2254152297973633
9500,mla,456,1,8,0.054482828825712204,0.06563212722539902,2.2254152297973633
9500,mla,456,1,9,0.04871765151619911,0.05030231550335884,2.2254152297973633
9500,mla,456,1,10,0.06154948100447655,0.06493842601776123,2.2254152297973633
9500,mla,456,1,11,0.058158062398433685,0.06571248918771744,2.2254152297973633
9500,mla,456,1,12,0.061051636934280396,0.06054265424609184,2.2254152297973633
9500,mla,456,1,13,0.05638600513339043,0.061438605189323425,2.2254152297973633
9500,mla,456,1,14,0.0774771124124527,0.06312677264213562,2.2254152297973633
9500,mla,456,1,15,0.05608724057674408,0.050086285918951035,2.2254152297973633
9500,mla,456,2,0,0.05354614183306694,0.05295215919613838,1.904472827911377
9500,mla,456,2,1,0.05105071887373924,0.06129078567028046,1.904472827911377
9500,mla,456,2,2,0.046203408390283585,0.054514363408088684,1.904472827911377
9500,mla,456,2,3,0.08294667303562164,0.08052264899015427,1.904472827911377
9500,mla,456,2,4,0.05448872968554497,0.053401585668325424,1.904472827911377
9500,mla,456,2,5,0.07248464226722717,0.06397996842861176,1.904472827911377
9500,mla,456,2,6,0.05361124500632286,0.05947617068886757,1.904472827911377
9500,mla,456,2,7,0.059080809354782104,0.05429116636514664,1.904472827911377
9500,mla,456,2,8,0.04794932156801224,0.0636148527264595,1.904472827911377
9500,mla,456,2,9,0.06787119805812836,0.06166408583521843,1.904472827911377
9500,mla,456,2,10,0.06673116236925125,0.06768200546503067,1.904472827911377
9500,mla,456,2,11,0.08118987828493118,0.07309624552726746,1.904472827911377
9500,mla,456,2,12,0.07660237699747086,0.06965520977973938,1.904472827911377
9500,mla,456,2,13,0.06131032481789589,0.05753202363848686,1.904472827911377
9500,mla,456,2,14,0.05935150012373924,0.06454756110906601,1.904472827911377
9500,mla,456,2,15,0.06558186560869217,0.061779119074344635,1.904472827911377
9500,mla,456,3,0,0.08026621490716934,0.08055756241083145,1.5081181526184082
9500,mla,456,3,1,0.044570211321115494,0.043189637362957,1.5081181526184082
9500,mla,456,3,2,0.06290039420127869,0.05059950053691864,1.5081181526184082
9500,mla,456,3,3,0.06558054685592651,0.07460106164216995,1.5081181526184082
9500,mla,456,3,4,0.06154388561844826,0.06025287136435509,1.5081181526184082
9500,mla,456,3,5,0.05979472026228905,0.05732656642794609,1.5081181526184082
9500,mla,456,3,6,0.04435678943991661,0.054965656250715256,1.5081181526184082
9500,mla,456,3,7,0.07163024693727493,0.07364129275083542,1.5081181526184082
9500,mla,456,3,8,0.06279205530881882,0.07080207765102386,1.5081181526184082
9500,mla,456,3,9,0.04634104296565056,0.04422672092914581,1.5081181526184082
9500,mla,456,3,10,0.06289204955101013,0.06811603158712387,1.5081181526184082
9500,mla,456,3,11,0.07154347747564316,0.06390790641307831,1.5081181526184082
9500,mla,456,3,12,0.08554555475711823,0.0798785611987114,1.5081181526184082
9500,mla,456,3,13,0.05295746028423309,0.055483780801296234,1.5081181526184082
9500,mla,456,3,14,0.049963176250457764,0.05681060254573822,1.5081181526184082
9500,mla,456,3,15,0.07732218503952026,0.0656401515007019,1.5081181526184082
9500,mla,456,4,0,0.051748454570770264,0.05179823935031891,1.2652946710586548
9500,mla,456,4,1,0.055585023015737534,0.05389992520213127,1.2652946710586548
9500,mla,456,4,2,0.052716370671987534,0.07446345686912537,1.2652946710586548
9500,mla,456,4,3,0.0740928128361702,0.07129532843828201,1.2652946710586548
9500,mla,456,4,4,0.07091979682445526,0.07377704977989197,1.2652946710586548
9500,mla,456,4,5,0.08041086792945862,0.06610124558210373,1.2652946710586548
9500,mla,456,4,6,0.05157674103975296,0.06468424201011658,1.2652946710586548
9500,mla,456,4,7,0.08323964476585388,0.0875726193189621,1.2652946710586548
9500,mla,456,4,8,0.05472981929779053,0.05192941799759865,1.2652946710586548
9500,mla,456,4,9,0.04651946946978569,0.049449846148490906,1.2652946710586548
9500,mla,456,4,10,0.03840494900941849,0.029394153505563736,1.2652946710586548
9500,mla,456,4,11,0.11027506738901138,0.08313237875699997,1.2652946710586548
9500,mla,456,4,12,0.03808339312672615,0.05178520828485489,1.2652946710586548
9500,mla,456,4,13,0.06515166908502579,0.06609663367271423,1.2652946710586548
9500,mla,456,4,14,0.040664367377758026,0.049354713410139084,1.2652946710586548
9500,mla,456,4,15,0.0858815535902977,0.07526548951864243,1.2652946710586548
9500,mla,456,5,0,0.04889099299907684,0.04608924686908722,1.4071581363677979
9500,mla,456,5,1,0.05560089275240898,0.08080805093050003,1.4071581363677979
9500,mla,456,5,2,0.07181955873966217,0.08570118248462677,1.4071581363677979
9500,mla,456,5,3,0.09044301509857178,0.06964371353387833,1.4071581363677979
9500,mla,456,5,4,0.045616962015628815,0.05518266558647156,1.4071581363677979
9500,mla,456,5,5,0.10790731012821198,0.09633719176054001,1.4071581363677979
9500,mla,456,5,6,0.06833119690418243,0.0826433002948761,1.4071581363677979
9500,mla,456,5,7,0.04616159945726395,0.05119591951370239,1.4071581363677979
9500,mla,456,5,8,0.04669606685638428,0.036042697727680206,1.4071581363677979
9500,mla,456,5,9,0.06466186791658401,0.04842672497034073,1.4071581363677979
9500,mla,456,5,10,0.04529724270105362,0.0469491183757782,1.4071581363677979
9500,mla,456,5,11,0.09969502687454224,0.08761309087276459,1.4071581363677979
9500,mla,456,5,12,0.05309346690773964,0.05773201584815979,1.4071581363677979
9500,mla,456,5,13,0.05981862545013428,0.05376269668340683,1.4071581363677979
9500,mla,456,5,14,0.041112467646598816,0.05535081773996353,1.4071581363677979
9500,mla,456,5,15,0.05485371872782707,0.04652154818177223,1.4071581363677979
10000,mla,456,1,0,0.06071004271507263,0.06118297576904297,2.2062809467315674
10000,mla,456,1,1,0.06975850462913513,0.0663742944598198,2.2062809467315674
10000,mla,456,1,2,0.06131357699632645,0.06149626895785332,2.2062809467315674
10000,mla,456,1,3,0.06649576872587204,0.07247698307037354,2.2062809467315674
10000,mla,456,1,4,0.07027872651815414,0.05815086513757706,2.2062809467315674
10000,mla,456,1,5,0.06797973811626434,0.061377767473459244,2.2062809467315674
10000,mla,456,1,6,0.06986074149608612,0.07616010308265686,2.2062809467315674
10000,mla,456,1,7,0.05825897306203842,0.060983289033174515,2.2062809467315674
10000,mla,456,1,8,0.05232248827815056,0.06525107473134995,2.2062809467315674
10000,mla,456,1,9,0.05410756543278694,0.05139026418328285,2.2062809467315674
10000,mla,456,1,10,0.06817810237407684,0.06686757504940033,2.2062809467315674
10000,mla,456,1,11,0.05061594769358635,0.06297364085912704,2.2062809467315674
10000,mla,456,1,12,0.06841929256916046,0.0645088329911232,2.2062809467315674
10000,mla,456,1,13,0.05943664535880089,0.06419585645198822,2.2062809467315674
10000,mla,456,1,14,0.06722279638051987,0.05664179474115372,2.2062809467315674
10000,mla,456,1,15,0.05504109710454941,0.049968499690294266,2.2062809467315674
10000,mla,456,2,0,0.05638498812913895,0.05460552126169205,1.8925443887710571
10000,mla,456,2,1,0.05014801025390625,0.059979312121868134,1.8925443887710571
10000,mla,456,2,2,0.04544972628355026,0.054548658430576324,1.8925443887710571
10000,mla,456,2,3,0.08139200508594513,0.07949471473693848,1.8925443887710571
10000,mla,456,2,4,0.05775441601872444,0.05520801618695259,1.8925443887710571
10000,mla,456,2,5,0.06345479190349579,0.059275832027196884,1.8925443887710571
10000,mla,456,2,6,0.048378195613622665,0.05721433088183403,1.8925443887710571
10000,mla,456,2,7,0.06547261774539948,0.056870926171541214,1.8925443887710571
10000,mla,456,2,8,0.049571432173252106,0.06446675956249237,1.8925443887710571
10000,mla,456,2,9,0.07062845677137375,0.0631483867764473,1.8925443887710571
10000,mla,456,2,10,0.06190755218267441,0.0642179325222969,1.8925443887710571
10000,mla,456,2,11,0.0819588229060173,0.07281666994094849,1.8925443887710571
10000,mla,456,2,12,0.07880065590143204,0.07170696556568146,1.8925443887710571
10000,mla,456,2,13,0.0652097538113594,0.060762371867895126,1.8925443887710571
10000,mla,456,2,14,0.05910898745059967,0.06483487039804459,1.8925443887710571
10000,mla,456,2,15,0.06437958031892776,0.06084870174527168,1.8925443887710571
10000,mla,456,3,0,0.0807444229722023,0.07883429527282715,1.5050833225250244
10000,mla,456,3,1,0.041822001338005066,0.04068232700228691,1.5050833225250244
10000,mla,456,3,2,0.06683024019002914,0.052238281816244125,1.5050833225250244
10000,mla,456,3,3,0.06508708000183105,0.07612226158380508,1.5050833225250244
10000,mla,456,3,4,0.061926983296871185,0.06036365032196045,1.5050833225250244
10000,mla,456,3,5,0.06573893129825592,0.06260079145431519,1.5050833225250244
10000,mla,456,3,6,0.04162953794002533,0.053144898265600204,1.5050833225250244
10000,mla,456,3,7,0.07106852531433105,0.07027491927146912,1.5050833225250244
10000,mla,456,3,8,0.0645967647433281,0.07198650389909744,1.5050833225250244
10000,mla,456,3,9,0.03995330631732941,0.040763869881629944,1.5050833225250244
10000,mla,456,3,10,0.0630449429154396,0.0685250461101532,1.5050833225250244
10000,mla,456,3,11,0.06999125331640244,0.06301715970039368,1.5050833225250244
10000,mla,456,3,12,0.08708099275827408,0.08196615427732468,1.5050833225250244
10000,mla,456,3,13,0.05143697187304497,0.05529608577489853,1.5050833225250244
10000,mla,456,3,14,0.0525481142103672,0.05925086885690689,1.5050833225250244
10000,mla,456,3,15,0.07649993896484375,0.06493289023637772,1.5050833225250244
10000,mla,456,4,0,0.05514790862798691,0.05173369124531746,1.2620632648468018
10000,mla,456,4,1,0.05565989017486572,0.053971994668245316,1.2620632648468018
10000,mla,456,4,2,0.052883606404066086,0.07651608437299728,1.2620632648468018
10000,mla,456,4,3,0.07640563696622849,0.07436223328113556,1.2620632648468018
10000,mla,456,4,4,0.07049855589866638,0.07331737875938416,1.2620632648468018
10000,mla,456,4,5,0.07973449677228928,0.06630078703165054,1.2620632648468018
10000,mla,456,4,6,0.050812073051929474,0.06364693492650986,1.2620632648468018
10000,mla,456,4,7,0.08043334633111954,0.08428411930799484,1.2620632648468018
10000,mla,456,4,8,0.05587290599942207,0.052382953464984894,1.2620632648468018
10000,mla,456,4,9,0.04968505725264549,0.052471037954092026,1.2620632648468018
10000,mla,456,4,10,0.0335509218275547,0.026649676263332367,1.2620632648468018
10000,mla,456,4,11,0.11079426854848862,0.08359722793102264,1.2620632648468018
10000,mla,456,4,12,0.03710571303963661,0.05137628689408302,1.2620632648468018
10000,mla,456,4,13,0.06319925934076309,0.06341071426868439,1.2620632648468018
10000,mla,456,4,14,0.0405852235853672,0.04954494535923004,1.2620632648468018
10000,mla,456,4,15,0.08763112127780914,0.07643406838178635,1.2620632648468018
10000,mla,456,5,0,0.04791371524333954,0.045200470834970474,1.402159571647644
10000,mla,456,5,1,0.05765228345990181,0.08302997797727585,1.402159571647644
10000,mla,456,5,2,0.0696062222123146,0.08299097418785095,1.402159571647644
10000,mla,456,5,3,0.0927288830280304,0.07241137325763702,1.402159571647644
10000,mla,456,5,4,0.04527547210454941,0.05480131134390831,1.402159571647644
10000,mla,456,5,5,0.10526926815509796,0.09443158656358719,1.402159571647644
10000,mla,456,5,6,0.06688456237316132,0.0812700092792511,1.402159571647644
10000,mla,456,5,7,0.045384928584098816,0.05143365263938904,1.402159571647644
10000,mla,456,5,8,0.04838551953434944,0.03769899904727936,1.402159571647644
10000,mla,456,5,9,0.06544830650091171,0.04955977946519852,1.402159571647644
10000,mla,456,5,10,0.04539072513580322,0.04678809270262718,1.402159571647644
10000,mla,456,5,11,0.09874389320611954,0.08612369745969772,1.402159571647644
10000,mla,456,5,12,0.051565855741500854,0.05681885406374931,1.402159571647644
10000,mla,456,5,13,0.06145487353205681,0.05478499084711075,1.402159571647644
10000,mla,456,5,14,0.04332133010029793,0.05747052654623985,1.402159571647644
10000,mla,456,5,15,0.054974161088466644,0.045185625553131104,1.402159571647644
10500,mla,456,1,0,0.06095265597105026,0.06207375228404999,2.1909661293029785
10500,mla,456,1,1,0.06982319802045822,0.06674616038799286,2.1909661293029785
10500,mla,456,1,2,0.061536967754364014,0.06160605698823929,2.1909661293029785
10500,mla,456,1,3,0.06481251865625381,0.07222720235586166,2.1909661293029785
10500,mla,456,1,4,0.06907470524311066,0.05712513625621796,2.1909661293029785
10500,mla,456,1,5,0.06281697750091553,0.05884043872356415,2.1909661293029785
10500,mla,456,1,6,0.07194427400827408,0.07877729088068008,2.1909661293029785
10500,mla,456,1,7,0.06093180179595947,0.061204053461551666,2.1909661293029785
10500,mla,456,1,8,0.055844828486442566,0.06604453176259995,2.1909661293029785
10500,mla,456,1,9,0.05767975002527237,0.05282418057322502,2.1909661293029785
10500,mla,456,1,10,0.06797678768634796,0.06580591201782227,2.1909661293029785
10500,mla,456,1,11,0.0488707460463047,0.060678958892822266,2.1909661293029785
10500,mla,456,1,12,0.06372599303722382,0.06253352761268616,2.1909661293029785
10500,mla,456,1,13,0.05698638781905174,0.0630531907081604,2.1909661293029785
10500,mla,456,1,14,0.07287953794002533,0.060769807547330856,2.1909661293029785
10500,mla,456,1,15,0.05414286255836487,0.04968967288732529,2.1909661293029785
10500,mla,456,2,0,0.050473734736442566,0.05078960582613945,1.8831467628479004
10500,mla,456,2,1,0.05065195634961128,0.060586363077163696,1.8831467628479004
10500,mla,456,2,2,0.04455403611063957,0.05256752669811249,1.8831467628479004
10500,mla,456,2,3,0.0804843157529831,0.07816331833600998,1.8831467628479004
10500,mla,456,2,4,0.05937378108501434,0.05585865676403046,1.8831467628479004
10500,mla,456,2,5,0.07426320761442184,0.06505981832742691,1.8831467628479004
10500,mla,456,2,6,0.051399435847997665,0.059249330312013626,1.8831467628479004
10500,mla,456,2,7,0.061752524226903915,0.05637958645820618,1.8831467628479004
10500,mla,456,2,8,0.05270853638648987,0.06792782992124557,1.8831467628479004
10500,mla,456,2,9,0.06859079748392105,0.06239449232816696,1.8831467628479004
10500,mla,456,2,10,0.06013387069106102,0.062262095510959625,1.8831467628479004
10500,mla,456,2,11,0.08316314965486526,0.07475338876247406,1.8831467628479004
10500,mla,456,2,12,0.08097432553768158,0.07357742637395859,1.8831467628479004
10500,mla,456,2,13,0.0626334622502327,0.05898885801434517,1.8831467628479004
10500,mla,456,2,14,0.0578492246568203,0.06241624057292938,1.8831467628479004
10500,mla,456,2,15,0.060993652790784836,0.05902562290430069,1.8831467628479004
10500,mla,456,3,0,0.08318257331848145,0.08415917307138443,1.4883352518081665
10500,mla,456,3,1,0.04034118726849556,0.040215201675891876,1.4883352518081665
10500,mla,456,3,2,0.061993103474378586,0.049067821353673935,1.4883352518081665
10500,mla,456,3,3,0.06519073247909546,0.07572648674249649,1.4883352518081665
10500,mla,456,3,4,0.06102640926837921,0.05961362272500992,1.4883352518081665
10500,mla,456,3,5,0.06913706660270691,0.06695505231618881,1.4883352518081665
10500,mla,456,3,6,0.04293579235672951,0.05362126603722572,1.4883352518081665
10500,mla,456,3,7,0.07182556390762329,0.07166276127099991,1.4883352518081665
10500,mla,456,3,8,0.06300598382949829,0.0694151520729065,1.4883352518081665
10500,mla,456,3,9,0.03912536799907684,0.04053102061152458,1.4883352518081665
10500,mla,456,3,10,0.06386616826057434,0.06953273713588715,1.4883352518081665
10500,mla,456,3,11,0.06944233924150467,0.061933230608701706,1.4883352518081665
10500,mla,456,3,12,0.08542114496231079,0.07949734479188919,1.4883352518081665
10500,mla,456,3,13,0.058816730976104736,0.05790351703763008,1.4883352518081665
10500,mla,456,3,14,0.051181234419345856,0.058138053864240646,1.4883352518081665
10500,mla,456,3,15,0.0735086053609848,0.062027767300605774,1.4883352518081665
10500,mla,456,4,0,0.052825622260570526,0.05043543130159378,1.2622272968292236
10500,mla,456,4,1,0.05437306687235832,0.05207976698875427,1.2622272968292236
10500,mla,456,4,2,0.05325581878423691,0.07642768323421478,1.2622272968292236
10500,mla,456,4,3,0.0750434398651123,0.07242222130298615,1.2622272968292236
10500,mla,456,4,4,0.0716584250330925,0.07434909790754318,1.2622272968292236
10500,mla,456,4,5,0.08185597509145737,0.06783254444599152,1.2622272968292236
10500,mla,456,4,6,0.051422324031591415,0.06452038139104843,1.2622272968292236
10500,mla,456,4,7,0.08309448510408401,0.08677881211042404,1.2622272968292236
10500,mla,456,4,8,0.05506235733628273,0.05249934270977974,1.2622272968292236
10500,mla,456,4,9,0.04679412767291069,0.050030846148729324,1.2622272968292236
10500,mla,456,4,10,0.03291219100356102,0.025795886293053627,1.2622272968292236
10500,mla,456,4,11,0.11201446503400803,0.08403325080871582,1.2622272968292236
10500,mla,456,4,12,0.03705139085650444,0.05107593163847923,1.2622272968292236
10500,mla,456,4,13,0.0634663924574852,0.06402260065078735,1.2622272968292236
10500,mla,456,4,14,0.04017934203147888,0.049337051808834076,1.2622272968292236
10500,mla,456,4,15,0.08899057656526566,0.07835926860570908,1.2622272968292236
10500,mla,456,5,0,0.04835418611764908,0.045890890061855316,1.4033299684524536
10500,mla,456,5,1,0.056245625019073486,0.08132811635732651,1.4033299684524536
10500,mla,456,5,2,0.07148274779319763,0.08693915605545044,1.4033299684524536
10500,mla,456,5,3,0.09127197414636612,0.07000797241926193,1.4033299684524536
10500,mla,456,5,4,0.044057413935661316,0.05279781296849251,1.4033299684524536
10500,mla,456,5,5,0.10698658972978592,0.09494293481111526,1.4033299684524536
10500,mla,456,5,6,0.0673268660902977,0.08149722963571548,1.4033299684524536
10500,mla,456,5,7,0.0447438545525074,0.0503285750746727,1.4033299684524536
10500,mla,456,5,8,0.04914601519703865,0.03801892697811127,1.4033299684524536
10500,mla,456,5,9,0.06524607539176941,0.04878535866737366,1.4033299684524536
10500,mla,456,5,10,0.04495584964752197,0.04614580422639847,1.4033299684524536
10500,mla,456,5,11,0.09770528227090836,0.08581206947565079,1.4033299684524536
10500,mla,456,5,12,0.052096761763095856,0.05693187564611435,1.4033299684524536
10500,mla,456,5,13,0.060317788273096085,0.05420871824026108,1.4033299684524536
10500,mla,456,5,14,0.043425802141427994,0.05772373080253601,1.4033299684524536
10500,mla,456,5,15,0.05663716793060303,0.04864095151424408,1.4033299684524536
11000,mla,456,1,0,0.05696451663970947,0.059781264513731,2.1810009479522705
11000,mla,456,1,1,0.0714733898639679,0.06758251786231995,2.1810009479522705
11000,mla,456,1,2,0.06491231173276901,0.06427811831235886,2.1810009479522705
11000,mla,456,1,3,0.06513773649930954,0.07276754826307297,2.1810009479522705
11000,mla,456,1,4,0.07274586707353592,0.05807488039135933,2.1810009479522705
11000,mla,456,1,5,0.06238189712166786,0.05871748551726341,2.1810009479522705
11000,mla,456,1,6,0.0692329928278923,0.07653187960386276,2.1810009479522705
11000,mla,456,1,7,0.0511322021484375,0.05570897459983826,2.1810009479522705
11000,mla,456,1,8,0.0512562058866024,0.06508448719978333,2.1810009479522705
11000,mla,456,1,9,0.06498189270496368,0.05493924394249916,2.1810009479522705
11000,mla,456,1,10,0.07208973914384842,0.06811411678791046,2.1810009479522705
11000,mla,456,1,11,0.05395243316888809,0.06423171609640121,2.1810009479522705
11000,mla,456,1,12,0.06375366449356079,0.06303676962852478,2.1810009479522705
11000,mla,456,1,13,0.06014607846736908,0.06499183923006058,2.1810009479522705
11000,mla,456,1,14,0.06615295261144638,0.057043712586164474,2.1810009479522705
11000,mla,456,1,15,0.05368611589074135,0.04911540448665619,2.1810009479522705
11000,mla,456,2,0,0.05153849348425865,0.051908962428569794,1.8763824701309204
11000,mla,456,2,1,0.05052683502435684,0.06089029461145401,1.8763824701309204
11000,mla,456,2,2,0.04456990584731102,0.05280287563800812,1.8763824701309204
11000,mla,456,2,3,0.08215657621622086,0.07950062304735184,1.8763824701309204
11000,mla,456,2,4,0.051711831241846085,0.05274231359362602,1.8763824701309204
11000,mla,456,2,5,0.06976450234651566,0.06202574446797371,1.8763824701309204
11000,mla,456,2,6,0.0574747733771801,0.06185842677950859,1.8763824701309204
11000,mla,456,2,7,0.0642484501004219,0.0571942962706089,1.8763824701309204
11000,mla,456,2,8,0.050361428409814835,0.0657779797911644,1.8763824701309204
11000,mla,456,2,9,0.07252278923988342,0.0654648020863533,1.8763824701309204
11000,mla,456,2,10,0.05888020992279053,0.06178369000554085,1.8763824701309204
11000,mla,456,2,11,0.08419942110776901,0.07532807439565659,1.8763824701309204
11000,mla,456,2,12,0.08157816529273987,0.07351154834032059,1.8763824701309204
11000,mla,456,2,13,0.060446470975875854,0.05707242339849472,1.8763824701309204
11000,mla,456,2,14,0.05868875980377197,0.06303092837333679,1.8763824701309204
11000,mla,456,2,15,0.061331380158662796,0.05910695344209671,1.8763824701309204
11000,mla,456,3,0,0.08141092956066132,0.08053376525640488,1.483697772026062
11000,mla,456,3,1,0.04008229449391365,0.0396355576813221,1.483697772026062
11000,mla,456,3,2,0.0633716806769371,0.051037371158599854,1.483697772026062
11000,mla,456,3,3,0.06376271694898605,0.07414151728153229,1.483697772026062
11000,mla,456,3,4,0.06690622866153717,0.06417614966630936,1.483697772026062
11000,mla,456,3,5,0.06662099063396454,0.06470447778701782,1.483697772026062
11000,mla,456,3,6,0.04007314145565033,0.051779843866825104,1.483697772026062
11000,mla,456,3,7,0.06967905908823013,0.06826430559158325,1.483697772026062
11000,mla,456,3,8,0.06413543969392776,0.07138950377702713,1.483697772026062
11000,mla,456,3,9,0.037029825150966644,0.038897544145584106,1.483697772026062
11000,mla,456,3,10,0.06406138092279434,0.06906311959028244,1.483697772026062
11000,mla,456,3,11,0.06962178647518158,0.06287797540426254,1.483697772026062
11000,mla,456,3,12,0.08439666777849197,0.07867984473705292,1.483697772026062
11000,mla,456,3,13,0.05508168414235115,0.05788344517350197,1.483697772026062
11000,mla,456,3,14,0.05982401594519615,0.06339796632528305,1.483697772026062
11000,mla,456,3,15,0.0739421620965004,0.06353762000799179,1.483697772026062
11000,mla,456,4,0,0.05036824569106102,0.049861080944538116,1.256535291671753
11000,mla,456,4,1,0.05404754728078842,0.05301539599895477,1.256535291671753
11000,mla,456,4,2,0.053076375275850296,0.0756453350186348,1.256535291671753
11000,mla,456,4,3,0.07366811484098434,0.0715554729104042,1.256535291671753
11000,mla,456,4,4,0.07138010859489441,0.07245862483978271,1.256535291671753
11000,mla,456,4,5,0.0838991329073906,0.0703354924917221,1.256535291671753
11000,mla,456,4,6,0.05035451427102089,0.06331349909305573,1.256535291671753
11000,mla,456,4,7,0.08162109553813934,0.08652956038713455,1.256535291671753
11000,mla,456,4,8,0.054923705756664276,0.052287280559539795,1.256535291671753
11000,mla,456,4,9,0.045308228582143784,0.04902262985706329,1.256535291671753
11000,mla,456,4,10,0.0397307313978672,0.029329128563404083,1.256535291671753
11000,mla,456,4,11,0.1109510287642479,0.08332912623882294,1.256535291671753
11000,mla,456,4,12,0.036603089421987534,0.05063985288143158,1.256535291671753
11000,mla,456,4,13,0.06581156700849533,0.06711108237504959,1.256535291671753
11000,mla,456,4,14,0.0417715460062027,0.049898963421583176,1.256535291671753
11000,mla,456,4,15,0.08648498356342316,0.07566747069358826,1.256535291671753
11000,mla,456,5,0,0.04737081006169319,0.045821189880371094,1.3987222909927368
11000,mla,456,5,1,0.05758199095726013,0.0835404098033905,1.3987222909927368
11000,mla,456,5,2,0.07097554206848145,0.08449439704418182,1.3987222909927368
11000,mla,456,5,3,0.09266520291566849,0.07186754792928696,1.3987222909927368
11000,mla,456,5,4,0.04481496289372444,0.05440307781100273,1.3987222909927368
11000,mla,456,5,5,0.1067274957895279,0.09689435362815857,1.3987222909927368
11000,mla,456,5,6,0.06737599521875381,0.08069393783807755,1.3987222909927368
11000,mla,456,5,7,0.04590321704745293,0.05159514769911766,1.3987222909927368
11000,mla,456,5,8,0.049323830753564835,0.03843985125422478,1.3987222909927368
11000,mla,456,5,9,0.06599120795726776,0.05014127865433693,1.3987222909927368
11000,mla,456,5,10,0.04672505706548691,0.04737582057714462,1.3987222909927368
11000,mla,456,5,11,0.09747375547885895,0.0841178447008133,1.3987222909927368
11000,mla,456,5,12,0.05196899548172951,0.056236762553453445,1.3987222909927368
11000,mla,456,5,13,0.05795583128929138,0.052149832248687744,1.3987222909927368
11000,mla,456,5,14,0.04152730479836464,0.055790819227695465,1.3987222909927368
11000,mla,456,5,15,0.05561879649758339,0.04643760994076729,1.3987222909927368
11500,mla,456,1,0,0.05696370452642441,0.06002797558903694,2.1647679805755615
11500,mla,456,1,1,0.0813351422548294,0.0718940868973732,2.1647679805755615
11500,mla,456,1,2,0.058990173041820526,0.06075126677751541,2.1647679805755615
11500,mla,456,1,3,0.0675061047077179,0.07477446645498276,2.1647679805755615
11500,mla,456,1,4,0.06387969851493835,0.05533728748559952,2.1647679805755615
11500,mla,456,1,5,0.06220428645610809,0.05880710110068321,2.1647679805755615
11500,mla,456,1,6,0.06917256861925125,0.07602344453334808,2.1647679805755615
11500,mla,456,1,7,0.05036916211247444,0.05559782683849335,2.1647679805755615
11500,mla,456,1,8,0.06215057522058487,0.06762213259935379,2.1647679805755615
11500,mla,456,1,9,0.06363169103860855,0.05341997742652893,2.1647679805755615
11500,mla,456,1,10,0.0672881081700325,0.06698053330183029,2.1647679805755615
11500,mla,456,1,11,0.049399107694625854,0.061979617923498154,2.1647679805755615
11500,mla,456,1,12,0.06301534175872803,0.06268750876188278,2.1647679805755615
11500,mla,456,1,13,0.05867370590567589,0.06430471688508987,2.1647679805755615
11500,mla,456,1,14,0.07202474027872086,0.06073955073952675,2.1647679805755615
11500,mla,456,1,15,0.053395893424749374,0.049052346497774124,2.1647679805755615
11500,mla,456,2,0,0.049847107380628586,0.05081329494714737,1.8698822259902954
11500,mla,456,2,1,0.049499817192554474,0.061600614339113235,1.8698822259902954
11500,mla,456,2,2,0.0411306768655777,0.04980307072401047,1.8698822259902954
11500,mla,456,2,3,0.0819474309682846,0.07998156547546387,1.8698822259902954
11500,mla,456,2,4,0.055666401982307434,0.05436694622039795,1.8698822259902954
11500,mla,456,2,5,0.0672651156783104,0.061535511165857315,1.8698822259902954
11500,mla,456,2,6,0.059417013078927994,0.06213752180337906,1.8698822259902954
11500,mla,456,2,7,0.0633130893111229,0.05656218156218529,1.8698822259902954
11500,mla,456,2,8,0.04627339541912079,0.06108495593070984,1.8698822259902954
11500,mla,456,2,9,0.07037963718175888,0.063331238925457,1.8698822259902954
11500,mla,456,2,10,0.06391093134880066,0.06610213220119476,1.8698822259902954
11500,mla,456,2,11,0.08180806785821915,0.07387725263834,1.8698822259902954
11500,mla,456,2,12,0.08532063663005829,0.07614891231060028,1.8698822259902954
11500,mla,456,2,13,0.062126871198415756,0.05823126435279846,1.8698822259902954
11500,mla,456,2,14,0.057935383170843124,0.06280019134283066,1.8698822259902954
11500,mla,456,2,15,0.06415842473506927,0.06162344664335251,1.8698822259902954
11500,mla,456,3,0,0.08167948573827744,0.08105482906103134,1.4888091087341309
11500,mla,456,3,1,0.03962249681353569,0.03944887965917587,1.4888091087341309
11500,mla,456,3,2,0.0602143369615078,0.049308691173791885,1.4888091087341309
11500,mla,456,3,3,0.06435343623161316,0.075200654566288,1.4888091087341309
11500,mla,456,3,4,0.06528665870428085,0.06273654848337173,1.4888091087341309
11500,mla,456,3,5,0.06743346899747849,0.0649576485157013,1.4888091087341309
11500,mla,456,3,6,0.038935139775276184,0.051205869764089584,1.4888091087341309
11500,mla,456,3,7,0.07191548496484756,0.07001214474439621,1.4888091087341309
11500,mla,456,3,8,0.06469960510730743,0.07166708260774612,1.4888091087341309
11500,mla,456,3,9,0.043976642191410065,0.04205942526459694,1.4888091087341309
11500,mla,456,3,10,0.06153116747736931,0.06781653314828873,1.4888091087341309
11500,mla,456,3,11,0.06993387639522552,0.06335537880659103,1.4888091087341309
11500,mla,456,3,12,0.08613342046737671,0.08020760118961334,1.4888091087341309
11500,mla,456,3,13,0.055424194782972336,0.05762390047311783,1.4888091087341309
11500,mla,456,3,14,0.05412770435214043,0.05990195646882057,1.4888091087341309
11500,mla,456,3,15,0.07473286986351013,0.06344275921583176,1.4888091087341309
11500,mla,456,4,0,0.05151916667819023,0.049673352390527725,1.2546286582946777
11500,mla,456,4,1,0.05540161207318306,0.054456088691949844,1.2546286582946777
11500,mla,456,4,2,0.05339508131146431,0.07557845115661621,1.2546286582946777
11500,mla,456,4,3,0.07495361566543579,0.07225321233272552,1.2546286582946777
11500,mla,456,4,4,0.07233601808547974,0.07430678606033325,1.2546286582946777
11500,mla,456,4,5,0.0810038223862648,0.06700868904590607,1.2546286582946777
11500,mla,456,4,6,0.051972247660160065,0.06490978598594666,1.2546286582946777
11500,mla,456,4,7,0.0816611722111702,0.08589688688516617,1.2546286582946777
11500,mla,456,4,8,0.05404195189476013,0.05088060721755028,1.2546286582946777
11500,mla,456,4,9,0.04627634584903717,0.04990338906645775,1.2546286582946777
11500,mla,456,4,10,0.03530934825539589,0.02692820504307747,1.2546286582946777
11500,mla,456,4,11,0.11113901436328888,0.0830431580543518,1.2546286582946777
11500,mla,456,4,12,0.037476398050785065,0.051950134336948395,1.2546286582946777
11500,mla,456,4,13,0.06355825066566467,0.0655074343085289,1.2546286582946777
11500,mla,456,4,14,0.04044952243566513,0.04860825464129448,1.2546286582946777
11500,mla,456,4,15,0.08950643241405487,0.0790955126285553,1.2546286582946777
11500,mla,456,5,0,0.047289226204156876,0.04526340961456299,1.4051425457000732
11500,mla,456,5,1,0.05565399304032326,0.08120959997177124,1.4051425457000732
11500,mla,456,5,2,0.06994832307100296,0.08239999413490295,1.4051425457000732
11500,mla,456,5,3,0.09026885777711868,0.07065999507904053,1.4051425457000732
11500,mla,456,5,4,0.04538320004940033,0.05427727848291397,1.4051425457000732
11500,mla,456,5,5,0.10735026001930237,0.09553154557943344,1.4051425457000732
11500,mla,456,5,6,0.06757721304893494,0.08135336637496948,1.4051425457000732
11500,mla,456,5,7,0.04571289196610451,0.05019477382302284,1.4051425457000732
11500,mla,456,5,8,0.048935748636722565,0.03718262538313866,1.4051425457000732
11500,mla,456,5,9,0.06566385924816132,0.049930062144994736,1.4051425457000732
11500,mla,456,5,10,0.04493998363614082,0.04650275409221649,1.4051425457000732
11500,mla,456,5,11,0.09799469262361526,0.08459840714931488,1.4051425457000732
11500,mla,456,5,12,0.05373229831457138,0.05892536789178848,1.4051425457000732
11500,mla,456,5,13,0.06176004931330681,0.055189259350299835,1.4051425457000732
11500,mla,456,5,14,0.0408782958984375,0.05559411272406578,1.4051425457000732
11500,mla,456,5,15,0.05691111087799072,0.05118737369775772,1.4051425457000732
12000,mla,456,1,0,0.06004282459616661,0.062161192297935486,2.1550471782684326
12000,mla,456,1,1,0.07471679896116257,0.06788002699613571,2.1550471782684326
12000,mla,456,1,2,0.05953226611018181,0.06179450452327728,2.1550471782684326
12000,mla,456,1,3,0.06515248864889145,0.07373219728469849,2.1550471782684326
12000,mla,456,1,4,0.06208638474345207,0.05491882935166359,2.1550471782684326
12000,mla,456,1,5,0.06490570306777954,0.06049221009016037,2.1550471782684326
12000,mla,456,1,6,0.06867299228906631,0.07482513785362244,2.1550471782684326
12000,mla,456,1,7,0.05279429256916046,0.05738595500588417,2.1550471782684326
12000,mla,456,1,8,0.0624643974006176,0.06710458546876907,2.1550471782684326
12000,mla,456,1,9,0.06077270582318306,0.05250024423003197,2.1550471782684326
12000,mla,456,1,10,0.06654408574104309,0.06677428632974625,2.1550471782684326
12000,mla,456,1,11,0.05423543229699135,0.06416118144989014,2.1550471782684326
12000,mla,456,1,12,0.06565236300230026,0.06356107443571091,2.1550471782684326
12000,mla,456,1,13,0.05617482587695122,0.061285827308893204,2.1550471782684326
12000,mla,456,1,14,0.07417988777160645,0.0625036284327507,2.1550471782684326
12000,mla,456,1,15,0.05207255110144615,0.04891905188560486,2.1550471782684326
12000,mla,456,2,0,0.05200256407260895,0.05171321704983711,1.8687117099761963
12000,mla,456,2,1,0.04848765209317207,0.060250841081142426,1.8687117099761963
12000,mla,456,2,2,0.045173849910497665,0.05329979956150055,1.8687117099761963
12000,mla,456,2,3,0.08011698722839355,0.07776990532875061,1.8687117099761963
12000,mla,456,2,4,0.05994231998920441,0.05574996396899223,1.8687117099761963
12000,mla,456,2,5,0.07301991432905197,0.06452430039644241,1.8687117099761963
12000,mla,456,2,6,0.05178283527493477,0.05849480256438255,1.8687117099761963
12000,mla,456,2,7,0.0630873590707779,0.05698511004447937,1.8687117099761963
12000,mla,456,2,8,0.05004384368658066,0.06536513566970825,1.8687117099761963
12000,mla,456,2,9,0.06938394904136658,0.062489528208971024,1.8687117099761963
12000,mla,456,2,10,0.06047322601079941,0.06320059299468994,1.8687117099761963
12000,mla,456,2,11,0.08422403782606125,0.07533600926399231,1.8687117099761963
12000,mla,456,2,12,0.08084432035684586,0.07375059276819229,1.8687117099761963
12000,mla,456,2,13,0.061506450176239014,0.058418020606040955,1.8687117099761963
12000,mla,456,2,14,0.05940643325448036,0.06380844861268997,1.8687117099761963
12000,mla,456,2,15,0.0605042539536953,0.05884363129734993,1.8687117099761963
12000,mla,456,3,0,0.08052012324333191,0.08009245246648788,1.4801195859909058
12000,mla,456,3,1,0.04070648178458214,0.040376368910074234,1.4801195859909058
12000,mla,456,3,2,0.06221303343772888,0.05004679784178734,1.4801195859909058
12000,mla,456,3,3,0.06462575495243073,0.07486582547426224,1.4801195859909058
12000,mla,456,3,4,0.06233968213200569,0.060660265386104584,1.4801195859909058
12000,mla,456,3,5,0.0665188580751419,0.06477325409650803,1.4801195859909058
12000,mla,456,3,6,0.04030720889568329,0.050694793462753296,1.4801195859909058
12000,mla,456,3,7,0.07428517937660217,0.07257138937711716,1.4801195859909058
12000,mla,456,3,8,0.06369435787200928,0.06996607780456543,1.4801195859909058
12000,mla,456,3,9,0.04677480086684227,0.043555643409490585,1.4801195859909058
12000,mla,456,3,10,0.062100015580654144,0.06766458600759506,1.4801195859909058
12000,mla,456,3,11,0.0704231783747673,0.06303288042545319,1.4801195859909058
12000,mla,456,3,12,0.08708811551332474,0.08237840980291367,1.4801195859909058
12000,mla,456,3,13,0.05274098739027977,0.05626486986875534,1.4801195859909058
12000,mla,456,3,14,0.054840900003910065,0.06139354780316353,1.4801195859909058
12000,mla,456,3,15,0.07082132995128632,0.061662882566452026,1.4801195859909058
12000,mla,456,4,0,0.05025380477309227,0.0494987852871418,1.260257363319397
12000,mla,456,4,1,0.05549011379480362,0.05433656647801399,1.260257363319397
12000,mla,456,4,2,0.052107442170381546,0.07470624893903732,1.260257363319397
12000,mla,456,4,3,0.07575540989637375,0.07304539531469345,1.260257363319397
12000,mla,456,4,4,0.0716475397348404,0.07321782410144806,1.260257363319397
12000,mla,456,4,5,0.0821240246295929,0.06765395402908325,1.260257363319397
12000,mla,456,4,6,0.050960998982191086,0.06424006074666977,1.260257363319397
12000,mla,456,4,7,0.08195159584283829,0.08653073012828827,1.260257363319397
12000,mla,456,4,8,0.05516316741704941,0.05253087729215622,1.260257363319397
12000,mla,456,4,9,0.04626251384615898,0.0501520112156868,1.260257363319397
12000,mla,456,4,10,0.03844543546438217,0.02883441559970379,1.260257363319397
12000,mla,456,4,11,0.11163736879825592,0.08371254801750183,1.260257363319397
12000,mla,456,4,12,0.03783203288912773,0.05222542956471443,1.260257363319397
12000,mla,456,4,13,0.06209727004170418,0.0631914734840393,1.260257363319397
12000,mla,456,4,14,0.039095763117074966,0.04801167547702789,1.260257363319397
12000,mla,456,4,15,0.0891755148768425,0.07811194658279419,1.260257363319397
12000,mla,456,5,0,0.04842183366417885,0.04611871391534805,1.4002991914749146
12000,mla,456,5,1,0.055150654166936874,0.08071687072515488,1.4002991914749146
12000,mla,456,5,2,0.07133381813764572,0.08403997123241425,1.4002991914749146
12000,mla,456,5,3,0.09415639191865921,0.0737883448600769,1.4002991914749146
12000,mla,456,5,4,0.04525797441601753,0.054777972400188446,1.4002991914749146
12000,mla,456,5,5,0.10704182833433151,0.0962810143828392,1.4002991914749146
12000,mla,456,5,6,0.06620371341705322,0.080113984644413,1.4002991914749146
12000,mla,456,5,7,0.04511556029319763,0.04969312623143196,1.4002991914749146
12000,mla,456,5,8,0.05054158344864845,0.0391920804977417,1.4002991914749146
12000,mla,456,5,9,0.0659981295466423,0.04986207187175751,1.4002991914749146
12000,mla,456,5,10,0.044482726603746414,0.04625939950346947,1.4002991914749146
12000,mla,456,5,11,0.09830251336097717,0.08501789718866348,1.4002991914749146
12000,mla,456,5,12,0.0513375848531723,0.0564761720597744,1.4002991914749146
12000,mla,456,5,13,0.060055848211050034,0.05323527380824089,1.4002991914749146
12000,mla,456,5,14,0.04085998609662056,0.05525108799338341,1.4002991914749146
12000,mla,456,5,15,0.05573984608054161,0.049175869673490524,1.4002991914749146
12500,mla,456,1,0,0.05920501798391342,0.062042441219091415,2.1542751789093018
12500,mla,456,1,1,0.06973826140165329,0.06436043977737427,2.1542751789093018
12500,mla,456,1,2,0.06180104613304138,0.06286279857158661,2.1542751789093018
12500,mla,456,1,3,0.06314198672771454,0.07109027355909348,2.1542751789093018
12500,mla,456,1,4,0.06157837063074112,0.05476086959242821,2.1542751789093018
12500,mla,456,1,5,0.06756550818681717,0.06271322071552277,2.1542751789093018
12500,mla,456,1,6,0.06831573694944382,0.07559327036142349,2.1542751789093018
12500,mla,456,1,7,0.052739664912223816,0.057065919041633606,2.1542751789093018
12500,mla,456,1,8,0.058418478816747665,0.0667419582605362,2.1542751789093018
12500,mla,456,1,9,0.06219319626688957,0.0532945953309536,2.1542751789093018
12500,mla,456,1,10,0.07481434941291809,0.0692107081413269,2.1542751789093018
12500,mla,456,1,11,0.05461985245347023,0.06556439399719238,2.1542751789093018
12500,mla,456,1,12,0.06816426664590836,0.06452679634094238,2.1542751789093018
12500,mla,456,1,13,0.05636494979262352,0.062216345220804214,2.1542751789093018
12500,mla,456,1,14,0.06865600496530533,0.05900179594755173,2.1542751789093018
12500,mla,456,1,15,0.052683308720588684,0.04895414039492607,2.1542751789093018
12500,mla,456,2,0,0.05039916932582855,0.05120484530925751,1.8630200624465942
12500,mla,456,2,1,0.05022725462913513,0.06142912432551384,1.8630200624465942
12500,mla,456,2,2,0.04207051545381546,0.05039072781801224,1.8630200624465942
12500,mla,456,2,3,0.07998392730951309,0.07754722237586975,1.8630200624465942
12500,mla,456,2,4,0.058501891791820526,0.055834922939538956,1.8630200624465942
12500,mla,456,2,5,0.07664225250482559,0.06604156643152237,1.8630200624465942
12500,mla,456,2,6,0.056204427033662796,0.06049395352602005,1.8630200624465942
12500,mla,456,2,7,0.06052754819393158,0.05555899441242218,1.8630200624465942
12500,mla,456,2,8,0.0491567999124527,0.06480722874403,1.8630200624465942
12500,mla,456,2,9,0.0710793063044548,0.06423657387495041,1.8630200624465942
12500,mla,456,2,10,0.05935251712799072,0.062515489757061,1.8630200624465942
12500,mla,456,2,11,0.0826556384563446,0.07467436790466309,1.8630200624465942
12500,mla,456,2,12,0.07988189905881882,0.07339349389076233,1.8630200624465942
12500,mla,456,2,13,0.06430399417877197,0.060043081641197205,1.8630200624465942
12500,mla,456,2,14,0.05811299756169319,0.06291330605745316,1.8630200624465942
12500,mla,456,2,15,0.06089986115694046,0.05891508609056473,1.8630200624465942
12500,mla,456,3,0,0.08146636933088303,0.08159128576517105,1.4830055236816406
12500,mla,456,3,1,0.043837178498506546,0.042762190103530884,1.4830055236816406
12500,mla,456,3,2,0.0662301629781723,0.05171957239508629,1.4830055236816406
12500,mla,456,3,3,0.0640677884221077,0.07517426460981369,1.4830055236816406
12500,mla,456,3,4,0.06495941430330276,0.0623600073158741,1.4830055236816406
12500,mla,456,3,5,0.06447743624448776,0.06343311071395874,1.4830055236816406
12500,mla,456,3,6,0.04080861434340477,0.05154008790850639,1.4830055236816406
12500,mla,456,3,7,0.07294230163097382,0.07109567523002625,1.4830055236816406
12500,mla,456,3,8,0.06453470885753632,0.07125414162874222,1.4830055236816406
12500,mla,456,3,9,0.04512746259570122,0.042648281902074814,1.4830055236816406
12500,mla,456,3,10,0.06368306279182434,0.06873984634876251,1.4830055236816406
12500,mla,456,3,11,0.06929941475391388,0.0622827522456646,1.4830055236816406
12500,mla,456,3,12,0.08563100546598434,0.08011344075202942,1.4830055236816406
12500,mla,456,3,13,0.05176961421966553,0.05543975904583931,1.4830055236816406
12500,mla,456,3,14,0.051949769258499146,0.05922987684607506,1.4830055236816406
12500,mla,456,3,15,0.06921570003032684,0.060615818947553635,1.4830055236816406
12500,mla,456,4,0,0.05188639461994171,0.04998411238193512,1.2630854845046997
12500,mla,456,4,1,0.054639484733343124,0.054469034075737,1.2630854845046997
12500,mla,456,4,2,0.05318491533398628,0.0760369822382927,1.2630854845046997
12500,mla,456,4,3,0.07471811771392822,0.07123958319425583,1.2630854845046997
12500,mla,456,4,4,0.07109344750642776,0.07288085669279099,1.2630854845046997
12500,mla,456,4,5,0.08146514743566513,0.06709626317024231,1.2630854845046997
12500,mla,456,4,6,0.050834450870752335,0.06358560919761658,1.2630854845046997
12500,mla,456,4,7,0.08206827938556671,0.0865306630730629,1.2630854845046997
12500,mla,456,4,8,0.05522440746426582,0.0525888055562973,1.2630854845046997
12500,mla,456,4,9,0.04391886293888092,0.04846750944852829,1.2630854845046997
12500,mla,456,4,10,0.03780059888958931,0.02934124320745468,1.2630854845046997
12500,mla,456,4,11,0.11223714053630829,0.0844997763633728,1.2630854845046997
12500,mla,456,4,12,0.037956949323415756,0.05200681462883949,1.2630854845046997
12500,mla,456,4,13,0.06408030539751053,0.0649816170334816,1.2630854845046997
12500,mla,456,4,14,0.03987772762775421,0.0484311506152153,1.2630854845046997
12500,mla,456,4,15,0.08901377022266388,0.07785984128713608,1.2630854845046997
12500,mla,456,5,0,0.05018707364797592,0.0473598837852478,1.3972545862197876
12500,mla,456,5,1,0.05623016506433487,0.082685187458992,1.3972545862197876
12500,mla,456,5,2,0.07020416110754013,0.08446118980646133,1.3972545862197876
12500,mla,456,5,3,0.09130564332008362,0.07033071666955948,1.3972545862197876
12500,mla,456,5,4,0.043944600969552994,0.052690695971250534,1.3972545862197876
12500,mla,456,5,5,0.1074485257267952,0.09762692451477051,1.3972545862197876
12500,mla,456,5,6,0.06631042808294296,0.07985013723373413,1.3972545862197876
12500,mla,456,5,7,0.045166827738285065,0.050442297011613846,1.3972545862197876
12500,mla,456,5,8,0.04743896424770355,0.037555839866399765,1.3972545862197876
12500,mla,456,5,9,0.0675608292222023,0.0516061969101429,1.3972545862197876
12500,mla,456,5,10,0.045389607548713684,0.046756561845541,1.3972545862197876
12500,mla,456,5,11,0.09742421656847,0.08339618891477585,1.3972545862197876
12500,mla,456,5,12,0.050512898713350296,0.05574735626578331,1.3972545862197876
12500,mla,456,5,13,0.065093994140625,0.05757686495780945,1.3972545862197876
12500,mla,456,5,14,0.04000183194875717,0.054830703884363174,1.3972545862197876
12500,mla,456,5,15,0.055780231952667236,0.04708319902420044,1.3972545862197876
13000,mla,456,1,0,0.058383483439683914,0.062036480754613876,2.1428442001342773
13000,mla,456,1,1,0.07130421698093414,0.06679996848106384,2.1428442001342773
13000,mla,456,1,2,0.06108154356479645,0.06234612688422203,2.1428442001342773
13000,mla,456,1,3,0.0616130568087101,0.0691809132695198,2.1428442001342773
13000,mla,456,1,4,0.06583017855882645,0.05593939498066902,2.1428442001342773
13000,mla,456,1,5,0.06337687373161316,0.059738896787166595,2.1428442001342773
13000,mla,456,1,6,0.06614359468221664,0.07417292892932892,2.1428442001342773
13000,mla,456,1,7,0.05641632154583931,0.06001416593790054,2.1428442001342773
13000,mla,456,1,8,0.05909820646047592,0.06703703105449677,2.1428442001342773
13000,mla,456,1,9,0.06630116701126099,0.05478793382644653,2.1428442001342773
13000,mla,456,1,10,0.06942006200551987,0.06766617298126221,2.1428442001342773
13000,mla,456,1,11,0.052855633199214935,0.0639529898762703,2.1428442001342773
13000,mla,456,1,12,0.06784210354089737,0.06514885276556015,2.1428442001342773
13000,mla,456,1,13,0.05963236466050148,0.06394356489181519,2.1428442001342773
13000,mla,456,1,14,0.06839986145496368,0.05869003385305405,2.1428442001342773
13000,mla,456,1,15,0.05230133235454559,0.04854468256235123,2.1428442001342773
13000,mla,456,2,0,0.0530344657599926,0.052836254239082336,1.8622599840164185
13000,mla,456,2,1,0.050931092351675034,0.06174209713935852,1.8622599840164185
13000,mla,456,2,2,0.044884540140628815,0.053761716932058334,1.8622599840164185
13000,mla,456,2,3,0.07974863797426224,0.07710771262645721,1.8622599840164185
13000,mla,456,2,4,0.05592183396220207,0.0548274926841259,1.8622599840164185
13000,mla,456,2,5,0.07081420719623566,0.06269586831331253,1.8622599840164185
13000,mla,456,2,6,0.059294842183589935,0.061759840697050095,1.8622599840164185
13000,mla,456,2,7,0.061185505241155624,0.05572164058685303,1.8622599840164185
13000,mla,456,2,8,0.047471821308135986,0.06311483681201935,1.8622599840164185
13000,mla,456,2,9,0.06618001312017441,0.06013592332601547,1.8622599840164185
13000,mla,456,2,10,0.0605335496366024,0.0633782222867012,1.8622599840164185
13000,mla,456,2,11,0.08048797398805618,0.07193682342767715,1.8622599840164185
13000,mla,456,2,12,0.07828877866268158,0.0721030905842781,1.8622599840164185
13000,mla,456,2,13,0.0640755221247673,0.060049913823604584,1.8622599840164185
13000,mla,456,2,14,0.0605824775993824,0.06604816764593124,1.8622599840164185
13000,mla,456,2,15,0.06656473875045776,0.06278035789728165,1.8622599840164185
13000,mla,456,3,0,0.08064493536949158,0.07966649532318115,1.4824992418289185
13000,mla,456,3,1,0.041384581476449966,0.040560368448495865,1.4824992418289185
13000,mla,456,3,2,0.06134023144841194,0.04904980957508087,1.4824992418289185
13000,mla,456,3,3,0.06512278318405151,0.07624216377735138,1.4824992418289185
13000,mla,456,3,4,0.06179626286029816,0.06039018556475639,1.4824992418289185
13000,mla,456,3,5,0.06625966727733612,0.06375467032194138,1.4824992418289185
13000,mla,456,3,6,0.040230002254247665,0.05269952863454819,1.4824992418289185
13000,mla,456,3,7,0.06931549310684204,0.06767422705888748,1.4824992418289185
13000,mla,456,3,8,0.06389129906892776,0.07090042531490326,1.4824992418289185
13000,mla,456,3,9,0.04433095455169678,0.04287385940551758,1.4824992418289185
13000,mla,456,3,10,0.06338012963533401,0.06892691552639008,1.4824992418289185
13000,mla,456,3,11,0.06996195763349533,0.06295029819011688,1.4824992418289185
13000,mla,456,3,12,0.08705189824104309,0.08167243748903275,1.4824992418289185
13000,mla,456,3,13,0.058394163846969604,0.05907696485519409,1.4824992418289185
13000,mla,456,3,14,0.05214731767773628,0.059342626482248306,1.4824992418289185
13000,mla,456,3,15,0.07474832981824875,0.06421888619661331,1.4824992418289185
13000,mla,456,4,0,0.04994313418865204,0.0492195300757885,1.2612847089767456
13000,mla,456,4,1,0.05419860780239105,0.053087398409843445,1.2612847089767456
13000,mla,456,4,2,0.0536428838968277,0.07664764672517776,1.2612847089767456
13000,mla,456,4,3,0.07392161339521408,0.07109581679105759,1.2612847089767456
13000,mla,456,4,4,0.07315623015165329,0.07593900710344315,1.2612847089767456
13000,mla,456,4,5,0.08172434568405151,0.06747288256883621,1.2612847089767456
13000,mla,456,4,6,0.05111734941601753,0.06346479058265686,1.2612847089767456
13000,mla,456,4,7,0.08302775025367737,0.08705700188875198,1.2612847089767456
13000,mla,456,4,8,0.054553426802158356,0.05237175151705742,1.2612847089767456
13000,mla,456,4,9,0.044386494904756546,0.04861051216721535,1.2612847089767456
13000,mla,456,4,10,0.03879496082663536,0.02900872565805912,1.2612847089767456
13000,mla,456,4,11,0.11178965121507645,0.08418335765600204,1.2612847089767456
13000,mla,456,4,12,0.03798288851976395,0.05249819532036781,1.2612847089767456
13000,mla,456,4,13,0.06273773312568665,0.0628681480884552,1.2612847089767456
13000,mla,456,4,14,0.0400422178208828,0.04856429994106293,1.2612847089767456
13000,mla,456,4,15,0.08898071199655533,0.07791105657815933,1.2612847089767456
13000,mla,456,5,0,0.049835000187158585,0.04709699749946594,1.3927042484283447
13000,mla,456,5,1,0.056245118379592896,0.08207546919584274,1.3927042484283447
13000,mla,456,5,2,0.07096262276172638,0.08421486616134644,1.3927042484283447
13000,mla,456,5,3,0.0908731073141098,0.0704817846417427,1.3927042484283447
13000,mla,456,5,4,0.04390919953584671,0.05246265232563019,1.3927042484283447
13000,mla,456,5,5,0.10690093785524368,0.09605712443590164,1.3927042484283447
13000,mla,456,5,6,0.06531728059053421,0.07937939465045929,1.3927042484283447
13000,mla,456,5,7,0.045776572078466415,0.05072808638215065,1.3927042484283447
13000,mla,456,5,8,0.04822123050689697,0.037785593420267105,1.3927042484283447
13000,mla,456,5,9,0.06780843436717987,0.052283238619565964,1.3927042484283447
13000,mla,456,5,10,0.046580810099840164,0.047680892050266266,1.3927042484283447
13000,mla,456,5,11,0.09681355953216553,0.08301099389791489,1.3927042484283447
13000,mla,456,5,12,0.05148162692785263,0.0569462887942791,1.3927042484283447
13000,mla,456,5,13,0.06297973543405533,0.05638568848371506,1.3927042484283447
13000,mla,456,5,14,0.04114715754985809,0.055380046367645264,1.3927042484283447
13000,mla,456,5,15,0.055147603154182434,0.04803093522787094,1.3927042484283447
13500,mla,456,1,0,0.06042378768324852,0.06296365708112717,2.1370506286621094
13500,mla,456,1,1,0.07060099393129349,0.06541239470243454,2.1370506286621094
13500,mla,456,1,2,0.0669301375746727,0.0648263543844223,2.1370506286621094
13500,mla,456,1,3,0.06320241093635559,0.07165820151567459,2.1370506286621094
13500,mla,456,1,4,0.0619436651468277,0.054432258009910583,2.1370506286621094
13500,mla,456,1,5,0.06642415374517441,0.061506714671850204,2.1370506286621094
13500,mla,456,1,6,0.06585561484098434,0.07237346470355988,2.1370506286621094
13500,mla,456,1,7,0.055321451276540756,0.058840785175561905,2.1370506286621094
13500,mla,456,1,8,0.05249308422207832,0.06427527219057083,2.1370506286621094
13500,mla,456,1,9,0.06873677670955658,0.05541584640741348,2.1370506286621094
13500,mla,456,1,10,0.07028991729021072,0.06811045855283737,2.1370506286621094
13500,mla,456,1,11,0.051808878779411316,0.06331411749124527,2.1370506286621094
13500,mla,456,1,12,0.06626424193382263,0.06428123265504837,2.1370506286621094
13500,mla,456,1,13,0.05701690539717674,0.0628967434167862,2.1370506286621094
13500,mla,456,1,14,0.06804311275482178,0.05902314558625221,2.1370506286621094
13500,mla,456,1,15,0.0546448789536953,0.05066933482885361,2.1370506286621094
13500,mla,456,2,0,0.04953064024448395,0.050535790622234344,1.8529003858566284
13500,mla,456,2,1,0.04944325610995293,0.06136450916528702,1.8529003858566284
13500,mla,456,2,2,0.043336182832717896,0.052370503544807434,1.8529003858566284
13500,mla,456,2,3,0.07860198616981506,0.07671387493610382,1.8529003858566284
13500,mla,456,2,4,0.05991455167531967,0.056337274610996246,1.8529003858566284
13500,mla,456,2,5,0.08019673824310303,0.06801381707191467,1.8529003858566284
13500,mla,456,2,6,0.05751902237534523,0.061874136328697205,1.8529003858566284
13500,mla,456,2,7,0.06220001354813576,0.055761802941560745,1.8529003858566284
13500,mla,456,2,8,0.04863281175494194,0.06485211104154587,1.8529003858566284
13500,mla,456,2,9,0.06843048334121704,0.061454303562641144,1.8529003858566284
13500,mla,456,2,10,0.0602988675236702,0.06315425038337708,1.8529003858566284
13500,mla,456,2,11,0.08188008517026901,0.0735521987080574,1.8529003858566284
13500,mla,456,2,12,0.07561096549034119,0.07068884372711182,1.8529003858566284
13500,mla,456,2,13,0.061203815042972565,0.05775971710681915,1.8529003858566284
13500,mla,456,2,14,0.06058034300804138,0.06516995280981064,1.8529003858566284
13500,mla,456,2,15,0.06262023746967316,0.06039683520793915,1.8529003858566284
13500,mla,456,3,0,0.0816725641489029,0.08196663856506348,1.478400707244873
13500,mla,456,3,1,0.04115254804491997,0.04017092287540436,1.478400707244873
13500,mla,456,3,2,0.06572408229112625,0.05135762318968773,1.478400707244873
13500,mla,456,3,3,0.06518981605768204,0.07675844430923462,1.478400707244873
13500,mla,456,3,4,0.0625387579202652,0.060882728546857834,1.478400707244873
13500,mla,456,3,5,0.06604461371898651,0.06434943526983261,1.478400707244873
13500,mla,456,3,6,0.039536233991384506,0.05126047879457474,1.478400707244873
13500,mla,456,3,7,0.07168975472450256,0.07019348442554474,1.478400707244873
13500,mla,456,3,8,0.0645829290151596,0.07142698019742966,1.478400707244873
13500,mla,456,3,9,0.047373656183481216,0.044757355004549026,1.478400707244873
13500,mla,456,3,10,0.0627104714512825,0.06756014376878738,1.478400707244873
13500,mla,456,3,11,0.06920145452022552,0.06220535933971405,1.478400707244873
13500,mla,456,3,12,0.08602488040924072,0.07994718849658966,1.478400707244873
13500,mla,456,3,13,0.05283243954181671,0.05563195422291756,1.478400707244873
13500,mla,456,3,14,0.0534597784280777,0.05971900373697281,1.478400707244873
13500,mla,456,3,15,0.0702660083770752,0.06181222200393677,1.478400707244873
13500,mla,456,4,0,0.05144347995519638,0.04969490319490433,1.2582651376724243
13500,mla,456,4,1,0.05407063663005829,0.05299115553498268,1.2582651376724243
13500,mla,456,4,2,0.052648112177848816,0.0751948282122612,1.2582651376724243
13500,mla,456,4,3,0.07421193271875381,0.07168086618185043,1.2582651376724243
13500,mla,456,4,4,0.07252583652734756,0.0755685344338417,1.2582651376724243
13500,mla,456,4,5,0.08241414278745651,0.06831438094377518,1.2582651376724243
13500,mla,456,4,6,0.05074045807123184,0.06314998865127563,1.2582651376724243
13500,mla,456,4,7,0.08155426383018494,0.084952712059021,1.2582651376724243
13500,mla,456,4,8,0.05457163602113724,0.05256593972444534,1.2582651376724243
13500,mla,456,4,9,0.04592651501297951,0.049640025943517685,1.2582651376724243
13500,mla,456,4,10,0.03718505799770355,0.028548384085297585,1.2582651376724243
13500,mla,456,4,11,0.11117258667945862,0.08381660282611847,1.2582651376724243
13500,mla,456,4,12,0.03761342540383339,0.05199882760643959,1.2582651376724243
13500,mla,456,4,13,0.0644703134894371,0.06588903814554214,1.2582651376724243
13500,mla,456,4,14,0.040717773139476776,0.04875810816884041,1.2582651376724243
13500,mla,456,4,15,0.08873382210731506,0.07723581045866013,1.2582651376724243
13500,mla,456,5,0,0.049395039677619934,0.04671533778309822,1.3886120319366455
13500,mla,456,5,1,0.05634908005595207,0.08223775774240494,1.3886120319366455
13500,mla,456,5,2,0.07094217836856842,0.0845571905374527,1.3886120319366455
13500,mla,456,5,3,0.09026174247264862,0.06940469890832901,1.3886120319366455
13500,mla,456,5,4,0.04416096955537796,0.053304944187402725,1.3886120319366455
13500,mla,456,5,5,0.10809244960546494,0.09798640012741089,1.3886120319366455
13500,mla,456,5,6,0.06544332206249237,0.07885907590389252,1.3886120319366455
13500,mla,456,5,7,0.04618021473288536,0.05175173282623291,1.3886120319366455
13500,mla,456,5,8,0.04897776246070862,0.038600094616413116,1.3886120319366455
13500,mla,456,5,9,0.06654754281044006,0.05045635625720024,1.3886120319366455
13500,mla,456,5,10,0.04522033780813217,0.04617590829730034,1.3886120319366455
13500,mla,456,5,11,0.09773173183202744,0.08399102091789246,1.3886120319366455
13500,mla,456,5,12,0.052700500935316086,0.05765605345368385,1.3886120319366455
13500,mla,456,5,13,0.06262928992509842,0.05557381361722946,1.3886120319366455
13500,mla,456,5,14,0.04066864028573036,0.055472470819950104,1.3886120319366455
13500,mla,456,5,15,0.05469919741153717,0.047257278114557266,1.3886120319366455
14000,mla,456,1,0,0.05740956589579582,0.061190441250801086,2.128432512283325
14000,mla,456,1,1,0.07124613225460052,0.06639178842306137,2.128432512283325
14000,mla,456,1,2,0.058261413127183914,0.060410015285015106,2.128432512283325
14000,mla,456,1,3,0.06311584264039993,0.07192905992269516,2.128432512283325
14000,mla,456,1,4,0.06198323518037796,0.054459165781736374,2.128432512283325
14000,mla,456,1,5,0.06342478096485138,0.060175176709890366,2.128432512283325
14000,mla,456,1,6,0.06725005805492401,0.07368071377277374,2.128432512283325
14000,mla,456,1,7,0.052272338420152664,0.05660760775208473,2.128432512283325
14000,mla,456,1,8,0.05935852229595184,0.06670482456684113,2.128432512283325
14000,mla,456,1,9,0.06773508340120316,0.055345065891742706,2.128432512283325
14000,mla,456,1,10,0.07346639037132263,0.06977429986000061,2.128432512283325
14000,mla,456,1,11,0.04973408952355385,0.0622510202229023,2.128432512283325
14000,mla,456,1,12,0.07141408324241638,0.06622575223445892,2.128432512283325
14000,mla,456,1,13,0.059560954570770264,0.0641707330942154,2.128432512283325
14000,mla,456,1,14,0.07132761925458908,0.06137779727578163,2.128432512283325
14000,mla,456,1,15,0.05243987962603569,0.04930655285716057,2.128432512283325
14000,mla,456,2,0,0.05316538363695145,0.05323542281985283,1.8506722450256348
14000,mla,456,2,1,0.04949025437235832,0.06114119291305542,1.8506722450256348
14000,mla,456,2,2,0.043318890035152435,0.05222155526280403,1.8506722450256348
14000,mla,456,2,3,0.08117411285638809,0.07921159267425537,1.8506722450256348
14000,mla,456,2,4,0.0622221864759922,0.057610586285591125,1.8506722450256348
14000,mla,456,2,5,0.07653839141130447,0.06590224802494049,1.8506722450256348
14000,mla,456,2,6,0.056756287813186646,0.060901373624801636,1.8506722450256348
14000,mla,456,2,7,0.05746063217520714,0.05383960157632828,1.8506722450256348
14000,mla,456,2,8,0.046654053032398224,0.06257741153240204,1.8506722450256348
14000,mla,456,2,9,0.06786926090717316,0.061267782002687454,1.8506722450256348
14000,mla,456,2,10,0.060301512479782104,0.06333483755588531,1.8506722450256348
14000,mla,456,2,11,0.08121663331985474,0.07300160080194473,1.8506722450256348
14000,mla,456,2,12,0.07911631464958191,0.07275079935789108,1.8506722450256348
14000,mla,456,2,13,0.0636252835392952,0.05996348708868027,1.8506722450256348
14000,mla,456,2,14,0.0576050840318203,0.06223215162754059,1.8506722450256348
14000,mla,456,2,15,0.06348571926355362,0.06080828234553337,1.8506722450256348
14000,mla,456,3,0,0.0804380252957344,0.07973069697618484,1.4795196056365967
14000,mla,456,3,1,0.0429178886115551,0.041551727801561356,1.4795196056365967
14000,mla,456,3,2,0.06361358612775803,0.0502999983727932,1.4795196056365967
14000,mla,456,3,3,0.06371012330055237,0.07504111528396606,1.4795196056365967
14000,mla,456,3,4,0.06162607669830322,0.060238469392061234,1.4795196056365967
14000,mla,456,3,5,0.06666025519371033,0.06512613594532013,1.4795196056365967
14000,mla,456,3,6,0.04036051407456398,0.05188393592834473,1.4795196056365967
14000,mla,456,3,7,0.07079701870679855,0.06899001449346542,1.4795196056365967
14000,mla,456,3,8,0.06376606971025467,0.07033839821815491,1.4795196056365967
14000,mla,456,3,9,0.046490274369716644,0.04423043504357338,1.4795196056365967
14000,mla,456,3,10,0.06354308873414993,0.06942740827798843,1.4795196056365967
14000,mla,456,3,11,0.07016723603010178,0.06329172104597092,1.4795196056365967
14000,mla,456,3,12,0.0872223898768425,0.08110766112804413,1.4795196056365967
14000,mla,456,3,13,0.052164409309625626,0.055982302874326706,1.4795196056365967
14000,mla,456,3,14,0.053393859416246414,0.05959468334913254,1.4795196056365967
14000,mla,456,3,15,0.07312916964292526,0.06316535174846649,1.4795196056365967
14000,mla,456,4,0,0.0520852655172348,0.0498700886964798,1.2583991289138794
14000,mla,456,4,1,0.05502064898610115,0.054552942514419556,1.2583991289138794
14000,mla,456,4,2,0.052495118230581284,0.07524388283491135,1.2583991289138794
14000,mla,456,4,3,0.07375528663396835,0.07036744803190231,1.2583991289138794
14000,mla,456,4,4,0.07150034606456757,0.07306145131587982,1.2583991289138794
14000,mla,456,4,5,0.0825437381863594,0.0680427998304367,1.2583991289138794
14000,mla,456,4,6,0.05111043155193329,0.06418897211551666,1.2583991289138794
14000,mla,456,4,7,0.08189158141613007,0.0864080861210823,1.2583991289138794
14000,mla,456,4,8,0.0536460354924202,0.05167676880955696,1.2583991289138794
14000,mla,456,4,9,0.04572611674666405,0.04956172779202461,1.2583991289138794
14000,mla,456,4,10,0.037356771528720856,0.029272496700286865,1.2583991289138794
14000,mla,456,4,11,0.1121661365032196,0.0848713144659996,1.2583991289138794
14000,mla,456,4,12,0.037109069526195526,0.051342207938432693,1.2583991289138794
14000,mla,456,4,13,0.06394388526678085,0.06462549418210983,1.2583991289138794
14000,mla,456,4,14,0.0409310907125473,0.04960116371512413,1.2583991289138794
14000,mla,456,4,15,0.0887184664607048,0.07731324434280396,1.2583991289138794
14000,mla,456,5,0,0.04933013767004013,0.04693203791975975,1.39076828956604
14000,mla,456,5,1,0.0562337227165699,0.08192546665668488,1.39076828956604
14000,mla,456,5,2,0.07029276341199875,0.08343938738107681,1.39076828956604
14000,mla,456,5,3,0.09065897762775421,0.0702766627073288,1.39076828956604
14000,mla,456,5,4,0.04436645656824112,0.05292865261435509,1.39076828956604
14000,mla,456,5,5,0.10713908076286316,0.09705424308776855,1.39076828956604
14000,mla,456,5,6,0.0663432851433754,0.07982349395751953,1.39076828956604
14000,mla,456,5,7,0.04579060897231102,0.05089300870895386,1.39076828956604
14000,mla,456,5,8,0.05106140300631523,0.039919957518577576,1.39076828956604
14000,mla,456,5,9,0.06612446904182434,0.0504789873957634,1.39076828956604
14000,mla,456,5,10,0.04572641849517822,0.04670289158821106,1.39076828956604
14000,mla,456,5,11,0.09645476937294006,0.08262061327695847,1.39076828956604
14000,mla,456,5,12,0.05342569947242737,0.05854273587465286,1.39076828956604
14000,mla,456,5,13,0.060724079608917236,0.05444119870662689,1.39076828956604
14000,mla,456,5,14,0.041289471089839935,0.055819734930992126,1.39076828956604
14000,mla,456,5,15,0.055038657039403915,0.048201046884059906,1.39076828956604
14500,mla,456,1,0,0.05984598770737648,0.06260020285844803,2.1289491653442383
14500,mla,456,1,1,0.07289744168519974,0.06737761944532394,2.1289491653442383
14500,mla,456,1,2,0.06254241615533829,0.06273391097784042,2.1289491653442383
14500,mla,456,1,3,0.06351827085018158,0.07192934304475784,2.1289491653442383
14500,mla,456,1,4,0.0645592212677002,0.05584201216697693,2.1289491653442383
14500,mla,456,1,5,0.059755656868219376,0.05811791121959686,2.1289491653442383
14500,mla,456,1,6,0.0672244280576706,0.07418617606163025,2.1289491653442383
14500,mla,456,1,7,0.0538565069437027,0.05674787610769272,2.1289491653442383
14500,mla,456,1,8,0.055142924189567566,0.06548818945884705,2.1289491653442383
14500,mla,456,1,9,0.06666778773069382,0.054290320724248886,2.1289491653442383
14500,mla,456,1,10,0.06791066378355026,0.0669165551662445,2.1289491653442383
14500,mla,456,1,11,0.05182841047644615,0.06323939561843872,2.1289491653442383
14500,mla,456,1,12,0.06912567466497421,0.06548111885786057,2.1289491653442383
14500,mla,456,1,13,0.0621662400662899,0.06533855944871902,2.1289491653442383
14500,mla,456,1,14,0.07056009769439697,0.06068382412195206,2.1289491653442383
14500,mla,456,1,15,0.05239827558398247,0.04902695119380951,2.1289491653442383
14500,mla,456,2,0,0.05302134156227112,0.052985284477472305,1.850461483001709
14500,mla,456,2,1,0.04977874830365181,0.06063593551516533,1.850461483001709
14500,mla,456,2,2,0.043868713080883026,0.05219484493136406,1.850461483001709
14500,mla,456,2,3,0.07885823398828506,0.07674715667963028,1.850461483001709
14500,mla,456,2,4,0.05838480591773987,0.05547201260924339,1.850461483001709
14500,mla,456,2,5,0.07556874305009842,0.06542689353227615,1.850461483001709
14500,mla,456,2,6,0.05478190258145332,0.059898924082517624,1.850461483001709
14500,mla,456,2,7,0.06132873520255089,0.055897630751132965,1.850461483001709
14500,mla,456,2,8,0.047939859330654144,0.06402865797281265,1.850461483001709
14500,mla,456,2,9,0.06901977211236954,0.06215119734406471,1.850461483001709
14500,mla,456,2,10,0.06350738555192947,0.0660451278090477,1.850461483001709
14500,mla,456,2,11,0.08214792609214783,0.07393156737089157,1.850461483001709
14500,mla,456,2,12,0.0793856829404831,0.07293189316987991,1.850461483001709
14500,mla,456,2,13,0.062387797981500626,0.05900082737207413,1.850461483001709
14500,mla,456,2,14,0.058502502739429474,0.06289371103048325,1.850461483001709
14500,mla,456,2,15,0.06151784211397171,0.059758301824331284,1.850461483001709
14500,mla,456,3,0,0.0811392217874527,0.08124133944511414,1.470186710357666
14500,mla,456,3,1,0.03926696628332138,0.0390581339597702,1.470186710357666
14500,mla,456,3,2,0.06530141085386276,0.05116859823465347,1.470186710357666
14500,mla,456,3,3,0.06622212380170822,0.07726345956325531,1.470186710357666
14500,mla,456,3,4,0.06349436193704605,0.061413269490003586,1.470186710357666
14500,mla,456,3,5,0.06784047186374664,0.0664430633187294,1.470186710357666
14500,mla,456,3,6,0.039721373468637466,0.05063021555542946,1.470186710357666
14500,mla,456,3,7,0.0703817754983902,0.06897232681512833,1.470186710357666
14500,mla,456,3,8,0.06484568119049072,0.07082873582839966,1.470186710357666
14500,mla,456,3,9,0.03995870053768158,0.040337588638067245,1.470186710357666
14500,mla,456,3,10,0.0633639544248581,0.06911645829677582,1.470186710357666
14500,mla,456,3,11,0.0689791887998581,0.062186628580093384,1.470186710357666
14500,mla,456,3,12,0.08561655879020691,0.07945986092090607,1.470186710357666
14500,mla,456,3,13,0.05331125855445862,0.05600982531905174,1.470186710357666
14500,mla,456,3,14,0.0553213506937027,0.06129250302910805,1.470186710357666
14500,mla,456,3,15,0.07523559778928757,0.06457806378602982,1.470186710357666
14500,mla,456,4,0,0.0504780076444149,0.04788489267230034,1.256583333015442
14500,mla,456,4,1,0.05439453199505806,0.05376417189836502,1.256583333015442
14500,mla,456,4,2,0.053078919649124146,0.07594024389982224,1.256583333015442
14500,mla,456,4,3,0.07604848593473434,0.0729488879442215,1.256583333015442
14500,mla,456,4,4,0.0722719356417656,0.0749305859208107,1.256583333015442
14500,mla,456,4,5,0.08108662813901901,0.06690163165330887,1.256583333015442
14500,mla,456,4,6,0.05083668977022171,0.06304969638586044,1.256583333015442
14500,mla,456,4,7,0.08312723785638809,0.08722925186157227,1.256583333015442
14500,mla,456,4,8,0.05532185733318329,0.0534118190407753,1.256583333015442
14500,mla,456,4,9,0.045527853071689606,0.049656204879283905,1.256583333015442
14500,mla,456,4,10,0.036208394914865494,0.02778431959450245,1.256583333015442
14500,mla,456,4,11,0.11109843105077744,0.08329255133867264,1.256583333015442
14500,mla,456,4,12,0.0376160703599453,0.05213920772075653,1.256583333015442
14500,mla,456,4,13,0.06309977173805237,0.06356898695230484,1.256583333015442
14500,mla,456,4,14,0.04102528840303421,0.049530625343322754,1.256583333015442
14500,mla,456,4,15,0.08877990394830704,0.07796692103147507,1.256583333015442
14500,mla,456,5,0,0.04961100220680237,0.046104926615953445,1.387042760848999
14500,mla,456,5,1,0.05525563657283783,0.08047088980674744,1.387042760848999
14500,mla,456,5,2,0.07039296627044678,0.0838397666811943,1.387042760848999
14500,mla,456,5,3,0.09271199256181717,0.07212107628583908,1.387042760848999
14500,mla,456,5,4,0.044959310442209244,0.053460266441106796,1.387042760848999
14500,mla,456,5,5,0.10746297240257263,0.09847304970026016,1.387042760848999
14500,mla,456,5,6,0.0656483992934227,0.0787801519036293,1.387042760848999
14500,mla,456,5,7,0.046372272074222565,0.05123988911509514,1.387042760848999
14500,mla,456,5,8,0.04775400832295418,0.03811633586883545,1.387042760848999
14500,mla,456,5,9,0.06671743094921112,0.05082206055521965,1.387042760848999
14500,mla,456,5,10,0.046229757368564606,0.047827474772930145,1.387042760848999
14500,mla,456,5,11,0.0964399203658104,0.08260693401098251,1.387042760848999
14500,mla,456,5,12,0.05150420963764191,0.05646536499261856,1.387042760848999
14500,mla,456,5,13,0.06154622510075569,0.05507403239607811,1.387042760848999
14500,mla,456,5,14,0.0422496534883976,0.056351438164711,1.387042760848999
14500,mla,456,5,15,0.05514424666762352,0.04824649170041084,1.387042760848999
15000,mla,456,1,0,0.057563986629247665,0.06173267960548401,2.120386838912964
15000,mla,456,1,1,0.07342834770679474,0.06722559779882431,2.120386838912964
15000,mla,456,1,2,0.061096902936697006,0.061895228922367096,2.120386838912964
15000,mla,456,1,3,0.06209004670381546,0.07050389051437378,2.120386838912964
15000,mla,456,1,4,0.061767883598804474,0.0546678751707077,2.120386838912964
15000,mla,456,1,5,0.06418325006961823,0.060939185321331024,2.120386838912964
15000,mla,456,1,6,0.06662831455469131,0.07322444021701813,2.120386838912964
15000,mla,456,1,7,0.05178466811776161,0.056379254907369614,2.120386838912964
15000,mla,456,1,8,0.05807118862867355,0.0663173645734787,2.120386838912964
15000,mla,456,1,9,0.07428110390901566,0.05751597136259079,2.120386838912964
15000,mla,456,1,10,0.06924702972173691,0.06855625659227371,2.120386838912964
15000,mla,456,1,11,0.05312154069542885,0.06380245834589005,2.120386838912964
15000,mla,456,1,12,0.06576375663280487,0.06407641619443893,2.120386838912964
15000,mla,456,1,13,0.05798451602458954,0.06314581632614136,2.120386838912964
15000,mla,456,1,14,0.0704307034611702,0.060728028416633606,2.120386838912964
15000,mla,456,1,15,0.05255676433444023,0.04928965121507645,2.120386838912964
15000,mla,456,2,0,0.05092325806617737,0.05168415978550911,1.8520761728286743
15000,mla,456,2,1,0.04956166446208954,0.06134851276874542,1.8520761728286743
15000,mla,456,2,2,0.043410949409008026,0.05232853442430496,1.8520761728286743
15000,mla,456,2,3,0.07832977175712585,0.07586299628019333,1.8520761728286743
15000,mla,456,2,4,0.06110473722219467,0.05703091248869896,1.8520761728286743
15000,mla,456,2,5,0.07486582547426224,0.06506817787885666,1.8520761728286743
15000,mla,456,2,6,0.05988810211420059,0.06258582323789597,1.8520761728286743
15000,mla,456,2,7,0.0605296827852726,0.05614643171429634,1.8520761728286743
15000,mla,456,2,8,0.04629404842853546,0.062304288148880005,1.8520761728286743
15000,mla,456,2,9,0.06679290533065796,0.0606154203414917,1.8520761728286743
15000,mla,456,2,10,0.06032002717256546,0.06366197019815445,1.8520761728286743
15000,mla,456,2,11,0.08348815888166428,0.07487620413303375,1.8520761728286743
15000,mla,456,2,12,0.07968119531869888,0.07310258597135544,1.8520761728286743
15000,mla,456,2,13,0.06212707608938217,0.058675821870565414,1.8520761728286743
15000,mla,456,2,14,0.06048034504055977,0.06453987956047058,1.8520761728286743
15000,mla,456,2,15,0.062202248722314835,0.06016825512051582,1.8520761728286743
15000,mla,456,3,0,0.0802885964512825,0.07983839511871338,1.4811867475509644
15000,mla,456,3,1,0.04226328432559967,0.041449643671512604,1.4811867475509644
15000,mla,456,3,2,0.06337077170610428,0.05001378431916237,1.4811867475509644
15000,mla,456,3,3,0.06521718204021454,0.0762573629617691,1.4811867475509644
15000,mla,456,3,4,0.06352976709604263,0.06247691437602043,1.4811867475509644
15000,mla,456,3,5,0.06612498313188553,0.06385184079408646,1.4811867475509644
15000,mla,456,3,6,0.0397452786564827,0.0514269582927227,1.4811867475509644
15000,mla,456,3,7,0.07070577144622803,0.06885591149330139,1.4811867475509644
15000,mla,456,3,8,0.06412241607904434,0.07013586163520813,1.4811867475509644
15000,mla,456,3,9,0.04555694758892059,0.04373432323336601,1.4811867475509644
15000,mla,456,3,10,0.06353230774402618,0.06939410418272018,1.4811867475509644
15000,mla,456,3,11,0.06884907931089401,0.06210705265402794,1.4811867475509644
15000,mla,456,3,12,0.08607788383960724,0.0799938291311264,1.4811867475509644
15000,mla,456,3,13,0.054967448115348816,0.057734355330467224,1.4811867475509644
15000,mla,456,3,14,0.05356353893876076,0.05968779698014259,1.4811867475509644
15000,mla,456,3,15,0.07208475470542908,0.0630418211221695,1.4811867475509644
15000,mla,456,4,0,0.051598407328128815,0.049589239060878754,1.2592742443084717
15000,mla,456,4,1,0.054659321904182434,0.05417389050126076,1.2592742443084717
15000,mla,456,4,2,0.05233266204595566,0.07522224634885788,1.2592742443084717
15000,mla,456,4,3,0.07544606178998947,0.07251919060945511,1.2592742443084717
15000,mla,456,4,4,0.07137838006019592,0.07340835779905319,1.2592742443084717
15000,mla,456,4,5,0.08201039582490921,0.06830547004938126,1.2592742443084717
15000,mla,456,4,6,0.05032928287982941,0.06260339915752411,1.2592742443084717
15000,mla,456,4,7,0.08202993124723434,0.08585921674966812,1.2592742443084717
15000,mla,456,4,8,0.054193828254938126,0.05244927108287811,1.2592742443084717
15000,mla,456,4,9,0.04534708708524704,0.04925813153386116,1.2592742443084717
15000,mla,456,4,10,0.03807983547449112,0.02900778129696846,1.2592742443084717
15000,mla,456,4,11,0.11215301603078842,0.08494490385055542,1.2592742443084717
15000,mla,456,4,12,0.037924908101558685,0.05274680629372597,1.2592742443084717
15000,mla,456,4,13,0.06351470947265625,0.06371155381202698,1.2592742443084717
15000,mla,456,4,14,0.04029398784041405,0.04908912256360054,1.2592742443084717
15000,mla,456,4,15,0.08870819211006165,0.07711151242256165,1.2592742443084717
15000,mla,456,5,0,0.05058430880308151,0.04731348901987076,1.3919250965118408
15000,mla,456,5,1,0.05587951838970184,0.08170288801193237,1.3919250965118408
15000,mla,456,5,2,0.06963623315095901,0.0823872983455658,1.3919250965118408
15000,mla,456,5,3,0.09217936545610428,0.07220003753900528,1.3919250965118408
15000,mla,456,5,4,0.04454844072461128,0.052807338535785675,1.3919250965118408
15000,mla,456,5,5,0.10568074882030487,0.09530968964099884,1.3919250965118408
15000,mla,456,5,6,0.06529144197702408,0.07865959405899048,1.3919250965118408
15000,mla,456,5,7,0.04613403230905533,0.05191407725214958,1.3919250965118408
15000,mla,456,5,8,0.05068298429250717,0.040124401450157166,1.3919250965118408
15000,mla,456,5,9,0.06604176759719849,0.04994932934641838,1.3919250965118408
15000,mla,456,5,10,0.046392109245061874,0.0474654845893383,1.3919250965118408
15000,mla,456,5,11,0.09631083160638809,0.08322852849960327,1.3919250965118408
15000,mla,456,5,12,0.0529988594353199,0.058131810277700424,1.3919250965118408
15000,mla,456,5,13,0.06191395968198776,0.05559340864419937,1.3919250965118408
15000,mla,456,5,14,0.04054636508226395,0.05564986541867256,1.3919250965118408
15000,mla,456,5,15,0.055179037153720856,0.04756271839141846,1.3919250965118408
