iter,attn_mode,seed,layer,expert,selected_fraction,mean_probability,router_entropy
0,mla_norope,123,1,0,0.026085611432790756,0.04783405363559723,2.6239242553710938
0,mla_norope,123,1,1,0.12504811584949493,0.08172085136175156,2.6239242553710938
0,mla_norope,123,1,2,0.0649973526597023,0.05961811542510986,2.6239242553710938
0,mla_norope,123,1,3,0.08829793334007263,0.06879466027021408,2.6239242553710938
0,mla_norope,123,1,4,0.029663391411304474,0.0483546257019043,2.6239242553710938
0,mla_norope,123,1,5,0.0758005753159523,0.0737873762845993,2.6239242553710938
0,mla_norope,123,1,6,0.12025929987430573,0.0816701352596283,2.6239242553710938
0,mla_norope,123,1,7,0.0838451161980629,0.06902089715003967,2.6239242553710938
0,mla_norope,123,1,8,0.09213785827159882,0.07591637969017029,2.6239242553710938
0,mla_norope,123,1,9,0.02934824675321579,0.051987629383802414,2.6239242553710938
0,mla_norope,123,1,10,0.04188649356365204,0.05618614703416824,2.6239242553710938
0,mla_norope,123,1,11,0.05228281766176224,0.06285752356052399,2.6239242553710938
0,mla_norope,123,1,12,0.03009897843003273,0.05168570950627327,2.6239242553710938
0,mla_norope,123,1,13,0.06469035148620605,0.0676722303032875,2.6239242553710938
0,mla_norope,123,1,14,0.06579121947288513,0.06421694159507751,2.6239242553710938
0,mla_norope,123,1,15,0.00976664200425148,0.038676667958498,2.6239242553710938
0,mla_norope,123,2,0,0.0043176268227398396,0.03466447442770004,2.622546434402466
0,mla_norope,123,2,1,0.10100636631250381,0.0726369097828865,2.622546434402466
0,mla_norope,123,2,2,0.01976979523897171,0.05027035251259804,2.622546434402466
0,mla_norope,123,2,3,0.056283365935087204,0.058647993952035904,2.622546434402466
0,mla_norope,123,2,4,0.13288137316703796,0.08205194771289825,2.622546434402466
0,mla_norope,123,2,5,0.07831451296806335,0.06865759938955307,2.622546434402466
0,mla_norope,123,2,6,0.05009358748793602,0.06616716831922531,2.622546434402466
0,mla_norope,123,2,7,0.03006601892411709,0.0532219298183918,2.622546434402466
0,mla_norope,123,2,8,0.11848053336143494,0.08138298988342285,2.622546434402466
0,mla_norope,123,2,9,0.02101704850792885,0.04776874929666519,2.622546434402466
0,mla_norope,123,2,10,0.02398112043738365,0.05208774656057358,2.622546434402466
0,mla_norope,123,2,11,0.03128336742520332,0.053225550800561905,2.622546434402466
0,mla_norope,123,2,12,0.09430104494094849,0.07261555641889572,2.622546434402466
0,mla_norope,123,2,13,0.10938730835914612,0.07931673526763916,2.622546434402466
0,mla_norope,123,2,14,0.06378774344921112,0.06657826900482178,2.622546434402466
0,mla_norope,123,2,15,0.06502919644117355,0.06070609390735626,2.622546434402466
0,mla_norope,123,3,0,0.041868794709444046,0.0586589053273201,2.6298038959503174
0,mla_norope,123,3,1,0.10270030051469803,0.0755206048488617,2.6298038959503174
0,mla_norope,123,3,2,0.016142679378390312,0.04887755215167999,2.6298038959503174
0,mla_norope,123,3,3,0.06113851070404053,0.061921000480651855,2.6298038959503174
0,mla_norope,123,3,4,0.16066263616085052,0.08947570621967316,2.6298038959503174
0,mla_norope,123,3,5,0.05240132659673691,0.056546829640865326,2.6298038959503174
0,mla_norope,123,3,6,0.0666339099407196,0.06777479499578476,2.6298038959503174
0,mla_norope,123,3,7,0.02641865983605385,0.053498510271310806,2.6298038959503174
0,mla_norope,123,3,8,0.07431986182928085,0.06027069687843323,2.6298038959503174
0,mla_norope,123,3,9,0.09713643044233322,0.07383560389280319,2.6298038959503174
0,mla_norope,123,3,10,0.0372232049703598,0.0561927929520607,2.6298038959503174
0,mla_norope,123,3,11,0.09748413413763046,0.07417654991149902,2.6298038959503174
0,mla_norope,123,3,12,0.02744394913315773,0.05098935589194298,2.6298038959503174
0,mla_norope,123,3,13,0.06844950467348099,0.06111074611544609,2.6298038959503174
0,mla_norope,123,3,14,0.020762430503964424,0.05004230514168739,2.6298038959503174
0,mla_norope,123,3,15,0.04921366274356842,0.06110800430178642,2.6298038959503174
0,mla_norope,123,4,0,0.027485249564051628,0.04680604115128517,2.6238670349121094
0,mla_norope,123,4,1,0.007506103720515966,0.04210088402032852,2.6238670349121094
0,mla_norope,123,4,2,0.13731536269187927,0.08529357612133026,2.6238670349121094
0,mla_norope,123,4,3,0.07505859434604645,0.06926034390926361,2.6238670349121094
0,mla_norope,123,4,4,0.052408039569854736,0.06187312304973602,2.6238670349121094
0,mla_norope,123,4,5,0.08648203313350677,0.07329306751489639,2.6238670349121094
0,mla_norope,123,4,6,0.03973988816142082,0.055775199085474014,2.6238670349121094
0,mla_norope,123,4,7,0.07551869750022888,0.065090112388134,2.6238670349121094
0,mla_norope,123,4,8,0.03165140748023987,0.05488941818475723,2.6238670349121094
0,mla_norope,123,4,9,0.09211181849241257,0.07440095394849777,2.6238670349121094
0,mla_norope,123,4,10,0.008202209137380123,0.03974434360861778,2.6238670349121094
0,mla_norope,123,4,11,0.09812550991773605,0.0742376297712326,2.6238670349121094
0,mla_norope,123,4,12,0.06623595952987671,0.06745575368404388,2.6238670349121094
0,mla_norope,123,4,13,0.012822061777114868,0.044104695320129395,2.6238670349121094
0,mla_norope,123,4,14,0.03884287551045418,0.05981099605560303,2.6238670349121094
0,mla_norope,123,4,15,0.15049418807029724,0.0858638808131218,2.6238670349121094
0,mla_norope,123,5,0,0.07770975679159164,0.06699423491954803,2.6045913696289062
0,mla_norope,123,5,1,0.01695922762155533,0.047722820192575455,2.6045913696289062
0,mla_norope,123,5,2,0.04882466793060303,0.0643349289894104,2.6045913696289062
0,mla_norope,123,5,3,0.0968952402472496,0.07824266701936722,2.6045913696289062
0,mla_norope,123,5,4,0.028176167979836464,0.05156071111559868,2.6045913696289062
0,mla_norope,123,5,5,0.009680277667939663,0.034927695989608765,2.6045913696289062
0,mla_norope,123,5,6,0.1815606653690338,0.097404845058918,2.6045913696289062
0,mla_norope,123,5,7,0.06573018431663513,0.06245867908000946,2.6045913696289062
0,mla_norope,123,5,8,0.04125325381755829,0.05825260281562805,2.6045913696289062
0,mla_norope,123,5,9,0.09023284912109375,0.07515628635883331,2.6045913696289062
0,mla_norope,123,5,10,0.008299357257783413,0.03838850185275078,2.6045913696289062
0,mla_norope,123,5,11,0.06506693363189697,0.06751742959022522,2.6045913696289062
0,mla_norope,123,5,12,0.10947489738464355,0.07509303092956543,2.6045913696289062
0,mla_norope,123,5,13,0.015531514771282673,0.04236118495464325,2.6045913696289062
0,mla_norope,123,5,14,0.10116922855377197,0.07913856953382492,2.6045913696289062
0,mla_norope,123,5,15,0.04343577101826668,0.06044584885239601,2.6045913696289062
500,mla_norope,123,1,0,0.0726299062371254,0.06520673632621765,2.2614738941192627
500,mla_norope,123,1,1,0.056656595319509506,0.05510096997022629,2.2614738941192627
500,mla_norope,123,1,2,0.06686431914567947,0.05621592700481415,2.2614738941192627
500,mla_norope,123,1,3,0.05682627484202385,0.062021274119615555,2.2614738941192627
500,mla_norope,123,1,4,0.044013164937496185,0.055500227957963943,2.2614738941192627
500,mla_norope,123,1,5,0.06307708472013474,0.06550326943397522,2.2614738941192627
500,mla_norope,123,1,6,0.052155762910842896,0.05893249437212944,2.2614738941192627
500,mla_norope,123,1,7,0.056702371686697006,0.06252102553844452,2.2614738941192627
500,mla_norope,123,1,8,0.07040781527757645,0.06051519513130188,2.2614738941192627
500,mla_norope,123,1,9,0.04709075763821602,0.04918039217591286,2.2614738941192627
500,mla_norope,123,1,10,0.07527923583984375,0.07583680003881454,2.2614738941192627
500,mla_norope,123,1,11,0.07557912170886993,0.0733502134680748,2.2614738941192627
500,mla_norope,123,1,12,0.07837626338005066,0.07321467995643616,2.2614738941192627
500,mla_norope,123,1,13,0.07158203423023224,0.06987450271844864,2.2614738941192627
500,mla_norope,123,1,14,0.05878712981939316,0.059224311262369156,2.2614738941192627
500,mla_norope,123,1,15,0.05397216975688934,0.057801973074674606,2.2614738941192627
500,mla_norope,123,2,0,0.0808316022157669,0.06832116097211838,2.125666618347168
500,mla_norope,123,2,1,0.050279032438993454,0.058101773262023926,2.125666618347168
500,mla_norope,123,2,2,0.05319397151470184,0.04798322170972824,2.125666618347168
500,mla_norope,123,2,3,0.06385762244462967,0.0635705441236496,2.125666618347168
500,mla_norope,123,2,4,0.07284952700138092,0.0680326297879219,2.125666618347168
500,mla_norope,123,2,5,0.06601450592279434,0.06625156849622726,2.125666618347168
500,mla_norope,123,2,6,0.05043233186006546,0.05131577327847481,2.125666618347168
500,mla_norope,123,2,7,0.05424296110868454,0.06061401963233948,2.125666618347168
500,mla_norope,123,2,8,0.0592079684138298,0.0651397854089737,2.125666618347168
500,mla_norope,123,2,9,0.07632721215486526,0.0718350037932396,2.125666618347168
500,mla_norope,123,2,10,0.04559468477964401,0.0584096722304821,2.125666618347168
500,mla_norope,123,2,11,0.03482238948345184,0.045709576457738876,2.125666618347168
500,mla_norope,123,2,12,0.08177053183317184,0.07307732850313187,2.125666618347168
500,mla_norope,123,2,13,0.0657101422548294,0.06773411482572556,2.125666618347168
500,mla_norope,123,2,14,0.07043243199586868,0.06400478631258011,2.125666618347168
500,mla_norope,123,2,15,0.0744330883026123,0.06989893317222595,2.125666618347168
500,mla_norope,123,3,0,0.04889292269945145,0.05470782145857811,2.2148962020874023
500,mla_norope,123,3,1,0.07279571890830994,0.0654740035533905,2.2148962020874023
500,mla_norope,123,3,2,0.030364379286766052,0.04777085408568382,2.2148962020874023
500,mla_norope,123,3,3,0.04868214949965477,0.05915364623069763,2.2148962020874023
500,mla_norope,123,3,4,0.08717498928308487,0.07067210227251053,2.2148962020874023
500,mla_norope,123,3,5,0.03877421095967293,0.0538766086101532,2.2148962020874023
500,mla_norope,123,3,6,0.05209808424115181,0.05818985775113106,2.2148962020874023
500,mla_norope,123,3,7,0.09272420406341553,0.07526741176843643,2.2148962020874023
500,mla_norope,123,3,8,0.06630818545818329,0.05636021867394447,2.2148962020874023
500,mla_norope,123,3,9,0.06311462074518204,0.06418707221746445,2.2148962020874023
500,mla_norope,123,3,10,0.09185831993818283,0.08247669041156769,2.2148962020874023
500,mla_norope,123,3,11,0.03972981870174408,0.04833385720849037,2.2148962020874023
500,mla_norope,123,3,12,0.0973893254995346,0.09703700244426727,2.2148962020874023
500,mla_norope,123,3,13,0.07059814780950546,0.05353280529379845,2.2148962020874023
500,mla_norope,123,3,14,0.050550129264593124,0.05766525864601135,2.2148962020874023
500,mla_norope,123,3,15,0.048944804817438126,0.05529480054974556,2.2148962020874023
500,mla_norope,123,4,0,0.07566345483064651,0.07066254317760468,2.3410027027130127
500,mla_norope,123,4,1,0.05353139340877533,0.054284196346998215,2.3410027027130127
500,mla_norope,123,4,2,0.06785878539085388,0.058681290596723557,2.3410027027130127
500,mla_norope,123,4,3,0.0658627301454544,0.07097330689430237,2.3410027027130127
500,mla_norope,123,4,4,0.04939432814717293,0.057938702404499054,2.3410027027130127
500,mla_norope,123,4,5,0.046052347868680954,0.05779397860169411,2.3410027027130127
500,mla_norope,123,4,6,0.06400736421346664,0.061172474175691605,2.3410027027130127
500,mla_norope,123,4,7,0.06121053174138069,0.06225050613284111,2.3410027027130127
500,mla_norope,123,4,8,0.08007242530584335,0.0712035596370697,2.3410027027130127
500,mla_norope,123,4,9,0.05130147188901901,0.06089448183774948,2.3410027027130127
500,mla_norope,123,4,10,0.08967386931180954,0.07933869957923889,2.3410027027130127
500,mla_norope,123,4,11,0.06572214514017105,0.06579454243183136,2.3410027027130127
500,mla_norope,123,4,12,0.05208689346909523,0.0535430982708931,2.3410027027130127
500,mla_norope,123,4,13,0.06565572321414948,0.061252620071172714,2.3410027027130127
500,mla_norope,123,4,14,0.045369263738393784,0.056343212723731995,2.3410027027130127
500,mla_norope,123,4,15,0.0665372684597969,0.05787298083305359,2.3410027027130127
500,mla_norope,123,5,0,0.10175292938947678,0.07767804712057114,2.3150362968444824
500,mla_norope,123,5,1,0.06244954466819763,0.058369267731904984,2.3150362968444824
500,mla_norope,123,5,2,0.07019022852182388,0.05818449705839157,2.3150362968444824
500,mla_norope,123,5,3,0.060290832072496414,0.04999160394072533,2.3150362968444824
500,mla_norope,123,5,4,0.06981374323368073,0.06430216878652573,2.3150362968444824
500,mla_norope,123,5,5,0.04746032878756523,0.05809469893574715,2.3150362968444824
500,mla_norope,123,5,6,0.08692881464958191,0.06430349498987198,2.3150362968444824
500,mla_norope,123,5,7,0.0501028448343277,0.060096144676208496,2.3150362968444824
500,mla_norope,123,5,8,0.05878560245037079,0.07672660052776337,2.3150362968444824
500,mla_norope,123,5,9,0.03901733458042145,0.06196193769574165,2.3150362968444824
500,mla_norope,123,5,10,0.07276611030101776,0.06970667839050293,2.3150362968444824
500,mla_norope,123,5,11,0.04974304139614105,0.05457881838083267,2.3150362968444824
500,mla_norope,123,5,12,0.06564991921186447,0.06853773444890976,2.3150362968444824
500,mla_norope,123,5,13,0.04721822217106819,0.05813116207718849,2.3150362968444824
500,mla_norope,123,5,14,0.07436563819646835,0.06591655313968658,2.3150362968444824
500,mla_norope,123,5,15,0.043464865535497665,0.05342043563723564,2.3150362968444824
1000,mla_norope,123,1,0,0.059148456901311874,0.05996069684624672,2.273261070251465
1000,mla_norope,123,1,1,0.07632222771644592,0.06256941705942154,2.273261070251465
1000,mla_norope,123,1,2,0.08618530631065369,0.06408443301916122,2.273261070251465
1000,mla_norope,123,1,3,0.051368508487939835,0.06123235821723938,2.273261070251465
1000,mla_norope,123,1,4,0.05454447492957115,0.05764617398381233,2.273261070251465
1000,mla_norope,123,1,5,0.04490458220243454,0.05522789806127548,2.273261070251465
1000,mla_norope,123,1,6,0.060608115047216415,0.05646373704075813,2.273261070251465
1000,mla_norope,123,1,7,0.05647023394703865,0.06364957988262177,2.273261070251465
1000,mla_norope,123,1,8,0.06594502925872803,0.0672486275434494,2.273261070251465
1000,mla_norope,123,1,9,0.053867898881435394,0.05565536022186279,2.273261070251465
1000,mla_norope,123,1,10,0.07480957359075546,0.06741201877593994,2.273261070251465
1000,mla_norope,123,1,11,0.07601674646139145,0.07360394299030304,2.273261070251465
1000,mla_norope,123,1,12,0.07143096625804901,0.07140471041202545,2.273261070251465
1000,mla_norope,123,1,13,0.059813741594552994,0.06360400468111038,2.273261070251465
1000,mla_norope,123,1,14,0.033532410860061646,0.05574692413210869,2.273261070251465
1000,mla_norope,123,1,15,0.07503173500299454,0.0644901841878891,2.273261070251465
1000,mla_norope,123,2,0,0.06596110016107559,0.057400453835725784,1.9642244577407837
1000,mla_norope,123,2,1,0.05559997633099556,0.05909595638513565,1.9642244577407837
1000,mla_norope,123,2,2,0.05429534986615181,0.04882354289293289,1.9642244577407837
1000,mla_norope,123,2,3,0.05646758899092674,0.052702125161886215,1.9642244577407837
1000,mla_norope,123,2,4,0.05485494062304497,0.059117935597896576,1.9642244577407837
1000,mla_norope,123,2,5,0.05400329455733299,0.05693184584379196,1.9642244577407837
1000,mla_norope,123,2,6,0.06921661645174026,0.06405292451381683,1.9642244577407837
1000,mla_norope,123,2,7,0.07945668697357178,0.08445030450820923,1.9642244577407837
1000,mla_norope,123,2,8,0.0668182373046875,0.07072190195322037,1.9642244577407837
1000,mla_norope,123,2,9,0.06238739192485809,0.06481245160102844,1.9642244577407837
1000,mla_norope,123,2,10,0.06368225067853928,0.06349869072437286,1.9642244577407837
1000,mla_norope,123,2,11,0.041679076850414276,0.046155571937561035,1.9642244577407837
1000,mla_norope,123,2,12,0.08746439963579178,0.07831521332263947,1.9642244577407837
1000,mla_norope,123,2,13,0.0607706718146801,0.0664776861667633,1.9642244577407837
1000,mla_norope,123,2,14,0.06106425076723099,0.06145805865526199,1.9642244577407837
1000,mla_norope,123,2,15,0.06627817451953888,0.06598524749279022,1.9642244577407837
1000,mla_norope,123,3,0,0.061165668070316315,0.05982912704348564,1.89488685131073
1000,mla_norope,123,3,1,0.066070556640625,0.06625138223171234,1.89488685131073
1000,mla_norope,123,3,2,0.04705444350838661,0.05512681230902672,1.89488685131073
1000,mla_norope,123,3,3,0.06268778443336487,0.053740959614515305,1.89488685131073
1000,mla_norope,123,3,4,0.07103759795427322,0.06442151963710785,1.89488685131073
1000,mla_norope,123,3,5,0.043218281120061874,0.05825845152139664,1.89488685131073
1000,mla_norope,123,3,6,0.04387501999735832,0.05306898057460785,1.89488685131073
1000,mla_norope,123,3,7,0.08400970697402954,0.08043193817138672,1.89488685131073
1000,mla_norope,123,3,8,0.053607482463121414,0.04884445667266846,1.89488685131073
1000,mla_norope,123,3,9,0.06552347540855408,0.06723642349243164,1.89488685131073
1000,mla_norope,123,3,10,0.07387135922908783,0.07197070121765137,1.89488685131073
1000,mla_norope,123,3,11,0.0606098435819149,0.05775415897369385,1.89488685131073
1000,mla_norope,123,3,12,0.0822557583451271,0.08831415325403214,1.89488685131073
1000,mla_norope,123,3,13,0.04884450137615204,0.04319735988974571,1.89488685131073
1000,mla_norope,123,3,14,0.06406809389591217,0.06189800798892975,1.89488685131073
1000,mla_norope,123,3,15,0.07210042327642441,0.06965550780296326,1.89488685131073
1000,mla_norope,123,4,0,0.05806254222989082,0.05268155783414841,1.7061861753463745
1000,mla_norope,123,4,1,0.06328389793634415,0.05864367634057999,1.7061861753463745
1000,mla_norope,123,4,2,0.05063985288143158,0.04329843819141388,1.7061861753463745
1000,mla_norope,123,4,3,0.06807606667280197,0.07048311829566956,1.7061861753463745
1000,mla_norope,123,4,4,0.05253611132502556,0.052419263869524,1.7061861753463745
1000,mla_norope,123,4,5,0.05947764217853546,0.06724892556667328,1.7061861753463745
1000,mla_norope,123,4,6,0.08265675604343414,0.0746927261352539,1.7061861753463745
1000,mla_norope,123,4,7,0.061673685908317566,0.06383780390024185,1.7061861753463745
1000,mla_norope,123,4,8,0.07290547341108322,0.06400679796934128,1.7061861753463745
1000,mla_norope,123,4,9,0.037353821098804474,0.05494127795100212,1.7061861753463745
1000,mla_norope,123,4,10,0.06139851734042168,0.060591232031583786,1.7061861753463745
1000,mla_norope,123,4,11,0.06579671055078506,0.05743805691599846,1.7061861753463745
1000,mla_norope,123,4,12,0.06057220324873924,0.07355578988790512,1.7061861753463745
1000,mla_norope,123,4,13,0.07593678683042526,0.06942187994718552,1.7061861753463745
1000,mla_norope,123,4,14,0.04604838043451309,0.051260992884635925,1.7061861753463745
1000,mla_norope,123,4,15,0.08358154445886612,0.0854782834649086,1.7061861753463745
1000,mla_norope,123,5,0,0.07525492459535599,0.07301198691129684,1.5843870639801025
1000,mla_norope,123,5,1,0.04274190217256546,0.04534531012177467,1.5843870639801025
1000,mla_norope,123,5,2,0.08528513461351395,0.06373608857393265,1.5843870639801025
1000,mla_norope,123,5,3,0.09773590415716171,0.0931934267282486,1.5843870639801025
1000,mla_norope,123,5,4,0.04551442340016365,0.04454359412193298,1.5843870639801025
1000,mla_norope,123,5,5,0.048918865621089935,0.06664503365755081,1.5843870639801025
1000,mla_norope,123,5,6,0.09385538846254349,0.08048621565103531,1.5843870639801025
1000,mla_norope,123,5,7,0.03462015837430954,0.048385098576545715,1.5843870639801025
1000,mla_norope,123,5,8,0.0430571474134922,0.05225452408194542,1.5843870639801025
1000,mla_norope,123,5,9,0.024403685703873634,0.037510331720113754,1.5843870639801025
1000,mla_norope,123,5,10,0.09336812049150467,0.1063113883137703,1.5843870639801025
1000,mla_norope,123,5,11,0.08077982813119888,0.05745754763484001,1.5843870639801025
1000,mla_norope,123,5,12,0.049323730170726776,0.05920231342315674,1.5843870639801025
1000,mla_norope,123,5,13,0.034608155488967896,0.03832336887717247,1.5843870639801025
1000,mla_norope,123,5,14,0.05935007706284523,0.055061742663383484,1.5843870639801025
1000,mla_norope,123,5,15,0.09118255972862244,0.07853198051452637,1.5843870639801025
1500,mla_norope,123,1,0,0.08826660364866257,0.06725934892892838,2.4229280948638916
1500,mla_norope,123,1,1,0.042152199894189835,0.05668264254927635,2.4229280948638916
1500,mla_norope,123,1,2,0.055514831095933914,0.05758550763130188,2.4229280948638916
1500,mla_norope,123,1,3,0.07001891732215881,0.06484265625476837,2.4229280948638916
1500,mla_norope,123,1,4,0.05954132229089737,0.06246081739664078,2.4229280948638916
1500,mla_norope,123,1,5,0.07206400483846664,0.06345213204622269,2.4229280948638916
1500,mla_norope,123,1,6,0.03855539858341217,0.05516315624117851,2.4229280948638916
1500,mla_norope,123,1,7,0.045365091413259506,0.06117179989814758,2.4229280948638916
1500,mla_norope,123,1,8,0.06329569220542908,0.06292947381734848,2.4229280948638916
1500,mla_norope,123,1,9,0.05863993242383003,0.059029676020145416,2.4229280948638916
1500,mla_norope,123,1,10,0.05582010746002197,0.05764693021774292,2.4229280948638916
1500,mla_norope,123,1,11,0.07173563539981842,0.06833206117153168,2.4229280948638916
1500,mla_norope,123,1,12,0.09918294101953506,0.07824408262968063,2.4229280948638916
1500,mla_norope,123,1,13,0.06258971989154816,0.064669668674469,2.4229280948638916
1500,mla_norope,123,1,14,0.040695901960134506,0.055639687925577164,2.4229280948638916
1500,mla_norope,123,1,15,0.07656168937683105,0.06489041447639465,2.4229280948638916
1500,mla_norope,123,2,0,0.06595540046691895,0.05899101868271828,1.9089484214782715
1500,mla_norope,123,2,1,0.05652068927884102,0.0611746646463871,1.9089484214782715
1500,mla_norope,123,2,2,0.035784605890512466,0.039092667400836945,1.9089484214782715
1500,mla_norope,123,2,3,0.0715617910027504,0.06125015392899513,1.9089484214782715
1500,mla_norope,123,2,4,0.05622518062591553,0.05789274349808693,1.9089484214782715
1500,mla_norope,123,2,5,0.06649566441774368,0.06320634484291077,1.9089484214782715
1500,mla_norope,123,2,6,0.06967417150735855,0.066704660654068,1.9089484214782715
1500,mla_norope,123,2,7,0.07649027556180954,0.08318721503019333,1.9089484214782715
1500,mla_norope,123,2,8,0.051612649112939835,0.06326238065958023,1.9089484214782715
1500,mla_norope,123,2,9,0.06639567017555237,0.06486288458108902,1.9089484214782715
1500,mla_norope,123,2,10,0.09198323637247086,0.07214090973138809,1.9089484214782715
1500,mla_norope,123,2,11,0.0523192323744297,0.05292631313204765,1.9089484214782715
1500,mla_norope,123,2,12,0.05639231204986572,0.05882057175040245,1.9089484214782715
1500,mla_norope,123,2,13,0.054382119327783585,0.06577030569314957,1.9089484214782715
1500,mla_norope,123,2,14,0.06093485653400421,0.06285057216882706,1.9089484214782715
1500,mla_norope,123,2,15,0.0672721341252327,0.06786665320396423,1.9089484214782715
1500,mla_norope,123,3,0,0.07731322944164276,0.06708858162164688,1.8048518896102905
1500,mla_norope,123,3,1,0.06574981659650803,0.06892409175634384,1.8048518896102905
1500,mla_norope,123,3,2,0.06245798617601395,0.061826661229133606,1.8048518896102905
1500,mla_norope,123,3,3,0.0457032285630703,0.04726335033774376,1.8048518896102905
1500,mla_norope,123,3,4,0.07165893912315369,0.06424254179000854,1.8048518896102905
1500,mla_norope,123,3,5,0.047509968280792236,0.06033995375037193,1.8048518896102905
1500,mla_norope,123,3,6,0.05678456649184227,0.05831750109791756,1.8048518896102905
1500,mla_norope,123,3,7,0.08732299506664276,0.08496679365634918,1.8048518896102905
1500,mla_norope,123,3,8,0.06494832038879395,0.05630781129002571,1.8048518896102905
1500,mla_norope,123,3,9,0.052206624299287796,0.06108866259455681,1.8048518896102905
1500,mla_norope,123,3,10,0.06422210484743118,0.06553684175014496,1.8048518896102905
1500,mla_norope,123,3,11,0.05567830428481102,0.05749876797199249,1.8048518896102905
1500,mla_norope,123,3,12,0.07340636849403381,0.08554635941982269,1.8048518896102905
1500,mla_norope,123,3,13,0.058205462992191315,0.047787562012672424,1.8048518896102905
1500,mla_norope,123,3,14,0.06144816055893898,0.05415762588381767,1.8048518896102905
1500,mla_norope,123,3,15,0.05538390949368477,0.05910687893629074,1.8048518896102905
1500,mla_norope,123,4,0,0.06558573246002197,0.05536331981420517,1.4670854806900024
1500,mla_norope,123,4,1,0.05864308774471283,0.05346029996871948,1.4670854806900024
1500,mla_norope,123,4,2,0.05053853243589401,0.043239448219537735,1.4670854806900024
1500,mla_norope,123,4,3,0.05129089206457138,0.05789994075894356,1.4670854806900024
1500,mla_norope,123,4,4,0.05198710039258003,0.05086127296090126,1.4670854806900024
1500,mla_norope,123,4,5,0.06302876770496368,0.07836474478244781,1.4670854806900024
1500,mla_norope,123,4,6,0.08784281462430954,0.07961981743574142,1.4670854806900024
1500,mla_norope,123,4,7,0.058542683720588684,0.06456074118614197,1.4670854806900024
1500,mla_norope,123,4,8,0.08113260567188263,0.07221272587776184,1.4670854806900024
1500,mla_norope,123,4,9,0.041892699897289276,0.05270551145076752,1.4670854806900024
1500,mla_norope,123,4,10,0.0722733587026596,0.0665028989315033,1.4670854806900024
1500,mla_norope,123,4,11,0.06396230310201645,0.0496952123939991,1.4670854806900024
1500,mla_norope,123,4,12,0.05804036557674408,0.07601510733366013,1.4670854806900024
1500,mla_norope,123,4,13,0.07037963718175888,0.06682250648736954,1.4670854806900024
1500,mla_norope,123,4,14,0.04850250110030174,0.05067472159862518,1.4670854806900024
1500,mla_norope,123,4,15,0.0763569101691246,0.08200151473283768,1.4670854806900024
1500,mla_norope,123,5,0,0.07608266174793243,0.08078645169734955,1.4371076822280884
1500,mla_norope,123,5,1,0.049807943403720856,0.04902094230055809,1.4371076822280884
1500,mla_norope,123,5,2,0.0781465694308281,0.0587281659245491,1.4371076822280884
1500,mla_norope,123,5,3,0.0961616039276123,0.09193827211856842,1.4371076822280884
1500,mla_norope,123,5,4,0.054644979536533356,0.04753243923187256,1.4371076822280884
1500,mla_norope,123,5,5,0.04605824872851372,0.0637151449918747,1.4371076822280884
1500,mla_norope,123,5,6,0.10134338587522507,0.08884678781032562,1.4371076822280884
1500,mla_norope,123,5,7,0.03258117660880089,0.049547433853149414,1.4371076822280884
1500,mla_norope,123,5,8,0.04137532413005829,0.0526714064180851,1.4371076822280884
1500,mla_norope,123,5,9,0.02830597013235092,0.037203334271907806,1.4371076822280884
1500,mla_norope,123,5,10,0.08599772304296494,0.09711286425590515,1.4371076822280884
1500,mla_norope,123,5,11,0.07411132752895355,0.05556837096810341,1.4371076822280884
1500,mla_norope,123,5,12,0.04574473202228546,0.05488087981939316,1.4371076822280884
1500,mla_norope,123,5,13,0.03768910840153694,0.035620059818029404,1.4371076822280884
1500,mla_norope,123,5,14,0.07023732364177704,0.06311953067779541,1.4371076822280884
1500,mla_norope,123,5,15,0.08171193301677704,0.07370802760124207,1.4371076822280884
2000,mla_norope,123,1,0,0.05364542827010155,0.05466678738594055,2.5556459426879883
2000,mla_norope,123,1,1,0.09363576024770737,0.0661783441901207,2.5556459426879883
2000,mla_norope,123,1,2,0.05459431931376457,0.06272232532501221,2.5556459426879883
2000,mla_norope,123,1,3,0.0964762344956398,0.07011841237545013,2.5556459426879883
2000,mla_norope,123,1,4,0.038254596292972565,0.0564911775290966,2.5556459426879883
2000,mla_norope,123,1,5,0.05676116794347763,0.05966174975037575,2.5556459426879883
2000,mla_norope,123,1,6,0.019825845956802368,0.057560209184885025,2.5556459426879883
2000,mla_norope,123,1,7,0.06813771277666092,0.06769153475761414,2.5556459426879883
2000,mla_norope,123,1,8,0.06641967594623566,0.05783854052424431,2.5556459426879883
2000,mla_norope,123,1,9,0.06071512773633003,0.06278873234987259,2.5556459426879883
2000,mla_norope,123,1,10,0.08086781948804855,0.06575857102870941,2.5556459426879883
2000,mla_norope,123,1,11,0.07005167752504349,0.0669245570898056,2.5556459426879883
2000,mla_norope,123,1,12,0.061890970915555954,0.062313880771398544,2.5556459426879883
2000,mla_norope,123,1,13,0.07262033969163895,0.06544581800699234,2.5556459426879883
2000,mla_norope,123,1,14,0.046073202043771744,0.06331104040145874,2.5556459426879883
2000,mla_norope,123,1,15,0.06003011018037796,0.06052829697728157,2.5556459426879883
2000,mla_norope,123,2,0,0.05504150316119194,0.04971947893500328,1.9788826704025269
2000,mla_norope,123,2,1,0.062218934297561646,0.06399007886648178,1.9788826704025269
2000,mla_norope,123,2,2,0.04138386994600296,0.04349755123257637,1.9788826704025269
2000,mla_norope,123,2,3,0.053774718195199966,0.05023150146007538,1.9788826704025269
2000,mla_norope,123,2,4,0.07636494934558868,0.06718777120113373,1.9788826704025269
2000,mla_norope,123,2,5,0.06328409910202026,0.06307260692119598,1.9788826704025269
2000,mla_norope,123,2,6,0.06380116939544678,0.06270663440227509,1.9788826704025269
2000,mla_norope,123,2,7,0.06681955605745316,0.07413950562477112,1.9788826704025269
2000,mla_norope,123,2,8,0.06423299014568329,0.07164736092090607,1.9788826704025269
2000,mla_norope,123,2,9,0.06450226157903671,0.06330843269824982,1.9788826704025269
2000,mla_norope,123,2,10,0.07441050559282303,0.06363198906183243,1.9788826704025269
2000,mla_norope,123,2,11,0.035296935588121414,0.04290073364973068,1.9788826704025269
2000,mla_norope,123,2,12,0.0766187533736229,0.07401673495769501,1.9788826704025269
2000,mla_norope,123,2,13,0.058638814836740494,0.06964055448770523,1.9788826704025269
2000,mla_norope,123,2,14,0.06965891271829605,0.06610625237226486,1.9788826704025269
2000,mla_norope,123,2,15,0.07395202666521072,0.07420273125171661,1.9788826704025269
2000,mla_norope,123,3,0,0.06581787019968033,0.06237172335386276,1.8254938125610352
2000,mla_norope,123,3,1,0.07443542778491974,0.07304774224758148,1.8254938125610352
2000,mla_norope,123,3,2,0.054941508919000626,0.057405147701501846,1.8254938125610352
2000,mla_norope,123,3,3,0.05993153899908066,0.052400197833776474,1.8254938125610352
2000,mla_norope,123,3,4,0.07520141452550888,0.06709716469049454,1.8254938125610352
2000,mla_norope,123,3,5,0.03951884061098099,0.055881768465042114,1.8254938125610352
2000,mla_norope,123,3,6,0.051859334111213684,0.05663226544857025,1.8254938125610352
2000,mla_norope,123,3,7,0.08515147119760513,0.08544477820396423,1.8254938125610352
2000,mla_norope,123,3,8,0.07214976102113724,0.061067383736371994,1.8254938125610352
2000,mla_norope,123,3,9,0.04908376187086105,0.059784285724163055,1.8254938125610352
2000,mla_norope,123,3,10,0.06234578415751457,0.06483050435781479,1.8254938125610352
2000,mla_norope,123,3,11,0.0605030320584774,0.05977553129196167,1.8254938125610352
2000,mla_norope,123,3,12,0.07342468202114105,0.0839918702840805,1.8254938125610352
2000,mla_norope,123,3,13,0.054252829402685165,0.048525527119636536,1.8254938125610352
2000,mla_norope,123,3,14,0.05835927277803421,0.049820732325315475,1.8254938125610352
2000,mla_norope,123,3,15,0.06302347779273987,0.061923395842313766,1.8254938125610352
2000,mla_norope,123,4,0,0.05804656818509102,0.05084255710244179,1.4161185026168823
2000,mla_norope,123,4,1,0.06678680330514908,0.05603794753551483,1.4161185026168823
2000,mla_norope,123,4,2,0.059172771871089935,0.0510500892996788,1.4161185026168823
2000,mla_norope,123,4,3,0.04930257052183151,0.0567970909178257,1.4161185026168823
2000,mla_norope,123,4,4,0.05214345455169678,0.05014781653881073,1.4161185026168823
2000,mla_norope,123,4,5,0.06586842983961105,0.07934517413377762,1.4161185026168823
2000,mla_norope,123,4,6,0.09006042778491974,0.08153928816318512,1.4161185026168823
2000,mla_norope,123,4,7,0.06073343753814697,0.06557215005159378,1.4161185026168823
2000,mla_norope,123,4,8,0.06572946906089783,0.06037576124072075,1.4161185026168823
2000,mla_norope,123,4,9,0.04434702545404434,0.05426963046193123,1.4161185026168823
2000,mla_norope,123,4,10,0.06907399743795395,0.06238585710525513,1.4161185026168823
2000,mla_norope,123,4,11,0.061249490827322006,0.045991718769073486,1.4161185026168823
2000,mla_norope,123,4,12,0.057521361857652664,0.07346336543560028,1.4161185026168823
2000,mla_norope,123,4,13,0.06885375827550888,0.06580031663179398,1.4161185026168823
2000,mla_norope,123,4,14,0.04894368350505829,0.052278079092502594,1.4161185026168823
2000,mla_norope,123,4,15,0.08216674625873566,0.09410305321216583,1.4161185026168823
2000,mla_norope,123,5,0,0.08415517210960388,0.08680883795022964,1.4297548532485962
2000,mla_norope,123,5,1,0.04162546619772911,0.04406516253948212,1.4297548532485962
2000,mla_norope,123,5,2,0.0757688358426094,0.06076128035783768,1.4297548532485962
2000,mla_norope,123,5,3,0.09544392675161362,0.08645506948232651,1.4297548532485962
2000,mla_norope,123,5,4,0.05727142468094826,0.04807634651660919,1.4297548532485962
2000,mla_norope,123,5,5,0.05247039720416069,0.06909257173538208,1.4297548532485962
2000,mla_norope,123,5,6,0.11986561864614487,0.10406006127595901,1.4297548532485962
2000,mla_norope,123,5,7,0.03253896161913872,0.04366188868880272,1.4297548532485962
2000,mla_norope,123,5,8,0.04271097853779793,0.057015374302864075,1.4297548532485962
2000,mla_norope,123,5,9,0.025669250637292862,0.03614485263824463,1.4297548532485962
2000,mla_norope,123,5,10,0.08877136558294296,0.10130736976861954,1.4297548532485962
2000,mla_norope,123,5,11,0.05835072696208954,0.04446457698941231,1.4297548532485962
2000,mla_norope,123,5,12,0.04710428789258003,0.056465182453393936,1.4297548532485962
2000,mla_norope,123,5,13,0.039145100861787796,0.03302464634180069,1.4297548532485962
2000,mla_norope,123,5,14,0.05648132413625717,0.05355950817465782,1.4297548532485962
2000,mla_norope,123,5,15,0.08262715488672256,0.07503724098205566,1.4297548532485962
2500,mla_norope,123,1,0,0.05581197142601013,0.05652299150824547,2.618807554244995
2500,mla_norope,123,1,1,0.07279683649539948,0.06378928571939468,2.618807554244995
2500,mla_norope,123,1,2,0.06771514564752579,0.06365636736154556,2.618807554244995
2500,mla_norope,123,1,3,0.06216420605778694,0.06370200216770172,2.618807554244995
2500,mla_norope,123,1,4,0.05298960208892822,0.06026149168610573,2.618807554244995
2500,mla_norope,123,1,5,0.05928944796323776,0.05846953019499779,2.618807554244995
2500,mla_norope,123,1,6,0.06211547926068306,0.06811785697937012,2.618807554244995
2500,mla_norope,123,1,7,0.04689402133226395,0.06486409157514572,2.618807554244995
2500,mla_norope,123,1,8,0.06261332333087921,0.052559781819581985,2.618807554244995
2500,mla_norope,123,1,9,0.04823455959558487,0.06067988649010658,2.618807554244995
2500,mla_norope,123,1,10,0.07314788550138474,0.063980333507061,2.618807554244995
2500,mla_norope,123,1,11,0.06478352844715118,0.0625588446855545,2.618807554244995
2500,mla_norope,123,1,12,0.08082956820726395,0.06846608966588974,2.618807554244995
2500,mla_norope,123,1,13,0.08138936012983322,0.06793059408664703,2.618807554244995
2500,mla_norope,123,1,14,0.04755717143416405,0.06546290963888168,2.618807554244995
2500,mla_norope,123,1,15,0.06166788563132286,0.058977946639060974,2.618807554244995
2500,mla_norope,123,2,0,0.059356383979320526,0.05147745832800865,2.0371625423431396
2500,mla_norope,123,2,1,0.07589080929756165,0.07160459458827972,2.0371625423431396
2500,mla_norope,123,2,2,0.04999135434627533,0.04833909124135971,2.0371625423431396
2500,mla_norope,123,2,3,0.04618316516280174,0.047174662351608276,2.0371625423431396
2500,mla_norope,123,2,4,0.03288452327251434,0.05183221399784088,2.0371625423431396
2500,mla_norope,123,2,5,0.062456462532281876,0.06147349625825882,2.0371625423431396
2500,mla_norope,123,2,6,0.06891784816980362,0.06609436124563217,2.0371625423431396
2500,mla_norope,123,2,7,0.0722394809126854,0.07852313667535782,2.0371625423431396
2500,mla_norope,123,2,8,0.06891072541475296,0.07200217247009277,2.0371625423431396
2500,mla_norope,123,2,9,0.06615946441888809,0.062399379909038544,2.0371625423431396
2500,mla_norope,123,2,10,0.0690384954214096,0.060282833874225616,2.0371625423431396
2500,mla_norope,123,2,11,0.040205586701631546,0.04566136747598648,2.0371625423431396
2500,mla_norope,123,2,12,0.07403452694416046,0.0688769593834877,2.0371625423431396
2500,mla_norope,123,2,13,0.05974375456571579,0.0705721527338028,2.0371625423431396
2500,mla_norope,123,2,14,0.06401529908180237,0.06029039993882179,2.0371625423431396
2500,mla_norope,123,2,15,0.0899721309542656,0.0833955928683281,2.0371625423431396
2500,mla_norope,123,3,0,0.06870534271001816,0.06539905816316605,1.848137617111206
2500,mla_norope,123,3,1,0.07522572576999664,0.07642652839422226,1.848137617111206
2500,mla_norope,123,3,2,0.06188364699482918,0.06303520500659943,1.848137617111206
2500,mla_norope,123,3,3,0.06913991272449493,0.05543048679828644,1.848137617111206
2500,mla_norope,123,3,4,0.07000111788511276,0.06412417441606522,1.848137617111206
2500,mla_norope,123,3,5,0.0440559908747673,0.0546436682343483,1.848137617111206
2500,mla_norope,123,3,6,0.05767537280917168,0.05889197811484337,1.848137617111206
2500,mla_norope,123,3,7,0.08930643647909164,0.0830640122294426,1.848137617111206
2500,mla_norope,123,3,8,0.06678782403469086,0.05949726700782776,1.848137617111206
2500,mla_norope,123,3,9,0.05583801120519638,0.0644579604268074,1.848137617111206
2500,mla_norope,123,3,10,0.056240539997816086,0.06018754839897156,1.848137617111206
2500,mla_norope,123,3,11,0.056157227605581284,0.057447075843811035,1.848137617111206
2500,mla_norope,123,3,12,0.0712694302201271,0.0822632759809494,1.848137617111206
2500,mla_norope,123,3,13,0.031641844660043716,0.039003752171993256,1.848137617111206
2500,mla_norope,123,3,14,0.0601462796330452,0.053077537566423416,1.848137617111206
2500,mla_norope,123,3,15,0.06592529267072678,0.06305050849914551,1.848137617111206
2500,mla_norope,123,4,0,0.06617747247219086,0.05403465777635574,1.4013581275939941
2500,mla_norope,123,4,1,0.06303650140762329,0.054295118898153305,1.4013581275939941
2500,mla_norope,123,4,2,0.05276692658662796,0.04572521522641182,1.4013581275939941
2500,mla_norope,123,4,3,0.05202006176114082,0.059379998594522476,1.4013581275939941
2500,mla_norope,123,4,4,0.0560881532728672,0.05370647460222244,1.4013581275939941
2500,mla_norope,123,4,5,0.0639108270406723,0.081067755818367,1.4013581275939941
2500,mla_norope,123,4,6,0.08786458522081375,0.07570311427116394,1.4013581275939941
2500,mla_norope,123,4,7,0.062337037175893784,0.06832162290811539,1.4013581275939941
2500,mla_norope,123,4,8,0.06623952090740204,0.06124485656619072,1.4013581275939941
2500,mla_norope,123,4,9,0.038947753608226776,0.053272176533937454,1.4013581275939941
2500,mla_norope,123,4,10,0.06587575376033783,0.05884566158056259,1.4013581275939941
2500,mla_norope,123,4,11,0.06585744023323059,0.04849645867943764,1.4013581275939941
2500,mla_norope,123,4,12,0.054998982697725296,0.07145910710096359,1.4013581275939941
2500,mla_norope,123,4,13,0.06566742062568665,0.061958108097314835,1.4013581275939941
2500,mla_norope,123,4,14,0.047480061650276184,0.04965830594301224,1.4013581275939941
2500,mla_norope,123,4,15,0.09073150902986526,0.10283129662275314,1.4013581275939941
2500,mla_norope,123,5,0,0.0787818431854248,0.08540622144937515,1.451697587966919
2500,mla_norope,123,5,1,0.045809123665094376,0.04554437845945358,1.451697587966919
2500,mla_norope,123,5,2,0.07164469361305237,0.05586590990424156,1.451697587966919
2500,mla_norope,123,5,3,0.09652699530124664,0.08839557319879532,1.451697587966919
2500,mla_norope,123,5,4,0.05690714344382286,0.04738009348511696,1.451697587966919
2500,mla_norope,123,5,5,0.05366455018520355,0.07200685143470764,1.451697587966919
2500,mla_norope,123,5,6,0.12069214135408401,0.10396639257669449,1.451697587966919
2500,mla_norope,123,5,7,0.03653371334075928,0.04619428887963295,1.451697587966919
2500,mla_norope,123,5,8,0.0350189208984375,0.05469120666384697,1.451697587966919
2500,mla_norope,123,5,9,0.026311034336686134,0.035366158932447433,1.451697587966919
2500,mla_norope,123,5,10,0.09001526236534119,0.10248060524463654,1.451697587966919
2500,mla_norope,123,5,11,0.06313323974609375,0.04802969470620155,1.451697587966919
2500,mla_norope,123,5,12,0.046366069465875626,0.05546267703175545,1.451697587966919
2500,mla_norope,123,5,13,0.03253173828125,0.027242768555879593,1.451697587966919
2500,mla_norope,123,5,14,0.05910949781537056,0.05374479293823242,1.451697587966919
2500,mla_norope,123,5,15,0.0869540423154831,0.07822229713201523,1.451697587966919
3000,mla_norope,123,1,0,0.06459086388349533,0.059115562587976456,2.6163170337677
3000,mla_norope,123,1,1,0.08276408165693283,0.06438688188791275,2.6163170337677
3000,mla_norope,123,1,2,0.0455729179084301,0.058951910585165024,2.6163170337677
3000,mla_norope,123,1,3,0.07508189231157303,0.06588446348905563,2.6163170337677
3000,mla_norope,123,1,4,0.06547281891107559,0.0622970387339592,2.6163170337677
3000,mla_norope,123,1,5,0.049206849187612534,0.054085589945316315,2.6163170337677
3000,mla_norope,123,1,6,0.03126159682869911,0.06446320563554764,2.6163170337677
3000,mla_norope,123,1,7,0.06016479432582855,0.06855180114507675,2.6163170337677
3000,mla_norope,123,1,8,0.07365936040878296,0.056335195899009705,2.6163170337677
3000,mla_norope,123,1,9,0.05165059491991997,0.06122855469584465,2.6163170337677
3000,mla_norope,123,1,10,0.0623931884765625,0.05847480148077011,2.6163170337677
3000,mla_norope,123,1,11,0.07745493203401566,0.06526089459657669,2.6163170337677
3000,mla_norope,123,1,12,0.05978383496403694,0.06428135931491852,2.6163170337677
3000,mla_norope,123,1,13,0.05054005980491638,0.0649656131863594,2.6163170337677
3000,mla_norope,123,1,14,0.09620259702205658,0.07028146833181381,2.6163170337677
3000,mla_norope,123,1,15,0.05419962480664253,0.06143566593527794,2.6163170337677
3000,mla_norope,123,2,0,0.05776916444301605,0.05004545673727989,2.0795819759368896
3000,mla_norope,123,2,1,0.07444000244140625,0.06969179213047028,2.0795819759368896
3000,mla_norope,123,2,2,0.054963480681180954,0.05293998122215271,2.0795819759368896
3000,mla_norope,123,2,3,0.04657267406582832,0.0481899119913578,2.0795819759368896
3000,mla_norope,123,2,4,0.045499369502067566,0.05636020749807358,2.0795819759368896
3000,mla_norope,123,2,5,0.051522113382816315,0.055799148976802826,2.0795819759368896
3000,mla_norope,123,2,6,0.06192932277917862,0.06156570464372635,2.0795819759368896
3000,mla_norope,123,2,7,0.07623372226953506,0.0821596011519432,2.0795819759368896
3000,mla_norope,123,2,8,0.061138711869716644,0.06894011795520782,2.0795819759368896
3000,mla_norope,123,2,9,0.07343973964452744,0.06601610779762268,2.0795819759368896
3000,mla_norope,123,2,10,0.06718546897172928,0.06106382980942726,2.0795819759368896
3000,mla_norope,123,2,11,0.048303935676813126,0.049388010054826736,2.0795819759368896
3000,mla_norope,123,2,12,0.07759907841682434,0.07277585566043854,2.0795819759368896
3000,mla_norope,123,2,13,0.06899668276309967,0.0772559717297554,2.0795819759368896
3000,mla_norope,123,2,14,0.060246072709560394,0.05828084424138069,2.0795819759368896
3000,mla_norope,123,2,15,0.07416046410799026,0.0695275291800499,2.0795819759368896
3000,mla_norope,123,3,0,0.06585896760225296,0.06222498416900635,1.8201650381088257
3000,mla_norope,123,3,1,0.07336904108524323,0.07515419274568558,1.8201650381088257
3000,mla_norope,123,3,2,0.0515175387263298,0.05865601822733879,1.8201650381088257
3000,mla_norope,123,3,3,0.06321441382169724,0.05411354824900627,1.8201650381088257
3000,mla_norope,123,3,4,0.06276947259902954,0.05805166810750961,1.8201650381088257
3000,mla_norope,123,3,5,0.036796364933252335,0.05182536318898201,1.8201650381088257
3000,mla_norope,123,3,6,0.05751810595393181,0.05776011943817139,1.8201650381088257
3000,mla_norope,123,3,7,0.09891947358846664,0.09379251301288605,1.8201650381088257
3000,mla_norope,123,3,8,0.0622793585062027,0.0569164901971817,1.8201650381088257
3000,mla_norope,123,3,9,0.06490010768175125,0.07289745658636093,1.8201650381088257
3000,mla_norope,123,3,10,0.0565236397087574,0.05825655162334442,1.8201650381088257
3000,mla_norope,123,3,11,0.058535460382699966,0.060387998819351196,1.8201650381088257
3000,mla_norope,123,3,12,0.06727355718612671,0.07571519166231155,1.8201650381088257
3000,mla_norope,123,3,13,0.04304402694106102,0.04282587021589279,1.8201650381088257
3000,mla_norope,123,3,14,0.059428099542856216,0.051437150686979294,1.8201650381088257
3000,mla_norope,123,3,15,0.07805237174034119,0.06998477876186371,1.8201650381088257
3000,mla_norope,123,4,0,0.07508646696805954,0.060184746980667114,1.393666386604309
3000,mla_norope,123,4,1,0.05100240185856819,0.04581383615732193,1.393666386604309
3000,mla_norope,123,4,2,0.06335988640785217,0.052360210567712784,1.393666386604309
3000,mla_norope,123,4,3,0.04744069278240204,0.05809387192130089,1.393666386604309
3000,mla_norope,123,4,4,0.05461670085787773,0.05385765805840492,1.393666386604309
3000,mla_norope,123,4,5,0.06730509549379349,0.0819384902715683,1.393666386604309
3000,mla_norope,123,4,6,0.08417236059904099,0.0740232989192009,1.393666386604309
3000,mla_norope,123,4,7,0.055264994502067566,0.061981067061424255,1.393666386604309
3000,mla_norope,123,4,8,0.06990346312522888,0.06452280282974243,1.393666386604309
3000,mla_norope,123,4,9,0.041628722101449966,0.05372312664985657,1.393666386604309
3000,mla_norope,123,4,10,0.06823313236236572,0.0602276436984539,1.393666386604309
3000,mla_norope,123,4,11,0.06806345283985138,0.04817702993750572,1.393666386604309
3000,mla_norope,123,4,12,0.05748748779296875,0.07457026094198227,1.393666386604309
3000,mla_norope,123,4,13,0.06286346167325974,0.06266296654939651,1.393666386604309
3000,mla_norope,123,4,14,0.048906657844781876,0.05250242352485657,1.393666386604309
3000,mla_norope,123,4,15,0.08466501533985138,0.09536068886518478,1.393666386604309
3000,mla_norope,123,5,0,0.07838277518749237,0.08430753648281097,1.4411101341247559
3000,mla_norope,123,5,1,0.03692047297954559,0.039240747690200806,1.4411101341247559
3000,mla_norope,123,5,2,0.07001250982284546,0.05759541317820549,1.4411101341247559
3000,mla_norope,123,5,3,0.09702077507972717,0.09037739783525467,1.4411101341247559
3000,mla_norope,123,5,4,0.06183166429400444,0.05228293687105179,1.4411101341247559
3000,mla_norope,123,5,5,0.0492827333509922,0.06750692427158356,1.4411101341247559
3000,mla_norope,123,5,6,0.12728291749954224,0.10916171967983246,1.4411101341247559
3000,mla_norope,123,5,7,0.03783762454986572,0.046948883682489395,1.4411101341247559
3000,mla_norope,123,5,8,0.03879282623529434,0.054795730859041214,1.4411101341247559
3000,mla_norope,123,5,9,0.025670573115348816,0.03530241921544075,1.4411101341247559
3000,mla_norope,123,5,10,0.09140106290578842,0.09977395087480545,1.4411101341247559
3000,mla_norope,123,5,11,0.0630219504237175,0.04812834411859512,1.4411101341247559
3000,mla_norope,123,5,12,0.044756773859262466,0.05505049228668213,1.4411101341247559
3000,mla_norope,123,5,13,0.037209779024124146,0.02949279546737671,1.4411101341247559
3000,mla_norope,123,5,14,0.05525654926896095,0.0524795800447464,1.4411101341247559
3000,mla_norope,123,5,15,0.08531901240348816,0.0775553435087204,1.4411101341247559
3500,mla_norope,123,1,0,0.07506255805492401,0.06186363101005554,2.6034622192382812
3500,mla_norope,123,1,1,0.05917561799287796,0.05720308795571327,2.6034622192382812
3500,mla_norope,123,1,2,0.03283844143152237,0.057131361216306686,2.6034622192382812
3500,mla_norope,123,1,3,0.06366200745105743,0.0639854371547699,2.6034622192382812
3500,mla_norope,123,1,4,0.07890360802412033,0.0647745281457901,2.6034622192382812
3500,mla_norope,123,1,5,0.06310658901929855,0.058356285095214844,2.6034622192382812
3500,mla_norope,123,1,6,0.02881418913602829,0.06251243501901627,2.6034622192382812
3500,mla_norope,123,1,7,0.06338775902986526,0.06757280975580215,2.6034622192382812
3500,mla_norope,123,1,8,0.07356526702642441,0.054183121770620346,2.6034622192382812
3500,mla_norope,123,1,9,0.04583241790533066,0.06140945479273796,2.6034622192382812
3500,mla_norope,123,1,10,0.07235992699861526,0.06099323183298111,2.6034622192382812
3500,mla_norope,123,1,11,0.08761037141084671,0.06679998338222504,2.6034622192382812
3500,mla_norope,123,1,12,0.08531504124403,0.06896192580461502,2.6034622192382812
3500,mla_norope,123,1,13,0.05403615161776543,0.06459061056375504,2.6034622192382812
3500,mla_norope,123,1,14,0.04228983446955681,0.06363475322723389,2.6034622192382812
3500,mla_norope,123,1,15,0.07404021918773651,0.06602725386619568,2.6034622192382812
3500,mla_norope,123,2,0,0.05593454837799072,0.048278577625751495,2.080228567123413
3500,mla_norope,123,2,1,0.0730489119887352,0.06939858943223953,2.080228567123413
3500,mla_norope,123,2,2,0.062002360820770264,0.05580989271402359,2.080228567123413
3500,mla_norope,123,2,3,0.053629253059625626,0.050515979528427124,2.080228567123413
3500,mla_norope,123,2,4,0.035641785711050034,0.05438734218478203,2.080228567123413
3500,mla_norope,123,2,5,0.06496093422174454,0.06256583333015442,2.080228567123413
3500,mla_norope,123,2,6,0.07221761345863342,0.06787645071744919,2.080228567123413
3500,mla_norope,123,2,7,0.06561533361673355,0.07065849006175995,2.080228567123413
3500,mla_norope,123,2,8,0.06816345453262329,0.07460898905992508,2.080228567123413
3500,mla_norope,123,2,9,0.05817372724413872,0.05714935436844826,2.080228567123413
3500,mla_norope,123,2,10,0.06333088874816895,0.058243222534656525,2.080228567123413
3500,mla_norope,123,2,11,0.05052470043301582,0.05289464443922043,2.080228567123413
3500,mla_norope,123,2,12,0.07541371881961823,0.07045675069093704,2.080228567123413
3500,mla_norope,123,2,13,0.061265259981155396,0.07156934589147568,2.080228567123413
3500,mla_norope,123,2,14,0.05997619777917862,0.05932542309165001,2.080228567123413
3500,mla_norope,123,2,15,0.08010131865739822,0.07626105844974518,2.080228567123413
3500,mla_norope,123,3,0,0.07409403473138809,0.06782468408346176,1.7781490087509155
3500,mla_norope,123,3,1,0.07085438817739487,0.0754084661602974,1.7781490087509155
3500,mla_norope,123,3,2,0.056308187544345856,0.061284542083740234,1.7781490087509155
3500,mla_norope,123,3,3,0.050995584577322006,0.049096424132585526,1.7781490087509155
3500,mla_norope,123,3,4,0.06383361667394638,0.06056983768939972,1.7781490087509155
3500,mla_norope,123,3,5,0.03972239047288895,0.053422704339027405,1.7781490087509155
3500,mla_norope,123,3,6,0.053282469511032104,0.058095552027225494,1.7781490087509155
3500,mla_norope,123,3,7,0.09681610018014908,0.08925821632146835,1.7781490087509155
3500,mla_norope,123,3,8,0.06481272727251053,0.058258261531591415,1.7781490087509155
3500,mla_norope,123,3,9,0.0535023994743824,0.06401626765727997,1.7781490087509155
3500,mla_norope,123,3,10,0.05597371235489845,0.05852320417761803,1.7781490087509155
3500,mla_norope,123,3,11,0.05911203846335411,0.06197012588381767,1.7781490087509155
3500,mla_norope,123,3,12,0.08019134402275085,0.08285683393478394,1.7781490087509155
3500,mla_norope,123,3,13,0.04196472093462944,0.041809048503637314,1.7781490087509155
3500,mla_norope,123,3,14,0.06961405277252197,0.05393315106630325,1.7781490087509155
3500,mla_norope,123,3,15,0.06892222166061401,0.06367284804582596,1.7781490087509155
3500,mla_norope,123,4,0,0.06563537567853928,0.05348759517073631,1.3833365440368652
3500,mla_norope,123,4,1,0.057729288935661316,0.05026599392294884,1.3833365440368652
3500,mla_norope,123,4,2,0.05555633455514908,0.047503720968961716,1.3833365440368652
3500,mla_norope,123,4,3,0.047150880098342896,0.0571187399327755,1.3833365440368652
3500,mla_norope,123,4,4,0.0629589855670929,0.060204822570085526,1.3833365440368652
3500,mla_norope,123,4,5,0.061837464570999146,0.07913164049386978,1.3833365440368652
3500,mla_norope,123,4,6,0.07869689911603928,0.07066331803798676,1.3833365440368652
3500,mla_norope,123,4,7,0.055547382682561874,0.06258919835090637,1.3833365440368652
3500,mla_norope,123,4,8,0.07150594145059586,0.06642930954694748,1.3833365440368652
3500,mla_norope,123,4,9,0.045220132917165756,0.056019820272922516,1.3833365440368652
3500,mla_norope,123,4,10,0.07757201790809631,0.06840518116950989,1.3833365440368652
3500,mla_norope,123,4,11,0.0679486095905304,0.048621710389852524,1.3833365440368652
3500,mla_norope,123,4,12,0.059904683381319046,0.07616101950407028,1.3833365440368652
3500,mla_norope,123,4,13,0.060127463191747665,0.061222903430461884,1.3833365440368652
3500,mla_norope,123,4,14,0.045387573540210724,0.04875901713967323,1.3833365440368652
3500,mla_norope,123,4,15,0.08722096681594849,0.09341586381196976,1.3833365440368652
3500,mla_norope,123,5,0,0.08197712898254395,0.08781614154577255,1.435598611831665
3500,mla_norope,123,5,1,0.03669901564717293,0.03871305659413338,1.435598611831665
3500,mla_norope,123,5,2,0.07174641638994217,0.06037968769669533,1.435598611831665
3500,mla_norope,123,5,3,0.0995260626077652,0.08966152369976044,1.435598611831665
3500,mla_norope,123,5,4,0.06012939289212227,0.04862258955836296,1.435598611831665
3500,mla_norope,123,5,5,0.04813191667199135,0.06584082543849945,1.435598611831665
3500,mla_norope,123,5,6,0.12878072261810303,0.11211751401424408,1.435598611831665
3500,mla_norope,123,5,7,0.035110678523778915,0.04501163586974144,1.435598611831665
3500,mla_norope,123,5,8,0.03873026371002197,0.05401460826396942,1.435598611831665
3500,mla_norope,123,5,9,0.020653381943702698,0.031217947602272034,1.435598611831665
3500,mla_norope,123,5,10,0.09368021786212921,0.1043461412191391,1.435598611831665
3500,mla_norope,123,5,11,0.06607910245656967,0.05151474475860596,1.435598611831665
3500,mla_norope,123,5,12,0.04238281399011612,0.05151723697781563,1.435598611831665
3500,mla_norope,123,5,13,0.03650807589292526,0.028761036694049835,1.435598611831665
3500,mla_norope,123,5,14,0.053734537214040756,0.051761362701654434,1.435598611831665
3500,mla_norope,123,5,15,0.08613026887178421,0.07870390266180038,1.435598611831665
4000,mla_norope,123,1,0,0.07050272822380066,0.061370257288217545,2.586176872253418
4000,mla_norope,123,1,1,0.06799611449241638,0.059269048273563385,2.586176872253418
4000,mla_norope,123,1,2,0.05801045894622803,0.0634155124425888,2.586176872253418
4000,mla_norope,123,1,3,0.05504699796438217,0.06423721462488174,2.586176872253418
4000,mla_norope,123,1,4,0.06610168516635895,0.06181740388274193,2.586176872253418
4000,mla_norope,123,1,5,0.0684547945857048,0.05881742015480995,2.586176872253418
4000,mla_norope,123,1,6,0.029793191701173782,0.06251365691423416,2.586176872253418
4000,mla_norope,123,1,7,0.0754319280385971,0.06857799738645554,2.586176872253418
4000,mla_norope,123,1,8,0.0748075321316719,0.056324753910303116,2.586176872253418
4000,mla_norope,123,1,9,0.05275258421897888,0.06368842720985413,2.586176872253418
4000,mla_norope,123,1,10,0.06680562347173691,0.06051763519644737,2.586176872253418
4000,mla_norope,123,1,11,0.07066375762224197,0.0609249509871006,2.586176872253418
4000,mla_norope,123,1,12,0.04405883699655533,0.061450447887182236,2.586176872253418
4000,mla_norope,123,1,13,0.06671193242073059,0.06670175492763519,2.586176872253418
4000,mla_norope,123,1,14,0.07806986570358276,0.06911667436361313,2.586176872253418
4000,mla_norope,123,1,15,0.054791972041130066,0.06125684827566147,2.586176872253418
4000,mla_norope,123,2,0,0.061856791377067566,0.05180967226624489,2.0489089488983154
4000,mla_norope,123,2,1,0.07838897407054901,0.07374755293130875,2.0489089488983154
4000,mla_norope,123,2,2,0.058393046259880066,0.053752459585666656,2.0489089488983154
4000,mla_norope,123,2,3,0.06667622923851013,0.05774718523025513,2.0489089488983154
4000,mla_norope,123,2,4,0.04951995983719826,0.05734267458319664,2.0489089488983154
4000,mla_norope,123,2,5,0.062108661979436874,0.06195377930998802,2.0489089488983154
4000,mla_norope,123,2,6,0.06699442863464355,0.06561172753572464,2.0489089488983154
4000,mla_norope,123,2,7,0.07310272008180618,0.07866160571575165,2.0489089488983154
4000,mla_norope,123,2,8,0.055231526494026184,0.06576115638017654,2.0489089488983154
4000,mla_norope,123,2,9,0.06282318383455276,0.059526264667510986,2.0489089488983154
4000,mla_norope,123,2,10,0.06787679344415665,0.05986589938402176,2.0489089488983154
4000,mla_norope,123,2,11,0.037619732320308685,0.044305913150310516,2.0489089488983154
4000,mla_norope,123,2,12,0.07052236050367355,0.06824426352977753,2.0489089488983154
4000,mla_norope,123,2,13,0.0632992535829544,0.07400941848754883,2.0489089488983154
4000,mla_norope,123,2,14,0.03975677490234375,0.04743417352437973,2.0489089488983154
4000,mla_norope,123,2,15,0.08582957088947296,0.08022621273994446,2.0489089488983154
4000,mla_norope,123,3,0,0.06399383395910263,0.06072225421667099,1.7527856826782227
4000,mla_norope,123,3,1,0.06803131103515625,0.0754365399479866,1.7527856826782227
4000,mla_norope,123,3,2,0.06058349460363388,0.06290268898010254,1.7527856826782227
4000,mla_norope,123,3,3,0.06473103910684586,0.05383110046386719,1.7527856826782227
4000,mla_norope,123,3,4,0.06257415562868118,0.06015460938215256,1.7527856826782227
4000,mla_norope,123,3,5,0.050730083137750626,0.058771584182977676,1.7527856826782227
4000,mla_norope,123,3,6,0.05812530592083931,0.0615476556122303,1.7527856826782227
4000,mla_norope,123,3,7,0.09624216705560684,0.0874725729227066,1.7527856826782227
4000,mla_norope,123,3,8,0.06531789153814316,0.059755414724349976,1.7527856826782227
4000,mla_norope,123,3,9,0.050947874784469604,0.06238965317606926,1.7527856826782227
4000,mla_norope,123,3,10,0.055636901408433914,0.058501485735177994,1.7527856826782227
4000,mla_norope,123,3,11,0.060479432344436646,0.06261953711509705,1.7527856826782227
4000,mla_norope,123,3,12,0.07678120583295822,0.08083248883485794,1.7527856826782227
4000,mla_norope,123,3,13,0.03545115143060684,0.039731718599796295,1.7527856826782227
4000,mla_norope,123,3,14,0.06492024660110474,0.05402397736907005,1.7527856826782227
4000,mla_norope,123,3,15,0.0654538944363594,0.061306700110435486,1.7527856826782227
4000,mla_norope,123,4,0,0.06931070983409882,0.05564165115356445,1.4076125621795654
4000,mla_norope,123,4,1,0.049713946878910065,0.0449754074215889,1.4076125621795654
4000,mla_norope,123,4,2,0.05889414623379707,0.05042335391044617,1.4076125621795654
4000,mla_norope,123,4,3,0.05247100815176964,0.06275248527526855,1.4076125621795654
4000,mla_norope,123,4,4,0.0589529424905777,0.056797370314598083,1.4076125621795654
4000,mla_norope,123,4,5,0.06209615245461464,0.07779903709888458,1.4076125621795654
4000,mla_norope,123,4,6,0.08469808101654053,0.07414820790290833,1.4076125621795654
4000,mla_norope,123,4,7,0.055328674614429474,0.06274687498807907,1.4076125621795654
4000,mla_norope,123,4,8,0.07146525382995605,0.0654476061463356,1.4076125621795654
4000,mla_norope,123,4,9,0.05025777220726013,0.05757014453411102,1.4076125621795654
4000,mla_norope,123,4,10,0.06712260097265244,0.06003957241773605,1.4076125621795654
4000,mla_norope,123,4,11,0.0699259415268898,0.049286872148513794,1.4076125621795654
4000,mla_norope,123,4,12,0.05235911160707474,0.07005009055137634,1.4076125621795654
4000,mla_norope,123,4,13,0.06588185578584671,0.06787789613008499,1.4076125621795654
4000,mla_norope,123,4,14,0.04726409912109375,0.051372408866882324,1.4076125621795654
4000,mla_norope,123,4,15,0.08425771445035934,0.09307104349136353,1.4076125621795654
4000,mla_norope,123,5,0,0.0797499567270279,0.08634558320045471,1.4204412698745728
4000,mla_norope,123,5,1,0.039485372602939606,0.038465362042188644,1.4204412698745728
4000,mla_norope,123,5,2,0.0671520009636879,0.05878148227930069,1.4204412698745728
4000,mla_norope,123,5,3,0.09927724301815033,0.08958030492067337,1.4204412698745728
4000,mla_norope,123,5,4,0.05667459964752197,0.04518575221300125,1.4204412698745728
4000,mla_norope,123,5,5,0.04909728839993477,0.06776458024978638,1.4204412698745728
4000,mla_norope,123,5,6,0.12904256582260132,0.11130482703447342,1.4204412698745728
4000,mla_norope,123,5,7,0.03910776600241661,0.04669388011097908,1.4204412698745728
4000,mla_norope,123,5,8,0.03364217281341553,0.05289715155959129,1.4204412698745728
4000,mla_norope,123,5,9,0.019205933436751366,0.030230045318603516,1.4204412698745728
4000,mla_norope,123,5,10,0.09129831939935684,0.10346218943595886,1.4204412698745728
4000,mla_norope,123,5,11,0.06796152889728546,0.05220579355955124,1.4204412698745728
4000,mla_norope,123,5,12,0.04553009197115898,0.05410570278763771,1.4204412698745728
4000,mla_norope,123,5,13,0.03849182277917862,0.02920345962047577,1.4204412698745728
4000,mla_norope,123,5,14,0.05661987140774727,0.052523959428071976,1.4204412698745728
4000,mla_norope,123,5,15,0.08766347169876099,0.08124983310699463,1.4204412698745728
4500,mla_norope,123,1,0,0.06459930539131165,0.05950314924120903,2.5632383823394775
4500,mla_norope,123,1,1,0.09343058615922928,0.06977405399084091,2.5632383823394775
4500,mla_norope,123,1,2,0.05239206925034523,0.06226741150021553,2.5632383823394775
4500,mla_norope,123,1,3,0.0618540458381176,0.0650516152381897,2.5632383823394775
4500,mla_norope,123,1,4,0.07313375174999237,0.06491277366876602,2.5632383823394775
4500,mla_norope,123,1,5,0.057799071073532104,0.055084437131881714,2.5632383823394775
4500,mla_norope,123,1,6,0.017330219969153404,0.05714043974876404,2.5632383823394775
4500,mla_norope,123,1,7,0.07577728480100632,0.06948166340589523,2.5632383823394775
4500,mla_norope,123,1,8,0.07307565957307816,0.05377770587801933,2.5632383823394775
4500,mla_norope,123,1,9,0.025941263884305954,0.05786476284265518,2.5632383823394775
4500,mla_norope,123,1,10,0.07777506858110428,0.06452956050634384,2.5632383823394775
4500,mla_norope,123,1,11,0.07153890281915665,0.06138462573289871,2.5632383823394775
4500,mla_norope,123,1,12,0.0567251592874527,0.06443207710981369,2.5632383823394775
4500,mla_norope,123,1,13,0.08726928383111954,0.06713155657052994,2.5632383823394775
4500,mla_norope,123,1,14,0.045026347041130066,0.06212664395570755,2.5632383823394775
4500,mla_norope,123,1,15,0.06633199006319046,0.06553740799427032,2.5632383823394775
4500,mla_norope,123,2,0,0.05739349499344826,0.048354264348745346,2.037874698638916
4500,mla_norope,123,2,1,0.07303334772586823,0.07027911394834518,2.037874698638916
4500,mla_norope,123,2,2,0.05991455167531967,0.05363333225250244,2.037874698638916
4500,mla_norope,123,2,3,0.0481109619140625,0.04649427533149719,2.037874698638916
4500,mla_norope,123,2,4,0.045753274112939835,0.05653763934969902,2.037874698638916
4500,mla_norope,123,2,5,0.06863169372081757,0.06395328044891357,2.037874698638916
4500,mla_norope,123,2,6,0.07128499448299408,0.06990296393632889,2.037874698638916
4500,mla_norope,123,2,7,0.07250834256410599,0.07807768136262894,2.037874698638916
4500,mla_norope,123,2,8,0.060191549360752106,0.06927179545164108,2.037874698638916
4500,mla_norope,123,2,9,0.06533172726631165,0.061076998710632324,2.037874698638916
4500,mla_norope,123,2,10,0.06817677617073059,0.05995010957121849,2.037874698638916
4500,mla_norope,123,2,11,0.0425453707575798,0.04680028185248375,2.037874698638916
4500,mla_norope,123,2,12,0.07504007965326309,0.07232911884784698,2.037874698638916
4500,mla_norope,123,2,13,0.06256408989429474,0.07304798811674118,2.037874698638916
4500,mla_norope,123,2,14,0.05099833011627197,0.053403090685606,2.037874698638916
4500,mla_norope,123,2,15,0.07852142304182053,0.07688815891742706,2.037874698638916
4500,mla_norope,123,3,0,0.06844045221805573,0.06478815525770187,1.7150014638900757
4500,mla_norope,123,3,1,0.06362223625183105,0.07210569083690643,1.7150014638900757
4500,mla_norope,123,3,2,0.06168965622782707,0.06525000184774399,1.7150014638900757
4500,mla_norope,123,3,3,0.07239552587270737,0.055747464299201965,1.7150014638900757
4500,mla_norope,123,3,4,0.06756571680307388,0.06407195329666138,1.7150014638900757
4500,mla_norope,123,3,5,0.056797485798597336,0.061099134385585785,1.7150014638900757
4500,mla_norope,123,3,6,0.04602650925517082,0.0562286376953125,1.7150014638900757
4500,mla_norope,123,3,7,0.09975626319646835,0.08749569952487946,1.7150014638900757
4500,mla_norope,123,3,8,0.06773386895656586,0.06178584322333336,1.7150014638900757
4500,mla_norope,123,3,9,0.05189524218440056,0.062978595495224,1.7150014638900757
4500,mla_norope,123,3,10,0.0517037957906723,0.055974286049604416,1.7150014638900757
4500,mla_norope,123,3,11,0.05461893603205681,0.0585128590464592,1.7150014638900757
4500,mla_norope,123,3,12,0.07736226171255112,0.0849672183394432,1.7150014638900757
4500,mla_norope,123,3,13,0.03354339674115181,0.03789994493126869,1.7150014638900757
4500,mla_norope,123,3,14,0.05805491283535957,0.049831949174404144,1.7150014638900757
4500,mla_norope,123,3,15,0.06879374384880066,0.061262551695108414,1.7150014638900757
4500,mla_norope,123,4,0,0.07636057585477829,0.05906044691801071,1.370514988899231
4500,mla_norope,123,4,1,0.047388914972543716,0.04324236884713173,1.370514988899231
4500,mla_norope,123,4,2,0.06075144559144974,0.04925261065363884,1.370514988899231
4500,mla_norope,123,4,3,0.042531635612249374,0.05362080782651901,1.370514988899231
4500,mla_norope,123,4,4,0.05939534679055214,0.05847873166203499,1.370514988899231
4500,mla_norope,123,4,5,0.0629228726029396,0.08070053905248642,1.370514988899231
4500,mla_norope,123,4,6,0.07562682777643204,0.0680481418967247,1.370514988899231
4500,mla_norope,123,4,7,0.05669250339269638,0.06521683186292648,1.370514988899231
4500,mla_norope,123,4,8,0.06694295257329941,0.06323041021823883,1.370514988899231
4500,mla_norope,123,4,9,0.04343424364924431,0.05472148209810257,1.370514988899231
4500,mla_norope,123,4,10,0.07551971077919006,0.06729885935783386,1.370514988899231
4500,mla_norope,123,4,11,0.07293213158845901,0.05071103572845459,1.370514988899231
4500,mla_norope,123,4,12,0.059907227754592896,0.07625331729650497,1.370514988899231
4500,mla_norope,123,4,13,0.06798055022954941,0.06884302198886871,1.370514988899231
4500,mla_norope,123,4,14,0.04883310943841934,0.053100042045116425,1.370514988899231
4500,mla_norope,123,4,15,0.08277995139360428,0.08822117745876312,1.370514988899231
4500,mla_norope,123,5,0,0.07970540225505829,0.08823034912347794,1.416345477104187
4500,mla_norope,123,5,1,0.039533283561468124,0.03691105917096138,1.416345477104187
4500,mla_norope,123,5,2,0.06374064087867737,0.05892535671591759,1.416345477104187
4500,mla_norope,123,5,3,0.09865377098321915,0.08859869092702866,1.416345477104187
4500,mla_norope,123,5,4,0.05812693387269974,0.04710445925593376,1.416345477104187
4500,mla_norope,123,5,5,0.045195721089839935,0.06220436096191406,1.416345477104187
4500,mla_norope,123,5,6,0.12573862075805664,0.10761820524930954,1.416345477104187
4500,mla_norope,123,5,7,0.04024149477481842,0.0457770973443985,1.416345477104187
4500,mla_norope,123,5,8,0.03396667540073395,0.05265979841351509,1.416345477104187
4500,mla_norope,123,5,9,0.022128092125058174,0.03173813596367836,1.416345477104187
4500,mla_norope,123,5,10,0.09225931763648987,0.1018892377614975,1.416345477104187
4500,mla_norope,123,5,11,0.06443329155445099,0.05081585794687271,1.416345477104187
4500,mla_norope,123,5,12,0.05051238834857941,0.06001731753349304,1.416345477104187
4500,mla_norope,123,5,13,0.0387624092400074,0.029995940625667572,1.416345477104187
4500,mla_norope,123,5,14,0.05723215639591217,0.05443801358342171,1.416345477104187
4500,mla_norope,123,5,15,0.08976979553699493,0.08307613432407379,1.416345477104187
5000,mla_norope,123,1,0,0.07829813659191132,0.06495816260576248,2.5449059009552
5000,mla_norope,123,1,1,0.08399821072816849,0.06656299531459808,2.5449059009552
5000,mla_norope,123,1,2,0.0627695694565773,0.06316941976547241,2.5449059009552
5000,mla_norope,123,1,3,0.048196207731962204,0.0620565339922905,2.5449059009552
5000,mla_norope,123,1,4,0.07414581626653671,0.0638941079378128,2.5449059009552
5000,mla_norope,123,1,5,0.07358245551586151,0.059916190803050995,2.5449059009552
5000,mla_norope,123,1,6,0.04922851547598839,0.0621178112924099,2.5449059009552
5000,mla_norope,123,1,7,0.06443654745817184,0.06679043918848038,2.5449059009552
5000,mla_norope,123,1,8,0.0715535506606102,0.05310044437646866,2.5449059009552
5000,mla_norope,123,1,9,0.0457376092672348,0.06247381120920181,2.5449059009552
5000,mla_norope,123,1,10,0.07228027284145355,0.06122712418437004,2.5449059009552
5000,mla_norope,123,1,11,0.0785178616642952,0.06379901617765427,2.5449059009552
5000,mla_norope,123,1,12,0.05623209476470947,0.06449544429779053,2.5449059009552
5000,mla_norope,123,1,13,0.038244932889938354,0.06108322739601135,2.5449059009552
5000,mla_norope,123,1,14,0.0390237420797348,0.060171693563461304,2.5449059009552
5000,mla_norope,123,1,15,0.06375447660684586,0.06418357044458389,2.5449059009552
5000,mla_norope,123,2,0,0.05836039409041405,0.04922977089881897,2.0234110355377197
5000,mla_norope,123,2,1,0.06962320953607559,0.06786026805639267,2.0234110355377197
5000,mla_norope,123,2,2,0.058577679097652435,0.053156692534685135,2.0234110355377197
5000,mla_norope,123,2,3,0.058095093816518784,0.0509633868932724,2.0234110355377197
5000,mla_norope,123,2,4,0.05142710357904434,0.05771087482571602,2.0234110355377197
5000,mla_norope,123,2,5,0.06543375551700592,0.0639137402176857,2.0234110355377197
5000,mla_norope,123,2,6,0.0657704696059227,0.0657954290509224,2.0234110355377197
5000,mla_norope,123,2,7,0.07391753792762756,0.08103089034557343,2.0234110355377197
5000,mla_norope,123,2,8,0.06317444145679474,0.071200892329216,2.0234110355377197
5000,mla_norope,123,2,9,0.06423217803239822,0.0615408755838871,2.0234110355377197
5000,mla_norope,123,2,10,0.06359802186489105,0.056481678038835526,2.0234110355377197
5000,mla_norope,123,2,11,0.04548197612166405,0.04998887702822685,2.0234110355377197
5000,mla_norope,123,2,12,0.07713206112384796,0.07274526357650757,2.0234110355377197
5000,mla_norope,123,2,13,0.0536213181912899,0.06518485397100449,2.0234110355377197
5000,mla_norope,123,2,14,0.048790182918310165,0.05274184048175812,2.0234110355377197
5000,mla_norope,123,2,15,0.08276458829641342,0.08045460283756256,2.0234110355377197
5000,mla_norope,123,3,0,0.07096751034259796,0.06723995506763458,1.6890140771865845
5000,mla_norope,123,3,1,0.06454071402549744,0.07396042346954346,1.6890140771865845
5000,mla_norope,123,3,2,0.050645142793655396,0.05723083019256592,1.6890140771865845
5000,mla_norope,123,3,3,0.06196889281272888,0.0520891435444355,1.6890140771865845
5000,mla_norope,123,3,4,0.06325032562017441,0.06056506559252739,1.6890140771865845
5000,mla_norope,123,3,5,0.04834024980664253,0.05623668059706688,1.6890140771865845
5000,mla_norope,123,3,6,0.05449055880308151,0.05977916717529297,1.6890140771865845
5000,mla_norope,123,3,7,0.09870666265487671,0.08600454032421112,1.6890140771865845
5000,mla_norope,123,3,8,0.07069000601768494,0.06434007734060287,1.6890140771865845
5000,mla_norope,123,3,9,0.05555928498506546,0.06575514376163483,1.6890140771865845
5000,mla_norope,123,3,10,0.05094106122851372,0.05523810535669327,1.6890140771865845
5000,mla_norope,123,3,11,0.05507903918623924,0.060700442641973495,1.6890140771865845
5000,mla_norope,123,3,12,0.07941833138465881,0.08630447089672089,1.6890140771865845
5000,mla_norope,123,3,13,0.04364064708352089,0.0429026298224926,1.6890140771865845
5000,mla_norope,123,3,14,0.06449005007743835,0.051557157188653946,1.6890140771865845
5000,mla_norope,123,3,15,0.06727152317762375,0.06009618937969208,1.6890140771865845
5000,mla_norope,123,4,0,0.07252950221300125,0.0572395846247673,1.3591128587722778
5000,mla_norope,123,4,1,0.04924662411212921,0.04564550891518593,1.3591128587722778
5000,mla_norope,123,4,2,0.0550200380384922,0.046689435839653015,1.3591128587722778
5000,mla_norope,123,4,3,0.054668985307216644,0.0644499659538269,1.3591128587722778
5000,mla_norope,123,4,4,0.0591939277946949,0.05723227933049202,1.3591128587722778
5000,mla_norope,123,4,5,0.06411926448345184,0.07840748876333237,1.3591128587722778
5000,mla_norope,123,4,6,0.07815948128700256,0.0685063898563385,1.3591128587722778
5000,mla_norope,123,4,7,0.057660218328237534,0.06615927815437317,1.3591128587722778
5000,mla_norope,123,4,8,0.06315927952528,0.06219613552093506,1.3591128587722778
5000,mla_norope,123,4,9,0.04746958240866661,0.05646033585071564,1.3591128587722778
5000,mla_norope,123,4,10,0.07769490778446198,0.06920592486858368,1.3591128587722778
5000,mla_norope,123,4,11,0.070819191634655,0.049041152000427246,1.3591128587722778
5000,mla_norope,123,4,12,0.060265298932790756,0.07440897822380066,1.3591128587722778
5000,mla_norope,123,4,13,0.059461161494255066,0.06056835129857063,1.3591128587722778
5000,mla_norope,123,4,14,0.04816630110144615,0.05110325664281845,1.3591128587722778
5000,mla_norope,123,4,15,0.0823662281036377,0.09268584102392197,1.3591128587722778
5000,mla_norope,123,5,0,0.07994801551103592,0.08694256097078323,1.4223664999008179
5000,mla_norope,123,5,1,0.042469583451747894,0.040143318474292755,1.4223664999008179
5000,mla_norope,123,5,2,0.06496327370405197,0.06125925853848457,1.4223664999008179
5000,mla_norope,123,5,3,0.09758707880973816,0.08693250268697739,1.4223664999008179
5000,mla_norope,123,5,4,0.05749135464429855,0.04544408246874809,1.4223664999008179
5000,mla_norope,123,5,5,0.04874999821186066,0.06662880629301071,1.4223664999008179
5000,mla_norope,123,5,6,0.13314951956272125,0.11424712836742401,1.4223664999008179
5000,mla_norope,123,5,7,0.042643431574106216,0.04890003055334091,1.4223664999008179
5000,mla_norope,123,5,8,0.03168985992670059,0.051504477858543396,1.4223664999008179
5000,mla_norope,123,5,9,0.020562540739774704,0.029748741537332535,1.4223664999008179
5000,mla_norope,123,5,10,0.09280568361282349,0.10236697643995285,1.4223664999008179
5000,mla_norope,123,5,11,0.06471669673919678,0.052079472690820694,1.4223664999008179
5000,mla_norope,123,5,12,0.04367563873529434,0.051500771194696426,1.4223664999008179
5000,mla_norope,123,5,13,0.04061086103320122,0.030038397759199142,1.4223664999008179
5000,mla_norope,123,5,14,0.05415954440832138,0.05250054597854614,1.4223664999008179
5000,mla_norope,123,5,15,0.08477691560983658,0.07976294308900833,1.4223664999008179
5500,mla_norope,123,1,0,0.07942555844783783,0.0670357421040535,2.5116238594055176
5500,mla_norope,123,1,1,0.07597951591014862,0.06368265300989151,2.5116238594055176
5500,mla_norope,123,1,2,0.06820221245288849,0.06463266909122467,2.5116238594055176
5500,mla_norope,123,1,3,0.05699554458260536,0.0649532601237297,2.5116238594055176
5500,mla_norope,123,1,4,0.06510589271783829,0.06126096844673157,2.5116238594055176
5500,mla_norope,123,1,5,0.06304392218589783,0.05607515200972557,2.5116238594055176
5500,mla_norope,123,1,6,0.07083272188901901,0.06496749073266983,2.5116238594055176
5500,mla_norope,123,1,7,0.03959492966532707,0.06003621965646744,2.5116238594055176
5500,mla_norope,123,1,8,0.07910847663879395,0.05701848492026329,2.5116238594055176
5500,mla_norope,123,1,9,0.036553651094436646,0.06098927929997444,2.5116238594055176
5500,mla_norope,123,1,10,0.08265950530767441,0.06750026345252991,2.5116238594055176
5500,mla_norope,123,1,11,0.06857991218566895,0.05988115817308426,2.5116238594055176
5500,mla_norope,123,1,12,0.053143106400966644,0.06500475853681564,2.5116238594055176
5500,mla_norope,123,1,13,0.05705922469496727,0.06366801261901855,2.5116238594055176
5500,mla_norope,123,1,14,0.04495452716946602,0.059794481843709946,2.5116238594055176
5500,mla_norope,123,1,15,0.058761291205883026,0.06349945813417435,2.5116238594055176
5500,mla_norope,123,2,0,0.05648915469646454,0.048241596668958664,2.002718448638916
5500,mla_norope,123,2,1,0.07157175987958908,0.06975605338811874,2.002718448638916
5500,mla_norope,123,2,2,0.06485748291015625,0.0563175193965435,2.002718448638916
5500,mla_norope,123,2,3,0.0604502372443676,0.05187195912003517,2.002718448638916
5500,mla_norope,123,2,4,0.046249084174633026,0.05525868758559227,2.002718448638916
5500,mla_norope,123,2,5,0.057742003351449966,0.060197874903678894,2.002718448638916
5500,mla_norope,123,2,6,0.06471171230077744,0.06482560187578201,2.002718448638916
5500,mla_norope,123,2,7,0.0679226666688919,0.07277213782072067,2.002718448638916
5500,mla_norope,123,2,8,0.0548725388944149,0.06563904881477356,2.002718448638916
5500,mla_norope,123,2,9,0.06087860092520714,0.05891532078385353,2.002718448638916
5500,mla_norope,123,2,10,0.0722573846578598,0.06266891211271286,2.002718448638916
5500,mla_norope,123,2,11,0.04893900454044342,0.05031028017401695,2.002718448638916
5500,mla_norope,123,2,12,0.08084157109260559,0.07759221643209457,2.002718448638916
5500,mla_norope,123,2,13,0.056861165910959244,0.0691475197672844,2.002718448638916
5500,mla_norope,123,2,14,0.05025767162442207,0.05455683916807175,2.002718448638916
5500,mla_norope,123,2,15,0.08509796112775803,0.08192848414182663,2.002718448638916
5500,mla_norope,123,3,0,0.0709540843963623,0.06670287996530533,1.684602975845337
5500,mla_norope,123,3,1,0.06214436888694763,0.07159340381622314,1.684602975845337
5500,mla_norope,123,3,2,0.053427837789058685,0.06001457944512367,1.684602975845337
5500,mla_norope,123,3,3,0.05579467862844467,0.05033137649297714,1.684602975845337
5500,mla_norope,123,3,4,0.06497996300458908,0.06300859898328781,1.684602975845337
5500,mla_norope,123,3,5,0.04178151488304138,0.05498223006725311,1.684602975845337
5500,mla_norope,123,3,6,0.0561981201171875,0.06038687378168106,1.684602975845337
5500,mla_norope,123,3,7,0.10084421932697296,0.08733359724283218,1.684602975845337
5500,mla_norope,123,3,8,0.07455688714981079,0.06630532443523407,1.684602975845337
5500,mla_norope,123,3,9,0.05376281589269638,0.0628601536154747,1.684602975845337
5500,mla_norope,123,3,10,0.05160156264901161,0.0541914626955986,1.684602975845337
5500,mla_norope,123,3,11,0.05329905077815056,0.058397408574819565,1.684602975845337
5500,mla_norope,123,3,12,0.07882232964038849,0.08393235504627228,1.684602975845337
5500,mla_norope,123,3,13,0.04403035342693329,0.043729379773139954,1.684602975845337
5500,mla_norope,123,3,14,0.06709147244691849,0.052572399377822876,1.684602975845337
5500,mla_norope,123,3,15,0.07071075588464737,0.06365795433521271,1.684602975845337
5500,mla_norope,123,4,0,0.06660186499357224,0.05036903917789459,1.3561551570892334
5500,mla_norope,123,4,1,0.05528757721185684,0.05091080814599991,1.3561551570892334
5500,mla_norope,123,4,2,0.05766662582755089,0.047101058065891266,1.3561551570892334
5500,mla_norope,123,4,3,0.04534260928630829,0.057798054069280624,1.3561551570892334
5500,mla_norope,123,4,4,0.06017669662833214,0.059271227568387985,1.3561551570892334
5500,mla_norope,123,4,5,0.06287486106157303,0.08024022728204727,1.3561551570892334
5500,mla_norope,123,4,6,0.07770538330078125,0.06837821006774902,1.3561551570892334
5500,mla_norope,123,4,7,0.05387817323207855,0.06334660947322845,1.3561551570892334
5500,mla_norope,123,4,8,0.06926482915878296,0.06752817332744598,1.3561551570892334
5500,mla_norope,123,4,9,0.04537780582904816,0.055432435125112534,1.3561551570892334
5500,mla_norope,123,4,10,0.07705932855606079,0.06825152039527893,1.3561551570892334
5500,mla_norope,123,4,11,0.07059428095817566,0.04901374876499176,1.3561551570892334
5500,mla_norope,123,4,12,0.060740865767002106,0.07595505565404892,1.3561551570892334
5500,mla_norope,123,4,13,0.06521138548851013,0.0658382773399353,1.3561551570892334
5500,mla_norope,123,4,14,0.04811513423919678,0.05104874074459076,1.3561551570892334
5500,mla_norope,123,4,15,0.0841025784611702,0.08951687812805176,1.3561551570892334
5500,mla_norope,123,5,0,0.07625529170036316,0.08424956351518631,1.4145920276641846
5500,mla_norope,123,5,1,0.04261311888694763,0.04120013490319252,1.4145920276641846
5500,mla_norope,123,5,2,0.06542164832353592,0.06153251603245735,1.4145920276641846
5500,mla_norope,123,5,3,0.09816579520702362,0.08755232393741608,1.4145920276641846
5500,mla_norope,123,5,4,0.05943766236305237,0.04856524243950844,1.4145920276641846
5500,mla_norope,123,5,5,0.047577109187841415,0.06592807918787003,1.4145920276641846
5500,mla_norope,123,5,6,0.13051331043243408,0.11370226740837097,1.4145920276641846
5500,mla_norope,123,5,7,0.039774373173713684,0.042799290269613266,1.4145920276641846
5500,mla_norope,123,5,8,0.032556354999542236,0.05269879847764969,1.4145920276641846
5500,mla_norope,123,5,9,0.020873311907052994,0.030184004455804825,1.4145920276641846
5500,mla_norope,123,5,10,0.09355174005031586,0.10212043672800064,1.4145920276641846
5500,mla_norope,123,5,11,0.06562815606594086,0.050574734807014465,1.4145920276641846
5500,mla_norope,123,5,12,0.04509745165705681,0.05349164828658104,1.4145920276641846
5500,mla_norope,123,5,13,0.038879700005054474,0.02910994552075863,1.4145920276641846
5500,mla_norope,123,5,14,0.05758565291762352,0.05534396320581436,1.4145920276641846
5500,mla_norope,123,5,15,0.08606933802366257,0.08094699680805206,1.4145920276641846
6000,mla_norope,123,1,0,0.06665130704641342,0.06213947758078575,2.4837958812713623
6000,mla_norope,123,1,1,0.08558166772127151,0.06852979958057404,2.4837958812713623
6000,mla_norope,123,1,2,0.043606262654066086,0.05838996171951294,2.4837958812713623
6000,mla_norope,123,1,3,0.057218730449676514,0.0656750276684761,2.4837958812713623
6000,mla_norope,123,1,4,0.07370605319738388,0.06538351625204086,2.4837958812713623
6000,mla_norope,123,1,5,0.05356435105204582,0.05250399187207222,2.4837958812713623
6000,mla_norope,123,1,6,0.06285014003515244,0.0641503557562828,2.4837958812713623
6000,mla_norope,123,1,7,0.057273559272289276,0.0653749331831932,2.4837958812713623
6000,mla_norope,123,1,8,0.07488688081502914,0.05460584536194801,2.4837958812713623
6000,mla_norope,123,1,9,0.044587504118680954,0.061371468007564545,2.4837958812713623
6000,mla_norope,123,1,10,0.07632944732904434,0.06393777579069138,2.4837958812713623
6000,mla_norope,123,1,11,0.07630380988121033,0.06394916772842407,2.4837958812713623
6000,mla_norope,123,1,12,0.06391845643520355,0.06721972674131393,2.4837958812713623
6000,mla_norope,123,1,13,0.0628807544708252,0.06374353170394897,2.4837958812713623
6000,mla_norope,123,1,14,0.03272826969623566,0.05682012066245079,2.4837958812713623
6000,mla_norope,123,1,15,0.06791280210018158,0.06620527058839798,2.4837958812713623
6000,mla_norope,123,2,0,0.059429727494716644,0.05022000893950462,1.9873466491699219
6000,mla_norope,123,2,1,0.0757039412856102,0.07257512211799622,1.9873466491699219
6000,mla_norope,123,2,2,0.06423106044530869,0.055686742067337036,1.9873466491699219
6000,mla_norope,123,2,3,0.05235107243061066,0.04716186970472336,1.9873466491699219
6000,mla_norope,123,2,4,0.05012990161776543,0.057338930666446686,1.9873466491699219
6000,mla_norope,123,2,5,0.06491119414567947,0.0627393051981926,1.9873466491699219
6000,mla_norope,123,2,6,0.06453094631433487,0.06653134524822235,1.9873466491699219
6000,mla_norope,123,2,7,0.07051920890808105,0.07603228092193604,1.9873466491699219
6000,mla_norope,123,2,8,0.06945851445198059,0.07410354912281036,1.9873466491699219
6000,mla_norope,123,2,9,0.05940287187695503,0.058571357280015945,1.9873466491699219
6000,mla_norope,123,2,10,0.05988729000091553,0.055024076253175735,1.9873466491699219
6000,mla_norope,123,2,11,0.04557963088154793,0.04907437786459923,1.9873466491699219
6000,mla_norope,123,2,12,0.07365132868289948,0.07109256833791733,1.9873466491699219
6000,mla_norope,123,2,13,0.061552733182907104,0.07370109111070633,1.9873466491699219
6000,mla_norope,123,2,14,0.04884755611419678,0.053580429404973984,1.9873466491699219
6000,mla_norope,123,2,15,0.07981302589178085,0.07656720280647278,1.9873466491699219
6000,mla_norope,123,3,0,0.0695839449763298,0.06534616649150848,1.6561250686645508
6000,mla_norope,123,3,1,0.06371571868658066,0.07459456473588943,1.6561250686645508
6000,mla_norope,123,3,2,0.05715576186776161,0.06269686669111252,1.6561250686645508
6000,mla_norope,123,3,3,0.06213724613189697,0.052554741501808167,1.6561250686645508
6000,mla_norope,123,3,4,0.06459604948759079,0.06165402755141258,1.6561250686645508
6000,mla_norope,123,3,5,0.045858051627874374,0.05658712238073349,1.6561250686645508
6000,mla_norope,123,3,6,0.05378458648920059,0.059739042073488235,1.6561250686645508
6000,mla_norope,123,3,7,0.10190948843955994,0.08926223963499069,1.6561250686645508
6000,mla_norope,123,3,8,0.06711700558662415,0.0611603744328022,1.6561250686645508
6000,mla_norope,123,3,9,0.05593312531709671,0.06606648862361908,1.6561250686645508
6000,mla_norope,123,3,10,0.04955505207180977,0.05277908593416214,1.6561250686645508
6000,mla_norope,123,3,11,0.05564209073781967,0.06277719885110855,1.6561250686645508
6000,mla_norope,123,3,12,0.07163431495428085,0.07783827185630798,1.6561250686645508
6000,mla_norope,123,3,13,0.044867247343063354,0.044158317148685455,1.6561250686645508
6000,mla_norope,123,3,14,0.06710713356733322,0.05189694091677666,1.6561250686645508
6000,mla_norope,123,3,15,0.06940317898988724,0.060888562351465225,1.6561250686645508
6000,mla_norope,123,4,0,0.0754782110452652,0.058471158146858215,1.360277533531189
6000,mla_norope,123,4,1,0.04978495463728905,0.04634296894073486,1.360277533531189
6000,mla_norope,123,4,2,0.05782267078757286,0.048284243792295456,1.360277533531189
6000,mla_norope,123,4,3,0.04566334933042526,0.058332156389951706,1.360277533531189
6000,mla_norope,123,4,4,0.0581238828599453,0.058084867894649506,1.360277533531189
6000,mla_norope,123,4,5,0.06330475211143494,0.07855775952339172,1.360277533531189
6000,mla_norope,123,4,6,0.07553883641958237,0.067037433385849,1.360277533531189
6000,mla_norope,123,4,7,0.05556884780526161,0.0648026391863823,1.360277533531189
6000,mla_norope,123,4,8,0.07102325558662415,0.06638645380735397,1.360277533531189
6000,mla_norope,123,4,9,0.04594360291957855,0.05258674919605255,1.360277533531189
6000,mla_norope,123,4,10,0.0709577426314354,0.06437710672616959,1.360277533531189
6000,mla_norope,123,4,11,0.06941080838441849,0.04932424798607826,1.360277533531189
6000,mla_norope,123,4,12,0.06150868907570839,0.07512354105710983,1.360277533531189
6000,mla_norope,123,4,13,0.06893280148506165,0.06780364364385605,1.360277533531189
6000,mla_norope,123,4,14,0.04697469249367714,0.052185699343681335,1.360277533531189
6000,mla_norope,123,4,15,0.08396290987730026,0.09229917824268341,1.360277533531189
6000,mla_norope,123,5,0,0.0758812427520752,0.08606300503015518,1.4193787574768066
6000,mla_norope,123,5,1,0.043813273310661316,0.040539663285017014,1.4193787574768066
6000,mla_norope,123,5,2,0.0640658587217331,0.06029137969017029,1.4193787574768066
6000,mla_norope,123,5,3,0.09948059171438217,0.09064523875713348,1.4193787574768066
6000,mla_norope,123,5,4,0.058499857783317566,0.04664432629942894,1.4193787574768066
6000,mla_norope,123,5,5,0.050994161516427994,0.0705418661236763,1.4193787574768066
6000,mla_norope,123,5,6,0.13247212767601013,0.11269437521696091,1.4193787574768066
6000,mla_norope,123,5,7,0.043009236454963684,0.04722833260893822,1.4193787574768066
6000,mla_norope,123,5,8,0.030317993834614754,0.05105619505047798,1.4193787574768066
6000,mla_norope,123,5,9,0.018234558403491974,0.028716672211885452,1.4193787574768066
6000,mla_norope,123,5,10,0.09306681156158447,0.10212494432926178,1.4193787574768066
6000,mla_norope,123,5,11,0.06813954561948776,0.05275653675198555,1.4193787574768066
6000,mla_norope,123,5,12,0.044723816215991974,0.05227465182542801,1.4193787574768066
6000,mla_norope,123,5,13,0.038970742374658585,0.02937755174934864,1.4193787574768066
6000,mla_norope,123,5,14,0.055036112666130066,0.05100717395544052,1.4193787574768066
6000,mla_norope,123,5,15,0.08329406380653381,0.07803800702095032,1.4193787574768066
6500,mla_norope,123,1,0,0.066693015396595,0.06361262500286102,2.466097593307495
6500,mla_norope,123,1,1,0.0773683711886406,0.06612472236156464,2.466097593307495
6500,mla_norope,123,1,2,0.0651194229722023,0.06413282454013824,2.466097593307495
6500,mla_norope,123,1,3,0.057419128715991974,0.06451071053743362,2.466097593307495
6500,mla_norope,123,1,4,0.06818816810846329,0.06350567936897278,2.466097593307495
6500,mla_norope,123,1,5,0.06326548010110855,0.05653632432222366,2.466097593307495
6500,mla_norope,123,1,6,0.03512125834822655,0.057220861315727234,2.466097593307495
6500,mla_norope,123,1,7,0.07264434546232224,0.06826035678386688,2.466097593307495
6500,mla_norope,123,1,8,0.07493245601654053,0.05437583103775978,2.466097593307495
6500,mla_norope,123,1,9,0.05318339169025421,0.06299567222595215,2.466097593307495
6500,mla_norope,123,1,10,0.07596465945243835,0.06470902264118195,2.466097593307495
6500,mla_norope,123,1,11,0.08301747590303421,0.06685762852430344,2.466097593307495
6500,mla_norope,123,1,12,0.047097980976104736,0.06394782662391663,2.466097593307495
6500,mla_norope,123,1,13,0.05761515349149704,0.062146104872226715,2.466097593307495
6500,mla_norope,123,1,14,0.04706837981939316,0.058792635798454285,2.466097593307495
6500,mla_norope,123,1,15,0.05530130863189697,0.06227134168148041,2.466097593307495
6500,mla_norope,123,2,0,0.0597514845430851,0.050133686512708664,1.9646395444869995
6500,mla_norope,123,2,1,0.07573892921209335,0.07269237190485,1.9646395444869995
6500,mla_norope,123,2,2,0.06591349095106125,0.0570283941924572,1.9646395444869995
6500,mla_norope,123,2,3,0.0626823902130127,0.05209001898765564,1.9646395444869995
6500,mla_norope,123,2,4,0.051467183977365494,0.05599759519100189,1.9646395444869995
6500,mla_norope,123,2,5,0.05034087970852852,0.055507220327854156,1.9646395444869995
6500,mla_norope,123,2,6,0.06404245644807816,0.06609879434108734,1.9646395444869995
6500,mla_norope,123,2,7,0.07155629247426987,0.07793337851762772,1.9646395444869995
6500,mla_norope,123,2,8,0.05274108797311783,0.06391002982854843,1.9646395444869995
6500,mla_norope,123,2,9,0.06465820223093033,0.061702098697423935,1.9646395444869995
6500,mla_norope,123,2,10,0.06237854063510895,0.05633138492703438,1.9646395444869995
6500,mla_norope,123,2,11,0.04615478590130806,0.048727553337812424,1.9646395444869995
6500,mla_norope,123,2,12,0.07330190390348434,0.07087372988462448,1.9646395444869995
6500,mla_norope,123,2,13,0.0592835508286953,0.07235985994338989,1.9646395444869995
6500,mla_norope,123,2,14,0.054761555045843124,0.05514965578913689,1.9646395444869995
6500,mla_norope,123,2,15,0.08522725105285645,0.08346421271562576,1.9646395444869995
6500,mla_norope,123,3,0,0.0691668689250946,0.06424416601657867,1.630853533744812
6500,mla_norope,123,3,1,0.062263693660497665,0.07277493923902512,1.630853533744812
6500,mla_norope,123,3,2,0.057307127863168716,0.06189141049981117,1.630853533744812
6500,mla_norope,123,3,3,0.07578277587890625,0.05845118686556816,1.630853533744812
6500,mla_norope,123,3,4,0.06035573408007622,0.058551520109176636,1.630853533744812
6500,mla_norope,123,3,5,0.04349517822265625,0.05757378786802292,1.630853533744812
6500,mla_norope,123,3,6,0.053195495158433914,0.05902373790740967,1.630853533744812
6500,mla_norope,123,3,7,0.10325255990028381,0.09044870734214783,1.630853533744812
6500,mla_norope,123,3,8,0.07228545844554901,0.0668260008096695,1.630853533744812
6500,mla_norope,123,3,9,0.05149902403354645,0.06178863346576691,1.630853533744812
6500,mla_norope,123,3,10,0.04827921465039253,0.05009740591049194,1.630853533744812
6500,mla_norope,123,3,11,0.049910787492990494,0.05583922192454338,1.630853533744812
6500,mla_norope,123,3,12,0.07529012113809586,0.08334338665008545,1.630853533744812
6500,mla_norope,123,3,13,0.037741292268037796,0.040560998022556305,1.630853533744812
6500,mla_norope,123,3,14,0.06813771277666092,0.054234765470027924,1.630853533744812
6500,mla_norope,123,3,15,0.07203694432973862,0.06435039639472961,1.630853533744812
6500,mla_norope,123,4,0,0.07636108249425888,0.05821361392736435,1.3526465892791748
6500,mla_norope,123,4,1,0.0506477877497673,0.047703053802251816,1.3526465892791748
6500,mla_norope,123,4,2,0.06341461092233658,0.05266299098730087,1.3526465892791748
6500,mla_norope,123,4,3,0.04154469817876816,0.05472883954644203,1.3526465892791748
6500,mla_norope,123,4,4,0.05881398543715477,0.058291245251894,1.3526465892791748
6500,mla_norope,123,4,5,0.06293202936649323,0.0777692124247551,1.3526465892791748
6500,mla_norope,123,4,6,0.07731384038925171,0.06853402405977249,1.3526465892791748
6500,mla_norope,123,4,7,0.054051514714956284,0.06379494071006775,1.3526465892791748
6500,mla_norope,123,4,8,0.07198862731456757,0.06985726952552795,1.3526465892791748
6500,mla_norope,123,4,9,0.0473562628030777,0.05746449902653694,1.3526465892791748
6500,mla_norope,123,4,10,0.07379252463579178,0.06652536243200302,1.3526465892791748
6500,mla_norope,123,4,11,0.06848511099815369,0.04740943759679794,1.3526465892791748
6500,mla_norope,123,4,12,0.05884603038430214,0.07387186586856842,1.3526465892791748
6500,mla_norope,123,4,13,0.06745422631502151,0.06591259688138962,1.3526465892791748
6500,mla_norope,123,4,14,0.043934427201747894,0.047895852476358414,1.3526465892791748
6500,mla_norope,123,4,15,0.08306325227022171,0.08936522901058197,1.3526465892791748
6500,mla_norope,123,5,0,0.07643310725688934,0.0856906920671463,1.4173932075500488
6500,mla_norope,123,5,1,0.03842915967106819,0.039366092532873154,1.4173932075500488
6500,mla_norope,123,5,2,0.06444274634122849,0.061585091054439545,1.4173932075500488
6500,mla_norope,123,5,3,0.10092681646347046,0.090779148042202,1.4173932075500488
6500,mla_norope,123,5,4,0.059220682829618454,0.0488598607480526,1.4173932075500488
6500,mla_norope,123,5,5,0.0487213134765625,0.06753963232040405,1.4173932075500488
6500,mla_norope,123,5,6,0.12823161482810974,0.10837660729885101,1.4173932075500488
6500,mla_norope,123,5,7,0.04153595119714737,0.04676973819732666,1.4173932075500488
6500,mla_norope,123,5,8,0.03675384446978569,0.053315576165914536,1.4173932075500488
6500,mla_norope,123,5,9,0.01845957525074482,0.02836783044040203,1.4173932075500488
6500,mla_norope,123,5,10,0.09350036829710007,0.0994301363825798,1.4173932075500488
6500,mla_norope,123,5,11,0.06479471921920776,0.05180524289608002,1.4173932075500488
6500,mla_norope,123,5,12,0.04623708128929138,0.05381152406334877,1.4173932075500488
6500,mla_norope,123,5,13,0.03946400806307793,0.029074767604470253,1.4173932075500488
6500,mla_norope,123,5,14,0.05763183534145355,0.05561460554599762,1.4173932075500488
6500,mla_norope,123,5,15,0.08521718531847,0.0796135663986206,1.4173932075500488
7000,mla_norope,123,1,0,0.0626087412238121,0.061521027237176895,2.4432711601257324
7000,mla_norope,123,1,1,0.07813669741153717,0.06762334704399109,2.4432711601257324
7000,mla_norope,123,1,2,0.06227254122495651,0.06294999271631241,2.4432711601257324
7000,mla_norope,123,1,3,0.06994374841451645,0.06902670860290527,2.4432711601257324
7000,mla_norope,123,1,4,0.07084411382675171,0.06663684546947479,2.4432711601257324
7000,mla_norope,123,1,5,0.070037841796875,0.06034134700894356,2.4432711601257324
7000,mla_norope,123,1,6,0.043093565851449966,0.058241117745637894,2.4432711601257324
7000,mla_norope,123,1,7,0.07594054937362671,0.06838323175907135,2.4432711601257324
7000,mla_norope,123,1,8,0.07065490633249283,0.05278709903359413,2.4432711601257324
7000,mla_norope,123,1,9,0.045111797749996185,0.060175105929374695,2.4432711601257324
7000,mla_norope,123,1,10,0.07521098107099533,0.06431961804628372,2.4432711601257324
7000,mla_norope,123,1,11,0.0730133056640625,0.06332642585039139,2.4432711601257324
7000,mla_norope,123,1,12,0.05151529982686043,0.06447269767522812,2.4432711601257324
7000,mla_norope,123,1,13,0.04921122267842293,0.0602339506149292,2.4432711601257324
7000,mla_norope,123,1,14,0.039460957050323486,0.05529433488845825,2.4432711601257324
7000,mla_norope,123,1,15,0.0629437267780304,0.06466712057590485,2.4432711601257324
7000,mla_norope,123,2,0,0.05808766558766365,0.050099145621061325,1.9495314359664917
7000,mla_norope,123,2,1,0.07273498177528381,0.07126157730817795,1.9495314359664917
7000,mla_norope,123,2,2,0.06006256118416786,0.054548297077417374,1.9495314359664917
7000,mla_norope,123,2,3,0.05905965343117714,0.05148370563983917,1.9495314359664917
7000,mla_norope,123,2,4,0.051773276180028915,0.05514664947986603,1.9495314359664917
7000,mla_norope,123,2,5,0.05483001843094826,0.0580456368625164,1.9495314359664917
7000,mla_norope,123,2,6,0.06577880680561066,0.06677249073982239,1.9495314359664917
7000,mla_norope,123,2,7,0.07135965675115585,0.07571259140968323,1.9495314359664917
7000,mla_norope,123,2,8,0.06233011931180954,0.07022494077682495,1.9495314359664917
7000,mla_norope,123,2,9,0.0635484829545021,0.06163321062922478,1.9495314359664917
7000,mla_norope,123,2,10,0.06813720613718033,0.059256695210933685,1.9495314359664917
7000,mla_norope,123,2,11,0.05699147656559944,0.05538273975253105,1.9495314359664917
7000,mla_norope,123,2,12,0.06453125178813934,0.06412328779697418,1.9495314359664917
7000,mla_norope,123,2,13,0.058910828083753586,0.07219212502241135,1.9495314359664917
7000,mla_norope,123,2,14,0.048003945499658585,0.05359731614589691,1.9495314359664917
7000,mla_norope,123,2,15,0.08386006951332092,0.08051981031894684,1.9495314359664917
7000,mla_norope,123,3,0,0.069366455078125,0.06529126316308975,1.6212886571884155
7000,mla_norope,123,3,1,0.06154011934995651,0.07199832051992416,1.6212886571884155
7000,mla_norope,123,3,2,0.05575114116072655,0.06105220690369606,1.6212886571884155
7000,mla_norope,123,3,3,0.05443918704986572,0.04858177527785301,1.6212886571884155
7000,mla_norope,123,3,4,0.06208231672644615,0.05980895832180977,1.6212886571884155
7000,mla_norope,123,3,5,0.048302408307790756,0.057312145829200745,1.6212886571884155
7000,mla_norope,123,3,6,0.05784189701080322,0.06129276379942894,1.6212886571884155
7000,mla_norope,123,3,7,0.10328623652458191,0.0884549468755722,1.6212886571884155
7000,mla_norope,123,3,8,0.07033009827136993,0.06482773274183273,1.6212886571884155
7000,mla_norope,123,3,9,0.055236510932445526,0.06396348029375076,1.6212886571884155
7000,mla_norope,123,3,10,0.05127095431089401,0.053243666887283325,1.6212886571884155
7000,mla_norope,123,3,11,0.05339569225907326,0.059568457305431366,1.6212886571884155
7000,mla_norope,123,3,12,0.07397563010454178,0.08271609991788864,1.6212886571884155
7000,mla_norope,123,3,13,0.04568339139223099,0.044745009392499924,1.6212886571884155
7000,mla_norope,123,3,14,0.06204274669289589,0.05054379627108574,1.6212886571884155
7000,mla_norope,123,3,15,0.07545521855354309,0.06659934669733047,1.6212886571884155
7000,mla_norope,123,4,0,0.0745658352971077,0.05752381682395935,1.3360306024551392
7000,mla_norope,123,4,1,0.05002939701080322,0.047653768211603165,1.3360306024551392
7000,mla_norope,123,4,2,0.06167317554354668,0.05076043680310249,1.3360306024551392
7000,mla_norope,123,4,3,0.044791363179683685,0.057567499577999115,1.3360306024551392
7000,mla_norope,123,4,4,0.060532428324222565,0.05931081622838974,1.3360306024551392
7000,mla_norope,123,4,5,0.06522735953330994,0.08063503354787827,1.3360306024551392
7000,mla_norope,123,4,6,0.0783151239156723,0.07043621689081192,1.3360306024551392
7000,mla_norope,123,4,7,0.05446818098425865,0.06340436637401581,1.3360306024551392
7000,mla_norope,123,4,8,0.06598490476608276,0.0630948394536972,1.3360306024551392
7000,mla_norope,123,4,9,0.047299500554800034,0.056437697261571884,1.3360306024551392
7000,mla_norope,123,4,10,0.07527761161327362,0.06766746193170547,1.3360306024551392
7000,mla_norope,123,4,11,0.06967773288488388,0.04925177991390228,1.3360306024551392
7000,mla_norope,123,4,12,0.05939646437764168,0.07309671491384506,1.3360306024551392
7000,mla_norope,123,4,13,0.06433369964361191,0.06307494640350342,1.3360306024551392
7000,mla_norope,123,4,14,0.04616068676114082,0.05090568959712982,1.3360306024551392
7000,mla_norope,123,4,15,0.08226653933525085,0.08917901664972305,1.3360306024551392
7000,mla_norope,123,5,0,0.07758931815624237,0.08658015727996826,1.3923877477645874
7000,mla_norope,123,5,1,0.04183044284582138,0.04037916660308838,1.3923877477645874
7000,mla_norope,123,5,2,0.06260254234075546,0.05921312794089317,1.3923877477645874
7000,mla_norope,123,5,3,0.09728841483592987,0.08671557158231735,1.3923877477645874
7000,mla_norope,123,5,4,0.06040964648127556,0.04985567554831505,1.3923877477645874
7000,mla_norope,123,5,5,0.047979533672332764,0.06639660149812698,1.3923877477645874
7000,mla_norope,123,5,6,0.13178934156894684,0.11353690177202225,1.3923877477645874
7000,mla_norope,123,5,7,0.041069336235523224,0.04623069241642952,1.3923877477645874
7000,mla_norope,123,5,8,0.03347117081284523,0.051999256014823914,1.3923877477645874
7000,mla_norope,123,5,9,0.019646810367703438,0.028849108144640923,1.3923877477645874
7000,mla_norope,123,5,10,0.09274546056985855,0.09868328273296356,1.3923877477645874
7000,mla_norope,123,5,11,0.06735412776470184,0.05405038967728615,1.3923877477645874
7000,mla_norope,123,5,12,0.04691477492451668,0.05439669266343117,1.3923877477645874
7000,mla_norope,123,5,13,0.03661854937672615,0.028562333434820175,1.3923877477645874
7000,mla_norope,123,5,14,0.056940410286188126,0.053881943225860596,1.3923877477645874
7000,mla_norope,123,5,15,0.08575012534856796,0.08066916465759277,1.3923877477645874
7500,mla_norope,123,1,0,0.07006530463695526,0.06693054735660553,2.422280788421631
7500,mla_norope,123,1,1,0.07715240120887756,0.06744779646396637,2.422280788421631
7500,mla_norope,123,1,2,0.07484975457191467,0.06713889539241791,2.422280788421631
7500,mla_norope,123,1,3,0.04755808413028717,0.06209569424390793,2.422280788421631
7500,mla_norope,123,1,4,0.06447560340166092,0.06309564411640167,2.422280788421631
7500,mla_norope,123,1,5,0.0697975680232048,0.06020519882440567,2.422280788421631
7500,mla_norope,123,1,6,0.03900085389614105,0.05673806369304657,2.422280788421631
7500,mla_norope,123,1,7,0.07291869819164276,0.06732059270143509,2.422280788421631
7500,mla_norope,123,1,8,0.06924265623092651,0.052309561520814896,2.422280788421631
7500,mla_norope,123,1,9,0.05696156993508339,0.06260364502668381,2.422280788421631
7500,mla_norope,123,1,10,0.07975351810455322,0.0680585578083992,2.422280788421631
7500,mla_norope,123,1,11,0.07298462092876434,0.06403841823339462,2.422280788421631
7500,mla_norope,123,1,12,0.04522695019841194,0.06297881156206131,2.422280788421631
7500,mla_norope,123,1,13,0.04335184767842293,0.05916329845786095,2.422280788421631
7500,mla_norope,123,1,14,0.05924845486879349,0.05944681167602539,2.422280788421631
7500,mla_norope,123,1,15,0.05741211026906967,0.060428448021411896,2.422280788421631
7500,mla_norope,123,2,0,0.059241537004709244,0.05108938366174698,1.9408206939697266
7500,mla_norope,123,2,1,0.0737418606877327,0.07175231724977493,1.9408206939697266
7500,mla_norope,123,2,2,0.06511027365922928,0.055474184453487396,1.9408206939697266
7500,mla_norope,123,2,3,0.057923175394535065,0.04944980889558792,1.9408206939697266
7500,mla_norope,123,2,4,0.04834350571036339,0.05429619923233986,1.9408206939697266
7500,mla_norope,123,2,5,0.060045573860406876,0.06065750867128372,1.9408206939697266
7500,mla_norope,123,2,6,0.06332539767026901,0.06572481244802475,1.9408206939697266
7500,mla_norope,123,2,7,0.07238484919071198,0.07716935127973557,1.9408206939697266
7500,mla_norope,123,2,8,0.058354493230581284,0.0689256489276886,1.9408206939697266
7500,mla_norope,123,2,9,0.0609283447265625,0.05926668271422386,1.9408206939697266
7500,mla_norope,123,2,10,0.07008097320795059,0.0606103390455246,1.9408206939697266
7500,mla_norope,123,2,11,0.04340199753642082,0.047287467867136,1.9408206939697266
7500,mla_norope,123,2,12,0.07250447571277618,0.06989496201276779,1.9408206939697266
7500,mla_norope,123,2,13,0.054627686738967896,0.06747046858072281,1.9408206939697266
7500,mla_norope,123,2,14,0.053680624812841415,0.05590922757983208,1.9408206939697266
7500,mla_norope,123,2,15,0.08630523830652237,0.08502180129289627,1.9408206939697266
7500,mla_norope,123,3,0,0.07106709480285645,0.06705582141876221,1.602312445640564
7500,mla_norope,123,3,1,0.060259297490119934,0.07156446576118469,1.602312445640564
7500,mla_norope,123,3,2,0.051669515669345856,0.05769030377268791,1.602312445640564
7500,mla_norope,123,3,3,0.06949269771575928,0.055186498910188675,1.602312445640564
7500,mla_norope,123,3,4,0.06007934734225273,0.058141328394412994,1.602312445640564
7500,mla_norope,123,3,5,0.04171844571828842,0.05448992922902107,1.602312445640564
7500,mla_norope,123,3,6,0.05993438884615898,0.06198253110051155,1.602312445640564
7500,mla_norope,123,3,7,0.10174652189016342,0.085377998650074,1.602312445640564
7500,mla_norope,123,3,8,0.07663004845380783,0.07193285971879959,1.602312445640564
7500,mla_norope,123,3,9,0.05228464677929878,0.06341345608234406,1.602312445640564
7500,mla_norope,123,3,10,0.050344645977020264,0.05235544592142105,1.602312445640564
7500,mla_norope,123,3,11,0.05231119692325592,0.059905536472797394,1.602312445640564
7500,mla_norope,123,3,12,0.07272959500551224,0.08172135055065155,1.602312445640564
7500,mla_norope,123,3,13,0.040759481489658356,0.04251417517662048,1.602312445640564
7500,mla_norope,123,3,14,0.06838785856962204,0.052846651524305344,1.602312445640564
7500,mla_norope,123,3,15,0.0705852285027504,0.06382168084383011,1.602312445640564
7500,mla_norope,123,4,0,0.07570037990808487,0.05733902007341385,1.3377517461776733
7500,mla_norope,123,4,1,0.0513954684138298,0.047999028116464615,1.3377517461776733
7500,mla_norope,123,4,2,0.05699971690773964,0.048107825219631195,1.3377517461776733
7500,mla_norope,123,4,3,0.04367116466164589,0.0571548193693161,1.3377517461776733
7500,mla_norope,123,4,4,0.06026061996817589,0.058968327939510345,1.3377517461776733
7500,mla_norope,123,4,5,0.06079152598977089,0.0764424279332161,1.3377517461776733
7500,mla_norope,123,4,6,0.07486633211374283,0.06685157120227814,1.3377517461776733
7500,mla_norope,123,4,7,0.053088583052158356,0.06250275671482086,1.3377517461776733
7500,mla_norope,123,4,8,0.06810211390256882,0.06634828448295593,1.3377517461776733
7500,mla_norope,123,4,9,0.04781626537442207,0.05588185787200928,1.3377517461776733
7500,mla_norope,123,4,10,0.07544209808111191,0.06838473677635193,1.3377517461776733
7500,mla_norope,123,4,11,0.07033894956111908,0.05007624253630638,1.3377517461776733
7500,mla_norope,123,4,12,0.0626303106546402,0.07494600117206573,1.3377517461776733
7500,mla_norope,123,4,13,0.07202769070863724,0.06923890113830566,1.3377517461776733
7500,mla_norope,123,4,14,0.04518178477883339,0.05072742700576782,1.3377517461776733
7500,mla_norope,123,4,15,0.08168701082468033,0.08903080224990845,1.3377517461776733
7500,mla_norope,123,5,0,0.07906778901815414,0.08837798982858658,1.4069799184799194
7500,mla_norope,123,5,1,0.048615824431180954,0.042744506150484085,1.4069799184799194
7500,mla_norope,123,5,2,0.06448201835155487,0.06342238932847977,1.4069799184799194
7500,mla_norope,123,5,3,0.09682881832122803,0.08592153340578079,1.4069799184799194
7500,mla_norope,123,5,4,0.05806009843945503,0.04847070574760437,1.4069799184799194
7500,mla_norope,123,5,5,0.04615732654929161,0.06326920539140701,1.4069799184799194
7500,mla_norope,123,5,6,0.12799417972564697,0.10667941719293594,1.4069799184799194
7500,mla_norope,123,5,7,0.043515726923942566,0.048769645392894745,1.4069799184799194
7500,mla_norope,123,5,8,0.030453389510512352,0.05133244767785072,1.4069799184799194
7500,mla_norope,123,5,9,0.017638754099607468,0.02792569249868393,1.4069799184799194
7500,mla_norope,123,5,10,0.09293650090694427,0.09909654408693314,1.4069799184799194
7500,mla_norope,123,5,11,0.0692843645811081,0.05579519271850586,1.4069799184799194
7500,mla_norope,123,5,12,0.046025391668081284,0.05332782864570618,1.4069799184799194
7500,mla_norope,123,5,13,0.03798217698931694,0.029261551797389984,1.4069799184799194
7500,mla_norope,123,5,14,0.05244842544198036,0.05062420293688774,1.4069799184799194
7500,mla_norope,123,5,15,0.0885092169046402,0.08498117327690125,1.4069799184799194
8000,mla_norope,123,1,0,0.059881795197725296,0.06121579557657242,2.39806866645813
8000,mla_norope,123,1,1,0.08185628056526184,0.07059426605701447,2.39806866645813
8000,mla_norope,123,1,2,0.056377869099378586,0.06231091916561127,2.39806866645813
8000,mla_norope,123,1,3,0.050995584577322006,0.06410995870828629,2.39806866645813
8000,mla_norope,123,1,4,0.06825917214155197,0.06515537947416306,2.39806866645813
8000,mla_norope,123,1,5,0.07104695588350296,0.06099405884742737,2.39806866645813
8000,mla_norope,123,1,6,0.04769592359662056,0.05735822021961212,2.39806866645813
8000,mla_norope,123,1,7,0.050246987491846085,0.06125137209892273,2.39806866645813
8000,mla_norope,123,1,8,0.07089202851057053,0.05370276793837547,2.39806866645813
8000,mla_norope,123,1,9,0.06702698022127151,0.06282635033130646,2.39806866645813
8000,mla_norope,123,1,10,0.08062916994094849,0.06921987980604172,2.39806866645813
8000,mla_norope,123,1,11,0.07660919427871704,0.06615637987852097,2.39806866645813
8000,mla_norope,123,1,12,0.05393890291452408,0.06604669988155365,2.39806866645813
8000,mla_norope,123,1,13,0.05323842540383339,0.059918295592069626,2.39806866645813
8000,mla_norope,123,1,14,0.051604513078927994,0.05676855146884918,2.39806866645813
8000,mla_norope,123,1,15,0.059700217097997665,0.06237121671438217,2.39806866645813
8000,mla_norope,123,2,0,0.05721079558134079,0.04949037730693817,1.9199025630950928
8000,mla_norope,123,2,1,0.06900715827941895,0.0689253881573677,1.9199025630950928
8000,mla_norope,123,2,2,0.06318908929824829,0.056166332215070724,1.9199025630950928
8000,mla_norope,123,2,3,0.06571654975414276,0.054600123316049576,1.9199025630950928
8000,mla_norope,123,2,4,0.05791005492210388,0.056315887719392776,1.9199025630950928
8000,mla_norope,123,2,5,0.05241353437304497,0.057663872838020325,1.9199025630950928
8000,mla_norope,123,2,6,0.06231028214097023,0.06418239325284958,1.9199025630950928
8000,mla_norope,123,2,7,0.0702049732208252,0.0754207894206047,1.9199025630950928
8000,mla_norope,123,2,8,0.056358542293310165,0.06749983876943588,1.9199025630950928
8000,mla_norope,123,2,9,0.05959055572748184,0.05858485400676727,1.9199025630950928
8000,mla_norope,123,2,10,0.07154124230146408,0.06172700226306915,1.9199025630950928
8000,mla_norope,123,2,11,0.04986816272139549,0.05194009840488434,1.9199025630950928
8000,mla_norope,123,2,12,0.07266438752412796,0.07140050083398819,1.9199025630950928
8000,mla_norope,123,2,13,0.059180907905101776,0.07240249961614609,1.9199025630950928
8000,mla_norope,123,2,14,0.05124755948781967,0.0544421561062336,1.9199025630950928
8000,mla_norope,123,2,15,0.08158620446920395,0.07923805713653564,1.9199025630950928
8000,mla_norope,123,3,0,0.07140899449586868,0.06763241440057755,1.5935020446777344
8000,mla_norope,123,3,1,0.06048746779561043,0.07070516049861908,1.5935020446777344
8000,mla_norope,123,3,2,0.056913044303655624,0.061922408640384674,1.5935020446777344
8000,mla_norope,123,3,3,0.07139790803194046,0.05740555375814438,1.5935020446777344
8000,mla_norope,123,3,4,0.06301574409008026,0.06157318875193596,1.5935020446777344
8000,mla_norope,123,3,5,0.04568389803171158,0.05596219375729561,1.5935020446777344
8000,mla_norope,123,3,6,0.05186248943209648,0.058519694954156876,1.5935020446777344
8000,mla_norope,123,3,7,0.10392151027917862,0.08765669167041779,1.5935020446777344
8000,mla_norope,123,3,8,0.06876342743635178,0.06388890743255615,1.5935020446777344
8000,mla_norope,123,3,9,0.05406595766544342,0.06420961767435074,1.5935020446777344
8000,mla_norope,123,3,10,0.05027008056640625,0.052434951066970825,1.5935020446777344
8000,mla_norope,123,3,11,0.0539429746568203,0.06094838306307793,1.5935020446777344
8000,mla_norope,123,3,12,0.07111816108226776,0.07903439551591873,1.5935020446777344
8000,mla_norope,123,3,13,0.037017010152339935,0.04027773067355156,1.5935020446777344
8000,mla_norope,123,3,14,0.06741597503423691,0.05446050688624382,1.5935020446777344
8000,mla_norope,123,3,15,0.07271534949541092,0.06336816400289536,1.5935020446777344
8000,mla_norope,123,4,0,0.07459208369255066,0.05627548322081566,1.324730396270752
8000,mla_norope,123,4,1,0.04952026531100273,0.046890825033187866,1.324730396270752
8000,mla_norope,123,4,2,0.05816467106342316,0.04800854250788689,1.324730396270752
8000,mla_norope,123,4,3,0.041712239384651184,0.05548016354441643,1.324730396270752
8000,mla_norope,123,4,4,0.062081705778837204,0.06095369905233383,1.324730396270752
8000,mla_norope,123,4,5,0.06369730830192566,0.07778061181306839,1.324730396270752
8000,mla_norope,123,4,6,0.07896016538143158,0.07069031149148941,1.324730396270752
8000,mla_norope,123,4,7,0.0523337796330452,0.06301714479923248,1.324730396270752
8000,mla_norope,123,4,8,0.0700531005859375,0.06733342260122299,1.324730396270752
8000,mla_norope,123,4,9,0.04779113829135895,0.05583159625530243,1.324730396270752
8000,mla_norope,123,4,10,0.07355967164039612,0.06661681085824966,1.324730396270752
8000,mla_norope,123,4,11,0.0704149380326271,0.04895415157079697,1.324730396270752
8000,mla_norope,123,4,12,0.06171122193336487,0.0742027685046196,1.324730396270752
8000,mla_norope,123,4,13,0.06809204071760178,0.06717227399349213,1.324730396270752
8000,mla_norope,123,4,14,0.04549906402826309,0.05222059413790703,1.324730396270752
8000,mla_norope,123,4,15,0.08181660622358322,0.08857155591249466,1.324730396270752
8000,mla_norope,123,5,0,0.07498647272586823,0.08360357582569122,1.3939591646194458
8000,mla_norope,123,5,1,0.0480906181037426,0.04272853583097458,1.3939591646194458
8000,mla_norope,123,5,2,0.06037546694278717,0.057689666748046875,1.3939591646194458
8000,mla_norope,123,5,3,0.10044026374816895,0.09114435315132141,1.3939591646194458
8000,mla_norope,123,5,4,0.059514667838811874,0.04990440234541893,1.3939591646194458
8000,mla_norope,123,5,5,0.04797261580824852,0.06557135283946991,1.3939591646194458
8000,mla_norope,123,5,6,0.1308969110250473,0.11053813993930817,1.3939591646194458
8000,mla_norope,123,5,7,0.04097127169370651,0.04574505612254143,1.3939591646194458
8000,mla_norope,123,5,8,0.030785217881202698,0.05090469494462013,1.3939591646194458
8000,mla_norope,123,5,9,0.017589924857020378,0.027629101648926735,1.3939591646194458
8000,mla_norope,123,5,10,0.09222106635570526,0.09819727391004562,1.3939591646194458
8000,mla_norope,123,5,11,0.06918568909168243,0.05553518980741501,1.3939591646194458
8000,mla_norope,123,5,12,0.04581593722105026,0.05395565554499626,1.3939591646194458
8000,mla_norope,123,5,13,0.037176311016082764,0.028077445924282074,1.3939591646194458
8000,mla_norope,123,5,14,0.05448954179883003,0.05397280305624008,1.3939591646194458
8000,mla_norope,123,5,15,0.08948801457881927,0.08480269461870193,1.3939591646194458
8500,mla_norope,123,1,0,0.06433024257421494,0.06432358175516129,2.386490821838379
8500,mla_norope,123,1,1,0.07010366022586823,0.06346893310546875,2.386490821838379
8500,mla_norope,123,1,2,0.065716452896595,0.06559700518846512,2.386490821838379
8500,mla_norope,123,1,3,0.05903513729572296,0.06737000495195389,2.386490821838379
8500,mla_norope,123,1,4,0.07250874489545822,0.06862732023000717,2.386490821838379
8500,mla_norope,123,1,5,0.0716787725687027,0.06163082644343376,2.386490821838379
8500,mla_norope,123,1,6,0.04342895373702049,0.055988214910030365,2.386490821838379
8500,mla_norope,123,1,7,0.056353453546762466,0.06199941039085388,2.386490821838379
8500,mla_norope,123,1,8,0.06661631166934967,0.05208463594317436,2.386490821838379
8500,mla_norope,123,1,9,0.060562439262866974,0.06247738003730774,2.386490821838379
8500,mla_norope,123,1,10,0.07975301146507263,0.06885721534490585,2.386490821838379
8500,mla_norope,123,1,11,0.07494476437568665,0.06487736105918884,2.386490821838379
8500,mla_norope,123,1,12,0.046408385038375854,0.06334876269102097,2.386490821838379
8500,mla_norope,123,1,13,0.048121947795152664,0.058728281408548355,2.386490821838379
8500,mla_norope,123,1,14,0.058142803609371185,0.057849135249853134,2.386490821838379
8500,mla_norope,123,1,15,0.06229492276906967,0.06277193129062653,2.386490821838379
8500,mla_norope,123,2,0,0.054139912128448486,0.048037104308605194,1.9156608581542969
8500,mla_norope,123,2,1,0.06861796230077744,0.06841696053743362,1.9156608581542969
8500,mla_norope,123,2,2,0.06904856115579605,0.05806178227066994,1.9156608581542969
8500,mla_norope,123,2,3,0.06459584832191467,0.053615354001522064,1.9156608581542969
8500,mla_norope,123,2,4,0.051660969853401184,0.05368983745574951,1.9156608581542969
8500,mla_norope,123,2,5,0.05452229827642441,0.05880642682313919,1.9156608581542969
8500,mla_norope,123,2,6,0.06504221260547638,0.06611769646406174,1.9156608581542969
8500,mla_norope,123,2,7,0.0683809444308281,0.07354447990655899,1.9156608581542969
8500,mla_norope,123,2,8,0.056948039680719376,0.06648396700620651,1.9156608581542969
8500,mla_norope,123,2,9,0.06321034580469131,0.061135973781347275,1.9156608581542969
8500,mla_norope,123,2,10,0.07736470550298691,0.06526528298854828,1.9156608581542969
8500,mla_norope,123,2,11,0.040848590433597565,0.04605507850646973,1.9156608581542969
8500,mla_norope,123,2,12,0.07870503515005112,0.07645641267299652,1.9156608581542969
8500,mla_norope,123,2,13,0.055283915251493454,0.06861510872840881,1.9156608581542969
8500,mla_norope,123,2,14,0.04702595993876457,0.052926205098629,1.9156608581542969
8500,mla_norope,123,2,15,0.08460469543933868,0.08277244865894318,1.9156608581542969
8500,mla_norope,123,3,0,0.06959167122840881,0.06459758430719376,1.5973842144012451
8500,mla_norope,123,3,1,0.060441792011260986,0.07130910456180573,1.5973842144012451
8500,mla_norope,123,3,2,0.05852661281824112,0.061447955667972565,1.5973842144012451
8500,mla_norope,123,3,3,0.0636214166879654,0.05316565930843353,1.5973842144012451
8500,mla_norope,123,3,4,0.0633806362748146,0.061402592808008194,1.5973842144012451
8500,mla_norope,123,3,5,0.045119527727365494,0.05594567582011223,1.5973842144012451
8500,mla_norope,123,3,6,0.05058105289936066,0.056782182306051254,1.5973842144012451
8500,mla_norope,123,3,7,0.10564300417900085,0.09041261672973633,1.5973842144012451
8500,mla_norope,123,3,8,0.07103068381547928,0.06600811332464218,1.5973842144012451
8500,mla_norope,123,3,9,0.05459075793623924,0.06415688991546631,1.5973842144012451
8500,mla_norope,123,3,10,0.051085203886032104,0.05366115644574165,1.5973842144012451
8500,mla_norope,123,3,11,0.05235249921679497,0.060284677892923355,1.5973842144012451
8500,mla_norope,123,3,12,0.07156514376401901,0.08033818006515503,1.5973842144012451
8500,mla_norope,123,3,13,0.043646953999996185,0.04314093291759491,1.5973842144012451
8500,mla_norope,123,3,14,0.06733937561511993,0.05466284602880478,1.5973842144012451
8500,mla_norope,123,3,15,0.07148366421461105,0.06268393248319626,1.5973842144012451
8500,mla_norope,123,4,0,0.0754312127828598,0.05799482390284538,1.3414753675460815
8500,mla_norope,123,4,1,0.05060730129480362,0.04741301387548447,1.3414753675460815
8500,mla_norope,123,4,2,0.06324208527803421,0.05196437984704971,1.3414753675460815
8500,mla_norope,123,4,3,0.040838420391082764,0.054864551872015,1.3414753675460815
8500,mla_norope,123,4,4,0.05805409699678421,0.05717514827847481,1.3414753675460815
8500,mla_norope,123,4,5,0.06344177573919296,0.0781005471944809,1.3414753675460815
8500,mla_norope,123,4,6,0.07473927736282349,0.0669296458363533,1.3414753675460815
8500,mla_norope,123,4,7,0.05228129029273987,0.06287416815757751,1.3414753675460815
8500,mla_norope,123,4,8,0.07016947120428085,0.0671309381723404,1.3414753675460815
8500,mla_norope,123,4,9,0.046469930559396744,0.054973870515823364,1.3414753675460815
8500,mla_norope,123,4,10,0.07608591765165329,0.06893350183963776,1.3414753675460815
8500,mla_norope,123,4,11,0.07077107578516006,0.05031653493642807,1.3414753675460815
8500,mla_norope,123,4,12,0.06081746518611908,0.07266426086425781,1.3414753675460815
8500,mla_norope,123,4,13,0.06885569542646408,0.06748497486114502,1.3414753675460815
8500,mla_norope,123,4,14,0.04747507721185684,0.05285586416721344,1.3414753675460815
8500,mla_norope,123,4,15,0.08071991056203842,0.08832366019487381,1.3414753675460815
8500,mla_norope,123,5,0,0.0745467096567154,0.08467572182416916,1.3970867395401
8500,mla_norope,123,5,1,0.04327545315027237,0.0413973294198513,1.3970867395401
8500,mla_norope,123,5,2,0.06133575364947319,0.06079067289829254,1.3970867395401
8500,mla_norope,123,5,3,0.09739837795495987,0.08620589226484299,1.3970867395401
8500,mla_norope,123,5,4,0.059502460062503815,0.050171300768852234,1.3970867395401
8500,mla_norope,123,5,5,0.04875488206744194,0.06629284471273422,1.3970867395401
8500,mla_norope,123,5,6,0.1296970695257187,0.10899003595113754,1.3970867395401
8500,mla_norope,123,5,7,0.04254821687936783,0.046670932322740555,1.3970867395401
8500,mla_norope,123,5,8,0.03231852129101753,0.05108257383108139,1.3970867395401
8500,mla_norope,123,5,9,0.018051452934741974,0.02755710296332836,1.3970867395401
8500,mla_norope,123,5,10,0.09372110664844513,0.0980747640132904,1.3970867395401
8500,mla_norope,123,5,11,0.06970936805009842,0.056354667991399765,1.3970867395401
8500,mla_norope,123,5,12,0.04576324298977852,0.053583595901727676,1.3970867395401
8500,mla_norope,123,5,13,0.03904968127608299,0.029513292014598846,1.3970867395401
8500,mla_norope,123,5,14,0.057089537382125854,0.0561482310295105,1.3970867395401
8500,mla_norope,123,5,15,0.08723816275596619,0.0824909657239914,1.3970867395401
9000,mla_norope,123,1,0,0.06171407178044319,0.06277947872877121,2.36311674118042
9000,mla_norope,123,1,1,0.07278462499380112,0.06635597348213196,2.36311674118042
9000,mla_norope,123,1,2,0.05555307865142822,0.06101701781153679,2.36311674118042
9000,mla_norope,123,1,3,0.0613136813044548,0.06841934472322464,2.36311674118042
9000,mla_norope,123,1,4,0.0674591064453125,0.06585832685232162,2.36311674118042
9000,mla_norope,123,1,5,0.07534698396921158,0.063442662358284,2.36311674118042
9000,mla_norope,123,1,6,0.058293964713811874,0.059540145099163055,2.36311674118042
9000,mla_norope,123,1,7,0.055465903133153915,0.06310650706291199,2.36311674118042
9000,mla_norope,123,1,8,0.06875050812959671,0.052960142493247986,2.36311674118042
9000,mla_norope,123,1,9,0.05159912258386612,0.05938026309013367,2.36311674118042
9000,mla_norope,123,1,10,0.07182586938142776,0.0640358030796051,2.36311674118042
9000,mla_norope,123,1,11,0.07281921058893204,0.06610153615474701,2.36311674118042
9000,mla_norope,123,1,12,0.04325398802757263,0.06305516511201859,2.36311674118042
9000,mla_norope,123,1,13,0.05382802337408066,0.060625266283750534,2.36311674118042
9000,mla_norope,123,1,14,0.06782175600528717,0.06168951094150543,2.36311674118042
9000,mla_norope,123,1,15,0.06217010319232941,0.06163293868303299,2.36311674118042
9000,mla_norope,123,2,0,0.055396828800439835,0.048343125730752945,1.9007344245910645
9000,mla_norope,123,2,1,0.0731092318892479,0.07134329527616501,1.9007344245910645
9000,mla_norope,123,2,2,0.07353149354457855,0.05994582548737526,1.9007344245910645
9000,mla_norope,123,2,3,0.06183380261063576,0.0519886314868927,1.9007344245910645
9000,mla_norope,123,2,4,0.049792684614658356,0.05343407392501831,1.9007344245910645
9000,mla_norope,123,2,5,0.05535939708352089,0.059216443449258804,1.9007344245910645
9000,mla_norope,123,2,6,0.06448038667440414,0.06733531504869461,1.9007344245910645
9000,mla_norope,123,2,7,0.06760966032743454,0.07276390492916107,1.9007344245910645
9000,mla_norope,123,2,8,0.06373240053653717,0.07147128880023956,1.9007344245910645
9000,mla_norope,123,2,9,0.05904500186443329,0.058845438063144684,1.9007344245910645
9000,mla_norope,123,2,10,0.06745259463787079,0.059199258685112,1.9007344245910645
9000,mla_norope,123,2,11,0.04627471789717674,0.04858805239200592,1.9007344245910645
9000,mla_norope,123,2,12,0.07740092277526855,0.07543207705020905,1.9007344245910645
9000,mla_norope,123,2,13,0.05291849747300148,0.06670516729354858,1.9007344245910645
9000,mla_norope,123,2,14,0.048307087272405624,0.05422229692339897,1.9007344245910645
9000,mla_norope,123,2,15,0.08375529199838638,0.08116588741540909,1.9007344245910645
9000,mla_norope,123,3,0,0.07003825157880783,0.0651383176445961,1.5882922410964966
9000,mla_norope,123,3,1,0.05794413387775421,0.06652220338582993,1.5882922410964966
9000,mla_norope,123,3,2,0.05704813823103905,0.061237867921590805,1.5882922410964966
9000,mla_norope,123,3,3,0.0651695728302002,0.05413911119103432,1.5882922410964966
9000,mla_norope,123,3,4,0.062423910945653915,0.05968323349952698,1.5882922410964966
9000,mla_norope,123,3,5,0.04313242435455322,0.05552438274025917,1.5882922410964966
9000,mla_norope,123,3,6,0.053564656525850296,0.05855422466993332,1.5882922410964966
9000,mla_norope,123,3,7,0.10160654783248901,0.0859280675649643,1.5882922410964966
9000,mla_norope,123,3,8,0.07280110567808151,0.06764800101518631,1.5882922410964966
9000,mla_norope,123,3,9,0.05364125594496727,0.06413435935974121,1.5882922410964966
9000,mla_norope,123,3,10,0.05198608338832855,0.053935859352350235,1.5882922410964966
9000,mla_norope,123,3,11,0.053062744438648224,0.06109429523348808,1.5882922410964966
9000,mla_norope,123,3,12,0.07788075506687164,0.08523661643266678,1.5882922410964966
9000,mla_norope,123,3,13,0.037850648164749146,0.04079586640000343,1.5882922410964966
9000,mla_norope,123,3,14,0.06806864589452744,0.05531524494290352,1.5882922410964966
9000,mla_norope,123,3,15,0.07378112524747849,0.06511237472295761,1.5882922410964966
9000,mla_norope,123,4,0,0.07632842659950256,0.059150245040655136,1.3337268829345703
9000,mla_norope,123,4,1,0.050263773649930954,0.0476851761341095,1.3337268829345703
9000,mla_norope,123,4,2,0.059716492891311646,0.04995056241750717,1.3337268829345703
9000,mla_norope,123,4,3,0.045901693403720856,0.059460800141096115,1.3337268829345703
9000,mla_norope,123,4,4,0.06024647876620293,0.058680884540081024,1.3337268829345703
9000,mla_norope,123,4,5,0.06502502411603928,0.08125516027212143,1.3337268829345703
9000,mla_norope,123,4,6,0.07375539094209671,0.06541246175765991,1.3337268829345703
9000,mla_norope,123,4,7,0.051722921431064606,0.06195959821343422,1.3337268829345703
9000,mla_norope,123,4,8,0.06383880972862244,0.06137499958276749,1.3337268829345703
9000,mla_norope,123,4,9,0.04814666882157326,0.05628849193453789,1.3337268829345703
9000,mla_norope,123,4,10,0.07388539612293243,0.06677230447530746,1.3337268829345703
9000,mla_norope,123,4,11,0.06857442110776901,0.0467667356133461,1.3337268829345703
9000,mla_norope,123,4,12,0.0659211203455925,0.07749660313129425,1.3337268829345703
9000,mla_norope,123,4,13,0.06859934329986572,0.06769594550132751,1.3337268829345703
9000,mla_norope,123,4,14,0.04660390317440033,0.051721714437007904,1.3337268829345703
9000,mla_norope,123,4,15,0.08147013187408447,0.0883283019065857,1.3337268829345703
9000,mla_norope,123,5,0,0.07513447850942612,0.08379799872636795,1.3927546739578247
9000,mla_norope,123,5,1,0.04905710741877556,0.042943086475133896,1.3927546739578247
9000,mla_norope,123,5,2,0.06229308992624283,0.06109551712870598,1.3927546739578247
9000,mla_norope,123,5,3,0.09798390418291092,0.08705191314220428,1.3927546739578247
9000,mla_norope,123,5,4,0.06174153462052345,0.050731051713228226,1.3927546739578247
9000,mla_norope,123,5,5,0.0472787469625473,0.0657285824418068,1.3927546739578247
9000,mla_norope,123,5,6,0.12924154102802277,0.11031494289636612,1.3927546739578247
9000,mla_norope,123,5,7,0.04420684650540352,0.04877041280269623,1.3927546739578247
9000,mla_norope,123,5,8,0.028781941160559654,0.04935241863131523,1.3927546739578247
9000,mla_norope,123,5,9,0.018398843705654144,0.027551699429750443,1.3927546739578247
9000,mla_norope,123,5,10,0.09176299721002579,0.09795352071523666,1.3927546739578247
9000,mla_norope,123,5,11,0.06709462404251099,0.05383702740073204,1.3927546739578247
9000,mla_norope,123,5,12,0.04676004871726036,0.053424086421728134,1.3927546739578247
9000,mla_norope,123,5,13,0.03991078585386276,0.03053237311542034,1.3927546739578247
9000,mla_norope,123,5,14,0.05280497297644615,0.053226765245199203,1.3927546739578247
9000,mla_norope,123,5,15,0.08754852414131165,0.08368849009275436,1.3927546739578247
9500,mla_norope,123,1,0,0.06252776831388474,0.06441259384155273,2.349910259246826
9500,mla_norope,123,1,1,0.07650888711214066,0.06887038797140121,2.349910259246826
9500,mla_norope,123,1,2,0.056025899946689606,0.062265630811452866,2.349910259246826
9500,mla_norope,123,1,3,0.05176950991153717,0.06439923495054245,2.349910259246826
9500,mla_norope,123,1,4,0.0677853375673294,0.06570864468812943,2.349910259246826
9500,mla_norope,123,1,5,0.06878834962844849,0.0602823831140995,2.349910259246826
9500,mla_norope,123,1,6,0.0448111966252327,0.05508376285433769,2.349910259246826
9500,mla_norope,123,1,7,0.06570393592119217,0.0649745911359787,2.349910259246826
9500,mla_norope,123,1,8,0.06909678131341934,0.05358361452817917,2.349910259246826
9500,mla_norope,123,1,9,0.05036021023988724,0.058155275881290436,2.349910259246826
9500,mla_norope,123,1,10,0.07730957120656967,0.06829419732093811,2.349910259246826
9500,mla_norope,123,1,11,0.07567911595106125,0.06702711433172226,2.349910259246826
9500,mla_norope,123,1,12,0.04723643139004707,0.06352495402097702,2.349910259246826
9500,mla_norope,123,1,13,0.057230327278375626,0.060336634516716,2.349910259246826
9500,mla_norope,123,1,14,0.06235188618302345,0.05868181958794594,2.349910259246826
9500,mla_norope,123,1,15,0.06681478023529053,0.06439906358718872,2.349910259246826
9500,mla_norope,123,2,0,0.0543435662984848,0.047407347708940506,1.8953851461410522
9500,mla_norope,123,2,1,0.07369771599769592,0.07181678712368011,1.8953851461410522
9500,mla_norope,123,2,2,0.07285420596599579,0.061153292655944824,1.8953851461410522
9500,mla_norope,123,2,3,0.06592905521392822,0.055533040314912796,1.8953851461410522
9500,mla_norope,123,2,4,0.045602619647979736,0.05138101801276207,1.8953851461410522
9500,mla_norope,123,2,5,0.05216257646679878,0.05693066865205765,1.8953851461410522
9500,mla_norope,123,2,6,0.06555918604135513,0.06704394519329071,1.8953851461410522
9500,mla_norope,123,2,7,0.06757426261901855,0.07246968895196915,1.8953851461410522
9500,mla_norope,123,2,8,0.05652760714292526,0.0660691112279892,1.8953851461410522
9500,mla_norope,123,2,9,0.06124410033226013,0.059774335473775864,1.8953851461410522
9500,mla_norope,123,2,10,0.07259958982467651,0.06275053322315216,1.8953851461410522
9500,mla_norope,123,2,11,0.047363586723804474,0.05074460804462433,1.8953851461410522
9500,mla_norope,123,2,12,0.07549652457237244,0.07380542159080505,1.8953851461410522
9500,mla_norope,123,2,13,0.05759216472506523,0.07178330421447754,1.8953851461410522
9500,mla_norope,123,2,14,0.04870392009615898,0.05252498760819435,1.8953851461410522
9500,mla_norope,123,2,15,0.08274932950735092,0.07881210744380951,1.8953851461410522
9500,mla_norope,123,3,0,0.0683644637465477,0.06421975791454315,1.570652723312378
9500,mla_norope,123,3,1,0.06054931506514549,0.07203050702810287,1.570652723312378
9500,mla_norope,123,3,2,0.054566651582717896,0.05938856676220894,1.570652723312378
9500,mla_norope,123,3,3,0.06921559572219849,0.05557601898908615,1.570652723312378
9500,mla_norope,123,3,4,0.06564025580883026,0.062685027718544,1.570652723312378
9500,mla_norope,123,3,5,0.04318806901574135,0.055177606642246246,1.570652723312378
9500,mla_norope,123,3,6,0.052063193172216415,0.05811121687293053,1.570652723312378
9500,mla_norope,123,3,7,0.10211832821369171,0.08601133525371552,1.570652723312378
9500,mla_norope,123,3,8,0.07037434726953506,0.06525599211454391,1.570652723312378
9500,mla_norope,123,3,9,0.05626983568072319,0.0672406405210495,1.570652723312378
9500,mla_norope,123,3,10,0.050730589777231216,0.053247351199388504,1.570652723312378
9500,mla_norope,123,3,11,0.05415232479572296,0.06234907731413841,1.570652723312378
9500,mla_norope,123,3,12,0.07198852300643921,0.0800943598151207,1.570652723312378
9500,mla_norope,123,3,13,0.039509277790784836,0.04096236079931259,1.570652723312378
9500,mla_norope,123,3,14,0.06836161017417908,0.054768964648246765,1.570652723312378
9500,mla_norope,123,3,15,0.07290761172771454,0.06288131326436996,1.570652723312378
9500,mla_norope,123,4,0,0.07682515680789948,0.05926545336842537,1.3129628896713257
9500,mla_norope,123,4,1,0.05444936081767082,0.0507529191672802,1.3129628896713257
9500,mla_norope,123,4,2,0.061172690242528915,0.05065074935555458,1.3129628896713257
9500,mla_norope,123,4,3,0.04192209988832474,0.05606849491596222,1.3129628896713257
9500,mla_norope,123,4,4,0.0592397041618824,0.058060672134160995,1.3129628896713257
9500,mla_norope,123,4,5,0.0652371197938919,0.0806199237704277,1.3129628896713257
9500,mla_norope,123,4,6,0.07572906464338303,0.06704205274581909,1.3129628896713257
9500,mla_norope,123,4,7,0.05320434644818306,0.06464803963899612,1.3129628896713257
9500,mla_norope,123,4,8,0.06659647822380066,0.06496503204107285,1.3129628896713257
9500,mla_norope,123,4,9,0.04697052016854286,0.05654558911919594,1.3129628896713257
9500,mla_norope,123,4,10,0.07558176666498184,0.06848976016044617,1.3129628896713257
9500,mla_norope,123,4,11,0.06815318018198013,0.04655088856816292,1.3129628896713257
9500,mla_norope,123,4,12,0.06240488588809967,0.07388374209403992,1.3129628896713257
9500,mla_norope,123,4,13,0.06675171107053757,0.06529160588979721,1.3129628896713257
9500,mla_norope,123,4,14,0.044401854276657104,0.04947903752326965,1.3129628896713257
9500,mla_norope,123,4,15,0.08136006444692612,0.08768587559461594,1.3129628896713257
9500,mla_norope,123,5,0,0.07746653258800507,0.08646838366985321,1.3921020030975342
9500,mla_norope,123,5,1,0.04715413227677345,0.04255931079387665,1.3921020030975342
9500,mla_norope,123,5,2,0.06259684264659882,0.06176222488284111,1.3921020030975342
9500,mla_norope,123,5,3,0.096435546875,0.08691511303186417,1.3921020030975342
9500,mla_norope,123,5,4,0.061432696878910065,0.051648806780576706,1.3921020030975342
9500,mla_norope,123,5,5,0.04718231037259102,0.06416326016187668,1.3921020030975342
9500,mla_norope,123,5,6,0.1268661469221115,0.10568903386592865,1.3921020030975342
9500,mla_norope,123,5,7,0.045506998896598816,0.05056527629494667,1.3921020030975342
9500,mla_norope,123,5,8,0.030834147706627846,0.0513613224029541,1.3921020030975342
9500,mla_norope,123,5,9,0.018946534022688866,0.028355365619063377,1.3921020030975342
9500,mla_norope,123,5,10,0.09171325713396072,0.09530040621757507,1.3921020030975342
9500,mla_norope,123,5,11,0.06637033820152283,0.054403986781835556,1.3921020030975342
9500,mla_norope,123,5,12,0.047073669731616974,0.05440754443407059,1.3921020030975342
9500,mla_norope,123,5,13,0.040687356144189835,0.030722595751285553,1.3921020030975342
9500,mla_norope,123,5,14,0.05455068126320839,0.05514924228191376,1.3921020030975342
9500,mla_norope,123,5,15,0.0851828008890152,0.08052819967269897,1.3921020030975342
10000,mla_norope,123,1,0,0.062024232000112534,0.06472699344158173,2.324531078338623
10000,mla_norope,123,1,1,0.07461781799793243,0.0686425194144249,2.324531078338623
10000,mla_norope,123,1,2,0.06467478722333908,0.06539816409349442,2.324531078338623
10000,mla_norope,123,1,3,0.06098337844014168,0.06714325398206711,2.324531078338623
10000,mla_norope,123,1,4,0.06900065392255783,0.06754392385482788,2.324531078338623
10000,mla_norope,123,1,5,0.0730082169175148,0.06322234869003296,2.324531078338623
10000,mla_norope,123,1,6,0.050038959830999374,0.056786637753248215,2.324531078338623
10000,mla_norope,123,1,7,0.07645436376333237,0.06741712242364883,2.324531078338623
10000,mla_norope,123,1,8,0.0685570240020752,0.05327773094177246,2.324531078338623
10000,mla_norope,123,1,9,0.0537140928208828,0.05962734296917915,2.324531078338623
10000,mla_norope,123,1,10,0.07004791498184204,0.06352022290229797,2.324531078338623
10000,mla_norope,123,1,11,0.07136240601539612,0.06542524695396423,2.324531078338623
10000,mla_norope,123,1,12,0.04838277027010918,0.06439685076475143,2.324531078338623
10000,mla_norope,123,1,13,0.04543650150299072,0.05748452991247177,2.324531078338623
10000,mla_norope,123,1,14,0.04928792268037796,0.0545426681637764,2.324531078338623
10000,mla_norope,123,1,15,0.06240895763039589,0.06084446609020233,2.324531078338623
10000,mla_norope,123,2,0,0.05608459562063217,0.0480610728263855,1.8866528272628784
10000,mla_norope,123,2,1,0.07277221977710724,0.07124235481023788,1.8866528272628784
10000,mla_norope,123,2,2,0.06594940274953842,0.05755744129419327,1.8866528272628784
10000,mla_norope,123,2,3,0.0645809918642044,0.05524182692170143,1.8866528272628784
10000,mla_norope,123,2,4,0.06055491045117378,0.05764678865671158,1.8866528272628784
10000,mla_norope,123,2,5,0.05238687992095947,0.0578959658741951,1.8866528272628784
10000,mla_norope,123,2,6,0.06141408160328865,0.06461504846811295,1.8866528272628784
10000,mla_norope,123,2,7,0.06796722114086151,0.07313642650842667,1.8866528272628784
10000,mla_norope,123,2,8,0.05900878831744194,0.06799376010894775,1.8866528272628784
10000,mla_norope,123,2,9,0.05886087939143181,0.05777984485030174,1.8866528272628784
10000,mla_norope,123,2,10,0.07133646309375763,0.06200335919857025,1.8866528272628784
10000,mla_norope,123,2,11,0.05112864077091217,0.05243942141532898,1.8866528272628784
10000,mla_norope,123,2,12,0.07669311761856079,0.07548713684082031,1.8866528272628784
10000,mla_norope,123,2,13,0.05158182606101036,0.06600261479616165,1.8866528272628784
10000,mla_norope,123,2,14,0.04670196399092674,0.05419819429516792,1.8866528272628784
10000,mla_norope,123,2,15,0.0829780101776123,0.07869870960712433,1.8866528272628784
10000,mla_norope,123,3,0,0.06985239684581757,0.06492310017347336,1.5584067106246948
10000,mla_norope,123,3,1,0.057709962129592896,0.07046017795801163,1.5584067106246948
10000,mla_norope,123,3,2,0.057702839374542236,0.060924604535102844,1.5584067106246948
10000,mla_norope,123,3,3,0.0665595531463623,0.054035067558288574,1.5584067106246948
10000,mla_norope,123,3,4,0.06283538788557053,0.0598425418138504,1.5584067106246948
10000,mla_norope,123,3,5,0.039951883256435394,0.05422450229525566,1.5584067106246948
10000,mla_norope,123,3,6,0.05040476471185684,0.05628633499145508,1.5584067106246948
10000,mla_norope,123,3,7,0.10471201688051224,0.08893649280071259,1.5584067106246948
10000,mla_norope,123,3,8,0.0744706243276596,0.06840033084154129,1.5584067106246948
10000,mla_norope,123,3,9,0.05495757982134819,0.06489081680774689,1.5584067106246948
10000,mla_norope,123,3,10,0.051016438752412796,0.05293351039290428,1.5584067106246948
10000,mla_norope,123,3,11,0.05135355517268181,0.05989663302898407,1.5584067106246948
10000,mla_norope,123,3,12,0.07671661674976349,0.08345736563205719,1.5584067106246948
10000,mla_norope,123,3,13,0.04036549851298332,0.04204747825860977,1.5584067106246948
10000,mla_norope,123,3,14,0.06857910007238388,0.0552828423678875,1.5584067106246948
10000,mla_norope,123,3,15,0.0728117898106575,0.06345819681882858,1.5584067106246948
10000,mla_norope,123,4,0,0.0761217251420021,0.059292227029800415,1.3251513242721558
10000,mla_norope,123,4,1,0.05105967074632645,0.04917101562023163,1.3251513242721558
10000,mla_norope,123,4,2,0.062174681574106216,0.05174906924366951,1.3251513242721558
10000,mla_norope,123,4,3,0.0432669073343277,0.05714528262615204,1.3251513242721558
10000,mla_norope,123,4,4,0.0605277493596077,0.05983664095401764,1.3251513242721558
10000,mla_norope,123,4,5,0.06339345127344131,0.07828319817781448,1.3251513242721558
10000,mla_norope,123,4,6,0.07332254946231842,0.06523638963699341,1.3251513242721558
10000,mla_norope,123,4,7,0.050418294966220856,0.060616206377744675,1.3251513242721558
10000,mla_norope,123,4,8,0.06981851905584335,0.06757352501153946,1.3251513242721558
10000,mla_norope,123,4,9,0.04709381237626076,0.05669677257537842,1.3251513242721558
10000,mla_norope,123,4,10,0.0758146122097969,0.06858742982149124,1.3251513242721558
10000,mla_norope,123,4,11,0.07019764930009842,0.04991285130381584,1.3251513242721558
10000,mla_norope,123,4,12,0.06200195476412773,0.07295716553926468,1.3251513242721558
10000,mla_norope,123,4,13,0.0703774020075798,0.0684652104973793,1.3251513242721558
10000,mla_norope,123,4,14,0.04473581910133362,0.050052132457494736,1.3251513242721558
10000,mla_norope,123,4,15,0.07967519015073776,0.08442486077547073,1.3251513242721558
10000,mla_norope,123,5,0,0.07756703346967697,0.08717600256204605,1.3748358488082886
10000,mla_norope,123,5,1,0.04821401089429855,0.040873780846595764,1.3748358488082886
10000,mla_norope,123,5,2,0.06278574466705322,0.06263184547424316,1.3748358488082886
10000,mla_norope,123,5,3,0.09684651345014572,0.08601929247379303,1.3748358488082886
10000,mla_norope,123,5,4,0.06196990981698036,0.05350731685757637,1.3748358488082886
10000,mla_norope,123,5,5,0.04724497348070145,0.06456177681684494,1.3748358488082886
10000,mla_norope,123,5,6,0.12935587763786316,0.1090317815542221,1.3748358488082886
10000,mla_norope,123,5,7,0.04460001736879349,0.04990137368440628,1.3748358488082886
10000,mla_norope,123,5,8,0.027926940470933914,0.04973546043038368,1.3748358488082886
10000,mla_norope,123,5,9,0.01703735440969467,0.02688046731054783,1.3748358488082886
10000,mla_norope,123,5,10,0.09131927788257599,0.09440000355243683,1.3748358488082886
10000,mla_norope,123,5,11,0.07088927924633026,0.0573715977370739,1.3748358488082886
10000,mla_norope,123,5,12,0.0475698858499527,0.05446255952119827,1.3748358488082886
10000,mla_norope,123,5,13,0.0394134521484375,0.02972746267914772,1.3748358488082886
10000,mla_norope,123,5,14,0.052407123148441315,0.052609462291002274,1.3748358488082886
10000,mla_norope,123,5,15,0.08485259860754013,0.08110981434583664,1.3748358488082886
10500,mla_norope,123,1,0,0.05922281742095947,0.06284303963184357,2.3147075176239014
10500,mla_norope,123,1,1,0.06833130121231079,0.06471005827188492,2.3147075176239014
10500,mla_norope,123,1,2,0.056991882622241974,0.062054023146629333,2.3147075176239014
10500,mla_norope,123,1,3,0.04791737720370293,0.06392893195152283,2.3147075176239014
10500,mla_norope,123,1,4,0.06325683742761612,0.06450633704662323,2.3147075176239014
10500,mla_norope,123,1,5,0.0680312067270279,0.05986471846699715,2.3147075176239014
10500,mla_norope,123,1,6,0.056815389543771744,0.05901860073208809,2.3147075176239014
10500,mla_norope,123,1,7,0.06745340675115585,0.06538000702857971,2.3147075176239014
10500,mla_norope,123,1,8,0.07254435122013092,0.05622335895895958,2.3147075176239014
10500,mla_norope,123,1,9,0.05387725681066513,0.060086339712142944,2.3147075176239014
10500,mla_norope,123,1,10,0.07550028711557388,0.06714830547571182,2.3147075176239014
10500,mla_norope,123,1,11,0.0699247196316719,0.06440899521112442,2.3147075176239014
10500,mla_norope,123,1,12,0.0509452298283577,0.06498505920171738,2.3147075176239014
10500,mla_norope,123,1,13,0.05390879139304161,0.06029938533902168,2.3147075176239014
10500,mla_norope,123,1,14,0.07010447233915329,0.061257436871528625,2.3147075176239014
10500,mla_norope,123,1,15,0.0651746615767479,0.06328537315130234,2.3147075176239014
10500,mla_norope,123,2,0,0.05540110170841217,0.04844252020120621,1.8731870651245117
10500,mla_norope,123,2,1,0.07346221804618835,0.07128336280584335,1.8731870651245117
10500,mla_norope,123,2,2,0.06822265684604645,0.05794576555490494,1.8731870651245117
10500,mla_norope,123,2,3,0.06784658133983612,0.055800661444664,1.8731870651245117
10500,mla_norope,123,2,4,0.056363221257925034,0.05425120145082474,1.8731870651245117
10500,mla_norope,123,2,5,0.048237916082143784,0.05511006712913513,1.8731870651245117
10500,mla_norope,123,2,6,0.05960296466946602,0.06259382516145706,1.8731870651245117
10500,mla_norope,123,2,7,0.06995870172977448,0.07548514753580093,1.8731870651245117
10500,mla_norope,123,2,8,0.056599222123622894,0.06616507470607758,1.8731870651245117
10500,mla_norope,123,2,9,0.06181070953607559,0.06009379029273987,1.8731870651245117
10500,mla_norope,123,2,10,0.07265523076057434,0.06278391927480698,1.8731870651245117
10500,mla_norope,123,2,11,0.046784158796072006,0.04900015890598297,1.8731870651245117
10500,mla_norope,123,2,12,0.07386352866888046,0.07322253286838531,1.8731870651245117
10500,mla_norope,123,2,13,0.05884603038430214,0.07363782078027725,1.8731870651245117
10500,mla_norope,123,2,14,0.045122478157281876,0.05233827233314514,1.8731870651245117
10500,mla_norope,123,2,15,0.08522328734397888,0.08184582740068436,1.8731870651245117
10500,mla_norope,123,3,0,0.06749185919761658,0.06293168663978577,1.546275019645691
10500,mla_norope,123,3,1,0.05900004133582115,0.06993202120065689,1.546275019645691
10500,mla_norope,123,3,2,0.05733591690659523,0.06152793765068054,1.546275019645691
10500,mla_norope,123,3,3,0.07284189760684967,0.05796968564391136,1.546275019645691
10500,mla_norope,123,3,4,0.06528513878583908,0.061845581978559494,1.546275019645691
10500,mla_norope,123,3,5,0.046420492231845856,0.05774104595184326,1.546275019645691
10500,mla_norope,123,3,6,0.047783609479665756,0.05498687922954559,1.546275019645691
10500,mla_norope,123,3,7,0.10558634251356125,0.0895245149731636,1.546275019645691
10500,mla_norope,123,3,8,0.07118469476699829,0.06646720319986343,1.546275019645691
10500,mla_norope,123,3,9,0.05630554258823395,0.06819518655538559,1.546275019645691
10500,mla_norope,123,3,10,0.04879913479089737,0.05081580579280853,1.546275019645691
10500,mla_norope,123,3,11,0.05134135112166405,0.05944506451487541,1.546275019645691
10500,mla_norope,123,3,12,0.07423156499862671,0.0818125307559967,1.546275019645691
10500,mla_norope,123,3,13,0.039175618439912796,0.04125235602259636,1.546275019645691
10500,mla_norope,123,3,14,0.06541554629802704,0.05396562069654465,1.546275019645691
10500,mla_norope,123,3,15,0.07180125266313553,0.06158694624900818,1.546275019645691
10500,mla_norope,123,4,0,0.07819071412086487,0.059390902519226074,1.3076722621917725
10500,mla_norope,123,4,1,0.05021677538752556,0.04764935374259949,1.3076722621917725
10500,mla_norope,123,4,2,0.06250102072954178,0.051271867007017136,1.3076722621917725
10500,mla_norope,123,4,3,0.041982218623161316,0.05609185993671417,1.3076722621917725
10500,mla_norope,123,4,4,0.059714458882808685,0.058450717478990555,1.3076722621917725
10500,mla_norope,123,4,5,0.06449758261442184,0.08013883233070374,1.3076722621917725
10500,mla_norope,123,4,6,0.0707193985581398,0.06294579803943634,1.3076722621917725
10500,mla_norope,123,4,7,0.05262461304664612,0.06331740319728851,1.3076722621917725
10500,mla_norope,123,4,8,0.06936249136924744,0.06708136200904846,1.3076722621917725
10500,mla_norope,123,4,9,0.04608357697725296,0.056025173515081406,1.3076722621917725
10500,mla_norope,123,4,10,0.0747394785284996,0.06766560673713684,1.3076722621917725
10500,mla_norope,123,4,11,0.06994771212339401,0.04956679791212082,1.3076722621917725
10500,mla_norope,123,4,12,0.06522674858570099,0.07615276426076889,1.3076722621917725
10500,mla_norope,123,4,13,0.06862355768680573,0.06616596132516861,1.3076722621917725
10500,mla_norope,123,4,14,0.044963378459215164,0.05036580562591553,1.3076722621917725
10500,mla_norope,123,4,15,0.08060628175735474,0.08771982789039612,1.3076722621917725
10500,mla_norope,123,5,0,0.07828633487224579,0.08695600181818008,1.3682634830474854
10500,mla_norope,123,5,1,0.045805662870407104,0.04116741567850113,1.3682634830474854
10500,mla_norope,123,5,2,0.0635433942079544,0.06441127508878708,1.3682634830474854
10500,mla_norope,123,5,3,0.09581258147954941,0.08377082645893097,1.3682634830474854
10500,mla_norope,123,5,4,0.06000376492738724,0.04954034835100174,1.3682634830474854
10500,mla_norope,123,5,5,0.049001362174749374,0.06610345095396042,1.3682634830474854
10500,mla_norope,123,5,6,0.12909983098506927,0.10984767973423004,1.3682634830474854
10500,mla_norope,123,5,7,0.041558124125003815,0.04662344604730606,1.3682634830474854
10500,mla_norope,123,5,8,0.031549885869026184,0.051093827933073044,1.3682634830474854
10500,mla_norope,123,5,9,0.016722513362765312,0.026875346899032593,1.3682634830474854
10500,mla_norope,123,5,10,0.0912247747182846,0.09676740318536758,1.3682634830474854
10500,mla_norope,123,5,11,0.06832702457904816,0.05606166273355484,1.3682634830474854
10500,mla_norope,123,5,12,0.046668194234371185,0.05335848033428192,1.3682634830474854
10500,mla_norope,123,5,13,0.041783448308706284,0.030755145475268364,1.3682634830474854
10500,mla_norope,123,5,14,0.0533549003303051,0.05363454669713974,1.3682634830474854
10500,mla_norope,123,5,15,0.08725819736719131,0.08303312212228775,1.3682634830474854
11000,mla_norope,123,1,0,0.05893442779779434,0.06258591264486313,2.303417444229126
11000,mla_norope,123,1,1,0.07329010218381882,0.0686008483171463,2.303417444229126
11000,mla_norope,123,1,2,0.05822611600160599,0.062427639961242676,2.303417444229126
11000,mla_norope,123,1,3,0.06582682579755783,0.06903620064258575,2.303417444229126
11000,mla_norope,123,1,4,0.06360188871622086,0.06521624326705933,2.303417444229126
11000,mla_norope,123,1,5,0.0734550952911377,0.0634973868727684,2.303417444229126
11000,mla_norope,123,1,6,0.04549143463373184,0.05432889983057976,2.303417444229126
11000,mla_norope,123,1,7,0.07177642732858658,0.06683183461427689,2.303417444229126
11000,mla_norope,123,1,8,0.06865864992141724,0.05421542376279831,2.303417444229126
11000,mla_norope,123,1,9,0.0477326475083828,0.05686585232615471,2.303417444229126
11000,mla_norope,123,1,10,0.07400675117969513,0.06708244234323502,2.303417444229126
11000,mla_norope,123,1,11,0.06944803893566132,0.06504782289266586,2.303417444229126
11000,mla_norope,123,1,12,0.05446482449769974,0.06699220836162567,2.303417444229126
11000,mla_norope,123,1,13,0.048070475459098816,0.0574004240334034,2.303417444229126
11000,mla_norope,123,1,14,0.0631033331155777,0.05856413394212723,2.303417444229126
11000,mla_norope,123,1,15,0.06391296535730362,0.06130661815404892,2.303417444229126
11000,mla_norope,123,2,0,0.05293650180101395,0.046562496572732925,1.875834584236145
11000,mla_norope,123,2,1,0.073382668197155,0.0707167237997055,1.875834584236145
11000,mla_norope,123,2,2,0.0750579833984375,0.062411434948444366,1.875834584236145
11000,mla_norope,123,2,3,0.06806233525276184,0.05818946287035942,1.875834584236145
11000,mla_norope,123,2,4,0.05713266879320145,0.05540842190384865,1.875834584236145
11000,mla_norope,123,2,5,0.0488923154771328,0.05570954084396362,1.875834584236145
11000,mla_norope,123,2,6,0.06334686279296875,0.06555185467004776,1.875834584236145
11000,mla_norope,123,2,7,0.06920786201953888,0.07391168922185898,1.875834584236145
11000,mla_norope,123,2,8,0.05507008731365204,0.06598330289125443,1.875834584236145
11000,mla_norope,123,2,9,0.05866841599345207,0.0583316944539547,1.875834584236145
11000,mla_norope,123,2,10,0.06817738711833954,0.06002066284418106,1.875834584236145
11000,mla_norope,123,2,11,0.04820749908685684,0.05040883272886276,1.875834584236145
11000,mla_norope,123,2,12,0.07524830847978592,0.07433397322893143,1.875834584236145
11000,mla_norope,123,2,13,0.05573272705078125,0.07005845010280609,1.875834584236145
11000,mla_norope,123,2,14,0.04630269482731819,0.05291849002242088,1.875834584236145
11000,mla_norope,123,2,15,0.0845736712217331,0.07948309183120728,1.875834584236145
11000,mla_norope,123,3,0,0.06839660555124283,0.06350502371788025,1.5432782173156738
11000,mla_norope,123,3,1,0.05859191715717316,0.06870109587907791,1.5432782173156738
11000,mla_norope,123,3,2,0.05849405750632286,0.06202146038413048,1.5432782173156738
11000,mla_norope,123,3,3,0.06698272377252579,0.054471924901008606,1.5432782173156738
11000,mla_norope,123,3,4,0.06263671815395355,0.05963693559169769,1.5432782173156738
11000,mla_norope,123,3,5,0.04068440571427345,0.0543675422668457,1.5432782173156738
11000,mla_norope,123,3,6,0.05241404101252556,0.05765213817358017,1.5432782173156738
11000,mla_norope,123,3,7,0.1056169643998146,0.090253084897995,1.5432782173156738
11000,mla_norope,123,3,8,0.07265736907720566,0.06719379127025604,1.5432782173156738
11000,mla_norope,123,3,9,0.054261982440948486,0.0662771686911583,1.5432782173156738
11000,mla_norope,123,3,10,0.048621419817209244,0.050816766917705536,1.5432782173156738
11000,mla_norope,123,3,11,0.051561176776885986,0.060247961431741714,1.5432782173156738
11000,mla_norope,123,3,12,0.07551625370979309,0.08441922813653946,1.5432782173156738
11000,mla_norope,123,3,13,0.04443776607513428,0.04465525969862938,1.5432782173156738
11000,mla_norope,123,3,14,0.0681903064250946,0.05483479052782059,1.5432782173156738
11000,mla_norope,123,3,15,0.07093627750873566,0.06094569340348244,1.5432782173156738
11000,mla_norope,123,4,0,0.07869558036327362,0.06086496263742447,1.308501124382019
11000,mla_norope,123,4,1,0.05098144710063934,0.04891789332032204,1.308501124382019
11000,mla_norope,123,4,2,0.0631377175450325,0.0517059788107872,1.308501124382019
11000,mla_norope,123,4,3,0.04171549528837204,0.05579178035259247,1.308501124382019
11000,mla_norope,123,4,4,0.0597655214369297,0.058680471032857895,1.308501124382019
11000,mla_norope,123,4,5,0.06372324377298355,0.07947252690792084,1.308501124382019
11000,mla_norope,123,4,6,0.0734194964170456,0.06585375964641571,1.308501124382019
11000,mla_norope,123,4,7,0.051674094051122665,0.061363253742456436,1.308501124382019
11000,mla_norope,123,4,8,0.06642262637615204,0.0643930584192276,1.308501124382019
11000,mla_norope,123,4,9,0.04581339657306671,0.05564266815781593,1.308501124382019
11000,mla_norope,123,4,10,0.07519104331731796,0.06859159469604492,1.308501124382019
11000,mla_norope,123,4,11,0.06873352080583572,0.04767439141869545,1.308501124382019
11000,mla_norope,123,4,12,0.06531209498643875,0.07673820853233337,1.308501124382019
11000,mla_norope,123,4,13,0.0714307650923729,0.06893263012170792,1.308501124382019
11000,mla_norope,123,4,14,0.04480478912591934,0.05114176496863365,1.308501124382019
11000,mla_norope,123,4,15,0.07917917519807816,0.08423520624637604,1.308501124382019
11000,mla_norope,123,5,0,0.07501617074012756,0.08397486060857773,1.3701423406600952
11000,mla_norope,123,5,1,0.047859396785497665,0.04152363911271095,1.3701423406600952
11000,mla_norope,123,5,2,0.062003377825021744,0.06342348456382751,1.3701423406600952
11000,mla_norope,123,5,3,0.09799530357122421,0.08618048578500748,1.3701423406600952
11000,mla_norope,123,5,4,0.06059519574046135,0.050999950617551804,1.3701423406600952
11000,mla_norope,123,5,5,0.04751892015337944,0.06417565792798996,1.3701423406600952
11000,mla_norope,123,5,6,0.12825907766819,0.10603109747171402,1.3701423406600952
11000,mla_norope,123,5,7,0.04378031566739082,0.049315810203552246,1.3701423406600952
11000,mla_norope,123,5,8,0.028881531208753586,0.04953119531273842,1.3701423406600952
11000,mla_norope,123,5,9,0.017527975142002106,0.027285363525152206,1.3701423406600952
11000,mla_norope,123,5,10,0.09086303412914276,0.09469730406999588,1.3701423406600952
11000,mla_norope,123,5,11,0.06898640841245651,0.05721326172351837,1.3701423406600952
11000,mla_norope,123,5,12,0.04781138151884079,0.055470675230026245,1.3701423406600952
11000,mla_norope,123,5,13,0.040727436542510986,0.030706454068422318,1.3701423406600952
11000,mla_norope,123,5,14,0.05401214584708214,0.0547700934112072,1.3701423406600952
11000,mla_norope,123,5,15,0.08816233277320862,0.084700807929039,1.3701423406600952
11500,mla_norope,123,1,0,0.056336160749197006,0.060993097722530365,2.2976760864257812
11500,mla_norope,123,1,1,0.07550852745771408,0.06987543404102325,2.2976760864257812
11500,mla_norope,123,1,2,0.0608794130384922,0.0636705830693245,2.2976760864257812
11500,mla_norope,123,1,3,0.06123006343841553,0.0669889971613884,2.2976760864257812
11500,mla_norope,123,1,4,0.06597849726676941,0.06677941977977753,2.2976760864257812
11500,mla_norope,123,1,5,0.06374145299196243,0.05772043764591217,2.2976760864257812
11500,mla_norope,123,1,6,0.05333699658513069,0.0559258908033371,2.2976760864257812
11500,mla_norope,123,1,7,0.05516418442130089,0.06141018494963646,2.2976760864257812
11500,mla_norope,123,1,8,0.06586537510156631,0.05227963626384735,2.2976760864257812
11500,mla_norope,123,1,9,0.05859822407364845,0.059916723519563675,2.2976760864257812
11500,mla_norope,123,1,10,0.07511718571186066,0.06789309531450272,2.2976760864257812
11500,mla_norope,123,1,11,0.07650746405124664,0.06960117816925049,2.2976760864257812
11500,mla_norope,123,1,12,0.049629922956228256,0.06495482474565506,2.2976760864257812
11500,mla_norope,123,1,13,0.05378611385822296,0.05990678817033768,2.2976760864257812
11500,mla_norope,123,1,14,0.06342387199401855,0.05836062133312225,2.2976760864257812
11500,mla_norope,123,1,15,0.06489654630422592,0.06372294574975967,2.2976760864257812
11500,mla_norope,123,2,0,0.05547495558857918,0.04786383733153343,1.8612884283065796
11500,mla_norope,123,2,1,0.07076466828584671,0.06933397799730301,1.8612884283065796
11500,mla_norope,123,2,2,0.06923380494117737,0.05855633318424225,1.8612884283065796
11500,mla_norope,123,2,3,0.0649985745549202,0.05449536815285683,1.8612884283065796
11500,mla_norope,123,2,4,0.06482035666704178,0.057365238666534424,1.8612884283065796
11500,mla_norope,123,2,5,0.04830688610672951,0.055059533566236496,1.8612884283065796
11500,mla_norope,123,2,6,0.061270955950021744,0.06445913016796112,1.8612884283065796
11500,mla_norope,123,2,7,0.07124277949333191,0.0769115537405014,1.8612884283065796
11500,mla_norope,123,2,8,0.055926818400621414,0.06550634652376175,1.8612884283065796
11500,mla_norope,123,2,9,0.05994893237948418,0.05901462584733963,1.8612884283065796
11500,mla_norope,123,2,10,0.06402719765901566,0.05664251372218132,1.8612884283065796
11500,mla_norope,123,2,11,0.0483175665140152,0.05053821578621864,1.8612884283065796
11500,mla_norope,123,2,12,0.07551808655261993,0.07570209354162216,1.8612884283065796
11500,mla_norope,123,2,13,0.05716511979699135,0.07153254002332687,1.8612884283065796
11500,mla_norope,123,2,14,0.04857584461569786,0.054332174360752106,1.8612884283065796
11500,mla_norope,123,2,15,0.08440744876861572,0.08268649131059647,1.8612884283065796
11500,mla_norope,123,3,0,0.07027852535247803,0.06613540649414062,1.5437827110290527
11500,mla_norope,123,3,1,0.0570761114358902,0.06719227135181427,1.5437827110290527
11500,mla_norope,123,3,2,0.05965606868267059,0.062315456569194794,1.5437827110290527
11500,mla_norope,123,3,3,0.06642913818359375,0.0552678108215332,1.5437827110290527
11500,mla_norope,123,3,4,0.06229685619473457,0.05994011461734772,1.5437827110290527
11500,mla_norope,123,3,5,0.044173482805490494,0.05649658665060997,1.5437827110290527
11500,mla_norope,123,3,6,0.05063740909099579,0.056810155510902405,1.5437827110290527
11500,mla_norope,123,3,7,0.10635365545749664,0.08926340192556381,1.5437827110290527
11500,mla_norope,123,3,8,0.0693347156047821,0.06516893953084946,1.5437827110290527
11500,mla_norope,123,3,9,0.053296610713005066,0.06388363242149353,1.5437827110290527
11500,mla_norope,123,3,10,0.04877329617738724,0.050992026925086975,1.5437827110290527
11500,mla_norope,123,3,11,0.0506102479994297,0.05924288555979729,1.5437827110290527
11500,mla_norope,123,3,12,0.07607991248369217,0.08363830298185349,1.5437827110290527
11500,mla_norope,123,3,13,0.04163553938269615,0.043361686170101166,1.5437827110290527
11500,mla_norope,123,3,14,0.07197590917348862,0.05818270891904831,1.5437827110290527
11500,mla_norope,123,3,15,0.07139251381158829,0.06210872158408165,1.5437827110290527
11500,mla_norope,123,4,0,0.08003682643175125,0.06147950515151024,1.3069822788238525
11500,mla_norope,123,4,1,0.05012369900941849,0.04720009118318558,1.3069822788238525
11500,mla_norope,123,4,2,0.059853412210941315,0.049667056649923325,1.3069822788238525
11500,mla_norope,123,4,3,0.04261871427297592,0.05715913698077202,1.3069822788238525
11500,mla_norope,123,4,4,0.059716492891311646,0.058780327439308167,1.3069822788238525
11500,mla_norope,123,4,5,0.06454183161258698,0.07925055921077728,1.3069822788238525
11500,mla_norope,123,4,6,0.07003235071897507,0.06348877400159836,1.3069822788238525
11500,mla_norope,123,4,7,0.05176452547311783,0.06199297681450844,1.3069822788238525
11500,mla_norope,123,4,8,0.06844990700483322,0.06684549152851105,1.3069822788238525
11500,mla_norope,123,4,9,0.04864196851849556,0.05818437039852142,1.3069822788238525
11500,mla_norope,123,4,10,0.07279246300458908,0.06658816337585449,1.3069822788238525
11500,mla_norope,123,4,11,0.06945088505744934,0.04806912690401077,1.3069822788238525
11500,mla_norope,123,4,12,0.06779368221759796,0.07752935588359833,1.3069822788238525
11500,mla_norope,123,4,13,0.06846781075000763,0.06610284000635147,1.3069822788238525
11500,mla_norope,123,4,14,0.04571828246116638,0.05161616951227188,1.3069822788238525
11500,mla_norope,123,4,15,0.07999715209007263,0.08604619652032852,1.3069822788238525
11500,mla_norope,123,5,0,0.07594828307628632,0.08581102639436722,1.365491271018982
11500,mla_norope,123,5,1,0.05025726184248924,0.04287813976407051,1.365491271018982
11500,mla_norope,123,5,2,0.0611317940056324,0.061808936297893524,1.365491271018982
11500,mla_norope,123,5,3,0.09868031740188599,0.08716191351413727,1.365491271018982
11500,mla_norope,123,5,4,0.05927439406514168,0.04934029281139374,1.365491271018982
11500,mla_norope,123,5,5,0.04817809909582138,0.06645438820123672,1.365491271018982
11500,mla_norope,123,5,6,0.12733031809329987,0.10528809577226639,1.365491271018982
11500,mla_norope,123,5,7,0.044507648795843124,0.05059034377336502,1.365491271018982
11500,mla_norope,123,5,8,0.02790690027177334,0.0493532158434391,1.365491271018982
11500,mla_norope,123,5,9,0.019018860533833504,0.027822500094771385,1.365491271018982
11500,mla_norope,123,5,10,0.09145772457122803,0.0961272343993187,1.365491271018982
11500,mla_norope,123,5,11,0.06851369142532349,0.05688772350549698,1.365491271018982
11500,mla_norope,123,5,12,0.047462668269872665,0.05380141735076904,1.365491271018982
11500,mla_norope,123,5,13,0.041722919791936874,0.03091074898838997,1.365491271018982
11500,mla_norope,123,5,14,0.0527769960463047,0.05344080552458763,1.365491271018982
11500,mla_norope,123,5,15,0.08583211153745651,0.08232317864894867,1.365491271018982
12000,mla_norope,123,1,0,0.052748411893844604,0.05879474803805351,2.2847187519073486
12000,mla_norope,123,1,1,0.07741882652044296,0.0712672770023346,2.2847187519073486
12000,mla_norope,123,1,2,0.061700135469436646,0.06471427530050278,2.2847187519073486
12000,mla_norope,123,1,3,0.05403401702642441,0.06666983664035797,2.2847187519073486
12000,mla_norope,123,1,4,0.0636424794793129,0.06473727524280548,2.2847187519073486
12000,mla_norope,123,1,5,0.06611032783985138,0.05850706249475479,2.2847187519073486
12000,mla_norope,123,1,6,0.05441233143210411,0.05697790905833244,2.2847187519073486
12000,mla_norope,123,1,7,0.061691589653491974,0.06399144977331161,2.2847187519073486
12000,mla_norope,123,1,8,0.06517507135868073,0.052140235900878906,2.2847187519073486
12000,mla_norope,123,1,9,0.06130828708410263,0.061015885323286057,2.2847187519073486
12000,mla_norope,123,1,10,0.07690846920013428,0.06924023479223251,2.2847187519073486
12000,mla_norope,123,1,11,0.07200165092945099,0.06667783856391907,2.2847187519073486
12000,mla_norope,123,1,12,0.045818787068128586,0.0638655498623848,2.2847187519073486
12000,mla_norope,123,1,13,0.061245523393154144,0.062070250511169434,2.2847187519073486
12000,mla_norope,123,1,14,0.061797790229320526,0.057596348226070404,2.2847187519073486
12000,mla_norope,123,1,15,0.06398630887269974,0.06173381954431534,2.2847187519073486
12000,mla_norope,123,2,0,0.05314392223954201,0.04633050784468651,1.8552842140197754
12000,mla_norope,123,2,1,0.07160481810569763,0.06974270194768906,1.8552842140197754
12000,mla_norope,123,2,2,0.06932017207145691,0.05886571854352951,1.8552842140197754
12000,mla_norope,123,2,3,0.06729552894830704,0.05748781934380531,1.8552842140197754
12000,mla_norope,123,2,4,0.05926259234547615,0.05478770658373833,1.8552842140197754
12000,mla_norope,123,2,5,0.04782959073781967,0.05474720522761345,1.8552842140197754
12000,mla_norope,123,2,6,0.0644003301858902,0.06735718250274658,1.8552842140197754
12000,mla_norope,123,2,7,0.07091695070266724,0.07692142575979233,1.8552842140197754
12000,mla_norope,123,2,8,0.058563537895679474,0.06719956547021866,1.8552842140197754
12000,mla_norope,123,2,9,0.06043284013867378,0.058861203491687775,1.8552842140197754
12000,mla_norope,123,2,10,0.06915700435638428,0.060219816863536835,1.8552842140197754
12000,mla_norope,123,2,11,0.04617594555020332,0.04812145605683327,1.8552842140197754
12000,mla_norope,123,2,12,0.0769939199090004,0.07643277198076248,1.8552842140197754
12000,mla_norope,123,2,13,0.05244863033294678,0.06730077415704727,1.8552842140197754
12000,mla_norope,123,2,14,0.04652760922908783,0.05290817469358444,1.8552842140197754
12000,mla_norope,123,2,15,0.0859266147017479,0.08271589130163193,1.8552842140197754
12000,mla_norope,123,3,0,0.06880839169025421,0.06482639163732529,1.534856915473938
12000,mla_norope,123,3,1,0.05654917284846306,0.06686364859342575,1.534856915473938
12000,mla_norope,123,3,2,0.057367656379938126,0.06092573329806328,1.534856915473938
12000,mla_norope,123,3,3,0.0709603875875473,0.05737179517745972,1.534856915473938
12000,mla_norope,123,3,4,0.06406748294830322,0.06144599989056587,1.534856915473938
12000,mla_norope,123,3,5,0.04422516003251076,0.056583285331726074,1.534856915473938
12000,mla_norope,123,3,6,0.0511322021484375,0.05723024532198906,1.534856915473938
12000,mla_norope,123,3,7,0.10646982491016388,0.08935033529996872,1.534856915473938
12000,mla_norope,123,3,8,0.06977874785661697,0.06536143273115158,1.534856915473938
12000,mla_norope,123,3,9,0.05334523692727089,0.06447668373584747,1.534856915473938
12000,mla_norope,123,3,10,0.05075744539499283,0.052017323672771454,1.534856915473938
12000,mla_norope,123,3,11,0.0508880615234375,0.05888163298368454,1.534856915473938
12000,mla_norope,123,3,12,0.0740807056427002,0.08174605667591095,1.534856915473938
12000,mla_norope,123,3,13,0.03961141034960747,0.041941724717617035,1.534856915473938
12000,mla_norope,123,3,14,0.06884846836328506,0.05721808224916458,1.534856915473938
12000,mla_norope,123,3,15,0.07310964167118073,0.06375975161790848,1.534856915473938
12000,mla_norope,123,4,0,0.07500772923231125,0.05699499696493149,1.3086680173873901
12000,mla_norope,123,4,1,0.050047099590301514,0.04789308086037636,1.3086680173873901
12000,mla_norope,123,4,2,0.06298980861902237,0.05196802690625191,1.3086680173873901
12000,mla_norope,123,4,3,0.041651610285043716,0.05606701597571373,1.3086680173873901
12000,mla_norope,123,4,4,0.0607248954474926,0.05872052535414696,1.3086680173873901
12000,mla_norope,123,4,5,0.06290893256664276,0.07799797505140305,1.3086680173873901
12000,mla_norope,123,4,6,0.07024881988763809,0.06335875391960144,1.3086680173873901
12000,mla_norope,123,4,7,0.05181935802102089,0.0618569552898407,1.3086680173873901
12000,mla_norope,123,4,8,0.06853505223989487,0.06700190901756287,1.3086680173873901
12000,mla_norope,123,4,9,0.04881541058421135,0.058221131563186646,1.3086680173873901
12000,mla_norope,123,4,10,0.07402882725000381,0.0676945224404335,1.3086680173873901
12000,mla_norope,123,4,11,0.06956512480974197,0.048702482134103775,1.3086680173873901
12000,mla_norope,123,4,12,0.06401652097702026,0.07442379742860794,1.3086680173873901
12000,mla_norope,123,4,13,0.07142537087202072,0.06903190910816193,1.3086680173873901
12000,mla_norope,123,4,14,0.046161092817783356,0.05155705288052559,1.3086680173873901
12000,mla_norope,123,4,15,0.08205433934926987,0.08850987255573273,1.3086680173873901
12000,mla_norope,123,5,0,0.07430582493543625,0.08387133479118347,1.3627986907958984
12000,mla_norope,123,5,1,0.0490855909883976,0.041451651602983475,1.3627986907958984
12000,mla_norope,123,5,2,0.06051218509674072,0.06135929748415947,1.3627986907958984
12000,mla_norope,123,5,3,0.09735870361328125,0.08627746254205704,1.3627986907958984
12000,mla_norope,123,5,4,0.06093760207295418,0.05081090331077576,1.3627986907958984
12000,mla_norope,123,5,5,0.04684560000896454,0.06353813409805298,1.3627986907958984
12000,mla_norope,123,5,6,0.12919138371944427,0.10844539850950241,1.3627986907958984
12000,mla_norope,123,5,7,0.04704345762729645,0.05281144380569458,1.3627986907958984
12000,mla_norope,123,5,8,0.027769876644015312,0.049104753881692886,1.3627986907958984
12000,mla_norope,123,5,9,0.017085978761315346,0.02666381560266018,1.3627986907958984
12000,mla_norope,123,5,10,0.09219299256801605,0.0960315689444542,1.3627986907958984
12000,mla_norope,123,5,11,0.0711524486541748,0.0586138591170311,1.3627986907958984
12000,mla_norope,123,5,12,0.047546692192554474,0.05432717129588127,1.3627986907958984
12000,mla_norope,123,5,13,0.04053690657019615,0.03062480315566063,1.3627986907958984
12000,mla_norope,123,5,14,0.051715392619371414,0.052729036659002304,1.3627986907958984
12000,mla_norope,123,5,15,0.08671936392784119,0.08333928138017654,1.3627986907958984
12500,mla_norope,123,1,0,0.053175151348114014,0.059247519820928574,2.2765419483184814
12500,mla_norope,123,1,1,0.07364685088396072,0.06931224465370178,2.2765419483184814
12500,mla_norope,123,1,2,0.06017161160707474,0.06410626322031021,2.2765419483184814
12500,mla_norope,123,1,3,0.04800577834248543,0.06425771117210388,2.2765419483184814
12500,mla_norope,123,1,4,0.06102081388235092,0.06362126767635345,2.2765419483184814
12500,mla_norope,123,1,5,0.06532643735408783,0.05906043201684952,2.2765419483184814
12500,mla_norope,123,1,6,0.06749206781387329,0.06160244718194008,2.2765419483184814
12500,mla_norope,123,1,7,0.06083790957927704,0.06325238198041916,2.2765419483184814
12500,mla_norope,123,1,8,0.06279083341360092,0.05035035312175751,2.2765419483184814
12500,mla_norope,123,1,9,0.05244242399930954,0.058907411992549896,2.2765419483184814
12500,mla_norope,123,1,10,0.07525339722633362,0.06838273257017136,2.2765419483184814
12500,mla_norope,123,1,11,0.07039093226194382,0.0659603476524353,2.2765419483184814
12500,mla_norope,123,1,12,0.0532328300178051,0.06717276573181152,2.2765419483184814
12500,mla_norope,123,1,13,0.05744557827711105,0.06095436215400696,2.2765419483184814
12500,mla_norope,123,1,14,0.0704612210392952,0.060771238058805466,2.2765419483184814
12500,mla_norope,123,1,15,0.06830617040395737,0.06304049491882324,2.2765419483184814
12500,mla_norope,123,2,0,0.05270487442612648,0.04689018800854683,1.8606754541397095
12500,mla_norope,123,2,1,0.07150858640670776,0.07004434615373611,1.8606754541397095
12500,mla_norope,123,2,2,0.07437469810247421,0.06314441561698914,1.8606754541397095
12500,mla_norope,123,2,3,0.06421783566474915,0.05414443463087082,1.8606754541397095
12500,mla_norope,123,2,4,0.06050761044025421,0.055647797882556915,1.8606754541397095
12500,mla_norope,123,2,5,0.046729836612939835,0.05407338961958885,1.8606754541397095
12500,mla_norope,123,2,6,0.05960245802998543,0.06309589743614197,1.8606754541397095
12500,mla_norope,123,2,7,0.06899373233318329,0.07395444065332413,1.8606754541397095
12500,mla_norope,123,2,8,0.056023456156253815,0.06570486724376678,1.8606754541397095
12500,mla_norope,123,2,9,0.06023111939430237,0.058822814375162125,1.8606754541397095
12500,mla_norope,123,2,10,0.07456288486719131,0.06424842774868011,1.8606754541397095
12500,mla_norope,123,2,11,0.04892262816429138,0.05025766044855118,1.8606754541397095
12500,mla_norope,123,2,12,0.07775767147541046,0.0770665854215622,1.8606754541397095
12500,mla_norope,123,2,13,0.054256998002529144,0.06925448030233383,1.8606754541397095
12500,mla_norope,123,2,14,0.04415435716509819,0.05189824104309082,1.8606754541397095
12500,mla_norope,123,2,15,0.08545125275850296,0.08175197243690491,1.8606754541397095
12500,mla_norope,123,3,0,0.06986968964338303,0.0656636506319046,1.5390148162841797
12500,mla_norope,123,3,1,0.05722697079181671,0.06818441301584244,1.5390148162841797
12500,mla_norope,123,3,2,0.05665578320622444,0.0600377582013607,1.5390148162841797
12500,mla_norope,123,3,3,0.0709737166762352,0.05657565966248512,1.5390148162841797
12500,mla_norope,123,3,4,0.06136871501803398,0.05884602293372154,1.5390148162841797
12500,mla_norope,123,3,5,0.03841593489050865,0.053763747215270996,1.5390148162841797
12500,mla_norope,123,3,6,0.049652405083179474,0.056156087666749954,1.5390148162841797
12500,mla_norope,123,3,7,0.10666361451148987,0.0893617644906044,1.5390148162841797
12500,mla_norope,123,3,8,0.07021169364452362,0.06501360982656479,1.5390148162841797
12500,mla_norope,123,3,9,0.05657481029629707,0.06731373071670532,1.5390148162841797
12500,mla_norope,123,3,10,0.05015716701745987,0.05235409364104271,1.5390148162841797
12500,mla_norope,123,3,11,0.05469411239027977,0.06219889968633652,1.5390148162841797
12500,mla_norope,123,3,12,0.07388285547494888,0.08149321377277374,1.5390148162841797
12500,mla_norope,123,3,13,0.04523284733295441,0.04479948803782463,1.5390148162841797
12500,mla_norope,123,3,14,0.0660952776670456,0.055217061191797256,1.5390148162841797
12500,mla_norope,123,3,15,0.07232442498207092,0.06302086263895035,1.5390148162841797
12500,mla_norope,123,4,0,0.07830535620450974,0.06010478362441063,1.3254215717315674
12500,mla_norope,123,4,1,0.048513997346162796,0.04659363627433777,1.3254215717315674
12500,mla_norope,123,4,2,0.06480539590120316,0.053979091346263885,1.3254215717315674
12500,mla_norope,123,4,3,0.04213511198759079,0.056937918066978455,1.3254215717315674
12500,mla_norope,123,4,4,0.06100321561098099,0.059816692024469376,1.3254215717315674
12500,mla_norope,123,4,5,0.06421254575252533,0.07916207611560822,1.3254215717315674
12500,mla_norope,123,4,6,0.07006409019231796,0.0642257034778595,1.3254215717315674
12500,mla_norope,123,4,7,0.05011342465877533,0.05986988544464111,1.3254215717315674
12500,mla_norope,123,4,8,0.06655466556549072,0.06430616974830627,1.3254215717315674
12500,mla_norope,123,4,9,0.048816222697496414,0.05831368267536163,1.3254215717315674
12500,mla_norope,123,4,10,0.0732530727982521,0.06717279553413391,1.3254215717315674
12500,mla_norope,123,4,11,0.06974589079618454,0.04970748722553253,1.3254215717315674
12500,mla_norope,123,4,12,0.06735432893037796,0.0771726444363594,1.3254215717315674
12500,mla_norope,123,4,13,0.07095184177160263,0.06836911290884018,1.3254215717315674
12500,mla_norope,123,4,14,0.04473002254962921,0.05020151659846306,1.3254215717315674
12500,mla_norope,123,4,15,0.07944081723690033,0.0840667113661766,1.3254215717315674
12500,mla_norope,123,5,0,0.07653015106916428,0.08547429740428925,1.3708827495574951
12500,mla_norope,123,5,1,0.04847137629985809,0.04071986675262451,1.3708827495574951
12500,mla_norope,123,5,2,0.06168355420231819,0.06317119300365448,1.3708827495574951
12500,mla_norope,123,5,3,0.09839406609535217,0.08686954528093338,1.3708827495574951
12500,mla_norope,123,5,4,0.05988016724586487,0.049370016902685165,1.3708827495574951
12500,mla_norope,123,5,5,0.046842753887176514,0.06387494504451752,1.3708827495574951
12500,mla_norope,123,5,6,0.12760183215141296,0.10539214313030243,1.3708827495574951
12500,mla_norope,123,5,7,0.04471191391348839,0.05090706795454025,1.3708827495574951
12500,mla_norope,123,5,8,0.027716776356101036,0.04857717081904411,1.3708827495574951
12500,mla_norope,123,5,9,0.01767272874712944,0.02723110467195511,1.3708827495574951
12500,mla_norope,123,5,10,0.09220540523529053,0.09715519100427628,1.3708827495574951
12500,mla_norope,123,5,11,0.07152872532606125,0.05943869799375534,1.3708827495574951
12500,mla_norope,123,5,12,0.047453105449676514,0.05365239456295967,1.3708827495574951
12500,mla_norope,123,5,13,0.04056539013981819,0.030529553070664406,1.3708827495574951
12500,mla_norope,123,5,14,0.05315663665533066,0.054779279977083206,1.3708827495574951
12500,mla_norope,123,5,15,0.08558543026447296,0.08285754173994064,1.3708827495574951
13000,mla_norope,123,1,0,0.05617787688970566,0.061918552964925766,2.2680788040161133
13000,mla_norope,123,1,1,0.07437937706708908,0.06979980319738388,2.2680788040161133
13000,mla_norope,123,1,2,0.059048257768154144,0.06337762624025345,2.2680788040161133
13000,mla_norope,123,1,3,0.04948140308260918,0.06317798048257828,2.2680788040161133
13000,mla_norope,123,1,4,0.06422220915555954,0.06582773476839066,2.2680788040161133
13000,mla_norope,123,1,5,0.07028818875551224,0.06233467906713486,2.2680788040161133
13000,mla_norope,123,1,6,0.0674501582980156,0.06124645844101906,2.2680788040161133
13000,mla_norope,123,1,7,0.06424194574356079,0.06475051492452621,2.2680788040161133
13000,mla_norope,123,1,8,0.06324300169944763,0.0509389266371727,2.2680788040161133
13000,mla_norope,123,1,9,0.059704385697841644,0.06094135344028473,2.2680788040161133
13000,mla_norope,123,1,10,0.07048624753952026,0.06516831368207932,2.2680788040161133
13000,mla_norope,123,1,11,0.07141489535570145,0.0668383464217186,2.2680788040161133
13000,mla_norope,123,1,12,0.047818806022405624,0.06478754431009293,2.2680788040161133
13000,mla_norope,123,1,13,0.05362864211201668,0.05977068468928337,2.2680788040161133
13000,mla_norope,123,1,14,0.06670746207237244,0.059816136956214905,2.2680788040161133
13000,mla_norope,123,1,15,0.06170715391635895,0.05930531769990921,2.2680788040161133
13000,mla_norope,123,2,0,0.05504221469163895,0.04837137088179588,1.8545743227005005
13000,mla_norope,123,2,1,0.07398884743452072,0.07171988487243652,1.8545743227005005
13000,mla_norope,123,2,2,0.07051961123943329,0.06060459837317467,1.8545743227005005
13000,mla_norope,123,2,3,0.06524800509214401,0.054966073483228683,1.8545743227005005
13000,mla_norope,123,2,4,0.05953267589211464,0.05536860600113869,1.8545743227005005
13000,mla_norope,123,2,5,0.048446450382471085,0.05542647838592529,1.8545743227005005
13000,mla_norope,123,2,6,0.06231750547885895,0.065355584025383,1.8545743227005005
13000,mla_norope,123,2,7,0.06925791501998901,0.07428743690252304,1.8545743227005005
13000,mla_norope,123,2,8,0.059746500104665756,0.06837403029203415,1.8545743227005005
13000,mla_norope,123,2,9,0.05671244487166405,0.05645614117383957,1.8545743227005005
13000,mla_norope,123,2,10,0.07041239738464355,0.061405640095472336,1.8545743227005005
13000,mla_norope,123,2,11,0.05056213214993477,0.051958706229925156,1.8545743227005005
13000,mla_norope,123,2,12,0.07459574192762375,0.07382442057132721,1.8545743227005005
13000,mla_norope,123,2,13,0.053763631731271744,0.06885455548763275,1.8545743227005005
13000,mla_norope,123,2,14,0.04601074382662773,0.053057294338941574,1.8545743227005005
13000,mla_norope,123,2,15,0.0838431790471077,0.07996916770935059,1.8545743227005005
13000,mla_norope,123,3,0,0.06822865456342697,0.06472474336624146,1.5411702394485474
13000,mla_norope,123,3,1,0.05609741061925888,0.06668151915073395,1.5411702394485474
13000,mla_norope,123,3,2,0.05623209476470947,0.05967133864760399,1.5411702394485474
13000,mla_norope,123,3,3,0.0700308233499527,0.05653146281838417,1.5411702394485474
13000,mla_norope,123,3,4,0.06466624140739441,0.061938896775245667,1.5411702394485474
13000,mla_norope,123,3,5,0.043320007622241974,0.05639742687344551,1.5411702394485474
13000,mla_norope,123,3,6,0.051441751420497894,0.05744549259543419,1.5411702394485474
13000,mla_norope,123,3,7,0.10635538399219513,0.08835703134536743,1.5411702394485474
13000,mla_norope,123,3,8,0.07347869873046875,0.06813698261976242,1.5411702394485474
13000,mla_norope,123,3,9,0.05399627611041069,0.06560575217008591,1.5411702394485474
13000,mla_norope,123,3,10,0.049272868782281876,0.051139578223228455,1.5411702394485474
13000,mla_norope,123,3,11,0.05068471282720566,0.058808811008930206,1.5411702394485474
13000,mla_norope,123,3,12,0.07228118926286697,0.08058334141969681,1.5411702394485474
13000,mla_norope,123,3,13,0.045846760272979736,0.04563913494348526,1.5411702394485474
13000,mla_norope,123,3,14,0.06665893644094467,0.05645889788866043,1.5411702394485474
13000,mla_norope,123,3,15,0.07140818238258362,0.061879608780145645,1.5411702394485474
13000,mla_norope,123,4,0,0.07812337577342987,0.06015314906835556,1.3190884590148926
13000,mla_norope,123,4,1,0.04931650683283806,0.0470568910241127,1.3190884590148926
13000,mla_norope,123,4,2,0.061839599162340164,0.05112293362617493,1.3190884590148926
13000,mla_norope,123,4,3,0.039645589888095856,0.05431893840432167,1.3190884590148926
13000,mla_norope,123,4,4,0.060638222843408585,0.05978469178080559,1.3190884590148926
13000,mla_norope,123,4,5,0.06416605412960052,0.0791098102927208,1.3190884590148926
13000,mla_norope,123,4,6,0.0687548816204071,0.06258989870548248,1.3190884590148926
13000,mla_norope,123,4,7,0.0508677177131176,0.0610448457300663,1.3190884590148926
13000,mla_norope,123,4,8,0.06899220496416092,0.06651216745376587,1.3190884590148926
13000,mla_norope,123,4,9,0.04749684780836105,0.05706317722797394,1.3190884590148926
13000,mla_norope,123,4,10,0.07688293606042862,0.07028715312480927,1.3190884590148926
13000,mla_norope,123,4,11,0.06975585967302322,0.049368392676115036,1.3190884590148926
13000,mla_norope,123,4,12,0.0667266845703125,0.07633751630783081,1.3190884590148926
13000,mla_norope,123,4,13,0.07078277319669724,0.06871437281370163,1.3190884590148926
13000,mla_norope,123,4,14,0.046044617891311646,0.05203529819846153,1.3190884590148926
13000,mla_norope,123,4,15,0.07996612787246704,0.08450085669755936,1.3190884590148926
13000,mla_norope,123,5,0,0.07317596673965454,0.08186566829681396,1.3677655458450317
13000,mla_norope,123,5,1,0.04914144054055214,0.04194796830415726,1.3677655458450317
13000,mla_norope,123,5,2,0.06130564212799072,0.06344493478536606,1.3677655458450317
13000,mla_norope,123,5,3,0.09835520386695862,0.08628395944833755,1.3677655458450317
13000,mla_norope,123,5,4,0.06158030033111572,0.05234166607260704,1.3677655458450317
13000,mla_norope,123,5,5,0.04682322219014168,0.06386848539113998,1.3677655458450317
13000,mla_norope,123,5,6,0.1299217790365219,0.10905560851097107,1.3677655458450317
13000,mla_norope,123,5,7,0.04347188398241997,0.050011612474918365,1.3677655458450317
13000,mla_norope,123,5,8,0.028408914804458618,0.049085695296525955,1.3677655458450317
13000,mla_norope,123,5,9,0.017994791269302368,0.027206309139728546,1.3677655458450317
13000,mla_norope,123,5,10,0.09192576259374619,0.09489525109529495,1.3677655458450317
13000,mla_norope,123,5,11,0.06901458650827408,0.057106513530015945,1.3677655458450317
13000,mla_norope,123,5,12,0.04779652878642082,0.054381225258111954,1.3677655458450317
13000,mla_norope,123,5,13,0.04051859676837921,0.030652230605483055,1.3677655458450317
13000,mla_norope,123,5,14,0.05261525511741638,0.05393028259277344,1.3677655458450317
13000,mla_norope,123,5,15,0.08795013278722763,0.08392270654439926,1.3677655458450317
13500,mla_norope,123,1,0,0.05359385162591934,0.060229960829019547,2.2602107524871826
13500,mla_norope,123,1,1,0.07819681614637375,0.07221242785453796,2.2602107524871826
13500,mla_norope,123,1,2,0.0638345330953598,0.0654129609465599,2.2602107524871826
13500,mla_norope,123,1,3,0.054612528532743454,0.06593753397464752,2.2602107524871826
13500,mla_norope,123,1,4,0.06508555263280869,0.06694813072681427,2.2602107524871826
13500,mla_norope,123,1,5,0.06600779294967651,0.05950343608856201,2.2602107524871826
13500,mla_norope,123,1,6,0.05699808895587921,0.057525068521499634,2.2602107524871826
13500,mla_norope,123,1,7,0.058346353471279144,0.06274735927581787,2.2602107524871826
13500,mla_norope,123,1,8,0.062143757939338684,0.050218287855386734,2.2602107524871826
13500,mla_norope,123,1,9,0.055686239153146744,0.059802476316690445,2.2602107524871826
13500,mla_norope,123,1,10,0.07276306301355362,0.06684467941522598,2.2602107524871826
13500,mla_norope,123,1,11,0.06923136115074158,0.06469670683145523,2.2602107524871826
13500,mla_norope,123,1,12,0.05359385162591934,0.0666065514087677,2.2602107524871826
13500,mla_norope,123,1,13,0.0605398565530777,0.06218486279249191,2.2602107524871826
13500,mla_norope,123,1,14,0.0675666332244873,0.059979554265737534,2.2602107524871826
13500,mla_norope,123,1,15,0.06179972365498543,0.059150099754333496,2.2602107524871826
13500,mla_norope,123,2,0,0.05644693970680237,0.04947935789823532,1.8567568063735962
13500,mla_norope,123,2,1,0.0733279436826706,0.07111767679452896,1.8567568063735962
13500,mla_norope,123,2,2,0.07083353400230408,0.059932563453912735,1.8567568063735962
13500,mla_norope,123,2,3,0.06560669094324112,0.05488837510347366,1.8567568063735962
13500,mla_norope,123,2,4,0.05873372405767441,0.05510836839675903,1.8567568063735962
13500,mla_norope,123,2,5,0.0479087308049202,0.055111292749643326,1.8567568063735962
13500,mla_norope,123,2,6,0.06178690493106842,0.06544104218482971,1.8567568063735962
13500,mla_norope,123,2,7,0.06977183371782303,0.07496526837348938,1.8567568063735962
13500,mla_norope,123,2,8,0.05925028398633003,0.06724298745393753,1.8567568063735962
13500,mla_norope,123,2,9,0.05950510501861572,0.05861983448266983,1.8567568063735962
13500,mla_norope,123,2,10,0.07035654783248901,0.06129433214664459,1.8567568063735962
13500,mla_norope,123,2,11,0.04680775851011276,0.049186136573553085,1.8567568063735962
13500,mla_norope,123,2,12,0.07694264501333237,0.07644324749708176,1.8567568063735962
13500,mla_norope,123,2,13,0.054726868867874146,0.06964992731809616,1.8567568063735962
13500,mla_norope,123,2,14,0.04470987990498543,0.05217922106385231,1.8567568063735962
13500,mla_norope,123,2,15,0.08328460901975632,0.0793403908610344,1.8567568063735962
13500,mla_norope,123,3,0,0.06854604184627533,0.06451872736215591,1.5342493057250977
13500,mla_norope,123,3,1,0.05761769786477089,0.06922384351491928,1.5342493057250977
13500,mla_norope,123,3,2,0.05851928889751434,0.061966922134160995,1.5342493057250977
13500,mla_norope,123,3,3,0.07350239902734756,0.05880434811115265,1.5342493057250977
13500,mla_norope,123,3,4,0.06275624781847,0.05952640622854233,1.5342493057250977
13500,mla_norope,123,3,5,0.043548583984375,0.056571025401353836,1.5342493057250977
13500,mla_norope,123,3,6,0.04882599040865898,0.05510690063238144,1.5342493057250977
13500,mla_norope,123,3,7,0.10596069693565369,0.08766179531812668,1.5342493057250977
13500,mla_norope,123,3,8,0.0720277950167656,0.06734155863523483,1.5342493057250977
13500,mla_norope,123,3,9,0.053056538105010986,0.06435557454824448,1.5342493057250977
13500,mla_norope,123,3,10,0.049102071672677994,0.05104239284992218,1.5342493057250977
13500,mla_norope,123,3,11,0.0509115606546402,0.05934178829193115,1.5342493057250977
13500,mla_norope,123,3,12,0.07476572692394257,0.08272967487573624,1.5342493057250977
13500,mla_norope,123,3,13,0.03855143114924431,0.040932513773441315,1.5342493057250977
13500,mla_norope,123,3,14,0.0702863559126854,0.05849098786711693,1.5342493057250977
13500,mla_norope,123,3,15,0.07202158868312836,0.06238565966486931,1.5342493057250977
13500,mla_norope,123,4,0,0.07698506861925125,0.05842437595129013,1.3136614561080933
13500,mla_norope,123,4,1,0.05124867707490921,0.04870462417602539,1.3136614561080933
13500,mla_norope,123,4,2,0.06330200284719467,0.052374422550201416,1.3136614561080933
13500,mla_norope,123,4,3,0.04224995896220207,0.05690944194793701,1.3136614561080933
13500,mla_norope,123,4,4,0.06083079054951668,0.059270355850458145,1.3136614561080933
13500,mla_norope,123,4,5,0.06360870599746704,0.0782681554555893,1.3136614561080933
13500,mla_norope,123,4,6,0.06978119164705276,0.06402691453695297,1.3136614561080933
13500,mla_norope,123,4,7,0.0503876768052578,0.06067582964897156,1.3136614561080933
13500,mla_norope,123,4,8,0.06641469150781631,0.06452860683202744,1.3136614561080933
13500,mla_norope,123,4,9,0.047967325896024704,0.05736715346574783,1.3136614561080933
13500,mla_norope,123,4,10,0.0743517056107521,0.06829569488763809,1.3136614561080933
13500,mla_norope,123,4,11,0.06937642395496368,0.04911614581942558,1.3136614561080933
13500,mla_norope,123,4,12,0.0679798349738121,0.07721772789955139,1.3136614561080933
13500,mla_norope,123,4,13,0.06964030116796494,0.0672440156340599,1.3136614561080933
13500,mla_norope,123,4,14,0.04503051936626434,0.05083546042442322,1.3136614561080933
13500,mla_norope,123,4,15,0.08084513247013092,0.08674091845750809,1.3136614561080933
13500,mla_norope,123,5,0,0.0749339833855629,0.0839960128068924,1.358309030532837
13500,mla_norope,123,5,1,0.04946177080273628,0.041621044278144836,1.358309030532837
13500,mla_norope,123,5,2,0.060622863471508026,0.0619560182094574,1.358309030532837
13500,mla_norope,123,5,3,0.09835398197174072,0.08734910935163498,1.358309030532837
13500,mla_norope,123,5,4,0.06218353286385536,0.051615968346595764,1.358309030532837
13500,mla_norope,123,5,5,0.0465373732149601,0.06336352974176407,1.358309030532837
13500,mla_norope,123,5,6,0.12735147774219513,0.10589278489351273,1.358309030532837
13500,mla_norope,123,5,7,0.04436950758099556,0.05123405158519745,1.358309030532837
13500,mla_norope,123,5,8,0.028200479224324226,0.04907852038741112,1.358309030532837
13500,mla_norope,123,5,9,0.017890524119138718,0.027148503810167313,1.358309030532837
13500,mla_norope,123,5,10,0.09264587610960007,0.09727165848016739,1.358309030532837
13500,mla_norope,123,5,11,0.06975840032100677,0.057376500219106674,1.358309030532837
13500,mla_norope,123,5,12,0.046908263117074966,0.05280109867453575,1.358309030532837
13500,mla_norope,123,5,13,0.04039011523127556,0.030597196891903877,1.358309030532837
13500,mla_norope,123,5,14,0.053376466035842896,0.05482114851474762,1.358309030532837
13500,mla_norope,123,5,15,0.08701538294553757,0.08387692272663116,1.358309030532837
14000,mla_norope,123,1,0,0.05350606143474579,0.06017278507351875,2.2529773712158203
14000,mla_norope,123,1,1,0.0754101574420929,0.07056692242622375,2.2529773712158203
14000,mla_norope,123,1,2,0.06442830711603165,0.06563758105039597,2.2529773712158203
14000,mla_norope,123,1,3,0.04934550076723099,0.0638957992196083,2.2529773712158203
14000,mla_norope,123,1,4,0.06288278847932816,0.06513884663581848,2.2529773712158203
14000,mla_norope,123,1,5,0.06778229027986526,0.061302877962589264,2.2529773712158203
14000,mla_norope,123,1,6,0.060402221977710724,0.058407261967659,2.2529773712158203
14000,mla_norope,123,1,7,0.06523152440786362,0.06556056439876556,2.2529773712158203
14000,mla_norope,123,1,8,0.06234242767095566,0.05005553364753723,2.2529773712158203
14000,mla_norope,123,1,9,0.06139262020587921,0.06201919540762901,2.2529773712158203
14000,mla_norope,123,1,10,0.0719597339630127,0.06663882732391357,2.2529773712158203
14000,mla_norope,123,1,11,0.07262074947357178,0.06687773764133453,2.2529773712158203
14000,mla_norope,123,1,12,0.04645823314785957,0.06404262781143188,2.2529773712158203
14000,mla_norope,123,1,13,0.062378641217947006,0.06258363276720047,2.2529773712158203
14000,mla_norope,123,1,14,0.06101745739579201,0.05727300047874451,2.2529773712158203
14000,mla_norope,123,1,15,0.06284128874540329,0.059827059507369995,2.2529773712158203
14000,mla_norope,123,2,0,0.05481831729412079,0.048180658370256424,1.8508648872375488
14000,mla_norope,123,2,1,0.0720793679356575,0.07008127123117447,1.8508648872375488
14000,mla_norope,123,2,2,0.07050628960132599,0.06006966158747673,1.8508648872375488
14000,mla_norope,123,2,3,0.06755035370588303,0.05677340179681778,1.8508648872375488
14000,mla_norope,123,2,4,0.0602944940328598,0.05539336055517197,1.8508648872375488
14000,mla_norope,123,2,5,0.04688934236764908,0.05442078784108162,1.8508648872375488
14000,mla_norope,123,2,6,0.06358754634857178,0.06660893559455872,1.8508648872375488
14000,mla_norope,123,2,7,0.06979624181985855,0.07509967684745789,1.8508648872375488
14000,mla_norope,123,2,8,0.057469483464956284,0.06633207201957703,1.8508648872375488
14000,mla_norope,123,2,9,0.060196734964847565,0.059288159012794495,1.8508648872375488
14000,mla_norope,123,2,10,0.07088693976402283,0.061423346400260925,1.8508648872375488
14000,mla_norope,123,2,11,0.048966266214847565,0.0505959652364254,1.8508648872375488
14000,mla_norope,123,2,12,0.07437469810247421,0.0740937888622284,1.8508648872375488
14000,mla_norope,123,2,13,0.05266357585787773,0.06737754493951797,1.8508648872375488
14000,mla_norope,123,2,14,0.045381978154182434,0.05321246013045311,1.8508648872375488
14000,mla_norope,123,2,15,0.08453837037086487,0.08104874193668365,1.8508648872375488
14000,mla_norope,123,3,0,0.06965108215808868,0.06543080508708954,1.5275335311889648
14000,mla_norope,123,3,1,0.05638234317302704,0.06726405024528503,1.5275335311889648
14000,mla_norope,123,3,2,0.05485524609684944,0.05925273895263672,1.5275335311889648
14000,mla_norope,123,3,3,0.06908213347196579,0.05613891780376434,1.5275335311889648
14000,mla_norope,123,3,4,0.06441345065832138,0.06150609999895096,1.5275335311889648
14000,mla_norope,123,3,5,0.04327575862407684,0.05607810989022255,1.5275335311889648
14000,mla_norope,123,3,6,0.050475262105464935,0.05605103820562363,1.5275335311889648
14000,mla_norope,123,3,7,0.10715769231319427,0.08930502086877823,1.5275335311889648
14000,mla_norope,123,3,8,0.07251424342393875,0.06735165417194366,1.5275335311889648
14000,mla_norope,123,3,9,0.0540720634162426,0.06555403023958206,1.5275335311889648
14000,mla_norope,123,3,10,0.04896169155836105,0.05083988606929779,1.5275335311889648
14000,mla_norope,123,3,11,0.05118011310696602,0.06002594530582428,1.5275335311889648
14000,mla_norope,123,3,12,0.07319051027297974,0.08127395808696747,1.5275335311889648
14000,mla_norope,123,3,13,0.04227498546242714,0.04312032088637352,1.5275335311889648
14000,mla_norope,123,3,14,0.07034332305192947,0.058204904198646545,1.5275335311889648
14000,mla_norope,123,3,15,0.07217010855674744,0.0626024603843689,1.5275335311889648
14000,mla_norope,123,4,0,0.07833872735500336,0.06074392423033714,1.305975079536438
14000,mla_norope,123,4,1,0.049751993268728256,0.04746035858988762,1.305975079536438
14000,mla_norope,123,4,2,0.06363535672426224,0.0526372492313385,1.305975079536438
14000,mla_norope,123,4,3,0.042620137333869934,0.0570092648267746,1.305975079536438
14000,mla_norope,123,4,4,0.06032725051045418,0.05932551622390747,1.305975079536438
14000,mla_norope,123,4,5,0.06313293427228928,0.0776505097746849,1.305975079536438
14000,mla_norope,123,4,6,0.07055908441543579,0.06459835916757584,1.305975079536438
14000,mla_norope,123,4,7,0.050675760954618454,0.0609772615134716,1.305975079536438
14000,mla_norope,123,4,8,0.0676346868276596,0.06546863913536072,1.305975079536438
14000,mla_norope,123,4,9,0.04793711379170418,0.05806461349129677,1.305975079536438
14000,mla_norope,123,4,10,0.0751698836684227,0.06884542107582092,1.305975079536438
14000,mla_norope,123,4,11,0.06877736747264862,0.04758777841925621,1.305975079536438
14000,mla_norope,123,4,12,0.06701985746622086,0.07659250497817993,1.305975079536438
14000,mla_norope,123,4,13,0.07039102911949158,0.06805910170078278,1.305975079536438
14000,mla_norope,123,4,14,0.04429565370082855,0.05038251727819443,1.305975079536438
14000,mla_norope,123,4,15,0.07973317801952362,0.0845969170331955,1.305975079536438
14000,mla_norope,123,5,0,0.07406657189130783,0.08357951790094376,1.359634518623352
14000,mla_norope,123,5,1,0.05029032379388809,0.042562514543533325,1.359634518623352
14000,mla_norope,123,5,2,0.061967164278030396,0.06402774900197983,1.359634518623352
14000,mla_norope,123,5,3,0.09687642753124237,0.08498236536979675,1.359634518623352
14000,mla_norope,123,5,4,0.06193918734788895,0.05151402950286865,1.359634518623352
14000,mla_norope,123,5,5,0.0463358573615551,0.06310990452766418,1.359634518623352
14000,mla_norope,123,5,6,0.12853047251701355,0.10694348812103271,1.359634518623352
14000,mla_norope,123,5,7,0.042476195842027664,0.0486249104142189,1.359634518623352
14000,mla_norope,123,5,8,0.02827657014131546,0.04951179772615433,1.359634518623352
14000,mla_norope,123,5,9,0.017326965928077698,0.02705135941505432,1.359634518623352
14000,mla_norope,123,5,10,0.09171417355537415,0.0960237979888916,1.359634518623352
14000,mla_norope,123,5,11,0.07144307345151901,0.0591023750603199,1.359634518623352
14000,mla_norope,123,5,12,0.047106221318244934,0.05345357209444046,1.359634518623352
14000,mla_norope,123,5,13,0.04085591807961464,0.030602244660258293,1.359634518623352
14000,mla_norope,123,5,14,0.05304300785064697,0.05435192212462425,1.359634518623352
14000,mla_norope,123,5,15,0.08775187283754349,0.08455846458673477,1.359634518623352
14500,mla_norope,123,1,0,0.053780924528837204,0.06051855906844139,2.2431466579437256
14500,mla_norope,123,1,1,0.06971985101699829,0.06708191335201263,2.2431466579437256
14500,mla_norope,123,1,2,0.06739085167646408,0.06686269491910934,2.2431466579437256
14500,mla_norope,123,1,3,0.05174652114510536,0.06585719436407089,2.2431466579437256
14500,mla_norope,123,1,4,0.06196289137005806,0.06508759409189224,2.2431466579437256
14500,mla_norope,123,1,5,0.06932098418474197,0.06217212602496147,2.2431466579437256
14500,mla_norope,123,1,6,0.06163279339671135,0.058621957898139954,2.2431466579437256
14500,mla_norope,123,1,7,0.06274007260799408,0.06405232846736908,2.2431466579437256
14500,mla_norope,123,1,8,0.061690572649240494,0.05010673776268959,2.2431466579437256
14500,mla_norope,123,1,9,0.05829518660902977,0.060954365879297256,2.2431466579437256
14500,mla_norope,123,1,10,0.07115498930215836,0.06604219973087311,2.2431466579437256
14500,mla_norope,123,1,11,0.07069051265716553,0.06604340672492981,2.2431466579437256
14500,mla_norope,123,1,12,0.04768727719783783,0.06471145898103714,2.2431466579437256
14500,mla_norope,123,1,13,0.06572743505239487,0.06411302834749222,2.2431466579437256
14500,mla_norope,123,1,14,0.06350026279687881,0.058297786861658096,2.2431466579437256
14500,mla_norope,123,1,15,0.06295888125896454,0.05947662517428398,2.2431466579437256
14500,mla_norope,123,2,0,0.05573771148920059,0.0488242581486702,1.842545986175537
14500,mla_norope,123,2,1,0.0705312117934227,0.06899730861186981,1.842545986175537
14500,mla_norope,123,2,2,0.07029958069324493,0.0605035200715065,1.842545986175537
14500,mla_norope,123,2,3,0.0671953335404396,0.05696224048733711,1.842545986175537
14500,mla_norope,123,2,4,0.06283874809741974,0.05622332915663719,1.842545986175537
14500,mla_norope,123,2,5,0.047933146357536316,0.05530606582760811,1.842545986175537
14500,mla_norope,123,2,6,0.06068125367164612,0.06429502367973328,1.842545986175537
14500,mla_norope,123,2,7,0.07075724005699158,0.0756571814417839,1.842545986175537
14500,mla_norope,123,2,8,0.05837209150195122,0.0671771764755249,1.842545986175537
14500,mla_norope,123,2,9,0.05986633151769638,0.058633677661418915,1.842545986175537
14500,mla_norope,123,2,10,0.06802205741405487,0.059462860226631165,1.842545986175537
14500,mla_norope,123,2,11,0.049743957817554474,0.05099879205226898,1.842545986175537
14500,mla_norope,123,2,12,0.07482604682445526,0.07459001243114471,1.842545986175537
14500,mla_norope,123,2,13,0.05375071242451668,0.06873641908168793,1.842545986175537
14500,mla_norope,123,2,14,0.04517659544944763,0.05292341113090515,1.842545986175537
14500,mla_norope,123,2,15,0.0842679813504219,0.08070863038301468,1.842545986175537
14500,mla_norope,123,3,0,0.0683581531047821,0.06412466615438461,1.5232638120651245
14500,mla_norope,123,3,1,0.05748077481985092,0.06814707070589066,1.5232638120651245
14500,mla_norope,123,3,2,0.055844422429800034,0.060378849506378174,1.5232638120651245
14500,mla_norope,123,3,3,0.06866851449012756,0.05560624971985817,1.5232638120651245
14500,mla_norope,123,3,4,0.06276743859052658,0.06024087220430374,1.5232638120651245
14500,mla_norope,123,3,5,0.04440867155790329,0.056567199528217316,1.5232638120651245
14500,mla_norope,123,3,6,0.05053446441888809,0.056303709745407104,1.5232638120651245
14500,mla_norope,123,3,7,0.10666920989751816,0.0885334238409996,1.5232638120651245
14500,mla_norope,123,3,8,0.07265736907720566,0.06804854422807693,1.5232638120651245
14500,mla_norope,123,3,9,0.05481506511569023,0.06634195148944855,1.5232638120651245
14500,mla_norope,123,3,10,0.04882049560546875,0.05048828199505806,1.5232638120651245
14500,mla_norope,123,3,11,0.051638998091220856,0.05998605117201805,1.5232638120651245
14500,mla_norope,123,3,12,0.07313435524702072,0.08143164962530136,1.5232638120651245
14500,mla_norope,123,3,13,0.04169311374425888,0.042804427444934845,1.5232638120651245
14500,mla_norope,123,3,14,0.07019460201263428,0.058550022542476654,1.5232638120651245
14500,mla_norope,123,3,15,0.07231435179710388,0.0624469555914402,1.5232638120651245
14500,mla_norope,123,4,0,0.07724864035844803,0.058764368295669556,1.3074982166290283
14500,mla_norope,123,4,1,0.05051574856042862,0.0480675995349884,1.3074982166290283
14500,mla_norope,123,4,2,0.06219370663166046,0.051637809723615646,1.3074982166290283
14500,mla_norope,123,4,3,0.04083608090877533,0.05527816712856293,1.3074982166290283
14500,mla_norope,123,4,4,0.06072428449988365,0.05936800688505173,1.3074982166290283
14500,mla_norope,123,4,5,0.06323862820863724,0.07779145240783691,1.3074982166290283
14500,mla_norope,123,4,6,0.0674990862607956,0.061808809638023376,1.3074982166290283
14500,mla_norope,123,4,7,0.05119578167796135,0.06219915300607681,1.3074982166290283
14500,mla_norope,123,4,8,0.06888976693153381,0.06662343442440033,1.3074982166290283
14500,mla_norope,123,4,9,0.049289245158433914,0.05926566570997238,1.3074982166290283
14500,mla_norope,123,4,10,0.07596170902252197,0.069856658577919,1.3074982166290283
14500,mla_norope,123,4,11,0.06873586028814316,0.04811288043856621,1.3074982166290283
14500,mla_norope,123,4,12,0.06669393181800842,0.07621892541646957,1.3074982166290283
14500,mla_norope,123,4,13,0.07061004638671875,0.0676744356751442,1.3074982166290283
14500,mla_norope,123,4,14,0.046023253351449966,0.05159352719783783,1.3074982166290283
14500,mla_norope,123,4,15,0.08034423738718033,0.08573923259973526,1.3074982166290283
14500,mla_norope,123,5,0,0.07395294308662415,0.08306068927049637,1.3547790050506592
14500,mla_norope,123,5,1,0.05014180392026901,0.04223190248012543,1.3547790050506592
14500,mla_norope,123,5,2,0.061820778995752335,0.06353265792131424,1.3547790050506592
14500,mla_norope,123,5,3,0.09789133816957474,0.08679597824811935,1.3547790050506592
14500,mla_norope,123,5,4,0.06143758073449135,0.05125455558300018,1.3547790050506592
14500,mla_norope,123,5,5,0.04717244580388069,0.06368227303028107,1.3547790050506592
14500,mla_norope,123,5,6,0.127935990691185,0.10680434852838516,1.3547790050506592
14500,mla_norope,123,5,7,0.04335479810833931,0.05011661350727081,1.3547790050506592
14500,mla_norope,123,5,8,0.02800343744456768,0.049259137362241745,1.3547790050506592
14500,mla_norope,123,5,9,0.017038574442267418,0.026560867205262184,1.3547790050506592
14500,mla_norope,123,5,10,0.0915992259979248,0.09507719427347183,1.3547790050506592
14500,mla_norope,123,5,11,0.07126881927251816,0.05909192934632301,1.3547790050506592
14500,mla_norope,123,5,12,0.04694569855928421,0.053421247750520706,1.3547790050506592
14500,mla_norope,123,5,13,0.04141245409846306,0.031229441985487938,1.3547790050506592
14500,mla_norope,123,5,14,0.05406789109110832,0.055415987968444824,1.3547790050506592
14500,mla_norope,123,5,15,0.08595621585845947,0.08246511220932007,1.3547790050506592
15000,mla_norope,123,1,0,0.05079437419772148,0.05847688019275665,2.245681047439575
15000,mla_norope,123,1,1,0.06893269717693329,0.06660614162683487,2.245681047439575
15000,mla_norope,123,1,2,0.06566823273897171,0.06656745076179504,2.245681047439575
15000,mla_norope,123,1,3,0.05032094195485115,0.06553863734006882,2.245681047439575
15000,mla_norope,123,1,4,0.0633608028292656,0.06587355583906174,2.245681047439575
15000,mla_norope,123,1,5,0.06751271337270737,0.06096368655562401,2.245681047439575
15000,mla_norope,123,1,6,0.06379679590463638,0.05943787842988968,2.245681047439575
15000,mla_norope,123,1,7,0.060277100652456284,0.06320013850927353,2.245681047439575
15000,mla_norope,123,1,8,0.06084625422954559,0.04950273036956787,2.245681047439575
15000,mla_norope,123,1,9,0.0651506558060646,0.06369999051094055,2.245681047439575
15000,mla_norope,123,1,10,0.07127950340509415,0.06579570472240448,2.245681047439575
15000,mla_norope,123,1,11,0.07168558984994888,0.06716249138116837,2.245681047439575
15000,mla_norope,123,1,12,0.048074137419462204,0.06435765326023102,2.245681047439575
15000,mla_norope,123,1,13,0.06067260727286339,0.06246848404407501,2.245681047439575
15000,mla_norope,123,1,14,0.06681345403194427,0.05962938815355301,2.245681047439575
15000,mla_norope,123,1,15,0.06481415033340454,0.0607190877199173,2.245681047439575
15000,mla_norope,123,2,0,0.05266723781824112,0.046729471534490585,1.8444596529006958
15000,mla_norope,123,2,1,0.0735277310013771,0.07178652286529541,1.8444596529006958
15000,mla_norope,123,2,2,0.07209615409374237,0.0615975521504879,1.8444596529006958
15000,mla_norope,123,2,3,0.0695044994354248,0.059174880385398865,1.8444596529006958
15000,mla_norope,123,2,4,0.06350799649953842,0.05636567994952202,1.8444596529006958
15000,mla_norope,123,2,5,0.046316832304000854,0.05466574802994728,1.8444596529006958
15000,mla_norope,123,2,6,0.061971843242645264,0.06554898619651794,1.8444596529006958
15000,mla_norope,123,2,7,0.06896189600229263,0.07316528260707855,1.8444596529006958
15000,mla_norope,123,2,8,0.0570869967341423,0.06627551466226578,1.8444596529006958
15000,mla_norope,123,2,9,0.058997802436351776,0.05818963423371315,1.8444596529006958
15000,mla_norope,123,2,10,0.0697987899184227,0.0605253167450428,1.8444596529006958
15000,mla_norope,123,2,11,0.046779073774814606,0.049170199781656265,1.8444596529006958
15000,mla_norope,123,2,12,0.07524006813764572,0.07459630072116852,1.8444596529006958
15000,mla_norope,123,2,13,0.05291483551263809,0.06771891564130783,1.8444596529006958
15000,mla_norope,123,2,14,0.0457426942884922,0.053582094609737396,1.8444596529006958
15000,mla_norope,123,2,15,0.08488555997610092,0.08090808987617493,1.8444596529006958
15000,mla_norope,123,3,0,0.0682118758559227,0.06376302987337112,1.523931860923767
15000,mla_norope,123,3,1,0.0553925596177578,0.0651373639702797,1.523931860923767
15000,mla_norope,123,3,2,0.05767964571714401,0.061463482677936554,1.523931860923767
15000,mla_norope,123,3,3,0.06768330931663513,0.055620744824409485,1.523931860923767
15000,mla_norope,123,3,4,0.06336924433708191,0.060447514057159424,1.523931860923767
15000,mla_norope,123,3,5,0.040910542011260986,0.05485137924551964,1.523931860923767
15000,mla_norope,123,3,6,0.05314270034432411,0.05884593352675438,1.523931860923767
15000,mla_norope,123,3,7,0.10740325599908829,0.08928025513887405,1.523931860923767
15000,mla_norope,123,3,8,0.07153370976448059,0.06643626093864441,1.523931860923767
15000,mla_norope,123,3,9,0.053636372089385986,0.06530065834522247,1.523931860923767
15000,mla_norope,123,3,10,0.049993082880973816,0.05171981826424599,1.523931860923767
15000,mla_norope,123,3,11,0.05107126757502556,0.05969167873263359,1.523931860923767
15000,mla_norope,123,3,12,0.07472076267004013,0.0825178325176239,1.523931860923767
15000,mla_norope,123,3,13,0.044459838420152664,0.04500478878617287,1.523931860923767
15000,mla_norope,123,3,14,0.06859507411718369,0.057582106441259384,1.523931860923767
15000,mla_norope,123,3,15,0.07219675928354263,0.062337085604667664,1.523931860923767
15000,mla_norope,123,4,0,0.07821543514728546,0.059907276183366776,1.3027534484863281
15000,mla_norope,123,4,1,0.04976867511868477,0.04740128666162491,1.3027534484863281
15000,mla_norope,123,4,2,0.061639100313186646,0.05143534764647484,1.3027534484863281
15000,mla_norope,123,4,3,0.04190429672598839,0.05649358779191971,1.3027534484863281
15000,mla_norope,123,4,4,0.05975351855158806,0.05812164768576622,1.3027534484863281
15000,mla_norope,123,4,5,0.06338297575712204,0.07832664251327515,1.3027534484863281
15000,mla_norope,123,4,6,0.06913238763809204,0.06327136605978012,1.3027534484863281
15000,mla_norope,123,4,7,0.05022043734788895,0.06066882982850075,1.3027534484863281
15000,mla_norope,123,4,8,0.06864328682422638,0.06623920798301697,1.3027534484863281
15000,mla_norope,123,4,9,0.04877522960305214,0.058861956000328064,1.3027534484863281
15000,mla_norope,123,4,10,0.07623951882123947,0.0698445588350296,1.3027534484863281
15000,mla_norope,123,4,11,0.0684903934597969,0.047456469386816025,1.3027534484863281
15000,mla_norope,123,4,12,0.06800363957881927,0.07731185108423233,1.3027534484863281
15000,mla_norope,123,4,13,0.07062703371047974,0.06789086759090424,1.3027534484863281
15000,mla_norope,123,4,14,0.04462392255663872,0.05040515586733818,1.3027534484863281
15000,mla_norope,123,4,15,0.08058013767004013,0.08636390417814255,1.3027534484863281
15000,mla_norope,123,5,0,0.07606801390647888,0.08503817766904831,1.356446623802185
15000,mla_norope,123,5,1,0.04798370227217674,0.04079417139291763,1.356446623802185
15000,mla_norope,123,5,2,0.062112223356962204,0.063825324177742,1.356446623802185
15000,mla_norope,123,5,3,0.09748799353837967,0.08602313697338104,1.356446623802185
15000,mla_norope,123,5,4,0.06316681206226349,0.052780527621507645,1.356446623802185
15000,mla_norope,123,5,5,0.04585418850183487,0.0626717358827591,1.356446623802185
15000,mla_norope,123,5,6,0.1289043128490448,0.10764759033918381,1.356446623802185
15000,mla_norope,123,5,7,0.04440714418888092,0.050868891179561615,1.356446623802185
15000,mla_norope,123,5,8,0.028046874329447746,0.048839081078767776,1.356446623802185
15000,mla_norope,123,5,9,0.017865294590592384,0.027311353012919426,1.356446623802185
15000,mla_norope,123,5,10,0.09210744500160217,0.09569762647151947,1.356446623802185
15000,mla_norope,123,5,11,0.06977925449609756,0.057650018483400345,1.356446623802185
15000,mla_norope,123,5,12,0.0478973388671875,0.05433731898665428,1.356446623802185
15000,mla_norope,123,5,13,0.039994098246097565,0.030129702761769295,1.356446623802185
15000,mla_norope,123,5,14,0.052498068660497665,0.053940143436193466,1.356446623802185
15000,mla_norope,123,5,15,0.08582723140716553,0.08244508504867554,1.356446623802185
