iter,attn_mode,seed,layer,expert,selected_fraction,mean_probability,router_entropy
0,mla,123,1,0,0.10431935638189316,0.07765419781208038,2.632845640182495
0,mla,123,1,1,0.037108562886714935,0.058678627014160156,2.632845640182495
0,mla,123,1,2,0.032876383513212204,0.051719799637794495,2.632845640182495
0,mla,123,1,3,0.11171498894691467,0.07851487398147583,2.632845640182495
0,mla,123,1,4,0.049584146589040756,0.05856308713555336,2.632845640182495
0,mla,123,1,5,0.03387593477964401,0.051577646285295486,2.632845640182495
0,mla,123,1,6,0.06576995551586151,0.06240143999457359,2.632845640182495
0,mla,123,1,7,0.08527831733226776,0.06708765774965286,2.632845640182495
0,mla,123,1,8,0.08761098235845566,0.06976176053285599,2.632845640182495
0,mla,123,1,9,0.10781259834766388,0.07588622719049454,2.632845640182495
0,mla,123,1,10,0.013371378183364868,0.04292827844619751,2.632845640182495
0,mla,123,1,11,0.0591544583439827,0.06659254431724548,2.632845640182495
0,mla,123,1,12,0.03349802643060684,0.05433047562837601,2.632845640182495
0,mla,123,1,13,0.07954437285661697,0.0632883608341217,2.632845640182495
0,mla,123,1,14,0.03492258861660957,0.055117759853601456,2.632845640182495
0,mla,123,1,15,0.0635579451918602,0.06589709967374802,2.632845640182495
0,mla,123,2,0,0.07155853509902954,0.06598419696092606,2.632122755050659
0,mla,123,2,1,0.05579732358455658,0.06025509536266327,2.632122755050659
0,mla,123,2,2,0.08017110079526901,0.06825839728116989,2.632122755050659
0,mla,123,2,3,0.059929098933935165,0.06372838467359543,2.632122755050659
0,mla,123,2,4,0.05887207016348839,0.06465112417936325,2.632122755050659
0,mla,123,2,5,0.08410277962684631,0.06598208844661713,2.632122755050659
0,mla,123,2,6,0.03789998218417168,0.053586311638355255,2.632122755050659
0,mla,123,2,7,0.08206797391176224,0.07220781594514847,2.632122755050659
0,mla,123,2,8,0.04423980787396431,0.05917336791753769,2.632122755050659
0,mla,123,2,9,0.051179200410842896,0.06182156875729561,2.632122755050659
0,mla,123,2,10,0.031142577528953552,0.04807056114077568,2.632122755050659
0,mla,123,2,11,0.025398457422852516,0.048320818692445755,2.632122755050659
0,mla,123,2,12,0.1097882091999054,0.07643231749534607,2.632122755050659
0,mla,123,2,13,0.10066884011030197,0.07495363801717758,2.632122755050659
0,mla,123,2,14,0.03652374446392059,0.04740850627422333,2.632122755050659
0,mla,123,2,15,0.070660300552845,0.06916576623916626,2.632122755050659
0,mla,123,3,0,0.03468627855181694,0.05890370160341263,2.6255176067352295
0,mla,123,3,1,0.05165364593267441,0.06167982146143913,2.6255176067352295
0,mla,123,3,2,0.03141215071082115,0.052935682237148285,2.6255176067352295
0,mla,123,3,3,0.0518912747502327,0.062076129019260406,2.6255176067352295
0,mla,123,3,4,0.10840657353401184,0.07607568055391312,2.6255176067352295
0,mla,123,3,5,0.026745706796646118,0.050061941146850586,2.6255176067352295
0,mla,123,3,6,0.04087422788143158,0.0555403009057045,2.6255176067352295
0,mla,123,3,7,0.015059203840792179,0.045744650065898895,2.6255176067352295
0,mla,123,3,8,0.008721618913114071,0.0465746708214283,2.6255176067352295
0,mla,123,3,9,0.1518082618713379,0.08712327480316162,2.6255176067352295
0,mla,123,3,10,0.09271342307329178,0.07285664230585098,2.6255176067352295
0,mla,123,3,11,0.07878570258617401,0.0635867789387703,2.6255176067352295
0,mla,123,3,12,0.05353281646966934,0.060997504740953445,2.6255176067352295
0,mla,123,3,13,0.12941467761993408,0.085163414478302,2.6255176067352295
0,mla,123,3,14,0.07407328486442566,0.06446439027786255,2.6255176067352295
0,mla,123,3,15,0.05022114887833595,0.05621553957462311,2.6255176067352295
0,mla,123,4,0,0.025112710893154144,0.04369461536407471,2.6151769161224365
0,mla,123,4,1,0.10152048617601395,0.07477831840515137,2.6151769161224365
0,mla,123,4,2,0.0486786924302578,0.05940613895654678,2.6151769161224365
0,mla,123,4,3,0.03201151639223099,0.050253599882125854,2.6151769161224365
0,mla,123,4,4,0.08507028967142105,0.06892940402030945,2.6151769161224365
0,mla,123,4,5,0.12029876559972763,0.07772420346736908,2.6151769161224365
0,mla,123,4,6,0.03263437747955322,0.054112523794174194,2.6151769161224365
0,mla,123,4,7,0.054008278995752335,0.05910537764430046,2.6151769161224365
0,mla,123,4,8,0.1388912945985794,0.08943326771259308,2.6151769161224365
0,mla,123,4,9,0.025117594748735428,0.05055167153477669,2.6151769161224365
0,mla,123,4,10,0.021782023832201958,0.04756653308868408,2.6151769161224365
0,mla,123,4,11,0.03990336135029793,0.05620637908577919,2.6151769161224365
0,mla,123,4,12,0.04761606827378273,0.061426568776369095,2.6151769161224365
0,mla,123,4,13,0.07899871468544006,0.07192864269018173,2.6151769161224365
0,mla,123,4,14,0.07072052359580994,0.06606771796941757,2.6151769161224365
0,mla,123,4,15,0.07763529568910599,0.06881497800350189,2.6151769161224365
0,mla,123,5,0,0.03798319399356842,0.05305442586541176,2.623234987258911
0,mla,123,5,1,0.03249654173851013,0.0560477115213871,2.623234987258911
0,mla,123,5,2,0.08432291448116302,0.06857193261384964,2.623234987258911
0,mla,123,5,3,0.1637827605009079,0.08821846544742584,2.623234987258911
0,mla,123,5,4,0.022617898881435394,0.047466475516557693,2.623234987258911
0,mla,123,5,5,0.09213969111442566,0.07397859543561935,2.623234987258911
0,mla,123,5,6,0.03849426284432411,0.05666462704539299,2.623234987258911
0,mla,123,5,7,0.13581380248069763,0.08645633608102798,2.623234987258911
0,mla,123,5,8,0.07019683718681335,0.06331253796815872,2.623234987258911
0,mla,123,5,9,0.06987080723047256,0.06618684530258179,2.623234987258911
0,mla,123,5,10,0.03352773189544678,0.048580482602119446,2.623234987258911
0,mla,123,5,11,0.02173868753015995,0.04611155763268471,2.623234987258911
0,mla,123,5,12,0.06399088352918625,0.06906106323003769,2.623234987258911
0,mla,123,5,13,0.02204386331140995,0.052007801830768585,2.623234987258911
0,mla,123,5,14,0.07198791205883026,0.06914287805557251,2.623234987258911
0,mla,123,5,15,0.03899220749735832,0.05513830855488777,2.623234987258911
500,mla,123,1,0,0.05947316437959671,0.057206857949495316,2.203932046890259
500,mla,123,1,1,0.046388041228055954,0.05379484221339226,2.203932046890259
500,mla,123,1,2,0.08659403771162033,0.07145402580499649,2.203932046890259
500,mla,123,1,3,0.034230753779411316,0.04206463322043419,2.203932046890259
500,mla,123,1,4,0.06463246792554855,0.0684037134051323,2.203932046890259
500,mla,123,1,5,0.08790557831525803,0.06483938544988632,2.203932046890259
500,mla,123,1,6,0.06664988398551941,0.06176115572452545,2.203932046890259
500,mla,123,1,7,0.054926756769418716,0.066187784075737,2.203932046890259
500,mla,123,1,8,0.03985219448804855,0.05542192980647087,2.203932046890259
500,mla,123,1,9,0.0715726688504219,0.057647641748189926,2.203932046890259
500,mla,123,1,10,0.0681731179356575,0.059991978108882904,2.203932046890259
500,mla,123,1,11,0.05052988603711128,0.06927723437547684,2.203932046890259
500,mla,123,1,12,0.07464142143726349,0.06997980177402496,2.203932046890259
500,mla,123,1,13,0.05632263049483299,0.06315522640943527,2.203932046890259
500,mla,123,1,14,0.07106170803308487,0.0725124254822731,2.203932046890259
500,mla,123,1,15,0.06704569607973099,0.06630153954029083,2.203932046890259
500,mla,123,2,0,0.038163453340530396,0.04735986515879631,2.2202951908111572
500,mla,123,2,1,0.051807962357997894,0.05287223681807518,2.2202951908111572
500,mla,123,2,2,0.04366902634501457,0.04842532053589821,2.2202951908111572
500,mla,123,2,3,0.0825951099395752,0.06537849456071854,2.2202951908111572
500,mla,123,2,4,0.06880533695220947,0.06854431331157684,2.2202951908111572
500,mla,123,2,5,0.05752421170473099,0.050411440432071686,2.2202951908111572
500,mla,123,2,6,0.04509063810110092,0.05640661343932152,2.2202951908111572
500,mla,123,2,7,0.07897013425827026,0.07244302332401276,2.2202951908111572
500,mla,123,2,8,0.09099263697862625,0.07979531586170197,2.2202951908111572
500,mla,123,2,9,0.0758521556854248,0.07477470487356186,2.2202951908111572
500,mla,123,2,10,0.07724548131227493,0.07035114616155624,2.2202951908111572
500,mla,123,2,11,0.04897664487361908,0.05583585798740387,2.2202951908111572
500,mla,123,2,12,0.05198374390602112,0.05601709336042404,2.2202951908111572
500,mla,123,2,13,0.0716947391629219,0.07131759822368622,2.2202951908111572
500,mla,123,2,14,0.03965209797024727,0.05511866882443428,2.2202951908111572
500,mla,123,2,15,0.07697662711143494,0.07494834810495377,2.2202951908111572
500,mla,123,3,0,0.04207560047507286,0.04405774921178818,2.26125431060791
500,mla,123,3,1,0.049630533903837204,0.060897376388311386,2.26125431060791
500,mla,123,3,2,0.05896179378032684,0.06733415275812149,2.26125431060791
500,mla,123,3,3,0.08328613638877869,0.06971871107816696,2.26125431060791
500,mla,123,3,4,0.034718018025159836,0.043476831167936325,2.26125431060791
500,mla,123,3,5,0.08134093880653381,0.06917683035135269,2.26125431060791
500,mla,123,3,6,0.09499318152666092,0.07681802660226822,2.26125431060791
500,mla,123,3,7,0.050746459513902664,0.05830753967165947,2.26125431060791
500,mla,123,3,8,0.059193115681409836,0.06786881387233734,2.26125431060791
500,mla,123,3,9,0.08497355133295059,0.06479477137327194,2.26125431060791
500,mla,123,3,10,0.06052408739924431,0.060090553015470505,2.26125431060791
500,mla,123,3,11,0.059122517704963684,0.07519468665122986,2.26125431060791
500,mla,123,3,12,0.0374063104391098,0.045604076236486435,2.26125431060791
500,mla,123,3,13,0.08521077781915665,0.07539623975753784,2.26125431060791
500,mla,123,3,14,0.03901519626379013,0.04425060749053955,2.26125431060791
500,mla,123,3,15,0.07880178093910217,0.07701300829648972,2.26125431060791
500,mla,123,4,0,0.09288706630468369,0.07847978174686432,2.2019946575164795
500,mla,123,4,1,0.04142008349299431,0.0552830770611763,2.2019946575164795
500,mla,123,4,2,0.04223337769508362,0.0489664189517498,2.2019946575164795
500,mla,123,4,3,0.10866454988718033,0.08827008306980133,2.2019946575164795
500,mla,123,4,4,0.06524352729320526,0.06946651637554169,2.2019946575164795
500,mla,123,4,5,0.0747540295124054,0.060286447405815125,2.2019946575164795
500,mla,123,4,6,0.05416097119450569,0.05252200737595558,2.2019946575164795
500,mla,123,4,7,0.05502502620220184,0.05937647446990013,2.2019946575164795
500,mla,123,4,8,0.07835164666175842,0.07993259280920029,2.2019946575164795
500,mla,123,4,9,0.06481312960386276,0.06417359411716461,2.2019946575164795
500,mla,123,4,10,0.06964487582445145,0.064228355884552,2.2019946575164795
500,mla,123,4,11,0.04413960874080658,0.05265941470861435,2.2019946575164795
500,mla,123,4,12,0.07672566920518875,0.06389123946428299,2.2019946575164795
500,mla,123,4,13,0.0457802340388298,0.05349154770374298,2.2019946575164795
500,mla,123,4,14,0.03880269452929497,0.050483983010053635,2.2019946575164795
500,mla,123,4,15,0.04735351726412773,0.05848857760429382,2.2019946575164795
500,mla,123,5,0,0.07678782194852829,0.06666646152734756,2.3704376220703125
500,mla,123,5,1,0.038231201469898224,0.05723670497536659,2.3704376220703125
500,mla,123,5,2,0.07813090085983276,0.06932016462087631,2.3704376220703125
500,mla,123,5,3,0.055106405168771744,0.05555958300828934,2.3704376220703125
500,mla,123,5,4,0.07198812067508698,0.07459057867527008,2.3704376220703125
500,mla,123,5,5,0.05715728923678398,0.06118931993842125,2.3704376220703125
500,mla,123,5,6,0.05015411227941513,0.059537943452596664,2.3704376220703125
500,mla,123,5,7,0.04661905765533447,0.05884464830160141,2.3704376220703125
500,mla,123,5,8,0.05259145051240921,0.059078775346279144,2.3704376220703125
500,mla,123,5,9,0.08583912998437881,0.06770071387290955,2.3704376220703125
500,mla,123,5,10,0.09206604212522507,0.0736459493637085,2.3704376220703125
500,mla,123,5,11,0.045441895723342896,0.04910418391227722,2.3704376220703125
500,mla,123,5,12,0.06118011474609375,0.0649397075176239,2.3704376220703125
500,mla,123,5,13,0.04836629331111908,0.05734143406152725,2.3704376220703125
500,mla,123,5,14,0.07222411781549454,0.06397413462400436,2.3704376220703125
500,mla,123,5,15,0.06811604648828506,0.061269618570804596,2.3704376220703125
1000,mla,123,1,0,0.04296356067061424,0.055241312831640244,2.2354865074157715
1000,mla,123,1,1,0.05794474110007286,0.05769193172454834,2.2354865074157715
1000,mla,123,1,2,0.05911702290177345,0.061919644474983215,2.2354865074157715
1000,mla,123,1,3,0.05303344875574112,0.05609354004263878,2.2354865074157715
1000,mla,123,1,4,0.07053395360708237,0.06648284196853638,2.2354865074157715
1000,mla,123,1,5,0.0566069521009922,0.05754626542329788,2.2354865074157715
1000,mla,123,1,6,0.06622975319623947,0.062041766941547394,2.2354865074157715
1000,mla,123,1,7,0.06596608459949493,0.062032654881477356,2.2354865074157715
1000,mla,123,1,8,0.050944823771715164,0.05700860172510147,2.2354865074157715
1000,mla,123,1,9,0.08207529783248901,0.06586775928735733,2.2354865074157715
1000,mla,123,1,10,0.06176941096782684,0.06126335635781288,2.2354865074157715
1000,mla,123,1,11,0.04100952297449112,0.05848206207156181,2.2354865074157715
1000,mla,123,1,12,0.08146921545267105,0.07222951948642731,2.2354865074157715
1000,mla,123,1,13,0.06092569977045059,0.062019772827625275,2.2354865074157715
1000,mla,123,1,14,0.08111368864774704,0.07698992639780045,2.2354865074157715
1000,mla,123,1,15,0.06829681247472763,0.06708896905183792,2.2354865074157715
1000,mla,123,2,0,0.04115590453147888,0.048920225352048874,2.024226188659668
1000,mla,123,2,1,0.03551900386810303,0.051749102771282196,2.024226188659668
1000,mla,123,2,2,0.04830566421151161,0.05209861323237419,2.024226188659668
1000,mla,123,2,3,0.07217712700366974,0.06397556513547897,2.024226188659668
1000,mla,123,2,4,0.06600453704595566,0.07049086689949036,2.024226188659668
1000,mla,123,2,5,0.06744282692670822,0.057086214423179626,2.024226188659668
1000,mla,123,2,6,0.05479187145829201,0.058058034628629684,2.024226188659668
1000,mla,123,2,7,0.05977172777056694,0.059733401983976364,2.024226188659668
1000,mla,123,2,8,0.07231516391038895,0.07434578984975815,2.024226188659668
1000,mla,123,2,9,0.08100494742393494,0.07587739825248718,2.024226188659668
1000,mla,123,2,10,0.07779968529939651,0.07009611278772354,2.024226188659668
1000,mla,123,2,11,0.04241180419921875,0.05131334811449051,2.024226188659668
1000,mla,123,2,12,0.03677215427160263,0.045157063752412796,2.024226188659668
1000,mla,123,2,13,0.08321400731801987,0.07843778282403946,2.024226188659668
1000,mla,123,2,14,0.07607116550207138,0.06701675802469254,2.024226188659668
1000,mla,123,2,15,0.08524241298437119,0.07564372569322586,2.024226188659668
1000,mla,123,3,0,0.054824016988277435,0.0515616349875927,1.8959811925888062
1000,mla,123,3,1,0.03906534984707832,0.0441255159676075,1.8959811925888062
1000,mla,123,3,2,0.06447957456111908,0.06823454797267914,1.8959811925888062
1000,mla,123,3,3,0.07369822263717651,0.07147514075040817,1.8959811925888062
1000,mla,123,3,4,0.042679138481616974,0.04871300235390663,1.8959811925888062
1000,mla,123,3,5,0.06782612949609756,0.05920153856277466,1.8959811925888062
1000,mla,123,3,6,0.09388783574104309,0.0920213833451271,1.8959811925888062
1000,mla,123,3,7,0.04817677661776543,0.06100389361381531,1.8959811925888062
1000,mla,123,3,8,0.05373290926218033,0.05658239871263504,1.8959811925888062
1000,mla,123,3,9,0.06744273006916046,0.055107299238443375,1.8959811925888062
1000,mla,123,3,10,0.056236471980810165,0.05481940507888794,1.8959811925888062
1000,mla,123,3,11,0.07463297247886658,0.08061428368091583,1.8959811925888062
1000,mla,123,3,12,0.05835459381341934,0.06618335843086243,1.8959811925888062
1000,mla,123,3,13,0.07484395056962967,0.06635577231645584,1.8959811925888062
1000,mla,123,3,14,0.06759602576494217,0.061989083886146545,1.8959811925888062
1000,mla,123,3,15,0.06252329796552658,0.0620119534432888,1.8959811925888062
1000,mla,123,4,0,0.1023215726017952,0.09198376536369324,1.6882551908493042
1000,mla,123,4,1,0.07101044058799744,0.06379655748605728,1.6882551908493042
1000,mla,123,4,2,0.06473022699356079,0.06061328202486038,1.6882551908493042
1000,mla,123,4,3,0.06489899009466171,0.060397498309612274,1.6882551908493042
1000,mla,123,4,4,0.05426371097564697,0.06539404392242432,1.6882551908493042
1000,mla,123,4,5,0.07600066810846329,0.06699741631746292,1.6882551908493042
1000,mla,123,4,6,0.0905379205942154,0.07945987582206726,1.6882551908493042
1000,mla,123,4,7,0.04780833050608635,0.05154763534665108,1.6882551908493042
1000,mla,123,4,8,0.0561046339571476,0.05824516341090202,1.6882551908493042
1000,mla,123,4,9,0.046697184443473816,0.061161741614341736,1.6882551908493042
1000,mla,123,4,10,0.060214538127183914,0.06154273450374603,1.6882551908493042
1000,mla,123,4,11,0.04870859906077385,0.06452202796936035,1.6882551908493042
1000,mla,123,4,12,0.06647389382123947,0.0615132711827755,1.6882551908493042
1000,mla,123,4,13,0.04150532931089401,0.04694097116589546,1.6882551908493042
1000,mla,123,4,14,0.05665181577205658,0.055321767926216125,1.6882551908493042
1000,mla,123,4,15,0.05207214504480362,0.050562191754579544,1.6882551908493042
1000,mla,123,5,0,0.057841695845127106,0.05145910009741783,1.733831763267517
1000,mla,123,5,1,0.03142262622714043,0.04642646014690399,1.733831763267517
1000,mla,123,5,2,0.10435536503791809,0.11743935942649841,1.733831763267517
1000,mla,123,5,3,0.07606954127550125,0.05881159380078316,1.733831763267517
1000,mla,123,5,4,0.05298227816820145,0.06799179315567017,1.733831763267517
1000,mla,123,5,5,0.04277343675494194,0.04339614138007164,1.733831763267517
1000,mla,123,5,6,0.05795573070645332,0.06207379698753357,1.733831763267517
1000,mla,123,5,7,0.040430907160043716,0.05693304166197777,1.733831763267517
1000,mla,123,5,8,0.06541219353675842,0.05981485918164253,1.733831763267517
1000,mla,123,5,9,0.0718066394329071,0.05936836823821068,1.733831763267517
1000,mla,123,5,10,0.07377685606479645,0.06668026000261307,1.733831763267517
1000,mla,123,5,11,0.037670593708753586,0.033779703080654144,1.733831763267517
1000,mla,123,5,12,0.07258229702711105,0.06999561190605164,1.733831763267517
1000,mla,123,5,13,0.04036325961351395,0.050080183893442154,1.733831763267517
1000,mla,123,5,14,0.09695200622081757,0.09093926846981049,1.733831763267517
1000,mla,123,5,15,0.07760457694530487,0.06481047719717026,1.733831763267517
1500,mla,123,1,0,0.05785227566957474,0.06258784979581833,2.3484458923339844
1500,mla,123,1,1,0.034473877400159836,0.05615292862057686,2.3484458923339844
1500,mla,123,1,2,0.057967934757471085,0.0602213554084301,2.3484458923339844
1500,mla,123,1,3,0.05822092667222023,0.05992366001009941,2.3484458923339844
1500,mla,123,1,4,0.0887216180562973,0.072230264544487,2.3484458923339844
1500,mla,123,1,5,0.049739379435777664,0.05549219250679016,2.3484458923339844
1500,mla,123,1,6,0.07186869531869888,0.06363251060247421,2.3484458923339844
1500,mla,123,1,7,0.07446227967739105,0.06648187339305878,2.3484458923339844
1500,mla,123,1,8,0.04756785184144974,0.05454481765627861,2.3484458923339844
1500,mla,123,1,9,0.06826314330101013,0.06295270472764969,2.3484458923339844
1500,mla,123,1,10,0.05009704455733299,0.05122831463813782,2.3484458923339844
1500,mla,123,1,11,0.0490608736872673,0.06228066608309746,2.3484458923339844
1500,mla,123,1,12,0.07573537528514862,0.06514257192611694,2.3484458923339844
1500,mla,123,1,13,0.08012298494577408,0.07072286307811737,2.3484458923339844
1500,mla,123,1,14,0.06360127776861191,0.06810295581817627,2.3484458923339844
1500,mla,123,1,15,0.07224446535110474,0.06830254197120667,2.3484458923339844
1500,mla,123,2,0,0.05339528247714043,0.05333602428436279,2.0135786533355713
1500,mla,123,2,1,0.043363239616155624,0.05732306092977524,2.0135786533355713
1500,mla,123,2,2,0.056415099650621414,0.0554114393889904,2.0135786533355713
1500,mla,123,2,3,0.07442779839038849,0.06703062355518341,2.0135786533355713
1500,mla,123,2,4,0.05611470714211464,0.0654335618019104,2.0135786533355713
1500,mla,123,2,5,0.05913909897208214,0.049409206956624985,2.0135786533355713
1500,mla,123,2,6,0.0647810846567154,0.060944415628910065,2.0135786533355713
1500,mla,123,2,7,0.0627281665802002,0.061932411044836044,2.0135786533355713
1500,mla,123,2,8,0.07536682486534119,0.0786752849817276,2.0135786533355713
1500,mla,123,2,9,0.06927938014268875,0.06797074526548386,2.0135786533355713
1500,mla,123,2,10,0.08120371401309967,0.06908370554447174,2.0135786533355713
1500,mla,123,2,11,0.055005595088005066,0.060520485043525696,2.0135786533355713
1500,mla,123,2,12,0.04496663436293602,0.053872790187597275,2.0135786533355713
1500,mla,123,2,13,0.07543650269508362,0.0708167552947998,2.0135786533355713
1500,mla,123,2,14,0.06757802516222,0.06335512548685074,2.0135786533355713
1500,mla,123,2,15,0.060798849910497665,0.06488436460494995,2.0135786533355713
1500,mla,123,3,0,0.0596281923353672,0.05887140333652496,1.7594777345657349
1500,mla,123,3,1,0.04037658870220184,0.043861959129571915,1.7594777345657349
1500,mla,123,3,2,0.06763315945863724,0.06981690973043442,1.7594777345657349
1500,mla,123,3,3,0.06772766262292862,0.06536715477705002,1.7594777345657349
1500,mla,123,3,4,0.05138387158513069,0.05080470070242882,1.7594777345657349
1500,mla,123,3,5,0.06966115534305573,0.059045519679784775,1.7594777345657349
1500,mla,123,3,6,0.10130991786718369,0.0992238000035286,1.7594777345657349
1500,mla,123,3,7,0.06727457791566849,0.06673348695039749,1.7594777345657349
1500,mla,123,3,8,0.05882151424884796,0.05808953568339348,1.7594777345657349
1500,mla,123,3,9,0.04431772977113724,0.04301268607378006,1.7594777345657349
1500,mla,123,3,10,0.04780822619795799,0.04947052150964737,1.7594777345657349
1500,mla,123,3,11,0.07297912240028381,0.08041850477457047,1.7594777345657349
1500,mla,123,3,12,0.06618896126747131,0.07435216009616852,1.7594777345657349
1500,mla,123,3,13,0.06712656468153,0.06547500938177109,1.7594777345657349
1500,mla,123,3,14,0.06334991753101349,0.05997185409069061,1.7594777345657349
1500,mla,123,3,15,0.054412841796875,0.05548485368490219,1.7594777345657349
1500,mla,123,4,0,0.09576477110385895,0.09083045274019241,1.5222245454788208
1500,mla,123,4,1,0.07786376774311066,0.06832797825336456,1.5222245454788208
1500,mla,123,4,2,0.06451253592967987,0.05875305086374283,1.5222245454788208
1500,mla,123,4,3,0.07623748481273651,0.0692170038819313,1.5222245454788208
1500,mla,123,4,4,0.04728434234857559,0.05940402299165726,1.5222245454788208
1500,mla,123,4,5,0.07745890319347382,0.07173988223075867,1.5222245454788208
1500,mla,123,4,6,0.08520965278148651,0.07713562250137329,1.5222245454788208
1500,mla,123,4,7,0.04387613758444786,0.046446748077869415,1.5222245454788208
1500,mla,123,4,8,0.05843912810087204,0.05462519824504852,1.5222245454788208
1500,mla,123,4,9,0.05068206787109375,0.0666748583316803,1.5222245454788208
1500,mla,123,4,10,0.05201049894094467,0.05655685439705849,1.5222245454788208
1500,mla,123,4,11,0.049751486629247665,0.06674110144376755,1.5222245454788208
1500,mla,123,4,12,0.06791463494300842,0.06031965836882591,1.5222245454788208
1500,mla,123,4,13,0.03317860886454582,0.039105355739593506,1.5222245454788208
1500,mla,123,4,14,0.05200815945863724,0.05389059707522392,1.5222245454788208
1500,mla,123,4,15,0.06780782341957092,0.060231488198041916,1.5222245454788208
1500,mla,123,5,0,0.0697403997182846,0.06338248401880264,1.5440552234649658
1500,mla,123,5,1,0.029381612315773964,0.04165056720376015,1.5440552234649658
1500,mla,123,5,2,0.10156809538602829,0.11963173002004623,1.5440552234649658
1500,mla,123,5,3,0.08575937896966934,0.06365011632442474,1.5440552234649658
1500,mla,123,5,4,0.04949228838086128,0.06444906443357468,1.5440552234649658
1500,mla,123,5,5,0.049511514604091644,0.04882878065109253,1.5440552234649658
1500,mla,123,5,6,0.0606517530977726,0.06770196557044983,1.5440552234649658
1500,mla,123,5,7,0.044263407588005066,0.06058604642748833,1.5440552234649658
1500,mla,123,5,8,0.053695473819971085,0.05210515111684799,1.5440552234649658
1500,mla,123,5,9,0.07271362096071243,0.0588349923491478,1.5440552234649658
1500,mla,123,5,10,0.0687604770064354,0.06059156358242035,1.5440552234649658
1500,mla,123,5,11,0.03256490081548691,0.026481257751584053,1.5440552234649658
1500,mla,123,5,12,0.06417978554964066,0.06509706377983093,1.5440552234649658
1500,mla,123,5,13,0.03960917145013809,0.04801665246486664,1.5440552234649658
1500,mla,123,5,14,0.09300221502780914,0.08471126854419708,1.5440552234649658
1500,mla,123,5,15,0.08510589599609375,0.07428128272294998,1.5440552234649658
2000,mla,123,1,0,0.0715535506606102,0.06346061825752258,2.4684267044067383
2000,mla,123,1,1,0.034105733036994934,0.05851709470152855,2.4684267044067383
2000,mla,123,1,2,0.062087200582027435,0.062135715037584305,2.4684267044067383
2000,mla,123,1,3,0.06970611214637756,0.06336676329374313,2.4684267044067383
2000,mla,123,1,4,0.06530578434467316,0.06454913318157196,2.4684267044067383
2000,mla,123,1,5,0.05163635313510895,0.05632973834872246,2.4684267044067383
2000,mla,123,1,6,0.06882883608341217,0.061672940850257874,2.4684267044067383
2000,mla,123,1,7,0.04145050048828125,0.06175711378455162,2.4684267044067383
2000,mla,123,1,8,0.05333913117647171,0.05643704906105995,2.4684267044067383
2000,mla,123,1,9,0.07701446861028671,0.06641755253076553,2.4684267044067383
2000,mla,123,1,10,0.06913269311189651,0.06347506493330002,2.4684267044067383
2000,mla,123,1,11,0.06462036073207855,0.06335130333900452,2.4684267044067383
2000,mla,123,1,12,0.06529001891613007,0.058230284601449966,2.4684267044067383
2000,mla,123,1,13,0.05005655810236931,0.0638519823551178,2.4684267044067383
2000,mla,123,1,14,0.07894358038902283,0.06907390058040619,2.4684267044067383
2000,mla,123,1,15,0.07692911475896835,0.06737380474805832,2.4684267044067383
2000,mla,123,2,0,0.04956929385662079,0.05338652804493904,2.0803377628326416
2000,mla,123,2,1,0.04638620838522911,0.0570332333445549,2.0803377628326416
2000,mla,123,2,2,0.06820943206548691,0.060677628964185715,2.0803377628326416
2000,mla,123,2,3,0.06763346493244171,0.06807777285575867,2.0803377628326416
2000,mla,123,2,4,0.05118011310696602,0.06662106513977051,2.0803377628326416
2000,mla,123,2,5,0.060675352811813354,0.04932292550802231,2.0803377628326416
2000,mla,123,2,6,0.05718282237648964,0.05711599439382553,2.0803377628326416
2000,mla,123,2,7,0.06639038026332855,0.06350593268871307,2.0803377628326416
2000,mla,123,2,8,0.07149007171392441,0.07609183341264725,2.0803377628326416
2000,mla,123,2,9,0.05167897418141365,0.061184559017419815,2.0803377628326416
2000,mla,123,2,10,0.07857076078653336,0.06748756766319275,2.0803377628326416
2000,mla,123,2,11,0.0608145147562027,0.06167840212583542,2.0803377628326416
2000,mla,123,2,12,0.061394043266773224,0.06048673018813133,2.0803377628326416
2000,mla,123,2,13,0.07438181340694427,0.06920812278985977,2.0803377628326416
2000,mla,123,2,14,0.05865132808685303,0.05917343869805336,2.0803377628326416
2000,mla,123,2,15,0.07579142600297928,0.06894833594560623,2.0803377628326416
2000,mla,123,3,0,0.05881601944565773,0.0572260282933712,1.796765923500061
2000,mla,123,3,1,0.029735209420323372,0.040611714124679565,1.796765923500061
2000,mla,123,3,2,0.06320404261350632,0.07007002830505371,1.796765923500061
2000,mla,123,3,3,0.07651153206825256,0.0761675015091896,1.796765923500061
2000,mla,123,3,4,0.0514577217400074,0.05223626643419266,1.796765923500061
2000,mla,123,3,5,0.06217091903090477,0.0554051510989666,1.796765923500061
2000,mla,123,3,6,0.09358429163694382,0.08565182983875275,1.796765923500061
2000,mla,123,3,7,0.0699189230799675,0.06768147647380829,1.796765923500061
2000,mla,123,3,8,0.05652913451194763,0.060016270726919174,1.796765923500061
2000,mla,123,3,9,0.04852254316210747,0.042703595012426376,1.796765923500061
2000,mla,123,3,10,0.055307209491729736,0.053137872368097305,1.796765923500061
2000,mla,123,3,11,0.07787567377090454,0.08293522149324417,1.796765923500061
2000,mla,123,3,12,0.06619516760110855,0.07318755984306335,1.796765923500061
2000,mla,123,3,13,0.06789174675941467,0.06633567065000534,1.796765923500061
2000,mla,123,3,14,0.06159362941980362,0.05984703078866005,1.796765923500061
2000,mla,123,3,15,0.06068623811006546,0.05678671970963478,1.796765923500061
2000,mla,123,4,0,0.0954660028219223,0.08811477571725845,1.5284264087677002
2000,mla,123,4,1,0.07754414528608322,0.06724871695041656,1.5284264087677002
2000,mla,123,4,2,0.056261900812387466,0.05283329263329506,1.5284264087677002
2000,mla,123,4,3,0.07841135561466217,0.06986711174249649,1.5284264087677002
2000,mla,123,4,4,0.047149453312158585,0.06066551059484482,1.5284264087677002
2000,mla,123,4,5,0.07287750393152237,0.0680762529373169,1.5284264087677002
2000,mla,123,4,6,0.09021199494600296,0.08374407142400742,1.5284264087677002
2000,mla,123,4,7,0.0473194383084774,0.049310628324747086,1.5284264087677002
2000,mla,123,4,8,0.04929260164499283,0.050583090633153915,1.5284264087677002
2000,mla,123,4,9,0.051179200410842896,0.06649953871965408,1.5284264087677002
2000,mla,123,4,10,0.05317189544439316,0.06108319014310837,1.5284264087677002
2000,mla,123,4,11,0.04892730712890625,0.06564483046531677,1.5284264087677002
2000,mla,123,4,12,0.0671926885843277,0.05709461122751236,1.5284264087677002
2000,mla,123,4,13,0.03522298112511635,0.03863908722996712,1.5284264087677002
2000,mla,123,4,14,0.05094970762729645,0.054433658719062805,1.5284264087677002
2000,mla,123,4,15,0.0788218155503273,0.06616167724132538,1.5284264087677002
2000,mla,123,5,0,0.0789140835404396,0.07584606856107712,1.4635165929794312
2000,mla,123,5,1,0.03360911086201668,0.050368569791316986,1.4635165929794312
2000,mla,123,5,2,0.10576172173023224,0.12454880028963089,1.4635165929794312
2000,mla,123,5,3,0.08639688789844513,0.061257027089595795,1.4635165929794312
2000,mla,123,5,4,0.05179880931973457,0.06791560351848602,1.4635165929794312
2000,mla,123,5,5,0.050114136189222336,0.049750883132219315,1.4635165929794312
2000,mla,123,5,6,0.06013865023851395,0.06763066351413727,1.4635165929794312
2000,mla,123,5,7,0.04562133923172951,0.06027023494243622,1.4635165929794312
2000,mla,123,5,8,0.053640034049749374,0.05291250720620155,1.4635165929794312
2000,mla,123,5,9,0.0723724365234375,0.05820120498538017,1.4635165929794312
2000,mla,123,5,10,0.06362579017877579,0.05477266386151314,1.4635165929794312
2000,mla,123,5,11,0.027450256049633026,0.020408377051353455,1.4635165929794312
2000,mla,123,5,12,0.061562396585941315,0.06303134560585022,1.4635165929794312
2000,mla,123,5,13,0.04206756502389908,0.047926370054483414,1.4635165929794312
2000,mla,123,5,14,0.08758178353309631,0.07882804423570633,1.4635165929794312
2000,mla,123,5,15,0.0793449878692627,0.06633144617080688,1.4635165929794312
2500,mla,123,1,0,0.05689026042819023,0.060885339975357056,2.5332188606262207
2500,mla,123,1,1,0.04730489104986191,0.06365802884101868,2.5332188606262207
2500,mla,123,1,2,0.05004506558179855,0.05741608887910843,2.5332188606262207
2500,mla,123,1,3,0.05315195769071579,0.05759339779615402,2.5332188606262207
2500,mla,123,1,4,0.05877034366130829,0.06140971556305885,2.5332188606262207
2500,mla,123,1,5,0.06774617731571198,0.06149276718497276,2.5332188606262207
2500,mla,123,1,6,0.08217254281044006,0.06521961838006973,2.5332188606262207
2500,mla,123,1,7,0.04678059741854668,0.06451959908008575,2.5332188606262207
2500,mla,123,1,8,0.06082265079021454,0.05885976925492287,2.5332188606262207
2500,mla,123,1,9,0.09107564389705658,0.06971903890371323,2.5332188606262207
2500,mla,123,1,10,0.056696269661188126,0.06110817566514015,2.5332188606262207
2500,mla,123,1,11,0.06732940673828125,0.06605100631713867,2.5332188606262207
2500,mla,123,1,12,0.07707153260707855,0.062300655990839005,2.5332188606262207
2500,mla,123,1,13,0.06441589444875717,0.06669044494628906,2.5332188606262207
2500,mla,123,1,14,0.0489095039665699,0.058332011103630066,2.5332188606262207
2500,mla,123,1,15,0.0708172619342804,0.06474423408508301,2.5332188606262207
2500,mla,123,2,0,0.04223917797207832,0.053555432707071304,2.0896434783935547
2500,mla,123,2,1,0.04580535739660263,0.060835305601358414,2.0896434783935547
2500,mla,123,2,2,0.06093129515647888,0.05681649595499039,2.0896434783935547
2500,mla,123,2,3,0.07045898586511612,0.06839116662740707,2.0896434783935547
2500,mla,123,2,4,0.05921834334731102,0.0688641220331192,2.0896434783935547
2500,mla,123,2,5,0.05429840087890625,0.04621104523539543,2.0896434783935547
2500,mla,123,2,6,0.055258382111787796,0.05691397935152054,2.0896434783935547
2500,mla,123,2,7,0.07332855463027954,0.06626062095165253,2.0896434783935547
2500,mla,123,2,8,0.06822825223207474,0.07197774201631546,2.0896434783935547
2500,mla,123,2,9,0.06783925741910934,0.07225275039672852,2.0896434783935547
2500,mla,123,2,10,0.056960348039865494,0.05725966766476631,2.0896434783935547
2500,mla,123,2,11,0.06450185179710388,0.06497400999069214,2.0896434783935547
2500,mla,123,2,12,0.05721242353320122,0.05892125517129898,2.0896434783935547
2500,mla,123,2,13,0.07381673157215118,0.06683139503002167,2.0896434783935547
2500,mla,123,2,14,0.06586191803216934,0.06224439665675163,2.0896434783935547
2500,mla,123,2,15,0.08404073119163513,0.0676906555891037,2.0896434783935547
2500,mla,123,3,0,0.053548380732536316,0.05457816272974014,1.7965079545974731
2500,mla,123,3,1,0.03185272216796875,0.042437899857759476,1.7965079545974731
2500,mla,123,3,2,0.05878814682364464,0.06638611108064651,1.7965079545974731
2500,mla,123,3,3,0.07367024570703506,0.07731588929891586,1.7965079545974731
2500,mla,123,3,4,0.048724569380283356,0.04918193444609642,1.7965079545974731
2500,mla,123,3,5,0.055955201387405396,0.0503995306789875,1.7965079545974731
2500,mla,123,3,6,0.09530364722013474,0.08501170575618744,1.7965079545974731
2500,mla,123,3,7,0.05171213671565056,0.05867715924978256,1.7965079545974731
2500,mla,123,3,8,0.06896881014108658,0.0666557028889656,1.7965079545974731
2500,mla,123,3,9,0.05280487239360809,0.045017391443252563,1.7965079545974731
2500,mla,123,3,10,0.053081970661878586,0.051471956074237823,1.7965079545974731
2500,mla,123,3,11,0.0780564397573471,0.0817938819527626,1.7965079545974731
2500,mla,123,3,12,0.07321736961603165,0.08015383034944534,1.7965079545974731
2500,mla,123,3,13,0.07398010045289993,0.07042927294969559,1.7965079545974731
2500,mla,123,3,14,0.06696634739637375,0.06414562463760376,1.7965079545974731
2500,mla,123,3,15,0.0633690357208252,0.05634402483701706,1.7965079545974731
2500,mla,123,4,0,0.09226653724908829,0.08420423418283463,1.5346134901046753
2500,mla,123,4,1,0.08114827424287796,0.06895975023508072,1.5346134901046753
2500,mla,123,4,2,0.04716115444898605,0.045599546283483505,1.5346134901046753
2500,mla,123,4,3,0.07934661954641342,0.06918016821146011,1.5346134901046753
2500,mla,123,4,4,0.05115213990211487,0.0643981397151947,1.5346134901046753
2500,mla,123,4,5,0.07762888818979263,0.07297556847333908,1.5346134901046753
2500,mla,123,4,6,0.09615203738212585,0.08809664100408554,1.5346134901046753
2500,mla,123,4,7,0.04560445249080658,0.051077667623758316,1.5346134901046753
2500,mla,123,4,8,0.04288431629538536,0.04511880502104759,1.5346134901046753
2500,mla,123,4,9,0.04912455379962921,0.06272530555725098,1.5346134901046753
2500,mla,123,4,10,0.05173879116773605,0.06134869158267975,1.5346134901046753
2500,mla,123,4,11,0.04485606029629707,0.06197395175695419,1.5346134901046753
2500,mla,123,4,12,0.06785563379526138,0.05747159942984581,1.5346134901046753
2500,mla,123,4,13,0.03506001830101013,0.037956807762384415,1.5346134901046753
2500,mla,123,4,14,0.057962238788604736,0.06103111803531647,1.5346134901046753
2500,mla,123,4,15,0.08005829155445099,0.06788186728954315,1.5346134901046753
2500,mla,123,5,0,0.07687927037477493,0.07436832785606384,1.4726532697677612
2500,mla,123,5,1,0.032146912068128586,0.046882227063179016,1.4726532697677612
2500,mla,123,5,2,0.10515635460615158,0.11515847593545914,1.4726532697677612
2500,mla,123,5,3,0.07291392236948013,0.056836310774087906,1.4726532697677612
2500,mla,123,5,4,0.05361928418278694,0.06633301824331284,1.4726532697677612
2500,mla,123,5,5,0.054589539766311646,0.053056176751852036,1.4726532697677612
2500,mla,123,5,6,0.056106772273778915,0.06626076251268387,1.4726532697677612
2500,mla,123,5,7,0.044754739850759506,0.05878504365682602,1.4726532697677612
2500,mla,123,5,8,0.053078919649124146,0.05371788516640663,1.4726532697677612
2500,mla,123,5,9,0.0678316280245781,0.05658789351582527,1.4726532697677612
2500,mla,123,5,10,0.0740044116973877,0.06478393822908401,1.4726532697677612
2500,mla,123,5,11,0.028994547203183174,0.02072102390229702,1.4726532697677612
2500,mla,123,5,12,0.05896463990211487,0.060917243361473083,1.4726532697677612
2500,mla,123,5,13,0.04371581971645355,0.049150753766298294,1.4726532697677612
2500,mla,123,5,14,0.09394582360982895,0.08474763482809067,1.4726532697677612
2500,mla,123,5,15,0.08329742401838303,0.07169341295957565,1.4726532697677612
3000,mla,123,1,0,0.08351878076791763,0.06592228263616562,2.535036325454712
3000,mla,123,1,1,0.030161743983626366,0.0625421330332756,2.535036325454712
3000,mla,123,1,2,0.05878631770610809,0.059936217963695526,2.535036325454712
3000,mla,123,1,3,0.06531575322151184,0.06037425994873047,2.535036325454712
3000,mla,123,1,4,0.06151031330227852,0.06285781413316727,2.535036325454712
3000,mla,123,1,5,0.07819773256778717,0.06477908790111542,2.535036325454712
3000,mla,123,1,6,0.08126699179410934,0.06403353065252304,2.535036325454712
3000,mla,123,1,7,0.043228860944509506,0.06338649988174438,2.535036325454712
3000,mla,123,1,8,0.06715545803308487,0.06134994328022003,2.535036325454712
3000,mla,123,1,9,0.07607848942279816,0.06362952291965485,2.535036325454712
3000,mla,123,1,10,0.06232289597392082,0.06449494510889053,2.535036325454712
3000,mla,123,1,11,0.044635314494371414,0.05963509902358055,2.535036325454712
3000,mla,123,1,12,0.0832182839512825,0.06443148106336594,2.535036325454712
3000,mla,123,1,13,0.048835959285497665,0.06358318030834198,2.535036325454712
3000,mla,123,1,14,0.0615011602640152,0.06227848678827286,2.535036325454712
3000,mla,123,1,15,0.05426594987511635,0.05676563084125519,2.535036325454712
3000,mla,123,2,0,0.04940785840153694,0.054916203022003174,2.0711238384246826
3000,mla,123,2,1,0.04601633548736572,0.0622764453291893,2.0711238384246826
3000,mla,123,2,2,0.07380055636167526,0.06112464889883995,2.0711238384246826
3000,mla,123,2,3,0.0731194019317627,0.0708136111497879,2.0711238384246826
3000,mla,123,2,4,0.0677381381392479,0.0753098800778389,2.0711238384246826
3000,mla,123,2,5,0.05893157795071602,0.050833284854888916,2.0711238384246826
3000,mla,123,2,6,0.07988179475069046,0.06384861469268799,2.0711238384246826
3000,mla,123,2,7,0.06195841357111931,0.06212061643600464,2.0711238384246826
3000,mla,123,2,8,0.0706641674041748,0.07283816486597061,2.0711238384246826
3000,mla,123,2,9,0.049843546003103256,0.06062575802206993,2.0711238384246826
3000,mla,123,2,10,0.05748992785811424,0.05732649564743042,2.0711238384246826
3000,mla,123,2,11,0.053172606974840164,0.05897553637623787,2.0711238384246826
3000,mla,123,2,12,0.04690755158662796,0.056427210569381714,2.0711238384246826
3000,mla,123,2,13,0.07242899388074875,0.06632913649082184,2.0711238384246826
3000,mla,123,2,14,0.06262023746967316,0.06104588881134987,2.0711238384246826
3000,mla,123,2,15,0.07601887732744217,0.06518859416246414,2.0711238384246826
3000,mla,123,3,0,0.054590657353401184,0.056052315980196,1.761443853378296
3000,mla,123,3,1,0.045066628605127335,0.048055991530418396,1.761443853378296
3000,mla,123,3,2,0.05105957016348839,0.06185564771294594,1.761443853378296
3000,mla,123,3,3,0.08098327368497849,0.08119931817054749,1.761443853378296
3000,mla,123,3,4,0.04426788166165352,0.04827393218874931,1.761443853378296
3000,mla,123,3,5,0.06041432544589043,0.054439201951026917,1.761443853378296
3000,mla,123,3,6,0.09862884879112244,0.08588144183158875,1.761443853378296
3000,mla,123,3,7,0.05628906190395355,0.057160280644893646,1.761443853378296
3000,mla,123,3,8,0.07099324464797974,0.0688348114490509,1.761443853378296
3000,mla,123,3,9,0.04518646374344826,0.04450614005327225,1.761443853378296
3000,mla,123,3,10,0.04880015179514885,0.047717753797769547,1.761443853378296
3000,mla,123,3,11,0.06433562934398651,0.07309110462665558,1.761443853378296
3000,mla,123,3,12,0.07677826285362244,0.08241978287696838,1.761443853378296
3000,mla,123,3,13,0.07200124114751816,0.06800497323274612,1.761443853378296
3000,mla,123,3,14,0.07677938044071198,0.06963151693344116,1.761443853378296
3000,mla,123,3,15,0.05382537841796875,0.05287570133805275,1.761443853378296
3000,mla,123,4,0,0.08432861417531967,0.07756916433572769,1.5355629920959473
3000,mla,123,4,1,0.08492320030927658,0.07170052081346512,1.5355629920959473
3000,mla,123,4,2,0.04942016676068306,0.048231225460767746,1.5355629920959473
3000,mla,123,4,3,0.07788380980491638,0.06789127737283707,1.5355629920959473
3000,mla,123,4,4,0.05578989535570145,0.06738197803497314,1.5355629920959473
3000,mla,123,4,5,0.0773143544793129,0.0711875706911087,1.5355629920959473
3000,mla,123,4,6,0.09472096711397171,0.08961710333824158,1.5355629920959473
3000,mla,123,4,7,0.04631846025586128,0.05169060081243515,1.5355629920959473
3000,mla,123,4,8,0.03692260757088661,0.042981211096048355,1.5355629920959473
3000,mla,123,4,9,0.04926493391394615,0.06234019622206688,1.5355629920959473
3000,mla,123,4,10,0.053647663444280624,0.06307011097669601,1.5355629920959473
3000,mla,123,4,11,0.04320282116532326,0.05821638181805611,1.5355629920959473
3000,mla,123,4,12,0.0707104504108429,0.058844033628702164,1.5355629920959473
3000,mla,123,4,13,0.03940887376666069,0.0410914309322834,1.5355629920959473
3000,mla,123,4,14,0.05452077090740204,0.060661010444164276,1.5355629920959473
3000,mla,123,4,15,0.081622414290905,0.06752602010965347,1.5355629920959473
3000,mla,123,5,0,0.07365905493497849,0.07193849980831146,1.470779299736023
3000,mla,123,5,1,0.02987162210047245,0.04519295692443848,1.470779299736023
3000,mla,123,5,2,0.10540059208869934,0.11465335637331009,1.470779299736023
3000,mla,123,5,3,0.07169748842716217,0.056008148938417435,1.470779299736023
3000,mla,123,5,4,0.048851825296878815,0.06073853000998497,1.470779299736023
3000,mla,123,5,5,0.057532552629709244,0.056966494768857956,1.470779299736023
3000,mla,123,5,6,0.060166116803884506,0.06802483648061752,1.470779299736023
3000,mla,123,5,7,0.04558848217129707,0.06109175458550453,1.470779299736023
3000,mla,123,5,8,0.0491141751408577,0.0503087043762207,1.470779299736023
3000,mla,123,5,9,0.07580800354480743,0.06234243884682655,1.470779299736023
3000,mla,123,5,10,0.07261301577091217,0.06266769021749496,1.470779299736023
3000,mla,123,5,11,0.02325795404613018,0.0184770654886961,1.470779299736023
3000,mla,123,5,12,0.06423228234052658,0.06450247764587402,1.470779299736023
3000,mla,123,5,13,0.042802125215530396,0.048532936722040176,1.470779299736023
3000,mla,123,5,14,0.09200744330883026,0.08277358114719391,1.470779299736023
3000,mla,123,5,15,0.0873972550034523,0.07578057795763016,1.470779299736023
3500,mla,123,1,0,0.0723857656121254,0.06424318999052048,2.4958183765411377
3500,mla,123,1,1,0.039435118436813354,0.06185070052742958,2.4958183765411377
3500,mla,123,1,2,0.055759888142347336,0.060300063341856,2.4958183765411377
3500,mla,123,1,3,0.0550709031522274,0.059267424046993256,2.4958183765411377
3500,mla,123,1,4,0.08623331785202026,0.0666823536157608,2.4958183765411377
3500,mla,123,1,5,0.042401835322380066,0.05800540745258331,2.4958183765411377
3500,mla,123,1,6,0.07395213097333908,0.06074889376759529,2.4958183765411377
3500,mla,123,1,7,0.049572449177503586,0.06276047974824905,2.4958183765411377
3500,mla,123,1,8,0.06335622072219849,0.06008167937397957,2.4958183765411377
3500,mla,123,1,9,0.07078287750482559,0.06381268799304962,2.4958183765411377
3500,mla,123,1,10,0.06988464295864105,0.06667976081371307,2.4958183765411377
3500,mla,123,1,11,0.06602223962545395,0.06493807584047318,2.4958183765411377
3500,mla,123,1,12,0.0799790471792221,0.0637066513299942,2.4958183765411377
3500,mla,123,1,13,0.054895732551813126,0.0639963373541832,2.4958183765411377
3500,mla,123,1,14,0.05853556469082832,0.06081539765000343,2.4958183765411377
3500,mla,123,1,15,0.06173228099942207,0.06211104616522789,2.4958183765411377
3500,mla,123,2,0,0.04345703125,0.050966694951057434,2.0297911167144775
3500,mla,123,2,1,0.050256144255399704,0.06541562080383301,2.0297911167144775
3500,mla,123,2,2,0.045784808695316315,0.04901069775223732,2.0297911167144775
3500,mla,123,2,3,0.06617065519094467,0.06578569114208221,2.0297911167144775
3500,mla,123,2,4,0.058191120624542236,0.07131810486316681,2.0297911167144775
3500,mla,123,2,5,0.06537261605262756,0.05402596667408943,2.0297911167144775
3500,mla,123,2,6,0.08117909729480743,0.06526171416044235,2.0297911167144775
3500,mla,123,2,7,0.06332997977733612,0.06364472210407257,2.0297911167144775
3500,mla,123,2,8,0.06701649725437164,0.07153689861297607,2.0297911167144775
3500,mla,123,2,9,0.06582977622747421,0.07147494703531265,2.0297911167144775
3500,mla,123,2,10,0.046391602605581284,0.05051974579691887,2.0297911167144775
3500,mla,123,2,11,0.06800282746553421,0.0650586262345314,2.0297911167144775
3500,mla,123,2,12,0.056960754096508026,0.061859749257564545,2.0297911167144775
3500,mla,123,2,13,0.07124003022909164,0.06556714326143265,2.0297911167144775
3500,mla,123,2,14,0.06441609561443329,0.05988605320453644,2.0297911167144775
3500,mla,123,2,15,0.08640096336603165,0.06866764277219772,2.0297911167144775
3500,mla,123,3,0,0.05541544780135155,0.05847339704632759,1.7403380870819092
3500,mla,123,3,1,0.03330383449792862,0.04226401820778847,1.7403380870819092
3500,mla,123,3,2,0.0551726259291172,0.06508144736289978,1.7403380870819092
3500,mla,123,3,3,0.07228261232376099,0.0762733519077301,1.7403380870819092
3500,mla,123,3,4,0.05247436463832855,0.0507211834192276,1.7403380870819092
3500,mla,123,3,5,0.05934794247150421,0.05368245393037796,1.7403380870819092
3500,mla,123,3,6,0.09491017460823059,0.08121924847364426,1.7403380870819092
3500,mla,123,3,7,0.04419057071208954,0.05446218326687813,1.7403380870819092
3500,mla,123,3,8,0.07462066411972046,0.07016067206859589,1.7403380870819092
3500,mla,123,3,9,0.047008056193590164,0.04465853050351143,1.7403380870819092
3500,mla,123,3,10,0.04997619614005089,0.04912278428673744,1.7403380870819092
3500,mla,123,3,11,0.06972330808639526,0.07915675640106201,1.7403380870819092
3500,mla,123,3,12,0.07511301338672638,0.0807749554514885,1.7403380870819092
3500,mla,123,3,13,0.06996653228998184,0.06687020510435104,1.7403380870819092
3500,mla,123,3,14,0.07926899939775467,0.0686890035867691,1.7403380870819092
3500,mla,123,3,15,0.06722564995288849,0.058389656245708466,1.7403380870819092
3500,mla,123,4,0,0.09428639709949493,0.08592603355646133,1.5211598873138428
3500,mla,123,4,1,0.0842379778623581,0.06888267397880554,1.5211598873138428
3500,mla,123,4,2,0.04336130619049072,0.04301963001489639,1.5211598873138428
3500,mla,123,4,3,0.08007283508777618,0.06884906440973282,1.5211598873138428
3500,mla,123,4,4,0.04919586330652237,0.06281642615795135,1.5211598873138428
3500,mla,123,4,5,0.08090657740831375,0.07850854098796844,1.5211598873138428
3500,mla,123,4,6,0.09220754355192184,0.0839875340461731,1.5211598873138428
3500,mla,123,4,7,0.048124898225069046,0.05265820771455765,1.5211598873138428
3500,mla,123,4,8,0.03576751798391342,0.040527358651161194,1.5211598873138428
3500,mla,123,4,9,0.050154827535152435,0.06433627754449844,1.5211598873138428
3500,mla,123,4,10,0.05122660472989082,0.060145873576402664,1.5211598873138428
3500,mla,123,4,11,0.04359619319438934,0.0600164532661438,1.5211598873138428
3500,mla,123,4,12,0.06696909666061401,0.058488089591264725,1.5211598873138428
3500,mla,123,4,13,0.037775471806526184,0.03923853486776352,1.5211598873138428
3500,mla,123,4,14,0.05491190776228905,0.06107483431696892,1.5211598873138428
3500,mla,123,4,15,0.08720500022172928,0.07152450829744339,1.5211598873138428
3500,mla,123,5,0,0.07737395912408829,0.07765650749206543,1.452926516532898
3500,mla,123,5,1,0.03165140748023987,0.04867597669363022,1.452926516532898
3500,mla,123,5,2,0.10713602602481842,0.11538276821374893,1.452926516532898
3500,mla,123,5,3,0.0827617421746254,0.06488616019487381,1.452926516532898
3500,mla,123,5,4,0.04644104093313217,0.05615616962313652,1.452926516532898
3500,mla,123,5,5,0.057616882026195526,0.056297898292541504,1.452926516532898
3500,mla,123,5,6,0.050545450299978256,0.06247839704155922,1.452926516532898
3500,mla,123,5,7,0.044064026325941086,0.05881461501121521,1.452926516532898
3500,mla,123,5,8,0.04953114688396454,0.051537804305553436,1.452926516532898
3500,mla,123,5,9,0.07054270058870316,0.059095606207847595,1.452926516532898
3500,mla,123,5,10,0.07453420013189316,0.06312214583158493,1.452926516532898
3500,mla,123,5,11,0.027100320905447006,0.019854316487908363,1.452926516532898
3500,mla,123,5,12,0.05843007564544678,0.06046650558710098,1.452926516532898
3500,mla,123,5,13,0.04372802749276161,0.048159558326005936,1.452926516532898
3500,mla,123,5,14,0.09235544502735138,0.08151828497648239,1.452926516532898
3500,mla,123,5,15,0.08618754148483276,0.07589718699455261,1.452926516532898
4000,mla,123,1,0,0.059035949409008026,0.0590292289853096,2.4791932106018066
4000,mla,123,1,1,0.03942809998989105,0.05970294773578644,2.4791932106018066
4000,mla,123,1,2,0.0632534772157669,0.06352193653583527,2.4791932106018066
4000,mla,123,1,3,0.05083811283111572,0.05732250213623047,2.4791932106018066
4000,mla,123,1,4,0.07532623410224915,0.0650494396686554,2.4791932106018066
4000,mla,123,1,5,0.04838907718658447,0.059140950441360474,2.4791932106018066
4000,mla,123,1,6,0.08201100677251816,0.064197838306427,2.4791932106018066
4000,mla,123,1,7,0.05806070938706398,0.06332076340913773,2.4791932106018066
4000,mla,123,1,8,0.06592722237110138,0.05990874767303467,2.4791932106018066
4000,mla,123,1,9,0.06129109859466553,0.05976603925228119,2.4791932106018066
4000,mla,123,1,10,0.06096893176436424,0.06589285284280777,2.4791932106018066
4000,mla,123,1,11,0.05873667448759079,0.06304199248552322,2.4791932106018066
4000,mla,123,1,12,0.08586791902780533,0.06677332520484924,2.4791932106018066
4000,mla,123,1,13,0.05987142026424408,0.06421437859535217,2.4791932106018066
4000,mla,123,1,14,0.05256601795554161,0.0594610795378685,2.4791932106018066
4000,mla,123,1,15,0.07842803746461868,0.06965596973896027,2.4791932106018066
4000,mla,123,2,0,0.04536448046565056,0.05013236030936241,1.995424747467041
4000,mla,123,2,1,0.05169769376516342,0.06714597344398499,1.995424747467041
4000,mla,123,2,2,0.05689941346645355,0.05216402933001518,1.995424747467041
4000,mla,123,2,3,0.07156209647655487,0.07145188003778458,1.995424747467041
4000,mla,123,2,4,0.06736551970243454,0.0778064951300621,1.995424747467041
4000,mla,123,2,5,0.05845458805561066,0.050592754036188126,1.995424747467041
4000,mla,123,2,6,0.06823892891407013,0.05795183777809143,1.995424747467041
4000,mla,123,2,7,0.06091969832777977,0.061051420867443085,1.995424747467041
4000,mla,123,2,8,0.07101796567440033,0.07296404987573624,1.995424747467041
4000,mla,123,2,9,0.06980784237384796,0.07368379831314087,1.995424747467041
4000,mla,123,2,10,0.054480694234371185,0.05464202165603638,1.995424747467041
4000,mla,123,2,11,0.05699523910880089,0.059620749205350876,1.995424747467041
4000,mla,123,2,12,0.051852721720933914,0.05780170485377312,1.995424747467041
4000,mla,123,2,13,0.06642425805330276,0.06201257184147835,1.995424747467041
4000,mla,123,2,14,0.060272928327322006,0.05774543806910515,1.995424747467041
4000,mla,123,2,15,0.08864593505859375,0.07323306053876877,1.995424747467041
4000,mla,123,3,0,0.04833536967635155,0.052137814462184906,1.7229645252227783
4000,mla,123,3,1,0.03979014232754707,0.04482651874423027,1.7229645252227783
4000,mla,123,3,2,0.05962086841464043,0.06765516847372055,1.7229645252227783
4000,mla,123,3,3,0.0794212818145752,0.08293646574020386,1.7229645252227783
4000,mla,123,3,4,0.0502961240708828,0.050389815121889114,1.7229645252227783
4000,mla,123,3,5,0.05850179120898247,0.05251432582736015,1.7229645252227783
4000,mla,123,3,6,0.09664967656135559,0.08112797141075134,1.7229645252227783
4000,mla,123,3,7,0.05160268023610115,0.05871276184916496,1.7229645252227783
4000,mla,123,3,8,0.0746472179889679,0.07242525368928909,1.7229645252227783
4000,mla,123,3,9,0.04823150485754013,0.04358885437250137,1.7229645252227783
4000,mla,123,3,10,0.056950174272060394,0.05359674617648125,1.7229645252227783
4000,mla,123,3,11,0.058763936161994934,0.07026809453964233,1.7229645252227783
4000,mla,123,3,12,0.07769795507192612,0.08236992359161377,1.7229645252227783
4000,mla,123,3,13,0.06755483150482178,0.0660092756152153,1.7229645252227783
4000,mla,123,3,14,0.06990163028240204,0.06531181931495667,1.7229645252227783
4000,mla,123,3,15,0.062034811824560165,0.056129295378923416,1.7229645252227783
4000,mla,123,4,0,0.09277282655239105,0.08357694000005722,1.5094434022903442
4000,mla,123,4,1,0.0825798511505127,0.06863818317651749,1.5094434022903442
4000,mla,123,4,2,0.04546539485454559,0.04518267139792442,1.5094434022903442
4000,mla,123,4,3,0.07938171178102493,0.06953706592321396,1.5094434022903442
4000,mla,123,4,4,0.04727427288889885,0.06191287934780121,1.5094434022903442
4000,mla,123,4,5,0.0772235095500946,0.07272976636886597,1.5094434022903442
4000,mla,123,4,6,0.10065735131502151,0.09391635656356812,1.5094434022903442
4000,mla,123,4,7,0.050376180559396744,0.056561991572380066,1.5094434022903442
4000,mla,123,4,8,0.036386922001838684,0.04181782528758049,1.5094434022903442
4000,mla,123,4,9,0.047568563371896744,0.05977749451994896,1.5094434022903442
4000,mla,123,4,10,0.05532989650964737,0.06309565901756287,1.5094434022903442
4000,mla,123,4,11,0.04328806698322296,0.059413280338048935,1.5094434022903442
4000,mla,123,4,12,0.06731720268726349,0.056501783430576324,1.5094434022903442
4000,mla,123,4,13,0.03427164629101753,0.036864034831523895,1.5094434022903442
4000,mla,123,4,14,0.04983612149953842,0.05673985928297043,1.5094434022903442
4000,mla,123,4,15,0.09027048945426941,0.0737341120839119,1.5094434022903442
4000,mla,123,5,0,0.0684712752699852,0.07009677588939667,1.451549768447876
4000,mla,123,5,1,0.032678935676813126,0.0498836375772953,1.451549768447876
4000,mla,123,5,2,0.10679453611373901,0.11228162050247192,1.451549768447876
4000,mla,123,5,3,0.08073720335960388,0.06555423140525818,1.451549768447876
4000,mla,123,5,4,0.04936696216464043,0.05958465486764908,1.451549768447876
4000,mla,123,5,5,0.05294199660420418,0.053496476262807846,1.451549768447876
4000,mla,123,5,6,0.05191751942038536,0.06099647656083107,1.451549768447876
4000,mla,123,5,7,0.05260426923632622,0.0674663782119751,1.451549768447876
4000,mla,123,5,8,0.04968678951263428,0.052134573459625244,1.451549768447876
4000,mla,123,5,9,0.07462168484926224,0.06169245392084122,1.451549768447876
4000,mla,123,5,10,0.0785471573472023,0.06715639680624008,1.451549768447876
4000,mla,123,5,11,0.02507120743393898,0.017949270084500313,1.451549768447876
4000,mla,123,5,12,0.05822153761982918,0.06049191206693649,1.451549768447876
4000,mla,123,5,13,0.04331217333674431,0.047948818653821945,1.451549768447876
4000,mla,123,5,14,0.08885803073644638,0.0778016448020935,1.451549768447876
4000,mla,123,5,15,0.08616872131824493,0.07546482980251312,1.451549768447876
4500,mla,123,1,0,0.04759674146771431,0.057140424847602844,2.4444496631622314
4500,mla,123,1,1,0.038334961980581284,0.05825401470065117,2.4444496631622314
4500,mla,123,1,2,0.06472351402044296,0.06302808225154877,2.4444496631622314
4500,mla,123,1,3,0.04982716962695122,0.05710505694150925,2.4444496631622314
4500,mla,123,1,4,0.07178659737110138,0.06462769210338593,2.4444496631622314
4500,mla,123,1,5,0.0552184022963047,0.06078534573316574,2.4444496631622314
4500,mla,123,1,6,0.07851073890924454,0.0641201063990593,2.4444496631622314
4500,mla,123,1,7,0.04403747618198395,0.05942871794104576,2.4444496631622314
4500,mla,123,1,8,0.06099507585167885,0.05931762233376503,2.4444496631622314
4500,mla,123,1,9,0.06283427029848099,0.06004346162080765,2.4444496631622314
4500,mla,123,1,10,0.06432657688856125,0.06594360619783401,2.4444496631622314
4500,mla,123,1,11,0.07927205413579941,0.06804177910089493,2.4444496631622314
4500,mla,123,1,12,0.0951303094625473,0.07123702764511108,2.4444496631622314
4500,mla,123,1,13,0.05399464815855026,0.06171490252017975,2.4444496631622314
4500,mla,123,1,14,0.06535003334283829,0.06259980797767639,2.4444496631622314
4500,mla,123,1,15,0.06806141883134842,0.06661231070756912,2.4444496631622314
4500,mla,123,2,0,0.05212615802884102,0.05373265594244003,1.9643676280975342
4500,mla,123,2,1,0.05005462467670441,0.06622765958309174,1.9643676280975342
4500,mla,123,2,2,0.07457366585731506,0.058118678629398346,1.9643676280975342
4500,mla,123,2,3,0.06754659116268158,0.06818381696939468,1.9643676280975342
4500,mla,123,2,4,0.059214476495981216,0.07203273475170135,1.9643676280975342
4500,mla,123,2,5,0.06801371276378632,0.057833410799503326,1.9643676280975342
4500,mla,123,2,6,0.07287394255399704,0.06192457675933838,1.9643676280975342
4500,mla,123,2,7,0.057885538786649704,0.06027601286768913,1.9643676280975342
4500,mla,123,2,8,0.06976857781410217,0.07273849844932556,1.9643676280975342
4500,mla,123,2,9,0.07144775241613388,0.0737137421965599,1.9643676280975342
4500,mla,123,2,10,0.04737813398241997,0.051196176558732986,1.9643676280975342
4500,mla,123,2,11,0.054620057344436646,0.060307618230581284,1.9643676280975342
4500,mla,123,2,12,0.0494454950094223,0.05663986876606941,1.9643676280975342
4500,mla,123,2,13,0.07146789878606796,0.06532526016235352,1.9643676280975342
4500,mla,123,2,14,0.055514831095933914,0.05628468096256256,1.9643676280975342
4500,mla,123,2,15,0.07806853950023651,0.06546473503112793,1.9643676280975342
4500,mla,123,3,0,0.052801311016082764,0.057476069778203964,1.6949890851974487
4500,mla,123,3,1,0.0411764532327652,0.04514068737626076,1.6949890851974487
4500,mla,123,3,2,0.05403900146484375,0.06500029563903809,1.6949890851974487
4500,mla,123,3,3,0.07608988136053085,0.07753144949674606,1.6949890851974487
4500,mla,123,3,4,0.04677337780594826,0.04725631698966026,1.6949890851974487
4500,mla,123,3,5,0.05556773021817207,0.05183374881744385,1.6949890851974487
4500,mla,123,3,6,0.1036936417222023,0.08858025074005127,1.6949890851974487
4500,mla,123,3,7,0.05259145051240921,0.0599498488008976,1.6949890851974487
4500,mla,123,3,8,0.07829396426677704,0.07268719375133514,1.6949890851974487
4500,mla,123,3,9,0.04193206876516342,0.04135863110423088,1.6949890851974487
4500,mla,123,3,10,0.053678080439567566,0.05209027975797653,1.6949890851974487
4500,mla,123,3,11,0.05966847762465477,0.07100125402212143,1.6949890851974487
4500,mla,123,3,12,0.07733998447656631,0.08011230826377869,1.6949890851974487
4500,mla,123,3,13,0.07425343990325928,0.06952723115682602,1.6949890851974487
4500,mla,123,3,14,0.06954905390739441,0.06479477882385254,1.6949890851974487
4500,mla,123,3,15,0.0625520870089531,0.05565951019525528,1.6949890851974487
4500,mla,123,4,0,0.09502563625574112,0.08605365455150604,1.5046175718307495
4500,mla,123,4,1,0.08649017661809921,0.07034458220005035,1.5046175718307495
4500,mla,123,4,2,0.04204417020082474,0.04263853281736374,1.5046175718307495
4500,mla,123,4,3,0.07792440056800842,0.06763716042041779,1.5046175718307495
4500,mla,123,4,4,0.050614114850759506,0.06522785127162933,1.5046175718307495
4500,mla,123,4,5,0.0801551342010498,0.07804414629936218,1.5046175718307495
4500,mla,123,4,6,0.09720204770565033,0.08716551214456558,1.5046175718307495
4500,mla,123,4,7,0.047820232808589935,0.05649130046367645,1.5046175718307495
4500,mla,123,4,8,0.03446919843554497,0.03988664597272873,1.5046175718307495
4500,mla,123,4,9,0.050355225801467896,0.061067741364240646,1.5046175718307495
4500,mla,123,4,10,0.0552520751953125,0.06170399859547615,1.5046175718307495
4500,mla,123,4,11,0.04152170941233635,0.05690599977970123,1.5046175718307495
4500,mla,123,4,12,0.0664023831486702,0.06014273315668106,1.5046175718307495
4500,mla,123,4,13,0.03382110595703125,0.03570256382226944,1.5046175718307495
4500,mla,123,4,14,0.05478831008076668,0.06055508926510811,1.5046175718307495
4500,mla,123,4,15,0.08611409366130829,0.07043267786502838,1.5046175718307495
4500,mla,123,5,0,0.0713748186826706,0.07207630574703217,1.4363702535629272
4500,mla,123,5,1,0.03147633746266365,0.0484459325671196,1.4363702535629272
4500,mla,123,5,2,0.10776408016681671,0.11351313441991806,1.4363702535629272
4500,mla,123,5,3,0.07434234768152237,0.05974666774272919,1.4363702535629272
4500,mla,123,5,4,0.0488230399787426,0.05898211896419525,1.4363702535629272
4500,mla,123,5,5,0.050765685737133026,0.05179261416196823,1.4363702535629272
4500,mla,123,5,6,0.05274556577205658,0.061671916395425797,1.4363702535629272
4500,mla,123,5,7,0.054521992802619934,0.06818309426307678,1.4363702535629272
4500,mla,123,5,8,0.04969584196805954,0.05170231685042381,1.4363702535629272
4500,mla,123,5,9,0.07208923250436783,0.059412579983472824,1.4363702535629272
4500,mla,123,5,10,0.07171020656824112,0.0636223778128624,1.4363702535629272
4500,mla,123,5,11,0.0281346645206213,0.01909785531461239,1.4363702535629272
4500,mla,123,5,12,0.061769817024469376,0.06466086953878403,1.4363702535629272
4500,mla,123,5,13,0.04439504072070122,0.04877866059541702,1.4363702535629272
4500,mla,123,5,14,0.09222666174173355,0.08000491559505463,1.4363702535629272
4500,mla,123,5,15,0.08816467225551605,0.0783085748553276,1.4363702535629272
5000,mla,123,1,0,0.07095398008823395,0.06374258548021317,2.429841995239258
5000,mla,123,1,1,0.04830871522426605,0.05963125079870224,2.429841995239258
5000,mla,123,1,2,0.06538014858961105,0.06353087723255157,2.429841995239258
5000,mla,123,1,3,0.05749521777033806,0.06004837527871132,2.429841995239258
5000,mla,123,1,4,0.05118520185351372,0.059308771044015884,2.429841995239258
5000,mla,123,1,5,0.045246582478284836,0.05788039043545723,2.429841995239258
5000,mla,123,1,6,0.0722242221236229,0.05962513014674187,2.429841995239258
5000,mla,123,1,7,0.04656006023287773,0.057212669402360916,2.429841995239258
5000,mla,123,1,8,0.0779259204864502,0.06473780423402786,2.429841995239258
5000,mla,123,1,9,0.06543751806020737,0.0627182275056839,2.429841995239258
5000,mla,123,1,10,0.05570882186293602,0.06474612653255463,2.429841995239258
5000,mla,123,1,11,0.05382883548736572,0.0616350919008255,2.429841995239258
5000,mla,123,1,12,0.09435658901929855,0.07446750998497009,2.429841995239258
5000,mla,123,1,13,0.06710581481456757,0.06251688301563263,2.429841995239258
5000,mla,123,1,14,0.057822369039058685,0.06058488041162491,2.429841995239258
5000,mla,123,1,15,0.0704599991440773,0.06761342287063599,2.429841995239258
5000,mla,123,2,0,0.057003479450941086,0.05357429012656212,1.936875581741333
5000,mla,123,2,1,0.04806620255112648,0.06537922471761703,1.936875581741333
5000,mla,123,2,2,0.06391856074333191,0.05415431410074234,1.936875581741333
5000,mla,123,2,3,0.06814361363649368,0.06998695433139801,1.936875581741333
5000,mla,123,2,4,0.055010274052619934,0.07314670830965042,1.936875581741333
5000,mla,123,2,5,0.062095336616039276,0.05298474058508873,1.936875581741333
5000,mla,123,2,6,0.06767944246530533,0.05947883427143097,1.936875581741333
5000,mla,123,2,7,0.06431009620428085,0.0646650418639183,1.936875581741333
5000,mla,123,2,8,0.0699266567826271,0.07197781652212143,1.936875581741333
5000,mla,123,2,9,0.06478719413280487,0.07352884113788605,1.936875581741333
5000,mla,123,2,10,0.05096374452114105,0.05307726562023163,1.936875581741333
5000,mla,123,2,11,0.06219645217061043,0.06232796236872673,1.936875581741333
5000,mla,123,2,12,0.04853403568267822,0.05407998338341713,1.936875581741333
5000,mla,123,2,13,0.07191355526447296,0.06512491405010223,1.936875581741333
5000,mla,123,2,14,0.06305480748414993,0.05785323306918144,1.936875581741333
5000,mla,123,2,15,0.08239654451608658,0.06865980476140976,1.936875581741333
5000,mla,123,3,0,0.04830586910247803,0.05234531685709953,1.6648550033569336
5000,mla,123,3,1,0.03614155948162079,0.042209725826978683,1.6648550033569336
5000,mla,123,3,2,0.06319396942853928,0.07046319544315338,1.6648550033569336
5000,mla,123,3,3,0.07886260747909546,0.07946975529193878,1.6648550033569336
5000,mla,123,3,4,0.050810445100069046,0.04905467480421066,1.6648550033569336
5000,mla,123,3,5,0.0578746534883976,0.05236801505088806,1.6648550033569336
5000,mla,123,3,6,0.09943725913763046,0.08528240770101547,1.6648550033569336
5000,mla,123,3,7,0.049907125532627106,0.05700574815273285,1.6648550033569336
5000,mla,123,3,8,0.06852243840694427,0.067970871925354,1.6648550033569336
5000,mla,123,3,9,0.05272969603538513,0.04564443975687027,1.6648550033569336
5000,mla,123,3,10,0.058112286031246185,0.05467540770769119,1.6648550033569336
5000,mla,123,3,11,0.06391489505767822,0.07754716277122498,1.6648550033569336
5000,mla,123,3,12,0.07483775168657303,0.0761590451002121,1.6648550033569336
5000,mla,123,3,13,0.06553304195404053,0.06829828768968582,1.6648550033569336
5000,mla,123,3,14,0.06835917383432388,0.06606493890285492,1.6648550033569336
5000,mla,123,3,15,0.06345723569393158,0.055441081523895264,1.6648550033569336
5000,mla,123,4,0,0.09726522117853165,0.08970596641302109,1.4817075729370117
5000,mla,123,4,1,0.08616068214178085,0.07152985036373138,1.4817075729370117
5000,mla,123,4,2,0.04358479753136635,0.044291749596595764,1.4817075729370117
5000,mla,123,4,3,0.07769764959812164,0.06855765730142593,1.4817075729370117
5000,mla,123,4,4,0.0487467460334301,0.06305760145187378,1.4817075729370117
5000,mla,123,4,5,0.07700225710868835,0.07328131049871445,1.4817075729370117
5000,mla,123,4,6,0.09666015952825546,0.0876525267958641,1.4817075729370117
5000,mla,123,4,7,0.04698628559708595,0.053385213017463684,1.4817075729370117
5000,mla,123,4,8,0.03845174238085747,0.04204803332686424,1.4817075729370117
5000,mla,123,4,9,0.04788787662982941,0.059503223747015,1.4817075729370117
5000,mla,123,4,10,0.057425230741500854,0.06460260599851608,1.4817075729370117
5000,mla,123,4,11,0.04109303653240204,0.05628199875354767,1.4817075729370117
5000,mla,123,4,12,0.06622741371393204,0.05826651304960251,1.4817075729370117
5000,mla,123,4,13,0.03507731109857559,0.03622530773282051,1.4817075729370117
5000,mla,123,4,14,0.05204630643129349,0.05828886106610298,1.4817075729370117
5000,mla,123,4,15,0.08768727630376816,0.073321633040905,1.4817075729370117
5000,mla,123,5,0,0.07017425447702408,0.07145068794488907,1.4345731735229492
5000,mla,123,5,1,0.03174031525850296,0.04973449930548668,1.4345731735229492
5000,mla,123,5,2,0.10858164727687836,0.1155729666352272,1.4345731735229492
5000,mla,123,5,3,0.07886871695518494,0.06229731813073158,1.4345731735229492
5000,mla,123,5,4,0.04704701900482178,0.05866112932562828,1.4345731735229492
5000,mla,123,5,5,0.05201609432697296,0.05277329310774803,1.4345731735229492
5000,mla,123,5,6,0.05371378734707832,0.06218536198139191,1.4345731735229492
5000,mla,123,5,7,0.04959971085190773,0.06311366707086563,1.4345731735229492
5000,mla,123,5,8,0.052541300654411316,0.055216409265995026,1.4345731735229492
5000,mla,123,5,9,0.07097076624631882,0.0600687712430954,1.4345731735229492
5000,mla,123,5,10,0.07497110962867737,0.06444942206144333,1.4345731735229492
5000,mla,123,5,11,0.027252908796072006,0.01818067580461502,1.4345731735229492
5000,mla,123,5,12,0.059847310185432434,0.06199241802096367,1.4345731735229492
5000,mla,123,5,13,0.044236958026885986,0.0484798327088356,1.4345731735229492
5000,mla,123,5,14,0.09135803580284119,0.07918547838926315,1.4345731735229492
5000,mla,123,5,15,0.08708007633686066,0.07663798332214355,1.4345731735229492
5500,mla,123,1,0,0.06530395150184631,0.06274871528148651,2.389190196990967
5500,mla,123,1,1,0.03446350246667862,0.05429065227508545,2.389190196990967
5500,mla,123,1,2,0.06518259644508362,0.06382938474416733,2.389190196990967
5500,mla,123,1,3,0.05596313625574112,0.06050683930516243,2.389190196990967
5500,mla,123,1,4,0.058321431279182434,0.06264140456914902,2.389190196990967
5500,mla,123,1,5,0.055229999125003815,0.0589989610016346,2.389190196990967
5500,mla,123,1,6,0.08276509493589401,0.06692563742399216,2.389190196990967
5500,mla,123,1,7,0.0529714971780777,0.05743218585848808,2.389190196990967
5500,mla,123,1,8,0.052701111882925034,0.05542774125933647,2.389190196990967
5500,mla,123,1,9,0.08969350159168243,0.07188480347394943,2.389190196990967
5500,mla,123,1,10,0.060745444148778915,0.06569760292768478,2.389190196990967
5500,mla,123,1,11,0.0647970587015152,0.06401677429676056,2.389190196990967
5500,mla,123,1,12,0.09106699377298355,0.07216384261846542,2.389190196990967
5500,mla,123,1,13,0.05480458587408066,0.06185150891542435,2.389190196990967
5500,mla,123,1,14,0.04795420169830322,0.05630823224782944,2.389190196990967
5500,mla,123,1,15,0.06803588569164276,0.06527575105428696,2.389190196990967
5500,mla,123,2,0,0.054617613554000854,0.049679193645715714,1.9034037590026855
5500,mla,123,2,1,0.0502135194838047,0.06824891269207001,1.9034037590026855
5500,mla,123,2,2,0.0692087784409523,0.054944958537817,1.9034037590026855
5500,mla,123,2,3,0.06996256858110428,0.07208442687988281,1.9034037590026855
5500,mla,123,2,4,0.0520954392850399,0.07229670137166977,1.9034037590026855
5500,mla,123,2,5,0.05997477099299431,0.0519816055893898,1.9034037590026855
5500,mla,123,2,6,0.07006581872701645,0.0611858032643795,1.9034037590026855
5500,mla,123,2,7,0.06773457676172256,0.06704913824796677,1.9034037590026855
5500,mla,123,2,8,0.06747040152549744,0.06961275637149811,1.9034037590026855
5500,mla,123,2,9,0.07264149934053421,0.07465573400259018,1.9034037590026855
5500,mla,123,2,10,0.05336100235581398,0.05519931763410568,1.9034037590026855
5500,mla,123,2,11,0.05829274654388428,0.06135784089565277,1.9034037590026855
5500,mla,123,2,12,0.047647908329963684,0.05455353483557701,1.9034037590026855
5500,mla,123,2,13,0.07265004515647888,0.065984807908535,1.9034037590026855
5500,mla,123,2,14,0.0643724575638771,0.05851263180375099,1.9034037590026855
5500,mla,123,2,15,0.06969085335731506,0.062652587890625,1.9034037590026855
5500,mla,123,3,0,0.049969177693128586,0.05484071746468544,1.6386669874191284
5500,mla,123,3,1,0.04734690487384796,0.04709294065833092,1.6386669874191284
5500,mla,123,3,2,0.057845257222652435,0.0677890032529831,1.6386669874191284
5500,mla,123,3,3,0.08068898320198059,0.0833139419555664,1.6386669874191284
5500,mla,123,3,4,0.04798848554491997,0.04702427238225937,1.6386669874191284
5500,mla,123,3,5,0.06453104317188263,0.05644093081355095,1.6386669874191284
5500,mla,123,3,6,0.10411498695611954,0.09098393470048904,1.6386669874191284
5500,mla,123,3,7,0.0489451102912426,0.057057686150074005,1.6386669874191284
5500,mla,123,3,8,0.07549773901700974,0.07292096316814423,1.6386669874191284
5500,mla,123,3,9,0.0545157864689827,0.045942313969135284,1.6386669874191284
5500,mla,123,3,10,0.054694823920726776,0.05297777056694031,1.6386669874191284
5500,mla,123,3,11,0.05577484145760536,0.07027638703584671,1.6386669874191284
5500,mla,123,3,12,0.0729142278432846,0.0727793499827385,1.6386669874191284
5500,mla,123,3,13,0.05589253827929497,0.05963333696126938,1.6386669874191284
5500,mla,123,3,14,0.06658294796943665,0.06580016016960144,1.6386669874191284
5500,mla,123,3,15,0.0626971423625946,0.055126216262578964,1.6386669874191284
5500,mla,123,4,0,0.09446574002504349,0.08765130490064621,1.483480453491211
5500,mla,123,4,1,0.08360087126493454,0.06789449602365494,1.483480453491211
5500,mla,123,4,2,0.0418822206556797,0.042755041271448135,1.483480453491211
5500,mla,123,4,3,0.07877054810523987,0.07078929990530014,1.483480453491211
5500,mla,123,4,4,0.04878845065832138,0.06335088610649109,1.483480453491211
5500,mla,123,4,5,0.08050913363695145,0.07661028206348419,1.483480453491211
5500,mla,123,4,6,0.09691548347473145,0.08562315255403519,1.483480453491211
5500,mla,123,4,7,0.046132609248161316,0.052474070340394974,1.483480453491211
5500,mla,123,4,8,0.03745768219232559,0.04158405959606171,1.483480453491211
5500,mla,123,4,9,0.04800364002585411,0.05988699570298195,1.483480453491211
5500,mla,123,4,10,0.054206542670726776,0.060294393450021744,1.483480453491211
5500,mla,123,4,11,0.04090932384133339,0.05640839412808418,1.483480453491211
5500,mla,123,4,12,0.07100076973438263,0.065089151263237,1.483480453491211
5500,mla,123,4,13,0.036848753690719604,0.0379168875515461,1.483480453491211
5500,mla,123,4,14,0.05058380216360092,0.05745108425617218,1.483480453491211
5500,mla,123,4,15,0.0899244174361229,0.07422056794166565,1.483480453491211
5500,mla,123,5,0,0.0741741955280304,0.07597216218709946,1.4381599426269531
5500,mla,123,5,1,0.033103637397289276,0.052255138754844666,1.4381599426269531
5500,mla,123,5,2,0.10794911533594131,0.10948733985424042,1.4381599426269531
5500,mla,123,5,3,0.08290700614452362,0.06824987381696701,1.4381599426269531
5500,mla,123,5,4,0.04672180116176605,0.05731091648340225,1.4381599426269531
5500,mla,123,5,5,0.052586160600185394,0.053069405257701874,1.4381599426269531
5500,mla,123,5,6,0.048405151814222336,0.059051379561424255,1.4381599426269531
5500,mla,123,5,7,0.05321187153458595,0.06537631154060364,1.4381599426269531
5500,mla,123,5,8,0.04986725002527237,0.05311393365263939,1.4381599426269531
5500,mla,123,5,9,0.06520314514636993,0.055059075355529785,1.4381599426269531
5500,mla,123,5,10,0.07891316711902618,0.06772390753030777,1.4381599426269531
5500,mla,123,5,11,0.025621743872761726,0.017673524096608162,1.4381599426269531
5500,mla,123,5,12,0.057478535920381546,0.060704220086336136,1.4381599426269531
5500,mla,123,5,13,0.045665182173252106,0.04943520948290825,1.4381599426269531
5500,mla,123,5,14,0.0923023447394371,0.08020681142807007,1.4381599426269531
5500,mla,123,5,15,0.08588968962430954,0.07531077414751053,1.4381599426269531
6000,mla,123,1,0,0.052908122539520264,0.06038440763950348,2.3604140281677246
6000,mla,123,1,1,0.0424766018986702,0.0546981506049633,2.3604140281677246
6000,mla,123,1,2,0.06226053833961487,0.06261303275823593,2.3604140281677246
6000,mla,123,1,3,0.060518696904182434,0.06288543343544006,2.3604140281677246
6000,mla,123,1,4,0.0601615384221077,0.061209678649902344,2.3604140281677246
6000,mla,123,1,5,0.05489817261695862,0.059259314090013504,2.3604140281677246
6000,mla,123,1,6,0.07930725067853928,0.06658972054719925,2.3604140281677246
6000,mla,123,1,7,0.05447753891348839,0.05619857832789421,2.3604140281677246
6000,mla,123,1,8,0.06056366115808487,0.05897096171975136,2.3604140281677246
6000,mla,123,1,9,0.07858144491910934,0.0664905458688736,2.3604140281677246
6000,mla,123,1,10,0.05623830109834671,0.06328881531953812,2.3604140281677246
6000,mla,123,1,11,0.061784159392118454,0.06351062655448914,2.3604140281677246
6000,mla,123,1,12,0.09521891176700592,0.07819630950689316,2.3604140281677246
6000,mla,123,1,13,0.05940043181180954,0.06123809888958931,2.3604140281677246
6000,mla,123,1,14,0.05700419098138809,0.059435684233903885,2.3604140281677246
6000,mla,123,1,15,0.06420043855905533,0.06503047049045563,2.3604140281677246
6000,mla,123,2,0,0.05042866989970207,0.05030641704797745,1.8730195760726929
6000,mla,123,2,1,0.04612335190176964,0.06454156339168549,1.8730195760726929
6000,mla,123,2,2,0.06121419370174408,0.051764268428087234,1.8730195760726929
6000,mla,123,2,3,0.06824686378240585,0.07031721621751785,1.8730195760726929
6000,mla,123,2,4,0.05617614835500717,0.0719481036067009,1.8730195760726929
6000,mla,123,2,5,0.06531697511672974,0.05671168491244316,1.8730195760726929
6000,mla,123,2,6,0.07625050842761993,0.06227874010801315,1.8730195760726929
6000,mla,123,2,7,0.06740224361419678,0.06666337698698044,1.8730195760726929
6000,mla,123,2,8,0.0690079778432846,0.07061955332756042,1.8730195760726929
6000,mla,123,2,9,0.06019582226872444,0.0688718780875206,1.8730195760726929
6000,mla,123,2,10,0.045258279889822006,0.05023764446377754,1.8730195760726929
6000,mla,123,2,11,0.05300282686948776,0.05815601348876953,1.8730195760726929
6000,mla,123,2,12,0.05260375887155533,0.057171549648046494,1.8730195760726929
6000,mla,123,2,13,0.07415588200092316,0.06815993785858154,1.8730195760726929
6000,mla,123,2,14,0.07866861671209335,0.06527317315340042,1.8730195760726929
6000,mla,123,2,15,0.07594787329435349,0.06697878241539001,1.8730195760726929
6000,mla,123,3,0,0.0484994500875473,0.05457017943263054,1.6324998140335083
6000,mla,123,3,1,0.04030507430434227,0.042856331914663315,1.6324998140335083
6000,mla,123,3,2,0.05424641817808151,0.06513753533363342,1.6324998140335083
6000,mla,123,3,3,0.07972411811351776,0.08201327174901962,1.6324998140335083
6000,mla,123,3,4,0.05171264708042145,0.04840197041630745,1.6324998140335083
6000,mla,123,3,5,0.06053731217980385,0.055011577904224396,1.6324998140335083
6000,mla,123,3,6,0.10164692997932434,0.0853923037648201,1.6324998140335083
6000,mla,123,3,7,0.0527445487678051,0.05993157625198364,1.6324998140335083
6000,mla,123,3,8,0.07158223539590836,0.07073639333248138,1.6324998140335083
6000,mla,123,3,9,0.05352376401424408,0.04524054750800133,1.6324998140335083
6000,mla,123,3,10,0.05978963151574135,0.05558064952492714,1.6324998140335083
6000,mla,123,3,11,0.06096689775586128,0.07380940020084381,1.6324998140335083
6000,mla,123,3,12,0.07843465358018875,0.07727833837270737,1.6324998140335083
6000,mla,123,3,13,0.06259521842002869,0.06582701206207275,1.6324998140335083
6000,mla,123,3,14,0.06291218847036362,0.06395258009433746,1.6324998140335083
6000,mla,123,3,15,0.0607789121568203,0.05426017940044403,1.6324998140335083
6000,mla,123,4,0,0.09050781279802322,0.0831962525844574,1.4806430339813232
6000,mla,123,4,1,0.08556457608938217,0.07046829909086227,1.4806430339813232
6000,mla,123,4,2,0.04105265438556671,0.042416367679834366,1.4806430339813232
6000,mla,123,4,3,0.0817730724811554,0.07235150784254074,1.4806430339813232
6000,mla,123,4,4,0.05153513699769974,0.06566226482391357,1.4806430339813232
6000,mla,123,4,5,0.08029744774103165,0.07656919956207275,1.4806430339813232
6000,mla,123,4,6,0.09657593071460724,0.0847516879439354,1.4806430339813232
6000,mla,123,4,7,0.04706756770610809,0.0555611178278923,1.4806430339813232
6000,mla,123,4,8,0.038761697709560394,0.042312346398830414,1.4806430339813232
6000,mla,123,4,9,0.0492115281522274,0.06113162264227867,1.4806430339813232
6000,mla,123,4,10,0.05448313429951668,0.05999060347676277,1.4806430339813232
6000,mla,123,4,11,0.04075164720416069,0.05706026032567024,1.4806430339813232
6000,mla,123,4,12,0.0653761774301529,0.05931924283504486,1.4806430339813232
6000,mla,123,4,13,0.034573670476675034,0.03590741008520126,1.4806430339813232
6000,mla,123,4,14,0.05340993404388428,0.06003105640411377,1.4806430339813232
6000,mla,123,4,15,0.0890580266714096,0.07327084243297577,1.4806430339813232
6000,mla,123,5,0,0.07004160434007645,0.0732279047369957,1.4283039569854736
6000,mla,123,5,1,0.030960896983742714,0.04967300966382027,1.4283039569854736
6000,mla,123,5,2,0.10798929631710052,0.11189577728509903,1.4283039569854736
6000,mla,123,5,3,0.08349812775850296,0.06715501844882965,1.4283039569854736
6000,mla,123,5,4,0.043288372457027435,0.05526099354028702,1.4283039569854736
6000,mla,123,5,5,0.05410461500287056,0.05389447510242462,1.4283039569854736
6000,mla,123,5,6,0.0509764589369297,0.06108204647898674,1.4283039569854736
6000,mla,123,5,7,0.04965260997414589,0.06290660798549652,1.4283039569854736
6000,mla,123,5,8,0.05142364650964737,0.05468320846557617,1.4283039569854736
6000,mla,123,5,9,0.06847025454044342,0.058134980499744415,1.4283039569854736
6000,mla,123,5,10,0.07700429111719131,0.06507591158151627,1.4283039569854736
6000,mla,123,5,11,0.027757365256547928,0.01790693961083889,1.4283039569854736
6000,mla,123,5,12,0.05602172762155533,0.0598762072622776,1.4283039569854736
6000,mla,123,5,13,0.04716023802757263,0.050564732402563095,1.4283039569854736
6000,mla,123,5,14,0.09069570153951645,0.07789180427789688,1.4283039569854736
6000,mla,123,5,15,0.09095479547977448,0.08077052980661392,1.4283039569854736
6500,mla,123,1,0,0.06267120689153671,0.06225074082612991,2.341480016708374
6500,mla,123,1,1,0.048811644315719604,0.055347755551338196,2.341480016708374
6500,mla,123,1,2,0.054246723651885986,0.059131234884262085,2.341480016708374
6500,mla,123,1,3,0.06130218505859375,0.06289366632699966,2.341480016708374
6500,mla,123,1,4,0.056829020380973816,0.06175186112523079,2.341480016708374
6500,mla,123,1,5,0.05080576613545418,0.05790892243385315,2.341480016708374
6500,mla,123,1,6,0.07673075050115585,0.06515362858772278,2.341480016708374
6500,mla,123,1,7,0.05313476547598839,0.056094951927661896,2.341480016708374
6500,mla,123,1,8,0.06613118201494217,0.0619792602956295,2.341480016708374
6500,mla,123,1,9,0.06977742165327072,0.06220347061753273,2.341480016708374
6500,mla,123,1,10,0.0536925233900547,0.06089949235320091,2.341480016708374
6500,mla,123,1,11,0.055770568549633026,0.06077432632446289,2.341480016708374
6500,mla,123,1,12,0.09280751645565033,0.07885979861021042,2.341480016708374
6500,mla,123,1,13,0.061406657099723816,0.06191675364971161,2.341480016708374
6500,mla,123,1,14,0.06316030025482178,0.0622507780790329,2.341480016708374
6500,mla,123,1,15,0.07272176444530487,0.070583276450634,2.341480016708374
6500,mla,123,2,0,0.0619698092341423,0.054367903620004654,1.8752610683441162
6500,mla,123,2,1,0.04490417614579201,0.06395526230335236,1.8752610683441162
6500,mla,123,2,2,0.06537210941314697,0.05313332751393318,1.8752610683441162
6500,mla,123,2,3,0.06379669159650803,0.06702714413404465,1.8752610683441162
6500,mla,123,2,4,0.057131245732307434,0.07295641303062439,1.8752610683441162
6500,mla,123,2,5,0.06351165473461151,0.055457960814237595,1.8752610683441162
6500,mla,123,2,6,0.07566609978675842,0.0628710612654686,1.8752610683441162
6500,mla,123,2,7,0.06540293246507645,0.06579171121120453,1.8752610683441162
6500,mla,123,2,8,0.07198333740234375,0.07250336557626724,1.8752610683441162
6500,mla,123,2,9,0.06518412381410599,0.07291745394468307,1.8752610683441162
6500,mla,123,2,10,0.04753763973712921,0.05122998729348183,1.8752610683441162
6500,mla,123,2,11,0.05541941151022911,0.05910734832286835,1.8752610683441162
6500,mla,123,2,12,0.04074401780962944,0.05104867368936539,1.8752610683441162
6500,mla,123,2,13,0.07343678921461105,0.06755904108285904,1.8752610683441162
6500,mla,123,2,14,0.07057169824838638,0.06253468245267868,1.8752610683441162
6500,mla,123,2,15,0.07736826688051224,0.06753872334957123,1.8752610683441162
6500,mla,123,3,0,0.050193991512060165,0.05535275116562843,1.6109470129013062
6500,mla,123,3,1,0.04533782973885536,0.045789044350385666,1.6109470129013062
6500,mla,123,3,2,0.06069691851735115,0.06995761394500732,1.6109470129013062
6500,mla,123,3,3,0.08032948523759842,0.08271723240613937,1.6109470129013062
6500,mla,123,3,4,0.04800516739487648,0.04779646545648575,1.6109470129013062
6500,mla,123,3,5,0.05756561458110809,0.05279788374900818,1.6109470129013062
6500,mla,123,3,6,0.1001606211066246,0.0832546204328537,1.6109470129013062
6500,mla,123,3,7,0.04615692049264908,0.052688118070364,1.6109470129013062
6500,mla,123,3,8,0.07316111028194427,0.0716552585363388,1.6109470129013062
6500,mla,123,3,9,0.0485573336482048,0.04369567707180977,1.6109470129013062
6500,mla,123,3,10,0.048745423555374146,0.04865652695298195,1.6109470129013062
6500,mla,123,3,11,0.06407491117715836,0.0780126303434372,1.6109470129013062
6500,mla,123,3,12,0.07703887671232224,0.07747267186641693,1.6109470129013062
6500,mla,123,3,13,0.059577636420726776,0.06493207812309265,1.6109470129013062
6500,mla,123,3,14,0.06887878477573395,0.06529031693935394,1.6109470129013062
6500,mla,123,3,15,0.07151936739683151,0.05993115156888962,1.6109470129013062
6500,mla,123,4,0,0.09222462773323059,0.0829821228981018,1.466904640197754
6500,mla,123,4,1,0.0865536481142044,0.07122700661420822,1.466904640197754
6500,mla,123,4,2,0.041837871074676514,0.042437754571437836,1.466904640197754
6500,mla,123,4,3,0.08309285342693329,0.07278220355510712,1.466904640197754
6500,mla,123,4,4,0.0456867478787899,0.06082656979560852,1.466904640197754
6500,mla,123,4,5,0.07594238221645355,0.07147723436355591,1.466904640197754
6500,mla,123,4,6,0.10238993167877197,0.09266502410173416,1.466904640197754
6500,mla,123,4,7,0.0481606051325798,0.0581972561776638,1.466904640197754
6500,mla,123,4,8,0.03775573894381523,0.04160730540752411,1.466904640197754
6500,mla,123,4,9,0.0493704229593277,0.06021970137953758,1.466904640197754
6500,mla,123,4,10,0.05416717380285263,0.05944421887397766,1.466904640197754
6500,mla,123,4,11,0.04061472415924072,0.05674640089273453,1.466904640197754
6500,mla,123,4,12,0.06792856752872467,0.06059642881155014,1.466904640197754
6500,mla,123,4,13,0.03478952869772911,0.036212481558322906,1.466904640197754
6500,mla,123,4,14,0.051690876483917236,0.05931558087468147,1.466904640197754
6500,mla,123,4,15,0.08779428899288177,0.07326274365186691,1.466904640197754
6500,mla,123,5,0,0.06757599115371704,0.07252860814332962,1.415920376777649
6500,mla,123,5,1,0.030391234904527664,0.04908111318945885,1.415920376777649
6500,mla,123,5,2,0.10929066687822342,0.11240323632955551,1.415920376777649
6500,mla,123,5,3,0.08255411684513092,0.06730026006698608,1.415920376777649
6500,mla,123,5,4,0.04402150586247444,0.055597782135009766,1.415920376777649
6500,mla,123,5,5,0.05558400601148605,0.055715084075927734,1.415920376777649
6500,mla,123,5,6,0.05105021223425865,0.06045795604586601,1.415920376777649
6500,mla,123,5,7,0.052597757428884506,0.06522589921951294,1.415920376777649
6500,mla,123,5,8,0.052786458283662796,0.05562262982130051,1.415920376777649
6500,mla,123,5,9,0.06924713402986526,0.058992959558963776,1.415920376777649
6500,mla,123,5,10,0.07536560297012329,0.06495579332113266,1.415920376777649
6500,mla,123,5,11,0.02678537927567959,0.016979027539491653,1.415920376777649
6500,mla,123,5,12,0.05826426297426224,0.06180765852332115,1.415920376777649
6500,mla,123,5,13,0.045169372111558914,0.04823481664061546,1.415920376777649
6500,mla,123,5,14,0.08932118862867355,0.07528506219387054,1.415920376777649
6500,mla,123,5,15,0.0899951159954071,0.07981213927268982,1.415920376777649
7000,mla,123,1,0,0.060816142708063126,0.06263726204633713,2.3170087337493896
7000,mla,123,1,1,0.057381387799978256,0.05768153443932533,2.3170087337493896
7000,mla,123,1,2,0.0597953274846077,0.0628276988863945,2.3170087337493896
7000,mla,123,1,3,0.04799468815326691,0.05964026227593422,2.3170087337493896
7000,mla,123,1,4,0.05502563342452049,0.062049802392721176,2.3170087337493896
7000,mla,123,1,5,0.05277618393301964,0.05955234542489052,2.3170087337493896
7000,mla,123,1,6,0.07162658870220184,0.06234794110059738,2.3170087337493896
7000,mla,123,1,7,0.05905243009328842,0.05620463192462921,2.3170087337493896
7000,mla,123,1,8,0.0624428316950798,0.060717079788446426,2.3170087337493896
7000,mla,123,1,9,0.06486419588327408,0.06092395260930061,2.3170087337493896
7000,mla,123,1,10,0.055567119270563126,0.06187199801206589,2.3170087337493896
7000,mla,123,1,11,0.06371348351240158,0.06520682573318481,2.3170087337493896
7000,mla,123,1,12,0.09431223571300507,0.0778895765542984,2.3170087337493896
7000,mla,123,1,13,0.07120391726493835,0.06427142024040222,2.3170087337493896
7000,mla,123,1,14,0.05464670807123184,0.05873141065239906,2.3170087337493896
7000,mla,123,1,15,0.06878113001585007,0.06744618713855743,2.3170087337493896
7000,mla,123,2,0,0.05321207642555237,0.05157741904258728,1.8486464023590088
7000,mla,123,2,1,0.049149882048368454,0.06665723025798798,1.8486464023590088
7000,mla,123,2,2,0.0614064522087574,0.051542017608881,1.8486464023590088
7000,mla,123,2,3,0.07137501984834671,0.07378038763999939,1.8486464023590088
7000,mla,123,2,4,0.06521973013877869,0.07520274817943573,1.8486464023590088
7000,mla,123,2,5,0.06651326268911362,0.05735902115702629,1.8486464023590088
7000,mla,123,2,6,0.07264790683984756,0.0629519447684288,1.8486464023590088
7000,mla,123,2,7,0.06769154965877533,0.06648055464029312,1.8486464023590088
7000,mla,123,2,8,0.06970927119255066,0.07129334658384323,1.8486464023590088
7000,mla,123,2,9,0.06615275144577026,0.07324051111936569,1.8486464023590088
7000,mla,123,2,10,0.044215086847543716,0.04899561405181885,1.8486464023590088
7000,mla,123,2,11,0.05377909168601036,0.058431509882211685,1.8486464023590088
7000,mla,123,2,12,0.04704762622714043,0.053391970694065094,1.8486464023590088
7000,mla,123,2,13,0.06896860897541046,0.06303665786981583,1.8486464023590088
7000,mla,123,2,14,0.06673858314752579,0.05780462175607681,1.8486464023590088
7000,mla,123,2,15,0.0761730968952179,0.06825445592403412,1.8486464023590088
7000,mla,123,3,0,0.0482005812227726,0.053851235657930374,1.597654938697815
7000,mla,123,3,1,0.04581298679113388,0.045556239783763885,1.597654938697815
7000,mla,123,3,2,0.056340333074331284,0.06634878367185593,1.597654938697815
7000,mla,123,3,3,0.08057739585638046,0.08403658121824265,1.597654938697815
7000,mla,123,3,4,0.053126830607652664,0.04983416944742203,1.597654938697815
7000,mla,123,3,5,0.057630106806755066,0.052351366728544235,1.597654938697815
7000,mla,123,3,6,0.10520731657743454,0.08765082061290741,1.597654938697815
7000,mla,123,3,7,0.04977274686098099,0.05734063312411308,1.597654938697815
7000,mla,123,3,8,0.0729592889547348,0.07484640181064606,1.597654938697815
7000,mla,123,3,9,0.050057269632816315,0.043439291417598724,1.597654938697815
7000,mla,123,3,10,0.05237080901861191,0.052040912210941315,1.597654938697815
7000,mla,123,3,11,0.0646604374051094,0.0781390592455864,1.597654938697815
7000,mla,123,3,12,0.07607442140579224,0.07518830895423889,1.597654938697815
7000,mla,123,3,13,0.05814453214406967,0.061413899064064026,1.597654938697815
7000,mla,123,3,14,0.06407511234283447,0.061892326921224594,1.597654938697815
7000,mla,123,3,15,0.06498982757329941,0.0560699924826622,1.597654938697815
7000,mla,123,4,0,0.09244873374700546,0.084536612033844,1.471462368965149
7000,mla,123,4,1,0.0833854153752327,0.0687626302242279,1.471462368965149
7000,mla,123,4,2,0.03871958330273628,0.039811182767152786,1.471462368965149
7000,mla,123,4,3,0.0828019231557846,0.07281505316495895,1.471462368965149
7000,mla,123,4,4,0.046361085027456284,0.061453793197870255,1.471462368965149
7000,mla,123,4,5,0.07995045930147171,0.07583189010620117,1.471462368965149
7000,mla,123,4,6,0.09965545684099197,0.08785516768693924,1.471462368965149
7000,mla,123,4,7,0.04779703915119171,0.05666690692305565,1.471462368965149
7000,mla,123,4,8,0.03763977065682411,0.04189122095704079,1.471462368965149
7000,mla,123,4,9,0.04859527572989464,0.05965478718280792,1.471462368965149
7000,mla,123,4,10,0.05657948926091194,0.06271342933177948,1.471462368965149
7000,mla,123,4,11,0.040433045476675034,0.05715440586209297,1.471462368965149
7000,mla,123,4,12,0.06890055537223816,0.06232105940580368,1.471462368965149
7000,mla,123,4,13,0.03372548520565033,0.03527196869254112,1.471462368965149
7000,mla,123,4,14,0.050669554620981216,0.05670548230409622,1.471462368965149
7000,mla,123,4,15,0.09233713895082474,0.07655423134565353,1.471462368965149
7000,mla,123,5,0,0.07086924463510513,0.07415887713432312,1.4203567504882812
7000,mla,123,5,1,0.030573934316635132,0.05102749168872833,1.4203567504882812
7000,mla,123,5,2,0.10768798738718033,0.1100066602230072,1.4203567504882812
7000,mla,123,5,3,0.08325490355491638,0.06817201524972916,1.4203567504882812
7000,mla,123,5,4,0.04550160840153694,0.05688977614045143,1.4203567504882812
7000,mla,123,5,5,0.055739544332027435,0.056293193250894547,1.4203567504882812
7000,mla,123,5,6,0.05083984509110451,0.06049785017967224,1.4203567504882812
7000,mla,123,5,7,0.05575164780020714,0.06711897253990173,1.4203567504882812
7000,mla,123,5,8,0.04877665266394615,0.052955761551856995,1.4203567504882812
7000,mla,123,5,9,0.0677044689655304,0.05809174105525017,1.4203567504882812
7000,mla,123,5,10,0.07096608728170395,0.06342484056949615,1.4203567504882812
7000,mla,123,5,11,0.028803711757063866,0.01708640158176422,1.4203567504882812
7000,mla,123,5,12,0.0592002347111702,0.06363572180271149,1.4203567504882812
7000,mla,123,5,13,0.04501993954181671,0.04721035808324814,1.4203567504882812
7000,mla,123,5,14,0.08985544741153717,0.07544313371181488,1.4203567504882812
7000,mla,123,5,15,0.0894547551870346,0.07798731327056885,1.4203567504882812
7500,mla,123,1,0,0.05632496997714043,0.05979863554239273,2.2963273525238037
7500,mla,123,1,1,0.05252594128251076,0.0548623651266098,2.2963273525238037
7500,mla,123,1,2,0.0568135567009449,0.06118638813495636,2.2963273525238037
7500,mla,123,1,3,0.049106039106845856,0.06013888493180275,2.2963273525238037
7500,mla,123,1,4,0.056464336812496185,0.06268925964832306,2.2963273525238037
7500,mla,123,1,5,0.05803822726011276,0.059972189366817474,2.2963273525238037
7500,mla,123,1,6,0.07890472561120987,0.06665172427892685,2.2963273525238037
7500,mla,123,1,7,0.0641334056854248,0.05593257397413254,2.2963273525238037
7500,mla,123,1,8,0.07000681757926941,0.06376174837350845,2.2963273525238037
7500,mla,123,1,9,0.07135070860385895,0.0663483515381813,2.2963273525238037
7500,mla,123,1,10,0.05615580081939697,0.06273946911096573,2.2963273525238037
7500,mla,123,1,11,0.06170542538166046,0.06382524222135544,2.2963273525238037
7500,mla,123,1,12,0.09029123932123184,0.07587364315986633,2.2963273525238037
7500,mla,123,1,13,0.055397339165210724,0.05927090346813202,2.2963273525238037
7500,mla,123,1,14,0.05612172558903694,0.05931905284523964,2.2963273525238037
7500,mla,123,1,15,0.06665974855422974,0.06762940436601639,2.2963273525238037
7500,mla,123,2,0,0.07101958990097046,0.05772940814495087,1.8237699270248413
7500,mla,123,2,1,0.04545654356479645,0.06444644182920456,1.8237699270248413
7500,mla,123,2,2,0.0589560940861702,0.05132867768406868,1.8237699270248413
7500,mla,123,2,3,0.06836222112178802,0.07095056772232056,1.8237699270248413
7500,mla,123,2,4,0.058135274797677994,0.0759991779923439,1.8237699270248413
7500,mla,123,2,5,0.06738240271806717,0.05796137452125549,1.8237699270248413
7500,mla,123,2,6,0.07414916902780533,0.063714399933815,1.8237699270248413
7500,mla,123,2,7,0.0675722286105156,0.06741341203451157,1.8237699270248413
7500,mla,123,2,8,0.06766825169324875,0.06879876554012299,1.8237699270248413
7500,mla,123,2,9,0.06603586673736572,0.07536471635103226,1.8237699270248413
7500,mla,123,2,10,0.04091756045818329,0.046395059674978256,1.8237699270248413
7500,mla,123,2,11,0.058814797550439835,0.06140727177262306,1.8237699270248413
7500,mla,123,2,12,0.04877014085650444,0.053947385400533676,1.8237699270248413
7500,mla,123,2,13,0.06815856695175171,0.06332062184810638,1.8237699270248413
7500,mla,123,2,14,0.06598734855651855,0.05712611600756645,1.8237699270248413
7500,mla,123,2,15,0.07261393219232559,0.06409668177366257,1.8237699270248413
7500,mla,123,3,0,0.04946024715900421,0.055806148797273636,1.5984158515930176
7500,mla,123,3,1,0.04670857638120651,0.04624782130122185,1.5984158515930176
7500,mla,123,3,2,0.055165912955999374,0.06653653830289841,1.5984158515930176
7500,mla,123,3,3,0.07849100977182388,0.0817297026515007,1.5984158515930176
7500,mla,123,3,4,0.05106343701481819,0.04706836864352226,1.5984158515930176
7500,mla,123,3,5,0.05410827696323395,0.05066753551363945,1.5984158515930176
7500,mla,123,3,6,0.10163594782352448,0.08407825976610184,1.5984158515930176
7500,mla,123,3,7,0.04503723233938217,0.05480004474520683,1.5984158515930176
7500,mla,123,3,8,0.07036224007606506,0.07071535289287567,1.5984158515930176
7500,mla,123,3,9,0.05625966563820839,0.045630961656570435,1.5984158515930176
7500,mla,123,3,10,0.0574931837618351,0.05556551739573479,1.5984158515930176
7500,mla,123,3,11,0.06252909451723099,0.07652270793914795,1.5984158515930176
7500,mla,123,3,12,0.0786324068903923,0.07668755203485489,1.5984158515930176
7500,mla,123,3,13,0.06381846219301224,0.06798941642045975,1.5984158515930176
7500,mla,123,3,14,0.06364399939775467,0.062022559344768524,1.5984158515930176
7500,mla,123,3,15,0.06559031456708908,0.05793152377009392,1.5984158515930176
7500,mla,123,4,0,0.0932847112417221,0.08432942628860474,1.4672565460205078
7500,mla,123,4,1,0.08747619390487671,0.07193700224161148,1.4672565460205078
7500,mla,123,4,2,0.040080465376377106,0.040690913796424866,1.4672565460205078
7500,mla,123,4,3,0.07688018679618835,0.06810303032398224,1.4672565460205078
7500,mla,123,4,4,0.05180257186293602,0.06607530266046524,1.4672565460205078
7500,mla,123,4,5,0.07901051640510559,0.07564685493707657,1.4672565460205078
7500,mla,123,4,6,0.10229227691888809,0.0895855575799942,1.4672565460205078
7500,mla,123,4,7,0.047089844942092896,0.05724895000457764,1.4672565460205078
7500,mla,123,4,8,0.03288736939430237,0.037736907601356506,1.4672565460205078
7500,mla,123,4,9,0.04793029651045799,0.058345310389995575,1.4672565460205078
7500,mla,123,4,10,0.05747924745082855,0.06307629495859146,1.4672565460205078
7500,mla,123,4,11,0.03971008211374283,0.05459160357713699,1.4672565460205078
7500,mla,123,4,12,0.06546356528997421,0.05925363674759865,1.4672565460205078
7500,mla,123,4,13,0.03285430744290352,0.034965693950653076,1.4672565460205078
7500,mla,123,4,14,0.05345143750309944,0.06092378497123718,1.4672565460205078
7500,mla,123,4,15,0.09230692684650421,0.07748974859714508,1.4672565460205078
7500,mla,123,5,0,0.06605774164199829,0.07085011899471283,1.4236056804656982
7500,mla,123,5,1,0.030561625957489014,0.05001932755112648,1.4236056804656982
7500,mla,123,5,2,0.1073855608701706,0.10686976462602615,1.4236056804656982
7500,mla,123,5,3,0.0872948169708252,0.07226601243019104,1.4236056804656982
7500,mla,123,5,4,0.043290913105010986,0.054144229739904404,1.4236056804656982
7500,mla,123,5,5,0.06051849201321602,0.060025088489055634,1.4236056804656982
7500,mla,123,5,6,0.05208129808306694,0.06173563748598099,1.4236056804656982
7500,mla,123,5,7,0.05308268219232559,0.06321723014116287,1.4236056804656982
7500,mla,123,5,8,0.048564452677965164,0.054342929273843765,1.4236056804656982
7500,mla,123,5,9,0.06726033240556717,0.05863139405846596,1.4236056804656982
7500,mla,123,5,10,0.07132985442876816,0.06250184029340744,1.4236056804656982
7500,mla,123,5,11,0.03056640550494194,0.01832241378724575,1.4236056804656982
7500,mla,123,5,12,0.05651285871863365,0.06043786182999611,1.4236056804656982
7500,mla,123,5,13,0.04642852768301964,0.049802571535110474,1.4236056804656982
7500,mla,123,5,14,0.08870290219783783,0.07665079087018967,1.4236056804656982
7500,mla,123,5,15,0.09036152809858322,0.08018292486667633,1.4236056804656982
8000,mla,123,1,0,0.06528452783823013,0.06292232871055603,2.2717554569244385
8000,mla,123,1,1,0.05203358829021454,0.0551762580871582,2.2717554569244385
8000,mla,123,1,2,0.05109618976712227,0.05832602083683014,2.2717554569244385
8000,mla,123,1,3,0.0492534376680851,0.059751737862825394,2.2717554569244385
8000,mla,123,1,4,0.05739583447575569,0.06328762322664261,2.2717554569244385
8000,mla,123,1,5,0.05074605345726013,0.05842442810535431,2.2717554569244385
8000,mla,123,1,6,0.07022695243358612,0.062486253678798676,2.2717554569244385
8000,mla,123,1,7,0.06372568756341934,0.05580941587686539,2.2717554569244385
8000,mla,123,1,8,0.06275126338005066,0.06032383069396019,2.2717554569244385
8000,mla,123,1,9,0.06801178306341171,0.06448410451412201,2.2717554569244385
8000,mla,123,1,10,0.06261759251356125,0.0661175325512886,2.2717554569244385
8000,mla,123,1,11,0.058208923786878586,0.06292103230953217,2.2717554569244385
8000,mla,123,1,12,0.09360748529434204,0.0790577307343483,2.2717554569244385
8000,mla,123,1,13,0.06050821766257286,0.0600559301674366,2.2717554569244385
8000,mla,123,1,14,0.06692810356616974,0.06259874254465103,2.2717554569244385
8000,mla,123,1,15,0.06760437041521072,0.06825698167085648,2.2717554569244385
8000,mla,123,2,0,0.06474293768405914,0.056224383413791656,1.8107104301452637
8000,mla,123,2,1,0.04860778898000717,0.06640198826789856,1.8107104301452637
8000,mla,123,2,2,0.06099507585167885,0.051337651908397675,1.8107104301452637
8000,mla,123,2,3,0.06780283898115158,0.07140980660915375,1.8107104301452637
8000,mla,123,2,4,0.062355753034353256,0.07805897295475006,1.8107104301452637
8000,mla,123,2,5,0.06184041500091553,0.05341305583715439,1.8107104301452637
8000,mla,123,2,6,0.07608693093061447,0.06325361877679825,1.8107104301452637
8000,mla,123,2,7,0.06775014102458954,0.06860583275556564,1.8107104301452637
8000,mla,123,2,8,0.07327545434236526,0.07394230365753174,1.8107104301452637
8000,mla,123,2,9,0.0654221624135971,0.07285651564598083,1.8107104301452637
8000,mla,123,2,10,0.04655517637729645,0.05114356055855751,1.8107104301452637
8000,mla,123,2,11,0.051899414509534836,0.05680731311440468,1.8107104301452637
8000,mla,123,2,12,0.04520619660615921,0.05198374390602112,1.8107104301452637
8000,mla,123,2,13,0.06721445918083191,0.06151191145181656,1.8107104301452637
8000,mla,123,2,14,0.06549468636512756,0.05699731782078743,1.8107104301452637
8000,mla,123,2,15,0.07475057244300842,0.0660518929362297,1.8107104301452637
8000,mla,123,3,0,0.047392070293426514,0.05429012328386307,1.5710785388946533
8000,mla,123,3,1,0.045778606086969376,0.045502472668886185,1.5710785388946533
8000,mla,123,3,2,0.0539398193359375,0.06384937465190887,1.5710785388946533
8000,mla,123,3,3,0.07779744267463684,0.08007162809371948,1.5710785388946533
8000,mla,123,3,4,0.04462137818336487,0.043388426303863525,1.5710785388946533
8000,mla,123,3,5,0.0561593621969223,0.05179271101951599,1.5710785388946533
8000,mla,123,3,6,0.1040942370891571,0.08784043043851852,1.5710785388946533
8000,mla,123,3,7,0.0521659329533577,0.05863223969936371,1.5710785388946533
8000,mla,123,3,8,0.07503000646829605,0.0733429566025734,1.5710785388946533
8000,mla,123,3,9,0.051719360053539276,0.04310429096221924,1.5710785388946533
8000,mla,123,3,10,0.054247740656137466,0.05276251956820488,1.5710785388946533
8000,mla,123,3,11,0.06021057069301605,0.07572856545448303,1.5710785388946533
8000,mla,123,3,12,0.07986236363649368,0.07823804765939713,1.5710785388946533
8000,mla,123,3,13,0.06329549103975296,0.06853656470775604,1.5710785388946533
8000,mla,123,3,14,0.06322082877159119,0.06308162957429886,1.5710785388946533
8000,mla,123,3,15,0.07046478241682053,0.059838052839040756,1.5710785388946533
8000,mla,123,4,0,0.09237935394048691,0.08253762871026993,1.455654263496399
8000,mla,123,4,1,0.08969859033823013,0.07456725090742111,1.455654263496399
8000,mla,123,4,2,0.0395011380314827,0.04078731685876846,1.455654263496399
8000,mla,123,4,3,0.07908182591199875,0.07124248892068863,1.455654263496399
8000,mla,123,4,4,0.05020324885845184,0.06450601667165756,1.455654263496399
8000,mla,123,4,5,0.07809142768383026,0.07551674544811249,1.455654263496399
8000,mla,123,4,6,0.09892222285270691,0.08469214290380478,1.455654263496399
8000,mla,123,4,7,0.04830922558903694,0.059015464037656784,1.455654263496399
8000,mla,123,4,8,0.033866070210933685,0.03834279999136925,1.455654263496399
8000,mla,123,4,9,0.04852508381009102,0.057765599340200424,1.455654263496399
8000,mla,123,4,10,0.05485778674483299,0.059748876839876175,1.455654263496399
8000,mla,123,4,11,0.04036325961351395,0.05579585209488869,1.455654263496399
8000,mla,123,4,12,0.06421488523483276,0.059208597987890244,1.455654263496399
8000,mla,123,4,13,0.03428558260202408,0.03579138219356537,1.455654263496399
8000,mla,123,4,14,0.053274840116500854,0.06054753437638283,1.455654263496399
8000,mla,123,4,15,0.09442545473575592,0.07993438839912415,1.455654263496399
8000,mla,123,5,0,0.06691223382949829,0.07140009850263596,1.4179154634475708
8000,mla,123,5,1,0.029347432777285576,0.04869694262742996,1.4179154634475708
8000,mla,123,5,2,0.11150919646024704,0.11327333003282547,1.4179154634475708
8000,mla,123,5,3,0.08047526329755783,0.06498055905103683,1.4179154634475708
8000,mla,123,5,4,0.04537099227309227,0.05510667711496353,1.4179154634475708
8000,mla,123,5,5,0.059203896671533585,0.058733679354190826,1.4179154634475708
8000,mla,123,5,6,0.05047302320599556,0.059169940650463104,1.4179154634475708
8000,mla,123,5,7,0.05718434602022171,0.06813312321901321,1.4179154634475708
8000,mla,123,5,8,0.04888112470507622,0.05354702100157738,1.4179154634475708
8000,mla,123,5,9,0.06666971743106842,0.05872536823153496,1.4179154634475708
8000,mla,123,5,10,0.0767287164926529,0.06698961555957794,1.4179154634475708
8000,mla,123,5,11,0.029091186821460724,0.01765780709683895,1.4179154634475708
8000,mla,123,5,12,0.057229816913604736,0.061228714883327484,1.4179154634475708
8000,mla,123,5,13,0.044115904718637466,0.04808235913515091,1.4179154634475708
8000,mla,123,5,14,0.08945831656455994,0.07824325561523438,1.4179154634475708
8000,mla,123,5,15,0.0873488336801529,0.07603155076503754,1.4179154634475708
8500,mla,123,1,0,0.05361358821392059,0.058914914727211,2.2546236515045166
8500,mla,123,1,1,0.06177724152803421,0.057073451578617096,2.2546236515045166
8500,mla,123,1,2,0.06256357580423355,0.06441989541053772,2.2546236515045166
8500,mla,123,1,3,0.04932118579745293,0.059393011033535004,2.2546236515045166
8500,mla,123,1,4,0.060159098356962204,0.06517631560564041,2.2546236515045166
8500,mla,123,1,5,0.05240590497851372,0.05860272794961929,2.2546236515045166
8500,mla,123,1,6,0.07267425209283829,0.06391546130180359,2.2546236515045166
8500,mla,123,1,7,0.059709370136260986,0.05464614927768707,2.2546236515045166
8500,mla,123,1,8,0.06230275332927704,0.06088276579976082,2.2546236515045166
8500,mla,123,1,9,0.06741811335086823,0.06415555626153946,2.2546236515045166
8500,mla,123,1,10,0.05983327329158783,0.06421148031949997,2.2546236515045166
8500,mla,123,1,11,0.055059000849723816,0.06172948703169823,2.2546236515045166
8500,mla,123,1,12,0.09230692684650421,0.07827308028936386,2.2546236515045166
8500,mla,123,1,13,0.05607645586133003,0.05844223499298096,2.2546236515045166
8500,mla,123,1,14,0.07053416222333908,0.06393899023532867,2.2546236515045166
8500,mla,123,1,15,0.06424509733915329,0.06622438132762909,2.2546236515045166
8500,mla,123,2,0,0.05705861374735832,0.05345067381858826,1.7985831499099731
8500,mla,123,2,1,0.0465780645608902,0.06499803811311722,1.7985831499099731
8500,mla,123,2,2,0.06130869686603546,0.05097828805446625,1.7985831499099731
8500,mla,123,2,3,0.07103250920772552,0.07382950186729431,1.7985831499099731
8500,mla,123,2,4,0.06463511288166046,0.07735615223646164,1.7985831499099731
8500,mla,123,2,5,0.059121500700712204,0.05182219669222832,1.7985831499099731
8500,mla,123,2,6,0.07993845641613007,0.06689337641000748,1.7985831499099731
8500,mla,123,2,7,0.06699798256158829,0.0673486739397049,1.7985831499099731
8500,mla,123,2,8,0.0740266963839531,0.07320338487625122,1.7985831499099731
8500,mla,123,2,9,0.06765452027320862,0.0755031481385231,1.7985831499099731
8500,mla,123,2,10,0.0430031344294548,0.048126086592674255,1.7985831499099731
8500,mla,123,2,11,0.05160481855273247,0.056483834981918335,1.7985831499099731
8500,mla,123,2,12,0.04730885848402977,0.05414940044283867,1.7985831499099731
8500,mla,123,2,13,0.06720621883869171,0.060926277190446854,1.7985831499099731
8500,mla,123,2,14,0.06788075715303421,0.05878432095050812,1.7985831499099731
8500,mla,123,2,15,0.0746440663933754,0.06614675372838974,1.7985831499099731
8500,mla,123,3,0,0.043460387736558914,0.049916401505470276,1.5550990104675293
8500,mla,123,3,1,0.05026601254940033,0.04825492203235626,1.5550990104675293
8500,mla,123,3,2,0.05486307665705681,0.06455493718385696,1.5550990104675293
8500,mla,123,3,3,0.07894816249608994,0.08182850480079651,1.5550990104675293
8500,mla,123,3,4,0.046669211238622665,0.045925337821245193,1.5550990104675293
8500,mla,123,3,5,0.061150308698415756,0.05497407913208008,1.5550990104675293
8500,mla,123,3,6,0.10498636960983276,0.08882314711809158,1.5550990104675293
8500,mla,123,3,7,0.043988849967718124,0.05296547710895538,1.5550990104675293
8500,mla,123,3,8,0.07310821861028671,0.07527370750904083,1.5550990104675293
8500,mla,123,3,9,0.05239216983318329,0.04408830776810646,1.5550990104675293
8500,mla,123,3,10,0.05382192134857178,0.0528540275990963,1.5550990104675293
8500,mla,123,3,11,0.05596669390797615,0.07311086356639862,1.5550990104675293
8500,mla,123,3,12,0.08076965063810349,0.07818793505430222,1.5550990104675293
8500,mla,123,3,13,0.06056426838040352,0.06680261343717575,1.5550990104675293
8500,mla,123,3,14,0.07396311312913895,0.06737403571605682,1.5550990104675293
8500,mla,123,3,15,0.06508158147335052,0.05506566911935806,1.5550990104675293
8500,mla,123,4,0,0.09477264434099197,0.08635923266410828,1.4548850059509277
8500,mla,123,4,1,0.08866403996944427,0.07265288382768631,1.4548850059509277
8500,mla,123,4,2,0.03828369081020355,0.03952496126294136,1.4548850059509277
8500,mla,123,4,3,0.07821045070886612,0.06901659071445465,1.4548850059509277
8500,mla,123,4,4,0.0489705391228199,0.06401441246271133,1.4548850059509277
8500,mla,123,4,5,0.08002909272909164,0.07668527960777283,1.4548850059509277
8500,mla,123,4,6,0.1006380245089531,0.08657731115818024,1.4548850059509277
8500,mla,123,4,7,0.04827474057674408,0.05737873166799545,1.4548850059509277
8500,mla,123,4,8,0.03373199328780174,0.03795298561453819,1.4548850059509277
8500,mla,123,4,9,0.04697255417704582,0.05751563236117363,1.4548850059509277
8500,mla,123,4,10,0.058634135872125626,0.06392741948366165,1.4548850059509277
8500,mla,123,4,11,0.03836171329021454,0.05431271716952324,1.4548850059509277
8500,mla,123,4,12,0.06454742699861526,0.0584791824221611,1.4548850059509277
8500,mla,123,4,13,0.033586323261260986,0.035796575248241425,1.4548850059509277
8500,mla,123,4,14,0.05285390093922615,0.06099328398704529,1.4548850059509277
8500,mla,123,4,15,0.09346873313188553,0.07881277799606323,1.4548850059509277
8500,mla,123,5,0,0.06666473299264908,0.07133008539676666,1.4097472429275513
8500,mla,123,5,1,0.030643513426184654,0.05102944374084473,1.4097472429275513
8500,mla,123,5,2,0.10959024727344513,0.10882303863763809,1.4097472429275513
8500,mla,123,5,3,0.08445698767900467,0.06961061805486679,1.4097472429275513
8500,mla,123,5,4,0.04185384139418602,0.0535881370306015,1.4097472429275513
8500,mla,123,5,5,0.054670512676239014,0.055109284818172455,1.4097472429275513
8500,mla,123,5,6,0.0478464774787426,0.05571338161826134,1.4097472429275513
8500,mla,123,5,7,0.055003561079502106,0.06628771126270294,1.4097472429275513
8500,mla,123,5,8,0.050276387482881546,0.0554596409201622,1.4097472429275513
8500,mla,123,5,9,0.06852223724126816,0.060059547424316406,1.4097472429275513
8500,mla,123,5,10,0.07230173796415329,0.06321172416210175,1.4097472429275513
8500,mla,123,5,11,0.03295033797621727,0.01878347434103489,1.4097472429275513
8500,mla,123,5,12,0.05694376677274704,0.06146835908293724,1.4097472429275513
8500,mla,123,5,13,0.04570658504962921,0.04881898686289787,1.4097472429275513
8500,mla,123,5,14,0.09092366695404053,0.07879709452390671,1.4097472429275513
8500,mla,123,5,15,0.09164540469646454,0.08190950751304626,1.4097472429275513
9000,mla,123,1,0,0.051313985139131546,0.05793985351920128,2.2336864471435547
9000,mla,123,1,1,0.055254314094781876,0.0546833872795105,2.2336864471435547
9000,mla,123,1,2,0.06105855479836464,0.06399572640657425,2.2336864471435547
9000,mla,123,1,3,0.047607626765966415,0.05862442031502724,2.2336864471435547
9000,mla,123,1,4,0.06325826048851013,0.06707403063774109,2.2336864471435547
9000,mla,123,1,5,0.05691365525126457,0.0607275627553463,2.2336864471435547
9000,mla,123,1,6,0.07054127752780914,0.06266188621520996,2.2336864471435547
9000,mla,123,1,7,0.06187540665268898,0.05546606704592705,2.2336864471435547
9000,mla,123,1,8,0.06059021130204201,0.06043335422873497,2.2336864471435547
9000,mla,123,1,9,0.06433380395174026,0.061601027846336365,2.2336864471435547
9000,mla,123,1,10,0.057995911687612534,0.06228580325841904,2.2336864471435547
9000,mla,123,1,11,0.06481730192899704,0.06461306661367416,2.2336864471435547
9000,mla,123,1,12,0.0924154669046402,0.07975506037473679,2.2336864471435547
9000,mla,123,1,13,0.06690582633018494,0.06346022337675095,2.2336864471435547
9000,mla,123,1,14,0.06063679978251457,0.06053644046187401,2.2336864471435547
9000,mla,123,1,15,0.06448160856962204,0.0661422461271286,2.2336864471435547
9000,mla,123,2,0,0.06075235828757286,0.05368959531188011,1.7889304161071777
9000,mla,123,2,1,0.05076049640774727,0.0662931501865387,1.7889304161071777
9000,mla,123,2,2,0.06474711000919342,0.05298261344432831,1.7889304161071777
9000,mla,123,2,3,0.0678749606013298,0.07123290747404099,1.7889304161071777
9000,mla,123,2,4,0.060969237238168716,0.0770171582698822,1.7889304161071777
9000,mla,123,2,5,0.06887664645910263,0.059292279183864594,1.7889304161071777
9000,mla,123,2,6,0.06855529546737671,0.06018999591469765,1.7889304161071777
9000,mla,123,2,7,0.06378153711557388,0.06369099766016006,1.7889304161071777
9000,mla,123,2,8,0.07129791378974915,0.0727439597249031,1.7889304161071777
9000,mla,123,2,9,0.06552805751562119,0.07219330221414566,1.7889304161071777
9000,mla,123,2,10,0.04804138094186783,0.05164087936282158,1.7889304161071777
9000,mla,123,2,11,0.04957672208547592,0.055215563625097275,1.7889304161071777
9000,mla,123,2,12,0.045912884175777435,0.05357973277568817,1.7889304161071777
9000,mla,123,2,13,0.06939452886581421,0.06349128484725952,1.7889304161071777
9000,mla,123,2,14,0.07010528445243835,0.059616878628730774,1.7889304161071777
9000,mla,123,2,15,0.07382558286190033,0.06712958216667175,1.7889304161071777
9000,mla,123,3,0,0.04581553116440773,0.05261174589395523,1.5636483430862427
9000,mla,123,3,1,0.04735727980732918,0.04720965772867203,1.5636483430862427
9000,mla,123,3,2,0.052354633808135986,0.06290476769208908,1.5636483430862427
9000,mla,123,3,3,0.07844462245702744,0.08078166842460632,1.5636483430862427
9000,mla,123,3,4,0.04981547221541405,0.04800526797771454,1.5636483430862427
9000,mla,123,3,5,0.05712778866291046,0.0520680695772171,1.5636483430862427
9000,mla,123,3,6,0.10376372933387756,0.08578996360301971,1.5636483430862427
9000,mla,123,3,7,0.04679911211133003,0.05552541837096214,1.5636483430862427
9000,mla,123,3,8,0.0714963749051094,0.07387958467006683,1.5636483430862427
9000,mla,123,3,9,0.046121928840875626,0.04045351222157478,1.5636483430862427
9000,mla,123,3,10,0.06053609028458595,0.057125650346279144,1.5636483430862427
9000,mla,123,3,11,0.06119547411799431,0.07633332908153534,1.5636483430862427
9000,mla,123,3,12,0.08125783503055573,0.07850915938615799,1.5636483430862427
9000,mla,123,3,13,0.06298299133777618,0.06762290000915527,1.5636483430862427
9000,mla,123,3,14,0.06350423395633698,0.06068957597017288,1.5636483430862427
9000,mla,123,3,15,0.07142689824104309,0.060489755123853683,1.5636483430862427
9000,mla,123,4,0,0.09381449222564697,0.0849752351641655,1.4413177967071533
9000,mla,123,4,1,0.08850565552711487,0.07220283895730972,1.4413177967071533
9000,mla,123,4,2,0.039446715265512466,0.040300771594047546,1.4413177967071533
9000,mla,123,4,3,0.07799652218818665,0.07019475847482681,1.4413177967071533
9000,mla,123,4,4,0.045552875846624374,0.06101720780134201,1.4413177967071533
9000,mla,123,4,5,0.07942352443933487,0.07752945274114609,1.4413177967071533
9000,mla,123,4,6,0.10017222166061401,0.08508031815290451,1.4413177967071533
9000,mla,123,4,7,0.047900084406137466,0.05798795819282532,1.4413177967071533
9000,mla,123,4,8,0.034453634172677994,0.0391717366874218,1.4413177967071533
9000,mla,123,4,9,0.04850057139992714,0.05896057188510895,1.4413177967071533
9000,mla,123,4,10,0.0573069266974926,0.06192122772336006,1.4413177967071533
9000,mla,123,4,11,0.03969625011086464,0.05572608858346939,1.4413177967071533
9000,mla,123,4,12,0.06837636232376099,0.06160349026322365,1.4413177967071533
9000,mla,123,4,13,0.035274047404527664,0.03691568225622177,1.4413177967071533
9000,mla,123,4,14,0.04833923280239105,0.05623963847756386,1.4413177967071533
9000,mla,123,4,15,0.09524088352918625,0.08017294853925705,1.4413177967071533
9000,mla,123,5,0,0.0669422373175621,0.07272157073020935,1.390745997428894
9000,mla,123,5,1,0.03014984168112278,0.05021192505955696,1.390745997428894
9000,mla,123,5,2,0.10856425017118454,0.10842782258987427,1.390745997428894
9000,mla,123,5,3,0.08648834377527237,0.0712818130850792,1.390745997428894
9000,mla,123,5,4,0.04213501140475273,0.054181911051273346,1.390745997428894
9000,mla,123,5,5,0.05444834381341934,0.05486788600683212,1.390745997428894
9000,mla,123,5,6,0.04865478351712227,0.05691739544272423,1.390745997428894
9000,mla,123,5,7,0.05599833279848099,0.06670503318309784,1.390745997428894
9000,mla,123,5,8,0.05202535167336464,0.0561906173825264,1.390745997428894
9000,mla,123,5,9,0.06610341370105743,0.057167090475559235,1.390745997428894
9000,mla,123,5,10,0.07307688146829605,0.06399767845869064,1.390745997428894
9000,mla,123,5,11,0.03108357824385166,0.01713631860911846,1.390745997428894
9000,mla,123,5,12,0.05287933349609375,0.05814839154481888,1.390745997428894
9000,mla,123,5,13,0.047288715839385986,0.04919787868857384,1.390745997428894
9000,mla,123,5,14,0.09089457243680954,0.07874197512865067,1.390745997428894
9000,mla,123,5,15,0.09326700866222382,0.0841047391295433,1.390745997428894
9500,mla,123,1,0,0.04440399259328842,0.05468089506030083,2.214059352874756
9500,mla,123,1,1,0.05591115355491638,0.055008746683597565,2.214059352874756
9500,mla,123,1,2,0.05749257281422615,0.06184913590550423,2.214059352874756
9500,mla,123,1,3,0.04937326908111572,0.06013486161828041,2.214059352874756
9500,mla,123,1,4,0.06032745540142059,0.06457220017910004,2.214059352874756
9500,mla,123,1,5,0.06488321721553802,0.06143666058778763,2.214059352874756
9500,mla,123,1,6,0.07102762907743454,0.06304419040679932,2.214059352874756
9500,mla,123,1,7,0.0667450949549675,0.057376351207494736,2.214059352874756
9500,mla,123,1,8,0.06043762341141701,0.06025483459234238,2.214059352874756
9500,mla,123,1,9,0.06238769367337227,0.058141306042671204,2.214059352874756
9500,mla,123,1,10,0.06132568418979645,0.06574961543083191,2.214059352874756
9500,mla,123,1,11,0.06694997102022171,0.06556575745344162,2.214059352874756
9500,mla,123,1,12,0.09165333956480026,0.07973629981279373,2.214059352874756
9500,mla,123,1,13,0.05688995495438576,0.05937882140278816,2.214059352874756
9500,mla,123,1,14,0.061507873237133026,0.0619465634226799,2.214059352874756
9500,mla,123,1,15,0.06868347525596619,0.07112354040145874,2.214059352874756
9500,mla,123,2,0,0.06443644315004349,0.05662759765982628,1.781117558479309
9500,mla,123,2,1,0.04628570377826691,0.06429949402809143,1.781117558479309
9500,mla,123,2,2,0.06583058834075928,0.05378896743059158,1.781117558479309
9500,mla,123,2,3,0.06589467078447342,0.07033712416887283,1.781117558479309
9500,mla,123,2,4,0.05938629060983658,0.07547464966773987,1.781117558479309
9500,mla,123,2,5,0.06699208915233612,0.05803573131561279,1.781117558479309
9500,mla,123,2,6,0.07381246238946915,0.06314606964588165,1.781117558479309
9500,mla,123,2,7,0.06643900275230408,0.06587634235620499,1.781117558479309
9500,mla,123,2,8,0.07098998874425888,0.07241624593734741,1.781117558479309
9500,mla,123,2,9,0.06299204379320145,0.07137399166822433,1.781117558479309
9500,mla,123,2,10,0.04491241276264191,0.05005451291799545,1.781117558479309
9500,mla,123,2,11,0.05554952099919319,0.058607954531908035,1.781117558479309
9500,mla,123,2,12,0.05032206326723099,0.05350329726934433,1.781117558479309
9500,mla,123,2,13,0.06997772306203842,0.06424576044082642,1.781117558479309
9500,mla,123,2,14,0.06374277919530869,0.056302666664123535,1.781117558479309
9500,mla,123,2,15,0.07243622094392776,0.06590968370437622,1.781117558479309
9500,mla,123,3,0,0.047262776643037796,0.054377391934394836,1.5361464023590088
9500,mla,123,3,1,0.04595692828297615,0.04591217264533043,1.5361464023590088
9500,mla,123,3,2,0.0539296455681324,0.06332282721996307,1.5361464023590088
9500,mla,123,3,3,0.07975789159536362,0.08363412320613861,1.5361464023590088
9500,mla,123,3,4,0.05412180721759796,0.0491606779396534,1.5361464023590088
9500,mla,123,3,5,0.057689107954502106,0.051734305918216705,1.5361464023590088
9500,mla,123,3,6,0.10508158057928085,0.08830191195011139,1.5361464023590088
9500,mla,123,3,7,0.04426432400941849,0.053770776838064194,1.5361464023590088
9500,mla,123,3,8,0.07276102900505066,0.07412488758563995,1.5361464023590088
9500,mla,123,3,9,0.04635579511523247,0.04034723713994026,1.5361464023590088
9500,mla,123,3,10,0.061524759978055954,0.05828331038355827,1.5361464023590088
9500,mla,123,3,11,0.052143555134534836,0.06987927854061127,1.5361464023590088
9500,mla,123,3,12,0.07864633947610855,0.07523283362388611,1.5361464023590088
9500,mla,123,3,13,0.06418192386627197,0.06973716616630554,1.5361464023590088
9500,mla,123,3,14,0.06720458716154099,0.06397463381290436,1.5361464023590088
9500,mla,123,3,15,0.0691179409623146,0.05820639804005623,1.5361464023590088
9500,mla,123,4,0,0.09247568994760513,0.08491808921098709,1.4309654235839844
9500,mla,123,4,1,0.08637084811925888,0.07077126950025558,1.4309654235839844
9500,mla,123,4,2,0.03948221728205681,0.04045771434903145,1.4309654235839844
9500,mla,123,4,3,0.07742838561534882,0.07058551162481308,1.4309654235839844
9500,mla,123,4,4,0.04943450912833214,0.06410570442676544,1.4309654235839844
9500,mla,123,4,5,0.07815348356962204,0.0751725360751152,1.4309654235839844
9500,mla,123,4,6,0.09985463321208954,0.08612246811389923,1.4309654235839844
9500,mla,123,4,7,0.047289326786994934,0.05542522296309471,1.4309654235839844
9500,mla,123,4,8,0.0398884080350399,0.04235413298010826,1.4309654235839844
9500,mla,123,4,9,0.04787902906537056,0.0583953782916069,1.4309654235839844
9500,mla,123,4,10,0.05699015408754349,0.062433332204818726,1.4309654235839844
9500,mla,123,4,11,0.039631348103284836,0.0548490509390831,1.4309654235839844
9500,mla,123,4,12,0.0663553848862648,0.061727847903966904,1.4309654235839844
9500,mla,123,4,13,0.032079264521598816,0.03264320269227028,1.4309654235839844
9500,mla,123,4,14,0.05274342745542526,0.06049739941954613,1.4309654235839844
9500,mla,123,4,15,0.09394388645887375,0.07954125106334686,1.4309654235839844
9500,mla,123,5,0,0.06649668514728546,0.07162252813577652,1.3925704956054688
9500,mla,123,5,1,0.030613809823989868,0.051712293177843094,1.3925704956054688
9500,mla,123,5,2,0.10787312686443329,0.10584726929664612,1.3925704956054688
9500,mla,123,5,3,0.08659647405147552,0.07294086366891861,1.3925704956054688
9500,mla,123,5,4,0.041817933320999146,0.05249219015240669,1.3925704956054688
9500,mla,123,5,5,0.05611826479434967,0.05674826353788376,1.3925704956054688
9500,mla,123,5,6,0.04848175123333931,0.05728532001376152,1.3925704956054688
9500,mla,123,5,7,0.05815337970852852,0.06761645525693893,1.3925704956054688
9500,mla,123,5,8,0.05082244798541069,0.05583092197775841,1.3925704956054688
9500,mla,123,5,9,0.06941741704940796,0.06102399155497551,1.3925704956054688
9500,mla,123,5,10,0.0681915283203125,0.06066235899925232,1.3925704956054688
9500,mla,123,5,11,0.032214559614658356,0.01811620220541954,1.3925704956054688
9500,mla,123,5,12,0.054502155631780624,0.05917172133922577,1.3925704956054688
9500,mla,123,5,13,0.04609222337603569,0.04805104434490204,1.3925704956054688
9500,mla,123,5,14,0.09073791652917862,0.07882483303546906,1.3925704956054688
9500,mla,123,5,15,0.09187032282352448,0.08205358684062958,1.3925704956054688
10000,mla,123,1,0,0.05182250961661339,0.05865595489740372,2.187347650527954
10000,mla,123,1,1,0.06239278241991997,0.05670328065752983,2.187347650527954
10000,mla,123,1,2,0.05261749401688576,0.05915964022278786,2.187347650527954
10000,mla,123,1,3,0.04994364455342293,0.059933796525001526,2.187347650527954
10000,mla,123,1,4,0.05526336655020714,0.061492953449487686,2.187347650527954
10000,mla,123,1,5,0.057239990681409836,0.060499463230371475,2.187347650527954
10000,mla,123,1,6,0.07647980004549026,0.06785278022289276,2.187347650527954
10000,mla,123,1,7,0.06921152770519257,0.05823460966348648,2.187347650527954
10000,mla,123,1,8,0.06411793828010559,0.06128119304776192,2.187347650527954
10000,mla,123,1,9,0.07050608098506927,0.06449049711227417,2.187347650527954
10000,mla,123,1,10,0.05781199038028717,0.061012152582407,2.187347650527954
10000,mla,123,1,11,0.05046549439430237,0.05993965268135071,2.187347650527954
10000,mla,123,1,12,0.09737111628055573,0.08390416204929352,2.187347650527954
10000,mla,123,1,13,0.05661356449127197,0.05988718569278717,2.187347650527954
10000,mla,123,1,14,0.0675462856888771,0.06249825656414032,2.187347650527954
10000,mla,123,1,15,0.06059641391038895,0.06445440649986267,2.187347650527954
10000,mla,123,2,0,0.06257883459329605,0.05524038150906563,1.7665926218032837
10000,mla,123,2,1,0.048211466521024704,0.0672600269317627,1.7665926218032837
10000,mla,123,2,2,0.0670827254652977,0.05457725375890732,1.7665926218032837
10000,mla,123,2,3,0.06753712892532349,0.0716768354177475,1.7665926218032837
10000,mla,123,2,4,0.05877827852964401,0.07425220310688019,1.7665926218032837
10000,mla,123,2,5,0.06481597572565079,0.05657738819718361,1.7665926218032837
10000,mla,123,2,6,0.07711771875619888,0.06571366637945175,1.7665926218032837
10000,mla,123,2,7,0.06512532383203506,0.06488420814275742,1.7665926218032837
10000,mla,123,2,8,0.06927652657032013,0.06958926469087601,1.7665926218032837
10000,mla,123,2,9,0.06324473023414612,0.07102199643850327,1.7665926218032837
10000,mla,123,2,10,0.04563344269990921,0.04999832808971405,1.7665926218032837
10000,mla,123,2,11,0.050181273370981216,0.05521532520651817,1.7665926218032837
10000,mla,123,2,12,0.04712677001953125,0.05324919521808624,1.7665926218032837
10000,mla,123,2,13,0.06849243491888046,0.06260927766561508,1.7665926218032837
10000,mla,123,2,14,0.06972239166498184,0.05912993848323822,1.7665926218032837
10000,mla,123,2,15,0.07507497072219849,0.06900465488433838,1.7665926218032837
10000,mla,123,3,0,0.04430653899908066,0.051116783171892166,1.5350127220153809
10000,mla,123,3,1,0.04639139771461487,0.045925550162792206,1.5350127220153809
10000,mla,123,3,2,0.053473103791475296,0.06371380388736725,1.5350127220153809
10000,mla,123,3,3,0.0785541757941246,0.0808260515332222,1.5350127220153809
10000,mla,123,3,4,0.04884450137615204,0.04743406921625137,1.5350127220153809
10000,mla,123,3,5,0.05940724536776543,0.05413956195116043,1.5350127220153809
10000,mla,123,3,6,0.10462982207536697,0.0862267017364502,1.5350127220153809
10000,mla,123,3,7,0.04712392017245293,0.054857827723026276,1.5350127220153809
10000,mla,123,3,8,0.07135731726884842,0.07424846291542053,1.5350127220153809
10000,mla,123,3,9,0.05149068310856819,0.04373202472925186,1.5350127220153809
10000,mla,123,3,10,0.058024801313877106,0.05595073103904724,1.5350127220153809
10000,mla,123,3,11,0.057579852640628815,0.07490731030702591,1.5350127220153809
10000,mla,123,3,12,0.08150197565555573,0.07817905396223068,1.5350127220153809
10000,mla,123,3,13,0.06106384098529816,0.06634187698364258,1.5350127220153809
10000,mla,123,3,14,0.0659344494342804,0.06336113065481186,1.5350127220153809
10000,mla,123,3,15,0.0703163668513298,0.05903896316885948,1.5350127220153809
10000,mla,123,4,0,0.09569742530584335,0.08738727867603302,1.427939534187317
10000,mla,123,4,1,0.08929107338190079,0.07352537661790848,1.427939534187317
10000,mla,123,4,2,0.03788350522518158,0.03923497349023819,1.427939534187317
10000,mla,123,4,3,0.0823090597987175,0.07418544590473175,1.427939534187317
10000,mla,123,4,4,0.04508962109684944,0.0610167495906353,1.427939534187317
10000,mla,123,4,5,0.07862548530101776,0.0751112550497055,1.427939534187317
10000,mla,123,4,6,0.10058878362178802,0.08506407588720322,1.427939534187317
10000,mla,123,4,7,0.04779164493083954,0.05759812518954277,1.427939534187317
10000,mla,123,4,8,0.034115396440029144,0.03875916451215744,1.427939534187317
10000,mla,123,4,9,0.04806365817785263,0.05814102292060852,1.427939534187317
10000,mla,123,4,10,0.05897725373506546,0.06507226824760437,1.427939534187317
10000,mla,123,4,11,0.038260601460933685,0.05333084985613823,1.427939534187317
10000,mla,123,4,12,0.06604054570198059,0.05971132218837738,1.427939534187317
10000,mla,123,4,13,0.03422759845852852,0.036789216101169586,1.427939534187317
10000,mla,123,4,14,0.049797870218753815,0.05641430988907814,1.427939534187317
10000,mla,123,4,15,0.09324045479297638,0.07865860313177109,1.427939534187317
10000,mla,123,5,0,0.06190246716141701,0.06820902973413467,1.3804932832717896
10000,mla,123,5,1,0.02978210523724556,0.050074826925992966,1.3804932832717896
10000,mla,123,5,2,0.10829142481088638,0.10775549709796906,1.3804932832717896
10000,mla,123,5,3,0.08421356230974197,0.06912658363580704,1.3804932832717896
10000,mla,123,5,4,0.044446513056755066,0.05507500469684601,1.3804932832717896
10000,mla,123,5,5,0.05366038158535957,0.054609380662441254,1.3804932832717896
10000,mla,123,5,6,0.05043691024184227,0.06065294146537781,1.3804932832717896
10000,mla,123,5,7,0.05633077025413513,0.06616447120904922,1.3804932832717896
10000,mla,123,5,8,0.05248250439763069,0.05758092924952507,1.3804932832717896
10000,mla,123,5,9,0.06966288387775421,0.06056978926062584,1.3804932832717896
10000,mla,123,5,10,0.07327351719141006,0.06469039618968964,1.3804932832717896
10000,mla,123,5,11,0.03132842853665352,0.017399078235030174,1.3804932832717896
10000,mla,123,5,12,0.055074259638786316,0.06059945374727249,1.3804932832717896
10000,mla,123,5,13,0.046295370906591415,0.04825149476528168,1.3804932832717896
10000,mla,123,5,14,0.0905417874455452,0.07769893109798431,1.3804932832717896
10000,mla,123,5,15,0.09227711707353592,0.08154219388961792,1.3804932832717896
10500,mla,123,1,0,0.051956888288259506,0.05751468613743782,2.1784725189208984
10500,mla,123,1,1,0.06336435675621033,0.05754147842526436,2.1784725189208984
10500,mla,123,1,2,0.061760153621435165,0.06291680783033371,2.1784725189208984
10500,mla,123,1,3,0.052361246198415756,0.06119513884186745,2.1784725189208984
10500,mla,123,1,4,0.06671356409788132,0.06835761666297913,2.1784725189208984
10500,mla,123,1,5,0.05102498456835747,0.0569053590297699,2.1784725189208984
10500,mla,123,1,6,0.07400766760110855,0.06552445143461227,2.1784725189208984
10500,mla,123,1,7,0.06269175559282303,0.05495096743106842,2.1784725189208984
10500,mla,123,1,8,0.05569406971335411,0.05701875686645508,2.1784725189208984
10500,mla,123,1,9,0.0675029531121254,0.06277108192443848,2.1784725189208984
10500,mla,123,1,10,0.05870046094059944,0.06186253949999809,2.1784725189208984
10500,mla,123,1,11,0.05676066130399704,0.06284316629171371,2.1784725189208984
10500,mla,123,1,12,0.09275349974632263,0.08141905814409256,2.1784725189208984
10500,mla,123,1,13,0.062353719025850296,0.061145178973674774,2.1784725189208984
10500,mla,123,1,14,0.0551585890352726,0.05840619280934334,2.1784725189208984
10500,mla,123,1,15,0.06719543784856796,0.0696277916431427,2.1784725189208984
10500,mla,123,2,0,0.06385447084903717,0.05478627607226372,1.7697986364364624
10500,mla,123,2,1,0.0475495420396328,0.06556471437215805,1.7697986364364624
10500,mla,123,2,2,0.06584340333938599,0.05332956463098526,1.7697986364364624
10500,mla,123,2,3,0.06745737791061401,0.07122834771871567,1.7697986364364624
10500,mla,123,2,4,0.055625710636377335,0.07252078503370285,1.7697986364364624
10500,mla,123,2,5,0.06581614166498184,0.05716412886977196,1.7697986364364624
10500,mla,123,2,6,0.07745493203401566,0.06573977321386337,1.7697986364364624
10500,mla,123,2,7,0.06386647373437881,0.06366686522960663,1.7697986364364624
10500,mla,123,2,8,0.06968709081411362,0.0719909816980362,1.7697986364364624
10500,mla,123,2,9,0.06734039634466171,0.07444201409816742,1.7697986364364624
10500,mla,123,2,10,0.044562071561813354,0.050075825303792953,1.7697986364364624
10500,mla,123,2,11,0.049698181450366974,0.05534288287162781,1.7697986364364624
10500,mla,123,2,12,0.04647369310259819,0.05216732993721962,1.7697986364364624
10500,mla,123,2,13,0.06995605677366257,0.0635150671005249,1.7697986364364624
10500,mla,123,2,14,0.06842020899057388,0.057889990508556366,1.7697986364364624
10500,mla,123,2,15,0.07639424502849579,0.07057543098926544,1.7697986364364624
10500,mla,123,3,0,0.045898132026195526,0.05192715302109718,1.534268856048584
10500,mla,123,3,1,0.047912802547216415,0.04673931002616882,1.534268856048584
10500,mla,123,3,2,0.05304107815027237,0.06317960470914841,1.534268856048584
10500,mla,123,3,3,0.07892832159996033,0.08203677833080292,1.534268856048584
10500,mla,123,3,4,0.04917236417531967,0.04800708591938019,1.534268856048584
10500,mla,123,3,5,0.0575733445584774,0.0525345541536808,1.534268856048584
10500,mla,123,3,6,0.10574646294116974,0.08899904787540436,1.534268856048584
10500,mla,123,3,7,0.04550323635339737,0.05375049635767937,1.534268856048584
10500,mla,123,3,8,0.07052042335271835,0.07253104448318481,1.534268856048584
10500,mla,123,3,9,0.04919087886810303,0.041429661214351654,1.534268856048584
10500,mla,123,3,10,0.05765584483742714,0.05527068302035332,1.534268856048584
10500,mla,123,3,11,0.05584137141704559,0.07403849065303802,1.534268856048584
10500,mla,123,3,12,0.0791180431842804,0.074350506067276,1.534268856048584
10500,mla,123,3,13,0.06447061896324158,0.06977008283138275,1.534268856048584
10500,mla,123,3,14,0.06937530636787415,0.06617556512355804,1.534268856048584
10500,mla,123,3,15,0.07005178183317184,0.059259992092847824,1.534268856048584
10500,mla,123,4,0,0.0924854502081871,0.08510127663612366,1.4325449466705322
10500,mla,123,4,1,0.08861948549747467,0.07337852567434311,1.4325449466705322
10500,mla,123,4,2,0.03902801498770714,0.039944056421518326,1.4325449466705322
10500,mla,123,4,3,0.08059509098529816,0.07178740203380585,1.4325449466705322
10500,mla,123,4,4,0.047790322452783585,0.06312375515699387,1.4325449466705322
10500,mla,123,4,5,0.07746266573667526,0.07489998638629913,1.4325449466705322
10500,mla,123,4,6,0.10004282742738724,0.08487964421510696,1.4325449466705322
10500,mla,123,4,7,0.048202820122241974,0.057742297649383545,1.4325449466705322
10500,mla,123,4,8,0.03502003848552704,0.039224810898303986,1.4325449466705322
10500,mla,123,4,9,0.04840860888361931,0.058732517063617706,1.4325449466705322
10500,mla,123,4,10,0.05688659846782684,0.0625196248292923,1.4325449466705322
10500,mla,123,4,11,0.04008280485868454,0.05517726391553879,1.4325449466705322
10500,mla,123,4,12,0.06756958365440369,0.06155337020754814,1.4325449466705322
10500,mla,123,4,13,0.03352925553917885,0.03507894650101662,1.4325449466705322
10500,mla,123,4,14,0.05124755948781967,0.0587826669216156,1.4325449466705322
10500,mla,123,4,15,0.09302887320518494,0.07807385921478271,1.4325449466705322
10500,mla,123,5,0,0.06542948633432388,0.07088536024093628,1.3816349506378174
10500,mla,123,5,1,0.03021596185863018,0.05059105530381203,1.3816349506378174
10500,mla,123,5,2,0.10761372745037079,0.10585789382457733,1.3816349506378174
10500,mla,123,5,3,0.08378712832927704,0.06951603293418884,1.3816349506378174
10500,mla,123,5,4,0.04455810412764549,0.05433453992009163,1.3816349506378174
10500,mla,123,5,5,0.05796773359179497,0.05719289183616638,1.3816349506378174
10500,mla,123,5,6,0.0517159029841423,0.06146520748734474,1.3816349506378174
10500,mla,123,5,7,0.055786844342947006,0.06628932803869247,1.3816349506378174
10500,mla,123,5,8,0.04751241207122803,0.0529029481112957,1.3816349506378174
10500,mla,123,5,9,0.06663909554481506,0.05896296724677086,1.3816349506378174
10500,mla,123,5,10,0.07223348319530487,0.06340757757425308,1.3816349506378174
10500,mla,123,5,11,0.0313975028693676,0.018480215221643448,1.3816349506378174
10500,mla,123,5,12,0.05467214062809944,0.05884898453950882,1.3816349506378174
10500,mla,123,5,13,0.04778126999735832,0.049298834055662155,1.3816349506378174
10500,mla,123,5,14,0.08996124565601349,0.07918612658977509,1.3816349506378174
10500,mla,123,5,15,0.09272796660661697,0.08278004825115204,1.3816349506378174
11000,mla,123,1,0,0.06021891161799431,0.06156207248568535,2.165703058242798
11000,mla,123,1,1,0.05640553683042526,0.054709434509277344,2.165703058242798
11000,mla,123,1,2,0.05940663814544678,0.06282392144203186,2.165703058242798
11000,mla,123,1,3,0.04962219297885895,0.059316083788871765,2.165703058242798
11000,mla,123,1,4,0.05727702006697655,0.06328867375850677,2.165703058242798
11000,mla,123,1,5,0.05198872834444046,0.057990722358226776,2.165703058242798
11000,mla,123,1,6,0.07214060425758362,0.06461457908153534,2.165703058242798
11000,mla,123,1,7,0.05775817856192589,0.05319291725754738,2.165703058242798
11000,mla,123,1,8,0.06101013347506523,0.0601310208439827,2.165703058242798
11000,mla,123,1,9,0.06990916281938553,0.06531547009944916,2.165703058242798
11000,mla,123,1,10,0.05970947444438934,0.061402805149555206,2.165703058242798
11000,mla,123,1,11,0.06547098606824875,0.06615335494279861,2.165703058242798
11000,mla,123,1,12,0.0915907770395279,0.08000641316175461,2.165703058242798
11000,mla,123,1,13,0.06325867027044296,0.060276877135038376,2.165703058242798
11000,mla,123,1,14,0.05929870530962944,0.060792434960603714,2.165703058242798
11000,mla,123,1,15,0.06493428349494934,0.06842336803674698,2.165703058242798
11000,mla,123,2,0,0.07154490053653717,0.05935511365532875,1.755121111869812
11000,mla,123,2,1,0.04564402252435684,0.06503670662641525,1.755121111869812
11000,mla,123,2,2,0.0632731094956398,0.052496325224637985,1.755121111869812
11000,mla,123,2,3,0.06644389033317566,0.07097841054201126,1.755121111869812
11000,mla,123,2,4,0.061221007257699966,0.07765351235866547,1.755121111869812
11000,mla,123,2,5,0.0638141855597496,0.054795749485492706,1.755121111869812
11000,mla,123,2,6,0.07988911867141724,0.06679870933294296,1.755121111869812
11000,mla,123,2,7,0.06544739007949829,0.06534623354673386,1.755121111869812
11000,mla,123,2,8,0.07030222564935684,0.07077742367982864,1.755121111869812
11000,mla,123,2,9,0.06004943698644638,0.0696352943778038,1.755121111869812
11000,mla,123,2,10,0.04719919711351395,0.0512760654091835,1.755121111869812
11000,mla,123,2,11,0.053762104362249374,0.05709318816661835,1.755121111869812
11000,mla,123,2,12,0.04475240036845207,0.0513933002948761,1.755121111869812
11000,mla,123,2,13,0.06614512205123901,0.060611799359321594,1.755121111869812
11000,mla,123,2,14,0.06540395319461823,0.05758288875222206,1.755121111869812
11000,mla,123,2,15,0.07510793209075928,0.06916918605566025,1.755121111869812
11000,mla,123,3,0,0.04506490007042885,0.05170609429478645,1.530428171157837
11000,mla,123,3,1,0.052848003804683685,0.049770765006542206,1.530428171157837
11000,mla,123,3,2,0.056137390434741974,0.06521423161029816,1.530428171157837
11000,mla,123,3,3,0.0766201764345169,0.07942323386669159,1.530428171157837
11000,mla,123,3,4,0.0496673583984375,0.04867452755570412,1.530428171157837
11000,mla,123,3,5,0.058335162699222565,0.05333191156387329,1.530428171157837
11000,mla,123,3,6,0.10632243007421494,0.0882151648402214,1.530428171157837
11000,mla,123,3,7,0.0501117967069149,0.05646020174026489,1.530428171157837
11000,mla,123,3,8,0.07068929076194763,0.07328798621892929,1.530428171157837
11000,mla,123,3,9,0.05312388017773628,0.04466529190540314,1.530428171157837
11000,mla,123,3,10,0.05747019499540329,0.05526423826813698,1.530428171157837
11000,mla,123,3,11,0.05110371857881546,0.06936660408973694,1.530428171157837
11000,mla,123,3,12,0.07978566735982895,0.07542494684457779,1.530428171157837
11000,mla,123,3,13,0.06108561158180237,0.06777079403400421,1.530428171157837
11000,mla,123,3,14,0.0634683221578598,0.06198223680257797,1.530428171157837
11000,mla,123,3,15,0.0681660994887352,0.05944177135825157,1.530428171157837
11000,mla,123,4,0,0.09227518737316132,0.08329490572214127,1.4300214052200317
11000,mla,123,4,1,0.08701691031455994,0.07139941304922104,1.4300214052200317
11000,mla,123,4,2,0.04010630398988724,0.041310831904411316,1.4300214052200317
11000,mla,123,4,3,0.08077606558799744,0.07247317582368851,1.4300214052200317
11000,mla,123,4,4,0.047262877225875854,0.06241703778505325,1.4300214052200317
11000,mla,123,4,5,0.07998128235340118,0.07616914808750153,1.4300214052200317
11000,mla,123,4,6,0.10077443718910217,0.08739981055259705,1.4300214052200317
11000,mla,123,4,7,0.04869191348552704,0.05884986370801926,1.4300214052200317
11000,mla,123,4,8,0.0345783494412899,0.03892546892166138,1.4300214052200317
11000,mla,123,4,9,0.0489388033747673,0.058708954602479935,1.4300214052200317
11000,mla,123,4,10,0.057320963591337204,0.06193464249372482,1.4300214052200317
11000,mla,123,4,11,0.03981323167681694,0.05524321272969246,1.4300214052200317
11000,mla,123,4,12,0.06509917974472046,0.059023018926382065,1.4300214052200317
11000,mla,123,4,13,0.03426747769117355,0.03671624884009361,1.4300214052200317
11000,mla,123,4,14,0.05074198544025421,0.05890422686934471,1.4300214052200317
11000,mla,123,4,15,0.09235504269599915,0.0772300511598587,1.4300214052200317
11000,mla,123,5,0,0.06436452269554138,0.07061072438955307,1.3792804479599
11000,mla,123,5,1,0.030311482027173042,0.050628986209630966,1.3792804479599
11000,mla,123,5,2,0.10998758673667908,0.10756100714206696,1.3792804479599
11000,mla,123,5,3,0.08625946193933487,0.07223804295063019,1.3792804479599
11000,mla,123,5,4,0.04367879405617714,0.05439533293247223,1.3792804479599
11000,mla,123,5,5,0.057426247745752335,0.05719642713665962,1.3792804479599
11000,mla,123,5,6,0.05096832290291786,0.060016803443431854,1.3792804479599
11000,mla,123,5,7,0.05615498870611191,0.06533510982990265,1.3792804479599
11000,mla,123,5,8,0.049790751188993454,0.05568176880478859,1.3792804479599
11000,mla,123,5,9,0.06644124537706375,0.05896022170782089,1.3792804479599
11000,mla,123,5,10,0.07053008675575256,0.06324512511491776,1.3792804479599
11000,mla,123,5,11,0.03241628035902977,0.018654298037290573,1.3792804479599
11000,mla,123,5,12,0.05341735854744911,0.057101212441921234,1.3792804479599
11000,mla,123,5,13,0.04741526395082474,0.04944323003292084,1.3792804479599
11000,mla,123,5,14,0.08973164856433868,0.078545942902565,1.3792804479599
11000,mla,123,5,15,0.09110596030950546,0.08038559556007385,1.3792804479599
11500,mla,123,1,0,0.052708130329847336,0.057835355401039124,2.162789821624756
11500,mla,123,1,1,0.05742340162396431,0.05498393252491951,2.162789821624756
11500,mla,123,1,2,0.057508647441864014,0.06319461762905121,2.162789821624756
11500,mla,123,1,3,0.04813436046242714,0.05968727916479111,2.162789821624756
11500,mla,123,1,4,0.05904591828584671,0.06408845633268356,2.162789821624756
11500,mla,123,1,5,0.060749612748622894,0.0620381236076355,2.162789821624756
11500,mla,123,1,6,0.07278177887201309,0.06486289203166962,2.162789821624756
11500,mla,123,1,7,0.06692098081111908,0.057140953838825226,2.162789821624756
11500,mla,123,1,8,0.06658589839935303,0.06351196020841599,2.162789821624756
11500,mla,123,1,9,0.0675068125128746,0.06265042722225189,2.162789821624756
11500,mla,123,1,10,0.05570536479353905,0.059087976813316345,2.162789821624756
11500,mla,123,1,11,0.057553406804800034,0.06326965242624283,2.162789821624756
11500,mla,123,1,12,0.09129577875137329,0.07941746711730957,2.162789821624756
11500,mla,123,1,13,0.06497233361005783,0.061524033546447754,2.162789821624756
11500,mla,123,1,14,0.057980142533779144,0.0597027912735939,2.162789821624756
11500,mla,123,1,15,0.06312744319438934,0.06700394302606583,2.162789821624756
11500,mla,123,2,0,0.06436462700366974,0.05598834902048111,1.7535927295684814
11500,mla,123,2,1,0.048476461321115494,0.06707338243722916,1.7535927295684814
11500,mla,123,2,2,0.0628446415066719,0.051308803260326385,1.7535927295684814
11500,mla,123,2,3,0.06711293756961823,0.07125020772218704,1.7535927295684814
11500,mla,123,2,4,0.05972401797771454,0.07586231082677841,1.7535927295684814
11500,mla,123,2,5,0.06297139823436737,0.05493864789605141,1.7535927295684814
11500,mla,123,2,6,0.07320740073919296,0.06332290172576904,1.7535927295684814
11500,mla,123,2,7,0.06716766208410263,0.06614447385072708,1.7535927295684814
11500,mla,123,2,8,0.0680389404296875,0.06880319863557816,1.7535927295684814
11500,mla,123,2,9,0.061721090227365494,0.07184267789125443,1.7535927295684814
11500,mla,123,2,10,0.048196613788604736,0.05230419337749481,1.7535927295684814
11500,mla,123,2,11,0.05413401126861572,0.05763864517211914,1.7535927295684814
11500,mla,123,2,12,0.050178732722997665,0.05573810636997223,1.7535927295684814
11500,mla,123,2,13,0.06891194730997086,0.06324747204780579,1.7535927295684814
11500,mla,123,2,14,0.07077036798000336,0.05875667557120323,1.7535927295684814
11500,mla,123,2,15,0.0721791610121727,0.06577993929386139,1.7535927295684814
11500,mla,123,3,0,0.04486460238695145,0.05193148925900459,1.5233405828475952
11500,mla,123,3,1,0.048548582941293716,0.04737728089094162,1.5233405828475952
11500,mla,123,3,2,0.05377766862511635,0.06357219815254211,1.5233405828475952
11500,mla,123,3,3,0.07890451699495316,0.08177309483289719,1.5233405828475952
11500,mla,123,3,4,0.05032490938901901,0.04752671346068382,1.5233405828475952
11500,mla,123,3,5,0.059388019144535065,0.054234955459833145,1.5233405828475952
11500,mla,123,3,6,0.10451222956180573,0.08668217062950134,1.5233405828475952
11500,mla,123,3,7,0.04671274870634079,0.05503099411725998,1.5233405828475952
11500,mla,123,3,8,0.07139038294553757,0.07352133095264435,1.5233405828475952
11500,mla,123,3,9,0.05314158275723457,0.043713346123695374,1.5233405828475952
11500,mla,123,3,10,0.057310689240694046,0.05557536333799362,1.5233405828475952
11500,mla,123,3,11,0.05460622161626816,0.07294188439846039,1.5233405828475952
11500,mla,123,3,12,0.07966471463441849,0.07525312900543213,1.5233405828475952
11500,mla,123,3,13,0.06259572505950928,0.06922677159309387,1.5233405828475952
11500,mla,123,3,14,0.0606822706758976,0.060226019471883774,1.5233405828475952
11500,mla,123,3,15,0.07357513159513474,0.06141316890716553,1.5233405828475952
11500,mla,123,4,0,0.09079742431640625,0.08151376992464066,1.4292831420898438
11500,mla,123,4,1,0.0870736688375473,0.07131154090166092,1.4292831420898438
11500,mla,123,4,2,0.03851135075092316,0.039329733699560165,1.4292831420898438
11500,mla,123,4,3,0.08140818029642105,0.07252340018749237,1.4292831420898438
11500,mla,123,4,4,0.04842071607708931,0.0635899156332016,1.4292831420898438
11500,mla,123,4,5,0.07920501381158829,0.07721435278654099,1.4292831420898438
11500,mla,123,4,6,0.10060740262269974,0.08431228995323181,1.4292831420898438
11500,mla,123,4,7,0.04798227921128273,0.05937965214252472,1.4292831420898438
11500,mla,123,4,8,0.0365670770406723,0.03984889015555382,1.4292831420898438
11500,mla,123,4,9,0.04713785648345947,0.05717109143733978,1.4292831420898438
11500,mla,123,4,10,0.057213034480810165,0.06253590434789658,1.4292831420898438
11500,mla,123,4,11,0.04047027602791786,0.056102193892002106,1.4292831420898438
11500,mla,123,4,12,0.06528696417808533,0.05995660275220871,1.4292831420898438
11500,mla,123,4,13,0.03324422240257263,0.03524293005466461,1.4292831420898438
11500,mla,123,4,14,0.05264729633927345,0.060941968113183975,1.4292831420898438
11500,mla,123,4,15,0.09342722594738007,0.07902589440345764,1.4292831420898438
11500,mla,123,5,0,0.06471608579158783,0.07069061696529388,1.3803149461746216
11500,mla,123,5,1,0.029916686937212944,0.04956457391381264,1.3803149461746216
11500,mla,123,5,2,0.10785329341888428,0.1050521731376648,1.3803149461746216
11500,mla,123,5,3,0.08409688621759415,0.07042334228754044,1.3803149461746216
11500,mla,123,5,4,0.04377899318933487,0.0544581413269043,1.3803149461746216
11500,mla,123,5,5,0.053045857697725296,0.05376504361629486,1.3803149461746216
11500,mla,123,5,6,0.04970855638384819,0.05804303660988808,1.3803149461746216
11500,mla,123,5,7,0.057447612285614014,0.0674966499209404,1.3803149461746216
11500,mla,123,5,8,0.052684225142002106,0.05786716938018799,1.3803149461746216
11500,mla,123,5,9,0.06919911503791809,0.06066959351301193,1.3803149461746216
11500,mla,123,5,10,0.07197865843772888,0.06476615369319916,1.3803149461746216
11500,mla,123,5,11,0.032710470259189606,0.019711146131157875,1.3803149461746216
11500,mla,123,5,12,0.05433766543865204,0.05842657759785652,1.3803149461746216
11500,mla,123,5,13,0.04746897518634796,0.04880348965525627,1.3803149461746216
11500,mla,123,5,14,0.08960367739200592,0.07846381515264511,1.3803149461746216
11500,mla,123,5,15,0.09145324677228928,0.08179841190576553,1.3803149461746216
12000,mla,123,1,0,0.05931488052010536,0.06091975420713425,2.1522116661071777
12000,mla,123,1,1,0.061132609844207764,0.05671637877821922,2.1522116661071777
12000,mla,123,1,2,0.05694681778550148,0.06235267594456673,2.1522116661071777
12000,mla,123,1,3,0.049569904804229736,0.06111975386738777,2.1522116661071777
12000,mla,123,1,4,0.06002909317612648,0.06500155478715897,2.1522116661071777
12000,mla,123,1,5,0.061135049909353256,0.06180700287222862,2.1522116661071777
12000,mla,123,1,6,0.06555908173322678,0.060389962047338486,2.1522116661071777
12000,mla,123,1,7,0.06397125124931335,0.05587451905012131,2.1522116661071777
12000,mla,123,1,8,0.06439930945634842,0.06221652403473854,2.1522116661071777
12000,mla,123,1,9,0.0664730817079544,0.0627654641866684,2.1522116661071777
12000,mla,123,1,10,0.056243184953927994,0.058814819902181625,2.1522116661071777
12000,mla,123,1,11,0.06315958499908447,0.06540776789188385,2.1522116661071777
12000,mla,123,1,12,0.09157735109329224,0.0798567682504654,2.1522116661071777
12000,mla,123,1,13,0.05679687485098839,0.05959254130721092,2.1522116661071777
12000,mla,123,1,14,0.05971059203147888,0.06059481203556061,2.1522116661071777
12000,mla,123,1,15,0.0639813244342804,0.06656968593597412,2.1522116661071777
12000,mla,123,2,0,0.06518218666315079,0.05627325549721718,1.740004062652588
12000,mla,123,2,1,0.0453764833509922,0.06363194435834885,1.740004062652588
12000,mla,123,2,2,0.06013478711247444,0.04977375641465187,1.740004062652588
12000,mla,123,2,3,0.06472961604595184,0.06909745931625366,1.740004062652588
12000,mla,123,2,4,0.05846313387155533,0.07419624924659729,1.740004062652588
12000,mla,123,2,5,0.06424000859260559,0.055922407656908035,1.740004062652588
12000,mla,123,2,6,0.07597768306732178,0.06455998867750168,1.740004062652588
12000,mla,123,2,7,0.06586293876171112,0.06514972448348999,1.740004062652588
12000,mla,123,2,8,0.0696944147348404,0.07047150284051895,1.740004062652588
12000,mla,123,2,9,0.06305664032697678,0.07261919975280762,1.740004062652588
12000,mla,123,2,10,0.045781251043081284,0.0505564920604229,1.740004062652588
12000,mla,123,2,11,0.05492238327860832,0.058638133108615875,1.740004062652588
12000,mla,123,2,12,0.04720448702573776,0.05353979766368866,1.740004062652588
12000,mla,123,2,13,0.06935475766658783,0.06377339363098145,1.740004062652588
12000,mla,123,2,14,0.0751870721578598,0.062239501625299454,1.740004062652588
12000,mla,123,2,15,0.07483215630054474,0.06955727189779282,1.740004062652588
12000,mla,123,3,0,0.04493469372391701,0.05175164341926575,1.5167115926742554
12000,mla,123,3,1,0.048430584371089935,0.04746377468109131,1.5167115926742554
12000,mla,123,3,2,0.05261790007352829,0.06287632882595062,1.5167115926742554
12000,mla,123,3,3,0.0786736011505127,0.08191665261983871,1.5167115926742554
12000,mla,123,3,4,0.04946533218026161,0.04732197895646095,1.5167115926742554
12000,mla,123,3,5,0.057292379438877106,0.052614353597164154,1.5167115926742554
12000,mla,123,3,6,0.10646341741085052,0.08821453899145126,1.5167115926742554
12000,mla,123,3,7,0.04327891021966934,0.05251877382397652,1.5167115926742554
12000,mla,123,3,8,0.06936157494783401,0.07178223133087158,1.5167115926742554
12000,mla,123,3,9,0.05207916349172592,0.043309010565280914,1.5167115926742554
12000,mla,123,3,10,0.06087290495634079,0.05804646760225296,1.5167115926742554
12000,mla,123,3,11,0.052887674421072006,0.07173335552215576,1.5167115926742554
12000,mla,123,3,12,0.08138051629066467,0.07690418511629105,1.5167115926742554
12000,mla,123,3,13,0.060998737812042236,0.06744600832462311,1.5167115926742554
12000,mla,123,3,14,0.06795746088027954,0.06490298360586166,1.5167115926742554
12000,mla,123,3,15,0.0733051523566246,0.06119773909449577,1.5167115926742554
12000,mla,123,4,0,0.09373585879802704,0.084441639482975,1.4244791269302368
12000,mla,123,4,1,0.08689574897289276,0.07129289209842682,1.4244791269302368
12000,mla,123,4,2,0.03980346769094467,0.04106615111231804,1.4244791269302368
12000,mla,123,4,3,0.08103840798139572,0.07303906977176666,1.4244791269302368
12000,mla,123,4,4,0.04597076401114464,0.06136956065893173,1.4244791269302368
12000,mla,123,4,5,0.07871805876493454,0.07621095329523087,1.4244791269302368
12000,mla,123,4,6,0.10122792422771454,0.0851600244641304,1.4244791269302368
12000,mla,123,4,7,0.04795216768980026,0.058303698897361755,1.4244791269302368
12000,mla,123,4,8,0.034635111689567566,0.03892625868320465,1.4244791269302368
12000,mla,123,4,9,0.048515625298023224,0.058560073375701904,1.4244791269302368
12000,mla,123,4,10,0.057874858379364014,0.06286562979221344,1.4244791269302368
12000,mla,123,4,11,0.03989573195576668,0.05489582195878029,1.4244791269302368
12000,mla,123,4,12,0.06582997739315033,0.06047152355313301,1.4244791269302368
12000,mla,123,4,13,0.03318725526332855,0.035261694341897964,1.4244791269302368
12000,mla,123,4,14,0.05078877881169319,0.05866559222340584,1.4244791269302368
12000,mla,123,4,15,0.09393025934696198,0.07946953922510147,1.4244791269302368
12000,mla,123,5,0,0.06430857628583908,0.0709308534860611,1.3706791400909424
12000,mla,123,5,1,0.030032552778720856,0.05004455894231796,1.3706791400909424
12000,mla,123,5,2,0.10866323113441467,0.10542299598455429,1.3706791400909424
12000,mla,123,5,3,0.08452636748552322,0.07117282599210739,1.3706791400909424
12000,mla,123,5,4,0.044432371854782104,0.055031705647706985,1.3706791400909424
12000,mla,123,5,5,0.056555379182100296,0.05661329999566078,1.3706791400909424
12000,mla,123,5,6,0.049865417182445526,0.0586983822286129,1.3706791400909424
12000,mla,123,5,7,0.05705108493566513,0.0667627826333046,1.3706791400909424
12000,mla,123,5,8,0.05146168917417526,0.05709763243794441,1.3706791400909424
12000,mla,123,5,9,0.06602498143911362,0.058173999190330505,1.3706791400909424
12000,mla,123,5,10,0.07236775755882263,0.065708227455616,1.3706791400909424
12000,mla,123,5,11,0.03133636340498924,0.017742540687322617,1.3706791400909424
12000,mla,123,5,12,0.05424133315682411,0.05877774581313133,1.3706791400909424
12000,mla,123,5,13,0.04627705737948418,0.04769530147314072,1.3706791400909424
12000,mla,123,5,14,0.09097778052091599,0.07806964218616486,1.3706791400909424
12000,mla,123,5,15,0.09187804907560349,0.08205737918615341,1.3706791400909424
12500,mla,123,1,0,0.052967529743909836,0.058854103088378906,2.146677017211914
12500,mla,123,1,1,0.06800252199172974,0.06016375869512558,2.146677017211914
12500,mla,123,1,2,0.059853311628103256,0.06307495385408401,2.146677017211914
12500,mla,123,1,3,0.04781758785247803,0.059475865215063095,2.146677017211914
12500,mla,123,1,4,0.06258442997932434,0.06629399955272675,2.146677017211914
12500,mla,123,1,5,0.05525654926896095,0.05937061831355095,2.146677017211914
12500,mla,123,1,6,0.06997914612293243,0.06264790147542953,2.146677017211914
12500,mla,123,1,7,0.06903056055307388,0.05904785916209221,2.146677017211914
12500,mla,123,1,8,0.059558309614658356,0.06010332703590393,2.146677017211914
12500,mla,123,1,9,0.06268442422151566,0.060622502118349075,2.146677017211914
12500,mla,123,1,10,0.05705474689602852,0.05966774746775627,2.146677017211914
12500,mla,123,1,11,0.05839985981583595,0.06339596956968307,2.146677017211914
12500,mla,123,1,12,0.09048350155353546,0.07948779314756393,2.146677017211914
12500,mla,123,1,13,0.05960367992520332,0.05958900973200798,2.146677017211914
12500,mla,123,1,14,0.06327290832996368,0.06162472441792488,2.146677017211914
12500,mla,123,1,15,0.06345092505216599,0.06657994538545609,2.146677017211914
12500,mla,123,2,0,0.06781056523323059,0.05789613723754883,1.7425789833068848
12500,mla,123,2,1,0.05076690763235092,0.06797167658805847,1.7425789833068848
12500,mla,123,2,2,0.06539326906204224,0.0533440075814724,1.7425789833068848
12500,mla,123,2,3,0.06638264656066895,0.0701577290892601,1.7425789833068848
12500,mla,123,2,4,0.06265085935592651,0.07755127549171448,1.7425789833068848
12500,mla,123,2,5,0.06456990540027618,0.055435776710510254,1.7425789833068848
12500,mla,123,2,6,0.07337534427642822,0.06376703828573227,1.7425789833068848
12500,mla,123,2,7,0.06430196017026901,0.0638015940785408,1.7425789833068848
12500,mla,123,2,8,0.06999664008617401,0.0705738291144371,1.7425789833068848
12500,mla,123,2,9,0.059492796659469604,0.06957092136144638,1.7425789833068848
12500,mla,123,2,10,0.04538818448781967,0.05057056248188019,1.7425789833068848
12500,mla,123,2,11,0.05274861678481102,0.05685208737850189,1.7425789833068848
12500,mla,123,2,12,0.04228576645255089,0.05065465718507767,1.7425789833068848
12500,mla,123,2,13,0.06806996464729309,0.06225276365876198,1.7425789833068848
12500,mla,123,2,14,0.07200907170772552,0.06055052950978279,1.7425789833068848
12500,mla,123,2,15,0.07475748658180237,0.06904936581850052,1.7425789833068848
12500,mla,123,3,0,0.04405029118061066,0.0510723814368248,1.5214840173721313
12500,mla,123,3,1,0.05349080264568329,0.05055512115359306,1.5214840173721313
12500,mla,123,3,2,0.055334676057100296,0.06469814479351044,1.5214840173721313
12500,mla,123,3,3,0.07866302132606506,0.08129878342151642,1.5214840173721313
12500,mla,123,3,4,0.04842885211110115,0.0464617945253849,1.5214840173721313
12500,mla,123,3,5,0.058581747114658356,0.05400142818689346,1.5214840173721313
12500,mla,123,3,6,0.10661112517118454,0.08829643577337265,1.5214840173721313
12500,mla,123,3,7,0.04618794843554497,0.05482260882854462,1.5214840173721313
12500,mla,123,3,8,0.0694197565317154,0.07214556634426117,1.5214840173721313
12500,mla,123,3,9,0.05258890613913536,0.04375138878822327,1.5214840173721313
12500,mla,123,3,10,0.05556274577975273,0.05436961352825165,1.5214840173721313
12500,mla,123,3,11,0.054282937198877335,0.07232577353715897,1.5214840173721313
12500,mla,123,3,12,0.08149271458387375,0.07602078467607498,1.5214840173721313
12500,mla,123,3,13,0.06174580752849579,0.06847906857728958,1.5214840173721313
12500,mla,123,3,14,0.06624887883663177,0.06387694925069809,1.5214840173721313
12500,mla,123,3,15,0.06730977445840836,0.05782417207956314,1.5214840173721313
12500,mla,123,4,0,0.09261617064476013,0.08383534848690033,1.4333934783935547
12500,mla,123,4,1,0.08670593053102493,0.07030492275953293,1.4333934783935547
12500,mla,123,4,2,0.03815450146794319,0.039473842829465866,1.4333934783935547
12500,mla,123,4,3,0.07787425071001053,0.07035260647535324,1.4333934783935547
12500,mla,123,4,4,0.04693542420864105,0.06237189099192619,1.4333934783935547
12500,mla,123,4,5,0.07806335389614105,0.07465443015098572,1.4333934783935547
12500,mla,123,4,6,0.10099527984857559,0.08565067499876022,1.4333934783935547
12500,mla,123,4,7,0.04811258986592293,0.05837661027908325,1.4333934783935547
12500,mla,123,4,8,0.03999186307191849,0.04326273128390312,1.4333934783935547
12500,mla,123,4,9,0.048146769404411316,0.05845053493976593,1.4333934783935547
12500,mla,123,4,10,0.05837198719382286,0.06468681991100311,1.4333934783935547
12500,mla,123,4,11,0.039725445210933685,0.05467064678668976,1.4333934783935547
12500,mla,123,4,12,0.06564860045909882,0.05987880006432533,1.4333934783935547
12500,mla,123,4,13,0.032456666231155396,0.034295618534088135,1.4333934783935547
12500,mla,123,4,14,0.05213429778814316,0.059955693781375885,1.4333934783935547
12500,mla,123,4,15,0.09406687319278717,0.07977881282567978,1.4333934783935547
12500,mla,123,5,0,0.062369588762521744,0.06893988698720932,1.378050446510315
12500,mla,123,5,1,0.029937438666820526,0.04956979677081108,1.378050446510315
12500,mla,123,5,2,0.10910248011350632,0.10668648034334183,1.378050446510315
12500,mla,123,5,3,0.08519744873046875,0.07119154185056686,1.378050446510315
12500,mla,123,5,4,0.044166259467601776,0.05472235381603241,1.378050446510315
12500,mla,123,5,5,0.05557149276137352,0.05563575029373169,1.378050446510315
12500,mla,123,5,6,0.04837493970990181,0.05738687515258789,1.378050446510315
12500,mla,123,5,7,0.05686177685856819,0.06647753715515137,1.378050446510315
12500,mla,123,5,8,0.049702148884534836,0.05549521744251251,1.378050446510315
12500,mla,123,5,9,0.06999674439430237,0.06213424727320671,1.378050446510315
12500,mla,123,5,10,0.07139231264591217,0.0636221170425415,1.378050446510315
12500,mla,123,5,11,0.03256072849035263,0.0189785435795784,1.378050446510315
12500,mla,123,5,12,0.05445912852883339,0.0590808242559433,1.378050446510315
12500,mla,123,5,13,0.04675028473138809,0.04866306111216545,1.378050446510315
12500,mla,123,5,14,0.09080352634191513,0.07875538617372513,1.378050446510315
12500,mla,123,5,15,0.09275370091199875,0.08266030997037888,1.378050446510315
13000,mla,123,1,0,0.045109353959560394,0.055048149079084396,2.142807722091675
13000,mla,123,1,1,0.06401540338993073,0.058236535638570786,2.142807722091675
13000,mla,123,1,2,0.05429596081376076,0.06069601699709892,2.142807722091675
13000,mla,123,1,3,0.05239858105778694,0.061497095972299576,2.142807722091675
13000,mla,123,1,4,0.060631103813648224,0.06448876857757568,2.142807722091675
13000,mla,123,1,5,0.05982625484466553,0.061476219445466995,2.142807722091675
13000,mla,123,1,6,0.07566232979297638,0.06656698882579803,2.142807722091675
13000,mla,123,1,7,0.06527445465326309,0.056836389005184174,2.142807722091675
13000,mla,123,1,8,0.06516937166452408,0.06252910196781158,2.142807722091675
13000,mla,123,1,9,0.059882812201976776,0.05864313244819641,2.142807722091675
13000,mla,123,1,10,0.0572223924100399,0.060298506170511246,2.142807722091675
13000,mla,123,1,11,0.054915569722652435,0.06161527708172798,2.142807722091675
13000,mla,123,1,12,0.09028676152229309,0.07874611765146255,2.142807722091675
13000,mla,123,1,13,0.05970387905836105,0.06040370464324951,2.142807722091675
13000,mla,123,1,14,0.07097310572862625,0.06451547145843506,2.142807722091675
13000,mla,123,1,15,0.06463266909122467,0.06840246170759201,2.142807722091675
13000,mla,123,2,0,0.06994364410638809,0.05853387713432312,1.7369376420974731
13000,mla,123,2,1,0.045507609844207764,0.06410600990056992,1.7369376420974731
13000,mla,123,2,2,0.06649983674287796,0.053751543164253235,1.7369376420974731
13000,mla,123,2,3,0.0651557445526123,0.06947261840105057,1.7369376420974731
13000,mla,123,2,4,0.05769399181008339,0.07546307146549225,1.7369376420974731
13000,mla,123,2,5,0.06619018316268921,0.05702945217490196,1.7369376420974731
13000,mla,123,2,6,0.07444854825735092,0.06357990205287933,1.7369376420974731
13000,mla,123,2,7,0.06793385744094849,0.06682662665843964,1.7369376420974731
13000,mla,123,2,8,0.07158569246530533,0.07223907113075256,1.7369376420974731
13000,mla,123,2,9,0.06483083218336105,0.07388710230588913,1.7369376420974731
13000,mla,123,2,10,0.04361582547426224,0.04908069968223572,1.7369376420974731
13000,mla,123,2,11,0.053489990532398224,0.05700019747018814,1.7369376420974731
13000,mla,123,2,12,0.04381042346358299,0.05174833908677101,1.7369376420974731
13000,mla,123,2,13,0.06797454506158829,0.06200212612748146,1.7369376420974731
13000,mla,123,2,14,0.06846527010202408,0.058357786387205124,1.7369376420974731
13000,mla,123,2,15,0.07285400480031967,0.06692153960466385,1.7369376420974731
13000,mla,123,3,0,0.044087525457143784,0.05116569995880127,1.520371913909912
13000,mla,123,3,1,0.05248209461569786,0.04972296580672264,1.520371913909912
13000,mla,123,3,2,0.05301167815923691,0.06302916258573532,1.520371913909912
13000,mla,123,3,3,0.07832397520542145,0.08139927685260773,1.520371913909912
13000,mla,123,3,4,0.049012959003448486,0.046884823590517044,1.520371913909912
13000,mla,123,3,5,0.058193664997816086,0.05355525389313698,1.520371913909912
13000,mla,123,3,6,0.10671844333410263,0.08777404576539993,1.520371913909912
13000,mla,123,3,7,0.04438120499253273,0.05338909849524498,1.520371913909912
13000,mla,123,3,8,0.0696251392364502,0.0732746422290802,1.520371913909912
13000,mla,123,3,9,0.05334767699241638,0.04317173734307289,1.520371913909912
13000,mla,123,3,10,0.05750834196805954,0.05499381944537163,1.520371913909912
13000,mla,123,3,11,0.054802145808935165,0.0734700933098793,1.520371913909912
13000,mla,123,3,12,0.08105092495679855,0.07569196820259094,1.520371913909912
13000,mla,123,3,13,0.06258188933134079,0.06911788135766983,1.520371913909912
13000,mla,123,3,14,0.06362152099609375,0.06278540194034576,1.520371913909912
13000,mla,123,3,15,0.0712508112192154,0.0605742447078228,1.520371913909912
13000,mla,123,4,0,0.09310363978147507,0.08472365885972977,1.4351695775985718
13000,mla,123,4,1,0.08729410916566849,0.07080727815628052,1.4351695775985718
13000,mla,123,4,2,0.03844858705997467,0.03985030949115753,1.4351695775985718
13000,mla,123,4,3,0.07894744724035263,0.07133647054433823,1.4351695775985718
13000,mla,123,4,4,0.04611155018210411,0.06196710094809532,1.4351695775985718
13000,mla,123,4,5,0.07912394404411316,0.07699117064476013,1.4351695775985718
13000,mla,123,4,6,0.09955871850252151,0.08361432701349258,1.4351695775985718
13000,mla,123,4,7,0.04867411404848099,0.059564895927906036,1.4351695775985718
13000,mla,123,4,8,0.03746144473552704,0.04160900041460991,1.4351695775985718
13000,mla,123,4,9,0.048708394169807434,0.05876130238175392,1.4351695775985718
13000,mla,123,4,10,0.057518210262060165,0.06286368519067764,1.4351695775985718
13000,mla,123,4,11,0.03955068066716194,0.05376613140106201,1.4351695775985718
13000,mla,123,4,12,0.06698638945817947,0.061339281499385834,1.4351695775985718
13000,mla,123,4,13,0.03275482356548309,0.03465310111641884,1.4351695775985718
13000,mla,123,4,14,0.052201129496097565,0.059487875550985336,1.4351695775985718
13000,mla,123,4,15,0.09355682134628296,0.07866434752941132,1.4351695775985718
13000,mla,123,5,0,0.06430735439062119,0.07098793238401413,1.372711420059204
13000,mla,123,5,1,0.030148925259709358,0.050658877938985825,1.372711420059204
13000,mla,123,5,2,0.10943105071783066,0.1058499738574028,1.372711420059204
13000,mla,123,5,3,0.08589192479848862,0.07258328795433044,1.372711420059204
13000,mla,123,5,4,0.043337300419807434,0.05407709255814552,1.372711420059204
13000,mla,123,5,5,0.05843251571059227,0.05837938189506531,1.372711420059204
13000,mla,123,5,6,0.047986552119255066,0.056538403034210205,1.372711420059204
13000,mla,123,5,7,0.056317850947380066,0.06550861895084381,1.372711420059204
13000,mla,123,5,8,0.05089965835213661,0.05639752000570297,1.372711420059204
13000,mla,123,5,9,0.06508015841245651,0.05828221142292023,1.372711420059204
13000,mla,123,5,10,0.07115712761878967,0.06290017068386078,1.372711420059204
13000,mla,123,5,11,0.032599080353975296,0.018695197999477386,1.372711420059204
13000,mla,123,5,12,0.05321156978607178,0.05789892375469208,1.372711420059204
13000,mla,123,5,13,0.04700632765889168,0.04818529635667801,1.372711420059204
13000,mla,123,5,14,0.09105509519577026,0.08020489662885666,1.372711420059204
13000,mla,123,5,15,0.09313751012086868,0.08285212516784668,1.372711420059204
13500,mla,123,1,0,0.04899739474058151,0.05709293857216835,2.132782220840454
13500,mla,123,1,1,0.06508738547563553,0.05893292278051376,2.132782220840454
13500,mla,123,1,2,0.057821452617645264,0.06188325956463814,2.132782220840454
13500,mla,123,1,3,0.05396362394094467,0.06154373288154602,2.132782220840454
13500,mla,123,1,4,0.0618814080953598,0.06560562551021576,2.132782220840454
13500,mla,123,1,5,0.059608254581689835,0.06219504773616791,2.132782220840454
13500,mla,123,1,6,0.0712369754910469,0.06354629993438721,2.132782220840454
13500,mla,123,1,7,0.06676290184259415,0.05783211439847946,2.132782220840454
13500,mla,123,1,8,0.059020791202783585,0.05879698321223259,2.132782220840454
13500,mla,123,1,9,0.06024118885397911,0.05851463973522186,2.132782220840454
13500,mla,123,1,10,0.05761311948299408,0.0599161796271801,2.132782220840454
13500,mla,123,1,11,0.05906372144818306,0.06382165104150772,2.132782220840454
13500,mla,123,1,12,0.09087260067462921,0.08071627467870712,2.132782220840454
13500,mla,123,1,13,0.06070658192038536,0.06048833206295967,2.132782220840454
13500,mla,123,1,14,0.06321970373392105,0.06192499026656151,2.132782220840454
13500,mla,123,1,15,0.06390289217233658,0.06718911975622177,2.132782220840454
13500,mla,123,2,0,0.06505757570266724,0.05684662610292435,1.7320576906204224
13500,mla,123,2,1,0.04591430723667145,0.0654110461473465,1.7320576906204224
13500,mla,123,2,2,0.06625091284513474,0.053033292293548584,1.7320576906204224
13500,mla,123,2,3,0.06524383276700974,0.06964833289384842,1.7320576906204224
13500,mla,123,2,4,0.06211863085627556,0.07781291007995605,1.7320576906204224
13500,mla,123,2,5,0.06411437690258026,0.055347129702568054,1.7320576906204224
13500,mla,123,2,6,0.07488484680652618,0.064326710999012,1.7320576906204224
13500,mla,123,2,7,0.06687743961811066,0.06674288213253021,1.7320576906204224
13500,mla,123,2,8,0.06914886832237244,0.07015733420848846,1.7320576906204224
13500,mla,123,2,9,0.06079711765050888,0.07041501253843307,1.7320576906204224
13500,mla,123,2,10,0.04642893373966217,0.05069345608353615,1.7320576906204224
13500,mla,123,2,11,0.05340108275413513,0.05723007768392563,1.7320576906204224
13500,mla,123,2,12,0.04417622834444046,0.051602426916360855,1.7320576906204224
13500,mla,123,2,13,0.0693155899643898,0.06293846666812897,1.7320576906204224
13500,mla,123,2,14,0.07352294772863388,0.06170886382460594,1.7320576906204224
13500,mla,123,2,15,0.07274729758501053,0.06608560681343079,1.7320576906204224
13500,mla,123,3,0,0.04400644823908806,0.05101338401436806,1.5192359685897827
13500,mla,123,3,1,0.051111653447151184,0.0493042953312397,1.5192359685897827
13500,mla,123,3,2,0.05396270751953125,0.06419739127159119,1.5192359685897827
13500,mla,123,3,3,0.07867858558893204,0.08085894584655762,1.5192359685897827
13500,mla,123,3,4,0.04895385727286339,0.04695470631122589,1.5192359685897827
13500,mla,123,3,5,0.0597909539937973,0.05558810383081436,1.5192359685897827
13500,mla,123,3,6,0.1070442721247673,0.08852148801088333,1.5192359685897827
13500,mla,123,3,7,0.04549570754170418,0.05318624898791313,1.5192359685897827
13500,mla,123,3,8,0.06905832886695862,0.07255927473306656,1.5192359685897827
13500,mla,123,3,9,0.052782390266656876,0.04341772571206093,1.5192359685897827
13500,mla,123,3,10,0.05865773558616638,0.056719448417425156,1.5192359685897827
13500,mla,123,3,11,0.05427693575620651,0.0729529932141304,1.5192359685897827
13500,mla,123,3,12,0.08040598779916763,0.07517634332180023,1.5192359685897827
13500,mla,123,3,13,0.06306406855583191,0.06940337270498276,1.5192359685897827
13500,mla,123,3,14,0.06429657340049744,0.06176797300577164,1.5192359685897827
13500,mla,123,3,15,0.06841380149126053,0.05837821960449219,1.5192359685897827
13500,mla,123,4,0,0.09278585016727448,0.08380868285894394,1.4364874362945557
13500,mla,123,4,1,0.08704803138971329,0.07103738933801651,1.4364874362945557
13500,mla,123,4,2,0.03845163807272911,0.03972439095377922,1.4364874362945557
13500,mla,123,4,3,0.07828664034605026,0.07045148313045502,1.4364874362945557
13500,mla,123,4,4,0.04599975422024727,0.06189558655023575,1.4364874362945557
13500,mla,123,4,5,0.07720204442739487,0.07410896569490433,1.4364874362945557
13500,mla,123,4,6,0.10066965967416763,0.08447922021150589,1.4364874362945557
13500,mla,123,4,7,0.047949422150850296,0.05835077166557312,1.4364874362945557
13500,mla,123,4,8,0.03694966807961464,0.040791455656290054,1.4364874362945557
13500,mla,123,4,9,0.048639729619026184,0.05902532488107681,1.4364874362945557
13500,mla,123,4,10,0.05878499522805214,0.06489699333906174,1.4364874362945557
13500,mla,123,4,11,0.0403665155172348,0.054822888225317,1.4364874362945557
13500,mla,123,4,12,0.06684824824333191,0.06126978620886803,1.4364874362945557
13500,mla,123,4,13,0.033342693001031876,0.035182878375053406,1.4364874362945557
13500,mla,123,4,14,0.051595356315374374,0.05935075134038925,1.4364874362945557
13500,mla,123,4,15,0.09507974982261658,0.08080346137285233,1.4364874362945557
13500,mla,123,5,0,0.06232299655675888,0.06936808675527573,1.3671201467514038
13500,mla,123,5,1,0.030153503641486168,0.05020659789443016,1.3671201467514038
13500,mla,123,5,2,0.10863342136144638,0.10489452630281448,1.3671201467514038
13500,mla,123,5,3,0.08618052303791046,0.07293903827667236,1.3671201467514038
13500,mla,123,5,4,0.0420665480196476,0.052757807075977325,1.3671201467514038
13500,mla,123,5,5,0.05758422985672951,0.0570780374109745,1.3671201467514038
13500,mla,123,5,6,0.04895569011569023,0.05780494585633278,1.3671201467514038
13500,mla,123,5,7,0.05716288089752197,0.06642651557922363,1.3671201467514038
13500,mla,123,5,8,0.0501059964299202,0.055904027074575424,1.3671201467514038
13500,mla,123,5,9,0.06584615260362625,0.0587942898273468,1.3671201467514038
13500,mla,123,5,10,0.07120249420404434,0.06370331346988678,1.3671201467514038
13500,mla,123,5,11,0.034258220344781876,0.019818108528852463,1.3671201467514038
13500,mla,123,5,12,0.054364826530218124,0.05900055542588234,1.3671201467514038
13500,mla,123,5,13,0.04662628099322319,0.047643572092056274,1.3671201467514038
13500,mla,123,5,14,0.09106628596782684,0.07968249917030334,1.3671201467514038
13500,mla,123,5,15,0.09346994757652283,0.08397812396287918,1.3671201467514038
14000,mla,123,1,0,0.05420216917991638,0.05858854204416275,2.1277689933776855
14000,mla,123,1,1,0.06740722805261612,0.05967423692345619,2.1277689933776855
14000,mla,123,1,2,0.05663584545254707,0.062201231718063354,2.1277689933776855
14000,mla,123,1,3,0.04939127713441849,0.059842441231012344,2.1277689933776855
14000,mla,123,1,4,0.061277057975530624,0.06551265716552734,2.1277689933776855
14000,mla,123,1,5,0.0574626661837101,0.06087462231516838,2.1277689933776855
14000,mla,123,1,6,0.07345377653837204,0.0650128498673439,2.1277689933776855
14000,mla,123,1,7,0.061326395720243454,0.05467390641570091,2.1277689933776855
14000,mla,123,1,8,0.06394002586603165,0.061673566699028015,2.1277689933776855
14000,mla,123,1,9,0.0653546154499054,0.06184553727507591,2.1277689933776855
14000,mla,123,1,10,0.05714792758226395,0.060110773891210556,2.1277689933776855
14000,mla,123,1,11,0.05434224382042885,0.0614655427634716,2.1277689933776855
14000,mla,123,1,12,0.09048593789339066,0.07955387234687805,2.1277689933776855
14000,mla,123,1,13,0.05594787746667862,0.05852783843874931,2.1277689933776855
14000,mla,123,1,14,0.06803131103515625,0.06315285712480545,2.1277689933776855
14000,mla,123,1,15,0.06359364837408066,0.06728959083557129,2.1277689933776855
14000,mla,123,2,0,0.06396036595106125,0.05631373077630997,1.7280420064926147
14000,mla,123,2,1,0.048640135675668716,0.06708301603794098,1.7280420064926147
14000,mla,123,2,2,0.06600117683410645,0.05364571884274483,1.7280420064926147
14000,mla,123,2,3,0.0632031261920929,0.06743365526199341,1.7280420064926147
14000,mla,123,2,4,0.05916208773851395,0.07537319511175156,1.7280420064926147
14000,mla,123,2,5,0.06454356014728546,0.055805936455726624,1.7280420064926147
14000,mla,123,2,6,0.07473144680261612,0.0651732087135315,1.7280420064926147
14000,mla,123,2,7,0.06651662290096283,0.06575232744216919,1.7280420064926147
14000,mla,123,2,8,0.06987559050321579,0.07029340416193008,1.7280420064926147
14000,mla,123,2,9,0.06382150948047638,0.07293757796287537,1.7280420064926147
14000,mla,123,2,10,0.04660339280962944,0.05070750415325165,1.7280420064926147
14000,mla,123,2,11,0.054177552461624146,0.057640932500362396,1.7280420064926147
14000,mla,123,2,12,0.05015319958329201,0.05536862090229988,1.7280420064926147
14000,mla,123,2,13,0.0669155865907669,0.06088985502719879,1.7280420064926147
14000,mla,123,2,14,0.06904652714729309,0.058557700365781784,1.7280420064926147
14000,mla,123,2,15,0.07264811545610428,0.06702370941638947,1.7280420064926147
14000,mla,123,3,0,0.04405965283513069,0.05092867091298103,1.5139989852905273
14000,mla,123,3,1,0.05356648936867714,0.05103680118918419,1.5139989852905273
14000,mla,123,3,2,0.0525321438908577,0.06284604221582413,1.5139989852905273
14000,mla,123,3,3,0.0776277706027031,0.08002084493637085,1.5139989852905273
14000,mla,123,3,4,0.04918304458260536,0.047676119953393936,1.5139989852905273
14000,mla,123,3,5,0.05728362873196602,0.05343790724873543,1.5139989852905273
14000,mla,123,3,6,0.10741210728883743,0.08871439099311829,1.5139989852905273
14000,mla,123,3,7,0.04689524322748184,0.05447772890329361,1.5139989852905273
14000,mla,123,3,8,0.07025644928216934,0.07300860434770584,1.5139989852905273
14000,mla,123,3,9,0.0466785691678524,0.03986693546175957,1.5139989852905273
14000,mla,123,3,10,0.05747314542531967,0.05550016462802887,1.5139989852905273
14000,mla,123,3,11,0.05244069546461105,0.07205822318792343,1.5139989852905273
14000,mla,123,3,12,0.08237090706825256,0.07690034806728363,1.5139989852905273
14000,mla,123,3,13,0.06338317692279816,0.06963824480772018,1.5139989852905273
14000,mla,123,3,14,0.06777404993772507,0.06386321783065796,1.5139989852905273
14000,mla,123,3,15,0.07106292992830276,0.060025736689567566,1.5139989852905273
14000,mla,123,4,0,0.09370046108961105,0.0846974104642868,1.4316515922546387
14000,mla,123,4,1,0.08902496099472046,0.07277364283800125,1.4316515922546387
14000,mla,123,4,2,0.037782084196805954,0.03900885954499245,1.4316515922546387
14000,mla,123,4,3,0.0800158679485321,0.0725177600979805,1.4316515922546387
14000,mla,123,4,4,0.045778606086969376,0.06166061386466026,1.4316515922546387
14000,mla,123,4,5,0.07789917290210724,0.07474779337644577,1.4316515922546387
14000,mla,123,4,6,0.10140655189752579,0.084923155605793,1.4316515922546387
14000,mla,123,4,7,0.048802997916936874,0.05918081849813461,1.4316515922546387
14000,mla,123,4,8,0.03475799411535263,0.03936219587922096,1.4316515922546387
14000,mla,123,4,9,0.04826568439602852,0.058225274085998535,1.4316515922546387
14000,mla,123,4,10,0.057693786919116974,0.06317037343978882,1.4316515922546387
14000,mla,123,4,11,0.03989766538143158,0.05460163205862045,1.4316515922546387
14000,mla,123,4,12,0.06656839698553085,0.061051271855831146,1.4316515922546387
14000,mla,123,4,13,0.032928261905908585,0.034461718052625656,1.4316515922546387
14000,mla,123,4,14,0.05077067017555237,0.059029266238212585,1.4316515922546387
14000,mla,123,4,15,0.09470682591199875,0.08058830350637436,1.4316515922546387
14000,mla,123,5,0,0.06197408214211464,0.0687626302242279,1.3651821613311768
14000,mla,123,5,1,0.030113322660326958,0.05031580850481987,1.3651821613311768
14000,mla,123,5,2,0.10984782129526138,0.10690800845623016,1.3651821613311768
14000,mla,123,5,3,0.08589863777160645,0.07167065888643265,1.3651821613311768
14000,mla,123,5,4,0.04206237941980362,0.05274173244833946,1.3651821613311768
14000,mla,123,5,5,0.05586283281445503,0.05623015761375427,1.3651821613311768
14000,mla,123,5,6,0.04797414317727089,0.05631062015891075,1.3651821613311768
14000,mla,123,5,7,0.05737019702792168,0.06690572947263718,1.3651821613311768
14000,mla,123,5,8,0.0513724759221077,0.05707539990544319,1.3651821613311768
14000,mla,123,5,9,0.06750071048736572,0.06000831723213196,1.3651821613311768
14000,mla,123,5,10,0.07176554203033447,0.06408442556858063,1.3651821613311768
14000,mla,123,5,11,0.0336812324821949,0.019564058631658554,1.3651821613311768
14000,mla,123,5,12,0.053459979593753815,0.05803395062685013,1.3651821613311768
14000,mla,123,5,13,0.04738159105181694,0.048442400991916656,1.3651821613311768
14000,mla,123,5,14,0.09088226407766342,0.07962105423212051,1.3651821613311768
14000,mla,123,5,15,0.09285278618335724,0.08332506567239761,1.3651821613311768
14500,mla,123,1,0,0.05287791043519974,0.05844051390886307,2.1248598098754883
14500,mla,123,1,1,0.06719441711902618,0.05994080379605293,2.1248598098754883
14500,mla,123,1,2,0.05350209400057793,0.0599982850253582,2.1248598098754883
14500,mla,123,1,3,0.05262552946805954,0.06243684142827988,2.1248598098754883
14500,mla,123,1,4,0.060838013887405396,0.06485188752412796,2.1248598098754883
14500,mla,123,1,5,0.057108357548713684,0.06089683622121811,2.1248598098754883
14500,mla,123,1,6,0.06887247413396835,0.06174161285161972,2.1248598098754883
14500,mla,123,1,7,0.06558471918106079,0.05758321285247803,2.1248598098754883
14500,mla,123,1,8,0.06004069000482559,0.05968793109059334,2.1248598098754883
14500,mla,123,1,9,0.06369984894990921,0.060920022428035736,2.1248598098754883
14500,mla,123,1,10,0.056016743183135986,0.05942317843437195,2.1248598098754883
14500,mla,123,1,11,0.0584736131131649,0.0633811205625534,2.1248598098754883
14500,mla,123,1,12,0.08959798514842987,0.078996442258358,2.1248598098754883
14500,mla,123,1,13,0.07003733515739441,0.06349079310894012,2.1248598098754883
14500,mla,123,1,14,0.059667766094207764,0.06021486222743988,2.1248598098754883
14500,mla,123,1,15,0.06386251002550125,0.06799561530351639,2.1248598098754883
14500,mla,123,2,0,0.0663546770811081,0.05790621414780617,1.723513126373291
14500,mla,123,2,1,0.04684865474700928,0.0660829171538353,1.723513126373291
14500,mla,123,2,2,0.06247558444738388,0.051203783601522446,1.723513126373291
14500,mla,123,2,3,0.06354238092899323,0.06778254359960556,1.723513126373291
14500,mla,123,2,4,0.05715016648173332,0.07475293427705765,1.723513126373291
14500,mla,123,2,5,0.06506673246622086,0.056125935167074203,1.723513126373291
14500,mla,123,2,6,0.07457956671714783,0.06465671956539154,1.723513126373291
14500,mla,123,2,7,0.0666370615363121,0.06577124446630478,1.723513126373291
14500,mla,123,2,8,0.06975911557674408,0.07035398483276367,1.723513126373291
14500,mla,123,2,9,0.06441416591405869,0.07331248372793198,1.723513126373291
14500,mla,123,2,10,0.04781199246644974,0.051271241158246994,1.723513126373291
14500,mla,123,2,11,0.05247853696346283,0.05673012509942055,1.723513126373291
14500,mla,123,2,12,0.049675799906253815,0.05462653934955597,1.723513126373291
14500,mla,123,2,13,0.06786143034696579,0.061764705926179886,1.723513126373291
14500,mla,123,2,14,0.07212503999471664,0.06030496582388878,1.723513126373291
14500,mla,123,2,15,0.07321909815073013,0.06735365837812424,1.723513126373291
14500,mla,123,3,0,0.0443604551255703,0.05165346339344978,1.5093857049942017
14500,mla,123,3,1,0.05043945461511612,0.04901633411645889,1.5093857049942017
14500,mla,123,3,2,0.05383585765957832,0.06433992087841034,1.5093857049942017
14500,mla,123,3,3,0.07890838384628296,0.08101649582386017,1.5093857049942017
14500,mla,123,3,4,0.04955139011144638,0.046882402151823044,1.5093857049942017
14500,mla,123,3,5,0.05801971256732941,0.05401924252510071,1.5093857049942017
14500,mla,123,3,6,0.10709838569164276,0.08852695673704147,1.5093857049942017
14500,mla,123,3,7,0.047202251851558685,0.054760754108428955,1.5093857049942017
14500,mla,123,3,8,0.06980611383914948,0.07304903864860535,1.5093857049942017
14500,mla,123,3,9,0.05244394764304161,0.04221419617533684,1.5093857049942017
14500,mla,123,3,10,0.05780639499425888,0.055923670530319214,1.5093857049942017
14500,mla,123,3,11,0.05491119250655174,0.07380639761686325,1.5093857049942017
14500,mla,123,3,12,0.08185821771621704,0.07572128623723984,1.5093857049942017
14500,mla,123,3,13,0.06209259107708931,0.0687456801533699,1.5093857049942017
14500,mla,123,3,14,0.06254354119300842,0.0616396889090538,1.5093857049942017
14500,mla,123,3,15,0.06912211328744888,0.058684419840574265,1.5093857049942017
14500,mla,123,4,0,0.09310954064130783,0.08440116047859192,1.4264010190963745
14500,mla,123,4,1,0.08933146297931671,0.07319460064172745,1.4264010190963745
14500,mla,123,4,2,0.0386555977165699,0.03954046592116356,1.4264010190963745
14500,mla,123,4,3,0.07771982997655869,0.06990969181060791,1.4264010190963745
14500,mla,123,4,4,0.0473734550178051,0.0633770152926445,1.4264010190963745
14500,mla,123,4,5,0.0776519775390625,0.07496704906225204,1.4264010190963745
14500,mla,123,4,6,0.09991180151700974,0.08404705673456192,1.4264010190963745
14500,mla,123,4,7,0.04839782789349556,0.05851539596915245,1.4264010190963745
14500,mla,123,4,8,0.034637656062841415,0.03946228325366974,1.4264010190963745
14500,mla,123,4,9,0.04798777401447296,0.05829516053199768,1.4264010190963745
14500,mla,123,4,10,0.05775706097483635,0.06417438387870789,1.4264010190963745
14500,mla,123,4,11,0.03974263370037079,0.05414886400103569,1.4264010190963745
14500,mla,123,4,12,0.06745646148920059,0.061682745814323425,1.4264010190963745
14500,mla,123,4,13,0.03284413740038872,0.034544687718153,1.4264010190963745
14500,mla,123,4,14,0.052510377019643784,0.05977920442819595,1.4264010190963745
14500,mla,123,4,15,0.09491241723299026,0.07996030151844025,1.4264010190963745
14500,mla,123,5,0,0.0625007152557373,0.06864504516124725,1.3553059101104736
14500,mla,123,5,1,0.030278218910098076,0.05053579434752464,1.3553059101104736
14500,mla,123,5,2,0.11000996828079224,0.10690399259328842,1.3553059101104736
14500,mla,123,5,3,0.08643382042646408,0.07272421568632126,1.3553059101104736
14500,mla,123,5,4,0.04415323957800865,0.054534777998924255,1.3553059101104736
14500,mla,123,5,5,0.057406920939683914,0.05731945112347603,1.3553059101104736
14500,mla,123,5,6,0.049124959856271744,0.057440415024757385,1.3553059101104736
14500,mla,123,5,7,0.05695291981101036,0.06608568131923676,1.3553059101104736
14500,mla,123,5,8,0.05020609498023987,0.056402504444122314,1.3553059101104736
14500,mla,123,5,9,0.0664137750864029,0.05954400449991226,1.3553059101104736
14500,mla,123,5,10,0.07008910924196243,0.06263625621795654,1.3553059101104736
14500,mla,123,5,11,0.0317649319767952,0.018087143078446388,1.3553059101104736
14500,mla,123,5,12,0.05395263805985451,0.05815793201327324,1.3553059101104736
14500,mla,123,5,13,0.04728912189602852,0.048624031245708466,1.3553059101104736
14500,mla,123,5,14,0.09132273495197296,0.0804213285446167,1.3553059101104736
14500,mla,123,5,15,0.0921008288860321,0.08193744719028473,1.3553059101104736
15000,mla,123,1,0,0.055644430220127106,0.05937232822179794,2.1176652908325195
15000,mla,123,1,1,0.0663374811410904,0.05944612994790077,2.1176652908325195
15000,mla,123,1,2,0.05316721647977829,0.05951384827494621,2.1176652908325195
15000,mla,123,1,3,0.05010040104389191,0.06128774583339691,2.1176652908325195
15000,mla,123,1,4,0.05852264538407326,0.06419505178928375,2.1176652908325195
15000,mla,123,1,5,0.05813191831111908,0.06158473342657089,2.1176652908325195
15000,mla,123,1,6,0.07238525152206421,0.06464206427335739,2.1176652908325195
15000,mla,123,1,7,0.061989035457372665,0.05536933243274689,2.1176652908325195
15000,mla,123,1,8,0.06126515567302704,0.06027453765273094,2.1176652908325195
15000,mla,123,1,9,0.06623525172472,0.06269253045320511,2.1176652908325195
15000,mla,123,1,10,0.05684855207800865,0.059713274240493774,2.1176652908325195
15000,mla,123,1,11,0.05257934704422951,0.06046076491475105,2.1176652908325195
15000,mla,123,1,12,0.09092854708433151,0.07929563522338867,2.1176652908325195
15000,mla,123,1,13,0.06172525882720947,0.06078892573714256,2.1176652908325195
15000,mla,123,1,14,0.07145467400550842,0.06504161655902863,2.1176652908325195
15000,mla,123,1,15,0.06268483400344849,0.06632149964570999,2.1176652908325195
15000,mla,123,2,0,0.06561360508203506,0.05694739148020744,1.7240604162216187
15000,mla,123,2,1,0.046814270317554474,0.06600486487150192,1.7240604162216187
15000,mla,123,2,2,0.06493804603815079,0.05267706513404846,1.7240604162216187
15000,mla,123,2,3,0.0639566034078598,0.06774666160345078,1.7240604162216187
15000,mla,123,2,4,0.05788767337799072,0.0746488943696022,1.7240604162216187
15000,mla,123,2,5,0.06515990942716599,0.056202251464128494,1.7240604162216187
15000,mla,123,2,6,0.07927551120519638,0.06800474226474762,1.7240604162216187
15000,mla,123,2,7,0.06681803613901138,0.06613875180482864,1.7240604162216187
15000,mla,123,2,8,0.06952138245105743,0.06972157210111618,1.7240604162216187
15000,mla,123,2,9,0.06259948760271072,0.07217169553041458,1.7240604162216187
15000,mla,123,2,10,0.04437733814120293,0.04959353432059288,1.7240604162216187
15000,mla,123,2,11,0.05362742021679878,0.0577181801199913,1.7240604162216187
15000,mla,123,2,12,0.047538962215185165,0.053090061992406845,1.7240604162216187
15000,mla,123,2,13,0.06785990297794342,0.061547666788101196,1.7240604162216187
15000,mla,123,2,14,0.06991719454526901,0.05959086865186691,1.7240604162216187
15000,mla,123,2,15,0.07409464567899704,0.06819569319486618,1.7240604162216187
15000,mla,123,3,0,0.0434977225959301,0.05102893337607384,1.5101884603500366
15000,mla,123,3,1,0.05101308226585388,0.049262505024671555,1.5101884603500366
15000,mla,123,3,2,0.053387146443128586,0.06351518630981445,1.5101884603500366
15000,mla,123,3,3,0.07848795503377914,0.08045127987861633,1.5101884603500366
15000,mla,123,3,4,0.04867665469646454,0.04617776721715927,1.5101884603500366
15000,mla,123,3,5,0.05748382583260536,0.0535183846950531,1.5101884603500366
15000,mla,123,3,6,0.10691731423139572,0.0877804085612297,1.5101884603500366
15000,mla,123,3,7,0.04551401734352112,0.05380303040146828,1.5101884603500366
15000,mla,123,3,8,0.06908630579710007,0.0728134736418724,1.5101884603500366
15000,mla,123,3,9,0.05549926683306694,0.044866349548101425,1.5101884603500366
15000,mla,123,3,10,0.057711485773324966,0.05625949800014496,1.5101884603500366
15000,mla,123,3,11,0.05429382249712944,0.07306693494319916,1.5101884603500366
15000,mla,123,3,12,0.08248158544301987,0.07582268118858337,1.5101884603500366
15000,mla,123,3,13,0.06237854063510895,0.06979788839817047,1.5101884603500366
15000,mla,123,3,14,0.06477956473827362,0.06313484162092209,1.5101884603500366
15000,mla,123,3,15,0.0687917098402977,0.05870089679956436,1.5101884603500366
15000,mla,123,4,0,0.09310587495565414,0.08430802077054977,1.4311679601669312
15000,mla,123,4,1,0.08894317597150803,0.07278365641832352,1.4311679601669312
15000,mla,123,4,2,0.0382271334528923,0.03915192931890488,1.4311679601669312
15000,mla,123,4,3,0.07896972447633743,0.07132436335086823,1.4311679601669312
15000,mla,123,4,4,0.045775044709444046,0.06128064543008804,1.4311679601669312
15000,mla,123,4,5,0.07772735506296158,0.07384620606899261,1.4311679601669312
15000,mla,123,4,6,0.1004682406783104,0.08490315824747086,1.4311679601669312
15000,mla,123,4,7,0.04903910309076309,0.05904964357614517,1.4311679601669312
15000,mla,123,4,8,0.034785665571689606,0.03998015820980072,1.4311679601669312
15000,mla,123,4,9,0.04863332211971283,0.05859243497252464,1.4311679601669312
15000,mla,123,4,10,0.059125062078237534,0.06577572226524353,1.4311679601669312
15000,mla,123,4,11,0.04037363827228546,0.055640626698732376,1.4311679601669312
15000,mla,123,4,12,0.06695373356342316,0.06108992174267769,1.4311679601669312
15000,mla,123,4,13,0.03316996246576309,0.03482140228152275,1.4311679601669312
15000,mla,123,4,14,0.05098225921392441,0.05877497419714928,1.4311679601669312
15000,mla,123,4,15,0.0937207043170929,0.07867708057165146,1.4311679601669312
15000,mla,123,5,0,0.06259450316429138,0.06958718597888947,1.3586665391921997
15000,mla,123,5,1,0.029550373554229736,0.04979171231389046,1.3586665391921997
15000,mla,123,5,2,0.10969217866659164,0.10588150471448898,1.3586665391921997
15000,mla,123,5,3,0.08588816225528717,0.07271446287631989,1.3586665391921997
15000,mla,123,5,4,0.044031981378793716,0.05462368577718735,1.3586665391921997
15000,mla,123,5,5,0.05744516849517822,0.057267703115940094,1.3586665391921997
15000,mla,123,5,6,0.048747457563877106,0.05693596974015236,1.3586665391921997
15000,mla,123,5,7,0.0572408027946949,0.06611090898513794,1.3586665391921997
15000,mla,123,5,8,0.05016794800758362,0.05610483139753342,1.3586665391921997
15000,mla,123,5,9,0.06662465631961823,0.05950883775949478,1.3586665391921997
15000,mla,123,5,10,0.0728110745549202,0.0655985027551651,1.3586665391921997
15000,mla,123,5,11,0.03224945068359375,0.01871699094772339,1.3586665391921997
15000,mla,123,5,12,0.05348581820726395,0.057954903692007065,1.3586665391921997
15000,mla,123,5,13,0.04646362364292145,0.04762053117156029,1.3586665391921997
15000,mla,123,5,14,0.0904255136847496,0.07841380685567856,1.3586665391921997
15000,mla,123,5,15,0.09258127957582474,0.08316861838102341,1.3586665391921997
