iter,attn_mode,seed,layer,expert,selected_fraction,mean_probability,router_entropy
0,mla_norope,42,1,0,0.07198140770196915,0.07020802050828934,2.630012035369873
0,mla_norope,42,1,1,0.11355428397655487,0.07823839038610458,2.630012035369873
0,mla_norope,42,1,2,0.04716847836971283,0.0574231892824173,2.630012035369873
0,mla_norope,42,1,3,0.09249816834926605,0.07205493003129959,2.630012035369873
0,mla_norope,42,1,4,0.07940114289522171,0.06652543693780899,2.630012035369873
0,mla_norope,42,1,5,0.05817596614360809,0.061856213957071304,2.630012035369873
0,mla_norope,42,1,6,0.05589874088764191,0.06111200153827667,2.630012035369873
0,mla_norope,42,1,7,0.061700642108917236,0.06475117802619934,2.630012035369873
0,mla_norope,42,1,8,0.054389141499996185,0.0609312504529953,2.630012035369873
0,mla_norope,42,1,9,0.0618419386446476,0.05904681608080864,2.630012035369873
0,mla_norope,42,1,10,0.07053904235363007,0.06657233834266663,2.630012035369873
0,mla_norope,42,1,11,0.030990194529294968,0.05194046348333359,2.630012035369873
0,mla_norope,42,1,12,0.06219380721449852,0.059617556631565094,2.630012035369873
0,mla_norope,42,1,13,0.08496928215026855,0.07137604802846909,2.630012035369873
0,mla_norope,42,1,14,0.0392691045999527,0.05559206008911133,2.630012035369873
0,mla_norope,42,1,15,0.015428670682013035,0.04275426268577576,2.630012035369873
0,mla_norope,42,2,0,0.07931549102067947,0.06520535796880722,2.6346845626831055
0,mla_norope,42,2,1,0.06626352667808533,0.05937230959534645,2.6346845626831055
0,mla_norope,42,2,2,0.038620706647634506,0.056708239018917084,2.6346845626831055
0,mla_norope,42,2,3,0.07460957765579224,0.06471484154462814,2.6346845626831055
0,mla_norope,42,2,4,0.08998982608318329,0.07417932152748108,2.6346845626831055
0,mla_norope,42,2,5,0.04471404850482941,0.056040097028017044,2.6346845626831055
0,mla_norope,42,2,6,0.1014416515827179,0.07249432802200317,2.6346845626831055
0,mla_norope,42,2,7,0.08395446836948395,0.07176743447780609,2.6346845626831055
0,mla_norope,42,2,8,0.01716766320168972,0.052174367010593414,2.6346845626831055
0,mla_norope,42,2,9,0.0334758497774601,0.053660448640584946,2.6346845626831055
0,mla_norope,42,2,10,0.026803182438015938,0.05276813730597496,2.6346845626831055
0,mla_norope,42,2,11,0.07619374245405197,0.06789367645978928,2.6346845626831055
0,mla_norope,42,2,12,0.009763387031853199,0.04071061313152313,2.6346845626831055
0,mla_norope,42,2,13,0.12049977481365204,0.0810980573296547,2.6346845626831055
0,mla_norope,42,2,14,0.05650797486305237,0.06391923874616623,2.6346845626831055
0,mla_norope,42,2,15,0.08067911863327026,0.06729345768690109,2.6346845626831055
0,mla_norope,42,3,0,0.031547851860523224,0.053268399089574814,2.6271092891693115
0,mla_norope,42,3,1,0.07319000363349915,0.06922733783721924,2.6271092891693115
0,mla_norope,42,3,2,0.15361297130584717,0.08478708565235138,2.6271092891693115
0,mla_norope,42,3,3,0.0411243699491024,0.051706667989492416,2.6271092891693115
0,mla_norope,42,3,4,0.04635101184248924,0.05914204940199852,2.6271092891693115
0,mla_norope,42,3,5,0.05608561262488365,0.06580892205238342,2.6271092891693115
0,mla_norope,42,3,6,0.08816812932491302,0.07022501528263092,2.6271092891693115
0,mla_norope,42,3,7,0.010708414949476719,0.040057193487882614,2.6271092891693115
0,mla_norope,42,3,8,0.09097900241613388,0.07391036301851273,2.6271092891693115
0,mla_norope,42,3,9,0.05251922458410263,0.06497147679328918,2.6271092891693115
0,mla_norope,42,3,10,0.04238332062959671,0.05562702193856239,2.6271092891693115
0,mla_norope,42,3,11,0.0334065742790699,0.05490987002849579,2.6271092891693115
0,mla_norope,42,3,12,0.09914540499448776,0.07606058567762375,2.6271092891693115
0,mla_norope,42,3,13,0.060028076171875,0.0616474412381649,2.6271092891693115
0,mla_norope,42,3,14,0.06766916811466217,0.059605155140161514,2.6271092891693115
0,mla_norope,42,3,15,0.05308085307478905,0.05904540419578552,2.6271092891693115
0,mla_norope,42,4,0,0.1186668872833252,0.07898157089948654,2.59698748588562
0,mla_norope,42,4,1,0.03516703471541405,0.05585199221968651,2.59698748588562
0,mla_norope,42,4,2,0.08347676694393158,0.07664582133293152,2.59698748588562
0,mla_norope,42,4,3,0.014958496205508709,0.047708217054605484,2.59698748588562
0,mla_norope,42,4,4,0.022051187232136726,0.04902602359652519,2.59698748588562
0,mla_norope,42,4,5,0.03864501789212227,0.05360902100801468,2.59698748588562
0,mla_norope,42,4,6,0.2136814445257187,0.10476145148277283,2.59698748588562
0,mla_norope,42,4,7,0.1703486144542694,0.10253144800662994,2.59698748588562
0,mla_norope,42,4,8,0.03962799161672592,0.05529972165822983,2.59698748588562
0,mla_norope,42,4,9,0.0064030964858829975,0.036311425268650055,2.59698748588562
0,mla_norope,42,4,10,0.11080088466405869,0.07725156098604202,2.59698748588562
0,mla_norope,42,4,11,0.04125478118658066,0.06116299331188202,2.59698748588562
0,mla_norope,42,4,12,0.04162801057100296,0.061640962958335876,2.59698748588562
0,mla_norope,42,4,13,0.0043448894284665585,0.03558867424726486,2.59698748588562
0,mla_norope,42,4,14,0.03450775146484375,0.0520472452044487,2.59698748588562
0,mla_norope,42,4,15,0.024437153711915016,0.051581915467977524,2.59698748588562
0,mla_norope,42,5,0,0.03492838516831398,0.050833482295274734,2.621617317199707
0,mla_norope,42,5,1,0.009026692248880863,0.0399896502494812,2.621617317199707
0,mla_norope,42,5,2,0.033174946904182434,0.054781824350357056,2.621617317199707
0,mla_norope,42,5,3,0.17502014338970184,0.09757378697395325,2.621617317199707
0,mla_norope,42,5,4,0.056847840547561646,0.06716253608465195,2.621617317199707
0,mla_norope,42,5,5,0.022474568337202072,0.04556448757648468,2.621617317199707
0,mla_norope,42,5,6,0.06751871854066849,0.06648333370685577,2.621617317199707
0,mla_norope,42,5,7,0.023362426087260246,0.04981840029358864,2.621617317199707
0,mla_norope,42,5,8,0.03730326518416405,0.05060651898384094,2.621617317199707
0,mla_norope,42,5,9,0.06974639743566513,0.06906212121248245,2.621617317199707
0,mla_norope,42,5,10,0.1177610233426094,0.08011148124933243,2.621617317199707
0,mla_norope,42,5,11,0.1239369735121727,0.079720139503479,2.621617317199707
0,mla_norope,42,5,12,0.016514383256435394,0.04308086261153221,2.621617317199707
0,mla_norope,42,5,13,0.0793195590376854,0.06806570291519165,2.621617317199707
0,mla_norope,42,5,14,0.051152750849723816,0.06176842376589775,2.621617317199707
0,mla_norope,42,5,15,0.08191192895174026,0.07537727057933807,2.621617317199707
500,mla_norope,42,1,0,0.07470723241567612,0.06327617913484573,2.265080690383911
500,mla_norope,42,1,1,0.06444162875413895,0.058738529682159424,2.265080690383911
500,mla_norope,42,1,2,0.05049397796392441,0.055955346673727036,2.265080690383911
500,mla_norope,42,1,3,0.06339854001998901,0.06792671978473663,2.265080690383911
500,mla_norope,42,1,4,0.07098571956157684,0.0696248859167099,2.265080690383911
500,mla_norope,42,1,5,0.04199595004320145,0.05312871187925339,2.265080690383911
500,mla_norope,42,1,6,0.08207163214683533,0.06578201800584793,2.265080690383911
500,mla_norope,42,1,7,0.04967976734042168,0.059685319662094116,2.265080690383911
500,mla_norope,42,1,8,0.04643544554710388,0.05907260999083519,2.265080690383911
500,mla_norope,42,1,9,0.07977721840143204,0.06908981502056122,2.265080690383911
500,mla_norope,42,1,10,0.06485707312822342,0.06214767321944237,2.265080690383911
500,mla_norope,42,1,11,0.05290313810110092,0.05998314544558525,2.265080690383911
500,mla_norope,42,1,12,0.03871358186006546,0.05742177367210388,2.265080690383911
500,mla_norope,42,1,13,0.062088724225759506,0.0644412562251091,2.265080690383911
500,mla_norope,42,1,14,0.0793895497918129,0.07469852268695831,2.265080690383911
500,mla_norope,42,1,15,0.0780608132481575,0.059027500450611115,2.265080690383911
500,mla_norope,42,2,0,0.08597636222839355,0.07048548758029938,2.2137794494628906
500,mla_norope,42,2,1,0.03617848828434944,0.04473913833498955,2.2137794494628906
500,mla_norope,42,2,2,0.054638467729091644,0.0640990287065506,2.2137794494628906
500,mla_norope,42,2,3,0.05113118514418602,0.0587959811091423,2.2137794494628906
500,mla_norope,42,2,4,0.029240213334560394,0.04200712591409683,2.2137794494628906
500,mla_norope,42,2,5,0.09093709290027618,0.07692216336727142,2.2137794494628906
500,mla_norope,42,2,6,0.06594055145978928,0.05824217572808266,2.2137794494628906
500,mla_norope,42,2,7,0.0654677301645279,0.072407066822052,2.2137794494628906
500,mla_norope,42,2,8,0.06506744027137756,0.06250912696123123,2.2137794494628906
500,mla_norope,42,2,9,0.04737955704331398,0.04902983829379082,2.2137794494628906
500,mla_norope,42,2,10,0.06320495903491974,0.07117648422718048,2.2137794494628906
500,mla_norope,42,2,11,0.07034841179847717,0.07299074530601501,2.2137794494628906
500,mla_norope,42,2,12,0.0719102993607521,0.062193576246500015,2.2137794494628906
500,mla_norope,42,2,13,0.06926289945840836,0.07196792960166931,2.2137794494628906
500,mla_norope,42,2,14,0.061787210404872894,0.06189342960715294,2.2137794494628906
500,mla_norope,42,2,15,0.07152913510799408,0.06054063141345978,2.2137794494628906
500,mla_norope,42,3,0,0.03869720548391342,0.05794012174010277,2.289835214614868
500,mla_norope,42,3,1,0.04760732129216194,0.05670139938592911,2.289835214614868
500,mla_norope,42,3,2,0.042435914278030396,0.053549326956272125,2.289835214614868
500,mla_norope,42,3,3,0.05258138105273247,0.05947927385568619,2.289835214614868
500,mla_norope,42,3,4,0.08808328956365585,0.07701604813337326,2.289835214614868
500,mla_norope,42,3,5,0.04203135147690773,0.050482943654060364,2.289835214614868
500,mla_norope,42,3,6,0.09305725246667862,0.08315733820199966,2.289835214614868
500,mla_norope,42,3,7,0.05904754623770714,0.0580625981092453,2.289835214614868
500,mla_norope,42,3,8,0.0934956893324852,0.07591955363750458,2.289835214614868
500,mla_norope,42,3,9,0.049943745136260986,0.060511037707328796,2.289835214614868
500,mla_norope,42,3,10,0.06302714347839355,0.06610267609357834,2.289835214614868
500,mla_norope,42,3,11,0.0673789456486702,0.058584924787282944,2.289835214614868
500,mla_norope,42,3,12,0.06321960687637329,0.04788763448596001,2.289835214614868
500,mla_norope,42,3,13,0.07625925540924072,0.06910381466150284,2.289835214614868
500,mla_norope,42,3,14,0.06912709772586823,0.06170100346207619,2.289835214614868
500,mla_norope,42,3,15,0.054007261991500854,0.06380031257867813,2.289835214614868
500,mla_norope,42,4,0,0.05508361756801605,0.06024693325161934,2.1533074378967285
500,mla_norope,42,4,1,0.04243011400103569,0.05783586576581001,2.1533074378967285
500,mla_norope,42,4,2,0.0817851796746254,0.0776846706867218,2.1533074378967285
500,mla_norope,42,4,3,0.04693816974759102,0.054662659764289856,2.1533074378967285
500,mla_norope,42,4,4,0.05238962918519974,0.046839840710163116,2.1533074378967285
500,mla_norope,42,4,5,0.031227314844727516,0.04439636692404747,2.1533074378967285
500,mla_norope,42,4,6,0.050381775945425034,0.0597086139023304,2.1533074378967285
500,mla_norope,42,4,7,0.05356048420071602,0.04954410716891289,2.1533074378967285
500,mla_norope,42,4,8,0.06998351961374283,0.07164163887500763,2.1533074378967285
500,mla_norope,42,4,9,0.061855774372816086,0.06405078619718552,2.1533074378967285
500,mla_norope,42,4,10,0.09290313720703125,0.07868275046348572,2.1533074378967285
500,mla_norope,42,4,11,0.06706786900758743,0.061259422451257706,2.1533074378967285
500,mla_norope,42,4,12,0.07042449712753296,0.06659244000911713,2.1533074378967285
500,mla_norope,42,4,13,0.07318156212568283,0.06887981295585632,2.1533074378967285
500,mla_norope,42,4,14,0.06171834468841553,0.06563832610845566,2.1533074378967285
500,mla_norope,42,4,15,0.08906900882720947,0.07233569025993347,2.1533074378967285
500,mla_norope,42,5,0,0.08241607993841171,0.08592343330383301,2.250654458999634
500,mla_norope,42,5,1,0.029029134660959244,0.0428071953356266,2.250654458999634
500,mla_norope,42,5,2,0.06964772194623947,0.06018420681357384,2.250654458999634
500,mla_norope,42,5,3,0.045401304960250854,0.050785865634679794,2.250654458999634
500,mla_norope,42,5,4,0.07637695223093033,0.06609692424535751,2.250654458999634
500,mla_norope,42,5,5,0.03256805241107941,0.052389178425073624,2.250654458999634
500,mla_norope,42,5,6,0.07650044560432434,0.07320872694253922,2.250654458999634
500,mla_norope,42,5,7,0.05244405195116997,0.0532294362783432,2.250654458999634
500,mla_norope,42,5,8,0.0770765170454979,0.06645555049180984,2.250654458999634
500,mla_norope,42,5,9,0.057875774800777435,0.056272659450769424,2.250654458999634
500,mla_norope,42,5,10,0.05474049970507622,0.06523499637842178,2.250654458999634
500,mla_norope,42,5,11,0.06472472846508026,0.06798629462718964,2.250654458999634
500,mla_norope,42,5,12,0.060299377888441086,0.0660175085067749,2.250654458999634
500,mla_norope,42,5,13,0.07608235627412796,0.07255781441926956,2.250654458999634
500,mla_norope,42,5,14,0.07721242308616638,0.0639115571975708,2.250654458999634
500,mla_norope,42,5,15,0.06760457158088684,0.056938573718070984,2.250654458999634
1000,mla_norope,42,1,0,0.08104491978883743,0.06821475923061371,2.287274122238159
1000,mla_norope,42,1,1,0.048253681510686874,0.055825430899858475,2.287274122238159
1000,mla_norope,42,1,2,0.06746124476194382,0.05603700503706932,2.287274122238159
1000,mla_norope,42,1,3,0.056938882917165756,0.06454747170209885,2.287274122238159
1000,mla_norope,42,1,4,0.047954101115465164,0.06383075565099716,2.287274122238159
1000,mla_norope,42,1,5,0.08788197487592697,0.06823503226041794,2.287274122238159
1000,mla_norope,42,1,6,0.07048797607421875,0.06481827795505524,2.287274122238159
1000,mla_norope,42,1,7,0.06642008572816849,0.0676746740937233,2.287274122238159
1000,mla_norope,42,1,8,0.07463613152503967,0.06610874086618423,2.287274122238159
1000,mla_norope,42,1,9,0.05711771547794342,0.06433263421058655,2.287274122238159
1000,mla_norope,42,1,10,0.06330657750368118,0.061348799616098404,2.287274122238159
1000,mla_norope,42,1,11,0.05183400586247444,0.05800240859389305,2.287274122238159
1000,mla_norope,42,1,12,0.07467915862798691,0.06919819861650467,2.287274122238159
1000,mla_norope,42,1,13,0.043524984270334244,0.05532917007803917,2.287274122238159
1000,mla_norope,42,1,14,0.06467275321483612,0.06332724541425705,2.287274122238159
1000,mla_norope,42,1,15,0.043785806745290756,0.05316946655511856,2.287274122238159
1000,mla_norope,42,2,0,0.0786081925034523,0.07064070552587509,2.2014224529266357
1000,mla_norope,42,2,1,0.07831735908985138,0.06537040323019028,2.2014224529266357
1000,mla_norope,42,2,2,0.06953948736190796,0.06520619988441467,2.2014224529266357
1000,mla_norope,42,2,3,0.04930887743830681,0.05487595871090889,2.2014224529266357
1000,mla_norope,42,2,4,0.06295175850391388,0.058178920298814774,2.2014224529266357
1000,mla_norope,42,2,5,0.06072835251688957,0.07198142260313034,2.2014224529266357
1000,mla_norope,42,2,6,0.0771929919719696,0.06078724563121796,2.2014224529266357
1000,mla_norope,42,2,7,0.06892985105514526,0.06722038239240646,2.2014224529266357
1000,mla_norope,42,2,8,0.048517659306526184,0.05488954484462738,2.2014224529266357
1000,mla_norope,42,2,9,0.05416524410247803,0.05519329011440277,2.2014224529266357
1000,mla_norope,42,2,10,0.06382924318313599,0.06331221759319305,2.2014224529266357
1000,mla_norope,42,2,11,0.06613647192716599,0.07149893045425415,2.2014224529266357
1000,mla_norope,42,2,12,0.0650055930018425,0.057063326239585876,2.2014224529266357
1000,mla_norope,42,2,13,0.052666522562503815,0.06402213126420975,2.2014224529266357
1000,mla_norope,42,2,14,0.03908142074942589,0.05576400086283684,2.2014224529266357
1000,mla_norope,42,2,15,0.06502095609903336,0.06399529427289963,2.2014224529266357
1000,mla_norope,42,3,0,0.048203326761722565,0.06226980686187744,1.9748626947402954
1000,mla_norope,42,3,1,0.07779225707054138,0.08360500633716583,1.9748626947402954
1000,mla_norope,42,3,2,0.04779103770852089,0.05148172006011009,1.9748626947402954
1000,mla_norope,42,3,3,0.05954498425126076,0.06680741906166077,1.9748626947402954
1000,mla_norope,42,3,4,0.0796826183795929,0.07572901993989944,1.9748626947402954
1000,mla_norope,42,3,5,0.04151713103055954,0.047159478068351746,1.9748626947402954
1000,mla_norope,42,3,6,0.07763173431158066,0.07963567972183228,1.9748626947402954
1000,mla_norope,42,3,7,0.057082824409008026,0.05392184108495712,1.9748626947402954
1000,mla_norope,42,3,8,0.06175781413912773,0.05720588564872742,1.9748626947402954
1000,mla_norope,42,3,9,0.0635344460606575,0.06554276496171951,1.9748626947402954
1000,mla_norope,42,3,10,0.06294769048690796,0.05964433774352074,1.9748626947402954
1000,mla_norope,42,3,11,0.07209259271621704,0.06032927334308624,1.9748626947402954
1000,mla_norope,42,3,12,0.0591704286634922,0.04906131699681282,1.9748626947402954
1000,mla_norope,42,3,13,0.07269562035799026,0.06643989682197571,1.9748626947402954
1000,mla_norope,42,3,14,0.06469441950321198,0.06158730015158653,1.9748626947402954
1000,mla_norope,42,3,15,0.05386108532547951,0.05957914516329765,1.9748626947402954
1000,mla_norope,42,4,0,0.05473571643233299,0.06727828830480576,1.5189943313598633
1000,mla_norope,42,4,1,0.03909800201654434,0.044097110629081726,1.5189943313598633
1000,mla_norope,42,4,2,0.0730641707777977,0.072085902094841,1.5189943313598633
1000,mla_norope,42,4,3,0.058479513972997665,0.04959900304675102,1.5189943313598633
1000,mla_norope,42,4,4,0.03154937922954559,0.03322460874915123,1.5189943313598633
1000,mla_norope,42,4,5,0.030015766620635986,0.04161467403173447,1.5189943313598633
1000,mla_norope,42,4,6,0.059403277933597565,0.061495762318372726,1.5189943313598633
1000,mla_norope,42,4,7,0.040778402239084244,0.039110828191041946,1.5189943313598633
1000,mla_norope,42,4,8,0.08292999118566513,0.07887419313192368,1.5189943313598633
1000,mla_norope,42,4,9,0.04953714832663536,0.05528613552451134,1.5189943313598633
1000,mla_norope,42,4,10,0.1104881763458252,0.10723918676376343,1.5189943313598633
1000,mla_norope,42,4,11,0.08495188504457474,0.08160489052534103,1.5189943313598633
1000,mla_norope,42,4,12,0.08727498352527618,0.08426615595817566,1.5189943313598633
1000,mla_norope,42,4,13,0.0707944706082344,0.06701315194368362,1.5189943313598633
1000,mla_norope,42,4,14,0.0652681514620781,0.06287796795368195,1.5189943313598633
1000,mla_norope,42,4,15,0.061630960553884506,0.054332148283720016,1.5189943313598633
1000,mla_norope,42,5,0,0.050345562398433685,0.0653667151927948,1.3987722396850586
1000,mla_norope,42,5,1,0.028087463229894638,0.03211798518896103,1.3987722396850586
1000,mla_norope,42,5,2,0.09731373935937881,0.09781865775585175,1.3987722396850586
1000,mla_norope,42,5,3,0.04382080212235451,0.03571808338165283,1.3987722396850586
1000,mla_norope,42,5,4,0.08798950165510178,0.07730288803577423,1.3987722396850586
1000,mla_norope,42,5,5,0.025133362039923668,0.03757432475686073,1.3987722396850586
1000,mla_norope,42,5,6,0.0698472112417221,0.06763149797916412,1.3987722396850586
1000,mla_norope,42,5,7,0.07052276283502579,0.053989823907613754,1.3987722396850586
1000,mla_norope,42,5,8,0.07276580482721329,0.07123859226703644,1.3987722396850586
1000,mla_norope,42,5,9,0.07601959258317947,0.05872339755296707,1.3987722396850586
1000,mla_norope,42,5,10,0.04333597794175148,0.06006855145096779,1.3987722396850586
1000,mla_norope,42,5,11,0.056805726140737534,0.06387288868427277,1.3987722396850586
1000,mla_norope,42,5,12,0.06738840788602829,0.09499019384384155,1.3987722396850586
1000,mla_norope,42,5,13,0.05299947038292885,0.04805883765220642,1.3987722396850586
1000,mla_norope,42,5,14,0.0811995416879654,0.06259018182754517,1.3987722396850586
1000,mla_norope,42,5,15,0.07642506808042526,0.07293737679719925,1.3987722396850586
1500,mla_norope,42,1,0,0.07722147554159164,0.06629686802625656,2.4185597896575928
1500,mla_norope,42,1,1,0.0814705416560173,0.06673216819763184,2.4185597896575928
1500,mla_norope,42,1,2,0.02456156350672245,0.05447294935584068,2.4185597896575928
1500,mla_norope,42,1,3,0.0716075673699379,0.06692875176668167,2.4185597896575928
1500,mla_norope,42,1,4,0.08278900384902954,0.06929218769073486,2.4185597896575928
1500,mla_norope,42,1,5,0.04831329360604286,0.05910979583859444,2.4185597896575928
1500,mla_norope,42,1,6,0.04972168058156967,0.05469418317079544,2.4185597896575928
1500,mla_norope,42,1,7,0.05505127087235451,0.0629391148686409,2.4185597896575928
1500,mla_norope,42,1,8,0.05666341260075569,0.0586211122572422,2.4185597896575928
1500,mla_norope,42,1,9,0.07909535616636276,0.06717058271169662,2.4185597896575928
1500,mla_norope,42,1,10,0.058898720890283585,0.05671358108520508,2.4185597896575928
1500,mla_norope,42,1,11,0.05708496272563934,0.06107737123966217,2.4185597896575928
1500,mla_norope,42,1,12,0.09984313696622849,0.0758880078792572,2.4185597896575928
1500,mla_norope,42,1,13,0.036306966096162796,0.05731290951371193,2.4185597896575928
1500,mla_norope,42,1,14,0.05841166153550148,0.06000298634171486,2.4185597896575928
1500,mla_norope,42,1,15,0.06295938789844513,0.06274741142988205,2.4185597896575928
1500,mla_norope,42,2,0,0.07256866246461868,0.06450501084327698,2.335515260696411
1500,mla_norope,42,2,1,0.07347533851861954,0.06494550406932831,2.335515260696411
1500,mla_norope,42,2,2,0.06002817675471306,0.05989626422524452,2.335515260696411
1500,mla_norope,42,2,3,0.05126963183283806,0.054493069648742676,2.335515260696411
1500,mla_norope,42,2,4,0.08092478662729263,0.0634768158197403,2.335515260696411
1500,mla_norope,42,2,5,0.0795586109161377,0.07064012438058853,2.335515260696411
1500,mla_norope,42,2,6,0.06683624535799026,0.06330495327711105,2.335515260696411
1500,mla_norope,42,2,7,0.06752227991819382,0.06615428626537323,2.335515260696411
1500,mla_norope,42,2,8,0.03610117733478546,0.05570501461625099,2.335515260696411
1500,mla_norope,42,2,9,0.07297912240028381,0.06059670075774193,2.335515260696411
1500,mla_norope,42,2,10,0.053742676973342896,0.06288659572601318,2.335515260696411
1500,mla_norope,42,2,11,0.07806386053562164,0.08034830540418625,2.335515260696411
1500,mla_norope,42,2,12,0.04501393809914589,0.047547053545713425,2.335515260696411
1500,mla_norope,42,2,13,0.047170307487249374,0.056334082037210464,2.335515260696411
1500,mla_norope,42,2,14,0.038626302033662796,0.055679213255643845,2.335515260696411
1500,mla_norope,42,2,15,0.07611887902021408,0.07348702847957611,2.335515260696411
1500,mla_norope,42,3,0,0.06654530763626099,0.06950519233942032,1.8316947221755981
1500,mla_norope,42,3,1,0.07569793611764908,0.08020706474781036,1.8316947221755981
1500,mla_norope,42,3,2,0.05296040698885918,0.0539475753903389,1.8316947221755981
1500,mla_norope,42,3,3,0.06768839806318283,0.07495875656604767,1.8316947221755981
1500,mla_norope,42,3,4,0.06301940977573395,0.06391642242670059,1.8316947221755981
1500,mla_norope,42,3,5,0.03897959366440773,0.049462638795375824,1.8316947221755981
1500,mla_norope,42,3,6,0.06686228513717651,0.06935586035251617,1.8316947221755981
1500,mla_norope,42,3,7,0.06744465976953506,0.06155785918235779,1.8316947221755981
1500,mla_norope,42,3,8,0.06100677326321602,0.05441034212708473,1.8316947221755981
1500,mla_norope,42,3,9,0.04972829297184944,0.06099032238125801,1.8316947221755981
1500,mla_norope,42,3,10,0.06315979361534119,0.05701271817088127,1.8316947221755981
1500,mla_norope,42,3,11,0.07511606812477112,0.06713282316923141,1.8316947221755981
1500,mla_norope,42,3,12,0.049241434782743454,0.047587186098098755,1.8316947221755981
1500,mla_norope,42,3,13,0.07295288145542145,0.06549061089754105,1.8316947221755981
1500,mla_norope,42,3,14,0.06295634061098099,0.06107301637530327,1.8316947221755981
1500,mla_norope,42,3,15,0.06664042174816132,0.06339159607887268,1.8316947221755981
1500,mla_norope,42,4,0,0.05797576904296875,0.06919282674789429,1.3133563995361328
1500,mla_norope,42,4,1,0.03876790404319763,0.042744230479002,1.3133563995361328
1500,mla_norope,42,4,2,0.07813964784145355,0.06989430636167526,1.3133563995361328
1500,mla_norope,42,4,3,0.05539947375655174,0.04660041630268097,1.3133563995361328
1500,mla_norope,42,4,4,0.033764343708753586,0.0366649329662323,1.3133563995361328
1500,mla_norope,42,4,5,0.02571767196059227,0.03797517716884613,1.3133563995361328
1500,mla_norope,42,4,6,0.06748413294553757,0.06762759387493134,1.3133563995361328
1500,mla_norope,42,4,7,0.04040893539786339,0.03695948049426079,1.3133563995361328
1500,mla_norope,42,4,8,0.08064453303813934,0.07914838939905167,1.3133563995361328
1500,mla_norope,42,4,9,0.055279236286878586,0.05808170884847641,1.3133563995361328
1500,mla_norope,42,4,10,0.10759948939085007,0.11123369634151459,1.3133563995361328
1500,mla_norope,42,4,11,0.0662086009979248,0.07238199561834335,1.3133563995361328
1500,mla_norope,42,4,12,0.09078817069530487,0.0916907787322998,1.3133563995361328
1500,mla_norope,42,4,13,0.06234018877148628,0.05714387074112892,1.3133563995361328
1500,mla_norope,42,4,14,0.06040791794657707,0.056072767823934555,1.3133563995361328
1500,mla_norope,42,4,15,0.07907399535179138,0.06658773869276047,1.3133563995361328
1500,mla_norope,42,5,0,0.043578289449214935,0.05603564530611038,1.2234030961990356
1500,mla_norope,42,5,1,0.038340453058481216,0.03834490105509758,1.2234030961990356
1500,mla_norope,42,5,2,0.10736653953790665,0.11278904229402542,1.2234030961990356
1500,mla_norope,42,5,3,0.04774078354239464,0.0315859392285347,1.2234030961990356
1500,mla_norope,42,5,4,0.08435648679733276,0.07310124486684799,1.2234030961990356
1500,mla_norope,42,5,5,0.026099955663084984,0.036449238657951355,1.2234030961990356
1500,mla_norope,42,5,6,0.06184224411845207,0.06170747056603432,1.2234030961990356
1500,mla_norope,42,5,7,0.07411112636327744,0.053428031504154205,1.2234030961990356
1500,mla_norope,42,5,8,0.08143860101699829,0.07862652093172073,1.2234030961990356
1500,mla_norope,42,5,9,0.07222004979848862,0.054158274084329605,1.2234030961990356
1500,mla_norope,42,5,10,0.04112965986132622,0.058665741235017776,1.2234030961990356
1500,mla_norope,42,5,11,0.051216430962085724,0.06081570312380791,1.2234030961990356
1500,mla_norope,42,5,12,0.06627766788005829,0.09693039208650589,1.2234030961990356
1500,mla_norope,42,5,13,0.051316529512405396,0.04573938250541687,1.2234030961990356
1500,mla_norope,42,5,14,0.07291066646575928,0.061310093849897385,1.2234030961990356
1500,mla_norope,42,5,15,0.08005452156066895,0.08031226694583893,1.2234030961990356
2000,mla_norope,42,1,0,0.07224487513303757,0.06020796298980713,2.5271589756011963
2000,mla_norope,42,1,1,0.074322409927845,0.06147207319736481,2.5271589756011963
2000,mla_norope,42,1,2,0.03315317630767822,0.06016082689166069,2.5271589756011963
2000,mla_norope,42,1,3,0.06447122991085052,0.06172081455588341,2.5271589756011963
2000,mla_norope,42,1,4,0.05981648713350296,0.06379874795675278,2.5271589756011963
2000,mla_norope,42,1,5,0.059915874153375626,0.06171693280339241,2.5271589756011963
2000,mla_norope,42,1,6,0.06947143375873566,0.061429258435964584,2.5271589756011963
2000,mla_norope,42,1,7,0.06759236752986908,0.06520909070968628,2.5271589756011963
2000,mla_norope,42,1,8,0.047681376338005066,0.05727676302194595,2.5271589756011963
2000,mla_norope,42,1,9,0.07064554840326309,0.06353745609521866,2.5271589756011963
2000,mla_norope,42,1,10,0.06473591923713684,0.05972068011760712,2.5271589756011963
2000,mla_norope,42,1,11,0.06699839234352112,0.06323162466287613,2.5271589756011963
2000,mla_norope,42,1,12,0.06670776009559631,0.06805898994207382,2.5271589756011963
2000,mla_norope,42,1,13,0.049409180879592896,0.06481307744979858,2.5271589756011963
2000,mla_norope,42,1,14,0.057108256965875626,0.05981597304344177,2.5271589756011963
2000,mla_norope,42,1,15,0.07572570443153381,0.06782963126897812,2.5271589756011963
2000,mla_norope,42,2,0,0.057552795857191086,0.060907650738954544,2.4313745498657227
2000,mla_norope,42,2,1,0.07726369053125381,0.06568355113267899,2.4313745498657227
2000,mla_norope,42,2,2,0.07616638392210007,0.06414398550987244,2.4313745498657227
2000,mla_norope,42,2,3,0.062312010675668716,0.05964038148522377,2.4313745498657227
2000,mla_norope,42,2,4,0.07003652304410934,0.05809995159506798,2.4313745498657227
2000,mla_norope,42,2,5,0.06729095429182053,0.06700929999351501,2.4313745498657227
2000,mla_norope,42,2,6,0.05246124416589737,0.061288751661777496,2.4313745498657227
2000,mla_norope,42,2,7,0.08278024941682816,0.06764831393957138,2.4313745498657227
2000,mla_norope,42,2,8,0.040320537984371185,0.060439351946115494,2.4313745498657227
2000,mla_norope,42,2,9,0.03931620344519615,0.058441441506147385,2.4313745498657227
2000,mla_norope,42,2,10,0.043766580522060394,0.060197994112968445,2.4313745498657227
2000,mla_norope,42,2,11,0.07622812688350677,0.07246514409780502,2.4313745498657227
2000,mla_norope,42,2,12,0.05090891569852829,0.056535687297582626,2.4313745498657227
2000,mla_norope,42,2,13,0.07342682033777237,0.06690777093172073,2.4313745498657227
2000,mla_norope,42,2,14,0.0708732083439827,0.06281290203332901,2.4313745498657227
2000,mla_norope,42,2,15,0.05929575487971306,0.057777728885412216,2.4313745498657227
2000,mla_norope,42,3,0,0.05484761670231819,0.0589962974190712,1.834898829460144
2000,mla_norope,42,3,1,0.07605000585317612,0.0762687399983406,1.834898829460144
2000,mla_norope,42,3,2,0.061143189668655396,0.05354675278067589,1.834898829460144
2000,mla_norope,42,3,3,0.06864471733570099,0.07354962825775146,1.834898829460144
2000,mla_norope,42,3,4,0.06737518310546875,0.06736955791711807,1.834898829460144
2000,mla_norope,42,3,5,0.05199574679136276,0.05512843281030655,1.834898829460144
2000,mla_norope,42,3,6,0.07610657066106796,0.07593758404254913,1.834898829460144
2000,mla_norope,42,3,7,0.06887970119714737,0.06288516521453857,1.834898829460144
2000,mla_norope,42,3,8,0.06599771976470947,0.06030591204762459,1.834898829460144
2000,mla_norope,42,3,9,0.05004821717739105,0.05932804197072983,1.834898829460144
2000,mla_norope,42,3,10,0.07156331092119217,0.06909532845020294,1.834898829460144
2000,mla_norope,42,3,11,0.04161722958087921,0.04933107644319534,1.834898829460144
2000,mla_norope,42,3,12,0.06422261893749237,0.05753689631819725,1.834898829460144
2000,mla_norope,42,3,13,0.061385396867990494,0.0642000138759613,1.834898829460144
2000,mla_norope,42,3,14,0.05805399641394615,0.05698741227388382,1.834898829460144
2000,mla_norope,42,3,15,0.06206878647208214,0.059533193707466125,1.834898829460144
2000,mla_norope,42,4,0,0.054174602031707764,0.06412544846534729,1.2668887376785278
2000,mla_norope,42,4,1,0.033977050334215164,0.039339639246463776,1.2668887376785278
2000,mla_norope,42,4,2,0.08485331386327744,0.06977612525224686,1.2668887376785278
2000,mla_norope,42,4,3,0.05196024477481842,0.044537197798490524,1.2668887376785278
2000,mla_norope,42,4,4,0.03286499157547951,0.03579488396644592,1.2668887376785278
2000,mla_norope,42,4,5,0.027316182851791382,0.0364094153046608,1.2668887376785278
2000,mla_norope,42,4,6,0.07212290167808533,0.07306522876024246,1.2668887376785278
2000,mla_norope,42,4,7,0.03860951587557793,0.034576401114463806,1.2668887376785278
2000,mla_norope,42,4,8,0.08051960915327072,0.07433699816465378,1.2668887376785278
2000,mla_norope,42,4,9,0.046744078397750854,0.05228479951620102,1.2668887376785278
2000,mla_norope,42,4,10,0.11269164830446243,0.12417463958263397,1.2668887376785278
2000,mla_norope,42,4,11,0.06422149389982224,0.06980528682470322,1.2668887376785278
2000,mla_norope,42,4,12,0.08704518526792526,0.08796963095664978,1.2668887376785278
2000,mla_norope,42,4,13,0.0756606012582779,0.06720253080129623,1.2668887376785278
2000,mla_norope,42,4,14,0.053998615592718124,0.054397448897361755,1.2668887376785278
2000,mla_norope,42,4,15,0.08323995023965836,0.07220432907342911,1.2668887376785278
2000,mla_norope,42,5,0,0.05027781054377556,0.05955490097403526,1.2202885150909424
2000,mla_norope,42,5,1,0.03704213351011276,0.03894276171922684,1.2202885150909424
2000,mla_norope,42,5,2,0.10876891762018204,0.10905787348747253,1.2202885150909424
2000,mla_norope,42,5,3,0.03918518126010895,0.028356125578284264,1.2202885150909424
2000,mla_norope,42,5,4,0.0877055898308754,0.07481910288333893,1.2202885150909424
2000,mla_norope,42,5,5,0.02592926099896431,0.034147996455430984,1.2202885150909424
2000,mla_norope,42,5,6,0.05577687546610832,0.05829118564724922,1.2202885150909424
2000,mla_norope,42,5,7,0.07730316370725632,0.057151973247528076,1.2202885150909424
2000,mla_norope,42,5,8,0.08464884757995605,0.08313632756471634,1.2202885150909424
2000,mla_norope,42,5,9,0.07371877133846283,0.05931989848613739,1.2202885150909424
2000,mla_norope,42,5,10,0.03384562209248543,0.05114418640732765,1.2202885150909424
2000,mla_norope,42,5,11,0.04761596769094467,0.05942376330494881,1.2202885150909424
2000,mla_norope,42,5,12,0.0645160898566246,0.09374850988388062,1.2202885150909424
2000,mla_norope,42,5,13,0.05899709090590477,0.051411062479019165,1.2202885150909424
2000,mla_norope,42,5,14,0.07562632113695145,0.06142187863588333,1.2202885150909424
2000,mla_norope,42,5,15,0.07904236018657684,0.0800725519657135,1.2202885150909424
2500,mla_norope,42,1,0,0.06959625333547592,0.057738762348890305,2.594538450241089
2500,mla_norope,42,1,1,0.07329589873552322,0.05819261074066162,2.594538450241089
2500,mla_norope,42,1,2,0.05438954755663872,0.06376687437295914,2.594538450241089
2500,mla_norope,42,1,3,0.04893544688820839,0.05702421814203262,2.594538450241089
2500,mla_norope,42,1,4,0.07184000313282013,0.06606681644916534,2.594538450241089
2500,mla_norope,42,1,5,0.06844665855169296,0.06397552043199539,2.594538450241089
2500,mla_norope,42,1,6,0.06338287144899368,0.05859183520078659,2.594538450241089
2500,mla_norope,42,1,7,0.08746165037155151,0.06676088273525238,2.594538450241089
2500,mla_norope,42,1,8,0.05717529356479645,0.0588061660528183,2.594538450241089
2500,mla_norope,42,1,9,0.055308226495981216,0.05913998931646347,2.594538450241089
2500,mla_norope,42,1,10,0.06007934734225273,0.061656251549720764,2.594538450241089
2500,mla_norope,42,1,11,0.059392090886831284,0.06518595665693283,2.594538450241089
2500,mla_norope,42,1,12,0.08431640267372131,0.07049901783466339,2.594538450241089
2500,mla_norope,42,1,13,0.044664815068244934,0.06552768498659134,2.594538450241089
2500,mla_norope,42,1,14,0.07103189826011658,0.06403807550668716,2.594538450241089
2500,mla_norope,42,1,15,0.030683593824505806,0.06302943825721741,2.594538450241089
2500,mla_norope,42,2,0,0.06065155193209648,0.06322088092565536,2.4832687377929688
2500,mla_norope,42,2,1,0.09068257361650467,0.06685380637645721,2.4832687377929688
2500,mla_norope,42,2,2,0.09248331934213638,0.06649533659219742,2.4832687377929688
2500,mla_norope,42,2,3,0.0748945102095604,0.06287851929664612,2.4832687377929688
2500,mla_norope,42,2,4,0.06458160281181335,0.05560236796736717,2.4832687377929688
2500,mla_norope,42,2,5,0.0811404436826706,0.07097014784812927,2.4832687377929688
2500,mla_norope,42,2,6,0.043759461492300034,0.061576519161462784,2.4832687377929688
2500,mla_norope,42,2,7,0.06509287655353546,0.05811665952205658,2.4832687377929688
2500,mla_norope,42,2,8,0.04280049726366997,0.06039885804057121,2.4832687377929688
2500,mla_norope,42,2,9,0.04088755324482918,0.061894237995147705,2.4832687377929688
2500,mla_norope,42,2,10,0.03729827702045441,0.05926281586289406,2.4832687377929688
2500,mla_norope,42,2,11,0.08869659155607224,0.07917500287294388,2.4832687377929688
2500,mla_norope,42,2,12,0.057683512568473816,0.057785600423812866,2.4832687377929688
2500,mla_norope,42,2,13,0.055511169135570526,0.05989537388086319,2.4832687377929688
2500,mla_norope,42,2,14,0.05083933472633362,0.060368284583091736,2.4832687377929688
2500,mla_norope,42,2,15,0.05299672484397888,0.05550575256347656,2.4832687377929688
2500,mla_norope,42,3,0,0.031790364533662796,0.049814093858003616,1.896539330482483
2500,mla_norope,42,3,1,0.07761993259191513,0.0766514390707016,1.896539330482483
2500,mla_norope,42,3,2,0.040930379182100296,0.049439553171396255,1.896539330482483
2500,mla_norope,42,3,3,0.06833994388580322,0.06658803671598434,1.896539330482483
2500,mla_norope,42,3,4,0.07769429683685303,0.07787011563777924,1.896539330482483
2500,mla_norope,42,3,5,0.07451202720403671,0.06491261720657349,1.896539330482483
2500,mla_norope,42,3,6,0.0806216448545456,0.07764129340648651,1.896539330482483
2500,mla_norope,42,3,7,0.061936747282743454,0.05900559574365616,1.896539330482483
2500,mla_norope,42,3,8,0.06704141944646835,0.060686685144901276,1.896539330482483
2500,mla_norope,42,3,9,0.04446421191096306,0.05569091811776161,1.896539330482483
2500,mla_norope,42,3,10,0.06202148273587227,0.06125006824731827,1.896539330482483
2500,mla_norope,42,3,11,0.04562194645404816,0.054308630526065826,1.896539330482483
2500,mla_norope,42,3,12,0.07689239829778671,0.0666949450969696,1.896539330482483
2500,mla_norope,42,3,13,0.06699778139591217,0.06388958543539047,1.896539330482483
2500,mla_norope,42,3,14,0.05863840878009796,0.05590882524847984,1.896539330482483
2500,mla_norope,42,3,15,0.06487701088190079,0.0596478097140789,1.896539330482483
2500,mla_norope,42,4,0,0.048448894172906876,0.06001494824886322,1.2824803590774536
2500,mla_norope,42,4,1,0.037458598613739014,0.041768889874219894,1.2824803590774536
2500,mla_norope,42,4,2,0.08718983829021454,0.07066494971513748,1.2824803590774536
2500,mla_norope,42,4,3,0.05237386003136635,0.04481581225991249,1.2824803590774536
2500,mla_norope,42,4,4,0.03380788117647171,0.036225657910108566,1.2824803590774536
2500,mla_norope,42,4,5,0.028523458167910576,0.038264691829681396,1.2824803590774536
2500,mla_norope,42,4,6,0.06336883455514908,0.0660163089632988,1.2824803590774536
2500,mla_norope,42,4,7,0.04515574127435684,0.0383090078830719,1.2824803590774536
2500,mla_norope,42,4,8,0.08668304234743118,0.07994011789560318,1.2824803590774536
2500,mla_norope,42,4,9,0.046133726835250854,0.050011225044727325,1.2824803590774536
2500,mla_norope,42,4,10,0.10952789336442947,0.11608380824327469,1.2824803590774536
2500,mla_norope,42,4,11,0.058862507343292236,0.06854335218667984,1.2824803590774536
2500,mla_norope,42,4,12,0.0931282564997673,0.09576025605201721,1.2824803590774536
2500,mla_norope,42,4,13,0.07110941410064697,0.06513818353414536,1.2824803590774536
2500,mla_norope,42,4,14,0.058549296110868454,0.06191835552453995,1.2824803590774536
2500,mla_norope,42,4,15,0.07967875152826309,0.06652435660362244,1.2824803590774536
2500,mla_norope,42,5,0,0.04283152148127556,0.050897303968667984,1.2326698303222656
2500,mla_norope,42,5,1,0.03825591877102852,0.041599925607442856,1.2326698303222656
2500,mla_norope,42,5,2,0.11440439522266388,0.11581813544034958,1.2326698303222656
2500,mla_norope,42,5,3,0.03247833251953125,0.025134792551398277,1.2326698303222656
2500,mla_norope,42,5,4,0.09390431642532349,0.0832253023982048,1.2326698303222656
2500,mla_norope,42,5,5,0.02727416902780533,0.03455376997590065,1.2326698303222656
2500,mla_norope,42,5,6,0.06054016202688217,0.061334315687417984,1.2326698303222656
2500,mla_norope,42,5,7,0.07565449923276901,0.05643078312277794,1.2326698303222656
2500,mla_norope,42,5,8,0.07973287254571915,0.07733053714036942,1.2326698303222656
2500,mla_norope,42,5,9,0.07663624733686447,0.05847731977701187,1.2326698303222656
2500,mla_norope,42,5,10,0.03551116958260536,0.05386980623006821,1.2326698303222656
2500,mla_norope,42,5,11,0.04863220080733299,0.060835763812065125,1.2326698303222656
2500,mla_norope,42,5,12,0.0660044327378273,0.09416186064481735,1.2326698303222656
2500,mla_norope,42,5,13,0.05262868106365204,0.05060693621635437,1.2326698303222656
2500,mla_norope,42,5,14,0.07538716495037079,0.059620171785354614,1.2326698303222656
2500,mla_norope,42,5,15,0.0801239013671875,0.07610322535037994,1.2326698303222656
3000,mla_norope,42,1,0,0.060675352811813354,0.05464218184351921,2.588804006576538
3000,mla_norope,42,1,1,0.06806843727827072,0.0579625628888607,2.588804006576538
3000,mla_norope,42,1,2,0.057711996138095856,0.06468889117240906,2.588804006576538
3000,mla_norope,42,1,3,0.05655405670404434,0.0598071813583374,2.588804006576538
3000,mla_norope,42,1,4,0.08767455816268921,0.06988947838544846,2.588804006576538
3000,mla_norope,42,1,5,0.03318318724632263,0.05980512127280235,2.588804006576538
3000,mla_norope,42,1,6,0.07173421233892441,0.060576725751161575,2.588804006576538
3000,mla_norope,42,1,7,0.07045359164476395,0.0633106455206871,2.588804006576538
3000,mla_norope,42,1,8,0.048718973994255066,0.05631636455655098,2.588804006576538
3000,mla_norope,42,1,9,0.06930196285247803,0.061795953661203384,2.588804006576538
3000,mla_norope,42,1,10,0.06784617155790329,0.06154869124293327,2.588804006576538
3000,mla_norope,42,1,11,0.08686330169439316,0.06782830506563187,2.588804006576538
3000,mla_norope,42,1,12,0.0684661865234375,0.0686328187584877,2.588804006576538
3000,mla_norope,42,1,13,0.04988667741417885,0.06535239517688751,2.588804006576538
3000,mla_norope,42,1,14,0.04927714169025421,0.06039649248123169,2.588804006576538
3000,mla_norope,42,1,15,0.05358418822288513,0.06744611263275146,2.588804006576538
3000,mla_norope,42,2,0,0.05654256045818329,0.06037454679608345,2.482529401779175
3000,mla_norope,42,2,1,0.04955108463764191,0.0578332394361496,2.482529401779175
3000,mla_norope,42,2,2,0.048217978328466415,0.05718753859400749,2.482529401779175
3000,mla_norope,42,2,3,0.04860290512442589,0.052292369306087494,2.482529401779175
3000,mla_norope,42,2,4,0.0708625316619873,0.05874013900756836,2.482529401779175
3000,mla_norope,42,2,5,0.08059021085500717,0.0712166577577591,2.482529401779175
3000,mla_norope,42,2,6,0.06340698152780533,0.0664571225643158,2.482529401779175
3000,mla_norope,42,2,7,0.08965281397104263,0.07303326576948166,2.482529401779175
3000,mla_norope,42,2,8,0.06480377167463303,0.06536522507667542,2.482529401779175
3000,mla_norope,42,2,9,0.0544452928006649,0.06343402713537216,2.482529401779175
3000,mla_norope,42,2,10,0.02941039949655533,0.056759607046842575,2.482529401779175
3000,mla_norope,42,2,11,0.07780049741268158,0.07139058411121368,2.482529401779175
3000,mla_norope,42,2,12,0.058013103902339935,0.05769287794828415,2.482529401779175
3000,mla_norope,42,2,13,0.08419708162546158,0.06622885912656784,2.482529401779175
3000,mla_norope,42,2,14,0.061642762273550034,0.06043615937232971,2.482529401779175
3000,mla_norope,42,2,15,0.06226003170013428,0.061557795852422714,2.482529401779175
3000,mla_norope,42,3,0,0.04707183688879013,0.05573640763759613,1.9224318265914917
3000,mla_norope,42,3,1,0.08470997959375381,0.08188172429800034,1.9224318265914917
3000,mla_norope,42,3,2,0.044431865215301514,0.05089515447616577,1.9224318265914917
3000,mla_norope,42,3,3,0.07310404628515244,0.07104989886283875,1.9224318265914917
3000,mla_norope,42,3,4,0.0714963749051094,0.0728728398680687,1.9224318265914917
3000,mla_norope,42,3,5,0.06280619651079178,0.06300420314073563,1.9224318265914917
3000,mla_norope,42,3,6,0.07302958518266678,0.07118590176105499,1.9224318265914917
3000,mla_norope,42,3,7,0.07583078742027283,0.06795956939458847,1.9224318265914917
3000,mla_norope,42,3,8,0.06767170876264572,0.06050300598144531,1.9224318265914917
3000,mla_norope,42,3,9,0.04655568301677704,0.05671840161085129,1.9224318265914917
3000,mla_norope,42,3,10,0.06404896825551987,0.06261176615953445,1.9224318265914917
3000,mla_norope,42,3,11,0.054153237491846085,0.059357650578022,1.9224318265914917
3000,mla_norope,42,3,12,0.06527221947908401,0.05849968641996384,1.9224318265914917
3000,mla_norope,42,3,13,0.05750172957777977,0.05955804884433746,1.9224318265914917
3000,mla_norope,42,3,14,0.05112497881054878,0.05061514675617218,1.9224318265914917
3000,mla_norope,42,3,15,0.06119079515337944,0.057550594210624695,1.9224318265914917
3000,mla_norope,42,4,0,0.04625518620014191,0.05794776976108551,1.288372278213501
3000,mla_norope,42,4,1,0.034318238496780396,0.039946313947439194,1.288372278213501
3000,mla_norope,42,4,2,0.08798258751630783,0.07192501425743103,1.288372278213501
3000,mla_norope,42,4,3,0.053548481315374374,0.047153498977422714,1.288372278213501
3000,mla_norope,42,4,4,0.03944000229239464,0.04191317409276962,1.288372278213501
3000,mla_norope,42,4,5,0.030799051746726036,0.039631616324186325,1.288372278213501
3000,mla_norope,42,4,6,0.06596750766038895,0.06550516188144684,1.288372278213501
3000,mla_norope,42,4,7,0.036493632942438126,0.03354714810848236,1.288372278213501
3000,mla_norope,42,4,8,0.08144541084766388,0.07162019610404968,1.288372278213501
3000,mla_norope,42,4,9,0.043187662959098816,0.04836235195398331,1.288372278213501
3000,mla_norope,42,4,10,0.1127866581082344,0.11515548825263977,1.288372278213501
3000,mla_norope,42,4,11,0.059342652559280396,0.06977134943008423,1.288372278213501
3000,mla_norope,42,4,12,0.0981731191277504,0.09958017617464066,1.288372278213501
3000,mla_norope,42,4,13,0.06810485571622849,0.06364253163337708,1.288372278213501
3000,mla_norope,42,4,14,0.056260477751493454,0.05982031673192978,1.288372278213501
3000,mla_norope,42,4,15,0.08589447289705276,0.07447785884141922,1.288372278213501
3000,mla_norope,42,5,0,0.04698893055319786,0.053372789174318314,1.2210891246795654
3000,mla_norope,42,5,1,0.04074554517865181,0.044718388468027115,1.2210891246795654
3000,mla_norope,42,5,2,0.11922373622655869,0.11877620965242386,1.2210891246795654
3000,mla_norope,42,5,3,0.03756256029009819,0.02689373679459095,1.2210891246795654
3000,mla_norope,42,5,4,0.08561879396438599,0.07655379176139832,1.2210891246795654
3000,mla_norope,42,5,5,0.029967142269015312,0.0340503565967083,1.2210891246795654
3000,mla_norope,42,5,6,0.05945597216486931,0.060838546603918076,1.2210891246795654
3000,mla_norope,42,5,7,0.0748520940542221,0.052774425595998764,1.2210891246795654
3000,mla_norope,42,5,8,0.07918640226125717,0.07830510288476944,1.2210891246795654
3000,mla_norope,42,5,9,0.07030324637889862,0.05562019348144531,1.2210891246795654
3000,mla_norope,42,5,10,0.032528992742300034,0.05157262831926346,1.2210891246795654
3000,mla_norope,42,5,11,0.0468565858900547,0.0581691674888134,1.2210891246795654
3000,mla_norope,42,5,12,0.06541768461465836,0.09404007345438004,1.2210891246795654
3000,mla_norope,42,5,13,0.05551310256123543,0.0538247674703598,1.2210891246795654
3000,mla_norope,42,5,14,0.0749148577451706,0.0637018084526062,1.2210891246795654
3000,mla_norope,42,5,15,0.08086436241865158,0.07678800821304321,1.2210891246795654
3500,mla_norope,42,1,0,0.06818481534719467,0.05720791593194008,2.5702884197235107
3500,mla_norope,42,1,1,0.08003448694944382,0.06222669780254364,2.5702884197235107
3500,mla_norope,42,1,2,0.051233112812042236,0.06374816596508026,2.5702884197235107
3500,mla_norope,42,1,3,0.05728495121002197,0.05971895903348923,2.5702884197235107
3500,mla_norope,42,1,4,0.07406432926654816,0.06896207481622696,2.5702884197235107
3500,mla_norope,42,1,5,0.08284657448530197,0.06809640675783157,2.5702884197235107
3500,mla_norope,42,1,6,0.06686676293611526,0.05881596729159355,2.5702884197235107
3500,mla_norope,42,1,7,0.07414489984512329,0.06462102383375168,2.5702884197235107
3500,mla_norope,42,1,8,0.05977315083146095,0.057000454515218735,2.5702884197235107
3500,mla_norope,42,1,9,0.05702412873506546,0.05874234437942505,2.5702884197235107
3500,mla_norope,42,1,10,0.061965636909008026,0.05995078384876251,2.5702884197235107
3500,mla_norope,42,1,11,0.07445790618658066,0.06601990014314651,2.5702884197235107
3500,mla_norope,42,1,12,0.04862569272518158,0.06546473503112793,2.5702884197235107
3500,mla_norope,42,1,13,0.0451984666287899,0.06398078799247742,2.5702884197235107
3500,mla_norope,42,1,14,0.04824564605951309,0.060615576803684235,2.5702884197235107
3500,mla_norope,42,1,15,0.05004943907260895,0.06482836604118347,2.5702884197235107
3500,mla_norope,42,2,0,0.06834442168474197,0.06366206705570221,2.4530742168426514
3500,mla_norope,42,2,1,0.06769683957099915,0.061178818345069885,2.4530742168426514
3500,mla_norope,42,2,2,0.03233795240521431,0.052962496876716614,2.4530742168426514
3500,mla_norope,42,2,3,0.052744343876838684,0.05466580018401146,2.4530742168426514
3500,mla_norope,42,2,4,0.06771524995565414,0.05801483616232872,2.4530742168426514
3500,mla_norope,42,2,5,0.07609527558088303,0.07011789828538895,2.4530742168426514
3500,mla_norope,42,2,6,0.07284209877252579,0.06743257492780685,2.4530742168426514
3500,mla_norope,42,2,7,0.08919891715049744,0.07375200092792511,2.4530742168426514
3500,mla_norope,42,2,8,0.059814758598804474,0.06331922113895416,2.4530742168426514
3500,mla_norope,42,2,9,0.05179544910788536,0.06143631786108017,2.4530742168426514
3500,mla_norope,42,2,10,0.0429159551858902,0.06042024493217468,2.4530742168426514
3500,mla_norope,42,2,11,0.07731374353170395,0.0709056705236435,2.4530742168426514
3500,mla_norope,42,2,12,0.059867653995752335,0.06030482426285744,2.4530742168426514
3500,mla_norope,42,2,13,0.06589579582214355,0.061593666672706604,2.4530742168426514
3500,mla_norope,42,2,14,0.055478211492300034,0.05947474017739296,2.4530742168426514
3500,mla_norope,42,2,15,0.059943340718746185,0.0607587955892086,2.4530742168426514
3500,mla_norope,42,3,0,0.04807688295841217,0.057007260620594025,1.8961910009384155
3500,mla_norope,42,3,1,0.08184590935707092,0.0784410610795021,1.8961910009384155
3500,mla_norope,42,3,2,0.05004974454641342,0.05339432507753372,1.8961910009384155
3500,mla_norope,42,3,3,0.06928344815969467,0.06863775849342346,1.8961910009384155
3500,mla_norope,42,3,4,0.06933644413948059,0.06951414048671722,1.8961910009384155
3500,mla_norope,42,3,5,0.06345021724700928,0.06186028942465782,1.8961910009384155
3500,mla_norope,42,3,6,0.0753948986530304,0.07005508989095688,1.8961910009384155
3500,mla_norope,42,3,7,0.07380361109972,0.06706007570028305,1.8961910009384155
3500,mla_norope,42,3,8,0.0632559210062027,0.05712291598320007,1.8961910009384155
3500,mla_norope,42,3,9,0.051186930388212204,0.0589708648622036,1.8961910009384155
3500,mla_norope,42,3,10,0.059936728328466415,0.05996216461062431,1.8961910009384155
3500,mla_norope,42,3,11,0.05372863635420799,0.059676069766283035,1.8961910009384155
3500,mla_norope,42,3,12,0.08346455544233322,0.07699284702539444,1.8961910009384155
3500,mla_norope,42,3,13,0.04899648204445839,0.05511651933193207,1.8961910009384155
3500,mla_norope,42,3,14,0.05053649842739105,0.05001366510987282,1.8961910009384155
3500,mla_norope,42,3,15,0.057653095573186874,0.056175004690885544,1.8961910009384155
3500,mla_norope,42,4,0,0.048536479473114014,0.059919241815805435,1.2768679857254028
3500,mla_norope,42,4,1,0.0303497314453125,0.03811268135905266,1.2768679857254028
3500,mla_norope,42,4,2,0.09102020412683487,0.07235103100538254,1.2768679857254028
3500,mla_norope,42,4,3,0.05599772185087204,0.046076700091362,1.2768679857254028
3500,mla_norope,42,4,4,0.03587137907743454,0.03869311138987541,1.2768679857254028
3500,mla_norope,42,4,5,0.029338989406824112,0.03881353139877319,1.2768679857254028
3500,mla_norope,42,4,6,0.06093882396817207,0.06326251477003098,1.2768679857254028
3500,mla_norope,42,4,7,0.03597778454422951,0.031931281089782715,1.2768679857254028
3500,mla_norope,42,4,8,0.09033437073230743,0.07921507209539413,1.2768679857254028
3500,mla_norope,42,4,9,0.04243876039981842,0.04748903587460518,1.2768679857254028
3500,mla_norope,42,4,10,0.10851023346185684,0.11111621558666229,1.2768679857254028
3500,mla_norope,42,4,11,0.0588054396212101,0.06820857524871826,1.2768679857254028
3500,mla_norope,42,4,12,0.09502756595611572,0.09703624248504639,1.2768679857254028
3500,mla_norope,42,4,13,0.0717359408736229,0.06703907996416092,1.2768679857254028
3500,mla_norope,42,4,14,0.053664956241846085,0.060634493827819824,1.2768679857254028
3500,mla_norope,42,4,15,0.09145162254571915,0.08010125905275345,1.2768679857254028
3500,mla_norope,42,5,0,0.04581766948103905,0.05359712615609169,1.2315495014190674
3500,mla_norope,42,5,1,0.041807353496551514,0.047785256057977676,1.2315495014190674
3500,mla_norope,42,5,2,0.1267714500427246,0.12621575593948364,1.2315495014190674
3500,mla_norope,42,5,3,0.029934896156191826,0.022772861644625664,1.2315495014190674
3500,mla_norope,42,5,4,0.08465006202459335,0.0762031078338623,1.2315495014190674
3500,mla_norope,42,5,5,0.029968872666358948,0.03385040536522865,1.2315495014190674
3500,mla_norope,42,5,6,0.05779978260397911,0.057819005101919174,1.2315495014190674
3500,mla_norope,42,5,7,0.07838063687086105,0.056388888508081436,1.2315495014190674
3500,mla_norope,42,5,8,0.08224090933799744,0.07826218008995056,1.2315495014190674
3500,mla_norope,42,5,9,0.0684681162238121,0.05907856673002243,1.2315495014190674
3500,mla_norope,42,5,10,0.03396240249276161,0.052631258964538574,1.2315495014190674
3500,mla_norope,42,5,11,0.047391053289175034,0.0599883534014225,1.2315495014190674
3500,mla_norope,42,5,12,0.06335591524839401,0.08751702308654785,1.2315495014190674
3500,mla_norope,42,5,13,0.05009318143129349,0.0493389293551445,1.2315495014190674
3500,mla_norope,42,5,14,0.07941233366727829,0.06313486397266388,1.2315495014190674
3500,mla_norope,42,5,15,0.07994537055492401,0.0754164531826973,1.2315495014190674
4000,mla_norope,42,1,0,0.0639101192355156,0.054705411195755005,2.547739267349243
4000,mla_norope,42,1,1,0.07656951993703842,0.06201891601085663,2.547739267349243
4000,mla_norope,42,1,2,0.05750579759478569,0.062043044716119766,2.547739267349243
4000,mla_norope,42,1,3,0.05489237606525421,0.058486104011535645,2.547739267349243
4000,mla_norope,42,1,4,0.06098531186580658,0.06337294727563858,2.547739267349243
4000,mla_norope,42,1,5,0.037140097469091415,0.06194878742098808,2.547739267349243
4000,mla_norope,42,1,6,0.07775512337684631,0.0636829361319542,2.547739267349243
4000,mla_norope,42,1,7,0.07553741335868835,0.06477665901184082,2.547739267349243
4000,mla_norope,42,1,8,0.06270039826631546,0.05693819001317024,2.547739267349243
4000,mla_norope,42,1,9,0.051413267850875854,0.05732114613056183,2.547739267349243
4000,mla_norope,42,1,10,0.06842946261167526,0.06322862952947617,2.547739267349243
4000,mla_norope,42,1,11,0.07174407690763474,0.06687911599874496,2.547739267349243
4000,mla_norope,42,1,12,0.07539144158363342,0.07078810036182404,2.547739267349243
4000,mla_norope,42,1,13,0.04454335570335388,0.0635121762752533,2.547739267349243
4000,mla_norope,42,1,14,0.07003764063119888,0.06587453186511993,2.547739267349243
4000,mla_norope,42,1,15,0.05144460126757622,0.06442323327064514,2.547739267349243
4000,mla_norope,42,2,0,0.06436177343130112,0.06272803246974945,2.4257028102874756
4000,mla_norope,42,2,1,0.06731709837913513,0.059412624686956406,2.4257028102874756
4000,mla_norope,42,2,2,0.049936726689338684,0.056588008999824524,2.4257028102874756
4000,mla_norope,42,2,3,0.06993835419416428,0.06224265322089195,2.4257028102874756
4000,mla_norope,42,2,4,0.06114349514245987,0.05544043704867363,2.4257028102874756
4000,mla_norope,42,2,5,0.0736471563577652,0.06928233057260513,2.4257028102874756
4000,mla_norope,42,2,6,0.04853922501206398,0.06139388307929039,2.4257028102874756
4000,mla_norope,42,2,7,0.08517059683799744,0.07211301475763321,2.4257028102874756
4000,mla_norope,42,2,8,0.047402650117874146,0.059359874576330185,2.4257028102874756
4000,mla_norope,42,2,9,0.05092407390475273,0.06125488132238388,2.4257028102874756
4000,mla_norope,42,2,10,0.05510803312063217,0.06248645856976509,2.4257028102874756
4000,mla_norope,42,2,11,0.07915059477090836,0.07172732055187225,2.4257028102874756
4000,mla_norope,42,2,12,0.06833333522081375,0.06167353317141533,2.4257028102874756
4000,mla_norope,42,2,13,0.07229726016521454,0.06486254930496216,2.4257028102874756
4000,mla_norope,42,2,14,0.04314972087740898,0.05606313794851303,2.4257028102874756
4000,mla_norope,42,2,15,0.06357991695404053,0.06337127089500427,2.4257028102874756
4000,mla_norope,42,3,0,0.04016458988189697,0.052422069013118744,1.870219349861145
4000,mla_norope,42,3,1,0.08816731721162796,0.08605902642011642,1.870219349861145
4000,mla_norope,42,3,2,0.05474375560879707,0.05528438463807106,1.870219349861145
4000,mla_norope,42,3,3,0.06729156523942947,0.06757738441228867,1.870219349861145
4000,mla_norope,42,3,4,0.06570465117692947,0.06830957531929016,1.870219349861145
4000,mla_norope,42,3,5,0.06802958250045776,0.06280849874019623,1.870219349861145
4000,mla_norope,42,3,6,0.06741699576377869,0.06526018679141998,1.870219349861145
4000,mla_norope,42,3,7,0.07129689306020737,0.06479942798614502,1.870219349861145
4000,mla_norope,42,3,8,0.07258931547403336,0.0626516044139862,1.870219349861145
4000,mla_norope,42,3,9,0.04910125583410263,0.058517977595329285,1.870219349861145
4000,mla_norope,42,3,10,0.059901632368564606,0.05784749239683151,1.870219349861145
4000,mla_norope,42,3,11,0.0518239326775074,0.05846172943711281,1.870219349861145
4000,mla_norope,42,3,12,0.07429484277963638,0.06999204307794571,1.870219349861145
4000,mla_norope,42,3,13,0.05494954437017441,0.05894353240728378,1.870219349861145
4000,mla_norope,42,3,14,0.052448730915784836,0.05202258378267288,1.870219349861145
4000,mla_norope,42,3,15,0.06207539886236191,0.059042442589998245,1.870219349861145
4000,mla_norope,42,4,0,0.04699127376079559,0.05863276124000549,1.2734122276306152
4000,mla_norope,42,4,1,0.030201924964785576,0.037560079246759415,1.2734122276306152
4000,mla_norope,42,4,2,0.08582377433776855,0.06882444024085999,1.2734122276306152
4000,mla_norope,42,4,3,0.05641794949769974,0.04815863445401192,1.2734122276306152
4000,mla_norope,42,4,4,0.03782175853848457,0.03911001235246658,1.2734122276306152
4000,mla_norope,42,4,5,0.031039733439683914,0.04092753306031227,1.2734122276306152
4000,mla_norope,42,4,6,0.06418558955192566,0.06641808152198792,1.2734122276306152
4000,mla_norope,42,4,7,0.03606780990958214,0.03274304047226906,1.2734122276306152
4000,mla_norope,42,4,8,0.0901496410369873,0.07889468222856522,1.2734122276306152
4000,mla_norope,42,4,9,0.039340514689683914,0.04635974392294884,1.2734122276306152
4000,mla_norope,42,4,10,0.11408355832099915,0.11350434273481369,1.2734122276306152
4000,mla_norope,42,4,11,0.056944988667964935,0.06808474659919739,1.2734122276306152
4000,mla_norope,42,4,12,0.09737050533294678,0.09588541090488434,1.2734122276306152
4000,mla_norope,42,4,13,0.07141347229480743,0.06651481986045837,1.2734122276306152
4000,mla_norope,42,4,14,0.05793863907456398,0.06640486419200897,1.2734122276306152
4000,mla_norope,42,4,15,0.0842088833451271,0.07197688519954681,1.2734122276306152
4000,mla_norope,42,5,0,0.04499267414212227,0.0546829029917717,1.2431498765945435
4000,mla_norope,42,5,1,0.04413513094186783,0.04899849742650986,1.2431498765945435
4000,mla_norope,42,5,2,0.12027902901172638,0.11705213040113449,1.2431498765945435
4000,mla_norope,42,5,3,0.036612242460250854,0.025840744376182556,1.2431498765945435
4000,mla_norope,42,5,4,0.08352844417095184,0.07425203919410706,1.2431498765945435
4000,mla_norope,42,5,5,0.02978159673511982,0.03178330883383751,1.2431498765945435
4000,mla_norope,42,5,6,0.06590220332145691,0.06508196145296097,1.2431498765945435
4000,mla_norope,42,5,7,0.07478363066911697,0.054709650576114655,1.2431498765945435
4000,mla_norope,42,5,8,0.0821138545870781,0.08304955810308456,1.2431498765945435
4000,mla_norope,42,5,9,0.06708607822656631,0.05631650984287262,1.2431498765945435
4000,mla_norope,42,5,10,0.031082559376955032,0.04820634797215462,1.2431498765945435
4000,mla_norope,42,5,11,0.04655975475907326,0.05956188961863518,1.2431498765945435
4000,mla_norope,42,5,12,0.06559407711029053,0.08836150914430618,1.2431498765945435
4000,mla_norope,42,5,13,0.052501220256090164,0.05282573401927948,1.2431498765945435
4000,mla_norope,42,5,14,0.07690856605768204,0.06448333710432053,1.2431498765945435
4000,mla_norope,42,5,15,0.07813894003629684,0.07479400187730789,1.2431498765945435
4500,mla_norope,42,1,0,0.07150187343358994,0.05798222869634628,2.517302989959717
4500,mla_norope,42,1,1,0.06644439697265625,0.05937116593122482,2.517302989959717
4500,mla_norope,42,1,2,0.06425486505031586,0.06300308555364609,2.517302989959717
4500,mla_norope,42,1,3,0.04950113967061043,0.056538984179496765,2.517302989959717
4500,mla_norope,42,1,4,0.07708099484443665,0.0692453384399414,2.517302989959717
4500,mla_norope,42,1,5,0.07802866399288177,0.06717969477176666,2.517302989959717
4500,mla_norope,42,1,6,0.062347617000341415,0.05801555514335632,2.517302989959717
4500,mla_norope,42,1,7,0.07026661932468414,0.06384222954511642,2.517302989959717
4500,mla_norope,42,1,8,0.06644337624311447,0.057282060384750366,2.517302989959717
4500,mla_norope,42,1,9,0.05922413989901543,0.059046968817710876,2.517302989959717
4500,mla_norope,42,1,10,0.07230458408594131,0.06497827917337418,2.517302989959717
4500,mla_norope,42,1,11,0.04069732502102852,0.06326347589492798,2.517302989959717
4500,mla_norope,42,1,12,0.05263163149356842,0.0673125758767128,2.517302989959717
4500,mla_norope,42,1,13,0.038831889629364014,0.061145465821027756,2.517302989959717
4500,mla_norope,42,1,14,0.06750477850437164,0.06554588675498962,2.517302989959717
4500,mla_norope,42,1,15,0.06293609738349915,0.06624700129032135,2.517302989959717
4500,mla_norope,42,2,0,0.0750688686966896,0.06531211733818054,2.3930587768554688
4500,mla_norope,42,2,1,0.05016621947288513,0.05614636838436127,2.3930587768554688
4500,mla_norope,42,2,2,0.056930236518383026,0.05810439959168434,2.3930587768554688
4500,mla_norope,42,2,3,0.06596323847770691,0.06139911711215973,2.3930587768554688
4500,mla_norope,42,2,4,0.06684387475252151,0.060044415295124054,2.3930587768554688
4500,mla_norope,42,2,5,0.07663055509328842,0.07085870951414108,2.3930587768554688
4500,mla_norope,42,2,6,0.05127064883708954,0.06050978973507881,2.3930587768554688
4500,mla_norope,42,2,7,0.08728586882352829,0.07377558946609497,2.3930587768554688
4500,mla_norope,42,2,8,0.04581400379538536,0.057416509836912155,2.3930587768554688
4500,mla_norope,42,2,9,0.05362701416015625,0.060537904500961304,2.3930587768554688
4500,mla_norope,42,2,10,0.043120115995407104,0.058307744562625885,2.3930587768554688
4500,mla_norope,42,2,11,0.08537445217370987,0.07599076628684998,2.3930587768554688
4500,mla_norope,42,2,12,0.0634072870016098,0.06228651851415634,2.3930587768554688
4500,mla_norope,42,2,13,0.06389017403125763,0.060419484972953796,2.3930587768554688
4500,mla_norope,42,2,14,0.053349610418081284,0.05649459734559059,2.3930587768554688
4500,mla_norope,42,2,15,0.06125783175230026,0.06239601597189903,2.3930587768554688
4500,mla_norope,42,3,0,0.050890807062387466,0.05548422038555145,1.8351871967315674
4500,mla_norope,42,3,1,0.08790384978055954,0.08519520610570908,1.8351871967315674
4500,mla_norope,42,3,2,0.04731933772563934,0.05288666859269142,1.8351871967315674
4500,mla_norope,42,3,3,0.07154286652803421,0.07312431931495667,1.8351871967315674
4500,mla_norope,42,3,4,0.06505350768566132,0.06557217240333557,1.8351871967315674
4500,mla_norope,42,3,5,0.05926768109202385,0.06020704284310341,1.8351871967315674
4500,mla_norope,42,3,6,0.07427937537431717,0.069509357213974,1.8351871967315674
4500,mla_norope,42,3,7,0.07371866703033447,0.0668191984295845,1.8351871967315674
4500,mla_norope,42,3,8,0.06260599941015244,0.05536416918039322,1.8351871967315674
4500,mla_norope,42,3,9,0.05091512203216553,0.06005140766501427,1.8351871967315674
4500,mla_norope,42,3,10,0.0636005625128746,0.06111270189285278,1.8351871967315674
4500,mla_norope,42,3,11,0.04640767350792885,0.05368932709097862,1.8351871967315674
4500,mla_norope,42,3,12,0.07560282200574875,0.06976713240146637,1.8351871967315674
4500,mla_norope,42,3,13,0.052198078483343124,0.05669805407524109,1.8351871967315674
4500,mla_norope,42,3,14,0.05532379075884819,0.053333695977926254,1.8351871967315674
4500,mla_norope,42,3,15,0.06336985528469086,0.06118527054786682,1.8351871967315674
4500,mla_norope,42,4,0,0.047782186418771744,0.060457292944192886,1.2802422046661377
4500,mla_norope,42,4,1,0.029111124575138092,0.03800056874752045,1.2802422046661377
4500,mla_norope,42,4,2,0.08483052253723145,0.06559847295284271,1.2802422046661377
4500,mla_norope,42,4,3,0.05903513729572296,0.05077948048710823,1.2802422046661377
4500,mla_norope,42,4,4,0.03590850904583931,0.03688308969140053,1.2802422046661377
4500,mla_norope,42,4,5,0.028452351689338684,0.038893502205610275,1.2802422046661377
4500,mla_norope,42,4,6,0.06238657608628273,0.06362112611532211,1.2802422046661377
4500,mla_norope,42,4,7,0.03664154186844826,0.03501212224364281,1.2802422046661377
4500,mla_norope,42,4,8,0.09042246639728546,0.07822946459054947,1.2802422046661377
4500,mla_norope,42,4,9,0.03993133455514908,0.04646018147468567,1.2802422046661377
4500,mla_norope,42,4,10,0.11026886105537415,0.10959716886281967,1.2802422046661377
4500,mla_norope,42,4,11,0.057543233036994934,0.06703639030456543,1.2802422046661377
4500,mla_norope,42,4,12,0.10033874213695526,0.1026129424571991,1.2802422046661377
4500,mla_norope,42,4,13,0.07582356780767441,0.07049480825662613,1.2802422046661377
4500,mla_norope,42,4,14,0.05601765960454941,0.061593856662511826,1.2802422046661377
4500,mla_norope,42,4,15,0.08550618588924408,0.07472947984933853,1.2802422046661377
4500,mla_norope,42,5,0,0.04611409455537796,0.05388633906841278,1.2335978746414185
4500,mla_norope,42,5,1,0.040402527898550034,0.04410002380609512,1.2335978746414185
4500,mla_norope,42,5,2,0.12251821160316467,0.12128757685422897,1.2335978746414185
4500,mla_norope,42,5,3,0.03213389217853546,0.02387246862053871,1.2335978746414185
4500,mla_norope,42,5,4,0.0855790227651596,0.07472777366638184,1.2335978746414185
4500,mla_norope,42,5,5,0.0312633253633976,0.03330621495842934,1.2335978746414185
4500,mla_norope,42,5,6,0.06512634456157684,0.06479541957378387,1.2335978746414185
4500,mla_norope,42,5,7,0.08345906436443329,0.05842982605099678,1.2335978746414185
4500,mla_norope,42,5,8,0.07756805419921875,0.07677700370550156,1.2335978746414185
4500,mla_norope,42,5,9,0.06129313260316849,0.05415293201804161,1.2335978746414185
4500,mla_norope,42,5,10,0.030779113993048668,0.05041677877306938,1.2335978746414185
4500,mla_norope,42,5,11,0.047626953572034836,0.05983300507068634,1.2335978746414185
4500,mla_norope,42,5,12,0.06776133179664612,0.09071943163871765,1.2335978746414185
4500,mla_norope,42,5,13,0.04805542156100273,0.05145925655961037,1.2335978746414185
4500,mla_norope,42,5,14,0.08217336237430573,0.06875003129243851,1.2335978746414185
4500,mla_norope,42,5,15,0.07814615964889526,0.07348594069480896,1.2335978746414185
5000,mla_norope,42,1,0,0.05961649492383003,0.05319637060165405,2.488085985183716
5000,mla_norope,42,1,1,0.06369883567094803,0.05836459994316101,2.488085985183716
5000,mla_norope,42,1,2,0.06255849450826645,0.062143854796886444,2.488085985183716
5000,mla_norope,42,1,3,0.06387665122747421,0.06056396663188934,2.488085985183716
5000,mla_norope,42,1,4,0.07851104438304901,0.06999064236879349,2.488085985183716
5000,mla_norope,42,1,5,0.04808186739683151,0.0626639574766159,2.488085985183716
5000,mla_norope,42,1,6,0.08050486445426941,0.06756465882062912,2.488085985183716
5000,mla_norope,42,1,7,0.07119659334421158,0.06375008821487427,2.488085985183716
5000,mla_norope,42,1,8,0.06721537560224533,0.057746030390262604,2.488085985183716
5000,mla_norope,42,1,9,0.05318410322070122,0.05777675658464432,2.488085985183716
5000,mla_norope,42,1,10,0.06777903437614441,0.06222478300333023,2.488085985183716
5000,mla_norope,42,1,11,0.060992736369371414,0.06705980002880096,2.488085985183716
5000,mla_norope,42,1,12,0.05447174236178398,0.06689368933439255,2.488085985183716
5000,mla_norope,42,1,13,0.06439371407032013,0.06600702553987503,2.488085985183716
5000,mla_norope,42,1,14,0.06204986572265625,0.06319870054721832,2.488085985183716
5000,mla_norope,42,1,15,0.04186858981847763,0.06085507199168205,2.488085985183716
5000,mla_norope,42,2,0,0.0674896240234375,0.061884116381406784,2.3573098182678223
5000,mla_norope,42,2,1,0.06310445070266724,0.06168413162231445,2.3573098182678223
5000,mla_norope,42,2,2,0.059250183403491974,0.0585385262966156,2.3573098182678223
5000,mla_norope,42,2,3,0.05568379536271095,0.0574960894882679,2.3573098182678223
5000,mla_norope,42,2,4,0.06231526657938957,0.05788218975067139,2.3573098182678223
5000,mla_norope,42,2,5,0.08411000669002533,0.07286650687456131,2.3573098182678223
5000,mla_norope,42,2,6,0.06289662420749664,0.06295909732580185,2.3573098182678223
5000,mla_norope,42,2,7,0.09347514063119888,0.07933172583580017,2.3573098182678223
5000,mla_norope,42,2,8,0.04023681581020355,0.056548651307821274,2.3573098182678223
5000,mla_norope,42,2,9,0.04427093639969826,0.05732151120901108,2.3573098182678223
5000,mla_norope,42,2,10,0.04151112958788872,0.05856575071811676,2.3573098182678223
5000,mla_norope,42,2,11,0.07329487800598145,0.07011812180280685,2.3573098182678223
5000,mla_norope,42,2,12,0.05648498609662056,0.059398435056209564,2.3573098182678223
5000,mla_norope,42,2,13,0.07566853612661362,0.0656331479549408,2.3573098182678223
5000,mla_norope,42,2,14,0.06646382808685303,0.05992377549409866,2.3573098182678223
5000,mla_norope,42,2,15,0.053743794560432434,0.059848181903362274,2.3573098182678223
5000,mla_norope,42,3,0,0.04306427016854286,0.05187056586146355,1.8268041610717773
5000,mla_norope,42,3,1,0.0838412493467331,0.07956539839506149,1.8268041610717773
5000,mla_norope,42,3,2,0.04327443614602089,0.05092815309762955,1.8268041610717773
5000,mla_norope,42,3,3,0.0673154667019844,0.0683286264538765,1.8268041610717773
5000,mla_norope,42,3,4,0.06492573767900467,0.06660827994346619,1.8268041610717773
5000,mla_norope,42,3,5,0.07051075994968414,0.06635906547307968,1.8268041610717773
5000,mla_norope,42,3,6,0.07449666410684586,0.07034362107515335,1.8268041610717773
5000,mla_norope,42,3,7,0.07774495333433151,0.0701812133193016,1.8268041610717773
5000,mla_norope,42,3,8,0.0678139254450798,0.05979558825492859,1.8268041610717773
5000,mla_norope,42,3,9,0.05068105086684227,0.060684408992528915,1.8268041610717773
5000,mla_norope,42,3,10,0.05364278331398964,0.054933566600084305,1.8268041610717773
5000,mla_norope,42,3,11,0.05545511841773987,0.06010166183114052,1.8268041610717773
5000,mla_norope,42,3,12,0.07503804564476013,0.06818891316652298,1.8268041610717773
5000,mla_norope,42,3,13,0.0568796806037426,0.06103980913758278,1.8268041610717773
5000,mla_norope,42,3,14,0.0509013868868351,0.050002217292785645,1.8268041610717773
5000,mla_norope,42,3,15,0.06441447138786316,0.061068955808877945,1.8268041610717773
5000,mla_norope,42,4,0,0.04360056668519974,0.05531132221221924,1.2840932607650757
5000,mla_norope,42,4,1,0.030199890956282616,0.03941448777914047,1.2840932607650757
5000,mla_norope,42,4,2,0.08789794892072678,0.06919391453266144,1.2840932607650757
5000,mla_norope,42,4,3,0.056903280317783356,0.050308339297771454,1.2840932607650757
5000,mla_norope,42,4,4,0.0403614304959774,0.04317725822329521,1.2840932607650757
5000,mla_norope,42,4,5,0.031044108793139458,0.040101055055856705,1.2840932607650757
5000,mla_norope,42,4,6,0.06784220039844513,0.06870035082101822,1.2840932607650757
5000,mla_norope,42,4,7,0.034508563578128815,0.033775847405195236,1.2840932607650757
5000,mla_norope,42,4,8,0.08707478642463684,0.07488033920526505,1.2840932607650757
5000,mla_norope,42,4,9,0.03808308765292168,0.0439579077064991,1.2840932607650757
5000,mla_norope,42,4,10,0.10950744897127151,0.10597816854715347,1.2840932607650757
5000,mla_norope,42,4,11,0.0596180222928524,0.07090550661087036,1.2840932607650757
5000,mla_norope,42,4,12,0.0977872684597969,0.09746977686882019,1.2840932607650757
5000,mla_norope,42,4,13,0.07640523463487625,0.07258440554141998,1.2840932607650757
5000,mla_norope,42,4,14,0.05510874465107918,0.06035244092345238,1.2840932607650757
5000,mla_norope,42,4,15,0.08405741304159164,0.07388889789581299,1.2840932607650757
5000,mla_norope,42,5,0,0.04706186801195145,0.054663192480802536,1.2384214401245117
5000,mla_norope,42,5,1,0.04114735871553421,0.045215900987386703,1.2384214401245117
5000,mla_norope,42,5,2,0.12436838448047638,0.11930622160434723,1.2384214401245117
5000,mla_norope,42,5,3,0.03960255905985832,0.026894235983490944,1.2384214401245117
5000,mla_norope,42,5,4,0.08527638763189316,0.0762978047132492,1.2384214401245117
5000,mla_norope,42,5,5,0.026876220479607582,0.030881647020578384,1.2384214401245117
5000,mla_norope,42,5,6,0.06740346550941467,0.0659996047616005,1.2384214401245117
5000,mla_norope,42,5,7,0.08207397162914276,0.058040160685777664,1.2384214401245117
5000,mla_norope,42,5,8,0.07959900051355362,0.08038628846406937,1.2384214401245117
5000,mla_norope,42,5,9,0.060553792864084244,0.05367329344153404,1.2384214401245117
5000,mla_norope,42,5,10,0.029982909560203552,0.04833834618330002,1.2384214401245117
5000,mla_norope,42,5,11,0.04843251407146454,0.06061680614948273,1.2384214401245117
5000,mla_norope,42,5,12,0.06720021367073059,0.09007096290588379,1.2384214401245117
5000,mla_norope,42,5,13,0.047714538872241974,0.050787147134542465,1.2384214401245117
5000,mla_norope,42,5,14,0.07578308135271072,0.06555759161710739,1.2384214401245117
5000,mla_norope,42,5,15,0.07692372798919678,0.07327066361904144,1.2384214401245117
5500,mla_norope,42,1,0,0.06408295035362244,0.055269889533519745,2.469911575317383
5500,mla_norope,42,1,1,0.05790150910615921,0.05521296337246895,2.469911575317383
5500,mla_norope,42,1,2,0.04254597797989845,0.05499475449323654,2.469911575317383
5500,mla_norope,42,1,3,0.056754760444164276,0.058934327214956284,2.469911575317383
5500,mla_norope,42,1,4,0.07619395107030869,0.07143761217594147,2.469911575317383
5500,mla_norope,42,1,5,0.06812144070863724,0.06683515012264252,2.469911575317383
5500,mla_norope,42,1,6,0.08074666559696198,0.06728348881006241,2.469911575317383
5500,mla_norope,42,1,7,0.06664560735225677,0.06263946741819382,2.469911575317383
5500,mla_norope,42,1,8,0.05980072170495987,0.055128149688243866,2.469911575317383
5500,mla_norope,42,1,9,0.06319630891084671,0.06171584501862526,2.469911575317383
5500,mla_norope,42,1,10,0.0718153864145279,0.06544476002454758,2.469911575317383
5500,mla_norope,42,1,11,0.05437581241130829,0.06525440514087677,2.469911575317383
5500,mla_norope,42,1,12,0.043685100972652435,0.06617438793182373,2.469911575317383
5500,mla_norope,42,1,13,0.0640774518251419,0.06484820693731308,2.469911575317383
5500,mla_norope,42,1,14,0.06032704561948776,0.06307987868785858,2.469911575317383
5500,mla_norope,42,1,15,0.06972930580377579,0.06574660539627075,2.469911575317383
5500,mla_norope,42,2,0,0.07885956019163132,0.06786302477121353,2.3167245388031006
5500,mla_norope,42,2,1,0.05835886672139168,0.05896135792136192,2.3167245388031006
5500,mla_norope,42,2,2,0.056149087846279144,0.05690475553274155,2.3167245388031006
5500,mla_norope,42,2,3,0.05907450243830681,0.05718577653169632,2.3167245388031006
5500,mla_norope,42,2,4,0.0577881895005703,0.054497770965099335,2.3167245388031006
5500,mla_norope,42,2,5,0.06529764831066132,0.06627606600522995,2.3167245388031006
5500,mla_norope,42,2,6,0.0626518726348877,0.06273499131202698,2.3167245388031006
5500,mla_norope,42,2,7,0.09830108284950256,0.08535868674516678,2.3167245388031006
5500,mla_norope,42,2,8,0.041340332478284836,0.05465139448642731,2.3167245388031006
5500,mla_norope,42,2,9,0.05067382752895355,0.05899886414408684,2.3167245388031006
5500,mla_norope,42,2,10,0.05472167953848839,0.06229478865861893,2.3167245388031006
5500,mla_norope,42,2,11,0.07535655051469803,0.07210230082273483,2.3167245388031006
5500,mla_norope,42,2,12,0.05852976441383362,0.06014348194003105,2.3167245388031006
5500,mla_norope,42,2,13,0.07358887046575546,0.0654263123869896,2.3167245388031006
5500,mla_norope,42,2,14,0.05038950592279434,0.05508424714207649,2.3167245388031006
5500,mla_norope,42,2,15,0.05891865864396095,0.06151614338159561,2.3167245388031006
5500,mla_norope,42,3,0,0.04187937453389168,0.051860276609659195,1.7814605236053467
5500,mla_norope,42,3,1,0.08230722695589066,0.07861887663602829,1.7814605236053467
5500,mla_norope,42,3,2,0.05128946900367737,0.05337652191519737,1.7814605236053467
5500,mla_norope,42,3,3,0.07098734378814697,0.07170061767101288,1.7814605236053467
5500,mla_norope,42,3,4,0.06687601655721664,0.06853491812944412,1.7814605236053467
5500,mla_norope,42,3,5,0.060807496309280396,0.06122788041830063,1.7814605236053467
5500,mla_norope,42,3,6,0.06373382359743118,0.06254791468381882,1.7814605236053467
5500,mla_norope,42,3,7,0.08078979700803757,0.07329300045967102,1.7814605236053467
5500,mla_norope,42,3,8,0.07819030433893204,0.06569372117519379,1.7814605236053467
5500,mla_norope,42,3,9,0.05194040760397911,0.061247818171978,1.7814605236053467
5500,mla_norope,42,3,10,0.06484436243772507,0.06305728107690811,1.7814605236053467
5500,mla_norope,42,3,11,0.04859659820795059,0.054044175893068314,1.7814605236053467
5500,mla_norope,42,3,12,0.07034749537706375,0.06537581980228424,1.7814605236053467
5500,mla_norope,42,3,13,0.05524536222219467,0.05956469103693962,1.7814605236053467
5500,mla_norope,42,3,14,0.05751251056790352,0.05448324978351593,1.7814605236053467
5500,mla_norope,42,3,15,0.05465240404009819,0.05537327378988266,1.7814605236053467
5500,mla_norope,42,4,0,0.043981730937957764,0.056538067758083344,1.2719111442565918
5500,mla_norope,42,4,1,0.033935241401195526,0.04015820473432541,1.2719111442565918
5500,mla_norope,42,4,2,0.08929961919784546,0.06884800642728806,1.2719111442565918
5500,mla_norope,42,4,3,0.057248231023550034,0.05096092447638512,1.2719111442565918
5500,mla_norope,42,4,4,0.03353078290820122,0.03772686794400215,1.2719111442565918
5500,mla_norope,42,4,5,0.02759643644094467,0.037011004984378815,1.2719111442565918
5500,mla_norope,42,4,6,0.06382924318313599,0.06598974764347076,1.2719111442565918
5500,mla_norope,42,4,7,0.035576578229665756,0.033684372901916504,1.2719111442565918
5500,mla_norope,42,4,8,0.09502095729112625,0.08224764466285706,1.2719111442565918
5500,mla_norope,42,4,9,0.0391959622502327,0.04568605497479439,1.2719111442565918
5500,mla_norope,42,4,10,0.11171752959489822,0.11173955351114273,1.2719111442565918
5500,mla_norope,42,4,11,0.06049255281686783,0.0699068158864975,1.2719111442565918
5500,mla_norope,42,4,12,0.09954610466957092,0.09921810030937195,1.2719111442565918
5500,mla_norope,42,4,13,0.07237844169139862,0.06674274802207947,1.2719111442565918
5500,mla_norope,42,4,14,0.051567789167165756,0.060499515384435654,1.2719111442565918
5500,mla_norope,42,4,15,0.08508280664682388,0.07304242998361588,1.2719111442565918
5500,mla_norope,42,5,0,0.04424184188246727,0.05053459480404854,1.2503485679626465
5500,mla_norope,42,5,1,0.04275065287947655,0.047523144632577896,1.2503485679626465
5500,mla_norope,42,5,2,0.12425974756479263,0.11800102144479752,1.2503485679626465
5500,mla_norope,42,5,3,0.038760580122470856,0.02784384787082672,1.2503485679626465
5500,mla_norope,42,5,4,0.08526204526424408,0.07782313972711563,1.2503485679626465
5500,mla_norope,42,5,5,0.029360352084040642,0.03222412243485451,1.2503485679626465
5500,mla_norope,42,5,6,0.061758626252412796,0.06153179705142975,1.2503485679626465
5500,mla_norope,42,5,7,0.08488260954618454,0.058750636875629425,1.2503485679626465
5500,mla_norope,42,5,8,0.0772813931107521,0.07858864963054657,1.2503485679626465
5500,mla_norope,42,5,9,0.05975189059972763,0.05602574720978737,1.2503485679626465
5500,mla_norope,42,5,10,0.030864562839269638,0.0501224510371685,1.2503485679626465
5500,mla_norope,42,5,11,0.046905212104320526,0.06084716320037842,1.2503485679626465
5500,mla_norope,42,5,12,0.0673229992389679,0.08873355388641357,1.2503485679626465
5500,mla_norope,42,5,13,0.04870025813579559,0.052334949374198914,1.2503485679626465
5500,mla_norope,42,5,14,0.07684844732284546,0.06521940231323242,1.2503485679626465
5500,mla_norope,42,5,15,0.08104878664016724,0.07389575988054276,1.2503485679626465
6000,mla_norope,42,1,0,0.062084656208753586,0.054067712277173996,2.440115451812744
6000,mla_norope,42,1,1,0.05927113816142082,0.05678293853998184,2.440115451812744
6000,mla_norope,42,1,2,0.05799855664372444,0.05972738936543465,2.440115451812744
6000,mla_norope,42,1,3,0.06720113009214401,0.06273473054170609,2.440115451812744
6000,mla_norope,42,1,4,0.07628550380468369,0.07018636167049408,2.440115451812744
6000,mla_norope,42,1,5,0.05914764478802681,0.06486202031373978,2.440115451812744
6000,mla_norope,42,1,6,0.07884135097265244,0.06751749664545059,2.440115451812744
6000,mla_norope,42,1,7,0.06477925926446915,0.06194857880473137,2.440115451812744
6000,mla_norope,42,1,8,0.06672688573598862,0.05692524462938309,2.440115451812744
6000,mla_norope,42,1,9,0.05618377774953842,0.059783998876810074,2.440115451812744
6000,mla_norope,42,1,10,0.06566202640533447,0.06121562421321869,2.440115451812744
6000,mla_norope,42,1,11,0.06117767468094826,0.06697730720043182,2.440115451812744
6000,mla_norope,42,1,12,0.05129252001643181,0.06655427813529968,2.440115451812744
6000,mla_norope,42,1,13,0.04784871265292168,0.06201714277267456,2.440115451812744
6000,mla_norope,42,1,14,0.06792958825826645,0.06551042199134827,2.440115451812744
6000,mla_norope,42,1,15,0.05756957828998566,0.06318868696689606,2.440115451812744
6000,mla_norope,42,2,0,0.0697040781378746,0.06506943702697754,2.292747974395752
6000,mla_norope,42,2,1,0.05983825773000717,0.061043426394462585,2.292747974395752
6000,mla_norope,42,2,2,0.0597878023982048,0.0578005425632,2.292747974395752
6000,mla_norope,42,2,3,0.06198679655790329,0.06018761172890663,2.292747974395752
6000,mla_norope,42,2,4,0.06252146512269974,0.058932241052389145,2.292747974395752
6000,mla_norope,42,2,5,0.0716380849480629,0.06918441504240036,2.292747974395752
6000,mla_norope,42,2,6,0.057111918926239014,0.061135757714509964,2.292747974395752
6000,mla_norope,42,2,7,0.08391876518726349,0.07555199414491653,2.292747974395752
6000,mla_norope,42,2,8,0.05227671191096306,0.058916524052619934,2.292747974395752
6000,mla_norope,42,2,9,0.06439809501171112,0.06327252089977264,2.292747974395752
6000,mla_norope,42,2,10,0.056276142597198486,0.06171908602118492,2.292747974395752
6000,mla_norope,42,2,11,0.07290089875459671,0.070615254342556,2.292747974395752
6000,mla_norope,42,2,12,0.055258482694625854,0.058755066245794296,2.292747974395752
6000,mla_norope,42,2,13,0.06725097447633743,0.06487032771110535,2.292747974395752
6000,mla_norope,42,2,14,0.05499369278550148,0.05636187270283699,2.292747974395752
6000,mla_norope,42,2,15,0.05013783648610115,0.05658384785056114,2.292747974395752
6000,mla_norope,42,3,0,0.04451660066843033,0.05211232975125313,1.7838923931121826
6000,mla_norope,42,3,1,0.08720804750919342,0.08236393332481384,1.7838923931121826
6000,mla_norope,42,3,2,0.04431315138936043,0.05015211179852486,1.7838923931121826
6000,mla_norope,42,3,3,0.06740661710500717,0.06809410452842712,1.7838923931121826
6000,mla_norope,42,3,4,0.06609934568405151,0.0679127499461174,1.7838923931121826
6000,mla_norope,42,3,5,0.06749074161052704,0.06465369462966919,1.7838923931121826
6000,mla_norope,42,3,6,0.06516662240028381,0.06301326304674149,1.7838923931121826
6000,mla_norope,42,3,7,0.0783449336886406,0.07082836329936981,1.7838923931121826
6000,mla_norope,42,3,8,0.07532165199518204,0.06431597471237183,1.7838923931121826
6000,mla_norope,42,3,9,0.05166585370898247,0.058391883969306946,1.7838923931121826
6000,mla_norope,42,3,10,0.06328552216291428,0.06148267909884453,1.7838923931121826
6000,mla_norope,42,3,11,0.048703715205192566,0.055898431688547134,1.7838923931121826
6000,mla_norope,42,3,12,0.07633504271507263,0.07105880230665207,1.7838923931121826
6000,mla_norope,42,3,13,0.05914611741900444,0.06285572797060013,1.7838923931121826
6000,mla_norope,42,3,14,0.053101297467947006,0.05278238654136658,1.7838923931121826
6000,mla_norope,42,3,15,0.05189473554491997,0.05408358946442604,1.7838923931121826
6000,mla_norope,42,4,0,0.04170633852481842,0.0539458729326725,1.2604504823684692
6000,mla_norope,42,4,1,0.027798868715763092,0.037171851843595505,1.2604504823684692
6000,mla_norope,42,4,2,0.08868184685707092,0.06724846363067627,1.2604504823684692
6000,mla_norope,42,4,3,0.05700785294175148,0.04956090822815895,1.2604504823684692
6000,mla_norope,42,4,4,0.03755136951804161,0.040781669318675995,1.2604504823684692
6000,mla_norope,42,4,5,0.0305201206356287,0.03965197131037712,1.2604504823684692
6000,mla_norope,42,4,6,0.06782979518175125,0.06902719289064407,1.2604504823684692
6000,mla_norope,42,4,7,0.03198303282260895,0.0312040988355875,1.2604504823684692
6000,mla_norope,42,4,8,0.0910332202911377,0.07793600112199783,1.2604504823684692
6000,mla_norope,42,4,9,0.03779195249080658,0.044014230370521545,1.2604504823684692
6000,mla_norope,42,4,10,0.11292653530836105,0.11188454926013947,1.2604504823684692
6000,mla_norope,42,4,11,0.05818227306008339,0.06706441938877106,1.2604504823684692
6000,mla_norope,42,4,12,0.09974884241819382,0.09999209642410278,1.2604504823684692
6000,mla_norope,42,4,13,0.07335734367370605,0.06888002157211304,1.2604504823684692
6000,mla_norope,42,4,14,0.05538655444979668,0.06408198922872543,1.2604504823684692
6000,mla_norope,42,4,15,0.08849406242370605,0.07755475491285324,1.2604504823684692
6000,mla_norope,42,5,0,0.045311179012060165,0.05238252878189087,1.2474541664123535
6000,mla_norope,42,5,1,0.042101237922906876,0.04660092666745186,1.2474541664123535
6000,mla_norope,42,5,2,0.12274902313947678,0.11387621611356735,1.2474541664123535
6000,mla_norope,42,5,3,0.041116535663604736,0.02798210084438324,1.2474541664123535
6000,mla_norope,42,5,4,0.08602640777826309,0.07683674246072769,1.2474541664123535
6000,mla_norope,42,5,5,0.027727967128157616,0.03139655664563179,1.2474541664123535
6000,mla_norope,42,5,6,0.06431325525045395,0.06448936462402344,1.2474541664123535
6000,mla_norope,42,5,7,0.0805511474609375,0.058728236705064774,1.2474541664123535
6000,mla_norope,42,5,8,0.07975077629089355,0.08079174906015396,1.2474541664123535
6000,mla_norope,42,5,9,0.06435638666152954,0.05886179581284523,1.2474541664123535
6000,mla_norope,42,5,10,0.030115662142634392,0.04923340305685997,1.2474541664123535
6000,mla_norope,42,5,11,0.04501820728182793,0.059099987149238586,1.2474541664123535
6000,mla_norope,42,5,12,0.06578318029642105,0.0874519944190979,1.2474541664123535
6000,mla_norope,42,5,13,0.047975972294807434,0.05225466191768646,1.2474541664123535
6000,mla_norope,42,5,14,0.07805389165878296,0.06786864250898361,1.2474541664123535
6000,mla_norope,42,5,15,0.07904917746782303,0.07214517891407013,1.2474541664123535
6500,mla_norope,42,1,0,0.06834370642900467,0.05888359621167183,2.4220049381256104
6500,mla_norope,42,1,1,0.05612142011523247,0.05513063445687294,2.4220049381256104
6500,mla_norope,42,1,2,0.06595570594072342,0.06082196533679962,2.4220049381256104
6500,mla_norope,42,1,3,0.07180460542440414,0.06450507789850235,2.4220049381256104
6500,mla_norope,42,1,4,0.07482656091451645,0.06968709081411362,2.4220049381256104
6500,mla_norope,42,1,5,0.056575316935777664,0.06309659034013748,2.4220049381256104
6500,mla_norope,42,1,6,0.06874430179595947,0.0631299689412117,2.4220049381256104
6500,mla_norope,42,1,7,0.06337463110685349,0.06193578615784645,2.4220049381256104
6500,mla_norope,42,1,8,0.06821441650390625,0.05792653560638428,2.4220049381256104
6500,mla_norope,42,1,9,0.060115255415439606,0.06007176265120506,2.4220049381256104
6500,mla_norope,42,1,10,0.07150807976722717,0.06432986259460449,2.4220049381256104
6500,mla_norope,42,1,11,0.046494241803884506,0.06322599202394485,2.4220049381256104
6500,mla_norope,42,1,12,0.04040974751114845,0.06522244960069656,2.4220049381256104
6500,mla_norope,42,1,13,0.06758605688810349,0.06543382257223129,2.4220049381256104
6500,mla_norope,42,1,14,0.0671856701374054,0.06548430025577545,2.4220049381256104
6500,mla_norope,42,1,15,0.052740275859832764,0.06111454591155052,2.4220049381256104
6500,mla_norope,42,2,0,0.07876088470220566,0.06867648661136627,2.2624244689941406
6500,mla_norope,42,2,1,0.05235331133008003,0.057875920087099075,2.2624244689941406
6500,mla_norope,42,2,2,0.06224304065108299,0.057895101606845856,2.2624244689941406
6500,mla_norope,42,2,3,0.061382852494716644,0.06117342785000801,2.2624244689941406
6500,mla_norope,42,2,4,0.05578623339533806,0.05409761518239975,2.2624244689941406
6500,mla_norope,42,2,5,0.06935404241085052,0.06876004487276077,2.2624244689941406
6500,mla_norope,42,2,6,0.058768920600414276,0.06140628829598427,2.2624244689941406
6500,mla_norope,42,2,7,0.08368754386901855,0.07582414150238037,2.2624244689941406
6500,mla_norope,42,2,8,0.04558349773287773,0.055795613676309586,2.2624244689941406
6500,mla_norope,42,2,9,0.05145518109202385,0.05929231643676758,2.2624244689941406
6500,mla_norope,42,2,10,0.05823506787419319,0.0613570474088192,2.2624244689941406
6500,mla_norope,42,2,11,0.07000701874494553,0.06896572560071945,2.2624244689941406
6500,mla_norope,42,2,12,0.060526225715875626,0.062237344682216644,2.2624244689941406
6500,mla_norope,42,2,13,0.08106058835983276,0.07013091444969177,2.2624244689941406
6500,mla_norope,42,2,14,0.05956024304032326,0.05737436190247536,2.2624244689941406
6500,mla_norope,42,2,15,0.05123535171151161,0.0591374970972538,2.2624244689941406
6500,mla_norope,42,3,0,0.03807779774069786,0.048988889902830124,1.7211649417877197
6500,mla_norope,42,3,1,0.09052937477827072,0.08649992942810059,1.7211649417877197
6500,mla_norope,42,3,2,0.04868306592106819,0.05108732357621193,1.7211649417877197
6500,mla_norope,42,3,3,0.0677720159292221,0.0688248723745346,1.7211649417877197
6500,mla_norope,42,3,4,0.06530802696943283,0.06702568382024765,1.7211649417877197
6500,mla_norope,42,3,5,0.06686248630285263,0.06417972594499588,1.7211649417877197
6500,mla_norope,42,3,6,0.06982513517141342,0.0662732720375061,1.7211649417877197
6500,mla_norope,42,3,7,0.07616119086742401,0.06766021996736526,1.7211649417877197
6500,mla_norope,42,3,8,0.07126688957214355,0.0608210563659668,1.7211649417877197
6500,mla_norope,42,3,9,0.04800994694232941,0.056625060737133026,1.7211649417877197
6500,mla_norope,42,3,10,0.06757527589797974,0.06564462929964066,1.7211649417877197
6500,mla_norope,42,3,11,0.04533833637833595,0.05314997583627701,1.7211649417877197
6500,mla_norope,42,3,12,0.07201721519231796,0.06770361214876175,1.7211649417877197
6500,mla_norope,42,3,13,0.05818796902894974,0.06233120709657669,1.7211649417877197
6500,mla_norope,42,3,14,0.05354563519358635,0.05196447670459747,1.7211649417877197
6500,mla_norope,42,3,15,0.06083964183926582,0.06122015789151192,1.7211649417877197
6500,mla_norope,42,4,0,0.045872293412685394,0.05866498127579689,1.241753339767456
6500,mla_norope,42,4,1,0.030083414167165756,0.03802785649895668,1.241753339767456
6500,mla_norope,42,4,2,0.08283203095197678,0.06575174629688263,1.241753339767456
6500,mla_norope,42,4,3,0.055040691047906876,0.04741165041923523,1.241753339767456
6500,mla_norope,42,4,4,0.03697153553366661,0.03972148522734642,1.241753339767456
6500,mla_norope,42,4,5,0.0281047560274601,0.03739063814282417,1.241753339767456
6500,mla_norope,42,4,6,0.06637593358755112,0.06796174496412277,1.241753339767456
6500,mla_norope,42,4,7,0.03878234699368477,0.03397005796432495,1.241753339767456
6500,mla_norope,42,4,8,0.09473104029893875,0.08109698444604874,1.241753339767456
6500,mla_norope,42,4,9,0.03734476864337921,0.04290271922945976,1.241753339767456
6500,mla_norope,42,4,10,0.11220815032720566,0.11079537868499756,1.241753339767456
6500,mla_norope,42,4,11,0.0570647157728672,0.0686853677034378,1.241753339767456
6500,mla_norope,42,4,12,0.09747294336557388,0.09896796196699142,1.241753339767456
6500,mla_norope,42,4,13,0.0743459090590477,0.06906557083129883,1.241753339767456
6500,mla_norope,42,4,14,0.05648396909236908,0.06481654196977615,1.241753339767456
6500,mla_norope,42,4,15,0.08628550171852112,0.07476925849914551,1.241753339767456
6500,mla_norope,42,5,0,0.04544626921415329,0.05225682631134987,1.2332693338394165
6500,mla_norope,42,5,1,0.042606912553310394,0.047295089811086655,1.2332693338394165
6500,mla_norope,42,5,2,0.12283813208341599,0.11395270377397537,1.2332693338394165
6500,mla_norope,42,5,3,0.036252643913030624,0.024638472124934196,1.2332693338394165
6500,mla_norope,42,5,4,0.08585967868566513,0.07903921604156494,1.2332693338394165
6500,mla_norope,42,5,5,0.029779255390167236,0.03144519031047821,1.2332693338394165
6500,mla_norope,42,5,6,0.06516662240028381,0.06345117837190628,1.2332693338394165
6500,mla_norope,42,5,7,0.08375030755996704,0.058877214789390564,1.2332693338394165
6500,mla_norope,42,5,8,0.07682108879089355,0.07944633066654205,1.2332693338394165
6500,mla_norope,42,5,9,0.06294911354780197,0.06055125594139099,1.2332693338394165
6500,mla_norope,42,5,10,0.029490966349840164,0.04891261085867882,1.2332693338394165
6500,mla_norope,42,5,11,0.04703806713223457,0.06081952899694443,1.2332693338394165
6500,mla_norope,42,5,12,0.06635203212499619,0.08656889945268631,1.2332693338394165
6500,mla_norope,42,5,13,0.04826761782169342,0.052740104496479034,1.2332693338394165
6500,mla_norope,42,5,14,0.07878834754228592,0.06792593002319336,1.2332693338394165
6500,mla_norope,42,5,15,0.0785929337143898,0.07207935303449631,1.2332693338394165
7000,mla_norope,42,1,0,0.06561432033777237,0.057732176035642624,2.397496223449707
7000,mla_norope,42,1,1,0.05315043032169342,0.05393048748373985,2.397496223449707
7000,mla_norope,42,1,2,0.06309092044830322,0.06104062870144844,2.397496223449707
7000,mla_norope,42,1,3,0.0704542025923729,0.06458715349435806,2.397496223449707
7000,mla_norope,42,1,4,0.07981068640947342,0.07266133278608322,2.397496223449707
7000,mla_norope,42,1,5,0.05040537565946579,0.06370510160923004,2.397496223449707
7000,mla_norope,42,1,6,0.07143900543451309,0.06395212560892105,2.397496223449707
7000,mla_norope,42,1,7,0.07309163361787796,0.06622365862131119,2.397496223449707
7000,mla_norope,42,1,8,0.06734374910593033,0.05681120604276657,2.397496223449707
7000,mla_norope,42,1,9,0.05601023510098457,0.05848720669746399,2.397496223449707
7000,mla_norope,42,1,10,0.06370706856250763,0.060849547386169434,2.397496223449707
7000,mla_norope,42,1,11,0.04524373263120651,0.06306485831737518,2.397496223449707
7000,mla_norope,42,1,12,0.05645202472805977,0.06788910180330276,2.397496223449707
7000,mla_norope,42,1,13,0.06144114211201668,0.06402698159217834,2.397496223449707
7000,mla_norope,42,1,14,0.058639731258153915,0.061694614589214325,2.397496223449707
7000,mla_norope,42,1,15,0.06410573422908783,0.06334369629621506,2.397496223449707
7000,mla_norope,42,2,0,0.07416982203722,0.066359743475914,2.2412710189819336
7000,mla_norope,42,2,1,0.06462982296943665,0.06211182847619057,2.2412710189819336
7000,mla_norope,42,2,2,0.06756968051195145,0.0603741779923439,2.2412710189819336
7000,mla_norope,42,2,3,0.06336934119462967,0.06280206143856049,2.2412710189819336
7000,mla_norope,42,2,4,0.05713287368416786,0.05547548457980156,2.2412710189819336
7000,mla_norope,42,2,5,0.058835651725530624,0.062452685087919235,2.2412710189819336
7000,mla_norope,42,2,6,0.06425791233778,0.06271427869796753,2.2412710189819336
7000,mla_norope,42,2,7,0.08752461522817612,0.0790078192949295,2.2412710189819336
7000,mla_norope,42,2,8,0.06209950894117355,0.06052186340093613,2.2412710189819336
7000,mla_norope,42,2,9,0.048084717243909836,0.05857286602258682,2.2412710189819336
7000,mla_norope,42,2,10,0.0491657517850399,0.05898775905370712,2.2412710189819336
7000,mla_norope,42,2,11,0.06568460911512375,0.0657057985663414,2.2412710189819336
7000,mla_norope,42,2,12,0.05947530269622803,0.06172174960374832,2.2412710189819336
7000,mla_norope,42,2,13,0.06713500618934631,0.06505034118890762,2.2412710189819336
7000,mla_norope,42,2,14,0.05970967561006546,0.05850524082779884,2.2412710189819336
7000,mla_norope,42,2,15,0.0511557012796402,0.05963629484176636,2.2412710189819336
7000,mla_norope,42,3,0,0.0343596376478672,0.047797076404094696,1.7177661657333374
7000,mla_norope,42,3,1,0.0818525180220604,0.07753407210111618,1.7177661657333374
7000,mla_norope,42,3,2,0.05129333585500717,0.053380221128463745,1.7177661657333374
7000,mla_norope,42,3,3,0.06538137048482895,0.06614136695861816,1.7177661657333374
7000,mla_norope,42,3,4,0.06307576596736908,0.06479763984680176,1.7177661657333374
7000,mla_norope,42,3,5,0.06496531516313553,0.061471328139305115,1.7177661657333374
7000,mla_norope,42,3,6,0.06669159233570099,0.06414100527763367,1.7177661657333374
7000,mla_norope,42,3,7,0.07824798673391342,0.0705871656537056,1.7177661657333374
7000,mla_norope,42,3,8,0.07487528771162033,0.06382713466882706,1.7177661657333374
7000,mla_norope,42,3,9,0.05147501453757286,0.058870021253824234,1.7177661657333374
7000,mla_norope,42,3,10,0.0671176165342331,0.06561233848333359,1.7177661657333374
7000,mla_norope,42,3,11,0.05820221081376076,0.05868130922317505,1.7177661657333374
7000,mla_norope,42,3,12,0.07498382776975632,0.07290518283843994,1.7177661657333374
7000,mla_norope,42,3,13,0.05669809877872467,0.06219388172030449,1.7177661657333374
7000,mla_norope,42,3,14,0.054483845829963684,0.053476493805646896,1.7177661657333374
7000,mla_norope,42,3,15,0.056296590715646744,0.058583665639162064,1.7177661657333374
7000,mla_norope,42,4,0,0.04055531695485115,0.05215391516685486,1.2430236339569092
7000,mla_norope,42,4,1,0.03043985925614834,0.03770582005381584,1.2430236339569092
7000,mla_norope,42,4,2,0.08841318637132645,0.06906494498252869,1.2430236339569092
7000,mla_norope,42,4,3,0.05591634288430214,0.04895751178264618,1.2430236339569092
7000,mla_norope,42,4,4,0.0361449159681797,0.040648579597473145,1.2430236339569092
7000,mla_norope,42,4,5,0.02985687181353569,0.03874613344669342,1.2430236339569092
7000,mla_norope,42,4,6,0.06539937108755112,0.0663222149014473,1.2430236339569092
7000,mla_norope,42,4,7,0.03821512684226036,0.03516542911529541,1.2430236339569092
7000,mla_norope,42,4,8,0.09045064449310303,0.07630285620689392,1.2430236339569092
7000,mla_norope,42,4,9,0.03689178451895714,0.04310039058327675,1.2430236339569092
7000,mla_norope,42,4,10,0.11290547996759415,0.11009979248046875,1.2430236339569092
7000,mla_norope,42,4,11,0.058979593217372894,0.07075200229883194,1.2430236339569092
7000,mla_norope,42,4,12,0.0969378650188446,0.09792502224445343,1.2430236339569092
7000,mla_norope,42,4,13,0.07511942833662033,0.07016777247190475,1.2430236339569092
7000,mla_norope,42,4,14,0.05679666996002197,0.06471056491136551,1.2430236339569092
7000,mla_norope,42,4,15,0.08697754144668579,0.07817690819501877,1.2430236339569092
7000,mla_norope,42,5,0,0.0446675606071949,0.050935886800289154,1.2238284349441528
7000,mla_norope,42,5,1,0.04100321605801582,0.04416143149137497,1.2238284349441528
7000,mla_norope,42,5,2,0.12706908583641052,0.12014199793338776,1.2238284349441528
7000,mla_norope,42,5,3,0.042053017765283585,0.027667509391903877,1.2238284349441528
7000,mla_norope,42,5,4,0.08841786533594131,0.08062538504600525,1.2238284349441528
7000,mla_norope,42,5,5,0.02769378572702408,0.03110204078257084,1.2238284349441528
7000,mla_norope,42,5,6,0.0677039623260498,0.06659772247076035,1.2238284349441528
7000,mla_norope,42,5,7,0.08538584411144257,0.05871688947081566,1.2238284349441528
7000,mla_norope,42,5,8,0.08059296011924744,0.08109678328037262,1.2238284349441528
7000,mla_norope,42,5,9,0.05684305727481842,0.05673150345683098,1.2238284349441528
7000,mla_norope,42,5,10,0.02972615510225296,0.048777125775814056,1.2238284349441528
7000,mla_norope,42,5,11,0.044125061482191086,0.05845112353563309,1.2238284349441528
7000,mla_norope,42,5,12,0.06425303220748901,0.0848817527294159,1.2238284349441528
7000,mla_norope,42,5,13,0.044192198663949966,0.04861818253993988,1.2238284349441528
7000,mla_norope,42,5,14,0.07654266059398651,0.06840977072715759,1.2238284349441528
7000,mla_norope,42,5,15,0.07973053306341171,0.07308482378721237,1.2238284349441528
7500,mla_norope,42,1,0,0.06024841219186783,0.054973188787698746,2.3729517459869385
7500,mla_norope,42,1,1,0.06107909977436066,0.0595766082406044,2.3729517459869385
7500,mla_norope,42,1,2,0.04832275211811066,0.05416940152645111,2.3729517459869385
7500,mla_norope,42,1,3,0.05979451537132263,0.059479355812072754,2.3729517459869385
7500,mla_norope,42,1,4,0.07344319671392441,0.07022597640752792,2.3729517459869385
7500,mla_norope,42,1,5,0.050231222063302994,0.06341779977083206,2.3729517459869385
7500,mla_norope,42,1,6,0.0709780901670456,0.06461302936077118,2.3729517459869385
7500,mla_norope,42,1,7,0.06900563836097717,0.06503934413194656,2.3729517459869385
7500,mla_norope,42,1,8,0.08307617157697678,0.06350044906139374,2.3729517459869385
7500,mla_norope,42,1,9,0.06043355166912079,0.06135795637965202,2.3729517459869385
7500,mla_norope,42,1,10,0.06923075020313263,0.06242252513766289,2.3729517459869385
7500,mla_norope,42,1,11,0.05976603180170059,0.06723704934120178,2.3729517459869385
7500,mla_norope,42,1,12,0.05711822584271431,0.06767509877681732,2.3729517459869385
7500,mla_norope,42,1,13,0.059693094342947006,0.06258570402860641,2.3729517459869385
7500,mla_norope,42,1,14,0.06350718438625336,0.06342502683401108,2.3729517459869385
7500,mla_norope,42,1,15,0.0540720634162426,0.060301609337329865,2.3729517459869385
7500,mla_norope,42,2,0,0.07130391150712967,0.06483602523803711,2.2165117263793945
7500,mla_norope,42,2,1,0.05936075747013092,0.06012458726763725,2.2165117263793945
7500,mla_norope,42,2,2,0.0638568103313446,0.05863365903496742,2.2165117263793945
7500,mla_norope,42,2,3,0.06107625365257263,0.06155937910079956,2.2165117263793945
7500,mla_norope,42,2,4,0.06158548966050148,0.058379992842674255,2.2165117263793945
7500,mla_norope,42,2,5,0.06386769562959671,0.06552254408597946,2.2165117263793945
7500,mla_norope,42,2,6,0.06137146055698395,0.06053353473544121,2.2165117263793945
7500,mla_norope,42,2,7,0.09033966064453125,0.08193089067935944,2.2165117263793945
7500,mla_norope,42,2,8,0.05685282498598099,0.05731721967458725,2.2165117263793945
7500,mla_norope,42,2,9,0.05204681307077408,0.059056010097265244,2.2165117263793945
7500,mla_norope,42,2,10,0.047132670879364014,0.05783284455537796,2.2165117263793945
7500,mla_norope,42,2,11,0.06445037573575974,0.06595293432474136,2.2165117263793945
7500,mla_norope,42,2,12,0.05778147280216217,0.06183294206857681,2.2165117263793945
7500,mla_norope,42,2,13,0.060903217643499374,0.06265854835510254,2.2165117263793945
7500,mla_norope,42,2,14,0.0732656866312027,0.06200830638408661,2.2165117263793945
7500,mla_norope,42,2,15,0.05480489134788513,0.06182057037949562,2.2165117263793945
7500,mla_norope,42,3,0,0.04464568942785263,0.051571931689977646,1.7026493549346924
7500,mla_norope,42,3,1,0.08450093865394592,0.08045879006385803,1.7026493549346924
7500,mla_norope,42,3,2,0.044853005558252335,0.05040818825364113,1.7026493549346924
7500,mla_norope,42,3,3,0.0694560781121254,0.07034014165401459,1.7026493549346924
7500,mla_norope,42,3,4,0.06082906201481819,0.06254417449235916,1.7026493549346924
7500,mla_norope,42,3,5,0.06300608068704605,0.061439648270606995,1.7026493549346924
7500,mla_norope,42,3,6,0.06658904999494553,0.06360894441604614,1.7026493549346924
7500,mla_norope,42,3,7,0.07921264320611954,0.07144488394260406,1.7026493549346924
7500,mla_norope,42,3,8,0.07385894656181335,0.06153939664363861,1.7026493549346924
7500,mla_norope,42,3,9,0.0522848516702652,0.06174177676439285,1.7026493549346924
7500,mla_norope,42,3,10,0.0649929791688919,0.06343710422515869,1.7026493549346924
7500,mla_norope,42,3,11,0.0458647646009922,0.05257319658994675,1.7026493549346924
7500,mla_norope,42,3,12,0.07571543008089066,0.0711526870727539,1.7026493549346924
7500,mla_norope,42,3,13,0.06012308597564697,0.06367696076631546,1.7026493549346924
7500,mla_norope,42,3,14,0.05488383024930954,0.052992917597293854,1.7026493549346924
7500,mla_norope,42,3,15,0.059183552861213684,0.061069291085004807,1.7026493549346924
7500,mla_norope,42,4,0,0.04390136897563934,0.05605502426624298,1.246272325515747
7500,mla_norope,42,4,1,0.03371337801218033,0.041178300976753235,1.246272325515747
7500,mla_norope,42,4,2,0.08539214730262756,0.0670246109366417,1.246272325515747
7500,mla_norope,42,4,3,0.05901051685214043,0.05145777016878128,1.246272325515747
7500,mla_norope,42,4,4,0.03793792799115181,0.04251180216670036,1.246272325515747
7500,mla_norope,42,4,5,0.030023803934454918,0.038649555295705795,1.246272325515747
7500,mla_norope,42,4,6,0.0667000338435173,0.06730513274669647,1.246272325515747
7500,mla_norope,42,4,7,0.033099059015512466,0.03246169164776802,1.246272325515747
7500,mla_norope,42,4,8,0.09123250097036362,0.07748160511255264,1.246272325515747
7500,mla_norope,42,4,9,0.03891947492957115,0.044160984456539154,1.246272325515747
7500,mla_norope,42,4,10,0.10982198268175125,0.10521256923675537,1.246272325515747
7500,mla_norope,42,4,11,0.05919463932514191,0.07119987159967422,1.246272325515747
7500,mla_norope,42,4,12,0.09802724421024323,0.09920606017112732,1.246272325515747
7500,mla_norope,42,4,13,0.07761424034833908,0.07376842945814133,1.246272325515747
7500,mla_norope,42,4,14,0.05341044068336487,0.06007959321141243,1.246272325515747
7500,mla_norope,42,4,15,0.08200123906135559,0.07224680483341217,1.246272325515747
7500,mla_norope,42,5,0,0.046507976949214935,0.05248987302184105,1.2456451654434204
7500,mla_norope,42,5,1,0.043142903596162796,0.04711848497390747,1.2456451654434204
7500,mla_norope,42,5,2,0.12370584905147552,0.11538320034742355,1.2456451654434204
7500,mla_norope,42,5,3,0.04005676135420799,0.026995070278644562,1.2456451654434204
7500,mla_norope,42,5,4,0.08324747532606125,0.07569830864667892,1.2456451654434204
7500,mla_norope,42,5,5,0.029350178316235542,0.03165725618600845,1.2456451654434204
7500,mla_norope,42,5,6,0.06520538032054901,0.06373604387044907,1.2456451654434204
7500,mla_norope,42,5,7,0.08949940651655197,0.061920247972011566,1.2456451654434204
7500,mla_norope,42,5,8,0.07870503515005112,0.07998494058847427,1.2456451654434204
7500,mla_norope,42,5,9,0.05509195849299431,0.05709189549088478,1.2456451654434204
7500,mla_norope,42,5,10,0.029769185930490494,0.0493457205593586,1.2456451654434204
7500,mla_norope,42,5,11,0.0458393357694149,0.06059993803501129,1.2456451654434204
7500,mla_norope,42,5,12,0.06481801718473434,0.08474016934633255,1.2456451654434204
7500,mla_norope,42,5,13,0.05018605664372444,0.05377720668911934,1.2456451654434204
7500,mla_norope,42,5,14,0.07702352106571198,0.06768159568309784,1.2456451654434204
7500,mla_norope,42,5,15,0.07785095274448395,0.07178013026714325,1.2456451654434204
8000,mla_norope,42,1,0,0.0629718005657196,0.056941159069538116,2.355834484100342
8000,mla_norope,42,1,1,0.05582214519381523,0.0563037246465683,2.355834484100342
8000,mla_norope,42,1,2,0.05503692477941513,0.056502457708120346,2.355834484100342
8000,mla_norope,42,1,3,0.0706290677189827,0.06476623564958572,2.355834484100342
8000,mla_norope,42,1,4,0.0596872977912426,0.064865842461586,2.355834484100342
8000,mla_norope,42,1,5,0.05221099779009819,0.06269294023513794,2.355834484100342
8000,mla_norope,42,1,6,0.08220499753952026,0.07037343829870224,2.355834484100342
8000,mla_norope,42,1,7,0.07254496216773987,0.06724584847688675,2.355834484100342
8000,mla_norope,42,1,8,0.06293701380491257,0.05535155534744263,2.355834484100342
8000,mla_norope,42,1,9,0.055404867976903915,0.05891575664281845,2.355834484100342
8000,mla_norope,42,1,10,0.06524332612752914,0.06001440808176994,2.355834484100342
8000,mla_norope,42,1,11,0.04563720524311066,0.06185480207204819,2.355834484100342
8000,mla_norope,42,1,12,0.05200408771634102,0.06716050952672958,2.355834484100342
8000,mla_norope,42,1,13,0.06244659423828125,0.06377511471509933,2.355834484100342
8000,mla_norope,42,1,14,0.06943511962890625,0.06728383898735046,2.355834484100342
8000,mla_norope,42,1,15,0.07578358799219131,0.06595240533351898,2.355834484100342
8000,mla_norope,42,2,0,0.06737243384122849,0.06384652107954025,2.2008047103881836
8000,mla_norope,42,2,1,0.06543233245611191,0.06324973702430725,2.2008047103881836
8000,mla_norope,42,2,2,0.06981923431158066,0.06065235286951065,2.2008047103881836
8000,mla_norope,42,2,3,0.0599314384162426,0.0606345608830452,2.2008047103881836
8000,mla_norope,42,2,4,0.059624530375003815,0.05809247866272926,2.2008047103881836
8000,mla_norope,42,2,5,0.057386066764593124,0.061234258115291595,2.2008047103881836
8000,mla_norope,42,2,6,0.07269683480262756,0.06534308940172195,2.2008047103881836
8000,mla_norope,42,2,7,0.08193919062614441,0.07707936316728592,2.2008047103881836
8000,mla_norope,42,2,8,0.04410858079791069,0.054538726806640625,2.2008047103881836
8000,mla_norope,42,2,9,0.059014689177274704,0.06281470507383347,2.2008047103881836
8000,mla_norope,42,2,10,0.059013672173023224,0.06139412522315979,2.2008047103881836
8000,mla_norope,42,2,11,0.0640418529510498,0.06537995487451553,2.2008047103881836
8000,mla_norope,42,2,12,0.0559367872774601,0.06254463642835617,2.2008047103881836
8000,mla_norope,42,2,13,0.057796936482191086,0.061227526515722275,2.2008047103881836
8000,mla_norope,42,2,14,0.07033488154411316,0.06157070770859718,2.2008047103881836
8000,mla_norope,42,2,15,0.05555053800344467,0.06039721891283989,2.2008047103881836
8000,mla_norope,42,3,0,0.04224405810236931,0.05013010650873184,1.6819401979446411
8000,mla_norope,42,3,1,0.08543914556503296,0.08017771691083908,1.6819401979446411
8000,mla_norope,42,3,2,0.046590372920036316,0.05115070194005966,1.6819401979446411
8000,mla_norope,42,3,3,0.06946563720703125,0.07120233029127121,1.6819401979446411
8000,mla_norope,42,3,4,0.06299448758363724,0.06458297371864319,1.6819401979446411
8000,mla_norope,42,3,5,0.06450948119163513,0.061468612402677536,1.6819401979446411
8000,mla_norope,42,3,6,0.06994537264108658,0.06697222590446472,1.6819401979446411
8000,mla_norope,42,3,7,0.07818186283111572,0.07097966969013214,1.6819401979446411
8000,mla_norope,42,3,8,0.07428374886512756,0.06203232333064079,1.6819401979446411
8000,mla_norope,42,3,9,0.04736389219760895,0.05567825213074684,1.6819401979446411
8000,mla_norope,42,3,10,0.06833557039499283,0.06454048305749893,1.6819401979446411
8000,mla_norope,42,3,11,0.04373982921242714,0.05208152160048485,1.6819401979446411
8000,mla_norope,42,3,12,0.07609059661626816,0.07178252935409546,1.6819401979446411
8000,mla_norope,42,3,13,0.05580607056617737,0.06023748219013214,1.6819401979446411
8000,mla_norope,42,3,14,0.054454244673252106,0.05281555652618408,1.6819401979446411
8000,mla_norope,42,3,15,0.06055562198162079,0.06416738033294678,1.6819401979446411
8000,mla_norope,42,4,0,0.04160766676068306,0.053649064153432846,1.2405122518539429
8000,mla_norope,42,4,1,0.03310872241854668,0.03884325176477432,1.2405122518539429
8000,mla_norope,42,4,2,0.08438893407583237,0.06615235656499863,1.2405122518539429
8000,mla_norope,42,4,3,0.054179586470127106,0.04695788398385048,1.2405122518539429
8000,mla_norope,42,4,4,0.04067749157547951,0.04383851960301399,1.2405122518539429
8000,mla_norope,42,4,5,0.030601704493165016,0.039278753101825714,1.2405122518539429
8000,mla_norope,42,4,6,0.06167317554354668,0.06551380455493927,1.2405122518539429
8000,mla_norope,42,4,7,0.039613038301467896,0.03574106842279434,1.2405122518539429
8000,mla_norope,42,4,8,0.09215403348207474,0.07870905846357346,1.2405122518539429
8000,mla_norope,42,4,9,0.03660013899207115,0.04226880893111229,1.2405122518539429
8000,mla_norope,42,4,10,0.11151306331157684,0.10694149136543274,1.2405122518539429
8000,mla_norope,42,4,11,0.059235841035842896,0.0707155168056488,1.2405122518539429
8000,mla_norope,42,4,12,0.09771596640348434,0.09860768914222717,1.2405122518539429
8000,mla_norope,42,4,13,0.07843882590532303,0.07421285659074783,1.2405122518539429
8000,mla_norope,42,4,14,0.055694580078125,0.06516990065574646,1.2405122518539429
8000,mla_norope,42,4,15,0.08279724419116974,0.07340005040168762,1.2405122518539429
8000,mla_norope,42,5,0,0.04403645917773247,0.04992961511015892,1.2352259159088135
8000,mla_norope,42,5,1,0.041975706815719604,0.04614588990807533,1.2352259159088135
8000,mla_norope,42,5,2,0.12605245411396027,0.11811527609825134,1.2352259159088135
8000,mla_norope,42,5,3,0.041747335344552994,0.02850673720240593,1.2352259159088135
8000,mla_norope,42,5,4,0.0834408551454544,0.07588475197553635,1.2352259159088135
8000,mla_norope,42,5,5,0.029308268800377846,0.031982626765966415,1.2352259159088135
8000,mla_norope,42,5,6,0.06367737054824829,0.06189222261309624,1.2352259159088135
8000,mla_norope,42,5,7,0.08788574486970901,0.06222640350461006,1.2352259159088135
8000,mla_norope,42,5,8,0.0781695544719696,0.0807163193821907,1.2352259159088135
8000,mla_norope,42,5,9,0.06056457385420799,0.06168852001428604,1.2352259159088135
8000,mla_norope,42,5,10,0.0297069288790226,0.04838317260146141,1.2352259159088135
8000,mla_norope,42,5,11,0.044392090290784836,0.05930716171860695,1.2352259159088135
8000,mla_norope,42,5,12,0.06435058265924454,0.08198121935129166,1.2352259159088135
8000,mla_norope,42,5,13,0.04765604808926582,0.05144855007529259,1.2352259159088135
8000,mla_norope,42,5,14,0.07707061618566513,0.06828275322914124,1.2352259159088135
8000,mla_norope,42,5,15,0.07996541261672974,0.07350875437259674,1.2352259159088135
8500,mla_norope,42,1,0,0.05928395688533783,0.05486467480659485,2.328160524368286
8500,mla_norope,42,1,1,0.05209645628929138,0.05434912443161011,2.328160524368286
8500,mla_norope,42,1,2,0.062194518744945526,0.05954809859395027,2.328160524368286
8500,mla_norope,42,1,3,0.06164927035570145,0.06071067228913307,2.328160524368286
8500,mla_norope,42,1,4,0.0657239779829979,0.06776850670576096,2.328160524368286
8500,mla_norope,42,1,5,0.052521564066410065,0.0632038339972496,2.328160524368286
8500,mla_norope,42,1,6,0.06694386899471283,0.06278111785650253,2.328160524368286
8500,mla_norope,42,1,7,0.06650827825069427,0.06492502242326736,2.328160524368286
8500,mla_norope,42,1,8,0.07560719549655914,0.062354907393455505,2.328160524368286
8500,mla_norope,42,1,9,0.0519377626478672,0.05734468996524811,2.328160524368286
8500,mla_norope,42,1,10,0.06721822172403336,0.061717689037323,2.328160524368286
8500,mla_norope,42,1,11,0.061982013285160065,0.06694883108139038,2.328160524368286
8500,mla_norope,42,1,12,0.05259612947702408,0.06740792095661163,2.328160524368286
8500,mla_norope,42,1,13,0.06844136863946915,0.0658864751458168,2.328160524368286
8500,mla_norope,42,1,14,0.06709950417280197,0.06581642478704453,2.328160524368286
8500,mla_norope,42,1,15,0.0681959018111229,0.06437189131975174,2.328160524368286
8500,mla_norope,42,2,0,0.07496490329504013,0.06903785467147827,2.1802334785461426
8500,mla_norope,42,2,1,0.05013753101229668,0.05683225020766258,2.1802334785461426
8500,mla_norope,42,2,2,0.06581065058708191,0.059867892414331436,2.1802334785461426
8500,mla_norope,42,2,3,0.05243876203894615,0.05698366090655327,2.1802334785461426
8500,mla_norope,42,2,4,0.0542939268052578,0.0541098415851593,2.1802334785461426
8500,mla_norope,42,2,5,0.06350474059581757,0.06590869277715683,2.1802334785461426
8500,mla_norope,42,2,6,0.06347249448299408,0.061437830328941345,2.1802334785461426
8500,mla_norope,42,2,7,0.07841756194829941,0.07324341684579849,2.1802334785461426
8500,mla_norope,42,2,8,0.04619130492210388,0.05551064759492874,2.1802334785461426
8500,mla_norope,42,2,9,0.07319396734237671,0.06584837287664413,2.1802334785461426
8500,mla_norope,42,2,10,0.06019734591245651,0.06121009215712547,2.1802334785461426
8500,mla_norope,42,2,11,0.06913238763809204,0.06994675099849701,2.1802334785461426
8500,mla_norope,42,2,12,0.056025899946689606,0.06197863444685936,2.1802334785461426
8500,mla_norope,42,2,13,0.06889750063419342,0.06785262376070023,2.1802334785461426
8500,mla_norope,42,2,14,0.07261668145656586,0.06331413239240646,2.1802334785461426
8500,mla_norope,42,2,15,0.05070434510707855,0.05691744387149811,2.1802334785461426
8500,mla_norope,42,3,0,0.040160827338695526,0.049956485629081726,1.6798368692398071
8500,mla_norope,42,3,1,0.08337391912937164,0.0795147567987442,1.6798368692398071
8500,mla_norope,42,3,2,0.05184224620461464,0.051624596118927,1.6798368692398071
8500,mla_norope,42,3,3,0.06806010007858276,0.06891734898090363,1.6798368692398071
8500,mla_norope,42,3,4,0.06139536574482918,0.06378698348999023,1.6798368692398071
8500,mla_norope,42,3,5,0.05864298343658447,0.05781280994415283,1.6798368692398071
8500,mla_norope,42,3,6,0.06773050874471664,0.06561992317438126,1.6798368692398071
8500,mla_norope,42,3,7,0.07721730321645737,0.07002121210098267,1.6798368692398071
8500,mla_norope,42,3,8,0.07661712914705276,0.06458567082881927,1.6798368692398071
8500,mla_norope,42,3,9,0.049094848334789276,0.05883711948990822,1.6798368692398071
8500,mla_norope,42,3,10,0.06778218597173691,0.06546876579523087,1.6798368692398071
8500,mla_norope,42,3,11,0.047634582966566086,0.05293992906808853,1.6798368692398071
8500,mla_norope,42,3,12,0.0749320462346077,0.07106718420982361,1.6798368692398071
8500,mla_norope,42,3,13,0.05535176768898964,0.06021316349506378,1.6798368692398071
8500,mla_norope,42,3,14,0.05987284332513809,0.05752802640199661,1.6798368692398071
8500,mla_norope,42,3,15,0.0602913424372673,0.062106069177389145,1.6798368692398071
8500,mla_norope,42,4,0,0.04252980649471283,0.05435292422771454,1.242311954498291
8500,mla_norope,42,4,1,0.031239522621035576,0.03944471850991249,1.242311954498291
8500,mla_norope,42,4,2,0.08732502907514572,0.06922875344753265,1.242311954498291
8500,mla_norope,42,4,3,0.05615397170186043,0.048359379172325134,1.242311954498291
8500,mla_norope,42,4,4,0.0389741025865078,0.04346675053238869,1.242311954498291
8500,mla_norope,42,4,5,0.03192708268761635,0.04041729122400284,1.242311954498291
8500,mla_norope,42,4,6,0.06400065124034882,0.06617788225412369,1.242311954498291
8500,mla_norope,42,4,7,0.0381145216524601,0.03639054670929909,1.242311954498291
8500,mla_norope,42,4,8,0.09050750732421875,0.07766872644424438,1.242311954498291
8500,mla_norope,42,4,9,0.03874318301677704,0.04448951780796051,1.242311954498291
8500,mla_norope,42,4,10,0.10948537290096283,0.10219301283359528,1.242311954498291
8500,mla_norope,42,4,11,0.05845550447702408,0.07008376717567444,1.242311954498291
8500,mla_norope,42,4,12,0.09830617159605026,0.10106676816940308,1.242311954498291
8500,mla_norope,42,4,13,0.07435180991888046,0.06919832527637482,1.242311954498291
8500,mla_norope,42,4,14,0.05544860661029816,0.06214572861790657,1.242311954498291
8500,mla_norope,42,4,15,0.08443715423345566,0.07531597465276718,1.242311954498291
8500,mla_norope,42,5,0,0.045079752802848816,0.05034780502319336,1.2359013557434082
8500,mla_norope,42,5,1,0.043377380818128586,0.048199087381362915,1.2359013557434082
8500,mla_norope,42,5,2,0.12422678619623184,0.11530809104442596,1.2359013557434082
8500,mla_norope,42,5,3,0.040197551250457764,0.027064962312579155,1.2359013557434082
8500,mla_norope,42,5,4,0.0860513299703598,0.08125080168247223,1.2359013557434082
8500,mla_norope,42,5,5,0.029467569664120674,0.03304215148091316,1.2359013557434082
8500,mla_norope,42,5,6,0.06342712044715881,0.06222531571984291,1.2359013557434082
8500,mla_norope,42,5,7,0.08838897943496704,0.06250463426113129,1.2359013557434082
8500,mla_norope,42,5,8,0.08004587888717651,0.08244796842336655,1.2359013557434082
8500,mla_norope,42,5,9,0.05686889588832855,0.058608341962099075,1.2359013557434082
8500,mla_norope,42,5,10,0.029057515785098076,0.048214931041002274,1.2359013557434082
8500,mla_norope,42,5,11,0.04309793934226036,0.0583871528506279,1.2359013557434082
8500,mla_norope,42,5,12,0.06668335199356079,0.08421246707439423,1.2359013557434082
8500,mla_norope,42,5,13,0.04729502275586128,0.0513775460422039,1.2359013557434082
8500,mla_norope,42,5,14,0.07925506681203842,0.06869474798440933,1.2359013557434082
8500,mla_norope,42,5,15,0.07747986167669296,0.06811395287513733,1.2359013557434082
9000,mla_norope,42,1,0,0.06434763222932816,0.059038836508989334,2.3251376152038574
9000,mla_norope,42,1,1,0.04864603653550148,0.05278247594833374,2.3251376152038574
9000,mla_norope,42,1,2,0.05369944125413895,0.05604400485754013,2.3251376152038574
9000,mla_norope,42,1,3,0.05965779721736908,0.059439048171043396,2.3251376152038574
9000,mla_norope,42,1,4,0.07084187865257263,0.07001972198486328,2.3251376152038574
9000,mla_norope,42,1,5,0.059376832097768784,0.06345482170581818,2.3251376152038574
9000,mla_norope,42,1,6,0.06932871788740158,0.06385695934295654,2.3251376152038574
9000,mla_norope,42,1,7,0.0721353143453598,0.0679287239909172,2.3251376152038574
9000,mla_norope,42,1,8,0.07099731266498566,0.059069544076919556,2.3251376152038574
9000,mla_norope,42,1,9,0.05005025118589401,0.056879494339227676,2.3251376152038574
9000,mla_norope,42,1,10,0.06665344536304474,0.06195950135588646,2.3251376152038574
9000,mla_norope,42,1,11,0.06497710943222046,0.06868592649698257,2.3251376152038574
9000,mla_norope,42,1,12,0.04938222095370293,0.06694736331701279,2.3251376152038574
9000,mla_norope,42,1,13,0.06628143042325974,0.06470885872840881,2.3251376152038574
9000,mla_norope,42,1,14,0.06460215151309967,0.06470244377851486,2.3251376152038574
9000,mla_norope,42,1,15,0.06902241706848145,0.06448230147361755,2.3251376152038574
9000,mla_norope,42,2,0,0.06901926547288895,0.06599486619234085,2.1570119857788086
9000,mla_norope,42,2,1,0.046870626509189606,0.05595528334379196,2.1570119857788086
9000,mla_norope,42,2,2,0.07350250333547592,0.06367550045251846,2.1570119857788086
9000,mla_norope,42,2,3,0.05707163363695145,0.06025991961359978,2.1570119857788086
9000,mla_norope,42,2,4,0.05671701952815056,0.05589433014392853,2.1570119857788086
9000,mla_norope,42,2,5,0.06246175244450569,0.06514924019575119,2.1570119857788086
9000,mla_norope,42,2,6,0.06713531166315079,0.06223434582352638,2.1570119857788086
9000,mla_norope,42,2,7,0.07922413945198059,0.07538861781358719,2.1570119857788086
9000,mla_norope,42,2,8,0.053617045283317566,0.05716743320226669,2.1570119857788086
9000,mla_norope,42,2,9,0.06788177788257599,0.064370296895504,2.1570119857788086
9000,mla_norope,42,2,10,0.0611044317483902,0.060859519988298416,2.1570119857788086
9000,mla_norope,42,2,11,0.0631498172879219,0.06487677991390228,2.1570119857788086
9000,mla_norope,42,2,12,0.05495615676045418,0.06178653612732887,2.1570119857788086
9000,mla_norope,42,2,13,0.07146331667900085,0.06891755759716034,2.1570119857788086
9000,mla_norope,42,2,14,0.06362660974264145,0.05870881304144859,2.1570119857788086
9000,mla_norope,42,2,15,0.052198588848114014,0.05876085162162781,2.1570119857788086
9000,mla_norope,42,3,0,0.036390483379364014,0.0478396974503994,1.6627684831619263
9000,mla_norope,42,3,1,0.08572916686534882,0.08226048201322556,1.6627684831619263
9000,mla_norope,42,3,2,0.05253082141280174,0.053770191967487335,1.6627684831619263
9000,mla_norope,42,3,3,0.06570231169462204,0.06688728928565979,1.6627684831619263
9000,mla_norope,42,3,4,0.06268727779388428,0.06599647551774979,1.6627684831619263
9000,mla_norope,42,3,5,0.06267954409122467,0.06162299960851669,1.6627684831619263
9000,mla_norope,42,3,6,0.06981486082077026,0.0671362653374672,1.6627684831619263
9000,mla_norope,42,3,7,0.07572764158248901,0.06649910658597946,1.6627684831619263
9000,mla_norope,42,3,8,0.0767485573887825,0.06386702507734299,1.6627684831619263
9000,mla_norope,42,3,9,0.04907521605491638,0.05724480375647545,1.6627684831619263
9000,mla_norope,42,3,10,0.07005207985639572,0.06593918800354004,1.6627684831619263
9000,mla_norope,42,3,11,0.04714212939143181,0.05368553847074509,1.6627684831619263
9000,mla_norope,42,3,12,0.0733075961470604,0.06928170472383499,1.6627684831619263
9000,mla_norope,42,3,13,0.0563545748591423,0.06016160175204277,1.6627684831619263
9000,mla_norope,42,3,14,0.05663584545254707,0.05533180758357048,1.6627684831619263
9000,mla_norope,42,3,15,0.05942189693450928,0.06247594207525253,1.6627684831619263
9000,mla_norope,42,4,0,0.04296885058283806,0.05626005306839943,1.2317873239517212
9000,mla_norope,42,4,1,0.03111368790268898,0.037786681205034256,1.2317873239517212
9000,mla_norope,42,4,2,0.08534861356019974,0.0663636177778244,1.2317873239517212
9000,mla_norope,42,4,3,0.06054168567061424,0.052634406834840775,1.2317873239517212
9000,mla_norope,42,4,4,0.039558615535497665,0.042776260524988174,1.2317873239517212
9000,mla_norope,42,4,5,0.02984924241900444,0.038856104016304016,1.2317873239517212
9000,mla_norope,42,4,6,0.06469441950321198,0.06676468253135681,1.2317873239517212
9000,mla_norope,42,4,7,0.034103699028491974,0.03295189142227173,1.2317873239517212
9000,mla_norope,42,4,8,0.09188761562108994,0.07805965095758438,1.2317873239517212
9000,mla_norope,42,4,9,0.03571584075689316,0.04041499271988869,1.2317873239517212
9000,mla_norope,42,4,10,0.11334370821714401,0.11003413796424866,1.2317873239517212
9000,mla_norope,42,4,11,0.06127746403217316,0.07195527106523514,1.2317873239517212
9000,mla_norope,42,4,12,0.09640859067440033,0.0977097824215889,1.2317873239517212
9000,mla_norope,42,4,13,0.07653503119945526,0.07244252413511276,1.2317873239517212
9000,mla_norope,42,4,14,0.05539540573954582,0.06320469826459885,1.2317873239517212
9000,mla_norope,42,4,15,0.08125752955675125,0.07178511470556259,1.2317873239517212
9000,mla_norope,42,5,0,0.044034119695425034,0.04998614639043808,1.2361640930175781
9000,mla_norope,42,5,1,0.04213755205273628,0.04494152590632439,1.2361640930175781
9000,mla_norope,42,5,2,0.12319956719875336,0.1125694289803505,1.2361640930175781
9000,mla_norope,42,5,3,0.04475657269358635,0.0297098346054554,1.2361640930175781
9000,mla_norope,42,5,4,0.08452656865119934,0.07824604213237762,1.2361640930175781
9000,mla_norope,42,5,5,0.027625732123851776,0.031838078051805496,1.2361640930175781
9000,mla_norope,42,5,6,0.06275197118520737,0.06199968233704567,1.2361640930175781
9000,mla_norope,42,5,7,0.08732055872678757,0.062105730175971985,1.2361640930175781
9000,mla_norope,42,5,8,0.07754658907651901,0.0801401361823082,1.2361640930175781
9000,mla_norope,42,5,9,0.05919037014245987,0.06117444485425949,1.2361640930175781
9000,mla_norope,42,5,10,0.0306116733700037,0.04932500794529915,1.2361640930175781
9000,mla_norope,42,5,11,0.04360605776309967,0.05998753383755684,1.2361640930175781
9000,mla_norope,42,5,12,0.06522522121667862,0.08339571207761765,1.2361640930175781
9000,mla_norope,42,5,13,0.048393454402685165,0.05190252140164375,1.2361640930175781
9000,mla_norope,42,5,14,0.08011555671691895,0.07109197974205017,1.2361640930175781
9000,mla_norope,42,5,15,0.0789584368467331,0.07158635556697845,1.2361640930175781
9500,mla_norope,42,1,0,0.06351816654205322,0.05806884914636612,2.3122358322143555
9500,mla_norope,42,1,1,0.05141448974609375,0.054642174392938614,2.3122358322143555
9500,mla_norope,42,1,2,0.0519784539937973,0.05541070178151131,2.3122358322143555
9500,mla_norope,42,1,3,0.07226806879043579,0.06511275470256805,2.3122358322143555
9500,mla_norope,42,1,4,0.06165120378136635,0.06537854671478271,2.3122358322143555
9500,mla_norope,42,1,5,0.05667480453848839,0.06235867366194725,2.3122358322143555
9500,mla_norope,42,1,6,0.07071146368980408,0.06518994271755219,2.3122358322143555
9500,mla_norope,42,1,7,0.06964528560638428,0.06678339838981628,2.3122358322143555
9500,mla_norope,42,1,8,0.06878682225942612,0.05872182920575142,2.3122358322143555
9500,mla_norope,42,1,9,0.04861440137028694,0.05635492876172066,2.3122358322143555
9500,mla_norope,42,1,10,0.06685882806777954,0.062016215175390244,2.3122358322143555
9500,mla_norope,42,1,11,0.06193634122610092,0.06739861518144608,2.3122358322143555
9500,mla_norope,42,1,12,0.052533771842718124,0.06745421886444092,2.3122358322143555
9500,mla_norope,42,1,13,0.058339640498161316,0.061292313039302826,2.3122358322143555
9500,mla_norope,42,1,14,0.06749308109283447,0.06629907339811325,2.3122358322143555
9500,mla_norope,42,1,15,0.07757517695426941,0.06751766055822372,2.3122358322143555
9500,mla_norope,42,2,0,0.06893260031938553,0.06632988899946213,2.1534483432769775
9500,mla_norope,42,2,1,0.05648600310087204,0.06032043322920799,2.1534483432769775
9500,mla_norope,42,2,2,0.06874959170818329,0.061146266758441925,2.1534483432769775
9500,mla_norope,42,2,3,0.057814329862594604,0.06027151271700859,2.1534483432769775
9500,mla_norope,42,2,4,0.053986307233572006,0.0545957051217556,2.1534483432769775
9500,mla_norope,42,2,5,0.06173411011695862,0.06484705954790115,2.1534483432769775
9500,mla_norope,42,2,6,0.0679180920124054,0.06300969421863556,2.1534483432769775
9500,mla_norope,42,2,7,0.0818888321518898,0.07760939002037048,2.1534483432769775
9500,mla_norope,42,2,8,0.07064097374677658,0.0631624311208725,2.1534483432769775
9500,mla_norope,42,2,9,0.06290069222450256,0.06315282732248306,2.1534483432769775
9500,mla_norope,42,2,10,0.05795857682824135,0.05944349989295006,2.1534483432769775
9500,mla_norope,42,2,11,0.06338603049516678,0.06461858004331589,2.1534483432769775
9500,mla_norope,42,2,12,0.05375661328434944,0.060982607305049896,2.1534483432769775
9500,mla_norope,42,2,13,0.0650469958782196,0.06586682796478271,2.1534483432769775
9500,mla_norope,42,2,14,0.05709940567612648,0.055777568370103836,2.1534483432769775
9500,mla_norope,42,2,15,0.05170084536075592,0.0588657520711422,2.1534483432769775
9500,mla_norope,42,3,0,0.039075013250112534,0.050332210958004,1.6529628038406372
9500,mla_norope,42,3,1,0.08623535186052322,0.08089790493249893,1.6529628038406372
9500,mla_norope,42,3,2,0.05254262313246727,0.0524367019534111,1.6529628038406372
9500,mla_norope,42,3,3,0.06651804596185684,0.06876223534345627,1.6529628038406372
9500,mla_norope,42,3,4,0.06081390380859375,0.06360972672700882,1.6529628038406372
9500,mla_norope,42,3,5,0.06651061773300171,0.06397036463022232,1.6529628038406372
9500,mla_norope,42,3,6,0.06834960728883743,0.0652889758348465,1.6529628038406372
9500,mla_norope,42,3,7,0.07580363005399704,0.06741111725568771,1.6529628038406372
9500,mla_norope,42,3,8,0.07751108705997467,0.06485828757286072,1.6529628038406372
9500,mla_norope,42,3,9,0.04783538728952408,0.057687316089868546,1.6529628038406372
9500,mla_norope,42,3,10,0.06856689602136612,0.06561125069856644,1.6529628038406372
9500,mla_norope,42,3,11,0.04674774035811424,0.05282633751630783,1.6529628038406372
9500,mla_norope,42,3,12,0.0782909169793129,0.07349048554897308,1.6529628038406372
9500,mla_norope,42,3,13,0.054448243230581284,0.05938896909356117,1.6529628038406372
9500,mla_norope,42,3,14,0.055263061076402664,0.054569028317928314,1.6529628038406372
9500,mla_norope,42,3,15,0.055487874895334244,0.058859121054410934,1.6529628038406372
9500,mla_norope,42,4,0,0.041006267070770264,0.05349433422088623,1.2442976236343384
9500,mla_norope,42,4,1,0.03120330721139908,0.03914189711213112,1.2442976236343384
9500,mla_norope,42,4,2,0.08760711550712585,0.06830605119466782,1.2442976236343384
9500,mla_norope,42,4,3,0.055137429386377335,0.04889483004808426,1.2442976236343384
9500,mla_norope,42,4,4,0.03827362135052681,0.04327762499451637,1.2442976236343384
9500,mla_norope,42,4,5,0.030694782733917236,0.03897609934210777,1.2442976236343384
9500,mla_norope,42,4,6,0.0656147226691246,0.06732005625963211,1.2442976236343384
9500,mla_norope,42,4,7,0.03653859347105026,0.03480726480484009,1.2442976236343384
9500,mla_norope,42,4,8,0.09234140813350677,0.07725447416305542,1.2442976236343384
9500,mla_norope,42,4,9,0.0368918851017952,0.04231509566307068,1.2442976236343384
9500,mla_norope,42,4,10,0.11227152496576309,0.10625036060810089,1.2442976236343384
9500,mla_norope,42,4,11,0.05785420909523964,0.06916143000125885,1.2442976236343384
9500,mla_norope,42,4,12,0.09777140617370605,0.09932638704776764,1.2442976236343384
9500,mla_norope,42,4,13,0.07781250029802322,0.07327771931886673,1.2442976236343384
9500,mla_norope,42,4,14,0.056999411433935165,0.06488416343927383,1.2442976236343384
9500,mla_norope,42,4,15,0.08198180794715881,0.0733121708035469,1.2442976236343384
9500,mla_norope,42,5,0,0.045125123113393784,0.050584692507982254,1.2445144653320312
9500,mla_norope,42,5,1,0.04190348461270332,0.04469979926943779,1.2445144653320312
9500,mla_norope,42,5,2,0.12468821555376053,0.11345051974058151,1.2445144653320312
9500,mla_norope,42,5,3,0.04108693450689316,0.028450708836317062,1.2445144653320312
9500,mla_norope,42,5,4,0.08469187468290329,0.07797395437955856,1.2445144653320312
9500,mla_norope,42,5,5,0.0302912387996912,0.03290196880698204,1.2445144653320312
9500,mla_norope,42,5,6,0.06476837396621704,0.0632292851805687,1.2445144653320312
9500,mla_norope,42,5,7,0.0912671908736229,0.06496722251176834,1.2445144653320312
9500,mla_norope,42,5,8,0.08002777397632599,0.08121054619550705,1.2445144653320312
9500,mla_norope,42,5,9,0.052914734929800034,0.057145435363054276,1.2445144653320312
9500,mla_norope,42,5,10,0.031345825642347336,0.050702765583992004,1.2445144653320312
9500,mla_norope,42,5,11,0.04208130016922951,0.05871562287211418,1.2445144653320312
9500,mla_norope,42,5,12,0.06589081138372421,0.08290769904851913,1.2445144653320312
9500,mla_norope,42,5,13,0.04755401611328125,0.051985058933496475,1.2445144653320312
9500,mla_norope,42,5,14,0.07678883522748947,0.06946815550327301,1.2445144653320312
9500,mla_norope,42,5,15,0.07957427948713303,0.07160663604736328,1.2445144653320312
10000,mla_norope,42,1,0,0.05882202088832855,0.05547849088907242,2.291987419128418
10000,mla_norope,42,1,1,0.050543926656246185,0.05460011959075928,2.291987419128418
10000,mla_norope,42,1,2,0.05897104740142822,0.058087583631277084,2.291987419128418
10000,mla_norope,42,1,3,0.0602760836482048,0.06042350083589554,2.291987419128418
10000,mla_norope,42,1,4,0.0649217739701271,0.06668894737958908,2.291987419128418
10000,mla_norope,42,1,5,0.06169586256146431,0.06329004466533661,2.291987419128418
10000,mla_norope,42,1,6,0.07176147401332855,0.06670290231704712,2.291987419128418
10000,mla_norope,42,1,7,0.07203684747219086,0.06798519194126129,2.291987419128418
10000,mla_norope,42,1,8,0.07158437371253967,0.060685399919748306,2.291987419128418
10000,mla_norope,42,1,9,0.056778259575366974,0.060113806277513504,2.291987419128418
10000,mla_norope,42,1,10,0.0671374499797821,0.06125689297914505,2.291987419128418
10000,mla_norope,42,1,11,0.05402527004480362,0.06439902633428574,2.291987419128418
10000,mla_norope,42,1,12,0.053807780146598816,0.06780928373336792,2.291987419128418
10000,mla_norope,42,1,13,0.0680764764547348,0.0650988295674324,2.291987419128418
10000,mla_norope,42,1,14,0.06574930995702744,0.06587016582489014,2.291987419128418
10000,mla_norope,42,1,15,0.06381205469369888,0.06150970607995987,2.291987419128418
10000,mla_norope,42,2,0,0.0674293041229248,0.06470680236816406,2.131469249725342
10000,mla_norope,42,2,1,0.058584898710250854,0.06188929080963135,2.131469249725342
10000,mla_norope,42,2,2,0.07120808959007263,0.062379978597164154,2.131469249725342
10000,mla_norope,42,2,3,0.05404917523264885,0.058493722230196,2.131469249725342
10000,mla_norope,42,2,4,0.0533885695040226,0.054390717297792435,2.131469249725342
10000,mla_norope,42,2,5,0.060295816510915756,0.06313823908567429,2.131469249725342
10000,mla_norope,42,2,6,0.0766824334859848,0.0672244057059288,2.131469249725342
10000,mla_norope,42,2,7,0.08036570250988007,0.07701840996742249,2.131469249725342
10000,mla_norope,42,2,8,0.055337220430374146,0.056279029697179794,2.131469249725342
10000,mla_norope,42,2,9,0.06940989196300507,0.06450117379426956,2.131469249725342
10000,mla_norope,42,2,10,0.04929667338728905,0.056716278195381165,2.131469249725342
10000,mla_norope,42,2,11,0.06216522306203842,0.06296182423830032,2.131469249725342
10000,mla_norope,42,2,12,0.05799916759133339,0.06367936730384827,2.131469249725342
10000,mla_norope,42,2,13,0.06836486607789993,0.06758961081504822,2.131469249725342
10000,mla_norope,42,2,14,0.06493082642555237,0.06042523682117462,2.131469249725342
10000,mla_norope,42,2,15,0.050492145121097565,0.05860587954521179,2.131469249725342
10000,mla_norope,42,3,0,0.03930847346782684,0.049909744411706924,1.652195692062378
10000,mla_norope,42,3,1,0.0843137577176094,0.07960144430398941,1.652195692062378
10000,mla_norope,42,3,2,0.054905496537685394,0.0537688322365284,1.652195692062378
10000,mla_norope,42,3,3,0.06613057106733322,0.06834408640861511,1.652195692062378
10000,mla_norope,42,3,4,0.060662027448415756,0.06351910531520844,1.652195692062378
10000,mla_norope,42,3,5,0.06394562125205994,0.06235235184431076,1.652195692062378
10000,mla_norope,42,3,6,0.06936533749103546,0.06592006981372833,1.652195692062378
10000,mla_norope,42,3,7,0.07892466336488724,0.07146428525447845,1.652195692062378
10000,mla_norope,42,3,8,0.07882822304964066,0.06530190259218216,1.652195692062378
10000,mla_norope,42,3,9,0.0465322881937027,0.0557544082403183,1.652195692062378
10000,mla_norope,42,3,10,0.06777577847242355,0.06627224385738373,1.652195692062378
10000,mla_norope,42,3,11,0.04862874373793602,0.05493152141571045,1.652195692062378
10000,mla_norope,42,3,12,0.07534138858318329,0.07065100222826004,1.652195692062378
10000,mla_norope,42,3,13,0.052551064640283585,0.05682327225804329,1.652195692062378
10000,mla_norope,42,3,14,0.05600158870220184,0.054649028927087784,1.652195692062378
10000,mla_norope,42,3,15,0.0567849725484848,0.060736726969480515,1.652195692062378
10000,mla_norope,42,4,0,0.04078714922070503,0.05372804030776024,1.2388094663619995
10000,mla_norope,42,4,1,0.030701294541358948,0.03840547427535057,1.2388094663619995
10000,mla_norope,42,4,2,0.08689219504594803,0.06793709844350815,1.2388094663619995
10000,mla_norope,42,4,3,0.0607789121568203,0.052658554166555405,1.2388094663619995
10000,mla_norope,42,4,4,0.038792114704847336,0.04216060787439346,1.2388094663619995
10000,mla_norope,42,4,5,0.032379150390625,0.04138781875371933,1.2388094663619995
10000,mla_norope,42,4,6,0.0638783797621727,0.06692279130220413,1.2388094663619995
10000,mla_norope,42,4,7,0.035885415971279144,0.0349506177008152,1.2388094663619995
10000,mla_norope,42,4,8,0.09158101677894592,0.07700713723897934,1.2388094663619995
10000,mla_norope,42,4,9,0.03610839694738388,0.04043540358543396,1.2388094663619995
10000,mla_norope,42,4,10,0.11114390194416046,0.10349421203136444,1.2388094663619995
10000,mla_norope,42,4,11,0.059828490018844604,0.07193358987569809,1.2388094663619995
10000,mla_norope,42,4,12,0.09676249325275421,0.09911535680294037,1.2388094663619995
10000,mla_norope,42,4,13,0.07826538383960724,0.07415295392274857,1.2388094663619995
10000,mla_norope,42,4,14,0.054030559957027435,0.06311557441949844,1.2388094663619995
10000,mla_norope,42,4,15,0.08218515664339066,0.07259482890367508,1.2388094663619995
10000,mla_norope,42,5,0,0.043703917413949966,0.04952913150191307,1.2363816499710083
10000,mla_norope,42,5,1,0.04313720762729645,0.04723256081342697,1.2363816499710083
10000,mla_norope,42,5,2,0.12438710778951645,0.11350549012422562,1.2363816499710083
10000,mla_norope,42,5,3,0.04437306895852089,0.02888219803571701,1.2363816499710083
10000,mla_norope,42,5,4,0.0847206637263298,0.07829460501670837,1.2363816499710083
10000,mla_norope,42,5,5,0.02804362028837204,0.03220302239060402,1.2363816499710083
10000,mla_norope,42,5,6,0.06571787595748901,0.06454362720251083,1.2363816499710083
10000,mla_norope,42,5,7,0.08895314484834671,0.06305595487356186,1.2363816499710083
10000,mla_norope,42,5,8,0.08184702694416046,0.08335528522729874,1.2363816499710083
10000,mla_norope,42,5,9,0.056549884378910065,0.060487307608127594,1.2363816499710083
10000,mla_norope,42,5,10,0.029536539688706398,0.04910840094089508,1.2363816499710083
10000,mla_norope,42,5,11,0.042259421199560165,0.058754127472639084,1.2363816499710083
10000,mla_norope,42,5,12,0.06496704369783401,0.08199956268072128,1.2363816499710083
10000,mla_norope,42,5,13,0.046793822199106216,0.051006004214286804,1.2363816499710083
10000,mla_norope,42,5,14,0.0762927234172821,0.0672832801938057,1.2363816499710083
10000,mla_norope,42,5,15,0.078716941177845,0.07075943797826767,1.2363816499710083
10500,mla_norope,42,1,0,0.059862568974494934,0.056804925203323364,2.279021739959717
10500,mla_norope,42,1,1,0.046278584748506546,0.051211562007665634,2.279021739959717
10500,mla_norope,42,1,2,0.0631333440542221,0.06033299118280411,2.279021739959717
10500,mla_norope,42,1,3,0.060116883367300034,0.059445399791002274,2.279021739959717
10500,mla_norope,42,1,4,0.06568359583616257,0.06761296093463898,2.279021739959717
10500,mla_norope,42,1,5,0.060211893171072006,0.06290755420923233,2.279021739959717
10500,mla_norope,42,1,6,0.06836873292922974,0.06441589444875717,2.279021739959717
10500,mla_norope,42,1,7,0.06839233636856079,0.06694915145635605,2.279021739959717
10500,mla_norope,42,1,8,0.0718153864145279,0.06025930866599083,2.279021739959717
10500,mla_norope,42,1,9,0.05340098217129707,0.05865033343434334,2.279021739959717
10500,mla_norope,42,1,10,0.06838622689247131,0.06292133033275604,2.279021739959717
10500,mla_norope,42,1,11,0.0600382499396801,0.06677816808223724,2.279021739959717
10500,mla_norope,42,1,12,0.04737243801355362,0.06472866982221603,2.279021739959717
10500,mla_norope,42,1,13,0.07380249351263046,0.06756415218114853,2.279021739959717
10500,mla_norope,42,1,14,0.06314819306135178,0.06451639533042908,2.279021739959717
10500,mla_norope,42,1,15,0.06998810172080994,0.06490110605955124,2.279021739959717
10500,mla_norope,42,2,0,0.06730438023805618,0.06505043804645538,2.122323751449585
10500,mla_norope,42,2,1,0.05482015013694763,0.059607479721307755,2.122323751449585
10500,mla_norope,42,2,2,0.06496236473321915,0.05867401137948036,2.122323751449585
10500,mla_norope,42,2,3,0.051473286002874374,0.05636459216475487,2.122323751449585
10500,mla_norope,42,2,4,0.05343719571828842,0.05432990938425064,2.122323751449585
10500,mla_norope,42,2,5,0.06330790370702744,0.06602782756090164,2.122323751449585
10500,mla_norope,42,2,6,0.07542887330055237,0.06625155359506607,2.122323751449585
10500,mla_norope,42,2,7,0.07947947084903717,0.07661264389753342,2.122323751449585
10500,mla_norope,42,2,8,0.05742451921105385,0.057558804750442505,2.122323751449585
10500,mla_norope,42,2,9,0.07373514771461487,0.06732505559921265,2.122323751449585
10500,mla_norope,42,2,10,0.05586802214384079,0.05866014584898949,2.122323751449585
10500,mla_norope,42,2,11,0.06602233648300171,0.06738422811031342,2.122323751449585
10500,mla_norope,42,2,12,0.05272176116704941,0.060164935886859894,2.122323751449585
10500,mla_norope,42,2,13,0.06945719569921494,0.06812449544668198,2.122323751449585
10500,mla_norope,42,2,14,0.06199930980801582,0.058933887630701065,2.122323751449585
10500,mla_norope,42,2,15,0.052558086812496185,0.05893002077937126,2.122323751449585
10500,mla_norope,42,3,0,0.04020589217543602,0.049619533121585846,1.6350384950637817
10500,mla_norope,42,3,1,0.08615610748529434,0.08175378292798996,1.6350384950637817
10500,mla_norope,42,3,2,0.053241170942783356,0.053737495094537735,1.6350384950637817
10500,mla_norope,42,3,3,0.06588012725114822,0.06778398901224136,1.6350384950637817
10500,mla_norope,42,3,4,0.060898032039403915,0.06431499123573303,1.6350384950637817
10500,mla_norope,42,3,5,0.06301930546760559,0.06108204647898674,1.6350384950637817
10500,mla_norope,42,3,6,0.0697002187371254,0.06657971441745758,1.6350384950637817
10500,mla_norope,42,3,7,0.07571238279342651,0.06638341397047043,1.6350384950637817
10500,mla_norope,42,3,8,0.07799794524908066,0.06509488075971603,1.6350384950637817
10500,mla_norope,42,3,9,0.04681050777435303,0.055617451667785645,1.6350384950637817
10500,mla_norope,42,3,10,0.06849314272403717,0.06701631844043732,1.6350384950637817
10500,mla_norope,42,3,11,0.04517059400677681,0.05244814604520798,1.6350384950637817
10500,mla_norope,42,3,12,0.0750286877155304,0.07039003819227219,1.6350384950637817
10500,mla_norope,42,3,13,0.055837299674749374,0.05997408553957939,1.6350384950637817
10500,mla_norope,42,3,14,0.057389628142118454,0.05637571960687637,1.6350384950637817
10500,mla_norope,42,3,15,0.05845896527171135,0.061828531324863434,1.6350384950637817
10500,mla_norope,42,4,0,0.04056365787982941,0.053104519844055176,1.2352710962295532
10500,mla_norope,42,4,1,0.03121185302734375,0.03832961991429329,1.2352710962295532
10500,mla_norope,42,4,2,0.0839424654841423,0.06648211926221848,1.2352710962295532
10500,mla_norope,42,4,3,0.060125935822725296,0.05251583829522133,1.2352710962295532
10500,mla_norope,42,4,4,0.040738627314567566,0.04367280751466751,1.2352710962295532
10500,mla_norope,42,4,5,0.031286824494600296,0.03962888941168785,1.2352710962295532
10500,mla_norope,42,4,6,0.06455016881227493,0.06456581503152847,1.2352710962295532
10500,mla_norope,42,4,7,0.033401284366846085,0.0327860489487648,1.2352710962295532
10500,mla_norope,42,4,8,0.09281229972839355,0.07803695648908615,1.2352710962295532
10500,mla_norope,42,4,9,0.03397227078676224,0.038317836821079254,1.2352710962295532
10500,mla_norope,42,4,10,0.11179433017969131,0.10587012767791748,1.2352710962295532
10500,mla_norope,42,4,11,0.059332989156246185,0.07085219025611877,1.2352710962295532
10500,mla_norope,42,4,12,0.09847462922334671,0.10071180015802383,1.2352710962295532
10500,mla_norope,42,4,13,0.07952921837568283,0.07578369230031967,1.2352710962295532
10500,mla_norope,42,4,14,0.05550343915820122,0.06581685692071915,1.2352710962295532
10500,mla_norope,42,4,15,0.08276000618934631,0.07352471351623535,1.2352710962295532
10500,mla_norope,42,5,0,0.044000957161188126,0.050271615386009216,1.232588529586792
10500,mla_norope,42,5,1,0.04216400161385536,0.04572172090411186,1.232588529586792
10500,mla_norope,42,5,2,0.12568746507167816,0.11444497108459473,1.232588529586792
10500,mla_norope,42,5,3,0.041325684636831284,0.027065197005867958,1.232588529586792
10500,mla_norope,42,5,4,0.08668528497219086,0.08090462535619736,1.232588529586792
10500,mla_norope,42,5,5,0.028919881209731102,0.03216153010725975,1.232588529586792
10500,mla_norope,42,5,6,0.0652681514620781,0.06372543424367905,1.232588529586792
10500,mla_norope,42,5,7,0.08814910799264908,0.06231312453746796,1.232588529586792
10500,mla_norope,42,5,8,0.08006774634122849,0.08267353475093842,1.232588529586792
10500,mla_norope,42,5,9,0.054245300590991974,0.05905911698937416,1.232588529586792
10500,mla_norope,42,5,10,0.028948670253157616,0.04769179970026016,1.232588529586792
10500,mla_norope,42,5,11,0.042597249150276184,0.058874040842056274,1.232588529586792
10500,mla_norope,42,5,12,0.06441467255353928,0.0811014398932457,1.232588529586792
10500,mla_norope,42,5,13,0.048802997916936874,0.05312279984354973,1.232588529586792
10500,mla_norope,42,5,14,0.07770050317049026,0.06915529817342758,1.232588529586792
10500,mla_norope,42,5,15,0.08102233707904816,0.07171359658241272,1.232588529586792
11000,mla_norope,42,1,0,0.057905782014131546,0.05513341724872589,2.2646920680999756
11000,mla_norope,42,1,1,0.05103098601102829,0.05494260787963867,2.2646920680999756
11000,mla_norope,42,1,2,0.05257375165820122,0.05477970093488693,2.2646920680999756
11000,mla_norope,42,1,3,0.05902903154492378,0.05896107852458954,2.2646920680999756
11000,mla_norope,42,1,4,0.0641205832362175,0.06663896888494492,2.2646920680999756
11000,mla_norope,42,1,5,0.05593353137373924,0.06139671429991722,2.2646920680999756
11000,mla_norope,42,1,6,0.07466298341751099,0.06878484040498734,2.2646920680999756
11000,mla_norope,42,1,7,0.06829681247472763,0.06685743480920792,2.2646920680999756
11000,mla_norope,42,1,8,0.06956726312637329,0.05971812456846237,2.2646920680999756
11000,mla_norope,42,1,9,0.04756724089384079,0.05594510957598686,2.2646920680999756
11000,mla_norope,42,1,10,0.07086130976676941,0.06447432190179825,2.2646920680999756
11000,mla_norope,42,1,11,0.058154601603746414,0.06566966325044632,2.2646920680999756
11000,mla_norope,42,1,12,0.05691823363304138,0.06687848269939423,2.2646920680999756
11000,mla_norope,42,1,13,0.0730939731001854,0.06762922555208206,2.2646920680999756
11000,mla_norope,42,1,14,0.06735972315073013,0.0663611888885498,2.2646920680999756
11000,mla_norope,42,1,15,0.07292419672012329,0.06582896411418915,2.2646920680999756
11000,mla_norope,42,2,0,0.06692057102918625,0.06486369669437408,2.1075823307037354
11000,mla_norope,42,2,1,0.05300303176045418,0.05986674129962921,2.1075823307037354
11000,mla_norope,42,2,2,0.06412292271852493,0.05815720930695534,2.1075823307037354
11000,mla_norope,42,2,3,0.05178029462695122,0.05688958615064621,2.1075823307037354
11000,mla_norope,42,2,4,0.05386962741613388,0.05519840121269226,2.1075823307037354
11000,mla_norope,42,2,5,0.05901601165533066,0.061425965279340744,2.1075823307037354
11000,mla_norope,42,2,6,0.07405965030193329,0.06597143411636353,2.1075823307037354
11000,mla_norope,42,2,7,0.08434020727872849,0.08037488907575607,2.1075823307037354
11000,mla_norope,42,2,8,0.0601615384221077,0.058335985988378525,2.1075823307037354
11000,mla_norope,42,2,9,0.07015543431043625,0.06577108800411224,2.1075823307037354
11000,mla_norope,42,2,10,0.057158201932907104,0.0596083402633667,2.1075823307037354
11000,mla_norope,42,2,11,0.060494791716337204,0.06263058632612228,2.1075823307037354
11000,mla_norope,42,2,12,0.057848814874887466,0.06454023718833923,2.1075823307037354
11000,mla_norope,42,2,13,0.07056030631065369,0.06902118772268295,2.1075823307037354
11000,mla_norope,42,2,14,0.0650392696261406,0.060106005519628525,2.1075823307037354
11000,mla_norope,42,2,15,0.05146931856870651,0.05723852291703224,2.1075823307037354
11000,mla_norope,42,3,0,0.037957966327667236,0.048380911350250244,1.6282835006713867
11000,mla_norope,42,3,1,0.08484547585248947,0.0806511789560318,1.6282835006713867
11000,mla_norope,42,3,2,0.05603017285466194,0.0533192977309227,1.6282835006713867
11000,mla_norope,42,3,3,0.06629852205514908,0.06818106770515442,1.6282835006713867
11000,mla_norope,42,3,4,0.06149902194738388,0.06457854062318802,1.6282835006713867
11000,mla_norope,42,3,5,0.06281046569347382,0.06257731467485428,1.6282835006713867
11000,mla_norope,42,3,6,0.06998830288648605,0.06651798635721207,1.6282835006713867
11000,mla_norope,42,3,7,0.0782705694437027,0.06948044151067734,1.6282835006713867
11000,mla_norope,42,3,8,0.08119039237499237,0.06607254594564438,1.6282835006713867
11000,mla_norope,42,3,9,0.04532328248023987,0.053859028965234756,1.6282835006713867
11000,mla_norope,42,3,10,0.07059133052825928,0.06942075490951538,1.6282835006713867
11000,mla_norope,42,3,11,0.041871845722198486,0.05051200091838837,1.6282835006713867
11000,mla_norope,42,3,12,0.07273010164499283,0.06798964738845825,1.6282835006713867
11000,mla_norope,42,3,13,0.05731455609202385,0.061232566833496094,1.6282835006713867
11000,mla_norope,42,3,14,0.05716034024953842,0.05689658969640732,1.6282835006713867
11000,mla_norope,42,3,15,0.05611765384674072,0.060330092906951904,1.6282835006713867
11000,mla_norope,42,4,0,0.04149943217635155,0.05402963608503342,1.2412954568862915
11000,mla_norope,42,4,1,0.0296198520809412,0.03830743581056595,1.2412954568862915
11000,mla_norope,42,4,2,0.08558908849954605,0.06685028225183487,1.2412954568862915
11000,mla_norope,42,4,3,0.058948975056409836,0.052060000598430634,1.2412954568862915
11000,mla_norope,42,4,4,0.038596801459789276,0.04279441386461258,1.2412954568862915
11000,mla_norope,42,4,5,0.029742736369371414,0.038701415061950684,1.2412954568862915
11000,mla_norope,42,4,6,0.0671723410487175,0.06752597540616989,1.2412954568862915
11000,mla_norope,42,4,7,0.03554249927401543,0.03434378653764725,1.2412954568862915
11000,mla_norope,42,4,8,0.0911160260438919,0.07638448476791382,1.2412954568862915
11000,mla_norope,42,4,9,0.036559853702783585,0.04089844226837158,1.2412954568862915
11000,mla_norope,42,4,10,0.11233764886856079,0.10603407025337219,1.2412954568862915
11000,mla_norope,42,4,11,0.060293376445770264,0.07165388017892838,1.2412954568862915
11000,mla_norope,42,4,12,0.09650034457445145,0.09789583086967468,1.2412954568862915
11000,mla_norope,42,4,13,0.07870035618543625,0.07420649379491806,1.2412954568862915
11000,mla_norope,42,4,14,0.05571034923195839,0.06491311639547348,1.2412954568862915
11000,mla_norope,42,4,15,0.08207031339406967,0.07340078055858612,1.2412954568862915
11000,mla_norope,42,5,0,0.04425232112407684,0.04967770725488663,1.2256431579589844
11000,mla_norope,42,5,1,0.043152060359716415,0.046341460198163986,1.2256431579589844
11000,mla_norope,42,5,2,0.12543681263923645,0.11520496010780334,1.2256431579589844
11000,mla_norope,42,5,3,0.042452696710824966,0.027581987902522087,1.2256431579589844
11000,mla_norope,42,5,4,0.0840989202260971,0.07706008851528168,1.2256431579589844
11000,mla_norope,42,5,5,0.027700603008270264,0.0320047028362751,1.2256431579589844
11000,mla_norope,42,5,6,0.06714050471782684,0.06457123905420303,1.2256431579589844
11000,mla_norope,42,5,7,0.09052103757858276,0.06345434486865997,1.2256431579589844
11000,mla_norope,42,5,8,0.07661397010087967,0.07887500524520874,1.2256431579589844
11000,mla_norope,42,5,9,0.055582478642463684,0.060755304992198944,1.2256431579589844
11000,mla_norope,42,5,10,0.028483377769589424,0.04734643176198006,1.2256431579589844
11000,mla_norope,42,5,11,0.044454142451286316,0.0606561042368412,1.2256431579589844
11000,mla_norope,42,5,12,0.06433461606502533,0.08216886222362518,1.2256431579589844
11000,mla_norope,42,5,13,0.04877004027366638,0.05322563648223877,1.2256431579589844
11000,mla_norope,42,5,14,0.07838918268680573,0.07024138420820236,1.2256431579589844
11000,mla_norope,42,5,15,0.07861724495887756,0.07083483040332794,1.2256431579589844
11500,mla_norope,42,1,0,0.05823476240038872,0.055253129452466965,2.2551136016845703
11500,mla_norope,42,1,1,0.04739827290177345,0.0521760955452919,2.2551136016845703
11500,mla_norope,42,1,2,0.05710510164499283,0.0569620206952095,2.2551136016845703
11500,mla_norope,42,1,3,0.06226297840476036,0.0608072467148304,2.2551136016845703
11500,mla_norope,42,1,4,0.07249125093221664,0.07083141803741455,2.2551136016845703
11500,mla_norope,42,1,5,0.052137043327093124,0.06019257754087448,2.2551136016845703
11500,mla_norope,42,1,6,0.06669463962316513,0.06400065124034882,2.2551136016845703
11500,mla_norope,42,1,7,0.06946268677711487,0.06769327074289322,2.2551136016845703
11500,mla_norope,42,1,8,0.07601572573184967,0.06381435692310333,2.2551136016845703
11500,mla_norope,42,1,9,0.04742614924907684,0.055829841643571854,2.2551136016845703
11500,mla_norope,42,1,10,0.06510579586029053,0.06074449047446251,2.2551136016845703
11500,mla_norope,42,1,11,0.06096750870347023,0.0649448111653328,2.2551136016845703
11500,mla_norope,42,1,12,0.049911703914403915,0.06593628972768784,2.2551136016845703
11500,mla_norope,42,1,13,0.07234924286603928,0.06722472608089447,2.2551136016845703
11500,mla_norope,42,1,14,0.06860513985157013,0.06713107228279114,2.2551136016845703
11500,mla_norope,42,1,15,0.07383199036121368,0.06645811349153519,2.2551136016845703
11500,mla_norope,42,2,0,0.0694681778550148,0.06668872386217117,2.0954670906066895
11500,mla_norope,42,2,1,0.048256125301122665,0.05648660659790039,2.0954670906066895
11500,mla_norope,42,2,2,0.07237233221530914,0.06292137503623962,2.0954670906066895
11500,mla_norope,42,2,3,0.06347575038671494,0.06475809216499329,2.0954670906066895
11500,mla_norope,42,2,4,0.050821125507354736,0.052695099264383316,2.0954670906066895
11500,mla_norope,42,2,5,0.05976155772805214,0.06267881393432617,2.0954670906066895
11500,mla_norope,42,2,6,0.07103342562913895,0.06430888175964355,2.0954670906066895
11500,mla_norope,42,2,7,0.07870279997587204,0.07607202231884003,2.0954670906066895
11500,mla_norope,42,2,8,0.06158406659960747,0.059189338237047195,2.0954670906066895
11500,mla_norope,42,2,9,0.06515268981456757,0.06346887350082397,2.0954670906066895
11500,mla_norope,42,2,10,0.06111389026045799,0.06036077439785004,2.0954670906066895
11500,mla_norope,42,2,11,0.06100402772426605,0.06335607171058655,2.0954670906066895
11500,mla_norope,42,2,12,0.057233478873968124,0.06383291631937027,2.0954670906066895
11500,mla_norope,42,2,13,0.0662326067686081,0.0669136792421341,2.0954670906066895
11500,mla_norope,42,2,14,0.06530110538005829,0.060908909887075424,2.0954670906066895
11500,mla_norope,42,2,15,0.04848683625459671,0.05536005645990372,2.0954670906066895
11500,mla_norope,42,3,0,0.036351826041936874,0.048208434134721756,1.6318700313568115
11500,mla_norope,42,3,1,0.08723490685224533,0.08147592842578888,1.6318700313568115
11500,mla_norope,42,3,2,0.053513795137405396,0.05196525901556015,1.6318700313568115
11500,mla_norope,42,3,3,0.06662119179964066,0.06829603016376495,1.6318700313568115
11500,mla_norope,42,3,4,0.06111440062522888,0.06397847831249237,1.6318700313568115
11500,mla_norope,42,3,5,0.06475148350000381,0.06183759868144989,1.6318700313568115
11500,mla_norope,42,3,6,0.06592671573162079,0.06310803443193436,1.6318700313568115
11500,mla_norope,42,3,7,0.0806078091263771,0.07349071651697159,1.6318700313568115
11500,mla_norope,42,3,8,0.08029225468635559,0.0655992403626442,1.6318700313568115
11500,mla_norope,42,3,9,0.04499552398920059,0.054777588695287704,1.6318700313568115
11500,mla_norope,42,3,10,0.07136688381433487,0.06924421340227127,1.6318700313568115
11500,mla_norope,42,3,11,0.047366026788949966,0.0535280667245388,1.6318700313568115
11500,mla_norope,42,3,12,0.07432088255882263,0.06917877495288849,1.6318700313568115
11500,mla_norope,42,3,13,0.0546315498650074,0.05928170680999756,1.6318700313568115
11500,mla_norope,42,3,14,0.05378367006778717,0.054499220103025436,1.6318700313568115
11500,mla_norope,42,3,15,0.057121071964502335,0.061530642211437225,1.6318700313568115
11500,mla_norope,42,4,0,0.04105336591601372,0.05351165309548378,1.2312898635864258
11500,mla_norope,42,4,1,0.032261453568935394,0.03886139392852783,1.2312898635864258
11500,mla_norope,42,4,2,0.08765533566474915,0.06857456266880035,1.2312898635864258
11500,mla_norope,42,4,3,0.05684855207800865,0.050084248185157776,1.2312898635864258
11500,mla_norope,42,4,4,0.03970601409673691,0.04414282366633415,1.2312898635864258
11500,mla_norope,42,4,5,0.029896341264247894,0.0389508493244648,1.2312898635864258
11500,mla_norope,42,4,6,0.06403259187936783,0.06630237400531769,1.2312898635864258
11500,mla_norope,42,4,7,0.03704488277435303,0.03572041168808937,1.2312898635864258
11500,mla_norope,42,4,8,0.09180968999862671,0.07601042836904526,1.2312898635864258
11500,mla_norope,42,4,9,0.0356394462287426,0.03982555866241455,1.2312898635864258
11500,mla_norope,42,4,10,0.11129190772771835,0.10348361730575562,1.2312898635864258
11500,mla_norope,42,4,11,0.060738932341337204,0.0724959596991539,1.2312898635864258
11500,mla_norope,42,4,12,0.09707082062959671,0.10009098052978516,1.2312898635864258
11500,mla_norope,42,4,13,0.0765908807516098,0.07270749658346176,1.2312898635864258
11500,mla_norope,42,4,14,0.05469421297311783,0.06384275108575821,1.2312898635864258
11500,mla_norope,42,4,15,0.08366556465625763,0.07539484649896622,1.2312898635864258
11500,mla_norope,42,5,0,0.04372985661029816,0.04916739463806152,1.228813648223877
11500,mla_norope,42,5,1,0.044541116803884506,0.047467317432165146,1.228813648223877
11500,mla_norope,42,5,2,0.12482655793428421,0.11457402259111404,1.228813648223877
11500,mla_norope,42,5,3,0.04437255859375,0.029568767175078392,1.228813648223877
11500,mla_norope,42,5,4,0.08377715945243835,0.07647282630205154,1.228813648223877
11500,mla_norope,42,5,5,0.028587952256202698,0.032728761434555054,1.228813648223877
11500,mla_norope,42,5,6,0.0669974759221077,0.0644015371799469,1.228813648223877
11500,mla_norope,42,5,7,0.0912824496626854,0.06367330998182297,1.228813648223877
11500,mla_norope,42,5,8,0.07586649805307388,0.07856747508049011,1.228813648223877
11500,mla_norope,42,5,9,0.052688293159008026,0.05731809139251709,1.228813648223877
11500,mla_norope,42,5,10,0.029783325269818306,0.04890022799372673,1.228813648223877
11500,mla_norope,42,5,11,0.04202646762132645,0.05867048725485802,1.228813648223877
11500,mla_norope,42,5,12,0.06476623564958572,0.08280786871910095,1.228813648223877
11500,mla_norope,42,5,13,0.04814198985695839,0.05305051431059837,1.228813648223877
11500,mla_norope,42,5,14,0.07911112159490585,0.07035615295171738,1.228813648223877
11500,mla_norope,42,5,15,0.07950093597173691,0.0722753033041954,1.228813648223877
12000,mla_norope,42,1,0,0.05641276016831398,0.05407415330410004,2.248040199279785
12000,mla_norope,42,1,1,0.049092814326286316,0.0538044236600399,2.248040199279785
12000,mla_norope,42,1,2,0.07292348146438599,0.06440737843513489,2.248040199279785
12000,mla_norope,42,1,3,0.056311339139938354,0.057583071291446686,2.248040199279785
12000,mla_norope,42,1,4,0.06555206328630447,0.06724521517753601,2.248040199279785
12000,mla_norope,42,1,5,0.05776692554354668,0.06266295164823532,2.248040199279785
12000,mla_norope,42,1,6,0.07462656497955322,0.06922969222068787,2.248040199279785
12000,mla_norope,42,1,7,0.06695963442325592,0.0664656013250351,2.248040199279785
12000,mla_norope,42,1,8,0.06674204766750336,0.0582815483212471,2.248040199279785
12000,mla_norope,42,1,9,0.04954925552010536,0.05691080912947655,2.248040199279785
12000,mla_norope,42,1,10,0.06693685054779053,0.0615604892373085,2.248040199279785
12000,mla_norope,42,1,11,0.058898720890283585,0.06574693322181702,2.248040199279785
12000,mla_norope,42,1,12,0.051613058894872665,0.0655280128121376,2.248040199279785
12000,mla_norope,42,1,13,0.0730324313044548,0.06768528372049332,2.248040199279785
12000,mla_norope,42,1,14,0.06405751407146454,0.06409285217523575,2.248040199279785
12000,mla_norope,42,1,15,0.06952453404664993,0.06472139060497284,2.248040199279785
12000,mla_norope,42,2,0,0.06664326786994934,0.06478411704301834,2.0871078968048096
12000,mla_norope,42,2,1,0.0558585599064827,0.05999959260225296,2.0871078968048096
12000,mla_norope,42,2,2,0.06995615363121033,0.0620906688272953,2.0871078968048096
12000,mla_norope,42,2,3,0.05281473696231842,0.058183446526527405,2.0871078968048096
12000,mla_norope,42,2,4,0.0515269972383976,0.05289345607161522,2.0871078968048096
12000,mla_norope,42,2,5,0.05938720703125,0.062262069433927536,2.0871078968048096
12000,mla_norope,42,2,6,0.07189137488603592,0.06576135754585266,2.0871078968048096
12000,mla_norope,42,2,7,0.07802002131938934,0.07533647119998932,2.0871078968048096
12000,mla_norope,42,2,8,0.06891652196645737,0.06210045516490936,2.0871078968048096
12000,mla_norope,42,2,9,0.06486277282238007,0.06352149695158005,2.0871078968048096
12000,mla_norope,42,2,10,0.06284535676240921,0.061119504272937775,2.0871078968048096
12000,mla_norope,42,2,11,0.06136474758386612,0.06361645460128784,2.0871078968048096
12000,mla_norope,42,2,12,0.05482788011431694,0.06269361823797226,2.0871078968048096
12000,mla_norope,42,2,13,0.06521982699632645,0.06629856675863266,2.0871078968048096
12000,mla_norope,42,2,14,0.06625182926654816,0.061840370297431946,2.0871078968048096
12000,mla_norope,42,2,15,0.049612730741500854,0.05749835446476936,2.0871078968048096
12000,mla_norope,42,3,0,0.03777892887592316,0.04874309524893761,1.6138648986816406
12000,mla_norope,42,3,1,0.0885847955942154,0.08322510123252869,1.6138648986816406
12000,mla_norope,42,3,2,0.05534983426332474,0.053788211196660995,1.6138648986816406
12000,mla_norope,42,3,3,0.0655619278550148,0.06715822964906693,1.6138648986816406
12000,mla_norope,42,3,4,0.06013397127389908,0.06293241679668427,1.6138648986816406
12000,mla_norope,42,3,5,0.06699462980031967,0.06358799338340759,1.6138648986816406
12000,mla_norope,42,3,6,0.06958577781915665,0.06622887402772903,1.6138648986816406
12000,mla_norope,42,3,7,0.07867512851953506,0.07032054662704468,1.6138648986816406
12000,mla_norope,42,3,8,0.07768890261650085,0.06365424394607544,1.6138648986816406
12000,mla_norope,42,3,9,0.045732829719781876,0.05550259351730347,1.6138648986816406
12000,mla_norope,42,3,10,0.07147806882858276,0.06942499428987503,1.6138648986816406
12000,mla_norope,42,3,11,0.04597422108054161,0.053654663264751434,1.6138648986816406
12000,mla_norope,42,3,12,0.07513010501861572,0.07113100588321686,1.6138648986816406
12000,mla_norope,42,3,13,0.053988851606845856,0.05872224271297455,1.6138648986816406
12000,mla_norope,42,3,14,0.05389241501688957,0.05386077240109444,1.6138648986816406
12000,mla_norope,42,3,15,0.0534496046602726,0.05806491896510124,1.6138648986816406
12000,mla_norope,42,4,0,0.040189921855926514,0.05283758416771889,1.2305734157562256
12000,mla_norope,42,4,1,0.031205851584672928,0.03927893191576004,1.2305734157562256
12000,mla_norope,42,4,2,0.08987070620059967,0.06876562535762787,1.2305734157562256
12000,mla_norope,42,4,3,0.05765574052929878,0.049896351993083954,1.2305734157562256
12000,mla_norope,42,4,4,0.03752594068646431,0.04264876991510391,1.2305734157562256
12000,mla_norope,42,4,5,0.03003896027803421,0.0386800691485405,1.2305734157562256
12000,mla_norope,42,4,6,0.06426035612821579,0.06666901707649231,1.2305734157562256
12000,mla_norope,42,4,7,0.03316701203584671,0.033752162009477615,1.2305734157562256
12000,mla_norope,42,4,8,0.09381113946437836,0.07905162870883942,1.2305734157562256
12000,mla_norope,42,4,9,0.03461100161075592,0.03878981992602348,1.2305734157562256
12000,mla_norope,42,4,10,0.11117503046989441,0.10183940082788467,1.2305734157562256
12000,mla_norope,42,4,11,0.06195882335305214,0.07415778189897537,1.2305734157562256
12000,mla_norope,42,4,12,0.09815439581871033,0.10091792792081833,1.2305734157562256
12000,mla_norope,42,4,13,0.07784952968358994,0.0736551508307457,1.2305734157562256
12000,mla_norope,42,4,14,0.05618591234087944,0.0654209554195404,1.2305734157562256
12000,mla_norope,42,4,15,0.08233968168497086,0.0736389011144638,1.2305734157562256
12000,mla_norope,42,5,0,0.043876852840185165,0.04846285283565521,1.2202496528625488
12000,mla_norope,42,5,1,0.0431397520005703,0.046319667249917984,1.2202496528625488
12000,mla_norope,42,5,2,0.12582336366176605,0.11368031799793243,1.2202496528625488
12000,mla_norope,42,5,3,0.045288290828466415,0.030554618686437607,1.2202496528625488
12000,mla_norope,42,5,4,0.08375315368175507,0.07717931270599365,1.2202496528625488
12000,mla_norope,42,5,5,0.028250427916646004,0.03268017619848251,1.2202496528625488
12000,mla_norope,42,5,6,0.06691324710845947,0.063858263194561,1.2202496528625488
12000,mla_norope,42,5,7,0.09041666984558105,0.0639367327094078,1.2202496528625488
12000,mla_norope,42,5,8,0.07873240113258362,0.08242049068212509,1.2202496528625488
12000,mla_norope,42,5,9,0.055488381534814835,0.059967346489429474,1.2202496528625488
12000,mla_norope,42,5,10,0.029560647904872894,0.04935275390744209,1.2202496528625488
12000,mla_norope,42,5,11,0.04276367276906967,0.05929168686270714,1.2202496528625488
12000,mla_norope,42,5,12,0.06434427946805954,0.08164606243371964,1.2202496528625488
12000,mla_norope,42,5,13,0.047011617571115494,0.051074881106615067,1.2202496528625488
12000,mla_norope,42,5,14,0.07510437071323395,0.0673568993806839,1.2202496528625488
12000,mla_norope,42,5,15,0.07953287661075592,0.07221787422895432,1.2202496528625488
12500,mla_norope,42,1,0,0.05327188968658447,0.052067533135414124,2.236837148666382
12500,mla_norope,42,1,1,0.04669484496116638,0.05214180797338486,2.236837148666382
12500,mla_norope,42,1,2,0.06096811965107918,0.05888767167925835,2.236837148666382
12500,mla_norope,42,1,3,0.061559345573186874,0.06078304350376129,2.236837148666382
12500,mla_norope,42,1,4,0.06749023497104645,0.06860964745283127,2.236837148666382
12500,mla_norope,42,1,5,0.058149006217718124,0.06179622560739517,2.236837148666382
12500,mla_norope,42,1,6,0.06869547814130783,0.06476134061813354,2.236837148666382
12500,mla_norope,42,1,7,0.06589813530445099,0.06540616601705551,2.236837148666382
12500,mla_norope,42,1,8,0.07404205203056335,0.06288018822669983,2.236837148666382
12500,mla_norope,42,1,9,0.04764363542199135,0.05566607043147087,2.236837148666382
12500,mla_norope,42,1,10,0.06864918768405914,0.06291899085044861,2.236837148666382
12500,mla_norope,42,1,11,0.060926105827093124,0.0665452852845192,2.236837148666382
12500,mla_norope,42,1,12,0.05329427123069763,0.06656472384929657,2.236837148666382
12500,mla_norope,42,1,13,0.07563558220863342,0.06906851381063461,2.236837148666382
12500,mla_norope,42,1,14,0.06517313420772552,0.06531013548374176,2.236837148666382
12500,mla_norope,42,1,15,0.07190897315740585,0.06659270077943802,2.236837148666382
12500,mla_norope,42,2,0,0.06898010522127151,0.0662742406129837,2.0787713527679443
12500,mla_norope,42,2,1,0.049713339656591415,0.05733426287770271,2.0787713527679443
12500,mla_norope,42,2,2,0.07557973265647888,0.06572062522172928,2.0787713527679443
12500,mla_norope,42,2,3,0.052726540714502335,0.057204876095056534,2.0787713527679443
12500,mla_norope,42,2,4,0.05039500072598457,0.052532438188791275,2.0787713527679443
12500,mla_norope,42,2,5,0.05836110562086105,0.0608055554330349,2.0787713527679443
12500,mla_norope,42,2,6,0.07138752937316895,0.06584034115076065,2.0787713527679443
12500,mla_norope,42,2,7,0.07761077582836151,0.0754208043217659,2.0787713527679443
12500,mla_norope,42,2,8,0.05826222896575928,0.05745282396674156,2.0787713527679443
12500,mla_norope,42,2,9,0.07399790734052658,0.06793580949306488,2.0787713527679443
12500,mla_norope,42,2,10,0.06835642457008362,0.06405562907457352,2.0787713527679443
12500,mla_norope,42,2,11,0.06060038134455681,0.0625852644443512,2.0787713527679443
12500,mla_norope,42,2,12,0.05361033231019974,0.061478786170482635,2.0787713527679443
12500,mla_norope,42,2,13,0.06669393181800842,0.06802643090486526,2.0787713527679443
12500,mla_norope,42,2,14,0.06651550531387329,0.06271412968635559,2.0787713527679443
12500,mla_norope,42,2,15,0.04720916599035263,0.05461804196238518,2.0787713527679443
12500,mla_norope,42,3,0,0.0368124395608902,0.04806893318891525,1.6167851686477661
12500,mla_norope,42,3,1,0.08683858066797256,0.08104478567838669,1.6167851686477661
12500,mla_norope,42,3,2,0.055138446390628815,0.05346013978123665,1.6167851686477661
12500,mla_norope,42,3,3,0.06330841034650803,0.06451232731342316,1.6167851686477661
12500,mla_norope,42,3,4,0.06090932339429855,0.06419505923986435,1.6167851686477661
12500,mla_norope,42,3,5,0.06180837005376816,0.0597742535173893,1.6167851686477661
12500,mla_norope,42,3,6,0.06786936521530151,0.0649355798959732,1.6167851686477661
12500,mla_norope,42,3,7,0.08102519065141678,0.07359796017408371,1.6167851686477661
12500,mla_norope,42,3,8,0.07876342535018921,0.06496341526508331,1.6167851686477661
12500,mla_norope,42,3,9,0.04585408419370651,0.05553222820162773,1.6167851686477661
12500,mla_norope,42,3,10,0.06986632943153381,0.06802093982696533,1.6167851686477661
12500,mla_norope,42,3,11,0.04671763256192207,0.05268028751015663,1.6167851686477661
12500,mla_norope,42,3,12,0.0766308605670929,0.07254784554243088,1.6167851686477661
12500,mla_norope,42,3,13,0.055407002568244934,0.060192450881004333,1.6167851686477661
12500,mla_norope,42,3,14,0.058273620903491974,0.057241763919591904,1.6167851686477661
12500,mla_norope,42,3,15,0.05477691814303398,0.05923210829496384,1.6167851686477661
12500,mla_norope,42,4,0,0.040488891303539276,0.0525241456925869,1.2335110902786255
12500,mla_norope,42,4,1,0.03152048587799072,0.039571791887283325,1.2335110902786255
12500,mla_norope,42,4,2,0.08872782438993454,0.06913890689611435,1.2335110902786255
12500,mla_norope,42,4,3,0.05634775757789612,0.04924338310956955,1.2335110902786255
12500,mla_norope,42,4,4,0.03819183260202408,0.04203386232256889,1.2335110902786255
12500,mla_norope,42,4,5,0.029539896175265312,0.03807787597179413,1.2335110902786255
12500,mla_norope,42,4,6,0.06699157506227493,0.06820125132799149,1.2335110902786255
12500,mla_norope,42,4,7,0.03451985493302345,0.0343620628118515,1.2335110902786255
12500,mla_norope,42,4,8,0.09356506168842316,0.07847199589014053,1.2335110902786255
12500,mla_norope,42,4,9,0.035185039043426514,0.03944845125079155,1.2335110902786255
12500,mla_norope,42,4,10,0.11178995668888092,0.1020735576748848,1.2335110902786255
12500,mla_norope,42,4,11,0.06035308912396431,0.07265283912420273,1.2335110902786255
12500,mla_norope,42,4,12,0.09693379700183868,0.10116952657699585,1.2335110902786255
12500,mla_norope,42,4,13,0.07715840637683868,0.07351980358362198,1.2335110902786255
12500,mla_norope,42,4,14,0.05461008846759796,0.0646299198269844,1.2335110902786255
12500,mla_norope,42,4,15,0.08407643437385559,0.07488053292036057,1.2335110902786255
12500,mla_norope,42,5,0,0.04366770386695862,0.04871628060936928,1.2172387838363647
12500,mla_norope,42,5,1,0.043212078511714935,0.045834410935640335,1.2172387838363647
12500,mla_norope,42,5,2,0.1246330738067627,0.11339857429265976,1.2172387838363647
12500,mla_norope,42,5,3,0.04530487209558487,0.030090121552348137,1.2172387838363647
12500,mla_norope,42,5,4,0.08415283262729645,0.0790804773569107,1.2172387838363647
12500,mla_norope,42,5,5,0.027738342061638832,0.03218908607959747,1.2172387838363647
12500,mla_norope,42,5,6,0.06754567474126816,0.06453722715377808,1.2172387838363647
12500,mla_norope,42,5,7,0.09096384793519974,0.063357412815094,1.2172387838363647
12500,mla_norope,42,5,8,0.07830779999494553,0.08084803819656372,1.2172387838363647
12500,mla_norope,42,5,9,0.05601684749126434,0.061353474855422974,1.2172387838363647
12500,mla_norope,42,5,10,0.029499409720301628,0.04845411330461502,1.2172387838363647
12500,mla_norope,42,5,11,0.042524006217718124,0.05927780270576477,1.2172387838363647
12500,mla_norope,42,5,12,0.06451639533042908,0.08232419937849045,1.2172387838363647
12500,mla_norope,42,5,13,0.04771158844232559,0.05234299227595329,1.2172387838363647
12500,mla_norope,42,5,14,0.07491007447242737,0.06802541762590408,1.2172387838363647
12500,mla_norope,42,5,15,0.07929544895887375,0.07017029076814651,1.2172387838363647
13000,mla_norope,42,1,0,0.05615071579813957,0.05396594479680061,2.232090950012207
13000,mla_norope,42,1,1,0.04366160184144974,0.049785953015089035,2.232090950012207
13000,mla_norope,42,1,2,0.06278635561466217,0.05970573425292969,2.232090950012207
13000,mla_norope,42,1,3,0.05944814160466194,0.059807050973176956,2.232090950012207
13000,mla_norope,42,1,4,0.0721530169248581,0.07090698927640915,2.232090950012207
13000,mla_norope,42,1,5,0.057296548038721085,0.061984989792108536,2.232090950012207
13000,mla_norope,42,1,6,0.07202392816543579,0.06702708452939987,2.232090950012207
13000,mla_norope,42,1,7,0.06772246956825256,0.0671311765909195,2.232090950012207
13000,mla_norope,42,1,8,0.07237599790096283,0.062217965722084045,2.232090950012207
13000,mla_norope,42,1,9,0.04960571229457855,0.05742371082305908,2.232090950012207
13000,mla_norope,42,1,10,0.06528116762638092,0.0602293387055397,2.232090950012207
13000,mla_norope,42,1,11,0.056884765625,0.064930759370327,2.232090950012207
13000,mla_norope,42,1,12,0.060449931770563126,0.06799158453941345,2.232090950012207
13000,mla_norope,42,1,13,0.06923726201057434,0.06644976884126663,2.232090950012207
13000,mla_norope,42,1,14,0.06388264894485474,0.06457792967557907,2.232090950012207
13000,mla_norope,42,1,15,0.07103973627090454,0.06586398929357529,2.232090950012207
13000,mla_norope,42,2,0,0.06610127538442612,0.06467880308628082,2.0748300552368164
13000,mla_norope,42,2,1,0.05906962230801582,0.061397165060043335,2.0748300552368164
13000,mla_norope,42,2,2,0.06934580206871033,0.061509158462285995,2.0748300552368164
13000,mla_norope,42,2,3,0.05721649155020714,0.061054643243551254,2.0748300552368164
13000,mla_norope,42,2,4,0.05320068448781967,0.05481836199760437,2.0748300552368164
13000,mla_norope,42,2,5,0.05909128859639168,0.06212279573082924,2.0748300552368164
13000,mla_norope,42,2,6,0.07378081977367401,0.0664362832903862,2.0748300552368164
13000,mla_norope,42,2,7,0.07619710266590118,0.0737079456448555,2.0748300552368164
13000,mla_norope,42,2,8,0.06245585158467293,0.058897361159324646,2.0748300552368164
13000,mla_norope,42,2,9,0.07093251496553421,0.06644896417856216,2.0748300552368164
13000,mla_norope,42,2,10,0.05463653430342674,0.05864236131310463,2.0748300552368164
13000,mla_norope,42,2,11,0.05985880643129349,0.06122004985809326,2.0748300552368164
13000,mla_norope,42,2,12,0.05434895679354668,0.061744507402181625,2.0748300552368164
13000,mla_norope,42,2,13,0.06683146208524704,0.06776794791221619,2.0748300552368164
13000,mla_norope,42,2,14,0.06766550987958908,0.06296683847904205,2.0748300552368164
13000,mla_norope,42,2,15,0.049267273396253586,0.05658673122525215,2.0748300552368164
13000,mla_norope,42,3,0,0.038658447563648224,0.0496286079287529,1.616094708442688
13000,mla_norope,42,3,1,0.08643382042646408,0.08120400458574295,1.616094708442688
13000,mla_norope,42,3,2,0.05550994724035263,0.05382831022143364,1.616094708442688
13000,mla_norope,42,3,3,0.06538543850183487,0.06704117357730865,1.616094708442688
13000,mla_norope,42,3,4,0.06003560498356819,0.06359773874282837,1.616094708442688
13000,mla_norope,42,3,5,0.06227457523345947,0.059769973158836365,1.616094708442688
13000,mla_norope,42,3,6,0.07133778929710388,0.06779222190380096,1.616094708442688
13000,mla_norope,42,3,7,0.0778445452451706,0.06895427405834198,1.616094708442688
13000,mla_norope,42,3,8,0.07749399542808533,0.06392689794301987,1.616094708442688
13000,mla_norope,42,3,9,0.045840758830308914,0.055136822164058685,1.616094708442688
13000,mla_norope,42,3,10,0.07159850746393204,0.06937254965305328,1.616094708442688
13000,mla_norope,42,3,11,0.04615997150540352,0.05268499627709389,1.616094708442688
13000,mla_norope,42,3,12,0.0759945660829544,0.07221613824367523,1.616094708442688
13000,mla_norope,42,3,13,0.0555998720228672,0.06053239852190018,1.616094708442688
13000,mla_norope,42,3,14,0.056132812052965164,0.05571385845541954,1.616094708442688
13000,mla_norope,42,3,15,0.05369934067130089,0.05860013887286186,1.616094708442688
13000,mla_norope,42,4,0,0.04051045700907707,0.05276641249656677,1.237007975578308
13000,mla_norope,42,4,1,0.031225992366671562,0.0390160046517849,1.237007975578308
13000,mla_norope,42,4,2,0.08893340826034546,0.06888609379529953,1.237007975578308
13000,mla_norope,42,4,3,0.058501891791820526,0.05130966380238533,1.237007975578308
13000,mla_norope,42,4,4,0.03759318217635155,0.041309695690870285,1.237007975578308
13000,mla_norope,42,4,5,0.030341899022459984,0.039539236575365067,1.237007975578308
13000,mla_norope,42,4,6,0.0635630264878273,0.06599997729063034,1.237007975578308
13000,mla_norope,42,4,7,0.036024272441864014,0.035872604697942734,1.237007975578308
13000,mla_norope,42,4,8,0.09218750149011612,0.07703135162591934,1.237007975578308
13000,mla_norope,42,4,9,0.03519226238131523,0.03931601718068123,1.237007975578308
13000,mla_norope,42,4,10,0.11171834170818329,0.10298320651054382,1.237007975578308
13000,mla_norope,42,4,11,0.06042622774839401,0.07183398306369781,1.237007975578308
13000,mla_norope,42,4,12,0.09822458773851395,0.10142722725868225,1.237007975578308
13000,mla_norope,42,4,13,0.07924997806549072,0.07538120448589325,1.237007975578308
13000,mla_norope,42,4,14,0.05568410083651543,0.06547120958566666,1.237007975578308
13000,mla_norope,42,4,15,0.08062286674976349,0.0718560591340065,1.237007975578308
13000,mla_norope,42,5,0,0.04315785691142082,0.048121873289346695,1.2189733982086182
13000,mla_norope,42,5,1,0.04354146495461464,0.04629339277744293,1.2189733982086182
13000,mla_norope,42,5,2,0.1252884864807129,0.11281531304121017,1.2189733982086182
13000,mla_norope,42,5,3,0.04591166228055954,0.02993626333773136,1.2189733982086182
13000,mla_norope,42,5,4,0.08441772311925888,0.07871273159980774,1.2189733982086182
13000,mla_norope,42,5,5,0.027450155466794968,0.03270135074853897,1.2189733982086182
13000,mla_norope,42,5,6,0.06713856756687164,0.06422005593776703,1.2189733982086182
13000,mla_norope,42,5,7,0.09095774590969086,0.06365825980901718,1.2189733982086182
13000,mla_norope,42,5,8,0.07870493829250336,0.08270540088415146,1.2189733982086182
13000,mla_norope,42,5,9,0.055035706609487534,0.06068499758839607,1.2189733982086182
13000,mla_norope,42,5,10,0.03012135811150074,0.04943545162677765,1.2189733982086182
13000,mla_norope,42,5,11,0.041851501911878586,0.05858458951115608,1.2189733982086182
13000,mla_norope,42,5,12,0.06391876190900803,0.08141127973794937,1.2189733982086182
13000,mla_norope,42,5,13,0.046990152448415756,0.051127199083566666,1.2189733982086182
13000,mla_norope,42,5,14,0.07654663175344467,0.06898308545351028,1.2189733982086182
13000,mla_norope,42,5,15,0.07896728813648224,0.07060882449150085,1.2189733982086182
13500,mla_norope,42,1,0,0.0564003512263298,0.05434758961200714,2.228323221206665
13500,mla_norope,42,1,1,0.044219970703125,0.050400346517562866,2.228323221206665
13500,mla_norope,42,1,2,0.06542063504457474,0.0611795112490654,2.228323221206665
13500,mla_norope,42,1,3,0.059735920280218124,0.05979384109377861,2.228323221206665
13500,mla_norope,42,1,4,0.069732666015625,0.06972234696149826,2.228323221206665
13500,mla_norope,42,1,5,0.05737508088350296,0.062302518635988235,2.228323221206665
13500,mla_norope,42,1,6,0.06375864893198013,0.06232671067118645,2.228323221206665
13500,mla_norope,42,1,7,0.06978322565555573,0.06848125159740448,2.228323221206665
13500,mla_norope,42,1,8,0.06994374841451645,0.060915812849998474,2.228323221206665
13500,mla_norope,42,1,9,0.046954039484262466,0.0557282455265522,2.228323221206665
13500,mla_norope,42,1,10,0.0663541629910469,0.06099219620227814,2.228323221206665
13500,mla_norope,42,1,11,0.06363840401172638,0.06620052456855774,2.228323221206665
13500,mla_norope,42,1,12,0.05457448214292526,0.06621067970991135,2.228323221206665
13500,mla_norope,42,1,13,0.07678212225437164,0.07003597170114517,2.228323221206665
13500,mla_norope,42,1,14,0.06528116762638092,0.06551653891801834,2.228323221206665
13500,mla_norope,42,1,15,0.0700453668832779,0.06584594398736954,2.228323221206665
13500,mla_norope,42,2,0,0.06475871056318283,0.0636889711022377,2.0665953159332275
13500,mla_norope,42,2,1,0.05146067216992378,0.058639805763959885,2.0665953159332275
13500,mla_norope,42,2,2,0.07080180197954178,0.06235819682478905,2.0665953159332275
13500,mla_norope,42,2,3,0.05533254146575928,0.05962943285703659,2.0665953159332275
13500,mla_norope,42,2,4,0.052028097212314606,0.0532955564558506,2.0665953159332275
13500,mla_norope,42,2,5,0.060751646757125854,0.06404559314250946,2.0665953159332275
13500,mla_norope,42,2,6,0.06874307990074158,0.06497320532798767,2.0665953159332275
13500,mla_norope,42,2,7,0.07574249058961868,0.0734167993068695,2.0665953159332275
13500,mla_norope,42,2,8,0.06727620214223862,0.06106213852763176,2.0665953159332275
13500,mla_norope,42,2,9,0.07050272822380066,0.06622927635908127,2.0665953159332275
13500,mla_norope,42,2,10,0.06444468349218369,0.061532165855169296,2.0665953159332275
13500,mla_norope,42,2,11,0.06022908538579941,0.06232300400733948,2.0665953159332275
13500,mla_norope,42,2,12,0.05562744289636612,0.06287173926830292,2.0665953159332275
13500,mla_norope,42,2,13,0.06520253419876099,0.06726117432117462,2.0665953159332275
13500,mla_norope,42,2,14,0.06811503320932388,0.06326065957546234,2.0665953159332275
13500,mla_norope,42,2,15,0.04898325726389885,0.055412326008081436,2.0665953159332275
13500,mla_norope,42,3,0,0.03894154727458954,0.0498543344438076,1.6118924617767334
13500,mla_norope,42,3,1,0.08772409707307816,0.08219418674707413,1.6118924617767334
13500,mla_norope,42,3,2,0.054221294820308685,0.05314810574054718,1.6118924617767334
13500,mla_norope,42,3,3,0.06568532437086105,0.06710950285196304,1.6118924617767334
13500,mla_norope,42,3,4,0.06027882918715477,0.06378193944692612,1.6118924617767334
13500,mla_norope,42,3,5,0.06295155733823776,0.06066207215189934,1.6118924617767334
13500,mla_norope,42,3,6,0.06944224238395691,0.06637401878833771,1.6118924617767334
13500,mla_norope,42,3,7,0.07927744835615158,0.0710633248090744,1.6118924617767334
13500,mla_norope,42,3,8,0.07777181267738342,0.06403844058513641,1.6118924617767334
13500,mla_norope,42,3,9,0.04539377987384796,0.05504368990659714,1.6118924617767334
13500,mla_norope,42,3,10,0.07279734313488007,0.0714268684387207,1.6118924617767334
13500,mla_norope,42,3,11,0.04663136973977089,0.05318189039826393,1.6118924617767334
13500,mla_norope,42,3,12,0.07538818567991257,0.06993106752634048,1.6118924617767334
13500,mla_norope,42,3,13,0.05493449047207832,0.0595938116312027,1.6118924617767334
13500,mla_norope,42,3,14,0.05576782301068306,0.05499623715877533,1.6118924617767334
13500,mla_norope,42,3,15,0.05279286578297615,0.05760061740875244,1.6118924617767334
13500,mla_norope,42,4,0,0.04025624692440033,0.05219685658812523,1.239801287651062
13500,mla_norope,42,4,1,0.030465494841337204,0.03876099735498428,1.239801287651062
13500,mla_norope,42,4,2,0.08732371032238007,0.06809715181589127,1.239801287651062
13500,mla_norope,42,4,3,0.0587037168443203,0.051949966698884964,1.239801287651062
13500,mla_norope,42,4,4,0.03972472995519638,0.043609485030174255,1.239801287651062
13500,mla_norope,42,4,5,0.030510354787111282,0.039395954459905624,1.239801287651062
13500,mla_norope,42,4,6,0.06568654626607895,0.06731270998716354,1.239801287651062
13500,mla_norope,42,4,7,0.03584350645542145,0.03568127751350403,1.239801287651062
13500,mla_norope,42,4,8,0.09282928705215454,0.07781101018190384,1.239801287651062
13500,mla_norope,42,4,9,0.03496704250574112,0.039146166294813156,1.239801287651062
13500,mla_norope,42,4,10,0.11095703393220901,0.10097004473209381,1.239801287651062
13500,mla_norope,42,4,11,0.06032318249344826,0.07188059389591217,1.239801287651062
13500,mla_norope,42,4,12,0.09690246731042862,0.10041174292564392,1.239801287651062
13500,mla_norope,42,4,13,0.07607940584421158,0.07233776897192001,1.239801287651062
13500,mla_norope,42,4,14,0.055713195353746414,0.06509444862604141,1.239801287651062
13500,mla_norope,42,4,15,0.0837140902876854,0.0753437727689743,1.239801287651062
13500,mla_norope,42,5,0,0.0439218133687973,0.04940403997898102,1.2146397829055786
13500,mla_norope,42,5,1,0.043894145637750626,0.04690566286444664,1.2146397829055786
13500,mla_norope,42,5,2,0.12469451874494553,0.1131095141172409,1.2146397829055786
13500,mla_norope,42,5,3,0.04508819431066513,0.02965276688337326,1.2146397829055786
13500,mla_norope,42,5,4,0.08508351445198059,0.0794762596487999,1.2146397829055786
13500,mla_norope,42,5,5,0.02792205847799778,0.03205794841051102,1.2146397829055786
13500,mla_norope,42,5,6,0.06420033425092697,0.061819713562726974,1.2146397829055786
13500,mla_norope,42,5,7,0.09203745424747467,0.06512793153524399,1.2146397829055786
13500,mla_norope,42,5,8,0.07943888008594513,0.0825176015496254,1.2146397829055786
13500,mla_norope,42,5,9,0.05481262132525444,0.06092170625925064,1.2146397829055786
13500,mla_norope,42,5,10,0.02953287772834301,0.04894695430994034,1.2146397829055786
13500,mla_norope,42,5,11,0.04106231778860092,0.0576833076775074,1.2146397829055786
13500,mla_norope,42,5,12,0.06403066217899323,0.08091985434293747,1.2146397829055786
13500,mla_norope,42,5,13,0.0478750616312027,0.05163947120308876,1.2146397829055786
13500,mla_norope,42,5,14,0.07774963229894638,0.06979362666606903,1.2146397829055786
13500,mla_norope,42,5,15,0.078655906021595,0.07002349197864532,1.2146397829055786
14000,mla_norope,42,1,0,0.05739552900195122,0.0553465411067009,2.2226829528808594
14000,mla_norope,42,1,1,0.045195210725069046,0.051403168588876724,2.2226829528808594
14000,mla_norope,42,1,2,0.07072184234857559,0.06339353322982788,2.2226829528808594
14000,mla_norope,42,1,3,0.05922546237707138,0.05952118709683418,2.2226829528808594
14000,mla_norope,42,1,4,0.06495524197816849,0.06756289303302765,2.2226829528808594
14000,mla_norope,42,1,5,0.06439005583524704,0.06384831666946411,2.2226829528808594
14000,mla_norope,42,1,6,0.06734446436166763,0.06540481001138687,2.2226829528808594
14000,mla_norope,42,1,7,0.06798573583364487,0.06713131815195084,2.2226829528808594
14000,mla_norope,42,1,8,0.06788533180952072,0.059319667518138885,2.2226829528808594
14000,mla_norope,42,1,9,0.048972878605127335,0.05767424404621124,2.2226829528808594
14000,mla_norope,42,1,10,0.0650094598531723,0.05994577333331108,2.2226829528808594
14000,mla_norope,42,1,11,0.060581665486097336,0.06519182026386261,2.2226829528808594
14000,mla_norope,42,1,12,0.055000510066747665,0.06596212089061737,2.2226829528808594
14000,mla_norope,42,1,13,0.07168599218130112,0.0679357647895813,2.2226829528808594
14000,mla_norope,42,1,14,0.06433501839637756,0.06509003043174744,2.2226829528808594
14000,mla_norope,42,1,15,0.0693155899643898,0.06526884436607361,2.2226829528808594
14000,mla_norope,42,2,0,0.06578074395656586,0.06427911669015884,2.0601346492767334
14000,mla_norope,42,2,1,0.056307271122932434,0.06060372665524483,2.0601346492767334
14000,mla_norope,42,2,2,0.06852630525827408,0.06072138994932175,2.0601346492767334
14000,mla_norope,42,2,3,0.05411824584007263,0.05857456848025322,2.0601346492767334
14000,mla_norope,42,2,4,0.0519053153693676,0.05397702008485794,2.0601346492767334
14000,mla_norope,42,2,5,0.0600808709859848,0.06295080482959747,2.0601346492767334
14000,mla_norope,42,2,6,0.06976643949747086,0.06505519151687622,2.0601346492767334
14000,mla_norope,42,2,7,0.0776868686079979,0.07540817558765411,2.0601346492767334
14000,mla_norope,42,2,8,0.06624552607536316,0.060598038136959076,2.0601346492767334
14000,mla_norope,42,2,9,0.0717710331082344,0.06694193184375763,2.0601346492767334
14000,mla_norope,42,2,10,0.05993245542049408,0.06025007739663124,2.0601346492767334
14000,mla_norope,42,2,11,0.05977264419198036,0.06138275936245918,2.0601346492767334
14000,mla_norope,42,2,12,0.05294809862971306,0.061311930418014526,2.0601346492767334
14000,mla_norope,42,2,13,0.0651627629995346,0.06735459715127945,2.0601346492767334
14000,mla_norope,42,2,14,0.06871683895587921,0.06391115486621857,2.0601346492767334
14000,mla_norope,42,2,15,0.05127858370542526,0.05667933076620102,2.0601346492767334
14000,mla_norope,42,3,0,0.03921244293451309,0.050150614231824875,1.611847162246704
14000,mla_norope,42,3,1,0.08728709071874619,0.08140984922647476,1.611847162246704
14000,mla_norope,42,3,2,0.05500854551792145,0.052887048572301865,1.611847162246704
14000,mla_norope,42,3,3,0.06486959010362625,0.06620409339666367,1.611847162246704
14000,mla_norope,42,3,4,0.06083638593554497,0.06433780491352081,1.611847162246704
14000,mla_norope,42,3,5,0.06083109602332115,0.05965086445212364,1.611847162246704
14000,mla_norope,42,3,6,0.06878712773323059,0.06567800790071487,1.611847162246704
14000,mla_norope,42,3,7,0.07902343571186066,0.07086437940597534,1.611847162246704
14000,mla_norope,42,3,8,0.07933827489614487,0.0651693120598793,1.611847162246704
14000,mla_norope,42,3,9,0.045145466923713684,0.05495056137442589,1.611847162246704
14000,mla_norope,42,3,10,0.07187550514936447,0.07038335502147675,1.611847162246704
14000,mla_norope,42,3,11,0.04534728825092316,0.05297192186117172,1.611847162246704
14000,mla_norope,42,3,12,0.07451537996530533,0.06895700097084045,1.611847162246704
14000,mla_norope,42,3,13,0.057212118059396744,0.06137517839670181,1.611847162246704
14000,mla_norope,42,3,14,0.05580993741750717,0.05519643798470497,1.611847162246704
14000,mla_norope,42,3,15,0.054900310933589935,0.05981355533003807,1.611847162246704
14000,mla_norope,42,4,0,0.040951333940029144,0.05305717885494232,1.2313344478607178
14000,mla_norope,42,4,1,0.03166341036558151,0.03913760930299759,1.2313344478607178
14000,mla_norope,42,4,2,0.08636759221553802,0.06716371327638626,1.2313344478607178
14000,mla_norope,42,4,3,0.05555368959903717,0.04917293041944504,1.2313344478607178
14000,mla_norope,42,4,4,0.038778889924287796,0.043155331164598465,1.2313344478607178
14000,mla_norope,42,4,5,0.030074870213866234,0.03914590924978256,1.2313344478607178
14000,mla_norope,42,4,6,0.06484252959489822,0.06632355600595474,1.2313344478607178
14000,mla_norope,42,4,7,0.03641977906227112,0.035798341035842896,1.2313344478607178
14000,mla_norope,42,4,8,0.09298421442508698,0.07753430306911469,1.2313344478607178
14000,mla_norope,42,4,9,0.03532816469669342,0.03936651721596718,1.2313344478607178
14000,mla_norope,42,4,10,0.11146118491888046,0.10136545449495316,1.2313344478607178
14000,mla_norope,42,4,11,0.0616874173283577,0.07357875257730484,1.2313344478607178
14000,mla_norope,42,4,12,0.0972435474395752,0.101000115275383,1.2313344478607178
14000,mla_norope,42,4,13,0.07753001153469086,0.0734705924987793,1.2313344478607178
14000,mla_norope,42,4,14,0.056258950382471085,0.06646512448787689,1.2313344478607178
14000,mla_norope,42,4,15,0.08285441249608994,0.07426454871892929,1.2313344478607178
14000,mla_norope,42,5,0,0.04403828829526901,0.04932527616620064,1.2242344617843628
14000,mla_norope,42,5,1,0.044161275029182434,0.04663912579417229,1.2242344617843628
14000,mla_norope,42,5,2,0.12442291527986526,0.11195454746484756,1.2242344617843628
14000,mla_norope,42,5,3,0.04551706835627556,0.030262909829616547,1.2242344617843628
14000,mla_norope,42,5,4,0.0850677490234375,0.0793401226401329,1.2242344617843628
14000,mla_norope,42,5,5,0.02817687951028347,0.03260673210024834,1.2242344617843628
14000,mla_norope,42,5,6,0.06680186092853546,0.0640593096613884,1.2242344617843628
14000,mla_norope,42,5,7,0.0914357528090477,0.06459278613328934,1.2242344617843628
14000,mla_norope,42,5,8,0.07859985530376434,0.08093642443418503,1.2242344617843628
14000,mla_norope,42,5,9,0.054016824811697006,0.059621233493089676,1.2242344617843628
14000,mla_norope,42,5,10,0.03005269356071949,0.049840155988931656,1.2242344617843628
14000,mla_norope,42,5,11,0.04211802035570145,0.05886929854750633,1.2242344617843628
14000,mla_norope,42,5,12,0.06349802762269974,0.08042115718126297,1.2242344617843628
14000,mla_norope,42,5,13,0.047212421894073486,0.051544126123189926,1.2242344617843628
14000,mla_norope,42,5,14,0.0758838877081871,0.06941300630569458,1.2242344617843628
14000,mla_norope,42,5,15,0.07899647951126099,0.07057378441095352,1.2242344617843628
14500,mla_norope,42,1,0,0.05699198320508003,0.05475930497050285,2.2182207107543945
14500,mla_norope,42,1,1,0.043375853449106216,0.050048407167196274,2.2182207107543945
14500,mla_norope,42,1,2,0.06610433012247086,0.061642736196517944,2.2182207107543945
14500,mla_norope,42,1,3,0.05745534226298332,0.05849489942193031,2.2182207107543945
14500,mla_norope,42,1,4,0.06827107816934586,0.06889758259057999,2.2182207107543945
14500,mla_norope,42,1,5,0.059567566961050034,0.0618673637509346,2.2182207107543945
14500,mla_norope,42,1,6,0.06638386845588684,0.06377673894166946,2.2182207107543945
14500,mla_norope,42,1,7,0.06956848502159119,0.06830239295959473,2.2182207107543945
14500,mla_norope,42,1,8,0.06851094216108322,0.06027758866548538,2.2182207107543945
14500,mla_norope,42,1,9,0.048519693315029144,0.056781064718961716,2.2182207107543945
14500,mla_norope,42,1,10,0.06788910180330276,0.061898574233055115,2.2182207107543945
14500,mla_norope,42,1,11,0.05827778950333595,0.06551288813352585,2.2182207107543945
14500,mla_norope,42,1,12,0.05940399318933487,0.06731001287698746,2.2182207107543945
14500,mla_norope,42,1,13,0.07274343073368073,0.06826479732990265,2.2182207107543945
14500,mla_norope,42,1,14,0.06481841951608658,0.06537597626447678,2.2182207107543945
14500,mla_norope,42,1,15,0.0721181258559227,0.06678979098796844,2.2182207107543945
14500,mla_norope,42,2,0,0.06676992028951645,0.06500620394945145,2.058060646057129
14500,mla_norope,42,2,1,0.05092620849609375,0.058178965002298355,2.058060646057129
14500,mla_norope,42,2,2,0.06606699526309967,0.05923910066485405,2.058060646057129
14500,mla_norope,42,2,3,0.05503540113568306,0.05900299549102783,2.058060646057129
14500,mla_norope,42,2,4,0.05265258625149727,0.05403221771121025,2.058060646057129
14500,mla_norope,42,2,5,0.05972442775964737,0.06307875365018845,2.058060646057129
14500,mla_norope,42,2,6,0.07113280892372131,0.06603526324033737,2.058060646057129
14500,mla_norope,42,2,7,0.0799572765827179,0.07766127586364746,2.058060646057129
14500,mla_norope,42,2,8,0.07191253453493118,0.06272006034851074,2.058060646057129
14500,mla_norope,42,2,9,0.07343017309904099,0.06780043244361877,2.058060646057129
14500,mla_norope,42,2,10,0.05900726467370987,0.05978720262646675,2.058060646057129
14500,mla_norope,42,2,11,0.05836232379078865,0.06023549288511276,2.058060646057129
14500,mla_norope,42,2,12,0.05389699339866638,0.06194715574383736,2.058060646057129
14500,mla_norope,42,2,13,0.06463734805583954,0.06763715296983719,2.058060646057129
14500,mla_norope,42,2,14,0.06802195310592651,0.06310929358005524,2.058060646057129
14500,mla_norope,42,2,15,0.0484657809138298,0.05452845245599747,2.058060646057129
14500,mla_norope,42,3,0,0.039006855338811874,0.049736138433218,1.6097792387008667
14500,mla_norope,42,3,1,0.08718668669462204,0.08149934560060501,1.6097792387008667
14500,mla_norope,42,3,2,0.05543996021151543,0.052700549364089966,1.6097792387008667
14500,mla_norope,42,3,3,0.06258860230445862,0.0643029659986496,1.6097792387008667
14500,mla_norope,42,3,4,0.060491740703582764,0.06346328556537628,1.6097792387008667
14500,mla_norope,42,3,5,0.06271412968635559,0.06035858765244484,1.6097792387008667
14500,mla_norope,42,3,6,0.07168629765510559,0.06810690462589264,1.6097792387008667
14500,mla_norope,42,3,7,0.08096954226493835,0.07238636910915375,1.6097792387008667
14500,mla_norope,42,3,8,0.07822529971599579,0.06470862030982971,1.6097792387008667
14500,mla_norope,42,3,9,0.044329121708869934,0.05361232906579971,1.6097792387008667
14500,mla_norope,42,3,10,0.07387888431549072,0.07277875393629074,1.6097792387008667
14500,mla_norope,42,3,11,0.0422140508890152,0.051003050059080124,1.6097792387008667
14500,mla_norope,42,3,12,0.07532785832881927,0.07036677747964859,1.6097792387008667
14500,mla_norope,42,3,13,0.05560353770852089,0.05971277132630348,1.6097792387008667
14500,mla_norope,42,3,14,0.05496266856789589,0.05435933545231819,1.6097792387008667
14500,mla_norope,42,3,15,0.05537475645542145,0.06090429797768593,1.6097792387008667
14500,mla_norope,42,4,0,0.03993794694542885,0.052110835909843445,1.2399039268493652
14500,mla_norope,42,4,1,0.031491801142692566,0.03902462497353554,1.2399039268493652
14500,mla_norope,42,4,2,0.08839945495128632,0.06799237430095673,1.2399039268493652
14500,mla_norope,42,4,3,0.05832194164395332,0.051901523023843765,1.2399039268493652
14500,mla_norope,42,4,4,0.038748372346162796,0.04314793646335602,1.2399039268493652
14500,mla_norope,42,4,5,0.029596149921417236,0.03830200806260109,1.2399039268493652
14500,mla_norope,42,4,6,0.06433990597724915,0.06676279008388519,1.2399039268493652
14500,mla_norope,42,4,7,0.03319946303963661,0.03303823620080948,1.2399039268493652
14500,mla_norope,42,4,8,0.09250356256961823,0.07733846455812454,1.2399039268493652
14500,mla_norope,42,4,9,0.034917399287223816,0.03915086016058922,1.2399039268493652
14500,mla_norope,42,4,10,0.1124439463019371,0.10241329669952393,1.2399039268493652
14500,mla_norope,42,4,11,0.060864564031362534,0.07331791520118713,1.2399039268493652
14500,mla_norope,42,4,12,0.09723744541406631,0.09992603212594986,1.2399039268493652
14500,mla_norope,42,4,13,0.0784403458237648,0.07446382194757462,1.2399039268493652
14500,mla_norope,42,4,14,0.05533457547426224,0.06563418358564377,1.2399039268493652
14500,mla_norope,42,4,15,0.08422312140464783,0.07547515630722046,1.2399039268493652
14500,mla_norope,42,5,0,0.043285828083753586,0.04831768944859505,1.2224457263946533
14500,mla_norope,42,5,1,0.04239339008927345,0.04487205296754837,1.2224457263946533
14500,mla_norope,42,5,2,0.12640167772769928,0.11476431787014008,1.2224457263946533
14500,mla_norope,42,5,3,0.04379577562212944,0.02831113152205944,1.2224457263946533
14500,mla_norope,42,5,4,0.08558543026447296,0.07994312793016434,1.2224457263946533
14500,mla_norope,42,5,5,0.029048258438706398,0.033349551260471344,1.2224457263946533
14500,mla_norope,42,5,6,0.07029164582490921,0.0663289725780487,1.2224457263946533
14500,mla_norope,42,5,7,0.0921974703669548,0.0651756078004837,1.2224457263946533
14500,mla_norope,42,5,8,0.0796896368265152,0.08216400444507599,1.2224457263946533
14500,mla_norope,42,5,9,0.05396484211087227,0.059431418776512146,1.2224457263946533
14500,mla_norope,42,5,10,0.02945760078728199,0.04913726821541786,1.2224457263946533
14500,mla_norope,42,5,11,0.04109588637948036,0.058113351464271545,1.2224457263946533
14500,mla_norope,42,5,12,0.06362345069646835,0.08111622184515,1.2224457263946533
14500,mla_norope,42,5,13,0.04796122387051582,0.05262891948223114,1.2224457263946533
14500,mla_norope,42,5,14,0.07210429012775421,0.0662931427359581,1.2224457263946533
14500,mla_norope,42,5,15,0.07910359650850296,0.07005337625741959,1.2224457263946533
15000,mla_norope,42,1,0,0.054990336298942566,0.053569719195365906,2.2140679359436035
15000,mla_norope,42,1,1,0.04446828365325928,0.05107545852661133,2.2140679359436035
15000,mla_norope,42,1,2,0.06095438823103905,0.05903986468911171,2.2140679359436035
15000,mla_norope,42,1,3,0.05907806381583214,0.059644781053066254,2.2140679359436035
15000,mla_norope,42,1,4,0.06497354805469513,0.06733740121126175,2.2140679359436035
15000,mla_norope,42,1,5,0.0649712085723877,0.06422590464353561,2.2140679359436035
15000,mla_norope,42,1,6,0.06646962463855743,0.06387738883495331,2.2140679359436035
15000,mla_norope,42,1,7,0.06660207360982895,0.06668396294116974,2.2140679359436035
15000,mla_norope,42,1,8,0.07610738277435303,0.06476863473653793,2.2140679359436035
15000,mla_norope,42,1,9,0.04600992798805237,0.05564131960272789,2.2140679359436035
15000,mla_norope,42,1,10,0.06731272488832474,0.06175326183438301,2.2140679359436035
15000,mla_norope,42,1,11,0.061271872371435165,0.06575438380241394,2.2140679359436035
15000,mla_norope,42,1,12,0.055418699979782104,0.06596529483795166,2.2140679359436035
15000,mla_norope,42,1,13,0.07658670842647552,0.07059147953987122,2.2140679359436035
15000,mla_norope,42,1,14,0.06125254184007645,0.06286540627479553,2.2140679359436035
15000,mla_norope,42,1,15,0.07353261113166809,0.06720586121082306,2.2140679359436035
15000,mla_norope,42,2,0,0.06571716070175171,0.06430593132972717,2.0549707412719727
15000,mla_norope,42,2,1,0.05164845660328865,0.058386243879795074,2.0549707412719727
15000,mla_norope,42,2,2,0.06655212491750717,0.05955500900745392,2.0549707412719727
15000,mla_norope,42,2,3,0.05748992785811424,0.06123083829879761,2.0549707412719727
15000,mla_norope,42,2,4,0.051722921431064606,0.05322008952498436,2.0549707412719727
15000,mla_norope,42,2,5,0.05904388427734375,0.06307833641767502,2.0549707412719727
15000,mla_norope,42,2,6,0.07509562373161316,0.06724105030298233,2.0549707412719727
15000,mla_norope,42,2,7,0.07767059653997421,0.07590284198522568,2.0549707412719727
15000,mla_norope,42,2,8,0.07582346349954605,0.06503619253635406,2.0549707412719727
15000,mla_norope,42,2,9,0.06749511510133743,0.06509725004434586,2.0549707412719727
15000,mla_norope,42,2,10,0.060751546174287796,0.06029660627245903,2.0549707412719727
15000,mla_norope,42,2,11,0.05746643245220184,0.05961110442876816,2.0549707412719727
15000,mla_norope,42,2,12,0.052994485944509506,0.06176532804965973,2.0549707412719727
15000,mla_norope,42,2,13,0.06368540227413177,0.0662088543176651,2.0549707412719727
15000,mla_norope,42,2,14,0.06613148748874664,0.062433235347270966,2.0549707412719727
15000,mla_norope,42,2,15,0.050711363554000854,0.05663112550973892,2.0549707412719727
15000,mla_norope,42,3,0,0.039246927946805954,0.04990193620324135,1.6089712381362915
15000,mla_norope,42,3,1,0.08561838418245316,0.07991720736026764,1.6089712381362915
15000,mla_norope,42,3,2,0.05578033626079559,0.05344560742378235,1.6089712381362915
15000,mla_norope,42,3,3,0.06670023500919342,0.06872972100973129,1.6089712381362915
15000,mla_norope,42,3,4,0.05923828110098839,0.06227514147758484,1.6089712381362915
15000,mla_norope,42,3,5,0.06325286626815796,0.060705192387104034,1.6089712381362915
15000,mla_norope,42,3,6,0.06851541996002197,0.06483757495880127,1.6089712381362915
15000,mla_norope,42,3,7,0.07912342995405197,0.07096758484840393,1.6089712381362915
15000,mla_norope,42,3,8,0.07899739593267441,0.06438672542572021,1.6089712381362915
15000,mla_norope,42,3,9,0.0445779412984848,0.05470048263669014,1.6089712381362915
15000,mla_norope,42,3,10,0.07105214148759842,0.06957307457923889,1.6089712381362915
15000,mla_norope,42,3,11,0.04476684704422951,0.05245030298829079,1.6089712381362915
15000,mla_norope,42,3,12,0.07649210840463638,0.07143460959196091,1.6089712381362915
15000,mla_norope,42,3,13,0.05592610687017441,0.06088633090257645,1.6089712381362915
15000,mla_norope,42,3,14,0.05520029738545418,0.05504047870635986,1.6089712381362915
15000,mla_norope,42,3,15,0.055511269718408585,0.06074792891740799,1.6089712381362915
15000,mla_norope,42,4,0,0.04023173078894615,0.052153706550598145,1.2346819639205933
15000,mla_norope,42,4,1,0.03073689714074135,0.038961395621299744,1.2346819639205933
15000,mla_norope,42,4,2,0.08729502558708191,0.06771189719438553,1.2346819639205933
15000,mla_norope,42,4,3,0.05786682292819023,0.050927918404340744,1.2346819639205933
15000,mla_norope,42,4,4,0.038564249873161316,0.04289122670888901,1.2346819639205933
15000,mla_norope,42,4,5,0.029951274394989014,0.03929664194583893,1.2346819639205933
15000,mla_norope,42,4,6,0.06413279473781586,0.06595323234796524,1.2346819639205933
15000,mla_norope,42,4,7,0.03773234039545059,0.0368444100022316,1.2346819639205933
15000,mla_norope,42,4,8,0.09090352058410645,0.07568732649087906,1.2346819639205933
15000,mla_norope,42,4,9,0.03531239926815033,0.03942073881626129,1.2346819639205933
15000,mla_norope,42,4,10,0.1125742569565773,0.10295813530683517,1.2346819639205933
15000,mla_norope,42,4,11,0.0600312314927578,0.07240252941846848,1.2346819639205933
15000,mla_norope,42,4,12,0.09746663272380829,0.10100497305393219,1.2346819639205933
15000,mla_norope,42,4,13,0.07859507203102112,0.07410413026809692,1.2346819639205933
15000,mla_norope,42,4,14,0.05594879016280174,0.06535353511571884,1.2346819639205933
15000,mla_norope,42,4,15,0.08265696465969086,0.07432805746793747,1.2346819639205933
15000,mla_norope,42,5,0,0.04348388686776161,0.048914771527051926,1.2229033708572388
15000,mla_norope,42,5,1,0.04329630360007286,0.04632106423377991,1.2229033708572388
15000,mla_norope,42,5,2,0.12482686340808868,0.11279851198196411,1.2229033708572388
15000,mla_norope,42,5,3,0.045641276985406876,0.030220238491892815,1.2229033708572388
15000,mla_norope,42,5,4,0.08475575596094131,0.07857394963502884,1.2229033708572388
15000,mla_norope,42,5,5,0.028130391612648964,0.03232961520552635,1.2229033708572388
15000,mla_norope,42,5,6,0.06772267818450928,0.06480754911899567,1.2229033708572388
15000,mla_norope,42,5,7,0.09141794592142105,0.06505002826452255,1.2229033708572388
15000,mla_norope,42,5,8,0.07861948758363724,0.08086952567100525,1.2229033708572388
15000,mla_norope,42,5,9,0.054778847843408585,0.060221053659915924,1.2229033708572388
15000,mla_norope,42,5,10,0.029595032334327698,0.049027055501937866,1.2229033708572388
15000,mla_norope,42,5,11,0.04283437132835388,0.05926284193992615,1.2229033708572388
15000,mla_norope,42,5,12,0.06321421265602112,0.08006033301353455,1.2229033708572388
15000,mla_norope,42,5,13,0.047746479511260986,0.05239081755280495,1.2229033708572388
15000,mla_norope,42,5,14,0.07457906007766724,0.06777381151914597,1.2229033708572388
15000,mla_norope,42,5,15,0.07935740053653717,0.07137876749038696,1.2229033708572388
