iter,attn_mode,backbone,seed,layer,expert,selected_fraction,mean_probability,router_entropy
0,mla_coupled,moe,123,1,0,0.10315551608800888,0.07886841148138046,2.613522529602051
0,mla_coupled,moe,123,1,1,0.02323242276906967,0.048370856791734695,2.613522529602051
0,mla_coupled,moe,123,1,2,0.04562744125723839,0.058967698365449905,2.613522529602051
0,mla_coupled,moe,123,1,3,0.09015624970197678,0.07180750370025635,2.613522529602051
0,mla_coupled,moe,123,1,4,0.08512329310178757,0.06982078403234482,2.613522529602051
0,mla_coupled,moe,123,1,5,0.09519165009260178,0.0737592950463295,2.613522529602051
0,mla_coupled,moe,123,1,6,0.04980712756514549,0.06148798018693924,2.613522529602051
0,mla_coupled,moe,123,1,7,0.043950196355581284,0.0560234934091568,2.613522529602051
0,mla_coupled,moe,123,1,8,0.06374267488718033,0.06083134561777115,2.613522529602051
0,mla_coupled,moe,123,1,9,0.099212646484375,0.07531630247831345,2.613522529602051
0,mla_coupled,moe,123,1,10,0.0648193359375,0.06296858191490173,2.613522529602051
0,mla_coupled,moe,123,1,11,0.03804931789636612,0.05502881482243538,2.613522529602051
0,mla_coupled,moe,123,1,12,0.02926025353372097,0.0492667630314827,2.613522529602051
0,mla_coupled,moe,123,1,13,0.08674316108226776,0.06843320280313492,2.613522529602051
0,mla_coupled,moe,123,1,14,0.06696166843175888,0.06615748256444931,2.613522529602051
0,mla_coupled,moe,123,1,15,0.014967041090130806,0.042891472578048706,2.613522529602051
0,mla_coupled,moe,123,2,0,0.05551391467452049,0.06080752983689308,2.6270065307617188
0,mla_coupled,moe,123,2,1,0.030941162258386612,0.04831159487366676,2.6270065307617188
0,mla_coupled,moe,123,2,2,0.06260375678539276,0.06337341666221619,2.6270065307617188
0,mla_coupled,moe,123,2,3,0.07169189304113388,0.06820068508386612,2.6270065307617188
0,mla_coupled,moe,123,2,4,0.089813232421875,0.06959061324596405,2.6270065307617188
0,mla_coupled,moe,123,2,5,0.07483154535293579,0.06596546620130539,2.6270065307617188
0,mla_coupled,moe,123,2,6,0.04333740100264549,0.058085013180971146,2.6270065307617188
0,mla_coupled,moe,123,2,7,0.07363037019968033,0.06417172402143478,2.6270065307617188
0,mla_coupled,moe,123,2,8,0.024864502251148224,0.05003843829035759,2.6270065307617188
0,mla_coupled,moe,123,2,9,0.050548095256090164,0.060420531779527664,2.6270065307617188
0,mla_coupled,moe,123,2,10,0.04718261584639549,0.05503902584314346,2.6270065307617188
0,mla_coupled,moe,123,2,11,0.04532714933156967,0.058281075209379196,2.6270065307617188
0,mla_coupled,moe,123,2,12,0.026160888373851776,0.05095604062080383,2.6270065307617188
0,mla_coupled,moe,123,2,13,0.13566161692142487,0.08399289101362228,2.6270065307617188
0,mla_coupled,moe,123,2,14,0.09958618134260178,0.07568567991256714,2.6270065307617188
0,mla_coupled,moe,123,2,15,0.06830566376447678,0.06708026677370071,2.6270065307617188
0,mla_coupled,moe,123,3,0,0.017460936680436134,0.04504925757646561,2.6282148361206055
0,mla_coupled,moe,123,3,1,0.09552489966154099,0.07327662408351898,2.6282148361206055
0,mla_coupled,moe,123,3,2,0.08183959871530533,0.07026674598455429,2.6282148361206055
0,mla_coupled,moe,123,3,3,0.061278074979782104,0.06393726170063019,2.6282148361206055
0,mla_coupled,moe,123,3,4,0.10949462652206421,0.07863739132881165,2.6282148361206055
0,mla_coupled,moe,123,3,5,0.06643066555261612,0.06479647755622864,2.6282148361206055
0,mla_coupled,moe,123,3,6,0.0650634765625,0.06581628322601318,2.6282148361206055
0,mla_coupled,moe,123,3,7,0.060334473848342896,0.06219492107629776,2.6282148361206055
0,mla_coupled,moe,123,3,8,0.048955079168081284,0.05913229286670685,2.6282148361206055
0,mla_coupled,moe,123,3,9,0.06846924126148224,0.0638323649764061,2.6282148361206055
0,mla_coupled,moe,123,3,10,0.058079835027456284,0.06290789693593979,2.6282148361206055
0,mla_coupled,moe,123,3,11,0.058861084282398224,0.06100532412528992,2.6282148361206055
0,mla_coupled,moe,123,3,12,0.11004150658845901,0.07783327996730804,2.6282148361206055
0,mla_coupled,moe,123,3,13,0.047108154743909836,0.058072857558727264,2.6282148361206055
0,mla_coupled,moe,123,3,14,0.020299071446061134,0.04506716877222061,2.6282148361206055
0,mla_coupled,moe,123,3,15,0.030759276822209358,0.04817385599017143,2.6282148361206055
0,mla_coupled,moe,123,4,0,0.10032959282398224,0.07460605353116989,2.6285316944122314
0,mla_coupled,moe,123,4,1,0.015086669474840164,0.04296606406569481,2.6285316944122314
0,mla_coupled,moe,123,4,2,0.08934936672449112,0.07161670178174973,2.6285316944122314
0,mla_coupled,moe,123,4,3,0.07463500648736954,0.06817489117383957,2.6285316944122314
0,mla_coupled,moe,123,4,4,0.03186279162764549,0.05273926630616188,2.6285316944122314
0,mla_coupled,moe,123,4,5,0.03987671062350273,0.058327365666627884,2.6285316944122314
0,mla_coupled,moe,123,4,6,0.0794360339641571,0.06836903840303421,2.6285316944122314
0,mla_coupled,moe,123,4,7,0.11892089992761612,0.08086835592985153,2.6285316944122314
0,mla_coupled,moe,123,4,8,0.06419311463832855,0.06580615043640137,2.6285316944122314
0,mla_coupled,moe,123,4,9,0.06360351294279099,0.06536708772182465,2.6285316944122314
0,mla_coupled,moe,123,4,10,0.09801879525184631,0.07366368174552917,2.6285316944122314
0,mla_coupled,moe,123,4,11,0.02202148362994194,0.04791970178484917,2.6285316944122314
0,mla_coupled,moe,123,4,12,0.047877196222543716,0.05905173718929291,2.6285316944122314
0,mla_coupled,moe,123,4,13,0.027512207627296448,0.04845738783478737,2.6285316944122314
0,mla_coupled,moe,123,4,14,0.033009033650159836,0.04968726262450218,2.6285316944122314
0,mla_coupled,moe,123,4,15,0.0942675769329071,0.07237917929887772,2.6285316944122314
0,mla_coupled,moe,123,5,0,0.08997436612844467,0.07319636642932892,2.6312105655670166
0,mla_coupled,moe,123,5,1,0.03277954086661339,0.049978479743003845,2.6312105655670166
0,mla_coupled,moe,123,5,2,0.030933838337659836,0.05063993111252785,2.6312105655670166
0,mla_coupled,moe,123,5,3,0.05811767652630806,0.06322604417800903,2.6312105655670166
0,mla_coupled,moe,123,5,4,0.08646117895841599,0.06979668885469437,2.6312105655670166
0,mla_coupled,moe,123,5,5,0.08067260682582855,0.06898897141218185,2.6312105655670166
0,mla_coupled,moe,123,5,6,0.07344238460063934,0.06823863834142685,2.6312105655670166
0,mla_coupled,moe,123,5,7,0.04649291932582855,0.05922575294971466,2.6312105655670166
0,mla_coupled,moe,123,5,8,0.06002563610672951,0.06321686506271362,2.6312105655670166
0,mla_coupled,moe,123,5,9,0.009377441368997097,0.03887521103024483,2.6312105655670166
0,mla_coupled,moe,123,5,10,0.08885009586811066,0.07171528041362762,2.6312105655670166
0,mla_coupled,moe,123,5,11,0.060478515923023224,0.06135859340429306,2.6312105655670166
0,mla_coupled,moe,123,5,12,0.0738842785358429,0.06744222342967987,2.6312105655670166
0,mla_coupled,moe,123,5,13,0.026097411289811134,0.05196620523929596,2.6312105655670166
0,mla_coupled,moe,123,5,14,0.054779052734375,0.06037778779864311,2.6312105655670166
0,mla_coupled,moe,123,5,15,0.12763305008411407,0.08175699412822723,2.6312105655670166
500,mla_coupled,moe,123,1,0,0.09069457650184631,0.0721236914396286,2.3754165172576904
500,mla_coupled,moe,123,1,1,0.036738280206918716,0.04811735078692436,2.3754165172576904
500,mla_coupled,moe,123,1,2,0.08438720554113388,0.07732012867927551,2.3754165172576904
500,mla_coupled,moe,123,1,3,0.03893798962235451,0.05308963730931282,2.3754165172576904
500,mla_coupled,moe,123,1,4,0.05713500827550888,0.07198509573936462,2.3754165172576904
500,mla_coupled,moe,123,1,5,0.08236084133386612,0.07380235940217972,2.3754165172576904
500,mla_coupled,moe,123,1,6,0.06310424953699112,0.06607995182275772,2.3754165172576904
500,mla_coupled,moe,123,1,7,0.05497070401906967,0.05993582680821419,2.3754165172576904
500,mla_coupled,moe,123,1,8,0.06855102628469467,0.06629851460456848,2.3754165172576904
500,mla_coupled,moe,123,1,9,0.055607911199331284,0.05991242825984955,2.3754165172576904
500,mla_coupled,moe,123,1,10,0.07971923798322678,0.06965465843677521,2.3754165172576904
500,mla_coupled,moe,123,1,11,0.049335937947034836,0.04726096987724304,2.3754165172576904
500,mla_coupled,moe,123,1,12,0.06645873934030533,0.05900073051452637,2.3754165172576904
500,mla_coupled,moe,123,1,13,0.06636840850114822,0.0640026405453682,2.3754165172576904
500,mla_coupled,moe,123,1,14,0.06936278939247131,0.06945548206567764,2.3754165172576904
500,mla_coupled,moe,123,1,15,0.03626709058880806,0.04196053370833397,2.3754165172576904
500,mla_coupled,moe,123,2,0,0.049412842839956284,0.06206485629081726,2.362779378890991
500,mla_coupled,moe,123,2,1,0.03737182542681694,0.057158321142196655,2.362779378890991
500,mla_coupled,moe,123,2,2,0.029020996764302254,0.048563264310359955,2.362779378890991
500,mla_coupled,moe,123,2,3,0.06352539360523224,0.06687405705451965,2.362779378890991
500,mla_coupled,moe,123,2,4,0.05273681506514549,0.046720679849386215,2.362779378890991
500,mla_coupled,moe,123,2,5,0.05427001789212227,0.05807100236415863,2.362779378890991
500,mla_coupled,moe,123,2,6,0.07036133110523224,0.06220710650086403,2.362779378890991
500,mla_coupled,moe,123,2,7,0.08574951440095901,0.07128109037876129,2.362779378890991
500,mla_coupled,moe,123,2,8,0.057246092706918716,0.05878362059593201,2.362779378890991
500,mla_coupled,moe,123,2,9,0.05365356430411339,0.060222163796424866,2.362779378890991
500,mla_coupled,moe,123,2,10,0.07408691197633743,0.06385646015405655,2.362779378890991
500,mla_coupled,moe,123,2,11,0.0830700695514679,0.07632383704185486,2.362779378890991
500,mla_coupled,moe,123,2,12,0.09022216498851776,0.07030585408210754,2.362779378890991
500,mla_coupled,moe,123,2,13,0.05502929538488388,0.05944858118891716,2.362779378890991
500,mla_coupled,moe,123,2,14,0.07558593899011612,0.06873303651809692,2.362779378890991
500,mla_coupled,moe,123,2,15,0.06865722686052322,0.06938609480857849,2.362779378890991
500,mla_coupled,moe,123,3,0,0.10784667730331421,0.08296019583940506,1.9750486612319946
500,mla_coupled,moe,123,3,1,0.02847900427877903,0.041352108120918274,1.9750486612319946
500,mla_coupled,moe,123,3,2,0.04610595852136612,0.056913431733846664,1.9750486612319946
500,mla_coupled,moe,123,3,3,0.06905761361122131,0.06986718624830246,1.9750486612319946
500,mla_coupled,moe,123,3,4,0.035003662109375,0.052706800401210785,1.9750486612319946
500,mla_coupled,moe,123,3,5,0.04450317472219467,0.0525117963552475,1.9750486612319946
500,mla_coupled,moe,123,3,6,0.06145385652780533,0.05792323499917984,1.9750486612319946
500,mla_coupled,moe,123,3,7,0.05548705905675888,0.05903241038322449,1.9750486612319946
500,mla_coupled,moe,123,3,8,0.04500000178813934,0.05295896902680397,1.9750486612319946
500,mla_coupled,moe,123,3,9,0.07049560546875,0.07364985346794128,1.9750486612319946
500,mla_coupled,moe,123,3,10,0.07851684838533401,0.07358544319868088,1.9750486612319946
500,mla_coupled,moe,123,3,11,0.09218872338533401,0.07827312499284744,1.9750486612319946
500,mla_coupled,moe,123,3,12,0.055445555597543716,0.05353933200240135,1.9750486612319946
500,mla_coupled,moe,123,3,13,0.10267944633960724,0.08548016846179962,1.9750486612319946
500,mla_coupled,moe,123,3,14,0.0689379870891571,0.06152075156569481,1.9750486612319946
500,mla_coupled,moe,123,3,15,0.038798827677965164,0.04772516340017319,1.9750486612319946
500,mla_coupled,moe,123,4,0,0.04630493000149727,0.0617242157459259,1.8798093795776367
500,mla_coupled,moe,123,4,1,0.08135498315095901,0.08862417936325073,1.8798093795776367
500,mla_coupled,moe,123,4,2,0.07426879554986954,0.06060028076171875,1.8798093795776367
500,mla_coupled,moe,123,4,3,0.047425538301467896,0.05535604804754257,1.8798093795776367
500,mla_coupled,moe,123,4,4,0.13002319633960724,0.08925636112689972,1.8798093795776367
500,mla_coupled,moe,123,4,5,0.05113036930561066,0.07303312420845032,1.8798093795776367
500,mla_coupled,moe,123,4,6,0.05839355289936066,0.05710326135158539,1.8798093795776367
500,mla_coupled,moe,123,4,7,0.08734375238418579,0.07731814682483673,1.8798093795776367
500,mla_coupled,moe,123,4,8,0.053339842706918716,0.047242455184459686,1.8798093795776367
500,mla_coupled,moe,123,4,9,0.025017090141773224,0.04422540217638016,1.8798093795776367
500,mla_coupled,moe,123,4,10,0.07341796904802322,0.07449126243591309,1.8798093795776367
500,mla_coupled,moe,123,4,11,0.06330810487270355,0.057094868272542953,1.8798093795776367
500,mla_coupled,moe,123,4,12,0.026805419474840164,0.03677181527018547,1.8798093795776367
500,mla_coupled,moe,123,4,13,0.07665527611970901,0.07123750448226929,1.8798093795776367
500,mla_coupled,moe,123,4,14,0.060600586235523224,0.05680537596344948,1.8798093795776367
500,mla_coupled,moe,123,4,15,0.04461059719324112,0.04911571368575096,1.8798093795776367
500,mla_coupled,moe,123,5,0,0.07475586235523224,0.07333575189113617,2.2540247440338135
500,mla_coupled,moe,123,5,1,0.08508667349815369,0.0650315061211586,2.2540247440338135
500,mla_coupled,moe,123,5,2,0.06465210020542145,0.061889030039310455,2.2540247440338135
500,mla_coupled,moe,123,5,3,0.036156006157398224,0.05828513577580452,2.2540247440338135
500,mla_coupled,moe,123,5,4,0.04597412049770355,0.04935155063867569,2.2540247440338135
500,mla_coupled,moe,123,5,5,0.07686889916658401,0.07669518142938614,2.2540247440338135
500,mla_coupled,moe,123,5,6,0.07318969815969467,0.060126692056655884,2.2540247440338135
500,mla_coupled,moe,123,5,7,0.05836670100688934,0.06302580237388611,2.2540247440338135
500,mla_coupled,moe,123,5,8,0.043079834431409836,0.04987163096666336,2.2540247440338135
500,mla_coupled,moe,123,5,9,0.1077893078327179,0.09025165438652039,2.2540247440338135
500,mla_coupled,moe,123,5,10,0.023643799126148224,0.036277785897254944,2.2540247440338135
500,mla_coupled,moe,123,5,11,0.06028686463832855,0.06957615911960602,2.2540247440338135
500,mla_coupled,moe,123,5,12,0.058997802436351776,0.057443682104349136,2.2540247440338135
500,mla_coupled,moe,123,5,13,0.048951417207717896,0.05390780791640282,2.2540247440338135
500,mla_coupled,moe,123,5,14,0.06823486089706421,0.06370463222265244,2.2540247440338135
500,mla_coupled,moe,123,5,15,0.07396606355905533,0.07122599333524704,2.2540247440338135
1000,mla_coupled,moe,123,1,0,0.065185546875,0.05665641650557518,2.4403257369995117
1000,mla_coupled,moe,123,1,1,0.05690551921725273,0.059087954461574554,2.4403257369995117
1000,mla_coupled,moe,123,1,2,0.07303100824356079,0.07049305737018585,2.4403257369995117
1000,mla_coupled,moe,123,1,3,0.030384521931409836,0.050424326211214066,2.4403257369995117
1000,mla_coupled,moe,123,1,4,0.07856445014476776,0.07032253593206406,2.4403257369995117
1000,mla_coupled,moe,123,1,5,0.08154907077550888,0.06987860053777695,2.4403257369995117
1000,mla_coupled,moe,123,1,6,0.06259399652481079,0.06474226713180542,2.4403257369995117
1000,mla_coupled,moe,123,1,7,0.06968505680561066,0.0666254311800003,2.4403257369995117
1000,mla_coupled,moe,123,1,8,0.07154052704572678,0.07115855067968369,2.4403257369995117
1000,mla_coupled,moe,123,1,9,0.04941650480031967,0.061877790838479996,2.4403257369995117
1000,mla_coupled,moe,123,1,10,0.06816894561052322,0.06608588248491287,2.4403257369995117
1000,mla_coupled,moe,123,1,11,0.044837646186351776,0.04848085343837738,2.4403257369995117
1000,mla_coupled,moe,123,1,12,0.07658325135707855,0.06935453414916992,2.4403257369995117
1000,mla_coupled,moe,123,1,13,0.07078857719898224,0.06207877770066261,2.4403257369995117
1000,mla_coupled,moe,123,1,14,0.05613769590854645,0.06236601248383522,2.4403257369995117
1000,mla_coupled,moe,123,1,15,0.044627685099840164,0.05036701634526253,2.4403257369995117
1000,mla_coupled,moe,123,2,0,0.060249023139476776,0.0653042197227478,2.383080244064331
1000,mla_coupled,moe,123,2,1,0.046600341796875,0.06051606684923172,2.383080244064331
1000,mla_coupled,moe,123,2,2,0.04835571348667145,0.05751785263419151,2.383080244064331
1000,mla_coupled,moe,123,2,3,0.03945678845047951,0.05701693892478943,2.383080244064331
1000,mla_coupled,moe,123,2,4,0.044713135808706284,0.04909256473183632,2.383080244064331
1000,mla_coupled,moe,123,2,5,0.059266358613967896,0.059258557856082916,2.383080244064331
1000,mla_coupled,moe,123,2,6,0.0698535144329071,0.06386935710906982,2.383080244064331
1000,mla_coupled,moe,123,2,7,0.07824096828699112,0.07134709507226944,2.383080244064331
1000,mla_coupled,moe,123,2,8,0.08093749731779099,0.06963127106428146,2.383080244064331
1000,mla_coupled,moe,123,2,9,0.054718017578125,0.05978173390030861,2.383080244064331
1000,mla_coupled,moe,123,2,10,0.08224975317716599,0.065703384578228,2.383080244064331
1000,mla_coupled,moe,123,2,11,0.056914061307907104,0.062250856310129166,2.383080244064331
1000,mla_coupled,moe,123,2,12,0.07982666045427322,0.07628291845321655,2.383080244064331
1000,mla_coupled,moe,123,2,13,0.050566405057907104,0.051002804189920425,2.383080244064331
1000,mla_coupled,moe,123,2,14,0.0667126476764679,0.0654301717877388,2.383080244064331
1000,mla_coupled,moe,123,2,15,0.08133911341428757,0.06599418073892593,2.383080244064331
1000,mla_coupled,moe,123,3,0,0.08206664770841599,0.07065720111131668,1.5467748641967773
1000,mla_coupled,moe,123,3,1,0.04980224743485451,0.04815210402011871,1.5467748641967773
1000,mla_coupled,moe,123,3,2,0.049854736775159836,0.05281653255224228,1.5467748641967773
1000,mla_coupled,moe,123,3,3,0.07279541343450546,0.08285067230463028,1.5467748641967773
1000,mla_coupled,moe,123,3,4,0.04354614391922951,0.06115414574742317,1.5467748641967773
1000,mla_coupled,moe,123,3,5,0.05253051593899727,0.0458715595304966,1.5467748641967773
1000,mla_coupled,moe,123,3,6,0.07450561225414276,0.07228783518075943,1.5467748641967773
1000,mla_coupled,moe,123,3,7,0.068878173828125,0.08139018714427948,1.5467748641967773
1000,mla_coupled,moe,123,3,8,0.04460205137729645,0.04662527143955231,1.5467748641967773
1000,mla_coupled,moe,123,3,9,0.06300048530101776,0.0691470205783844,1.5467748641967773
1000,mla_coupled,moe,123,3,10,0.07212524116039276,0.0732138380408287,1.5467748641967773
1000,mla_coupled,moe,123,3,11,0.07696166634559631,0.06273780018091202,1.5467748641967773
1000,mla_coupled,moe,123,3,12,0.05303588882088661,0.055577535182237625,1.5467748641967773
1000,mla_coupled,moe,123,3,13,0.072052001953125,0.06454481184482574,1.5467748641967773
1000,mla_coupled,moe,123,3,14,0.08052856475114822,0.06807268410921097,1.5467748641967773
1000,mla_coupled,moe,123,3,15,0.04371459782123566,0.04490078613162041,1.5467748641967773
1000,mla_coupled,moe,123,4,0,0.05371948331594467,0.06048961728811264,1.453526496887207
1000,mla_coupled,moe,123,4,1,0.09705322235822678,0.11421120911836624,1.453526496887207
1000,mla_coupled,moe,123,4,2,0.06428222358226776,0.05063964053988457,1.453526496887207
1000,mla_coupled,moe,123,4,3,0.04965820163488388,0.04704347252845764,1.453526496887207
1000,mla_coupled,moe,123,4,4,0.09791138023138046,0.0697140023112297,1.453526496887207
1000,mla_coupled,moe,123,4,5,0.03939575329422951,0.05868245288729668,1.453526496887207
1000,mla_coupled,moe,123,4,6,0.06325439363718033,0.058968186378479004,1.453526496887207
1000,mla_coupled,moe,123,4,7,0.07759399712085724,0.0845852643251419,1.453526496887207
1000,mla_coupled,moe,123,4,8,0.0798046886920929,0.07324666529893875,1.453526496887207
1000,mla_coupled,moe,123,4,9,0.024613037705421448,0.036279041320085526,1.453526496887207
1000,mla_coupled,moe,123,4,10,0.06563232094049454,0.07031421363353729,1.453526496887207
1000,mla_coupled,moe,123,4,11,0.042579345405101776,0.040501564741134644,1.453526496887207
1000,mla_coupled,moe,123,4,12,0.04209960997104645,0.04696270450949669,1.453526496887207
1000,mla_coupled,moe,123,4,13,0.08140014857053757,0.07272233814001083,1.453526496887207
1000,mla_coupled,moe,123,4,14,0.07176513969898224,0.06279975920915604,1.453526496887207
1000,mla_coupled,moe,123,4,15,0.04923706129193306,0.05283987149596214,1.453526496887207
1000,mla_coupled,moe,123,5,0,0.07880981266498566,0.07291284948587418,1.7641282081604004
1000,mla_coupled,moe,123,5,1,0.08264770358800888,0.06572116911411285,1.7641282081604004
1000,mla_coupled,moe,123,5,2,0.06552490592002869,0.06139867380261421,1.7641282081604004
1000,mla_coupled,moe,123,5,3,0.043651122599840164,0.05013167858123779,1.7641282081604004
1000,mla_coupled,moe,123,5,4,0.03839355334639549,0.04510984569787979,1.7641282081604004
1000,mla_coupled,moe,123,5,5,0.07187377661466599,0.07245486974716187,1.7641282081604004
1000,mla_coupled,moe,123,5,6,0.093231201171875,0.07286401093006134,1.7641282081604004
1000,mla_coupled,moe,123,5,7,0.05760131776332855,0.06309971213340759,1.7641282081604004
1000,mla_coupled,moe,123,5,8,0.041920166462659836,0.05966392531991005,1.7641282081604004
1000,mla_coupled,moe,123,5,9,0.12104736268520355,0.10811775177717209,1.7641282081604004
1000,mla_coupled,moe,123,5,10,0.015551757998764515,0.02852902188897133,1.7641282081604004
1000,mla_coupled,moe,123,5,11,0.038902588188648224,0.05388383939862251,1.7641282081604004
1000,mla_coupled,moe,123,5,12,0.041259765625,0.04314359650015831,1.7641282081604004
1000,mla_coupled,moe,123,5,13,0.058100584894418716,0.07328960299491882,1.7641282081604004
1000,mla_coupled,moe,123,5,14,0.06854614615440369,0.05968555435538292,1.7641282081604004
1000,mla_coupled,moe,123,5,15,0.08293823152780533,0.06999398022890091,1.7641282081604004
1500,mla_coupled,moe,123,1,0,0.042247314006090164,0.061739567667245865,2.5634829998016357
1500,mla_coupled,moe,123,1,1,0.07668212801218033,0.06102188676595688,2.5634829998016357
1500,mla_coupled,moe,123,1,2,0.09778076410293579,0.06920909881591797,2.5634829998016357
1500,mla_coupled,moe,123,1,3,0.032207030802965164,0.05507060885429382,2.5634829998016357
1500,mla_coupled,moe,123,1,4,0.06580200046300888,0.06529580056667328,2.5634829998016357
1500,mla_coupled,moe,123,1,5,0.05974121019244194,0.06054002791643143,2.5634829998016357
1500,mla_coupled,moe,123,1,6,0.05310424789786339,0.0649518370628357,2.5634829998016357
1500,mla_coupled,moe,123,1,7,0.06416259706020355,0.06346771866083145,2.5634829998016357
1500,mla_coupled,moe,123,1,8,0.08528808504343033,0.06944762915372849,2.5634829998016357
1500,mla_coupled,moe,123,1,9,0.04584716632962227,0.060667410492897034,2.5634829998016357
1500,mla_coupled,moe,123,1,10,0.0755603015422821,0.06497476249933243,2.5634829998016357
1500,mla_coupled,moe,123,1,11,0.035603027790784836,0.052605949342250824,2.5634829998016357
1500,mla_coupled,moe,123,1,12,0.08616821467876434,0.06773708015680313,2.5634829998016357
1500,mla_coupled,moe,123,1,13,0.08607421815395355,0.06620462238788605,2.5634829998016357
1500,mla_coupled,moe,123,1,14,0.05495239421725273,0.060007914900779724,2.5634829998016357
1500,mla_coupled,moe,123,1,15,0.03877929598093033,0.05705808103084564,2.5634829998016357
1500,mla_coupled,moe,123,2,0,0.05710205063223839,0.059473976492881775,2.444889545440674
1500,mla_coupled,moe,123,2,1,0.07621948421001434,0.06875018030405045,2.444889545440674
1500,mla_coupled,moe,123,2,2,0.07245849817991257,0.06284139305353165,2.444889545440674
1500,mla_coupled,moe,123,2,3,0.06169189512729645,0.06248367950320244,2.444889545440674
1500,mla_coupled,moe,123,2,4,0.029926758259534836,0.05400193855166435,2.444889545440674
1500,mla_coupled,moe,123,2,5,0.053673096001148224,0.05756044015288353,2.444889545440674
1500,mla_coupled,moe,123,2,6,0.070465087890625,0.06361398845911026,2.444889545440674
1500,mla_coupled,moe,123,2,7,0.07931274175643921,0.06874720752239227,2.444889545440674
1500,mla_coupled,moe,123,2,8,0.07869628816843033,0.07026799023151398,2.444889545440674
1500,mla_coupled,moe,123,2,9,0.05727539211511612,0.061836231499910355,2.444889545440674
1500,mla_coupled,moe,123,2,10,0.07360473275184631,0.06395292282104492,2.444889545440674
1500,mla_coupled,moe,123,2,11,0.05912841856479645,0.062019962817430496,2.444889545440674
1500,mla_coupled,moe,123,2,12,0.06995239108800888,0.0668729767203331,2.444889545440674
1500,mla_coupled,moe,123,2,13,0.03872436657547951,0.051118407398462296,2.444889545440674
1500,mla_coupled,moe,123,2,14,0.07065063714981079,0.0695633590221405,2.444889545440674
1500,mla_coupled,moe,123,2,15,0.051118165254592896,0.056895386427640915,2.444889545440674
1500,mla_coupled,moe,123,3,0,0.07646484673023224,0.06556782871484756,1.5135151147842407
1500,mla_coupled,moe,123,3,1,0.053886719048023224,0.04905420169234276,1.5135151147842407
1500,mla_coupled,moe,123,3,2,0.060150146484375,0.058682046830654144,1.5135151147842407
1500,mla_coupled,moe,123,3,3,0.06902343779802322,0.08170908689498901,1.5135151147842407
1500,mla_coupled,moe,123,3,4,0.04569457843899727,0.0612630657851696,1.5135151147842407
1500,mla_coupled,moe,123,3,5,0.06134277209639549,0.04882568493485451,1.5135151147842407
1500,mla_coupled,moe,123,3,6,0.08650878816843033,0.08592638373374939,1.5135151147842407
1500,mla_coupled,moe,123,3,7,0.06845947355031967,0.0916779637336731,1.5135151147842407
1500,mla_coupled,moe,123,3,8,0.03805297985672951,0.04006494581699371,1.5135151147842407
1500,mla_coupled,moe,123,3,9,0.07169555872678757,0.07373616844415665,1.5135151147842407
1500,mla_coupled,moe,123,3,10,0.06434448063373566,0.06472346186637878,1.5135151147842407
1500,mla_coupled,moe,123,3,11,0.06784912198781967,0.05551452189683914,1.5135151147842407
1500,mla_coupled,moe,123,3,12,0.04200805723667145,0.045979488641023636,1.5135151147842407
1500,mla_coupled,moe,123,3,13,0.070953369140625,0.061837196350097656,1.5135151147842407
1500,mla_coupled,moe,123,3,14,0.08778808265924454,0.07399535179138184,1.5135151147842407
1500,mla_coupled,moe,123,3,15,0.035777587443590164,0.0414426289498806,1.5135151147842407
1500,mla_coupled,moe,123,4,0,0.04994384944438934,0.05763127654790878,1.3256973028182983
1500,mla_coupled,moe,123,4,1,0.08656982332468033,0.10182638466358185,1.3256973028182983
1500,mla_coupled,moe,123,4,2,0.055170897394418716,0.04301876947283745,1.3256973028182983
1500,mla_coupled,moe,123,4,3,0.049506835639476776,0.04627784714102745,1.3256973028182983
1500,mla_coupled,moe,123,4,4,0.10004516690969467,0.07039064168930054,1.3256973028182983
1500,mla_coupled,moe,123,4,5,0.04039672762155533,0.06041748449206352,1.3256973028182983
1500,mla_coupled,moe,123,4,6,0.04832641780376434,0.04644661396741867,1.3256973028182983
1500,mla_coupled,moe,123,4,7,0.08361328393220901,0.09596352279186249,1.3256973028182983
1500,mla_coupled,moe,123,4,8,0.08548828214406967,0.08279664069414139,1.3256973028182983
1500,mla_coupled,moe,123,4,9,0.02245239168405533,0.03040548600256443,1.3256973028182983
1500,mla_coupled,moe,123,4,10,0.060203857719898224,0.06624749302864075,1.3256973028182983
1500,mla_coupled,moe,123,4,11,0.04449096694588661,0.04118410125374794,1.3256973028182983
1500,mla_coupled,moe,123,4,12,0.04276489093899727,0.044556912034749985,1.3256973028182983
1500,mla_coupled,moe,123,4,13,0.08706420660018921,0.07905644178390503,1.3256973028182983
1500,mla_coupled,moe,123,4,14,0.08796020597219467,0.0753464549779892,1.3256973028182983
1500,mla_coupled,moe,123,4,15,0.05600219592452049,0.05843392014503479,1.3256973028182983
1500,mla_coupled,moe,123,5,0,0.07459960877895355,0.0694287046790123,1.6972213983535767
1500,mla_coupled,moe,123,5,1,0.08343017846345901,0.061526890844106674,1.6972213983535767
1500,mla_coupled,moe,123,5,2,0.06870849430561066,0.0668267086148262,1.6972213983535767
1500,mla_coupled,moe,123,5,3,0.04939331114292145,0.05235402658581734,1.6972213983535767
1500,mla_coupled,moe,123,5,4,0.034210205078125,0.044701337814331055,1.6972213983535767
1500,mla_coupled,moe,123,5,5,0.05684814602136612,0.05729508027434349,1.6972213983535767
1500,mla_coupled,moe,123,5,6,0.0923779308795929,0.07021600008010864,1.6972213983535767
1500,mla_coupled,moe,123,5,7,0.06819458305835724,0.0766749382019043,1.6972213983535767
1500,mla_coupled,moe,123,5,8,0.05080566555261612,0.06959567964076996,1.6972213983535767
1500,mla_coupled,moe,123,5,9,0.1131591796875,0.09909023344516754,1.6972213983535767
1500,mla_coupled,moe,123,5,10,0.018062744289636612,0.030033007264137268,1.6972213983535767
1500,mla_coupled,moe,123,5,11,0.041942138224840164,0.0598827488720417,1.6972213983535767
1500,mla_coupled,moe,123,5,12,0.043071288615465164,0.041693586856126785,1.6972213983535767
1500,mla_coupled,moe,123,5,13,0.062230225652456284,0.08064785599708557,1.6972213983535767
1500,mla_coupled,moe,123,5,14,0.059868164360523224,0.05336926132440567,1.6972213983535767
1500,mla_coupled,moe,123,5,15,0.0830981433391571,0.06666386127471924,1.6972213983535767
2000,mla_coupled,moe,123,1,0,0.05001464858651161,0.06310609728097916,2.6674368381500244
2000,mla_coupled,moe,123,1,1,0.036164551973342896,0.05769411474466324,2.6674368381500244
2000,mla_coupled,moe,123,1,2,0.08500122278928757,0.06316277384757996,2.6674368381500244
2000,mla_coupled,moe,123,1,3,0.041108399629592896,0.06134019419550896,2.6674368381500244
2000,mla_coupled,moe,123,1,4,0.06719970703125,0.06550351530313492,2.6674368381500244
2000,mla_coupled,moe,123,1,5,0.09135742485523224,0.0657040923833847,2.6674368381500244
2000,mla_coupled,moe,123,1,6,0.05754638835787773,0.0653737485408783,2.6674368381500244
2000,mla_coupled,moe,123,1,7,0.07181274145841599,0.062314923852682114,2.6674368381500244
2000,mla_coupled,moe,123,1,8,0.0864855945110321,0.06713221967220306,2.6674368381500244
2000,mla_coupled,moe,123,1,9,0.05206909030675888,0.06145511567592621,2.6674368381500244
2000,mla_coupled,moe,123,1,10,0.05287475511431694,0.05586733669042587,2.6674368381500244
2000,mla_coupled,moe,123,1,11,0.05509399250149727,0.06194520369172096,2.6674368381500244
2000,mla_coupled,moe,123,1,12,0.0836804211139679,0.06300310045480728,2.6674368381500244
2000,mla_coupled,moe,123,1,13,0.04618530347943306,0.05882731080055237,2.6674368381500244
2000,mla_coupled,moe,123,1,14,0.07950073480606079,0.06489869952201843,2.6674368381500244
2000,mla_coupled,moe,123,1,15,0.04390503093600273,0.06267153471708298,2.6674368381500244
2000,mla_coupled,moe,123,2,0,0.05802978575229645,0.061635006219148636,2.5311083793640137
2000,mla_coupled,moe,123,2,1,0.06941039860248566,0.0676865354180336,2.5311083793640137
2000,mla_coupled,moe,123,2,2,0.06535278260707855,0.06397197395563126,2.5311083793640137
2000,mla_coupled,moe,123,2,3,0.048302002251148224,0.060244712978601456,2.5311083793640137
2000,mla_coupled,moe,123,2,4,0.02681640535593033,0.056579288095235825,2.5311083793640137
2000,mla_coupled,moe,123,2,5,0.025303954258561134,0.052412934601306915,2.5311083793640137
2000,mla_coupled,moe,123,2,6,0.06370849907398224,0.06223210692405701,2.5311083793640137
2000,mla_coupled,moe,123,2,7,0.08237793296575546,0.06754550337791443,2.5311083793640137
2000,mla_coupled,moe,123,2,8,0.06263427436351776,0.06082933768630028,2.5311083793640137
2000,mla_coupled,moe,123,2,9,0.08689453452825546,0.06670612096786499,2.5311083793640137
2000,mla_coupled,moe,123,2,10,0.07966919243335724,0.06584329158067703,2.5311083793640137
2000,mla_coupled,moe,123,2,11,0.08041869848966599,0.06746937334537506,2.5311083793640137
2000,mla_coupled,moe,123,2,12,0.08730102330446243,0.07183153182268143,2.5311083793640137
2000,mla_coupled,moe,123,2,13,0.031505126506090164,0.04982590302824974,2.5311083793640137
2000,mla_coupled,moe,123,2,14,0.06218017637729645,0.061508674174547195,2.5311083793640137
2000,mla_coupled,moe,123,2,15,0.07009521126747131,0.06367772817611694,2.5311083793640137
2000,mla_coupled,moe,123,3,0,0.08220580965280533,0.06834029406309128,1.6406912803649902
2000,mla_coupled,moe,123,3,1,0.05724731460213661,0.05116930603981018,1.6406912803649902
2000,mla_coupled,moe,123,3,2,0.05174072086811066,0.056078653782606125,1.6406912803649902
2000,mla_coupled,moe,123,3,3,0.08053222298622131,0.09173832088708878,1.6406912803649902
2000,mla_coupled,moe,123,3,4,0.05262939631938934,0.06396008282899857,1.6406912803649902
2000,mla_coupled,moe,123,3,5,0.044666748493909836,0.04622761160135269,1.6406912803649902
2000,mla_coupled,moe,123,3,6,0.07455932348966599,0.07462216168642044,1.6406912803649902
2000,mla_coupled,moe,123,3,7,0.06737182289361954,0.0905400961637497,1.6406912803649902
2000,mla_coupled,moe,123,3,8,0.04221557453274727,0.042597346007823944,1.6406912803649902
2000,mla_coupled,moe,123,3,9,0.07061035186052322,0.0737156942486763,1.6406912803649902
2000,mla_coupled,moe,123,3,10,0.07609497010707855,0.07524874806404114,1.6406912803649902
2000,mla_coupled,moe,123,3,11,0.05505737289786339,0.04654523357748985,1.6406912803649902
2000,mla_coupled,moe,123,3,12,0.056000977754592896,0.05526949465274811,1.6406912803649902
2000,mla_coupled,moe,123,3,13,0.07669311761856079,0.06322386115789413,1.6406912803649902
2000,mla_coupled,moe,123,3,14,0.07850341498851776,0.060442373156547546,1.6406912803649902
2000,mla_coupled,moe,123,3,15,0.03387084975838661,0.040280766785144806,1.6406912803649902
2000,mla_coupled,moe,123,4,0,0.05124877765774727,0.05948144942522049,1.2530434131622314
2000,mla_coupled,moe,123,4,1,0.08135009557008743,0.0977337583899498,1.2530434131622314
2000,mla_coupled,moe,123,4,2,0.07419800013303757,0.05254409462213516,1.2530434131622314
2000,mla_coupled,moe,123,4,3,0.05059814453125,0.047474849969148636,1.2530434131622314
2000,mla_coupled,moe,123,4,4,0.10143066197633743,0.06792132556438446,1.2530434131622314
2000,mla_coupled,moe,123,4,5,0.03667236492037773,0.05609073117375374,1.2530434131622314
2000,mla_coupled,moe,123,4,6,0.030832519754767418,0.037963785231113434,1.2530434131622314
2000,mla_coupled,moe,123,4,7,0.09666015952825546,0.11327674239873886,1.2530434131622314
2000,mla_coupled,moe,123,4,8,0.07561645656824112,0.07496245205402374,1.2530434131622314
2000,mla_coupled,moe,123,4,9,0.021932372823357582,0.029329616576433182,1.2530434131622314
2000,mla_coupled,moe,123,4,10,0.06238769367337227,0.06620084494352341,1.2530434131622314
2000,mla_coupled,moe,123,4,11,0.052155762910842896,0.04790002852678299,1.2530434131622314
2000,mla_coupled,moe,123,4,12,0.045899659395217896,0.04817390814423561,1.2530434131622314
2000,mla_coupled,moe,123,4,13,0.08148925751447678,0.07432400435209274,1.2530434131622314
2000,mla_coupled,moe,123,4,14,0.07976318150758743,0.06721191108226776,1.2530434131622314
2000,mla_coupled,moe,123,4,15,0.057764891535043716,0.05941049009561539,1.2530434131622314
2000,mla_coupled,moe,123,5,0,0.07959716767072678,0.07246673107147217,1.6774613857269287
2000,mla_coupled,moe,123,5,1,0.08065429329872131,0.05785031244158745,1.6774613857269287
2000,mla_coupled,moe,123,5,2,0.07108642905950546,0.07008183747529984,1.6774613857269287
2000,mla_coupled,moe,123,5,3,0.05803100764751434,0.05765492841601372,1.6774613857269287
2000,mla_coupled,moe,123,5,4,0.03764282166957855,0.04967442527413368,1.6774613857269287
2000,mla_coupled,moe,123,5,5,0.05939941480755806,0.05489210784435272,1.6774613857269287
2000,mla_coupled,moe,123,5,6,0.09879150241613388,0.07689258456230164,1.6774613857269287
2000,mla_coupled,moe,123,5,7,0.07059936225414276,0.07707095146179199,1.6774613857269287
2000,mla_coupled,moe,123,5,8,0.04754028469324112,0.06455707550048828,1.6774613857269287
2000,mla_coupled,moe,123,5,9,0.1070849597454071,0.09204711019992828,1.6774613857269287
2000,mla_coupled,moe,123,5,10,0.009978027082979679,0.02686166577041149,1.6774613857269287
2000,mla_coupled,moe,123,5,11,0.04177612438797951,0.06059535965323448,1.6774613857269287
2000,mla_coupled,moe,123,5,12,0.029971923679113388,0.033008795231580734,1.6774613857269287
2000,mla_coupled,moe,123,5,13,0.06190185621380806,0.08181540668010712,1.6774613857269287
2000,mla_coupled,moe,123,5,14,0.057220458984375,0.05601782351732254,1.6774613857269287
2000,mla_coupled,moe,123,5,15,0.08872436732053757,0.06851288676261902,1.6774613857269287
2500,mla_coupled,moe,123,1,0,0.06559204310178757,0.06577374786138535,2.6994740962982178
2500,mla_coupled,moe,123,1,1,0.05742065608501434,0.060740355402231216,2.6994740962982178
2500,mla_coupled,moe,123,1,2,0.06339721381664276,0.059529248625040054,2.6994740962982178
2500,mla_coupled,moe,123,1,3,0.06502807885408401,0.06560944765806198,2.6994740962982178
2500,mla_coupled,moe,123,1,4,0.05811767652630806,0.06413083523511887,2.6994740962982178
2500,mla_coupled,moe,123,1,5,0.08796875178813934,0.06190725415945053,2.6994740962982178
2500,mla_coupled,moe,123,1,6,0.0674450695514679,0.06696160137653351,2.6994740962982178
2500,mla_coupled,moe,123,1,7,0.050261229276657104,0.061832211911678314,2.6994740962982178
2500,mla_coupled,moe,123,1,8,0.05360473692417145,0.060356467962265015,2.6994740962982178
2500,mla_coupled,moe,123,1,9,0.070526123046875,0.06341210007667542,2.6994740962982178
2500,mla_coupled,moe,123,1,10,0.050102539360523224,0.05857478454709053,2.6994740962982178
2500,mla_coupled,moe,123,1,11,0.027735596522688866,0.05924925208091736,2.6994740962982178
2500,mla_coupled,moe,123,1,12,0.07599487155675888,0.06277375668287277,2.6994740962982178
2500,mla_coupled,moe,123,1,13,0.06365600228309631,0.06124280393123627,2.6994740962982178
2500,mla_coupled,moe,123,1,14,0.07812988013029099,0.06268534064292908,2.6994740962982178
2500,mla_coupled,moe,123,1,15,0.06501953303813934,0.06522083282470703,2.6994740962982178
2500,mla_coupled,moe,123,2,0,0.05116943269968033,0.05930997058749199,2.5391170978546143
2500,mla_coupled,moe,123,2,1,0.06422851234674454,0.06702271103858948,2.5391170978546143
2500,mla_coupled,moe,123,2,2,0.057701416313648224,0.06211506202816963,2.5391170978546143
2500,mla_coupled,moe,123,2,3,0.04106201231479645,0.05861193686723709,2.5391170978546143
2500,mla_coupled,moe,123,2,4,0.04017334058880806,0.05999131128191948,2.5391170978546143
2500,mla_coupled,moe,123,2,5,0.04310424625873566,0.057855863124132156,2.5391170978546143
2500,mla_coupled,moe,123,2,6,0.053980711847543716,0.059112075716257095,2.5391170978546143
2500,mla_coupled,moe,123,2,7,0.07227172702550888,0.0614921860396862,2.5391170978546143
2500,mla_coupled,moe,123,2,8,0.08055420219898224,0.06335438787937164,2.5391170978546143
2500,mla_coupled,moe,123,2,9,0.06350952386856079,0.06294713914394379,2.5391170978546143
2500,mla_coupled,moe,123,2,10,0.09203124791383743,0.07242028415203094,2.5391170978546143
2500,mla_coupled,moe,123,2,11,0.09138305485248566,0.06914323568344116,2.5391170978546143
2500,mla_coupled,moe,123,2,12,0.07720092684030533,0.0662551000714302,2.5391170978546143
2500,mla_coupled,moe,123,2,13,0.043638914823532104,0.05488625168800354,2.5391170978546143
2500,mla_coupled,moe,123,2,14,0.07413086295127869,0.06555575132369995,2.5391170978546143
2500,mla_coupled,moe,123,2,15,0.05385986343026161,0.059926725924015045,2.5391170978546143
2500,mla_coupled,moe,123,3,0,0.06997436285018921,0.06182984262704849,1.6705873012542725
2500,mla_coupled,moe,123,3,1,0.049528807401657104,0.046413153409957886,1.6705873012542725
2500,mla_coupled,moe,123,3,2,0.05036987364292145,0.05675969645380974,1.6705873012542725
2500,mla_coupled,moe,123,3,3,0.06718628108501434,0.07719723880290985,1.6705873012542725
2500,mla_coupled,moe,123,3,4,0.038197021931409836,0.059352077543735504,1.6705873012542725
2500,mla_coupled,moe,123,3,5,0.05229248106479645,0.04650762677192688,1.6705873012542725
2500,mla_coupled,moe,123,3,6,0.08183837682008743,0.07956583797931671,1.6705873012542725
2500,mla_coupled,moe,123,3,7,0.0626843273639679,0.08946602791547775,1.6705873012542725
2500,mla_coupled,moe,123,3,8,0.048988036811351776,0.0494796559214592,1.6705873012542725
2500,mla_coupled,moe,123,3,9,0.07404296845197678,0.07423216849565506,1.6705873012542725
2500,mla_coupled,moe,123,3,10,0.07286987453699112,0.07474946975708008,1.6705873012542725
2500,mla_coupled,moe,123,3,11,0.06902588158845901,0.05710529908537865,1.6705873012542725
2500,mla_coupled,moe,123,3,12,0.05851684510707855,0.05418736860156059,1.6705873012542725
2500,mla_coupled,moe,123,3,13,0.08595947176218033,0.06926608830690384,1.6705873012542725
2500,mla_coupled,moe,123,3,14,0.08713988959789276,0.065670445561409,1.6705873012542725
2500,mla_coupled,moe,123,3,15,0.03138549625873566,0.038217972964048386,1.6705873012542725
2500,mla_coupled,moe,123,4,0,0.05679931491613388,0.06348912417888641,1.2457401752471924
2500,mla_coupled,moe,123,4,1,0.08240600675344467,0.09299205988645554,1.2457401752471924
2500,mla_coupled,moe,123,4,2,0.05857299640774727,0.04153621569275856,1.2457401752471924
2500,mla_coupled,moe,123,4,3,0.05306030437350273,0.051190294325351715,1.2457401752471924
2500,mla_coupled,moe,123,4,4,0.09220702946186066,0.06229083612561226,1.2457401752471924
2500,mla_coupled,moe,123,4,5,0.03980712965130806,0.06304936856031418,1.2457401752471924
2500,mla_coupled,moe,123,4,6,0.02892211824655533,0.03453069552779198,1.2457401752471924
2500,mla_coupled,moe,123,4,7,0.09098510444164276,0.10746797919273376,1.2457401752471924
2500,mla_coupled,moe,123,4,8,0.07774536311626434,0.07743463665246964,1.2457401752471924
2500,mla_coupled,moe,123,4,9,0.019062500447034836,0.025867870077490807,1.2457401752471924
2500,mla_coupled,moe,123,4,10,0.06258422881364822,0.06587624549865723,1.2457401752471924
2500,mla_coupled,moe,123,4,11,0.04802002012729645,0.04512135684490204,1.2457401752471924
2500,mla_coupled,moe,123,4,12,0.05179687589406967,0.05300276353955269,1.2457401752471924
2500,mla_coupled,moe,123,4,13,0.09453125298023224,0.08350513130426407,1.2457401752471924
2500,mla_coupled,moe,123,4,14,0.07745116949081421,0.06422669440507889,1.2457401752471924
2500,mla_coupled,moe,123,4,15,0.06604858487844467,0.06841873377561569,1.2457401752471924
2500,mla_coupled,moe,123,5,0,0.087615966796875,0.07885132730007172,1.6295900344848633
2500,mla_coupled,moe,123,5,1,0.07865600287914276,0.05726509541273117,1.6295900344848633
2500,mla_coupled,moe,123,5,2,0.07246825844049454,0.07445935904979706,1.6295900344848633
2500,mla_coupled,moe,123,5,3,0.053160399198532104,0.051349762827157974,1.6295900344848633
2500,mla_coupled,moe,123,5,4,0.03794555738568306,0.0489753820002079,1.6295900344848633
2500,mla_coupled,moe,123,5,5,0.051488038152456284,0.04788306728005409,1.6295900344848633
2500,mla_coupled,moe,123,5,6,0.09977783262729645,0.07764977216720581,1.6295900344848633
2500,mla_coupled,moe,123,5,7,0.07316650450229645,0.08225931227207184,1.6295900344848633
2500,mla_coupled,moe,123,5,8,0.046538084745407104,0.06256861984729767,1.6295900344848633
2500,mla_coupled,moe,123,5,9,0.10888916254043579,0.09377475827932358,1.6295900344848633
2500,mla_coupled,moe,123,5,10,0.012128906324505806,0.02825579233467579,1.6295900344848633
2500,mla_coupled,moe,123,5,11,0.04177612438797951,0.059931885451078415,1.6295900344848633
2500,mla_coupled,moe,123,5,12,0.030971679836511612,0.032678861171007156,1.6295900344848633
2500,mla_coupled,moe,123,5,13,0.06567138433456421,0.08517332375049591,1.6295900344848633
2500,mla_coupled,moe,123,5,14,0.059083253145217896,0.05575309321284294,1.6295900344848633
2500,mla_coupled,moe,123,5,15,0.08066283911466599,0.06317055970430374,1.6295900344848633
3000,mla_coupled,moe,123,1,0,0.05555419996380806,0.06369391083717346,2.7110159397125244
3000,mla_coupled,moe,123,1,1,0.049311522394418716,0.058857571333646774,2.7110159397125244
3000,mla_coupled,moe,123,1,2,0.06219726428389549,0.061825230717659,2.7110159397125244
3000,mla_coupled,moe,123,1,3,0.03414672985672951,0.06269770115613937,2.7110159397125244
3000,mla_coupled,moe,123,1,4,0.039219971746206284,0.06426355987787247,2.7110159397125244
3000,mla_coupled,moe,123,1,5,0.06454712152481079,0.06112254038453102,2.7110159397125244
3000,mla_coupled,moe,123,1,6,0.04915527254343033,0.06428232789039612,2.7110159397125244
3000,mla_coupled,moe,123,1,7,0.08901367336511612,0.06560459733009338,2.7110159397125244
3000,mla_coupled,moe,123,1,8,0.0798962414264679,0.06334226578474045,2.7110159397125244
3000,mla_coupled,moe,123,1,9,0.07166381925344467,0.06197356805205345,2.7110159397125244
3000,mla_coupled,moe,123,1,10,0.04880370944738388,0.05804424732923508,2.7110159397125244
3000,mla_coupled,moe,123,1,11,0.061302490532398224,0.06287483870983124,2.7110159397125244
3000,mla_coupled,moe,123,1,12,0.06240234524011612,0.058615442365407944,2.7110159397125244
3000,mla_coupled,moe,123,1,13,0.06435669213533401,0.06256017088890076,2.7110159397125244
3000,mla_coupled,moe,123,1,14,0.09658203274011612,0.06526828557252884,2.7110159397125244
3000,mla_coupled,moe,123,1,15,0.07184692472219467,0.06497375667095184,2.7110159397125244
3000,mla_coupled,moe,123,2,0,0.06925903260707855,0.06485006958246231,2.5113823413848877
3000,mla_coupled,moe,123,2,1,0.06850708276033401,0.06612953543663025,2.5113823413848877
3000,mla_coupled,moe,123,2,2,0.06046508625149727,0.06333895027637482,2.5113823413848877
3000,mla_coupled,moe,123,2,3,0.042735595256090164,0.05772290378808975,2.5113823413848877
3000,mla_coupled,moe,123,2,4,0.034699708223342896,0.05606279894709587,2.5113823413848877
3000,mla_coupled,moe,123,2,5,0.03170410171151161,0.05380143225193024,2.5113823413848877
3000,mla_coupled,moe,123,2,6,0.08283325284719467,0.06619871407747269,2.5113823413848877
3000,mla_coupled,moe,123,2,7,0.06688965111970901,0.06065191701054573,2.5113823413848877
3000,mla_coupled,moe,123,2,8,0.07390014827251434,0.0629279837012291,2.5113823413848877
3000,mla_coupled,moe,123,2,9,0.056831054389476776,0.06073252111673355,2.5113823413848877
3000,mla_coupled,moe,123,2,10,0.09530273079872131,0.07502506673336029,2.5113823413848877
3000,mla_coupled,moe,123,2,11,0.08460693061351776,0.06744933873414993,2.5113823413848877
3000,mla_coupled,moe,123,2,12,0.07207397371530533,0.06477552652359009,2.5113823413848877
3000,mla_coupled,moe,123,2,13,0.03306762874126434,0.05215264856815338,2.5113823413848877
3000,mla_coupled,moe,123,2,14,0.07732787728309631,0.06819938868284225,2.5113823413848877
3000,mla_coupled,moe,123,2,15,0.04979614168405533,0.05998120456933975,2.5113823413848877
3000,mla_coupled,moe,123,3,0,0.06514892727136612,0.059191107749938965,1.6396191120147705
3000,mla_coupled,moe,123,3,1,0.05098632723093033,0.04581679403781891,1.6396191120147705
3000,mla_coupled,moe,123,3,2,0.05345092713832855,0.05984112620353699,1.6396191120147705
3000,mla_coupled,moe,123,3,3,0.072265625,0.08565782755613327,1.6396191120147705
3000,mla_coupled,moe,123,3,4,0.05031372234225273,0.06277969479560852,1.6396191120147705
3000,mla_coupled,moe,123,3,5,0.04276122897863388,0.04422586411237717,1.6396191120147705
3000,mla_coupled,moe,123,3,6,0.08681274205446243,0.07664835453033447,1.6396191120147705
3000,mla_coupled,moe,123,3,7,0.06714966148138046,0.09216287732124329,1.6396191120147705
3000,mla_coupled,moe,123,3,8,0.04196777194738388,0.044530585408210754,1.6396191120147705
3000,mla_coupled,moe,123,3,9,0.07560791075229645,0.07939174771308899,1.6396191120147705
3000,mla_coupled,moe,123,3,10,0.0729687511920929,0.07360592484474182,1.6396191120147705
3000,mla_coupled,moe,123,3,11,0.06676758080720901,0.05510420724749565,1.6396191120147705
3000,mla_coupled,moe,123,3,12,0.05331054702401161,0.052733197808265686,1.6396191120147705
3000,mla_coupled,moe,123,3,13,0.07876342535018921,0.0627891942858696,1.6396191120147705
3000,mla_coupled,moe,123,3,14,0.09005249291658401,0.06707253307104111,1.6396191120147705
3000,mla_coupled,moe,123,3,15,0.031672362238168716,0.038448985666036606,1.6396191120147705
3000,mla_coupled,moe,123,4,0,0.053070068359375,0.06075112521648407,1.1883081197738647
3000,mla_coupled,moe,123,4,1,0.08638793975114822,0.10347598791122437,1.1883081197738647
3000,mla_coupled,moe,123,4,2,0.05513916164636612,0.040866442024707794,1.1883081197738647
3000,mla_coupled,moe,123,4,3,0.04986206069588661,0.049235858023166656,1.1883081197738647
3000,mla_coupled,moe,123,4,4,0.09926147758960724,0.06754390895366669,1.1883081197738647
3000,mla_coupled,moe,123,4,5,0.03733764588832855,0.05948524922132492,1.1883081197738647
3000,mla_coupled,moe,123,4,6,0.03336181491613388,0.03108114004135132,1.1883081197738647
3000,mla_coupled,moe,123,4,7,0.07985717803239822,0.09344802796840668,1.1883081197738647
3000,mla_coupled,moe,123,4,8,0.07870116829872131,0.07600393146276474,1.1883081197738647
3000,mla_coupled,moe,123,4,9,0.013509521260857582,0.020110759884119034,1.1883081197738647
3000,mla_coupled,moe,123,4,10,0.057487793266773224,0.06185749173164368,1.1883081197738647
3000,mla_coupled,moe,123,4,11,0.04778686538338661,0.0459936186671257,1.1883081197738647
3000,mla_coupled,moe,123,4,12,0.05354492366313934,0.053244076669216156,1.1883081197738647
3000,mla_coupled,moe,123,4,13,0.09550049155950546,0.08828601986169815,1.1883081197738647
3000,mla_coupled,moe,123,4,14,0.0939624011516571,0.08255580812692642,1.1883081197738647
3000,mla_coupled,moe,123,4,15,0.06522949039936066,0.06606057286262512,1.1883081197738647
3000,mla_coupled,moe,123,5,0,0.08252563327550888,0.07737985998392105,1.596011996269226
3000,mla_coupled,moe,123,5,1,0.0791308581829071,0.05642526596784592,1.596011996269226
3000,mla_coupled,moe,123,5,2,0.06259765475988388,0.0663972869515419,1.596011996269226
3000,mla_coupled,moe,123,5,3,0.05726928636431694,0.05575105547904968,1.596011996269226
3000,mla_coupled,moe,123,5,4,0.03810424730181694,0.04851920157670975,1.596011996269226
3000,mla_coupled,moe,123,5,5,0.050104979425668716,0.04671899229288101,1.596011996269226
3000,mla_coupled,moe,123,5,6,0.0993945300579071,0.07612687349319458,1.596011996269226
3000,mla_coupled,moe,123,5,7,0.07480346411466599,0.0852980688214302,1.596011996269226
3000,mla_coupled,moe,123,5,8,0.04109375178813934,0.058303285390138626,1.596011996269226
3000,mla_coupled,moe,123,5,9,0.11121825873851776,0.09540098160505295,1.596011996269226
3000,mla_coupled,moe,123,5,10,0.010673828423023224,0.026455864310264587,1.596011996269226
3000,mla_coupled,moe,123,5,11,0.041972655802965164,0.06089093163609505,1.596011996269226
3000,mla_coupled,moe,123,5,12,0.028493652120232582,0.02869546413421631,1.596011996269226
3000,mla_coupled,moe,123,5,13,0.06791015714406967,0.0880713239312172,1.596011996269226
3000,mla_coupled,moe,123,5,14,0.06984496861696243,0.0642077699303627,1.596011996269226
3000,mla_coupled,moe,123,5,15,0.08486206084489822,0.06535772979259491,1.596011996269226
3500,mla_coupled,moe,123,1,0,0.03716674819588661,0.06203159689903259,2.7116265296936035
3500,mla_coupled,moe,123,1,1,0.04412841796875,0.060222234576940536,2.7116265296936035
3500,mla_coupled,moe,123,1,2,0.06034545972943306,0.06062941998243332,2.7116265296936035
3500,mla_coupled,moe,123,1,3,0.06657592952251434,0.06393492966890335,2.7116265296936035
3500,mla_coupled,moe,123,1,4,0.05998901277780533,0.06512738764286041,2.7116265296936035
3500,mla_coupled,moe,123,1,5,0.0771472156047821,0.061227332800626755,2.7116265296936035
3500,mla_coupled,moe,123,1,6,0.06209472566843033,0.06554684042930603,2.7116265296936035
3500,mla_coupled,moe,123,1,7,0.08390136808156967,0.06426134705543518,2.7116265296936035
3500,mla_coupled,moe,123,1,8,0.057178955525159836,0.061058856546878815,2.7116265296936035
3500,mla_coupled,moe,123,1,9,0.07549560815095901,0.06365827471017838,2.7116265296936035
3500,mla_coupled,moe,123,1,10,0.07325317710638046,0.06324467808008194,2.7116265296936035
3500,mla_coupled,moe,123,1,11,0.056389160454273224,0.06252329051494598,2.7116265296936035
3500,mla_coupled,moe,123,1,12,0.06581054627895355,0.05954054743051529,2.7116265296936035
3500,mla_coupled,moe,123,1,13,0.07032104581594467,0.06339605897665024,2.7116265296936035
3500,mla_coupled,moe,123,1,14,0.05876709148287773,0.0602509081363678,2.7116265296936035
3500,mla_coupled,moe,123,1,15,0.05143554508686066,0.06334627419710159,2.7116265296936035
3500,mla_coupled,moe,123,2,0,0.07001220434904099,0.06406131386756897,2.488412618637085
3500,mla_coupled,moe,123,2,1,0.06694336235523224,0.06915328651666641,2.488412618637085
3500,mla_coupled,moe,123,2,2,0.04724487289786339,0.0590318888425827,2.488412618637085
3500,mla_coupled,moe,123,2,3,0.03982910141348839,0.05668029934167862,2.488412618637085
3500,mla_coupled,moe,123,2,4,0.028574218973517418,0.05441957339644432,2.488412618637085
3500,mla_coupled,moe,123,2,5,0.03229003772139549,0.05295077711343765,2.488412618637085
3500,mla_coupled,moe,123,2,6,0.07434570044279099,0.0644611269235611,2.488412618637085
3500,mla_coupled,moe,123,2,7,0.0829150378704071,0.06556540727615356,2.488412618637085
3500,mla_coupled,moe,123,2,8,0.08412719517946243,0.0677952989935875,2.488412618637085
3500,mla_coupled,moe,123,2,9,0.05842773616313934,0.060724563896656036,2.488412618637085
3500,mla_coupled,moe,123,2,10,0.088043212890625,0.07184887677431107,2.488412618637085
3500,mla_coupled,moe,123,2,11,0.07803954929113388,0.06638127565383911,2.488412618637085
3500,mla_coupled,moe,123,2,12,0.06310058385133743,0.06062420457601547,2.488412618637085
3500,mla_coupled,moe,123,2,13,0.03788452222943306,0.05275186151266098,2.488412618637085
3500,mla_coupled,moe,123,2,14,0.08180663734674454,0.07037743926048279,2.488412618637085
3500,mla_coupled,moe,123,2,15,0.06641601771116257,0.0631728544831276,2.488412618637085
3500,mla_coupled,moe,123,3,0,0.06260986626148224,0.05804264545440674,1.6183279752731323
3500,mla_coupled,moe,123,3,1,0.05551391467452049,0.0477534756064415,1.6183279752731323
3500,mla_coupled,moe,123,3,2,0.050872802734375,0.05668631196022034,1.6183279752731323
3500,mla_coupled,moe,123,3,3,0.06852783262729645,0.0761188492178917,1.6183279752731323
3500,mla_coupled,moe,123,3,4,0.049152832478284836,0.06320258229970932,1.6183279752731323
3500,mla_coupled,moe,123,3,5,0.05044921860098839,0.04763446003198624,1.6183279752731323
3500,mla_coupled,moe,123,3,6,0.089202880859375,0.07957443594932556,1.6183279752731323
3500,mla_coupled,moe,123,3,7,0.06666138023138046,0.09430704265832901,1.6183279752731323
3500,mla_coupled,moe,123,3,8,0.04576782137155533,0.05018409341573715,1.6183279752731323
3500,mla_coupled,moe,123,3,9,0.06958740204572678,0.07360363751649857,1.6183279752731323
3500,mla_coupled,moe,123,3,10,0.06711303442716599,0.06945589184761047,1.6183279752731323
3500,mla_coupled,moe,123,3,11,0.054301757365465164,0.04583270102739334,1.6183279752731323
3500,mla_coupled,moe,123,3,12,0.05765014514327049,0.056087832897901535,1.6183279752731323
3500,mla_coupled,moe,123,3,13,0.08200561255216599,0.06609885394573212,1.6183279752731323
3500,mla_coupled,moe,123,3,14,0.0991528332233429,0.07776900380849838,1.6183279752731323
3500,mla_coupled,moe,123,3,15,0.03143066540360451,0.03764818608760834,1.6183279752731323
3500,mla_coupled,moe,123,4,0,0.05303711071610451,0.06321513652801514,1.203029751777649
3500,mla_coupled,moe,123,4,1,0.0872180163860321,0.1034461110830307,1.203029751777649
3500,mla_coupled,moe,123,4,2,0.06362182646989822,0.04719308763742447,1.203029751777649
3500,mla_coupled,moe,123,4,3,0.04661621153354645,0.0472203828394413,1.203029751777649
3500,mla_coupled,moe,123,4,4,0.09159789979457855,0.06165623292326927,1.203029751777649
3500,mla_coupled,moe,123,4,5,0.03567138686776161,0.05717165023088455,1.203029751777649
3500,mla_coupled,moe,123,4,6,0.03206421062350273,0.03524770215153694,1.203029751777649
3500,mla_coupled,moe,123,4,7,0.08246459811925888,0.09908877313137054,1.203029751777649
3500,mla_coupled,moe,123,4,8,0.08130370825529099,0.07624507695436478,1.203029751777649
3500,mla_coupled,moe,123,4,9,0.021621093153953552,0.026766739785671234,1.203029751777649
3500,mla_coupled,moe,123,4,10,0.05408325046300888,0.05882612615823746,1.203029751777649
3500,mla_coupled,moe,123,4,11,0.04895385727286339,0.04745686426758766,1.203029751777649
3500,mla_coupled,moe,123,4,12,0.049888916313648224,0.05215415358543396,1.203029751777649
3500,mla_coupled,moe,123,4,13,0.09727416932582855,0.08330807834863663,1.203029751777649
3500,mla_coupled,moe,123,4,14,0.0854785144329071,0.0709734559059143,1.203029751777649
3500,mla_coupled,moe,123,4,15,0.06910522282123566,0.07003045082092285,1.203029751777649
3500,mla_coupled,moe,123,5,0,0.07722412049770355,0.07431660592556,1.6041367053985596
3500,mla_coupled,moe,123,5,1,0.07746338099241257,0.055416859686374664,1.6041367053985596
3500,mla_coupled,moe,123,5,2,0.06363159418106079,0.06564963608980179,1.6041367053985596
3500,mla_coupled,moe,123,5,3,0.054389648139476776,0.05351755768060684,1.6041367053985596
3500,mla_coupled,moe,123,5,4,0.03837768733501434,0.0497160479426384,1.6041367053985596
3500,mla_coupled,moe,123,5,5,0.050141602754592896,0.04736523702740669,1.6041367053985596
3500,mla_coupled,moe,123,5,6,0.09969238191843033,0.07607953250408173,1.6041367053985596
3500,mla_coupled,moe,123,5,7,0.07640258967876434,0.08559825271368027,1.6041367053985596
3500,mla_coupled,moe,123,5,8,0.04486450180411339,0.06373432278633118,1.6041367053985596
3500,mla_coupled,moe,123,5,9,0.11218017339706421,0.09524212777614594,1.6041367053985596
3500,mla_coupled,moe,123,5,10,0.014228515326976776,0.028260543942451477,1.6041367053985596
3500,mla_coupled,moe,123,5,11,0.03773315250873566,0.057704344391822815,1.6041367053985596
3500,mla_coupled,moe,123,5,12,0.03355590999126434,0.03227778524160385,1.6041367053985596
3500,mla_coupled,moe,123,5,13,0.068572998046875,0.08613279461860657,1.6041367053985596
3500,mla_coupled,moe,123,5,14,0.06012206897139549,0.05881420522928238,1.6041367053985596
3500,mla_coupled,moe,123,5,15,0.09141967445611954,0.07017417997121811,1.6041367053985596
4000,mla_coupled,moe,123,1,0,0.05018920823931694,0.06344521790742874,2.7128303050994873
4000,mla_coupled,moe,123,1,1,0.05921020358800888,0.0605136901140213,2.7128303050994873
4000,mla_coupled,moe,123,1,2,0.06721557676792145,0.06277018785476685,2.7128303050994873
4000,mla_coupled,moe,123,1,3,0.041661377996206284,0.060847532004117966,2.7128303050994873
4000,mla_coupled,moe,123,1,4,0.06685913354158401,0.06560847908258438,2.7128303050994873
4000,mla_coupled,moe,123,1,5,0.08138061314821243,0.06247969716787338,2.7128303050994873
4000,mla_coupled,moe,123,1,6,0.07814209163188934,0.06733305752277374,2.7128303050994873
4000,mla_coupled,moe,123,1,7,0.05207641422748566,0.0627889335155487,2.7128303050994873
4000,mla_coupled,moe,123,1,8,0.07000000029802322,0.06237166374921799,2.7128303050994873
4000,mla_coupled,moe,123,1,9,0.05439453199505806,0.06207853928208351,2.7128303050994873
4000,mla_coupled,moe,123,1,10,0.06352294981479645,0.06112803518772125,2.7128303050994873
4000,mla_coupled,moe,123,1,11,0.057518310844898224,0.06338861584663391,2.7128303050994873
4000,mla_coupled,moe,123,1,12,0.059595946222543716,0.05823828652501106,2.7128303050994873
4000,mla_coupled,moe,123,1,13,0.05452026426792145,0.06257212907075882,2.7128303050994873
4000,mla_coupled,moe,123,1,14,0.06164794787764549,0.06032678484916687,2.7128303050994873
4000,mla_coupled,moe,123,1,15,0.08206543326377869,0.06410916149616241,2.7128303050994873
4000,mla_coupled,moe,123,2,0,0.06155029311776161,0.0627022236585617,2.4448750019073486
4000,mla_coupled,moe,123,2,1,0.07071655243635178,0.0711861327290535,2.4448750019073486
4000,mla_coupled,moe,123,2,2,0.04368286207318306,0.05809878185391426,2.4448750019073486
4000,mla_coupled,moe,123,2,3,0.061335448175668716,0.05961935594677925,2.4448750019073486
4000,mla_coupled,moe,123,2,4,0.042396239936351776,0.05425490066409111,2.4448750019073486
4000,mla_coupled,moe,123,2,5,0.03683227673172951,0.05378222092986107,2.4448750019073486
4000,mla_coupled,moe,123,2,6,0.05514282360672951,0.06061284616589546,2.4448750019073486
4000,mla_coupled,moe,123,2,7,0.061467286199331284,0.05788739025592804,2.4448750019073486
4000,mla_coupled,moe,123,2,8,0.0855700671672821,0.07155923545360565,2.4448750019073486
4000,mla_coupled,moe,123,2,9,0.06504516303539276,0.06374338269233704,2.4448750019073486
4000,mla_coupled,moe,123,2,10,0.09864135831594467,0.07893309742212296,2.4448750019073486
4000,mla_coupled,moe,123,2,11,0.06998657435178757,0.0647040531039238,2.4448750019073486
4000,mla_coupled,moe,123,2,12,0.062419433146715164,0.06051928550004959,2.4448750019073486
4000,mla_coupled,moe,123,2,13,0.027202147990465164,0.04754389449954033,2.4448750019073486
4000,mla_coupled,moe,123,2,14,0.08184204250574112,0.07088585942983627,2.4448750019073486
4000,mla_coupled,moe,123,2,15,0.07616943120956421,0.06396733969449997,2.4448750019073486
4000,mla_coupled,moe,123,3,0,0.062092285603284836,0.05906695872545242,1.599177598953247
4000,mla_coupled,moe,123,3,1,0.05421631038188934,0.04696905240416527,1.599177598953247
4000,mla_coupled,moe,123,3,2,0.053242187947034836,0.057563867419958115,1.599177598953247
4000,mla_coupled,moe,123,3,3,0.07063110172748566,0.08102121204137802,1.599177598953247
4000,mla_coupled,moe,123,3,4,0.04564575105905533,0.06311177462339401,1.599177598953247
4000,mla_coupled,moe,123,3,5,0.05618530139327049,0.04928482696413994,1.599177598953247
4000,mla_coupled,moe,123,3,6,0.08832153677940369,0.07969087362289429,1.599177598953247
4000,mla_coupled,moe,123,3,7,0.065948486328125,0.09303826093673706,1.599177598953247
4000,mla_coupled,moe,123,3,8,0.047272950410842896,0.04839335381984711,1.599177598953247
4000,mla_coupled,moe,123,3,9,0.06736084073781967,0.0714004635810852,1.599177598953247
4000,mla_coupled,moe,123,3,10,0.066650390625,0.06825989484786987,1.599177598953247
4000,mla_coupled,moe,123,3,11,0.057197265326976776,0.04903803765773773,1.599177598953247
4000,mla_coupled,moe,123,3,12,0.05043334886431694,0.051264438778162,1.599177598953247
4000,mla_coupled,moe,123,3,13,0.08201415836811066,0.06487393379211426,1.599177598953247
4000,mla_coupled,moe,123,3,14,0.09556640684604645,0.07518643140792847,1.599177598953247
4000,mla_coupled,moe,123,3,15,0.03722168132662773,0.04183657467365265,1.599177598953247
4000,mla_coupled,moe,123,4,0,0.05281738191843033,0.06259072571992874,1.1776597499847412
4000,mla_coupled,moe,123,4,1,0.08574340492486954,0.10270851850509644,1.1776597499847412
4000,mla_coupled,moe,123,4,2,0.055640868842601776,0.04386289417743683,1.1776597499847412
4000,mla_coupled,moe,123,4,3,0.049217529594898224,0.04894726723432541,1.1776597499847412
4000,mla_coupled,moe,123,4,4,0.0931396484375,0.06368277221918106,1.1776597499847412
4000,mla_coupled,moe,123,4,5,0.03941650316119194,0.06276308745145798,1.1776597499847412
4000,mla_coupled,moe,123,4,6,0.033171385526657104,0.031190071254968643,1.1776597499847412
4000,mla_coupled,moe,123,4,7,0.08212035894393921,0.09617683291435242,1.1776597499847412
4000,mla_coupled,moe,123,4,8,0.08217041194438934,0.07623255997896194,1.1776597499847412
4000,mla_coupled,moe,123,4,9,0.015444335527718067,0.021234437823295593,1.1776597499847412
4000,mla_coupled,moe,123,4,10,0.060283202677965164,0.06359881162643433,1.1776597499847412
4000,mla_coupled,moe,123,4,11,0.051707763224840164,0.04971255362033844,1.1776597499847412
4000,mla_coupled,moe,123,4,12,0.050056152045726776,0.052276019006967545,1.1776597499847412
4000,mla_coupled,moe,123,4,13,0.09098999202251434,0.07967668771743774,1.1776597499847412
4000,mla_coupled,moe,123,4,14,0.09012939780950546,0.07745849341154099,1.1776597499847412
4000,mla_coupled,moe,123,4,15,0.06795165687799454,0.06788826733827591,1.1776597499847412
4000,mla_coupled,moe,123,5,0,0.07674438506364822,0.07506851851940155,1.5837807655334473
4000,mla_coupled,moe,123,5,1,0.08028320223093033,0.05840301141142845,1.5837807655334473
4000,mla_coupled,moe,123,5,2,0.06594238430261612,0.06752073019742966,1.5837807655334473
4000,mla_coupled,moe,123,5,3,0.056773681193590164,0.05695274844765663,1.5837807655334473
4000,mla_coupled,moe,123,5,4,0.037586670368909836,0.04745718836784363,1.5837807655334473
4000,mla_coupled,moe,123,5,5,0.05196167156100273,0.04978116974234581,1.5837807655334473
4000,mla_coupled,moe,123,5,6,0.097869873046875,0.0761929452419281,1.5837807655334473
4000,mla_coupled,moe,123,5,7,0.07484985142946243,0.08784766495227814,1.5837807655334473
4000,mla_coupled,moe,123,5,8,0.041351318359375,0.059533871710300446,1.5837807655334473
4000,mla_coupled,moe,123,5,9,0.110565185546875,0.09307359904050827,1.5837807655334473
4000,mla_coupled,moe,123,5,10,0.018260497599840164,0.029642170295119286,1.5837807655334473
4000,mla_coupled,moe,123,5,11,0.03996093571186066,0.0583917573094368,1.5837807655334473
4000,mla_coupled,moe,123,5,12,0.033763427287340164,0.030848275870084763,1.5837807655334473
4000,mla_coupled,moe,123,5,13,0.06728515774011612,0.08528092503547668,1.5837807655334473
4000,mla_coupled,moe,123,5,14,0.0644824206829071,0.06097770854830742,1.5837807655334473
4000,mla_coupled,moe,123,5,15,0.08231933414936066,0.06302770972251892,1.5837807655334473
4500,mla_coupled,moe,123,1,0,0.04612670838832855,0.061851099133491516,2.7093777656555176
4500,mla_coupled,moe,123,1,1,0.0685717761516571,0.0610349178314209,2.7093777656555176
4500,mla_coupled,moe,123,1,2,0.06946167349815369,0.06221158429980278,2.7093777656555176
4500,mla_coupled,moe,123,1,3,0.05406860262155533,0.061397552490234375,2.7093777656555176
4500,mla_coupled,moe,123,1,4,0.054014891386032104,0.06464473158121109,2.7093777656555176
4500,mla_coupled,moe,123,1,5,0.079620361328125,0.06312510371208191,2.7093777656555176
4500,mla_coupled,moe,123,1,6,0.051341552287340164,0.0645984634757042,2.7093777656555176
4500,mla_coupled,moe,123,1,7,0.05425170809030533,0.06310434639453888,2.7093777656555176
4500,mla_coupled,moe,123,1,8,0.07917602360248566,0.06282937526702881,2.7093777656555176
4500,mla_coupled,moe,123,1,9,0.052490234375,0.06188966706395149,2.7093777656555176
4500,mla_coupled,moe,123,1,10,0.06450683623552322,0.06269421428442001,2.7093777656555176
4500,mla_coupled,moe,123,1,11,0.05076904222369194,0.0622677356004715,2.7093777656555176
4500,mla_coupled,moe,123,1,12,0.07701171934604645,0.06134222075343132,2.7093777656555176
4500,mla_coupled,moe,123,1,13,0.060759276151657104,0.06225114315748215,2.7093777656555176
4500,mla_coupled,moe,123,1,14,0.07691162079572678,0.06255289912223816,2.7093777656555176
4500,mla_coupled,moe,123,1,15,0.060917969793081284,0.06220496818423271,2.7093777656555176
4500,mla_coupled,moe,123,2,0,0.07542846351861954,0.06731210649013519,2.4174256324768066
4500,mla_coupled,moe,123,2,1,0.05877441540360451,0.06633833050727844,2.4174256324768066
4500,mla_coupled,moe,123,2,2,0.055640868842601776,0.06169398874044418,2.4174256324768066
4500,mla_coupled,moe,123,2,3,0.04719360172748566,0.05652444064617157,2.4174256324768066
4500,mla_coupled,moe,123,2,4,0.027088623493909836,0.05101477727293968,2.4174256324768066
4500,mla_coupled,moe,123,2,5,0.04581054672598839,0.05384303256869316,2.4174256324768066
4500,mla_coupled,moe,123,2,6,0.0651843249797821,0.0640188530087471,2.4174256324768066
4500,mla_coupled,moe,123,2,7,0.07086914032697678,0.06268198043107986,2.4174256324768066
4500,mla_coupled,moe,123,2,8,0.07572753727436066,0.06423956155776978,2.4174256324768066
4500,mla_coupled,moe,123,2,9,0.07793945074081421,0.06670673191547394,2.4174256324768066
4500,mla_coupled,moe,123,2,10,0.08479003608226776,0.07233454287052155,2.4174256324768066
4500,mla_coupled,moe,123,2,11,0.07804199308156967,0.06897471845149994,2.4174256324768066
4500,mla_coupled,moe,123,2,12,0.0662548840045929,0.06354770064353943,2.4174256324768066
4500,mla_coupled,moe,123,2,13,0.03197265788912773,0.04872046038508415,2.4174256324768066
4500,mla_coupled,moe,123,2,14,0.08159790188074112,0.07207377254962921,2.4174256324768066
4500,mla_coupled,moe,123,2,15,0.057685546576976776,0.05997501313686371,2.4174256324768066
4500,mla_coupled,moe,123,3,0,0.05962524563074112,0.057151637971401215,1.5913432836532593
4500,mla_coupled,moe,123,3,1,0.058326415717601776,0.048209309577941895,1.5913432836532593
4500,mla_coupled,moe,123,3,2,0.05611816421151161,0.0618954561650753,1.5913432836532593
4500,mla_coupled,moe,123,3,3,0.07191650569438934,0.08273624628782272,1.5913432836532593
4500,mla_coupled,moe,123,3,4,0.05306030437350273,0.0625695288181305,1.5913432836532593
4500,mla_coupled,moe,123,3,5,0.05255493149161339,0.049414101988077164,1.5913432836532593
4500,mla_coupled,moe,123,3,6,0.08673095703125,0.07742423564195633,1.5913432836532593
4500,mla_coupled,moe,123,3,7,0.06510498374700546,0.09273400902748108,1.5913432836532593
4500,mla_coupled,moe,123,3,8,0.04787964001297951,0.048890452831983566,1.5913432836532593
4500,mla_coupled,moe,123,3,9,0.06593994051218033,0.0702420100569725,1.5913432836532593
4500,mla_coupled,moe,123,3,10,0.0672924816608429,0.07109753787517548,1.5913432836532593
4500,mla_coupled,moe,123,3,11,0.05667968839406967,0.04923178255558014,1.5913432836532593
4500,mla_coupled,moe,123,3,12,0.04787841811776161,0.048490166664123535,1.5913432836532593
4500,mla_coupled,moe,123,3,13,0.07339844107627869,0.05837162584066391,1.5913432836532593
4500,mla_coupled,moe,123,3,14,0.10234130918979645,0.08080925047397614,1.5913432836532593
4500,mla_coupled,moe,123,3,15,0.03515258803963661,0.040732622146606445,1.5913432836532593
4500,mla_coupled,moe,123,4,0,0.05119018629193306,0.061264656484127045,1.2150189876556396
4500,mla_coupled,moe,123,4,1,0.08451171964406967,0.0981316864490509,1.2150189876556396
4500,mla_coupled,moe,123,4,2,0.05871338024735451,0.04526297003030777,1.2150189876556396
4500,mla_coupled,moe,123,4,3,0.046867676079273224,0.04801982268691063,1.2150189876556396
4500,mla_coupled,moe,123,4,4,0.09260497987270355,0.06358937174081802,1.2150189876556396
4500,mla_coupled,moe,123,4,5,0.03810790926218033,0.061242591589689255,1.2150189876556396
4500,mla_coupled,moe,123,4,6,0.03186401352286339,0.0313233956694603,1.2150189876556396
4500,mla_coupled,moe,123,4,7,0.07951416075229645,0.09383490681648254,1.2150189876556396
4500,mla_coupled,moe,123,4,8,0.0839831531047821,0.07920604944229126,1.2150189876556396
4500,mla_coupled,moe,123,4,9,0.019193114712834358,0.024662230163812637,1.2150189876556396
4500,mla_coupled,moe,123,4,10,0.05917602404952049,0.06269709020853043,1.2150189876556396
4500,mla_coupled,moe,123,4,11,0.048939209431409836,0.04871619865298271,1.2150189876556396
4500,mla_coupled,moe,123,4,12,0.05130615085363388,0.054178301244974136,1.2150189876556396
4500,mla_coupled,moe,123,4,13,0.09328979253768921,0.08103715628385544,1.2150189876556396
4500,mla_coupled,moe,123,4,14,0.09361816197633743,0.07939135283231735,1.2150189876556396
4500,mla_coupled,moe,123,4,15,0.06712035834789276,0.06744223088026047,1.2150189876556396
4500,mla_coupled,moe,123,5,0,0.07596801966428757,0.07601219415664673,1.587228536605835
4500,mla_coupled,moe,123,5,1,0.07815185189247131,0.05840802192687988,1.587228536605835
4500,mla_coupled,moe,123,5,2,0.06882446259260178,0.07032382488250732,1.587228536605835
4500,mla_coupled,moe,123,5,3,0.05889648571610451,0.05733019858598709,1.587228536605835
4500,mla_coupled,moe,123,5,4,0.03524414077401161,0.047154512256383896,1.587228536605835
4500,mla_coupled,moe,123,5,5,0.04577026516199112,0.044874951243400574,1.587228536605835
4500,mla_coupled,moe,123,5,6,0.10020873695611954,0.07861238718032837,1.587228536605835
4500,mla_coupled,moe,123,5,7,0.07644043117761612,0.08960672467947006,1.587228536605835
4500,mla_coupled,moe,123,5,8,0.03986938297748566,0.05821803957223892,1.587228536605835
4500,mla_coupled,moe,123,5,9,0.11634155362844467,0.09904943406581879,1.587228536605835
4500,mla_coupled,moe,123,5,10,0.02558227628469467,0.03320709615945816,1.587228536605835
4500,mla_coupled,moe,123,5,11,0.03676757961511612,0.056285519152879715,1.587228536605835
4500,mla_coupled,moe,123,5,12,0.028745116665959358,0.026224493980407715,1.587228536605835
4500,mla_coupled,moe,123,5,13,0.06660278141498566,0.0808204934000969,1.587228536605835
4500,mla_coupled,moe,123,5,14,0.06406738609075546,0.060095883905887604,1.587228536605835
4500,mla_coupled,moe,123,5,15,0.08251953125,0.06377627700567245,1.587228536605835
5000,mla_coupled,moe,123,1,0,0.05445312336087227,0.06315426528453827,2.706817388534546
5000,mla_coupled,moe,123,1,1,0.04829590022563934,0.060283247381448746,2.706817388534546
5000,mla_coupled,moe,123,1,2,0.07961059361696243,0.06297354400157928,2.706817388534546
5000,mla_coupled,moe,123,1,3,0.047034911811351776,0.0601821132004261,2.706817388534546
5000,mla_coupled,moe,123,1,4,0.044621583074331284,0.06296061724424362,2.706817388534546
5000,mla_coupled,moe,123,1,5,0.07321655005216599,0.062413401901721954,2.706817388534546
5000,mla_coupled,moe,123,1,6,0.06462524086236954,0.06734459102153778,2.706817388534546
5000,mla_coupled,moe,123,1,7,0.06492309272289276,0.0642501562833786,2.706817388534546
5000,mla_coupled,moe,123,1,8,0.06872925162315369,0.06255695223808289,2.706817388534546
5000,mla_coupled,moe,123,1,9,0.05776367336511612,0.06273842602968216,2.706817388534546
5000,mla_coupled,moe,123,1,10,0.07017090171575546,0.0629279837012291,2.706817388534546
5000,mla_coupled,moe,123,1,11,0.05281371995806694,0.060735851526260376,2.706817388534546
5000,mla_coupled,moe,123,1,12,0.0733935534954071,0.0621364563703537,2.706817388534546
5000,mla_coupled,moe,123,1,13,0.06203002855181694,0.0625346302986145,2.706817388534546
5000,mla_coupled,moe,123,1,14,0.07045898586511612,0.0627833679318428,2.706817388534546
5000,mla_coupled,moe,123,1,15,0.06785888969898224,0.06002441793680191,2.706817388534546
5000,mla_coupled,moe,123,2,0,0.06338745355606079,0.0623493567109108,2.376751184463501
5000,mla_coupled,moe,123,2,1,0.06388061493635178,0.06928649544715881,2.376751184463501
5000,mla_coupled,moe,123,2,2,0.07252807915210724,0.06563404202461243,2.376751184463501
5000,mla_coupled,moe,123,2,3,0.05591674894094467,0.05655932053923607,2.376751184463501
5000,mla_coupled,moe,123,2,4,0.034001465886831284,0.04928475245833397,2.376751184463501
5000,mla_coupled,moe,123,2,5,0.024295654147863388,0.04713292419910431,2.376751184463501
5000,mla_coupled,moe,123,2,6,0.05948119983077049,0.06396665424108505,2.376751184463501
5000,mla_coupled,moe,123,2,7,0.06391357630491257,0.06065540760755539,2.376751184463501
5000,mla_coupled,moe,123,2,8,0.08976440131664276,0.07467295229434967,2.376751184463501
5000,mla_coupled,moe,123,2,9,0.06548705697059631,0.06305480748414993,2.376751184463501
5000,mla_coupled,moe,123,2,10,0.08904541283845901,0.07742013782262802,2.376751184463501
5000,mla_coupled,moe,123,2,11,0.07764159888029099,0.06638921052217484,2.376751184463501
5000,mla_coupled,moe,123,2,12,0.06306518614292145,0.06259282678365707,2.376751184463501
5000,mla_coupled,moe,123,2,13,0.036652833223342896,0.048158373683691025,2.376751184463501
5000,mla_coupled,moe,123,2,14,0.07698364555835724,0.06920236349105835,2.376751184463501
5000,mla_coupled,moe,123,2,15,0.06395507603883743,0.06364036351442337,2.376751184463501
5000,mla_coupled,moe,123,3,0,0.059357911348342896,0.05867541953921318,1.588133692741394
5000,mla_coupled,moe,123,3,1,0.05338745191693306,0.04560228809714317,1.588133692741394
5000,mla_coupled,moe,123,3,2,0.05544433742761612,0.06093590334057808,1.588133692741394
5000,mla_coupled,moe,123,3,3,0.07313476502895355,0.08421438187360764,1.588133692741394
5000,mla_coupled,moe,123,3,4,0.05873046815395355,0.06481709331274033,1.588133692741394
5000,mla_coupled,moe,123,3,5,0.04869140684604645,0.04753676429390907,1.588133692741394
5000,mla_coupled,moe,123,3,6,0.08634521812200546,0.07476947456598282,1.588133692741394
5000,mla_coupled,moe,123,3,7,0.06282470375299454,0.09129547327756882,1.588133692741394
5000,mla_coupled,moe,123,3,8,0.04022216796875,0.044323455542325974,1.588133692741394
5000,mla_coupled,moe,123,3,9,0.06853760033845901,0.07366961985826492,1.588133692741394
5000,mla_coupled,moe,123,3,10,0.06979736685752869,0.0725778117775917,1.588133692741394
5000,mla_coupled,moe,123,3,11,0.060139160603284836,0.05199453979730606,1.588133692741394
5000,mla_coupled,moe,123,3,12,0.05047851428389549,0.04951881244778633,1.588133692741394
5000,mla_coupled,moe,123,3,13,0.07896606624126434,0.06213218718767166,1.588133692741394
5000,mla_coupled,moe,123,3,14,0.09678344428539276,0.07660028338432312,1.588133692741394
5000,mla_coupled,moe,123,3,15,0.037159424275159836,0.04133649170398712,1.588133692741394
5000,mla_coupled,moe,123,4,0,0.05382690578699112,0.06389322131872177,1.1947951316833496
5000,mla_coupled,moe,123,4,1,0.0861499011516571,0.09911558777093887,1.1947951316833496
5000,mla_coupled,moe,123,4,2,0.05183471739292145,0.04251311719417572,1.1947951316833496
5000,mla_coupled,moe,123,4,3,0.045787353068590164,0.047888487577438354,1.1947951316833496
5000,mla_coupled,moe,123,4,4,0.08602050691843033,0.060654573142528534,1.1947951316833496
5000,mla_coupled,moe,123,4,5,0.03705688565969467,0.060510776937007904,1.1947951316833496
5000,mla_coupled,moe,123,4,6,0.03468994051218033,0.03171340003609657,1.1947951316833496
5000,mla_coupled,moe,123,4,7,0.07624633610248566,0.08712972700595856,1.1947951316833496
5000,mla_coupled,moe,123,4,8,0.08425415307283401,0.07819005101919174,1.1947951316833496
5000,mla_coupled,moe,123,4,9,0.017269287258386612,0.02345442958176136,1.1947951316833496
5000,mla_coupled,moe,123,4,10,0.060078125447034836,0.061425596475601196,1.1947951316833496
5000,mla_coupled,moe,123,4,11,0.05524536222219467,0.05508778989315033,1.1947951316833496
5000,mla_coupled,moe,123,4,12,0.05408935621380806,0.056772276759147644,1.1947951316833496
5000,mla_coupled,moe,123,4,13,0.0971081554889679,0.08456435054540634,1.1947951316833496
5000,mla_coupled,moe,123,4,14,0.0903918445110321,0.07603371143341064,1.1947951316833496
5000,mla_coupled,moe,123,4,15,0.06995116919279099,0.07105285674333572,1.1947951316833496
5000,mla_coupled,moe,123,5,0,0.0809326171875,0.07865282148122787,1.5789673328399658
5000,mla_coupled,moe,123,5,1,0.08214599639177322,0.061789389699697495,1.5789673328399658
5000,mla_coupled,moe,123,5,2,0.06605835258960724,0.06943103671073914,1.5789673328399658
5000,mla_coupled,moe,123,5,3,0.05908813327550888,0.05866327881813049,1.5789673328399658
5000,mla_coupled,moe,123,5,4,0.03474609553813934,0.044953811913728714,1.5789673328399658
5000,mla_coupled,moe,123,5,5,0.04562133923172951,0.043029360473155975,1.5789673328399658
5000,mla_coupled,moe,123,5,6,0.09641845524311066,0.07264092564582825,1.5789673328399658
5000,mla_coupled,moe,123,5,7,0.07926513999700546,0.09271346032619476,1.5789673328399658
5000,mla_coupled,moe,123,5,8,0.04163818433880806,0.06061973050236702,1.5789673328399658
5000,mla_coupled,moe,123,5,9,0.10491943359375,0.0900234580039978,1.5789673328399658
5000,mla_coupled,moe,123,5,10,0.022336425259709358,0.032460641115903854,1.5789673328399658
5000,mla_coupled,moe,123,5,11,0.03689331188797951,0.056388746947050095,1.5789673328399658
5000,mla_coupled,moe,123,5,12,0.036597900092601776,0.0318654328584671,1.5789673328399658
5000,mla_coupled,moe,123,5,13,0.06664551049470901,0.08175065368413925,1.5789673328399658
5000,mla_coupled,moe,123,5,14,0.06616577506065369,0.061482612043619156,1.5789673328399658
5000,mla_coupled,moe,123,5,15,0.08052734285593033,0.06353459507226944,1.5789673328399658
5500,mla_coupled,moe,123,1,0,0.05276123061776161,0.06271780282258987,2.704227924346924
5500,mla_coupled,moe,123,1,1,0.06614379584789276,0.061786238104104996,2.704227924346924
5500,mla_coupled,moe,123,1,2,0.06665527075529099,0.06283354759216309,2.704227924346924
5500,mla_coupled,moe,123,1,3,0.04623657092452049,0.06043966859579086,2.704227924346924
5500,mla_coupled,moe,123,1,4,0.057701416313648224,0.0640438050031662,2.704227924346924
5500,mla_coupled,moe,123,1,5,0.05977172777056694,0.06018378213047981,2.704227924346924
5500,mla_coupled,moe,123,1,6,0.06652465462684631,0.06554154306650162,2.704227924346924
5500,mla_coupled,moe,123,1,7,0.04612548649311066,0.06200871989130974,2.704227924346924
5500,mla_coupled,moe,123,1,8,0.07340209931135178,0.06323806941509247,2.704227924346924
5500,mla_coupled,moe,123,1,9,0.06807983666658401,0.06330642849206924,2.704227924346924
5500,mla_coupled,moe,123,1,10,0.0742175281047821,0.0638590157032013,2.704227924346924
5500,mla_coupled,moe,123,1,11,0.06386718899011612,0.061935991048812866,2.704227924346924
5500,mla_coupled,moe,123,1,12,0.08263672143220901,0.06111885607242584,2.704227924346924
5500,mla_coupled,moe,123,1,13,0.07185912877321243,0.06504866480827332,2.704227924346924
5500,mla_coupled,moe,123,1,14,0.06411255151033401,0.06211387738585472,2.704227924346924
5500,mla_coupled,moe,123,1,15,0.03990478441119194,0.059824034571647644,2.704227924346924
5500,mla_coupled,moe,123,2,0,0.06241210922598839,0.06312201172113419,2.3472046852111816
5500,mla_coupled,moe,123,2,1,0.06361450254917145,0.06988096982240677,2.3472046852111816
5500,mla_coupled,moe,123,2,2,0.06284301728010178,0.0626780241727829,2.3472046852111816
5500,mla_coupled,moe,123,2,3,0.059935301542282104,0.05745858699083328,2.3472046852111816
5500,mla_coupled,moe,123,2,4,0.03552856296300888,0.05036342516541481,2.3472046852111816
5500,mla_coupled,moe,123,2,5,0.04812866076827049,0.053038593381643295,2.3472046852111816
5500,mla_coupled,moe,123,2,6,0.05970825254917145,0.0628151074051857,2.3472046852111816
5500,mla_coupled,moe,123,2,7,0.05947265774011612,0.05871377885341644,2.3472046852111816
5500,mla_coupled,moe,123,2,8,0.08046997338533401,0.07128892838954926,2.3472046852111816
5500,mla_coupled,moe,123,2,9,0.06937255710363388,0.06513528525829315,2.3472046852111816
5500,mla_coupled,moe,123,2,10,0.0875244140625,0.0774136558175087,2.3472046852111816
5500,mla_coupled,moe,123,2,11,0.07167602330446243,0.06409353017807007,2.3472046852111816
5500,mla_coupled,moe,123,2,12,0.06077758967876434,0.06205984950065613,2.3472046852111816
5500,mla_coupled,moe,123,2,13,0.035255126655101776,0.04719586670398712,2.3472046852111816
5500,mla_coupled,moe,123,2,14,0.07965942472219467,0.07057469338178635,2.3472046852111816
5500,mla_coupled,moe,123,2,15,0.06362182646989822,0.06416770070791245,2.3472046852111816
5500,mla_coupled,moe,123,3,0,0.05919799953699112,0.05766887217760086,1.5847663879394531
5500,mla_coupled,moe,123,3,1,0.059840086847543716,0.04983721673488617,1.5847663879394531
5500,mla_coupled,moe,123,3,2,0.05337768420577049,0.05819914489984512,1.5847663879394531
5500,mla_coupled,moe,123,3,3,0.07297607511281967,0.08137468993663788,1.5847663879394531
5500,mla_coupled,moe,123,3,4,0.06080322340130806,0.06530147790908813,1.5847663879394531
5500,mla_coupled,moe,123,3,5,0.04886840656399727,0.05003460496664047,1.5847663879394531
5500,mla_coupled,moe,123,3,6,0.08211425691843033,0.07354674488306046,1.5847663879394531
5500,mla_coupled,moe,123,3,7,0.06217285245656967,0.08954589068889618,1.5847663879394531
5500,mla_coupled,moe,123,3,8,0.04430175945162773,0.04719133302569389,1.5847663879394531
5500,mla_coupled,moe,123,3,9,0.06717406958341599,0.07209780067205429,1.5847663879394531
5500,mla_coupled,moe,123,3,10,0.07019775360822678,0.07270705699920654,1.5847663879394531
5500,mla_coupled,moe,123,3,11,0.05564941465854645,0.048782363533973694,1.5847663879394531
5500,mla_coupled,moe,123,3,12,0.04813842847943306,0.04912569373846054,1.5847663879394531
5500,mla_coupled,moe,123,3,13,0.07709228247404099,0.061414822936058044,1.5847663879394531
5500,mla_coupled,moe,123,3,14,0.09930907934904099,0.07960820943117142,1.5847663879394531
5500,mla_coupled,moe,123,3,15,0.038786619901657104,0.04356405884027481,1.5847663879394531
5500,mla_coupled,moe,123,4,0,0.04910522326827049,0.0602581687271595,1.1953991651535034
5500,mla_coupled,moe,123,4,1,0.08555297553539276,0.09532605856657028,1.1953991651535034
5500,mla_coupled,moe,123,4,2,0.056770019233226776,0.047641072422266006,1.1953991651535034
5500,mla_coupled,moe,123,4,3,0.04364257678389549,0.04577699676156044,1.1953991651535034
5500,mla_coupled,moe,123,4,4,0.09178588539361954,0.06578768044710159,1.1953991651535034
5500,mla_coupled,moe,123,4,5,0.036802977323532104,0.05982210114598274,1.1953991651535034
5500,mla_coupled,moe,123,4,6,0.03395385667681694,0.03363734856247902,1.1953991651535034
5500,mla_coupled,moe,123,4,7,0.07942505180835724,0.09166353195905685,1.1953991651535034
5500,mla_coupled,moe,123,4,8,0.08370605111122131,0.07801252603530884,1.1953991651535034
5500,mla_coupled,moe,123,4,9,0.020170899108052254,0.025192003697156906,1.1953991651535034
5500,mla_coupled,moe,123,4,10,0.058409422636032104,0.06249082460999489,1.1953991651535034
5500,mla_coupled,moe,123,4,11,0.05439087003469467,0.05383283644914627,1.1953991651535034
5500,mla_coupled,moe,123,4,12,0.052814941853284836,0.05428019165992737,1.1953991651535034
5500,mla_coupled,moe,123,4,13,0.09575561434030533,0.07948844879865646,1.1953991651535034
5500,mla_coupled,moe,123,4,14,0.09005981683731079,0.07817134261131287,1.1953991651535034
5500,mla_coupled,moe,123,4,15,0.06765380501747131,0.06861893832683563,1.1953991651535034
5500,mla_coupled,moe,123,5,0,0.08114990592002869,0.07843997329473495,1.5612834692001343
5500,mla_coupled,moe,123,5,1,0.07529174536466599,0.05537974461913109,1.5612834692001343
5500,mla_coupled,moe,123,5,2,0.06956298649311066,0.07195819169282913,1.5612834692001343
5500,mla_coupled,moe,123,5,3,0.05923095718026161,0.05779478698968887,1.5612834692001343
5500,mla_coupled,moe,123,5,4,0.03751464933156967,0.04938417300581932,1.5612834692001343
5500,mla_coupled,moe,123,5,5,0.04819335788488388,0.046502795070409775,1.5612834692001343
5500,mla_coupled,moe,123,5,6,0.10176391899585724,0.07991370558738708,1.5612834692001343
5500,mla_coupled,moe,123,5,7,0.07841918617486954,0.09085193276405334,1.5612834692001343
5500,mla_coupled,moe,123,5,8,0.042408447712659836,0.060970865190029144,1.5612834692001343
5500,mla_coupled,moe,123,5,9,0.10712402313947678,0.09051400423049927,1.5612834692001343
5500,mla_coupled,moe,123,5,10,0.020533448085188866,0.02949129045009613,1.5612834692001343
5500,mla_coupled,moe,123,5,11,0.03646484389901161,0.05557703599333763,1.5612834692001343
5500,mla_coupled,moe,123,5,12,0.03028198331594467,0.027985328808426857,1.5612834692001343
5500,mla_coupled,moe,123,5,13,0.06698974967002869,0.08169779926538467,1.5612834692001343
5500,mla_coupled,moe,123,5,14,0.06377441436052322,0.06018013507127762,1.5612834692001343
5500,mla_coupled,moe,123,5,15,0.08129638433456421,0.06335827708244324,1.5612834692001343
6000,mla_coupled,moe,123,1,0,0.05817504972219467,0.062387000769376755,2.6958353519439697
6000,mla_coupled,moe,123,1,1,0.047840576618909836,0.06164456531405449,2.6958353519439697
6000,mla_coupled,moe,123,1,2,0.072784423828125,0.0641620010137558,2.6958353519439697
6000,mla_coupled,moe,123,1,3,0.06715819984674454,0.06004476174712181,2.6958353519439697
6000,mla_coupled,moe,123,1,4,0.05467407405376434,0.06347955018281937,2.6958353519439697
6000,mla_coupled,moe,123,1,5,0.06519409269094467,0.06162968650460243,2.6958353519439697
6000,mla_coupled,moe,123,1,6,0.06569946557283401,0.06621579080820084,2.6958353519439697
6000,mla_coupled,moe,123,1,7,0.03985229507088661,0.06168339401483536,2.6958353519439697
6000,mla_coupled,moe,123,1,8,0.06809570640325546,0.06260786205530167,2.6958353519439697
6000,mla_coupled,moe,123,1,9,0.07073974609375,0.06461746990680695,2.6958353519439697
6000,mla_coupled,moe,123,1,10,0.0672009289264679,0.06317891925573349,2.6958353519439697
6000,mla_coupled,moe,123,1,11,0.06212524324655533,0.061262983828783035,2.6958353519439697
6000,mla_coupled,moe,123,1,12,0.06823363900184631,0.06183738261461258,2.6958353519439697
6000,mla_coupled,moe,123,1,13,0.057280272245407104,0.06289902329444885,2.6958353519439697
6000,mla_coupled,moe,123,1,14,0.06872314214706421,0.06294229626655579,2.6958353519439697
6000,mla_coupled,moe,123,1,15,0.06622314453125,0.059407323598861694,2.6958353519439697
6000,mla_coupled,moe,123,2,0,0.06295166164636612,0.06296063214540482,2.3311104774475098
6000,mla_coupled,moe,123,2,1,0.06304443627595901,0.07020919024944305,2.3311104774475098
6000,mla_coupled,moe,123,2,2,0.07233276218175888,0.06645195186138153,2.3311104774475098
6000,mla_coupled,moe,123,2,3,0.059672851115465164,0.05789613351225853,2.3311104774475098
6000,mla_coupled,moe,123,2,4,0.050635986030101776,0.053296174854040146,2.3311104774475098
6000,mla_coupled,moe,123,2,5,0.036835938692092896,0.05074119195342064,2.3311104774475098
6000,mla_coupled,moe,123,2,6,0.05722656100988388,0.0630287155508995,2.3311104774475098
6000,mla_coupled,moe,123,2,7,0.06365722417831421,0.06127626821398735,2.3311104774475098
6000,mla_coupled,moe,123,2,8,0.07705932855606079,0.06935348361730576,2.3311104774475098
6000,mla_coupled,moe,123,2,9,0.0655517578125,0.06511792540550232,2.3311104774475098
6000,mla_coupled,moe,123,2,10,0.08479125797748566,0.075670525431633,2.3311104774475098
6000,mla_coupled,moe,123,2,11,0.07134032994508743,0.06421949714422226,2.3311104774475098
6000,mla_coupled,moe,123,2,12,0.05738281086087227,0.05972382426261902,2.3311104774475098
6000,mla_coupled,moe,123,2,13,0.042570799589157104,0.049710050225257874,2.3311104774475098
6000,mla_coupled,moe,123,2,14,0.08121582120656967,0.07092782109975815,2.3311104774475098
6000,mla_coupled,moe,123,2,15,0.053730469197034836,0.059416621923446655,2.3311104774475098
6000,mla_coupled,moe,123,3,0,0.057963866740465164,0.057553838938474655,1.55759596824646
6000,mla_coupled,moe,123,3,1,0.05720703303813934,0.04824516922235489,1.55759596824646
6000,mla_coupled,moe,123,3,2,0.04949707165360451,0.05836418643593788,1.55759596824646
6000,mla_coupled,moe,123,3,3,0.0737927258014679,0.08516838401556015,1.55759596824646
6000,mla_coupled,moe,123,3,4,0.04991210997104645,0.06235665827989578,1.55759596824646
6000,mla_coupled,moe,123,3,5,0.05571044981479645,0.04933764785528183,1.55759596824646
6000,mla_coupled,moe,123,3,6,0.08218750357627869,0.07242293655872345,1.55759596824646
6000,mla_coupled,moe,123,3,7,0.061524659395217896,0.0884459912776947,1.55759596824646
6000,mla_coupled,moe,123,3,8,0.04882202297449112,0.0490114726126194,1.55759596824646
6000,mla_coupled,moe,123,3,9,0.06633789092302322,0.07164468616247177,1.55759596824646
6000,mla_coupled,moe,123,3,10,0.06687866151332855,0.06916966289281845,1.55759596824646
6000,mla_coupled,moe,123,3,11,0.05802001804113388,0.050197288393974304,1.55759596824646
6000,mla_coupled,moe,123,3,12,0.053901366889476776,0.05179647356271744,1.55759596824646
6000,mla_coupled,moe,123,3,13,0.08077026158571243,0.06464508175849915,1.55759596824646
6000,mla_coupled,moe,123,3,14,0.10230834782123566,0.08130939304828644,1.55759596824646
6000,mla_coupled,moe,123,3,15,0.03516601398587227,0.0403311625123024,1.55759596824646
6000,mla_coupled,moe,123,4,0,0.052943114191293716,0.06372961401939392,1.2086328268051147
6000,mla_coupled,moe,123,4,1,0.08551513403654099,0.09924669563770294,1.2086328268051147
6000,mla_coupled,moe,123,4,2,0.05340942367911339,0.044438425451517105,1.2086328268051147
6000,mla_coupled,moe,123,4,3,0.045463867485523224,0.047634247690439224,1.2086328268051147
6000,mla_coupled,moe,123,4,4,0.08570556342601776,0.05962885543704033,1.2086328268051147
6000,mla_coupled,moe,123,4,5,0.03856445476412773,0.06248903647065163,1.2086328268051147
6000,mla_coupled,moe,123,4,6,0.03800414875149727,0.034283071756362915,1.2086328268051147
6000,mla_coupled,moe,123,4,7,0.07682617008686066,0.08814819157123566,1.2086328268051147
6000,mla_coupled,moe,123,4,8,0.08586791902780533,0.08038648962974548,1.2086328268051147
6000,mla_coupled,moe,123,4,9,0.019707031548023224,0.02474370039999485,1.2086328268051147
6000,mla_coupled,moe,123,4,10,0.059814453125,0.06299261748790741,1.2086328268051147
6000,mla_coupled,moe,123,4,11,0.05255737155675888,0.05150124058127403,1.2086328268051147
6000,mla_coupled,moe,123,4,12,0.05424804612994194,0.05627322196960449,1.2086328268051147
6000,mla_coupled,moe,123,4,13,0.092681884765625,0.07826739549636841,1.2086328268051147
6000,mla_coupled,moe,123,4,14,0.09340088069438934,0.07916823029518127,1.2086328268051147
6000,mla_coupled,moe,123,4,15,0.06529052555561066,0.06706896424293518,1.2086328268051147
6000,mla_coupled,moe,123,5,0,0.07761474698781967,0.0766163095831871,1.574386715888977
6000,mla_coupled,moe,123,5,1,0.07895264029502869,0.059672966599464417,1.574386715888977
6000,mla_coupled,moe,123,5,2,0.06544921547174454,0.06764154136180878,1.574386715888977
6000,mla_coupled,moe,123,5,3,0.058033447712659836,0.05679585039615631,1.574386715888977
6000,mla_coupled,moe,123,5,4,0.03435669094324112,0.04659081622958183,1.574386715888977
6000,mla_coupled,moe,123,5,5,0.04875854402780533,0.046946220099925995,1.574386715888977
6000,mla_coupled,moe,123,5,6,0.10000365972518921,0.0789775401353836,1.574386715888977
6000,mla_coupled,moe,123,5,7,0.07758788764476776,0.0900520533323288,1.574386715888977
6000,mla_coupled,moe,123,5,8,0.04113525524735451,0.059627044945955276,1.574386715888977
6000,mla_coupled,moe,123,5,9,0.10713256895542145,0.08990833908319473,1.574386715888977
6000,mla_coupled,moe,123,5,10,0.02787109464406967,0.033613935112953186,1.574386715888977
6000,mla_coupled,moe,123,5,11,0.035551756620407104,0.054513368755578995,1.574386715888977
6000,mla_coupled,moe,123,5,12,0.02871093712747097,0.02687786892056465,1.574386715888977
6000,mla_coupled,moe,123,5,13,0.06876709312200546,0.0828152745962143,1.574386715888977
6000,mla_coupled,moe,123,5,14,0.06199829280376434,0.060945525765419006,1.574386715888977
6000,mla_coupled,moe,123,5,15,0.08807617425918579,0.06840534508228302,1.574386715888977
6500,mla_coupled,moe,123,1,0,0.06184570491313934,0.06447825580835342,2.689227819442749
6500,mla_coupled,moe,123,1,1,0.0663745105266571,0.0611024871468544,2.689227819442749
6500,mla_coupled,moe,123,1,2,0.07213135063648224,0.06398603320121765,2.689227819442749
6500,mla_coupled,moe,123,1,3,0.048656005412340164,0.05843544006347656,2.689227819442749
6500,mla_coupled,moe,123,1,4,0.07880981266498566,0.06433000415563583,2.689227819442749
6500,mla_coupled,moe,123,1,5,0.06749633699655533,0.0623662993311882,2.689227819442749
6500,mla_coupled,moe,123,1,6,0.07741577178239822,0.06751132756471634,2.689227819442749
6500,mla_coupled,moe,123,1,7,0.0715954601764679,0.06307043880224228,2.689227819442749
6500,mla_coupled,moe,123,1,8,0.064697265625,0.06252212822437286,2.689227819442749
6500,mla_coupled,moe,123,1,9,0.05038208141922951,0.06259196251630783,2.689227819442749
6500,mla_coupled,moe,123,1,10,0.07307372987270355,0.06335797905921936,2.689227819442749
6500,mla_coupled,moe,123,1,11,0.03617797791957855,0.05937141925096512,2.689227819442749
6500,mla_coupled,moe,123,1,12,0.06577758491039276,0.06229512393474579,2.689227819442749
6500,mla_coupled,moe,123,1,13,0.05222167819738388,0.06258469820022583,2.689227819442749
6500,mla_coupled,moe,123,1,14,0.0656750500202179,0.06351345777511597,2.689227819442749
6500,mla_coupled,moe,123,1,15,0.047669678926467896,0.05848291888833046,2.689227819442749
6500,mla_coupled,moe,123,2,0,0.06308349967002869,0.06375003606081009,2.2994725704193115
6500,mla_coupled,moe,123,2,1,0.059840086847543716,0.06680743396282196,2.2994725704193115
6500,mla_coupled,moe,123,2,2,0.062193602323532104,0.0637228712439537,2.2994725704193115
6500,mla_coupled,moe,123,2,3,0.07244506478309631,0.061437249183654785,2.2994725704193115
6500,mla_coupled,moe,123,2,4,0.027393799275159836,0.0446028895676136,2.2994725704193115
6500,mla_coupled,moe,123,2,5,0.03322387859225273,0.04732678085565567,2.2994725704193115
6500,mla_coupled,moe,123,2,6,0.05909667909145355,0.06381870061159134,2.2994725704193115
6500,mla_coupled,moe,123,2,7,0.06019531190395355,0.058714013546705246,2.2994725704193115
6500,mla_coupled,moe,123,2,8,0.08024413883686066,0.07237588614225388,2.2994725704193115
6500,mla_coupled,moe,123,2,9,0.06531249731779099,0.06530982255935669,2.2994725704193115
6500,mla_coupled,moe,123,2,10,0.08585693687200546,0.07751278579235077,2.2994725704193115
6500,mla_coupled,moe,123,2,11,0.07260498404502869,0.06444084644317627,2.2994725704193115
6500,mla_coupled,moe,123,2,12,0.06011596694588661,0.06357645243406296,2.2994725704193115
6500,mla_coupled,moe,123,2,13,0.048430174589157104,0.05033421888947487,2.2994725704193115
6500,mla_coupled,moe,123,2,14,0.08090697973966599,0.07245071232318878,2.2994725704193115
6500,mla_coupled,moe,123,2,15,0.06905639916658401,0.0638192892074585,2.2994725704193115
6500,mla_coupled,moe,123,3,0,0.05743042007088661,0.05774099379777908,1.5575530529022217
6500,mla_coupled,moe,123,3,1,0.05474853515625,0.046971309930086136,1.5575530529022217
6500,mla_coupled,moe,123,3,2,0.05744750797748566,0.0619233138859272,1.5575530529022217
6500,mla_coupled,moe,123,3,3,0.07338500767946243,0.08230787515640259,1.5575530529022217
6500,mla_coupled,moe,123,3,4,0.05173095688223839,0.06374374777078629,1.5575530529022217
6500,mla_coupled,moe,123,3,5,0.05637206882238388,0.04904056712985039,1.5575530529022217
6500,mla_coupled,moe,123,3,6,0.08368530124425888,0.07396039366722107,1.5575530529022217
6500,mla_coupled,moe,123,3,7,0.06419067084789276,0.08942064642906189,1.5575530529022217
6500,mla_coupled,moe,123,3,8,0.05161132663488388,0.05079322308301926,1.5575530529022217
6500,mla_coupled,moe,123,3,9,0.06733764708042145,0.07218130677938461,1.5575530529022217
6500,mla_coupled,moe,123,3,10,0.0726635754108429,0.07535400241613388,1.5575530529022217
6500,mla_coupled,moe,123,3,11,0.05671020597219467,0.04958021640777588,1.5575530529022217
6500,mla_coupled,moe,123,3,12,0.041322022676467896,0.044191110879182816,1.5575530529022217
6500,mla_coupled,moe,123,3,13,0.076904296875,0.06188478320837021,1.5575530529022217
6500,mla_coupled,moe,123,3,14,0.09709594398736954,0.07865656912326813,1.5575530529022217
6500,mla_coupled,moe,123,3,15,0.037364501506090164,0.04224993288516998,1.5575530529022217
6500,mla_coupled,moe,123,4,0,0.05371703952550888,0.0655113086104393,1.195957899093628
6500,mla_coupled,moe,123,4,1,0.08795410394668579,0.10176269710063934,1.195957899093628
6500,mla_coupled,moe,123,4,2,0.05233398452401161,0.04381658136844635,1.195957899093628
6500,mla_coupled,moe,123,4,3,0.04477783292531967,0.04710594192147255,1.195957899093628
6500,mla_coupled,moe,123,4,4,0.08593017607927322,0.0619509220123291,1.195957899093628
6500,mla_coupled,moe,123,4,5,0.036784667521715164,0.06043456867337227,1.195957899093628
6500,mla_coupled,moe,123,4,6,0.036469727754592896,0.03406139090657234,1.195957899093628
6500,mla_coupled,moe,123,4,7,0.07400879263877869,0.08335787057876587,1.195957899093628
6500,mla_coupled,moe,123,4,8,0.08800537139177322,0.07895952463150024,1.195957899093628
6500,mla_coupled,moe,123,4,9,0.018039550632238388,0.022781867533922195,1.195957899093628
6500,mla_coupled,moe,123,4,10,0.061534423381090164,0.06476602703332901,1.195957899093628
6500,mla_coupled,moe,123,4,11,0.05119995027780533,0.05259348452091217,1.195957899093628
6500,mla_coupled,moe,123,4,12,0.05216064304113388,0.054836343973875046,1.195957899093628
6500,mla_coupled,moe,123,4,13,0.0975048840045929,0.08172927051782608,1.195957899093628
6500,mla_coupled,moe,123,4,14,0.08927368372678757,0.07547900825738907,1.195957899093628
6500,mla_coupled,moe,123,4,15,0.07030517607927322,0.07085321098566055,1.195957899093628
6500,mla_coupled,moe,123,5,0,0.07810790836811066,0.07775398343801498,1.5570781230926514
6500,mla_coupled,moe,123,5,1,0.07781494408845901,0.058988627046346664,1.5570781230926514
6500,mla_coupled,moe,123,5,2,0.06549560278654099,0.06855066120624542,1.5570781230926514
6500,mla_coupled,moe,123,5,3,0.05706176906824112,0.056797657161951065,1.5570781230926514
6500,mla_coupled,moe,123,5,4,0.03342285007238388,0.044923581182956696,1.5570781230926514
6500,mla_coupled,moe,123,5,5,0.045795898884534836,0.043997373431921005,1.5570781230926514
6500,mla_coupled,moe,123,5,6,0.10363402962684631,0.08037900924682617,1.5570781230926514
6500,mla_coupled,moe,123,5,7,0.07740356773138046,0.09039215743541718,1.5570781230926514
6500,mla_coupled,moe,123,5,8,0.045433349907398224,0.06385712325572968,1.5570781230926514
6500,mla_coupled,moe,123,5,9,0.10740356147289276,0.09213586896657944,1.5570781230926514
6500,mla_coupled,moe,123,5,10,0.030124511569738388,0.033702075481414795,1.5570781230926514
6500,mla_coupled,moe,123,5,11,0.03671020641922951,0.05552346631884575,1.5570781230926514
6500,mla_coupled,moe,123,5,12,0.029468994587659836,0.02668507769703865,1.5570781230926514
6500,mla_coupled,moe,123,5,13,0.06832153350114822,0.081105537712574,1.5570781230926514
6500,mla_coupled,moe,123,5,14,0.06284301728010178,0.060629669576883316,1.5570781230926514
6500,mla_coupled,moe,123,5,15,0.08095825463533401,0.06457814574241638,1.5570781230926514
7000,mla_coupled,moe,123,1,0,0.04723144695162773,0.061231039464473724,2.685464859008789
7000,mla_coupled,moe,123,1,1,0.058269042521715164,0.061850883066654205,2.685464859008789
7000,mla_coupled,moe,123,1,2,0.06732422113418579,0.06344214081764221,2.685464859008789
7000,mla_coupled,moe,123,1,3,0.0746167004108429,0.06056126952171326,2.685464859008789
7000,mla_coupled,moe,123,1,4,0.0582275390625,0.06372160464525223,2.685464859008789
7000,mla_coupled,moe,123,1,5,0.061335448175668716,0.060799017548561096,2.685464859008789
7000,mla_coupled,moe,123,1,6,0.07951781898736954,0.06755656003952026,2.685464859008789
7000,mla_coupled,moe,123,1,7,0.04774658381938934,0.0623466856777668,2.685464859008789
7000,mla_coupled,moe,123,1,8,0.07191284000873566,0.06490011513233185,2.685464859008789
7000,mla_coupled,moe,123,1,9,0.06265746802091599,0.06426210701465607,2.685464859008789
7000,mla_coupled,moe,123,1,10,0.07042602449655533,0.06148173287510872,2.685464859008789
7000,mla_coupled,moe,123,1,11,0.05519409105181694,0.060839276760816574,2.685464859008789
7000,mla_coupled,moe,123,1,12,0.06465942412614822,0.06164420768618584,2.685464859008789
7000,mla_coupled,moe,123,1,13,0.05318969860672951,0.06332308053970337,2.685464859008789
7000,mla_coupled,moe,123,1,14,0.06965698301792145,0.06279439479112625,2.685464859008789
7000,mla_coupled,moe,123,1,15,0.05803466960787773,0.05924586206674576,2.685464859008789
7000,mla_coupled,moe,123,2,0,0.05377807468175888,0.060201700776815414,2.2770273685455322
7000,mla_coupled,moe,123,2,1,0.05849365144968033,0.06837423145771027,2.2770273685455322
7000,mla_coupled,moe,123,2,2,0.06649413704872131,0.06632114201784134,2.2770273685455322
7000,mla_coupled,moe,123,2,3,0.06632812321186066,0.059497371315956116,2.2770273685455322
7000,mla_coupled,moe,123,2,4,0.03899536281824112,0.048860061913728714,2.2770273685455322
7000,mla_coupled,moe,123,2,5,0.045997314155101776,0.0514279268682003,2.2770273685455322
7000,mla_coupled,moe,123,2,6,0.06014648452401161,0.06504158675670624,2.2770273685455322
7000,mla_coupled,moe,123,2,7,0.05981201305985451,0.0589812807738781,2.2770273685455322
7000,mla_coupled,moe,123,2,8,0.07436767220497131,0.06770820915699005,2.2770273685455322
7000,mla_coupled,moe,123,2,9,0.064971923828125,0.06376895308494568,2.2770273685455322
7000,mla_coupled,moe,123,2,10,0.08593017607927322,0.07961657643318176,2.2770273685455322
7000,mla_coupled,moe,123,2,11,0.07022704929113388,0.06391432881355286,2.2770273685455322
7000,mla_coupled,moe,123,2,12,0.058952637016773224,0.062450069934129715,2.2770273685455322
7000,mla_coupled,moe,123,2,13,0.04543212801218033,0.04981432482600212,2.2770273685455322
7000,mla_coupled,moe,123,2,14,0.08350341767072678,0.0725262239575386,2.2770273685455322
7000,mla_coupled,moe,123,2,15,0.06656982749700546,0.061495985835790634,2.2770273685455322
7000,mla_coupled,moe,123,3,0,0.05688720569014549,0.057220183312892914,1.5573039054870605
7000,mla_coupled,moe,123,3,1,0.05971069261431694,0.04986986517906189,1.5573039054870605
7000,mla_coupled,moe,123,3,2,0.047626953572034836,0.056098733097314835,1.5573039054870605
7000,mla_coupled,moe,123,3,3,0.07254760712385178,0.08035214245319366,1.5573039054870605
7000,mla_coupled,moe,123,3,4,0.05425659194588661,0.06547365337610245,1.5573039054870605
7000,mla_coupled,moe,123,3,5,0.06148071214556694,0.05246777832508087,1.5573039054870605
7000,mla_coupled,moe,123,3,6,0.07915160804986954,0.07114250957965851,1.5573039054870605
7000,mla_coupled,moe,123,3,7,0.06416992098093033,0.09196292608976364,1.5573039054870605
7000,mla_coupled,moe,123,3,8,0.048594970256090164,0.04848973825573921,1.5573039054870605
7000,mla_coupled,moe,123,3,9,0.0679003894329071,0.07304798811674118,1.5573039054870605
7000,mla_coupled,moe,123,3,10,0.06513427942991257,0.06827004998922348,1.5573039054870605
7000,mla_coupled,moe,123,3,11,0.05506835877895355,0.048608750104904175,1.5573039054870605
7000,mla_coupled,moe,123,3,12,0.04829711839556694,0.049120619893074036,1.5573039054870605
7000,mla_coupled,moe,123,3,13,0.07693848013877869,0.061395734548568726,1.5573039054870605
7000,mla_coupled,moe,123,3,14,0.10035278648138046,0.08022549003362656,1.5573039054870605
7000,mla_coupled,moe,123,3,15,0.04188232496380806,0.046253856271505356,1.5573039054870605
7000,mla_coupled,moe,123,4,0,0.052039794623851776,0.06403276324272156,1.2069892883300781
7000,mla_coupled,moe,123,4,1,0.08689331263303757,0.09689503908157349,1.2069892883300781
7000,mla_coupled,moe,123,4,2,0.057850342243909836,0.04726468399167061,1.2069892883300781
7000,mla_coupled,moe,123,4,3,0.04279419034719467,0.04568944498896599,1.2069892883300781
7000,mla_coupled,moe,123,4,4,0.08598022162914276,0.06239721179008484,1.2069892883300781
7000,mla_coupled,moe,123,4,5,0.039118651300668716,0.0628892257809639,1.2069892883300781
7000,mla_coupled,moe,123,4,6,0.034782715141773224,0.03404954820871353,1.2069892883300781
7000,mla_coupled,moe,123,4,7,0.07346069067716599,0.08416878432035446,1.2069892883300781
7000,mla_coupled,moe,123,4,8,0.08702148497104645,0.07942913472652435,1.2069892883300781
7000,mla_coupled,moe,123,4,9,0.018669433891773224,0.02413366362452507,1.2069892883300781
7000,mla_coupled,moe,123,4,10,0.058787841349840164,0.06164111569523811,1.2069892883300781
7000,mla_coupled,moe,123,4,11,0.051142577081918716,0.05181388556957245,1.2069892883300781
7000,mla_coupled,moe,123,4,12,0.05536132678389549,0.05959370732307434,1.2069892883300781
7000,mla_coupled,moe,123,4,13,0.09413696080446243,0.07858144491910934,1.2069892883300781
7000,mla_coupled,moe,123,4,14,0.09071655571460724,0.07484463602304459,1.2069892883300781
7000,mla_coupled,moe,123,4,15,0.07124389708042145,0.07257573306560516,1.2069892883300781
7000,mla_coupled,moe,123,5,0,0.07790893316268921,0.0783940851688385,1.5577224493026733
7000,mla_coupled,moe,123,5,1,0.07935302704572678,0.06169698387384415,1.5577224493026733
7000,mla_coupled,moe,123,5,2,0.06474853307008743,0.06787221133708954,1.5577224493026733
7000,mla_coupled,moe,123,5,3,0.06549926847219467,0.06317455321550369,1.5577224493026733
7000,mla_coupled,moe,123,5,4,0.03515380993485451,0.046320825815200806,1.5577224493026733
7000,mla_coupled,moe,123,5,5,0.043760985136032104,0.043794501572847366,1.5577224493026733
7000,mla_coupled,moe,123,5,6,0.09866577386856079,0.0752091333270073,1.5577224493026733
7000,mla_coupled,moe,123,5,7,0.07259765267372131,0.08570070564746857,1.5577224493026733
7000,mla_coupled,moe,123,5,8,0.040874022990465164,0.06075449287891388,1.5577224493026733
7000,mla_coupled,moe,123,5,9,0.10722900182008743,0.0909215435385704,1.5577224493026733
7000,mla_coupled,moe,123,5,10,0.027995605021715164,0.033622823655605316,1.5577224493026733
7000,mla_coupled,moe,123,5,11,0.03731445223093033,0.0558958426117897,1.5577224493026733
7000,mla_coupled,moe,123,5,12,0.02883056551218033,0.026286087930202484,1.5577224493026733
7000,mla_coupled,moe,123,5,13,0.06569946557283401,0.07761432975530624,1.5577224493026733
7000,mla_coupled,moe,123,5,14,0.067657470703125,0.06384636461734772,1.5577224493026733
7000,mla_coupled,moe,123,5,15,0.08671142905950546,0.06889548152685165,1.5577224493026733
7500,mla_coupled,moe,123,1,0,0.04597289860248566,0.05996591970324516,2.679429054260254
7500,mla_coupled,moe,123,1,1,0.055305175483226776,0.05951731279492378,2.679429054260254
7500,mla_coupled,moe,123,1,2,0.06989257782697678,0.06516338139772415,2.679429054260254
7500,mla_coupled,moe,123,1,3,0.052763670682907104,0.058715902268886566,2.679429054260254
7500,mla_coupled,moe,123,1,4,0.04948364198207855,0.060609813779592514,2.679429054260254
7500,mla_coupled,moe,123,1,5,0.07208984345197678,0.06441127508878708,2.679429054260254
7500,mla_coupled,moe,123,1,6,0.0723864734172821,0.06683768332004547,2.679429054260254
7500,mla_coupled,moe,123,1,7,0.06373901665210724,0.06271366775035858,2.679429054260254
7500,mla_coupled,moe,123,1,8,0.07306762784719467,0.06533819437026978,2.679429054260254
7500,mla_coupled,moe,123,1,9,0.06730346381664276,0.06422978639602661,2.679429054260254
7500,mla_coupled,moe,123,1,10,0.07663208246231079,0.06437952071428299,2.679429054260254
7500,mla_coupled,moe,123,1,11,0.048350829631090164,0.05903637036681175,2.679429054260254
7500,mla_coupled,moe,123,1,12,0.07667114585638046,0.06403743475675583,2.679429054260254
7500,mla_coupled,moe,123,1,13,0.05043213069438934,0.0630096048116684,2.679429054260254
7500,mla_coupled,moe,123,1,14,0.07566040009260178,0.06504685431718826,2.679429054260254
7500,mla_coupled,moe,123,1,15,0.05024902522563934,0.056987255811691284,2.679429054260254
7500,mla_coupled,moe,123,2,0,0.06358764320611954,0.0643676221370697,2.253072500228882
7500,mla_coupled,moe,123,2,1,0.06108154356479645,0.06746666133403778,2.253072500228882
7500,mla_coupled,moe,123,2,2,0.05770630016922951,0.06271094083786011,2.253072500228882
7500,mla_coupled,moe,123,2,3,0.06433715671300888,0.059069324284791946,2.253072500228882
7500,mla_coupled,moe,123,2,4,0.04591552913188934,0.05092712491750717,2.253072500228882
7500,mla_coupled,moe,123,2,5,0.05399535968899727,0.05267365276813507,2.253072500228882
7500,mla_coupled,moe,123,2,6,0.054768066853284836,0.06233925372362137,2.253072500228882
7500,mla_coupled,moe,123,2,7,0.06531494110822678,0.0628935843706131,2.253072500228882
7500,mla_coupled,moe,123,2,8,0.07676635682582855,0.07170060276985168,2.253072500228882
7500,mla_coupled,moe,123,2,9,0.06224975734949112,0.0640132874250412,2.253072500228882
7500,mla_coupled,moe,123,2,10,0.08066162467002869,0.07519605755805969,2.253072500228882
7500,mla_coupled,moe,123,2,11,0.07379516959190369,0.06575283408164978,2.253072500228882
7500,mla_coupled,moe,123,2,12,0.05914062634110451,0.06280049681663513,2.253072500228882
7500,mla_coupled,moe,123,2,13,0.03485473617911339,0.04468851163983345,2.253072500228882
7500,mla_coupled,moe,123,2,14,0.07730346918106079,0.06785594671964645,2.253072500228882
7500,mla_coupled,moe,123,2,15,0.06852173060178757,0.06554413586854935,2.253072500228882
7500,mla_coupled,moe,123,3,0,0.05708862468600273,0.05894075706601143,1.5456931591033936
7500,mla_coupled,moe,123,3,1,0.059263914823532104,0.050504568964242935,1.5456931591033936
7500,mla_coupled,moe,123,3,2,0.04730224609375,0.05697032809257507,1.5456931591033936
7500,mla_coupled,moe,123,3,3,0.07329834252595901,0.08059293776750565,1.5456931591033936
7500,mla_coupled,moe,123,3,4,0.06195312365889549,0.0670456737279892,1.5456931591033936
7500,mla_coupled,moe,123,3,5,0.05534912273287773,0.05167310684919357,1.5456931591033936
7500,mla_coupled,moe,123,3,6,0.08254150301218033,0.07199117541313171,1.5456931591033936
7500,mla_coupled,moe,123,3,7,0.06175170838832855,0.0884115919470787,1.5456931591033936
7500,mla_coupled,moe,123,3,8,0.049437254667282104,0.049382105469703674,1.5456931591033936
7500,mla_coupled,moe,123,3,9,0.06684936583042145,0.07166124880313873,1.5456931591033936
7500,mla_coupled,moe,123,3,10,0.06764037907123566,0.07287713140249252,1.5456931591033936
7500,mla_coupled,moe,123,3,11,0.057133790105581284,0.04999662563204765,1.5456931591033936
7500,mla_coupled,moe,123,3,12,0.05058471858501434,0.051279328763484955,1.5456931591033936
7500,mla_coupled,moe,123,3,13,0.07394653558731079,0.0594991073012352,1.5456931591033936
7500,mla_coupled,moe,123,3,14,0.09553711116313934,0.07546927034854889,1.5456931591033936
7500,mla_coupled,moe,123,3,15,0.04032226651906967,0.04370503127574921,1.5456931591033936
7500,mla_coupled,moe,123,4,0,0.05260864272713661,0.06486092507839203,1.2066899538040161
7500,mla_coupled,moe,123,4,1,0.08543945103883743,0.09792149811983109,1.2066899538040161
7500,mla_coupled,moe,123,4,2,0.05622802674770355,0.04879098758101463,1.2066899538040161
7500,mla_coupled,moe,123,4,3,0.04307495057582855,0.046414218842983246,1.2066899538040161
7500,mla_coupled,moe,123,4,4,0.09051147103309631,0.0652911439538002,1.2066899538040161
7500,mla_coupled,moe,123,4,5,0.03877441585063934,0.06131424754858017,1.2066899538040161
7500,mla_coupled,moe,123,4,6,0.03974975645542145,0.0348019078373909,1.2066899538040161
7500,mla_coupled,moe,123,4,7,0.07763427495956421,0.08759000897407532,1.2066899538040161
7500,mla_coupled,moe,123,4,8,0.08377807587385178,0.07548114657402039,1.2066899538040161
7500,mla_coupled,moe,123,4,9,0.02238769456744194,0.02618996426463127,1.2066899538040161
7500,mla_coupled,moe,123,4,10,0.05900757014751434,0.06303193420171738,1.2066899538040161
7500,mla_coupled,moe,123,4,11,0.05245361477136612,0.05408046767115593,1.2066899538040161
7500,mla_coupled,moe,123,4,12,0.05468994006514549,0.05736615136265755,1.2066899538040161
7500,mla_coupled,moe,123,4,13,0.09168335050344467,0.07832470536231995,1.2066899538040161
7500,mla_coupled,moe,123,4,14,0.08621460199356079,0.07061361521482468,1.2066899538040161
7500,mla_coupled,moe,123,4,15,0.0657641589641571,0.06792713701725006,1.2066899538040161
7500,mla_coupled,moe,123,5,0,0.07742919772863388,0.07774646580219269,1.552720546722412
7500,mla_coupled,moe,123,5,1,0.07830322533845901,0.05931410938501358,1.552720546722412
7500,mla_coupled,moe,123,5,2,0.06807251274585724,0.06918240338563919,1.552720546722412
7500,mla_coupled,moe,123,5,3,0.06184326112270355,0.06032838299870491,1.552720546722412
7500,mla_coupled,moe,123,5,4,0.03743530437350273,0.04884367436170578,1.552720546722412
7500,mla_coupled,moe,123,5,5,0.04960815608501434,0.04746297001838684,1.552720546722412
7500,mla_coupled,moe,123,5,6,0.09891846030950546,0.07526993006467819,1.552720546722412
7500,mla_coupled,moe,123,5,7,0.07145996391773224,0.0847034752368927,1.552720546722412
7500,mla_coupled,moe,123,5,8,0.04316894710063934,0.061876676976680756,1.552720546722412
7500,mla_coupled,moe,123,5,9,0.10606200993061066,0.09022218734025955,1.552720546722412
7500,mla_coupled,moe,123,5,10,0.02600708045065403,0.03269970044493675,1.552720546722412
7500,mla_coupled,moe,123,5,11,0.036414794623851776,0.05594015121459961,1.552720546722412
7500,mla_coupled,moe,123,5,12,0.031086426228284836,0.028392458334565163,1.552720546722412
7500,mla_coupled,moe,123,5,13,0.0666516125202179,0.07795564085245132,1.552720546722412
7500,mla_coupled,moe,123,5,14,0.06250854581594467,0.06217670813202858,1.552720546722412
7500,mla_coupled,moe,123,5,15,0.08503051847219467,0.06788507103919983,1.552720546722412
8000,mla_coupled,moe,123,1,0,0.05085693299770355,0.061527520418167114,2.676326274871826
8000,mla_coupled,moe,123,1,1,0.04835815355181694,0.060386572033166885,2.676326274871826
8000,mla_coupled,moe,123,1,2,0.06897339224815369,0.06408336758613586,2.676326274871826
8000,mla_coupled,moe,123,1,3,0.056977540254592896,0.058559756726026535,2.676326274871826
8000,mla_coupled,moe,123,1,4,0.05903808772563934,0.061777323484420776,2.676326274871826
8000,mla_coupled,moe,123,1,5,0.06306396424770355,0.06175137683749199,2.676326274871826
8000,mla_coupled,moe,123,1,6,0.08504516631364822,0.06828495115041733,2.676326274871826
8000,mla_coupled,moe,123,1,7,0.05724731460213661,0.06430810689926147,2.676326274871826
8000,mla_coupled,moe,123,1,8,0.06789794564247131,0.064085952937603,2.676326274871826
8000,mla_coupled,moe,123,1,9,0.0743408203125,0.06606850028038025,2.676326274871826
8000,mla_coupled,moe,123,1,10,0.078155517578125,0.06332213431596756,2.676326274871826
8000,mla_coupled,moe,123,1,11,0.054448243230581284,0.05963342636823654,2.676326274871826
8000,mla_coupled,moe,123,1,12,0.06036987155675888,0.06180114299058914,2.676326274871826
8000,mla_coupled,moe,123,1,13,0.06479248404502869,0.06443729996681213,2.676326274871826
8000,mla_coupled,moe,123,1,14,0.06331177055835724,0.06333234906196594,2.676326274871826
8000,mla_coupled,moe,123,1,15,0.04712280258536339,0.056640252470970154,2.676326274871826
8000,mla_coupled,moe,123,2,0,0.05747070163488388,0.06028229370713234,2.233985185623169
8000,mla_coupled,moe,123,2,1,0.05450805649161339,0.06526003777980804,2.233985185623169
8000,mla_coupled,moe,123,2,2,0.05958373844623566,0.06367955356836319,2.233985185623169
8000,mla_coupled,moe,123,2,3,0.057239990681409836,0.05661626160144806,2.233985185623169
8000,mla_coupled,moe,123,2,4,0.05159912258386612,0.051774363964796066,2.233985185623169
8000,mla_coupled,moe,123,2,5,0.04673705995082855,0.05075688287615776,2.233985185623169
8000,mla_coupled,moe,123,2,6,0.053669434040784836,0.061657242476940155,2.233985185623169
8000,mla_coupled,moe,123,2,7,0.05692382901906967,0.0576048381626606,2.233985185623169
8000,mla_coupled,moe,123,2,8,0.07878539711236954,0.0715283453464508,2.233985185623169
8000,mla_coupled,moe,123,2,9,0.06795532256364822,0.06672400236129761,2.233985185623169
8000,mla_coupled,moe,123,2,10,0.08406005799770355,0.0781114399433136,2.233985185623169
8000,mla_coupled,moe,123,2,11,0.06682739406824112,0.06418655067682266,2.233985185623169
8000,mla_coupled,moe,123,2,12,0.058540038764476776,0.06359635293483734,2.233985185623169
8000,mla_coupled,moe,123,2,13,0.05306762829422951,0.05201868712902069,2.233985185623169
8000,mla_coupled,moe,123,2,14,0.08175903558731079,0.07206142693758011,2.233985185623169
8000,mla_coupled,moe,123,2,15,0.07127319276332855,0.06414174288511276,2.233985185623169
8000,mla_coupled,moe,123,3,0,0.05238159000873566,0.054037854075431824,1.546255350112915
8000,mla_coupled,moe,123,3,1,0.062286376953125,0.05128733068704605,1.546255350112915
8000,mla_coupled,moe,123,3,2,0.050053711980581284,0.057481955736875534,1.546255350112915
8000,mla_coupled,moe,123,3,3,0.07262695580720901,0.08127529174089432,1.546255350112915
8000,mla_coupled,moe,123,3,4,0.05535034090280533,0.06392131745815277,1.546255350112915
8000,mla_coupled,moe,123,3,5,0.06003662198781967,0.05226790904998779,1.546255350112915
8000,mla_coupled,moe,123,3,6,0.08303588628768921,0.07226244360208511,1.546255350112915
8000,mla_coupled,moe,123,3,7,0.06302612274885178,0.09085749834775925,1.546255350112915
8000,mla_coupled,moe,123,3,8,0.04950927570462227,0.05077820271253586,1.546255350112915
8000,mla_coupled,moe,123,3,9,0.06719604134559631,0.07280880212783813,1.546255350112915
8000,mla_coupled,moe,123,3,10,0.06451416015625,0.06996548920869827,1.546255350112915
8000,mla_coupled,moe,123,3,11,0.05847411975264549,0.05135664343833923,1.546255350112915
8000,mla_coupled,moe,123,3,12,0.04638915881514549,0.047669667750597,1.546255350112915
8000,mla_coupled,moe,123,3,13,0.07892212271690369,0.06299051642417908,1.546255350112915
8000,mla_coupled,moe,123,3,14,0.09719238430261612,0.07738909125328064,1.546255350112915
8000,mla_coupled,moe,123,3,15,0.03900512680411339,0.04365001618862152,1.546255350112915
8000,mla_coupled,moe,123,4,0,0.05477295070886612,0.06632792204618454,1.2029269933700562
8000,mla_coupled,moe,123,4,1,0.08672851324081421,0.09812651574611664,1.2029269933700562
8000,mla_coupled,moe,123,4,2,0.049504395574331284,0.04348544031381607,1.2029269933700562
8000,mla_coupled,moe,123,4,3,0.04496826231479645,0.04875822365283966,1.2029269933700562
8000,mla_coupled,moe,123,4,4,0.08616821467876434,0.06223980337381363,1.2029269933700562
8000,mla_coupled,moe,123,4,5,0.038298338651657104,0.0626535713672638,1.2029269933700562
8000,mla_coupled,moe,123,4,6,0.041083984076976776,0.03661460801959038,1.2029269933700562
8000,mla_coupled,moe,123,4,7,0.07330566644668579,0.08212155103683472,1.2029269933700562
8000,mla_coupled,moe,123,4,8,0.08886108547449112,0.08006776124238968,1.2029269933700562
8000,mla_coupled,moe,123,4,9,0.019466552883386612,0.02406480722129345,1.2029269933700562
8000,mla_coupled,moe,123,4,10,0.06100097671151161,0.0639006495475769,1.2029269933700562
8000,mla_coupled,moe,123,4,11,0.051014404743909836,0.052501190453767776,1.2029269933700562
8000,mla_coupled,moe,123,4,12,0.056193847209215164,0.06014769524335861,1.2029269933700562
8000,mla_coupled,moe,123,4,13,0.09165283292531967,0.07662434875965118,1.2029269933700562
8000,mla_coupled,moe,123,4,14,0.08689941465854645,0.07053197175264359,1.2029269933700562
8000,mla_coupled,moe,123,4,15,0.07008056342601776,0.07183394581079483,1.2029269933700562
8000,mla_coupled,moe,123,5,0,0.07323486357927322,0.07507985085248947,1.5502119064331055
8000,mla_coupled,moe,123,5,1,0.07769775390625,0.058299388736486435,1.5502119064331055
8000,mla_coupled,moe,123,5,2,0.06443847715854645,0.06696312129497528,1.5502119064331055
8000,mla_coupled,moe,123,5,3,0.061799317598342896,0.05907335877418518,1.5502119064331055
8000,mla_coupled,moe,123,5,4,0.033601075410842896,0.04681176319718361,1.5502119064331055
8000,mla_coupled,moe,123,5,5,0.04308105632662773,0.04359355941414833,1.5502119064331055
8000,mla_coupled,moe,123,5,6,0.10108642280101776,0.0789555013179779,1.5502119064331055
8000,mla_coupled,moe,123,5,7,0.07378540188074112,0.08788732439279556,1.5502119064331055
8000,mla_coupled,moe,123,5,8,0.04198242351412773,0.060534391552209854,1.5502119064331055
8000,mla_coupled,moe,123,5,9,0.1057116687297821,0.08897022157907486,1.5502119064331055
8000,mla_coupled,moe,123,5,10,0.030921630561351776,0.03463257476687431,1.5502119064331055
8000,mla_coupled,moe,123,5,11,0.037415772676467896,0.05620840564370155,1.5502119064331055
8000,mla_coupled,moe,123,5,12,0.03083129972219467,0.028066543862223625,1.5502119064331055
8000,mla_coupled,moe,123,5,13,0.0678417980670929,0.08048360049724579,1.5502119064331055
8000,mla_coupled,moe,123,5,14,0.06803955137729645,0.06471006572246552,1.5502119064331055
8000,mla_coupled,moe,123,5,15,0.088531494140625,0.06973037868738174,1.5502119064331055
8500,mla_coupled,moe,123,1,0,0.05887451022863388,0.06236648187041283,2.6743886470794678
8500,mla_coupled,moe,123,1,1,0.03191894665360451,0.05996808409690857,2.6743886470794678
8500,mla_coupled,moe,123,1,2,0.06432373076677322,0.06385137885808945,2.6743886470794678
8500,mla_coupled,moe,123,1,3,0.05082031339406967,0.05734292045235634,2.6743886470794678
8500,mla_coupled,moe,123,1,4,0.06650146842002869,0.06065335124731064,2.6743886470794678
8500,mla_coupled,moe,123,1,5,0.06505493074655533,0.06224916875362396,2.6743886470794678
8500,mla_coupled,moe,123,1,6,0.08383423089981079,0.06757960468530655,2.6743886470794678
8500,mla_coupled,moe,123,1,7,0.06371825933456421,0.0643673688173294,2.6743886470794678
8500,mla_coupled,moe,123,1,8,0.06120849773287773,0.06377425044775009,2.6743886470794678
8500,mla_coupled,moe,123,1,9,0.06482177972793579,0.06535043567419052,2.6743886470794678
8500,mla_coupled,moe,123,1,10,0.0761730968952179,0.062245823442935944,2.6743886470794678
8500,mla_coupled,moe,123,1,11,0.04530395567417145,0.059282947331666946,2.6743886470794678
8500,mla_coupled,moe,123,1,12,0.069976806640625,0.06329908967018127,2.6743886470794678
8500,mla_coupled,moe,123,1,13,0.07438354194164276,0.06514675170183182,2.6743886470794678
8500,mla_coupled,moe,123,1,14,0.06550414860248566,0.06493453681468964,2.6743886470794678
8500,mla_coupled,moe,123,1,15,0.057581786066293716,0.05758785083889961,2.6743886470794678
8500,mla_coupled,moe,123,2,0,0.05685668811202049,0.061550356447696686,2.225191593170166
8500,mla_coupled,moe,123,2,1,0.05773559585213661,0.06792547553777695,2.225191593170166
8500,mla_coupled,moe,123,2,2,0.06520996242761612,0.06693281978368759,2.225191593170166
8500,mla_coupled,moe,123,2,3,0.05832885578274727,0.05741436034440994,2.225191593170166
8500,mla_coupled,moe,123,2,4,0.058574218302965164,0.0541091151535511,2.225191593170166
8500,mla_coupled,moe,123,2,5,0.05388183519244194,0.05276772379875183,2.225191593170166
8500,mla_coupled,moe,123,2,6,0.05503173917531967,0.06484092026948929,2.225191593170166
8500,mla_coupled,moe,123,2,7,0.057403564453125,0.05865127220749855,2.225191593170166
8500,mla_coupled,moe,123,2,8,0.07481811195611954,0.0690850093960762,2.225191593170166
8500,mla_coupled,moe,123,2,9,0.05713500827550888,0.061533812433481216,2.225191593170166
8500,mla_coupled,moe,123,2,10,0.076995849609375,0.07246866822242737,2.225191593170166
8500,mla_coupled,moe,123,2,11,0.06712280213832855,0.06392695009708405,2.225191593170166
8500,mla_coupled,moe,123,2,12,0.05228271335363388,0.058275870978832245,2.225191593170166
8500,mla_coupled,moe,123,2,13,0.05458373948931694,0.053277309983968735,2.225191593170166
8500,mla_coupled,moe,123,2,14,0.08256836235523224,0.07235272973775864,2.225191593170166
8500,mla_coupled,moe,123,2,15,0.0714709460735321,0.0648876428604126,2.225191593170166
8500,mla_coupled,moe,123,3,0,0.05274658277630806,0.053960829973220825,1.5454388856887817
8500,mla_coupled,moe,123,3,1,0.06268920749425888,0.05077836662530899,1.5454388856887817
8500,mla_coupled,moe,123,3,2,0.05006958171725273,0.05879216641187668,1.5454388856887817
8500,mla_coupled,moe,123,3,3,0.07342162728309631,0.08218663930892944,1.5454388856887817
8500,mla_coupled,moe,123,3,4,0.05584472790360451,0.0642465129494667,1.5454388856887817
8500,mla_coupled,moe,123,3,5,0.057011719793081284,0.05089240521192551,1.5454388856887817
8500,mla_coupled,moe,123,3,6,0.08215087652206421,0.07148139178752899,1.5454388856887817
8500,mla_coupled,moe,123,3,7,0.062287598848342896,0.08750321716070175,1.5454388856887817
8500,mla_coupled,moe,123,3,8,0.05037841945886612,0.05056814104318619,1.5454388856887817
8500,mla_coupled,moe,123,3,9,0.06659667938947678,0.07398015260696411,1.5454388856887817
8500,mla_coupled,moe,123,3,10,0.06261596828699112,0.06862662732601166,1.5454388856887817
8500,mla_coupled,moe,123,3,11,0.057117920368909836,0.05063554644584656,1.5454388856887817
8500,mla_coupled,moe,123,3,12,0.05086914077401161,0.052428435534238815,1.5454388856887817
8500,mla_coupled,moe,123,3,13,0.07841430604457855,0.06353259831666946,1.5454388856887817
8500,mla_coupled,moe,123,3,14,0.09730835258960724,0.07579810917377472,1.5454388856887817
8500,mla_coupled,moe,123,3,15,0.040477294474840164,0.044588852673769,1.5454388856887817
8500,mla_coupled,moe,123,4,0,0.05166992172598839,0.06416992843151093,1.2238637208938599
8500,mla_coupled,moe,123,4,1,0.08573852479457855,0.095211923122406,1.2238637208938599
8500,mla_coupled,moe,123,4,2,0.05654663220047951,0.048106931149959564,1.2238637208938599
8500,mla_coupled,moe,123,4,3,0.04448608309030533,0.048713210970163345,1.2238637208938599
8500,mla_coupled,moe,123,4,4,0.08696410804986954,0.06387122720479965,1.2238637208938599
8500,mla_coupled,moe,123,4,5,0.03873901441693306,0.0629224181175232,1.2238637208938599
8500,mla_coupled,moe,123,4,6,0.03959839046001434,0.035566724836826324,1.2238637208938599
8500,mla_coupled,moe,123,4,7,0.07140380889177322,0.08001158386468887,1.2238637208938599
8500,mla_coupled,moe,123,4,8,0.08548706024885178,0.07682111114263535,1.2238637208938599
8500,mla_coupled,moe,123,4,9,0.022095946595072746,0.026564842090010643,1.2238637208938599
8500,mla_coupled,moe,123,4,10,0.05859741196036339,0.061498042196035385,1.2238637208938599
8500,mla_coupled,moe,123,4,11,0.052387695759534836,0.05385103076696396,1.2238637208938599
8500,mla_coupled,moe,123,4,12,0.055021971464157104,0.05793953314423561,1.2238637208938599
8500,mla_coupled,moe,123,4,13,0.09002441167831421,0.07663347572088242,1.2238637208938599
8500,mla_coupled,moe,123,4,14,0.0929272472858429,0.0782739669084549,1.2238637208938599
8500,mla_coupled,moe,123,4,15,0.06831176578998566,0.06984402984380722,1.2238637208938599
8500,mla_coupled,moe,123,5,0,0.07159911841154099,0.07415904104709625,1.5486881732940674
8500,mla_coupled,moe,123,5,1,0.07967285066843033,0.06043035909533501,1.5486881732940674
8500,mla_coupled,moe,123,5,2,0.06343139708042145,0.06629767268896103,1.5486881732940674
8500,mla_coupled,moe,123,5,3,0.05990356579422951,0.05791521444916725,1.5486881732940674
8500,mla_coupled,moe,123,5,4,0.03423095867037773,0.04757530987262726,1.5486881732940674
8500,mla_coupled,moe,123,5,5,0.04433960095047951,0.043344683945178986,1.5486881732940674
8500,mla_coupled,moe,123,5,6,0.09738525748252869,0.07408156991004944,1.5486881732940674
8500,mla_coupled,moe,123,5,7,0.07200683653354645,0.08598063141107559,1.5486881732940674
8500,mla_coupled,moe,123,5,8,0.040471192449331284,0.059697870165109634,1.5486881732940674
8500,mla_coupled,moe,123,5,9,0.10963256657123566,0.09329117089509964,1.5486881732940674
8500,mla_coupled,moe,123,5,10,0.03626709058880806,0.03722165897488594,1.5486881732940674
8500,mla_coupled,moe,123,5,11,0.03630004823207855,0.056499578058719635,1.5486881732940674
8500,mla_coupled,moe,123,5,12,0.03110351599752903,0.02748268097639084,1.5486881732940674
8500,mla_coupled,moe,123,5,13,0.06837646663188934,0.08022218942642212,1.5486881732940674
8500,mla_coupled,moe,123,5,14,0.07068970054388046,0.06815207749605179,1.5486881732940674
8500,mla_coupled,moe,123,5,15,0.08458984643220901,0.06764831393957138,1.5486881732940674
9000,mla_coupled,moe,123,1,0,0.07392212003469467,0.06423431634902954,2.6691086292266846
9000,mla_coupled,moe,123,1,1,0.07555419951677322,0.06294851750135422,2.6691086292266846
9000,mla_coupled,moe,123,1,2,0.05718383938074112,0.06262582540512085,2.6691086292266846
9000,mla_coupled,moe,123,1,3,0.04189819470047951,0.05716469883918762,2.6691086292266846
9000,mla_coupled,moe,123,1,4,0.057225342839956284,0.06134704127907753,2.6691086292266846
9000,mla_coupled,moe,123,1,5,0.07167480140924454,0.06443159282207489,2.6691086292266846
9000,mla_coupled,moe,123,1,6,0.05790405347943306,0.06599102914333344,2.6691086292266846
9000,mla_coupled,moe,123,1,7,0.0666796863079071,0.06493567675352097,2.6691086292266846
9000,mla_coupled,moe,123,1,8,0.06420288234949112,0.06412141025066376,2.6691086292266846
9000,mla_coupled,moe,123,1,9,0.06606811285018921,0.06592312455177307,2.6691086292266846
9000,mla_coupled,moe,123,1,10,0.07066161930561066,0.06072487309575081,2.6691086292266846
9000,mla_coupled,moe,123,1,11,0.06192993000149727,0.05973272770643234,2.6691086292266846
9000,mla_coupled,moe,123,1,12,0.06429565697908401,0.06193648278713226,2.6691086292266846
9000,mla_coupled,moe,123,1,13,0.05551757663488388,0.06352224946022034,2.6691086292266846
9000,mla_coupled,moe,123,1,14,0.05836425721645355,0.06331229209899902,2.6691086292266846
9000,mla_coupled,moe,123,1,15,0.05691772326827049,0.05704813078045845,2.6691086292266846
9000,mla_coupled,moe,123,2,0,0.06291747838258743,0.06409261375665665,2.205266237258911
9000,mla_coupled,moe,123,2,1,0.058112792670726776,0.06911595165729523,2.205266237258911
9000,mla_coupled,moe,123,2,2,0.06299438327550888,0.06603319197893143,2.205266237258911
9000,mla_coupled,moe,123,2,3,0.05967773497104645,0.05717272311449051,2.205266237258911
9000,mla_coupled,moe,123,2,4,0.07048705965280533,0.05600545555353165,2.205266237258911
9000,mla_coupled,moe,123,2,5,0.04870361462235451,0.0508432574570179,2.205266237258911
9000,mla_coupled,moe,123,2,6,0.04947265610098839,0.06006385758519173,2.205266237258911
9000,mla_coupled,moe,123,2,7,0.05674072355031967,0.05785946547985077,2.205266237258911
9000,mla_coupled,moe,123,2,8,0.07332031428813934,0.06873799860477448,2.205266237258911
9000,mla_coupled,moe,123,2,9,0.06041015684604645,0.06388792395591736,2.205266237258911
9000,mla_coupled,moe,123,2,10,0.08041869848966599,0.0754547044634819,2.205266237258911
9000,mla_coupled,moe,123,2,11,0.07274170219898224,0.06640677154064178,2.205266237258911
9000,mla_coupled,moe,123,2,12,0.05156494304537773,0.05816415324807167,2.205266237258911
9000,mla_coupled,moe,123,2,13,0.04810180515050888,0.05104432255029678,2.205266237258911
9000,mla_coupled,moe,123,2,14,0.08055053651332855,0.0716811791062355,2.205266237258911
9000,mla_coupled,moe,123,2,15,0.06378540396690369,0.06343642622232437,2.205266237258911
9000,mla_coupled,moe,123,3,0,0.052800294011831284,0.053559087216854095,1.5325268507003784
9000,mla_coupled,moe,123,3,1,0.05798583850264549,0.0489436611533165,1.5325268507003784
9000,mla_coupled,moe,123,3,2,0.05151000991463661,0.0587129108607769,1.5325268507003784
9000,mla_coupled,moe,123,3,3,0.07233032584190369,0.07782500237226486,1.5325268507003784
9000,mla_coupled,moe,123,3,4,0.051280517131090164,0.061855021864175797,1.5325268507003784
9000,mla_coupled,moe,123,3,5,0.06012939289212227,0.05140134319663048,1.5325268507003784
9000,mla_coupled,moe,123,3,6,0.08360473811626434,0.07238247245550156,1.5325268507003784
9000,mla_coupled,moe,123,3,7,0.06282348930835724,0.08953173458576202,1.5325268507003784
9000,mla_coupled,moe,123,3,8,0.05103759840130806,0.05102080479264259,1.5325268507003784
9000,mla_coupled,moe,123,3,9,0.0677490234375,0.07506348192691803,1.5325268507003784
9000,mla_coupled,moe,123,3,10,0.06446411460638046,0.0697905495762825,1.5325268507003784
9000,mla_coupled,moe,123,3,11,0.05744018405675888,0.05117150768637657,1.5325268507003784
9000,mla_coupled,moe,123,3,12,0.044957276433706284,0.04790697619318962,1.5325268507003784
9000,mla_coupled,moe,123,3,13,0.07962402701377869,0.06275401264429092,1.5325268507003784
9000,mla_coupled,moe,123,3,14,0.09936156868934631,0.08123210817575455,1.5325268507003784
9000,mla_coupled,moe,123,3,15,0.04290161281824112,0.04684929922223091,1.5325268507003784
9000,mla_coupled,moe,123,4,0,0.05443359538912773,0.0670582503080368,1.2174811363220215
9000,mla_coupled,moe,123,4,1,0.08719604462385178,0.09699403494596481,1.2174811363220215
9000,mla_coupled,moe,123,4,2,0.053489990532398224,0.04600302129983902,1.2174811363220215
9000,mla_coupled,moe,123,4,3,0.04443359375,0.048120852559804916,1.2174811363220215
9000,mla_coupled,moe,123,4,4,0.08633910864591599,0.06406354159116745,1.2174811363220215
9000,mla_coupled,moe,123,4,5,0.036906737834215164,0.06167999655008316,1.2174811363220215
9000,mla_coupled,moe,123,4,6,0.040699463337659836,0.03552732244133949,1.2174811363220215
9000,mla_coupled,moe,123,4,7,0.07070068269968033,0.07873528450727463,1.2174811363220215
9000,mla_coupled,moe,123,4,8,0.08540649712085724,0.07736636698246002,1.2174811363220215
9000,mla_coupled,moe,123,4,9,0.021469727158546448,0.02608180232346058,1.2174811363220215
9000,mla_coupled,moe,123,4,10,0.062255859375,0.06600126624107361,1.2174811363220215
9000,mla_coupled,moe,123,4,11,0.04791869968175888,0.04892046004533768,1.2174811363220215
9000,mla_coupled,moe,123,4,12,0.055400390177965164,0.05885165184736252,1.2174811363220215
9000,mla_coupled,moe,123,4,13,0.09535034000873566,0.08094878494739532,1.2174811363220215
9000,mla_coupled,moe,123,4,14,0.09000488370656967,0.07391256093978882,1.2174811363220215
9000,mla_coupled,moe,123,4,15,0.0679943859577179,0.06973477452993393,1.2174811363220215
9000,mla_coupled,moe,123,5,0,0.07154297083616257,0.07415329664945602,1.556696891784668
9000,mla_coupled,moe,123,5,1,0.08158813416957855,0.06375100463628769,1.556696891784668
9000,mla_coupled,moe,123,5,2,0.06301513314247131,0.06583765149116516,1.556696891784668
9000,mla_coupled,moe,123,5,3,0.06234131008386612,0.05996603146195412,1.556696891784668
9000,mla_coupled,moe,123,5,4,0.03353027254343033,0.04553777351975441,1.556696891784668
9000,mla_coupled,moe,123,5,5,0.04169921949505806,0.04332825541496277,1.556696891784668
9000,mla_coupled,moe,123,5,6,0.09936767816543579,0.07596710324287415,1.556696891784668
9000,mla_coupled,moe,123,5,7,0.0733630359172821,0.08594901114702225,1.556696891784668
9000,mla_coupled,moe,123,5,8,0.042078856378793716,0.061542440205812454,1.556696891784668
9000,mla_coupled,moe,123,5,9,0.10617675632238388,0.09021932631731033,1.556696891784668
9000,mla_coupled,moe,123,5,10,0.038035888224840164,0.03773406147956848,1.556696891784668
9000,mla_coupled,moe,123,5,11,0.03699096664786339,0.05666322633624077,1.556696891784668
9000,mla_coupled,moe,123,5,12,0.03208373859524727,0.029203295707702637,1.556696891784668
9000,mla_coupled,moe,123,5,13,0.06674682348966599,0.07712583243846893,1.556696891784668
9000,mla_coupled,moe,123,5,14,0.06539306789636612,0.06307177245616913,1.556696891784668
9000,mla_coupled,moe,123,5,15,0.08604614436626434,0.0699499100446701,1.556696891784668
9500,mla_coupled,moe,123,1,0,0.06407592445611954,0.06254792213439941,2.6646387577056885
9500,mla_coupled,moe,123,1,1,0.055412597954273224,0.060684312134981155,2.6646387577056885
9500,mla_coupled,moe,123,1,2,0.06547607481479645,0.06541628390550613,2.6646387577056885
9500,mla_coupled,moe,123,1,3,0.046149902045726776,0.056375421583652496,2.6646387577056885
9500,mla_coupled,moe,123,1,4,0.05913696438074112,0.06007494404911995,2.6646387577056885
9500,mla_coupled,moe,123,1,5,0.07039795070886612,0.06402413547039032,2.6646387577056885
9500,mla_coupled,moe,123,1,6,0.06667480617761612,0.0658392459154129,2.6646387577056885
9500,mla_coupled,moe,123,1,7,0.08274047821760178,0.064473956823349,2.6646387577056885
9500,mla_coupled,moe,123,1,8,0.06826537847518921,0.06608396768569946,2.6646387577056885
9500,mla_coupled,moe,123,1,9,0.06228881701827049,0.06497080624103546,2.6646387577056885
9500,mla_coupled,moe,123,1,10,0.07609374821186066,0.06310652941465378,2.6646387577056885
9500,mla_coupled,moe,123,1,11,0.049888916313648224,0.05849062278866768,2.6646387577056885
9500,mla_coupled,moe,123,1,12,0.07121825963258743,0.06388983130455017,2.6646387577056885
9500,mla_coupled,moe,123,1,13,0.06737304478883743,0.0644344761967659,2.6646387577056885
9500,mla_coupled,moe,123,1,14,0.06726562231779099,0.06484197080135345,2.6646387577056885
9500,mla_coupled,moe,123,1,15,0.027541503310203552,0.0547456294298172,2.6646387577056885
9500,mla_coupled,moe,123,2,0,0.06058105453848839,0.06277129054069519,2.1929211616516113
9500,mla_coupled,moe,123,2,1,0.05337890610098839,0.06596659868955612,2.1929211616516113
9500,mla_coupled,moe,123,2,2,0.062342528253793716,0.06528646498918533,2.1929211616516113
9500,mla_coupled,moe,123,2,3,0.06330688297748566,0.05933747813105583,2.1929211616516113
9500,mla_coupled,moe,123,2,4,0.056525878608226776,0.05236935615539551,2.1929211616516113
9500,mla_coupled,moe,123,2,5,0.060731202363967896,0.05356655642390251,2.1929211616516113
9500,mla_coupled,moe,123,2,6,0.04984496906399727,0.06079252064228058,2.1929211616516113
9500,mla_coupled,moe,123,2,7,0.06033935397863388,0.06004304438829422,2.1929211616516113
9500,mla_coupled,moe,123,2,8,0.07603881508111954,0.07183472812175751,2.1929211616516113
9500,mla_coupled,moe,123,2,9,0.0627124011516571,0.06456165760755539,2.1929211616516113
9500,mla_coupled,moe,123,2,10,0.07919067144393921,0.07491549849510193,2.1929211616516113
9500,mla_coupled,moe,123,2,11,0.06740722805261612,0.06289248913526535,2.1929211616516113
9500,mla_coupled,moe,123,2,12,0.05645995959639549,0.06276470422744751,2.1929211616516113
9500,mla_coupled,moe,123,2,13,0.05052246153354645,0.05046546459197998,2.1929211616516113
9500,mla_coupled,moe,123,2,14,0.08039672672748566,0.07012541592121124,2.1929211616516113
9500,mla_coupled,moe,123,2,15,0.06022094562649727,0.06230673938989639,2.1929211616516113
9500,mla_coupled,moe,123,3,0,0.05379882827401161,0.05552741885185242,1.5347362756729126
9500,mla_coupled,moe,123,3,1,0.05854126065969467,0.04919087514281273,1.5347362756729126
9500,mla_coupled,moe,123,3,2,0.04791015759110451,0.05852539464831352,1.5347362756729126
9500,mla_coupled,moe,123,3,3,0.07430785894393921,0.08496101200580597,1.5347362756729126
9500,mla_coupled,moe,123,3,4,0.05726318433880806,0.06493471562862396,1.5347362756729126
9500,mla_coupled,moe,123,3,5,0.05563598498702049,0.05012290179729462,1.5347362756729126
9500,mla_coupled,moe,123,3,6,0.08629394322633743,0.07566428184509277,1.5347362756729126
9500,mla_coupled,moe,123,3,7,0.06236816570162773,0.0844801813364029,1.5347362756729126
9500,mla_coupled,moe,123,3,8,0.049488525837659836,0.04917285591363907,1.5347362756729126
9500,mla_coupled,moe,123,3,9,0.0674121081829071,0.07371968030929565,1.5347362756729126
9500,mla_coupled,moe,123,3,10,0.06746216118335724,0.07291911542415619,1.5347362756729126
9500,mla_coupled,moe,123,3,11,0.05897827073931694,0.051451344043016434,1.5347362756729126
9500,mla_coupled,moe,123,3,12,0.048393554985523224,0.04901764541864395,1.5347362756729126
9500,mla_coupled,moe,123,3,13,0.07734374701976776,0.06128514185547829,1.5347362756729126
9500,mla_coupled,moe,123,3,14,0.09677612036466599,0.07609988003969193,1.5347362756729126
9500,mla_coupled,moe,123,3,15,0.038026124238967896,0.042927540838718414,1.5347362756729126
9500,mla_coupled,moe,123,4,0,0.053455810993909836,0.06526145339012146,1.2316367626190186
9500,mla_coupled,moe,123,4,1,0.08771606534719467,0.09756903350353241,1.2316367626190186
9500,mla_coupled,moe,123,4,2,0.05229492112994194,0.0458979569375515,1.2316367626190186
9500,mla_coupled,moe,123,4,3,0.044868163764476776,0.04983041435480118,1.2316367626190186
9500,mla_coupled,moe,123,4,4,0.08635009825229645,0.06325919181108475,1.2316367626190186
9500,mla_coupled,moe,123,4,5,0.03800903260707855,0.06305047124624252,1.2316367626190186
9500,mla_coupled,moe,123,4,6,0.04070434719324112,0.03596455976366997,1.2316367626190186
9500,mla_coupled,moe,123,4,7,0.07204833626747131,0.07953280955553055,1.2316367626190186
9500,mla_coupled,moe,123,4,8,0.08689086884260178,0.07854463905096054,1.2316367626190186
9500,mla_coupled,moe,123,4,9,0.019510498270392418,0.024593234062194824,1.2316367626190186
9500,mla_coupled,moe,123,4,10,0.06229614093899727,0.06492910534143448,1.2316367626190186
9500,mla_coupled,moe,123,4,11,0.049470216035842896,0.050248242914676666,1.2316367626190186
9500,mla_coupled,moe,123,4,12,0.05511230602860451,0.05913199484348297,1.2316367626190186
9500,mla_coupled,moe,123,4,13,0.0931103527545929,0.07801202684640884,1.2316367626190186
9500,mla_coupled,moe,123,4,14,0.08611205965280533,0.07102532684803009,1.2316367626190186
9500,mla_coupled,moe,123,4,15,0.0720507800579071,0.07314958423376083,1.2316367626190186
9500,mla_coupled,moe,123,5,0,0.07247680425643921,0.07477550208568573,1.5573256015777588
9500,mla_coupled,moe,123,5,1,0.07900268584489822,0.06066016107797623,1.5573256015777588
9500,mla_coupled,moe,123,5,2,0.06401611119508743,0.06717870384454727,1.5573256015777588
9500,mla_coupled,moe,123,5,3,0.06050659343600273,0.05781826376914978,1.5573256015777588
9500,mla_coupled,moe,123,5,4,0.033149413764476776,0.04596716910600662,1.5573256015777588
9500,mla_coupled,moe,123,5,5,0.042908936738967896,0.04391035437583923,1.5573256015777588
9500,mla_coupled,moe,123,5,6,0.10364868491888046,0.08105799555778503,1.5573256015777588
9500,mla_coupled,moe,123,5,7,0.07308227568864822,0.08702370524406433,1.5573256015777588
9500,mla_coupled,moe,123,5,8,0.041502684354782104,0.06092327460646629,1.5573256015777588
9500,mla_coupled,moe,123,5,9,0.10090210288763046,0.08593260496854782,1.5573256015777588
9500,mla_coupled,moe,123,5,10,0.03897460922598839,0.03825828433036804,1.5573256015777588
9500,mla_coupled,moe,123,5,11,0.03723388537764549,0.05622309073805809,1.5573256015777588
9500,mla_coupled,moe,123,5,12,0.03071289137005806,0.026602931320667267,1.5573256015777588
9500,mla_coupled,moe,123,5,13,0.06787353754043579,0.07906226068735123,1.5573256015777588
9500,mla_coupled,moe,123,5,14,0.06693359464406967,0.0650118961930275,1.5573256015777588
9500,mla_coupled,moe,123,5,15,0.08707519620656967,0.06959381699562073,1.5573256015777588
10000,mla_coupled,moe,123,1,0,0.06630249321460724,0.06224421411752701,2.658135175704956
10000,mla_coupled,moe,123,1,1,0.06540283560752869,0.06161210685968399,2.658135175704956
10000,mla_coupled,moe,123,1,2,0.06822143495082855,0.06541149318218231,2.658135175704956
10000,mla_coupled,moe,123,1,3,0.05159301683306694,0.05714147910475731,2.658135175704956
10000,mla_coupled,moe,123,1,4,0.03978637605905533,0.05989820882678032,2.658135175704956
10000,mla_coupled,moe,123,1,5,0.07182373106479645,0.06364694237709045,2.658135175704956
10000,mla_coupled,moe,123,1,6,0.06100097671151161,0.06512948125600815,2.658135175704956
10000,mla_coupled,moe,123,1,7,0.04337158054113388,0.063200943171978,2.658135175704956
10000,mla_coupled,moe,123,1,8,0.0690295398235321,0.0649230107665062,2.658135175704956
10000,mla_coupled,moe,123,1,9,0.05783935636281967,0.06504863500595093,2.658135175704956
10000,mla_coupled,moe,123,1,10,0.07712036371231079,0.06314332038164139,2.658135175704956
10000,mla_coupled,moe,123,1,11,0.07166504114866257,0.05959123745560646,2.658135175704956
10000,mla_coupled,moe,123,1,12,0.06497436761856079,0.06304609030485153,2.658135175704956
10000,mla_coupled,moe,123,1,13,0.06834472715854645,0.06509840488433838,2.658135175704956
10000,mla_coupled,moe,123,1,14,0.06208862364292145,0.06386813521385193,2.658135175704956
10000,mla_coupled,moe,123,1,15,0.06143554672598839,0.05699633061885834,2.658135175704956
10000,mla_coupled,moe,123,2,0,0.057762451469898224,0.06124909967184067,2.1833536624908447
10000,mla_coupled,moe,123,2,1,0.056529540568590164,0.06653154641389847,2.1833536624908447
10000,mla_coupled,moe,123,2,2,0.06488281488418579,0.06774978339672089,2.1833536624908447
10000,mla_coupled,moe,123,2,3,0.06517334282398224,0.05937959998846054,2.1833536624908447
10000,mla_coupled,moe,123,2,4,0.05869872868061066,0.05351945385336876,2.1833536624908447
10000,mla_coupled,moe,123,2,5,0.055195312947034836,0.05171993747353554,2.1833536624908447
10000,mla_coupled,moe,123,2,6,0.05442748963832855,0.06353814899921417,2.1833536624908447
10000,mla_coupled,moe,123,2,7,0.059691160917282104,0.06052645668387413,2.1833536624908447
10000,mla_coupled,moe,123,2,8,0.07975463569164276,0.07494837045669556,2.1833536624908447
10000,mla_coupled,moe,123,2,9,0.05698486417531967,0.061776190996170044,2.1833536624908447
10000,mla_coupled,moe,123,2,10,0.0774218738079071,0.07333829253911972,2.1833536624908447
10000,mla_coupled,moe,123,2,11,0.06646972894668579,0.06236599385738373,2.1833536624908447
10000,mla_coupled,moe,123,2,12,0.05244262516498566,0.05826586112380028,2.1833536624908447
10000,mla_coupled,moe,123,2,13,0.053502198308706284,0.053134940564632416,2.1833536624908447
10000,mla_coupled,moe,123,2,14,0.07981445640325546,0.0689966082572937,2.1833536624908447
10000,mla_coupled,moe,123,2,15,0.061248779296875,0.0629597008228302,2.1833536624908447
10000,mla_coupled,moe,123,3,0,0.051823731511831284,0.053666867315769196,1.5464613437652588
10000,mla_coupled,moe,123,3,1,0.05938354507088661,0.050004925578832626,1.5464613437652588
10000,mla_coupled,moe,123,3,2,0.04962768405675888,0.059284795075654984,1.5464613437652588
10000,mla_coupled,moe,123,3,3,0.07309570163488388,0.08109971135854721,1.5464613437652588
10000,mla_coupled,moe,123,3,4,0.06072754040360451,0.06615931540727615,1.5464613437652588
10000,mla_coupled,moe,123,3,5,0.05537964031100273,0.049760445952415466,1.5464613437652588
10000,mla_coupled,moe,123,3,6,0.07959716767072678,0.06773034483194351,1.5464613437652588
10000,mla_coupled,moe,123,3,7,0.06187744066119194,0.08717956393957138,1.5464613437652588
10000,mla_coupled,moe,123,3,8,0.048945311456918716,0.05078753083944321,1.5464613437652588
10000,mla_coupled,moe,123,3,9,0.06714355200529099,0.07468032091856003,1.5464613437652588
10000,mla_coupled,moe,123,3,10,0.06397704780101776,0.06805470585823059,1.5464613437652588
10000,mla_coupled,moe,123,3,11,0.05615234375,0.05019229277968407,1.5464613437652588
10000,mla_coupled,moe,123,3,12,0.050895996391773224,0.05148870870471001,1.5464613437652588
10000,mla_coupled,moe,123,3,13,0.08079589903354645,0.0653562992811203,1.5464613437652588
10000,mla_coupled,moe,123,3,14,0.09887450933456421,0.07943037152290344,1.5464613437652588
10000,mla_coupled,moe,123,3,15,0.04170288145542145,0.04512372985482216,1.5464613437652588
10000,mla_coupled,moe,123,4,0,0.053508300334215164,0.06551186740398407,1.2151250839233398
10000,mla_coupled,moe,123,4,1,0.08677246421575546,0.09766992926597595,1.2151250839233398
10000,mla_coupled,moe,123,4,2,0.047520752996206284,0.043321121484041214,1.2151250839233398
10000,mla_coupled,moe,123,4,3,0.043236084282398224,0.04767753183841705,1.2151250839233398
10000,mla_coupled,moe,123,4,4,0.0886828601360321,0.06555502116680145,1.2151250839233398
10000,mla_coupled,moe,123,4,5,0.037324219942092896,0.0601443387567997,1.2151250839233398
10000,mla_coupled,moe,123,4,6,0.039790038019418716,0.035500094294548035,1.2151250839233398
10000,mla_coupled,moe,123,4,7,0.07317260652780533,0.08299017697572708,1.2151250839233398
10000,mla_coupled,moe,123,4,8,0.0890209972858429,0.07908408343791962,1.2151250839233398
10000,mla_coupled,moe,123,4,9,0.01951904222369194,0.023141076788306236,1.2151250839233398
10000,mla_coupled,moe,123,4,10,0.06156738102436066,0.06411585956811905,1.2151250839233398
10000,mla_coupled,moe,123,4,11,0.051508788019418716,0.052963241934776306,1.2151250839233398
10000,mla_coupled,moe,123,4,12,0.054774168878793716,0.0589183010160923,1.2151250839233398
10000,mla_coupled,moe,123,4,13,0.09476806968450546,0.07881835103034973,1.2151250839233398
10000,mla_coupled,moe,123,4,14,0.0875561535358429,0.0724225714802742,1.2151250839233398
10000,mla_coupled,moe,123,4,15,0.07127807289361954,0.07216643542051315,1.2151250839233398
10000,mla_coupled,moe,123,5,0,0.07241333276033401,0.075445257127285,1.5411970615386963
10000,mla_coupled,moe,123,5,1,0.07930419594049454,0.06118085980415344,1.5411970615386963
10000,mla_coupled,moe,123,5,2,0.06293091177940369,0.06588006019592285,1.5411970615386963
10000,mla_coupled,moe,123,5,3,0.06487426906824112,0.06134994328022003,1.5411970615386963
10000,mla_coupled,moe,123,5,4,0.03412719815969467,0.046665605157613754,1.5411970615386963
10000,mla_coupled,moe,123,5,5,0.042567137628793716,0.04258742928504944,1.5411970615386963
10000,mla_coupled,moe,123,5,6,0.09952881187200546,0.07709058374166489,1.5411970615386963
10000,mla_coupled,moe,123,5,7,0.07191284000873566,0.08536185324192047,1.5411970615386963
10000,mla_coupled,moe,123,5,8,0.03858032077550888,0.05755852162837982,1.5411970615386963
10000,mla_coupled,moe,123,5,9,0.10506103187799454,0.09047964215278625,1.5411970615386963
10000,mla_coupled,moe,123,5,10,0.039073485881090164,0.03853893652558327,1.5411970615386963
10000,mla_coupled,moe,123,5,11,0.035792235285043716,0.0555238202214241,1.5411970615386963
10000,mla_coupled,moe,123,5,12,0.032197266817092896,0.028006618842482567,1.5411970615386963
10000,mla_coupled,moe,123,5,13,0.06764526665210724,0.07844546437263489,1.5411970615386963
10000,mla_coupled,moe,123,5,14,0.06493530422449112,0.06315425038337708,1.5411970615386963
10000,mla_coupled,moe,123,5,15,0.08905639499425888,0.07273111492395401,1.5411970615386963
10500,mla_coupled,moe,123,1,0,0.05354492366313934,0.06115775927901268,2.6572680473327637
10500,mla_coupled,moe,123,1,1,0.05243774503469467,0.06115589663386345,2.6572680473327637
10500,mla_coupled,moe,123,1,2,0.07538818567991257,0.06658381223678589,2.6572680473327637
10500,mla_coupled,moe,123,1,3,0.06725097447633743,0.057573746889829636,2.6572680473327637
10500,mla_coupled,moe,123,1,4,0.06514648348093033,0.060730163007974625,2.6572680473327637
10500,mla_coupled,moe,123,1,5,0.06705688685178757,0.06277082860469818,2.6572680473327637
10500,mla_coupled,moe,123,1,6,0.06623779237270355,0.06500209122896194,2.6572680473327637
10500,mla_coupled,moe,123,1,7,0.04691528156399727,0.06286069750785828,2.6572680473327637
10500,mla_coupled,moe,123,1,8,0.07251343131065369,0.06585758924484253,2.6572680473327637
10500,mla_coupled,moe,123,1,9,0.06461425870656967,0.06638398766517639,2.6572680473327637
10500,mla_coupled,moe,123,1,10,0.07182373106479645,0.06191437691450119,2.6572680473327637
10500,mla_coupled,moe,123,1,11,0.06138915941119194,0.05908239260315895,2.6572680473327637
10500,mla_coupled,moe,123,1,12,0.06480956822633743,0.06308988481760025,2.6572680473327637
10500,mla_coupled,moe,123,1,13,0.06359130889177322,0.06491299718618393,2.6572680473327637
10500,mla_coupled,moe,123,1,14,0.06397826969623566,0.06468620896339417,2.6572680473327637
10500,mla_coupled,moe,123,1,15,0.04330200329422951,0.05623754486441612,2.6572680473327637
10500,mla_coupled,moe,123,2,0,0.055549316108226776,0.060382355004549026,2.1675784587860107
10500,mla_coupled,moe,123,2,1,0.05857299640774727,0.07076231390237808,2.1675784587860107
10500,mla_coupled,moe,123,2,2,0.06487060338258743,0.06750907748937607,2.1675784587860107
10500,mla_coupled,moe,123,2,3,0.06091064587235451,0.05926629900932312,2.1675784587860107
10500,mla_coupled,moe,123,2,4,0.05823730304837227,0.05310333892703056,2.1675784587860107
10500,mla_coupled,moe,123,2,5,0.06477050483226776,0.055093005299568176,2.1675784587860107
10500,mla_coupled,moe,123,2,6,0.052521973848342896,0.061915818601846695,2.1675784587860107
10500,mla_coupled,moe,123,2,7,0.059844970703125,0.060765232890844345,2.1675784587860107
10500,mla_coupled,moe,123,2,8,0.07265258580446243,0.06876659393310547,2.1675784587860107
10500,mla_coupled,moe,123,2,9,0.05759033188223839,0.062329474836587906,2.1675784587860107
10500,mla_coupled,moe,123,2,10,0.07805419713258743,0.07393158972263336,2.1675784587860107
10500,mla_coupled,moe,123,2,11,0.06421875208616257,0.061331283301115036,2.1675784587860107
10500,mla_coupled,moe,123,2,12,0.05164428800344467,0.057885460555553436,2.1675784587860107
10500,mla_coupled,moe,123,2,13,0.05687621980905533,0.05428209900856018,2.1675784587860107
10500,mla_coupled,moe,123,2,14,0.08077026158571243,0.06933826953172684,2.1675784587860107
10500,mla_coupled,moe,123,2,15,0.06291504204273224,0.0633377954363823,2.1675784587860107
10500,mla_coupled,moe,123,3,0,0.052790526300668716,0.054508037865161896,1.5490751266479492
10500,mla_coupled,moe,123,3,1,0.06248290836811066,0.053165361285209656,1.5490751266479492
10500,mla_coupled,moe,123,3,2,0.04657958820462227,0.05733780562877655,1.5490751266479492
10500,mla_coupled,moe,123,3,3,0.07277221977710724,0.0793500542640686,1.5490751266479492
10500,mla_coupled,moe,123,3,4,0.05967773497104645,0.06567233800888062,1.5490751266479492
10500,mla_coupled,moe,123,3,5,0.059870604425668716,0.052789200097322464,1.5490751266479492
10500,mla_coupled,moe,123,3,6,0.08387207239866257,0.07085146754980087,1.5490751266479492
10500,mla_coupled,moe,123,3,7,0.06127075105905533,0.08660201728343964,1.5490751266479492
10500,mla_coupled,moe,123,3,8,0.04903930798172951,0.049613069742918015,1.5490751266479492
10500,mla_coupled,moe,123,3,9,0.06620971858501434,0.07346273958683014,1.5490751266479492
10500,mla_coupled,moe,123,3,10,0.06393188238143921,0.0687471479177475,1.5490751266479492
10500,mla_coupled,moe,123,3,11,0.05686889588832855,0.05028748884797096,1.5490751266479492
10500,mla_coupled,moe,123,3,12,0.049464110285043716,0.051423635333776474,1.5490751266479492
10500,mla_coupled,moe,123,3,13,0.07494872808456421,0.06178392097353935,1.5490751266479492
10500,mla_coupled,moe,123,3,14,0.09697509557008743,0.07811373472213745,1.5490751266479492
10500,mla_coupled,moe,123,3,15,0.04324584826827049,0.04629199206829071,1.5490751266479492
10500,mla_coupled,moe,123,4,0,0.05248168855905533,0.06494470685720444,1.2238599061965942
10500,mla_coupled,moe,123,4,1,0.08555419743061066,0.09535541385412216,1.2238599061965942
10500,mla_coupled,moe,123,4,2,0.05063842609524727,0.04567902535200119,1.2238599061965942
10500,mla_coupled,moe,123,4,3,0.04297851398587227,0.04802741855382919,1.2238599061965942
10500,mla_coupled,moe,123,4,4,0.08568725734949112,0.06294047087430954,1.2238599061965942
10500,mla_coupled,moe,123,4,5,0.038029786199331284,0.062233127653598785,1.2238599061965942
10500,mla_coupled,moe,123,4,6,0.042387694120407104,0.03732675686478615,1.2238599061965942
10500,mla_coupled,moe,123,4,7,0.07350829988718033,0.08163292706012726,1.2238599061965942
10500,mla_coupled,moe,123,4,8,0.08705444633960724,0.07819490134716034,1.2238599061965942
10500,mla_coupled,moe,123,4,9,0.02393432706594467,0.02832692861557007,1.2238599061965942
10500,mla_coupled,moe,123,4,10,0.058540038764476776,0.060808051377534866,1.2238599061965942
10500,mla_coupled,moe,123,4,11,0.04851074144244194,0.04976797103881836,1.2238599061965942
10500,mla_coupled,moe,123,4,12,0.055272217839956284,0.059426598250865936,1.2238599061965942
10500,mla_coupled,moe,123,4,13,0.09314819425344467,0.07662630081176758,1.2238599061965942
10500,mla_coupled,moe,123,4,14,0.09183105826377869,0.07651735097169876,1.2238599061965942
10500,mla_coupled,moe,123,4,15,0.07044311612844467,0.07219206541776657,1.2238599061965942
10500,mla_coupled,moe,123,5,0,0.06843261420726776,0.07300063967704773,1.5522074699401855
10500,mla_coupled,moe,123,5,1,0.07802856713533401,0.06036389246582985,1.5522074699401855
10500,mla_coupled,moe,123,5,2,0.06557372957468033,0.06740693747997284,1.5522074699401855
10500,mla_coupled,moe,123,5,3,0.06275390833616257,0.06084270030260086,1.5522074699401855
10500,mla_coupled,moe,123,5,4,0.03339965641498566,0.04612020030617714,1.5522074699401855
10500,mla_coupled,moe,123,5,5,0.04194336012005806,0.04420122131705284,1.5522074699401855
10500,mla_coupled,moe,123,5,6,0.10100585967302322,0.07782454788684845,1.5522074699401855
10500,mla_coupled,moe,123,5,7,0.07115112245082855,0.08454329520463943,1.5522074699401855
10500,mla_coupled,moe,123,5,8,0.04046264663338661,0.06046063080430031,1.5522074699401855
10500,mla_coupled,moe,123,5,9,0.1051013171672821,0.0885305106639862,1.5522074699401855
10500,mla_coupled,moe,123,5,10,0.04624389484524727,0.04259390011429787,1.5522074699401855
10500,mla_coupled,moe,123,5,11,0.03405517712235451,0.053851570934057236,1.5522074699401855
10500,mla_coupled,moe,123,5,12,0.033439941704273224,0.029242847114801407,1.5522074699401855
10500,mla_coupled,moe,123,5,13,0.06582885980606079,0.07750846445560455,1.5522074699401855
10500,mla_coupled,moe,123,5,14,0.06687255948781967,0.06519920378923416,1.5522074699401855
10500,mla_coupled,moe,123,5,15,0.08570678532123566,0.06830944120883942,1.5522074699401855
11000,mla_coupled,moe,123,1,0,0.062462158501148224,0.06299268454313278,2.653721332550049
11000,mla_coupled,moe,123,1,1,0.048151854425668716,0.06184856966137886,2.653721332550049
11000,mla_coupled,moe,123,1,2,0.06756225228309631,0.06490864604711533,2.653721332550049
11000,mla_coupled,moe,123,1,3,0.06897582858800888,0.05834296718239784,2.653721332550049
11000,mla_coupled,moe,123,1,4,0.04612670838832855,0.0604458749294281,2.653721332550049
11000,mla_coupled,moe,123,1,5,0.062312010675668716,0.06161651760339737,2.653721332550049
11000,mla_coupled,moe,123,1,6,0.06409668177366257,0.06616301834583282,2.653721332550049
11000,mla_coupled,moe,123,1,7,0.05398803576827049,0.06392712891101837,2.653721332550049
11000,mla_coupled,moe,123,1,8,0.06467651575803757,0.06400694698095322,2.653721332550049
11000,mla_coupled,moe,123,1,9,0.05507446452975273,0.06414029002189636,2.653721332550049
11000,mla_coupled,moe,123,1,10,0.07424316555261612,0.06133893504738808,2.653721332550049
11000,mla_coupled,moe,123,1,11,0.06853027641773224,0.05999293178319931,2.653721332550049
11000,mla_coupled,moe,123,1,12,0.06777709722518921,0.06307344138622284,2.653721332550049
11000,mla_coupled,moe,123,1,13,0.06099121272563934,0.06478440016508102,2.653721332550049
11000,mla_coupled,moe,123,1,14,0.060230713337659836,0.06474236398935318,2.653721332550049
11000,mla_coupled,moe,123,1,15,0.07480102777481079,0.05767529457807541,2.653721332550049
11000,mla_coupled,moe,123,2,0,0.06101684644818306,0.06341999024152756,2.159036159515381
11000,mla_coupled,moe,123,2,1,0.05510498210787773,0.06650868058204651,2.159036159515381
11000,mla_coupled,moe,123,2,2,0.06648071110248566,0.0684673860669136,2.159036159515381
11000,mla_coupled,moe,123,2,3,0.06159423664212227,0.0592869408428669,2.159036159515381
11000,mla_coupled,moe,123,2,4,0.05868286266922951,0.05272688344120979,2.159036159515381
11000,mla_coupled,moe,123,2,5,0.06345214694738388,0.05368392542004585,2.159036159515381
11000,mla_coupled,moe,123,2,6,0.04889770597219467,0.05998671427369118,2.159036159515381
11000,mla_coupled,moe,123,2,7,0.056757811456918716,0.05806625261902809,2.159036159515381
11000,mla_coupled,moe,123,2,8,0.07383789122104645,0.07001172751188278,2.159036159515381
11000,mla_coupled,moe,123,2,9,0.05813964828848839,0.06308389455080032,2.159036159515381
11000,mla_coupled,moe,123,2,10,0.07924682646989822,0.07528866827487946,2.159036159515381
11000,mla_coupled,moe,123,2,11,0.06556152552366257,0.062151551246643066,2.159036159515381
11000,mla_coupled,moe,123,2,12,0.05558715760707855,0.06082073599100113,2.159036159515381
11000,mla_coupled,moe,123,2,13,0.05560058727860451,0.05408839136362076,2.159036159515381
11000,mla_coupled,moe,123,2,14,0.08053100854158401,0.06980367004871368,2.159036159515381
11000,mla_coupled,moe,123,2,15,0.059508055448532104,0.06260455399751663,2.159036159515381
11000,mla_coupled,moe,123,3,0,0.050480958074331284,0.051345668733119965,1.5578159093856812
11000,mla_coupled,moe,123,3,1,0.06129272282123566,0.05216241255402565,1.5578159093856812
11000,mla_coupled,moe,123,3,2,0.04750366136431694,0.058053407818078995,1.5578159093856812
11000,mla_coupled,moe,123,3,3,0.07385741919279099,0.07920092344284058,1.5578159093856812
11000,mla_coupled,moe,123,3,4,0.05807739123702049,0.06487303972244263,1.5578159093856812
11000,mla_coupled,moe,123,3,5,0.05991210788488388,0.0535927452147007,1.5578159093856812
11000,mla_coupled,moe,123,3,6,0.08062256127595901,0.0706307664513588,1.5578159093856812
11000,mla_coupled,moe,123,3,7,0.06107543781399727,0.08562595397233963,1.5578159093856812
11000,mla_coupled,moe,123,3,8,0.05161377042531967,0.051747847348451614,1.5578159093856812
11000,mla_coupled,moe,123,3,9,0.06518188118934631,0.07199032604694366,1.5578159093856812
11000,mla_coupled,moe,123,3,10,0.06525878608226776,0.07034675031900406,1.5578159093856812
11000,mla_coupled,moe,123,3,11,0.05860839784145355,0.05168524384498596,1.5578159093856812
11000,mla_coupled,moe,123,3,12,0.04936889559030533,0.05046716704964638,1.5578159093856812
11000,mla_coupled,moe,123,3,13,0.07776611298322678,0.0629308819770813,1.5578159093856812
11000,mla_coupled,moe,123,3,14,0.09980957210063934,0.08094716817140579,1.5578159093856812
11000,mla_coupled,moe,123,3,15,0.039570312947034836,0.04439973458647728,1.5578159093856812
11000,mla_coupled,moe,123,4,0,0.05328369140625,0.06577159464359283,1.228623390197754
11000,mla_coupled,moe,123,4,1,0.08622436225414276,0.0971764624118805,1.228623390197754
11000,mla_coupled,moe,123,4,2,0.047698974609375,0.04314429312944412,1.228623390197754
11000,mla_coupled,moe,123,4,3,0.04407104477286339,0.04935290664434433,1.228623390197754
11000,mla_coupled,moe,123,4,4,0.089752197265625,0.06521396338939667,1.228623390197754
11000,mla_coupled,moe,123,4,5,0.03742431476712227,0.061583708971738815,1.228623390197754
11000,mla_coupled,moe,123,4,6,0.04121460020542145,0.03723416477441788,1.228623390197754
11000,mla_coupled,moe,123,4,7,0.07278198003768921,0.0822594165802002,1.228623390197754
11000,mla_coupled,moe,123,4,8,0.08514159917831421,0.07616099715232849,1.228623390197754
11000,mla_coupled,moe,123,4,9,0.021308593451976776,0.025022540241479874,1.228623390197754
11000,mla_coupled,moe,123,4,10,0.06043335050344467,0.06260078400373459,1.228623390197754
11000,mla_coupled,moe,123,4,11,0.048603516072034836,0.04955625906586647,1.228623390197754
11000,mla_coupled,moe,123,4,12,0.05467285215854645,0.05905010178685188,1.228623390197754
11000,mla_coupled,moe,123,4,13,0.09432616829872131,0.0768149346113205,1.228623390197754
11000,mla_coupled,moe,123,4,14,0.09275634586811066,0.07678582519292831,1.228623390197754
11000,mla_coupled,moe,123,4,15,0.07030639797449112,0.07227199524641037,1.228623390197754
11000,mla_coupled,moe,123,5,0,0.07184936851263046,0.07603105902671814,1.5443133115768433
11000,mla_coupled,moe,123,5,1,0.07938110083341599,0.06057579815387726,1.5443133115768433
11000,mla_coupled,moe,123,5,2,0.06328246742486954,0.06668328493833542,1.5443133115768433
11000,mla_coupled,moe,123,5,3,0.06109252944588661,0.05757557973265648,1.5443133115768433
11000,mla_coupled,moe,123,5,4,0.03060058504343033,0.043221745640039444,1.5443133115768433
11000,mla_coupled,moe,123,5,5,0.041499022394418716,0.042861394584178925,1.5443133115768433
11000,mla_coupled,moe,123,5,6,0.10136474668979645,0.07842010259628296,1.5443133115768433
11000,mla_coupled,moe,123,5,7,0.07289306819438934,0.08607537299394608,1.5443133115768433
11000,mla_coupled,moe,123,5,8,0.040577393025159836,0.060610249638557434,1.5443133115768433
11000,mla_coupled,moe,123,5,9,0.10658203065395355,0.09001023322343826,1.5443133115768433
11000,mla_coupled,moe,123,5,10,0.043110352009534836,0.03949880227446556,1.5443133115768433
11000,mla_coupled,moe,123,5,11,0.03569946438074112,0.05596212297677994,1.5443133115768433
11000,mla_coupled,moe,123,5,12,0.031312257051467896,0.027609961107373238,1.5443133115768433
11000,mla_coupled,moe,123,5,13,0.06752197444438934,0.08038105815649033,1.5443133115768433
11000,mla_coupled,moe,123,5,14,0.06813354790210724,0.06612146645784378,1.5443133115768433
11000,mla_coupled,moe,123,5,15,0.08510009944438934,0.06836174428462982,1.5443133115768433
11500,mla_coupled,moe,123,1,0,0.060371093451976776,0.06265927851200104,2.6493570804595947
11500,mla_coupled,moe,123,1,1,0.05759521573781967,0.06227712705731392,2.6493570804595947
11500,mla_coupled,moe,123,1,2,0.06295288354158401,0.06476325541734695,2.6493570804595947
11500,mla_coupled,moe,123,1,3,0.08037597686052322,0.058755598962306976,2.6493570804595947
11500,mla_coupled,moe,123,1,4,0.05009155347943306,0.06090408191084862,2.6493570804595947
11500,mla_coupled,moe,123,1,5,0.06946533173322678,0.06297505646944046,2.6493570804595947
11500,mla_coupled,moe,123,1,6,0.05857788026332855,0.06603150069713593,2.6493570804595947
11500,mla_coupled,moe,123,1,7,0.04937500134110451,0.06335517019033432,2.6493570804595947
11500,mla_coupled,moe,123,1,8,0.06331787258386612,0.06363333016633987,2.6493570804595947
11500,mla_coupled,moe,123,1,9,0.06770507991313934,0.06633099913597107,2.6493570804595947
11500,mla_coupled,moe,123,1,10,0.07191040366888046,0.06095621734857559,2.6493570804595947
11500,mla_coupled,moe,123,1,11,0.051966551691293716,0.05922974273562431,2.6493570804595947
11500,mla_coupled,moe,123,1,12,0.059895019978284836,0.06207219138741493,2.6493570804595947
11500,mla_coupled,moe,123,1,13,0.061400145292282104,0.0640903115272522,2.6493570804595947
11500,mla_coupled,moe,123,1,14,0.05806030333042145,0.06364099681377411,2.6493570804595947
11500,mla_coupled,moe,123,1,15,0.07693969458341599,0.0583251491189003,2.6493570804595947
11500,mla_coupled,moe,123,2,0,0.056306153535842896,0.061221662908792496,2.1574230194091797
11500,mla_coupled,moe,123,2,1,0.059599608182907104,0.06931786239147186,2.1574230194091797
11500,mla_coupled,moe,123,2,2,0.06646972894668579,0.06851863861083984,2.1574230194091797
11500,mla_coupled,moe,123,2,3,0.06168457120656967,0.05883179232478142,2.1574230194091797
11500,mla_coupled,moe,123,2,4,0.058983154594898224,0.05319003015756607,2.1574230194091797
11500,mla_coupled,moe,123,2,5,0.06191650405526161,0.053159624338150024,2.1574230194091797
11500,mla_coupled,moe,123,2,6,0.052235107868909836,0.061974331736564636,2.1574230194091797
11500,mla_coupled,moe,123,2,7,0.05625610426068306,0.05840667337179184,2.1574230194091797
11500,mla_coupled,moe,123,2,8,0.07364623993635178,0.0705782026052475,2.1574230194091797
11500,mla_coupled,moe,123,2,9,0.06006713956594467,0.06401827186346054,2.1574230194091797
11500,mla_coupled,moe,123,2,10,0.07901488989591599,0.07471446692943573,2.1574230194091797
11500,mla_coupled,moe,123,2,11,0.06525390595197678,0.06257637590169907,2.1574230194091797
11500,mla_coupled,moe,123,2,12,0.051398925483226776,0.05896743759512901,2.1574230194091797
11500,mla_coupled,moe,123,2,13,0.05761108547449112,0.05448585003614426,2.1574230194091797
11500,mla_coupled,moe,123,2,14,0.08086791634559631,0.06846563518047333,2.1574230194091797
11500,mla_coupled,moe,123,2,15,0.05868896469473839,0.06157315894961357,2.1574230194091797
11500,mla_coupled,moe,123,3,0,0.051091309636831284,0.05309712514281273,1.5450230836868286
11500,mla_coupled,moe,123,3,1,0.06209716945886612,0.052246998995542526,1.5450230836868286
11500,mla_coupled,moe,123,3,2,0.04720092937350273,0.05754650756716728,1.5450230836868286
11500,mla_coupled,moe,123,3,3,0.07532837241888046,0.08143308758735657,1.5450230836868286
11500,mla_coupled,moe,123,3,4,0.05674194172024727,0.06417103111743927,1.5450230836868286
11500,mla_coupled,moe,123,3,5,0.06361572444438934,0.05486622825264931,1.5450230836868286
11500,mla_coupled,moe,123,3,6,0.08144287019968033,0.06895896047353745,1.5450230836868286
11500,mla_coupled,moe,123,3,7,0.06191650405526161,0.0872095599770546,1.5450230836868286
11500,mla_coupled,moe,123,3,8,0.05137817561626434,0.050759635865688324,1.5450230836868286
11500,mla_coupled,moe,123,3,9,0.0643322765827179,0.07200417667627335,1.5450230836868286
11500,mla_coupled,moe,123,3,10,0.06433593481779099,0.06901958584785461,1.5450230836868286
11500,mla_coupled,moe,123,3,11,0.05449829250574112,0.04895680025219917,1.5450230836868286
11500,mla_coupled,moe,123,3,12,0.04622802883386612,0.049753542989492416,1.5450230836868286
11500,mla_coupled,moe,123,3,13,0.07697875797748566,0.06291995197534561,1.5450230836868286
11500,mla_coupled,moe,123,3,14,0.099609375,0.07991296052932739,1.5450230836868286
11500,mla_coupled,moe,123,3,15,0.04320434480905533,0.0471438504755497,1.5450230836868286
11500,mla_coupled,moe,123,4,0,0.05179077014327049,0.06433555483818054,1.2290712594985962
11500,mla_coupled,moe,123,4,1,0.08728515356779099,0.09583142399787903,1.2290712594985962
11500,mla_coupled,moe,123,4,2,0.04991088807582855,0.04478444531559944,1.2290712594985962
11500,mla_coupled,moe,123,4,3,0.041737060993909836,0.04696907475590706,1.2290712594985962
11500,mla_coupled,moe,123,4,4,0.08841796964406967,0.06557387113571167,1.2290712594985962
11500,mla_coupled,moe,123,4,5,0.03890136629343033,0.06394791603088379,1.2290712594985962
11500,mla_coupled,moe,123,4,6,0.043824464082717896,0.0379830077290535,1.2290712594985962
11500,mla_coupled,moe,123,4,7,0.07116454839706421,0.07981596142053604,1.2290712594985962
11500,mla_coupled,moe,123,4,8,0.08784301578998566,0.07809806615114212,1.2290712594985962
11500,mla_coupled,moe,123,4,9,0.019730225205421448,0.024641871452331543,1.2290712594985962
11500,mla_coupled,moe,123,4,10,0.05941162258386612,0.06220485642552376,1.2290712594985962
11500,mla_coupled,moe,123,4,11,0.048894044011831284,0.05011948198080063,1.2290712594985962
11500,mla_coupled,moe,123,4,12,0.054545897990465164,0.058827485889196396,1.2290712594985962
11500,mla_coupled,moe,123,4,13,0.09097656607627869,0.0758068710565567,1.2290712594985962
11500,mla_coupled,moe,123,4,14,0.09303222596645355,0.0764925628900528,1.2290712594985962
11500,mla_coupled,moe,123,4,15,0.07253418117761612,0.0745675265789032,1.2290712594985962
11500,mla_coupled,moe,123,5,0,0.06876098364591599,0.07252062112092972,1.535555362701416
11500,mla_coupled,moe,123,5,1,0.07832153141498566,0.0608796589076519,1.535555362701416
11500,mla_coupled,moe,123,5,2,0.06432617455720901,0.06738156080245972,1.535555362701416
11500,mla_coupled,moe,123,5,3,0.06064086779952049,0.05839543044567108,1.535555362701416
11500,mla_coupled,moe,123,5,4,0.031015625223517418,0.04340840503573418,1.535555362701416
11500,mla_coupled,moe,123,5,5,0.04155883938074112,0.042159367352724075,1.535555362701416
11500,mla_coupled,moe,123,5,6,0.09992065280675888,0.07718896120786667,1.535555362701416
11500,mla_coupled,moe,123,5,7,0.07250366359949112,0.08654604107141495,1.535555362701416
11500,mla_coupled,moe,123,5,8,0.042326658964157104,0.06214147061109543,1.535555362701416
11500,mla_coupled,moe,123,5,9,0.10254150629043579,0.08743882924318314,1.535555362701416
11500,mla_coupled,moe,123,5,10,0.04800659045577049,0.04227292910218239,1.535555362701416
11500,mla_coupled,moe,123,5,11,0.03483642637729645,0.05506782978773117,1.535555362701416
11500,mla_coupled,moe,123,5,12,0.03138671815395355,0.027579568326473236,1.535555362701416
11500,mla_coupled,moe,123,5,13,0.06852295249700546,0.07902582734823227,1.535555362701416
11500,mla_coupled,moe,123,5,14,0.0666516125202179,0.0653439462184906,1.535555362701416
11500,mla_coupled,moe,123,5,15,0.08867920190095901,0.07264956086874008,1.535555362701416
12000,mla_coupled,moe,123,1,0,0.057524412870407104,0.06234019622206688,2.6487035751342773
12000,mla_coupled,moe,123,1,1,0.0751965343952179,0.0630030483007431,2.6487035751342773
12000,mla_coupled,moe,123,1,2,0.059608153998851776,0.06383588910102844,2.6487035751342773
12000,mla_coupled,moe,123,1,3,0.06226196140050888,0.05744955688714981,2.6487035751342773
12000,mla_coupled,moe,123,1,4,0.06615356355905533,0.061837997287511826,2.6487035751342773
12000,mla_coupled,moe,123,1,5,0.06000122055411339,0.06020383536815643,2.6487035751342773
12000,mla_coupled,moe,123,1,6,0.058441162109375,0.0661778673529625,2.6487035751342773
12000,mla_coupled,moe,123,1,7,0.054011229425668716,0.06477349996566772,2.6487035751342773
12000,mla_coupled,moe,123,1,8,0.06837402284145355,0.06478691846132278,2.6487035751342773
12000,mla_coupled,moe,123,1,9,0.05796630680561066,0.0651458278298378,2.6487035751342773
12000,mla_coupled,moe,123,1,10,0.07096679508686066,0.06056242063641548,2.6487035751342773
12000,mla_coupled,moe,123,1,11,0.05213623121380806,0.05865707993507385,2.6487035751342773
12000,mla_coupled,moe,123,1,12,0.06488647311925888,0.06324885785579681,2.6487035751342773
12000,mla_coupled,moe,123,1,13,0.06857787817716599,0.06487777084112167,2.6487035751342773
12000,mla_coupled,moe,123,1,14,0.0672619640827179,0.06585941463708878,2.6487035751342773
12000,mla_coupled,moe,123,1,15,0.05663207918405533,0.05723981931805611,2.6487035751342773
12000,mla_coupled,moe,123,2,0,0.059111326932907104,0.06316351890563965,2.1517701148986816
12000,mla_coupled,moe,123,2,1,0.055389404296875,0.06645641475915909,2.1517701148986816
12000,mla_coupled,moe,123,2,2,0.06532104313373566,0.06834305077791214,2.1517701148986816
12000,mla_coupled,moe,123,2,3,0.06243530288338661,0.05946808680891991,2.1517701148986816
12000,mla_coupled,moe,123,2,4,0.062255859375,0.05469148978590965,2.1517701148986816
12000,mla_coupled,moe,123,2,5,0.06421630829572678,0.05449803173542023,2.1517701148986816
12000,mla_coupled,moe,123,2,6,0.05226196348667145,0.061756521463394165,2.1517701148986816
12000,mla_coupled,moe,123,2,7,0.055296629667282104,0.05750170722603798,2.1517701148986816
12000,mla_coupled,moe,123,2,8,0.07346435636281967,0.06982512772083282,2.1517701148986816
12000,mla_coupled,moe,123,2,9,0.05589233338832855,0.06171856448054314,2.1517701148986816
12000,mla_coupled,moe,123,2,10,0.078643798828125,0.07461009174585342,2.1517701148986816
12000,mla_coupled,moe,123,2,11,0.06456909328699112,0.06154784560203552,2.1517701148986816
12000,mla_coupled,moe,123,2,12,0.05046020448207855,0.057898201048374176,2.1517701148986816
12000,mla_coupled,moe,123,2,13,0.06052978336811066,0.05607565492391586,2.1517701148986816
12000,mla_coupled,moe,123,2,14,0.08006469905376434,0.06899049878120422,2.1517701148986816
12000,mla_coupled,moe,123,2,15,0.060087889432907104,0.06345517933368683,2.1517701148986816
12000,mla_coupled,moe,123,3,0,0.051551513373851776,0.053896643221378326,1.5419669151306152
12000,mla_coupled,moe,123,3,1,0.0631091296672821,0.05332791805267334,1.5419669151306152
12000,mla_coupled,moe,123,3,2,0.047431640326976776,0.05817330256104469,1.5419669151306152
12000,mla_coupled,moe,123,3,3,0.07233276218175888,0.07916342467069626,1.5419669151306152
12000,mla_coupled,moe,123,3,4,0.0577392578125,0.06478334218263626,1.5419669151306152
12000,mla_coupled,moe,123,3,5,0.06075683608651161,0.05234065651893616,1.5419669151306152
12000,mla_coupled,moe,123,3,6,0.08298584073781967,0.07131814956665039,1.5419669151306152
12000,mla_coupled,moe,123,3,7,0.06128539890050888,0.08461564034223557,1.5419669151306152
12000,mla_coupled,moe,123,3,8,0.05335082858800888,0.05330226570367813,1.5419669151306152
12000,mla_coupled,moe,123,3,9,0.06656982749700546,0.07414058595895767,1.5419669151306152
12000,mla_coupled,moe,123,3,10,0.06398193538188934,0.07003530859947205,1.5419669151306152
12000,mla_coupled,moe,123,3,11,0.055656738579273224,0.04911697283387184,1.5419669151306152
12000,mla_coupled,moe,123,3,12,0.04761962965130806,0.050268203020095825,1.5419669151306152
12000,mla_coupled,moe,123,3,13,0.07574218511581421,0.06175787001848221,1.5419669151306152
12000,mla_coupled,moe,123,3,14,0.09808349609375,0.07787628471851349,1.5419669151306152
12000,mla_coupled,moe,123,3,15,0.04180298000574112,0.04588346928358078,1.5419669151306152
12000,mla_coupled,moe,123,4,0,0.05285034328699112,0.06504818052053452,1.236396074295044
12000,mla_coupled,moe,123,4,1,0.08598022162914276,0.09652220457792282,1.236396074295044
12000,mla_coupled,moe,123,4,2,0.05302368104457855,0.04647423326969147,1.236396074295044
12000,mla_coupled,moe,123,4,3,0.04391113296151161,0.04867883026599884,1.236396074295044
12000,mla_coupled,moe,123,4,4,0.08672485500574112,0.06351050734519958,1.236396074295044
12000,mla_coupled,moe,123,4,5,0.03770141676068306,0.06126211956143379,1.236396074295044
12000,mla_coupled,moe,123,4,6,0.04090210050344467,0.03686399757862091,1.236396074295044
12000,mla_coupled,moe,123,4,7,0.07244018465280533,0.08136653155088425,1.236396074295044
12000,mla_coupled,moe,123,4,8,0.08570556342601776,0.07644209265708923,1.236396074295044
12000,mla_coupled,moe,123,4,9,0.023898925632238388,0.028413992375135422,1.236396074295044
12000,mla_coupled,moe,123,4,10,0.06030517444014549,0.06363958865404129,1.236396074295044
12000,mla_coupled,moe,123,4,11,0.050145264714956284,0.05106270685791969,1.236396074295044
12000,mla_coupled,moe,123,4,12,0.0546875,0.05913952365517616,1.236396074295044
12000,mla_coupled,moe,123,4,13,0.09177245944738388,0.07617542892694473,1.236396074295044
12000,mla_coupled,moe,123,4,14,0.09010741859674454,0.07347002625465393,1.236396074295044
12000,mla_coupled,moe,123,4,15,0.06984374672174454,0.07192999124526978,1.236396074295044
12000,mla_coupled,moe,123,5,0,0.06911864876747131,0.07449016720056534,1.5469218492507935
12000,mla_coupled,moe,123,5,1,0.07876098901033401,0.06063415855169296,1.5469218492507935
12000,mla_coupled,moe,123,5,2,0.06424804776906967,0.06592461466789246,1.5469218492507935
12000,mla_coupled,moe,123,5,3,0.06124633923172951,0.058314647525548935,1.5469218492507935
12000,mla_coupled,moe,123,5,4,0.032591551542282104,0.04553556069731712,1.5469218492507935
12000,mla_coupled,moe,123,5,5,0.040855713188648224,0.042595960199832916,1.5469218492507935
12000,mla_coupled,moe,123,5,6,0.1015625,0.07868406921625137,1.5469218492507935
12000,mla_coupled,moe,123,5,7,0.07166259735822678,0.08460263907909393,1.5469218492507935
12000,mla_coupled,moe,123,5,8,0.04131836071610451,0.06155908480286598,1.5469218492507935
12000,mla_coupled,moe,123,5,9,0.10171753168106079,0.08721116930246353,1.5469218492507935
12000,mla_coupled,moe,123,5,10,0.04834228381514549,0.04333510249853134,1.5469218492507935
12000,mla_coupled,moe,123,5,11,0.03350830078125,0.05375557392835617,1.5469218492507935
12000,mla_coupled,moe,123,5,12,0.03381591662764549,0.03035777620971203,1.5469218492507935
12000,mla_coupled,moe,123,5,13,0.06666015833616257,0.07656531035900116,1.5469218492507935
12000,mla_coupled,moe,123,5,14,0.06899047642946243,0.06770161539316177,1.5469218492507935
12000,mla_coupled,moe,123,5,15,0.0856005847454071,0.06873257458209991,1.5469218492507935
12500,mla_coupled,moe,123,1,0,0.07227050513029099,0.06322215497493744,2.646786689758301
12500,mla_coupled,moe,123,1,1,0.06747680902481079,0.06266787648200989,2.646786689758301
12500,mla_coupled,moe,123,1,2,0.06371093541383743,0.06484872102737427,2.646786689758301
12500,mla_coupled,moe,123,1,3,0.06151977553963661,0.0567871630191803,2.646786689758301
12500,mla_coupled,moe,123,1,4,0.057615965604782104,0.06034822389483452,2.646786689758301
12500,mla_coupled,moe,123,1,5,0.06342529505491257,0.0616418682038784,2.646786689758301
12500,mla_coupled,moe,123,1,6,0.05681762844324112,0.06545829027891159,2.646786689758301
12500,mla_coupled,moe,123,1,7,0.060484617948532104,0.06504198908805847,2.646786689758301
12500,mla_coupled,moe,123,1,8,0.06968627870082855,0.06559865176677704,2.646786689758301
12500,mla_coupled,moe,123,1,9,0.0704357922077179,0.06699614226818085,2.646786689758301
12500,mla_coupled,moe,123,1,10,0.0727832019329071,0.06102428585290909,2.646786689758301
12500,mla_coupled,moe,123,1,11,0.052891846746206284,0.059196148067712784,2.646786689758301
12500,mla_coupled,moe,123,1,12,0.06702636927366257,0.06338849663734436,2.646786689758301
12500,mla_coupled,moe,123,1,13,0.058482665568590164,0.06378859281539917,2.646786689758301
12500,mla_coupled,moe,123,1,14,0.05741332843899727,0.06385600566864014,2.646786689758301
12500,mla_coupled,moe,123,1,15,0.04795898497104645,0.05613534525036812,2.646786689758301
12500,mla_coupled,moe,123,2,0,0.05889892578125,0.06300825625658035,2.1459743976593018
12500,mla_coupled,moe,123,2,1,0.05358276516199112,0.06591054797172546,2.1459743976593018
12500,mla_coupled,moe,123,2,2,0.06511963158845901,0.0684342160820961,2.1459743976593018
12500,mla_coupled,moe,123,2,3,0.06019409000873566,0.05925529822707176,2.1459743976593018
12500,mla_coupled,moe,123,2,4,0.06464477628469467,0.055078137665987015,2.1459743976593018
12500,mla_coupled,moe,123,2,5,0.07365600764751434,0.05799899995326996,2.1459743976593018
12500,mla_coupled,moe,123,2,6,0.051677245646715164,0.06192617863416672,2.1459743976593018
12500,mla_coupled,moe,123,2,7,0.05473510921001434,0.057222917675971985,2.1459743976593018
12500,mla_coupled,moe,123,2,8,0.07460327446460724,0.0715058445930481,2.1459743976593018
12500,mla_coupled,moe,123,2,9,0.05653442442417145,0.06239838898181915,2.1459743976593018
12500,mla_coupled,moe,123,2,10,0.07771606743335724,0.07379770278930664,2.1459743976593018
12500,mla_coupled,moe,123,2,11,0.0644824206829071,0.0615273080766201,2.1459743976593018
12500,mla_coupled,moe,123,2,12,0.04901367053389549,0.05641120299696922,2.1459743976593018
12500,mla_coupled,moe,123,2,13,0.055852051824331284,0.0538201630115509,2.1459743976593018
12500,mla_coupled,moe,123,2,14,0.08250732719898224,0.06981130689382553,2.1459743976593018
12500,mla_coupled,moe,123,2,15,0.056782227009534836,0.06189350038766861,2.1459743976593018
12500,mla_coupled,moe,123,3,0,0.04779418930411339,0.051293667405843735,1.5443536043167114
12500,mla_coupled,moe,123,3,1,0.06416992098093033,0.05371352285146713,1.5443536043167114
12500,mla_coupled,moe,123,3,2,0.05018310621380806,0.06035515293478966,1.5443536043167114
12500,mla_coupled,moe,123,3,3,0.07494140416383743,0.0807439535856247,1.5443536043167114
12500,mla_coupled,moe,123,3,4,0.05701293796300888,0.06584709882736206,1.5443536043167114
12500,mla_coupled,moe,123,3,5,0.06084838882088661,0.052144456654787064,1.5443536043167114
12500,mla_coupled,moe,123,3,6,0.08193725347518921,0.0698455423116684,1.5443536043167114
12500,mla_coupled,moe,123,3,7,0.06208251789212227,0.0865827202796936,1.5443536043167114
12500,mla_coupled,moe,123,3,8,0.050537109375,0.0503520667552948,1.5443536043167114
12500,mla_coupled,moe,123,3,9,0.06572631746530533,0.07416730374097824,1.5443536043167114
12500,mla_coupled,moe,123,3,10,0.06404297053813934,0.06949593871831894,1.5443536043167114
12500,mla_coupled,moe,123,3,11,0.05684570223093033,0.05103142559528351,1.5443536043167114
12500,mla_coupled,moe,123,3,12,0.04766845703125,0.050578564405441284,1.5443536043167114
12500,mla_coupled,moe,123,3,13,0.07737548649311066,0.061636246740818024,1.5443536043167114
12500,mla_coupled,moe,123,3,14,0.09734252840280533,0.07636525481939316,1.5443536043167114
12500,mla_coupled,moe,123,3,15,0.04149169847369194,0.04584705829620361,1.5443536043167114
12500,mla_coupled,moe,123,4,0,0.054558105766773224,0.0677703320980072,1.2283819913864136
12500,mla_coupled,moe,123,4,1,0.08904296904802322,0.09874066710472107,1.2283819913864136
12500,mla_coupled,moe,123,4,2,0.04844726622104645,0.043057847768068314,1.2283819913864136
12500,mla_coupled,moe,123,4,3,0.04411010816693306,0.049209870398044586,1.2283819913864136
12500,mla_coupled,moe,123,4,4,0.08750488609075546,0.06547638773918152,1.2283819913864136
12500,mla_coupled,moe,123,4,5,0.036754149943590164,0.06158597767353058,1.2283819913864136
12500,mla_coupled,moe,123,4,6,0.042247314006090164,0.03746260702610016,1.2283819913864136
12500,mla_coupled,moe,123,4,7,0.06956298649311066,0.07834021747112274,1.2283819913864136
12500,mla_coupled,moe,123,4,8,0.08967773616313934,0.07874774187803268,1.2283819913864136
12500,mla_coupled,moe,123,4,9,0.02062377892434597,0.025678901001811028,1.2283819913864136
12500,mla_coupled,moe,123,4,10,0.060161132365465164,0.06241637095808983,1.2283819913864136
12500,mla_coupled,moe,123,4,11,0.046214599162340164,0.04684172570705414,1.2283819913864136
12500,mla_coupled,moe,123,4,12,0.05634399503469467,0.06083438917994499,1.2283819913864136
12500,mla_coupled,moe,123,4,13,0.09365112334489822,0.07749646157026291,1.2283819913864136
12500,mla_coupled,moe,123,4,14,0.09080566465854645,0.07382325828075409,1.2283819913864136
12500,mla_coupled,moe,123,4,15,0.07029418647289276,0.07251723110675812,1.2283819913864136
12500,mla_coupled,moe,123,5,0,0.06990600377321243,0.07453098148107529,1.5392417907714844
12500,mla_coupled,moe,123,5,1,0.07996460050344467,0.0614401139318943,1.5392417907714844
12500,mla_coupled,moe,123,5,2,0.06088623031973839,0.06381537765264511,1.5392417907714844
12500,mla_coupled,moe,123,5,3,0.05999389663338661,0.05749254673719406,1.5392417907714844
12500,mla_coupled,moe,123,5,4,0.029350586235523224,0.04162316769361496,1.5392417907714844
12500,mla_coupled,moe,123,5,5,0.03926757723093033,0.04168380796909332,1.5392417907714844
12500,mla_coupled,moe,123,5,6,0.10155883431434631,0.07777968049049377,1.5392417907714844
12500,mla_coupled,moe,123,5,7,0.0723559558391571,0.08595166355371475,1.5392417907714844
12500,mla_coupled,moe,123,5,8,0.04087890684604645,0.06085257977247238,1.5392417907714844
12500,mla_coupled,moe,123,5,9,0.10349365323781967,0.08798536658287048,1.5392417907714844
12500,mla_coupled,moe,123,5,10,0.05335937440395355,0.047036364674568176,1.5392417907714844
12500,mla_coupled,moe,123,5,11,0.03451782092452049,0.0552978478372097,1.5392417907714844
12500,mla_coupled,moe,123,5,12,0.03458984196186066,0.03138396516442299,1.5392417907714844
12500,mla_coupled,moe,123,5,13,0.0690930187702179,0.07932679355144501,1.5392417907714844
12500,mla_coupled,moe,123,5,14,0.06574828922748566,0.06459496915340424,1.5392417907714844
12500,mla_coupled,moe,123,5,15,0.08503539860248566,0.06920480728149414,1.5392417907714844
13000,mla_coupled,moe,123,1,0,0.06184936687350273,0.06224100664258003,2.6441893577575684
13000,mla_coupled,moe,123,1,1,0.051179200410842896,0.06168061122298241,2.6441893577575684
13000,mla_coupled,moe,123,1,2,0.06564819067716599,0.06478902697563171,2.6441893577575684
13000,mla_coupled,moe,123,1,3,0.05419555678963661,0.05653628706932068,2.6441893577575684
13000,mla_coupled,moe,123,1,4,0.06019531190395355,0.06018684431910515,2.6441893577575684
13000,mla_coupled,moe,123,1,5,0.06581054627895355,0.06246626377105713,2.6441893577575684
13000,mla_coupled,moe,123,1,6,0.06278564780950546,0.06604243814945221,2.6441893577575684
13000,mla_coupled,moe,123,1,7,0.05267333984375,0.06434836983680725,2.6441893577575684
13000,mla_coupled,moe,123,1,8,0.06749755889177322,0.06525979191064835,2.6441893577575684
13000,mla_coupled,moe,123,1,9,0.058012694120407104,0.06532157212495804,2.6441893577575684
13000,mla_coupled,moe,123,1,10,0.07083617895841599,0.060686711221933365,2.6441893577575684
13000,mla_coupled,moe,123,1,11,0.081298828125,0.05983301252126694,2.6441893577575684
13000,mla_coupled,moe,123,1,12,0.06929809600114822,0.0646272599697113,2.6441893577575684
13000,mla_coupled,moe,123,1,13,0.05913940444588661,0.06401331722736359,2.6441893577575684
13000,mla_coupled,moe,123,1,14,0.06419799476861954,0.06535442173480988,2.6441893577575684
13000,mla_coupled,moe,123,1,15,0.055382080376148224,0.056613072752952576,2.6441893577575684
13000,mla_coupled,moe,123,2,0,0.06024169921875,0.06328130513429642,2.1286544799804688
13000,mla_coupled,moe,123,2,1,0.05601318180561066,0.06836813688278198,2.1286544799804688
13000,mla_coupled,moe,123,2,2,0.06475463509559631,0.0678558424115181,2.1286544799804688
13000,mla_coupled,moe,123,2,3,0.06180664151906967,0.05910647287964821,2.1286544799804688
13000,mla_coupled,moe,123,2,4,0.06377319246530533,0.05526776611804962,2.1286544799804688
13000,mla_coupled,moe,123,2,5,0.06805419921875,0.05628357455134392,2.1286544799804688
13000,mla_coupled,moe,123,2,6,0.05430297926068306,0.06317725032567978,2.1286544799804688
13000,mla_coupled,moe,123,2,7,0.05479980632662773,0.05836813896894455,2.1286544799804688
13000,mla_coupled,moe,123,2,8,0.07388672232627869,0.07010818272829056,2.1286544799804688
13000,mla_coupled,moe,123,2,9,0.056007079780101776,0.0617884024977684,2.1286544799804688
13000,mla_coupled,moe,123,2,10,0.07756347954273224,0.07367267459630966,2.1286544799804688
13000,mla_coupled,moe,123,2,11,0.0664660632610321,0.06258638203144073,2.1286544799804688
13000,mla_coupled,moe,123,2,12,0.047675780951976776,0.05535842850804329,2.1286544799804688
13000,mla_coupled,moe,123,2,13,0.05761962756514549,0.05448940768837929,2.1286544799804688
13000,mla_coupled,moe,123,2,14,0.08211670070886612,0.06983157992362976,2.1286544799804688
13000,mla_coupled,moe,123,2,15,0.05491821467876434,0.06045650318264961,2.1286544799804688
13000,mla_coupled,moe,123,3,0,0.050725098699331284,0.05358582362532616,1.5537601709365845
13000,mla_coupled,moe,123,3,1,0.06427978724241257,0.05425708740949631,1.5537601709365845
13000,mla_coupled,moe,123,3,2,0.04711303859949112,0.05778338760137558,1.5537601709365845
13000,mla_coupled,moe,123,3,3,0.07008667290210724,0.07410190999507904,1.5537601709365845
13000,mla_coupled,moe,123,3,4,0.05567382648587227,0.06427803635597229,1.5537601709365845
13000,mla_coupled,moe,123,3,5,0.06478027254343033,0.054523173719644547,1.5537601709365845
13000,mla_coupled,moe,123,3,6,0.07730957120656967,0.06774112582206726,1.5537601709365845
13000,mla_coupled,moe,123,3,7,0.06080322340130806,0.08450564742088318,1.5537601709365845
13000,mla_coupled,moe,123,3,8,0.05514770373702049,0.05410841479897499,1.5537601709365845
13000,mla_coupled,moe,123,3,9,0.06456176936626434,0.07194698601961136,1.5537601709365845
13000,mla_coupled,moe,123,3,10,0.06284057348966599,0.06849965453147888,1.5537601709365845
13000,mla_coupled,moe,123,3,11,0.055195312947034836,0.05032041668891907,1.5537601709365845
13000,mla_coupled,moe,123,3,12,0.04751220718026161,0.05030478164553642,1.5537601709365845
13000,mla_coupled,moe,123,3,13,0.07890258729457855,0.06339949369430542,1.5537601709365845
13000,mla_coupled,moe,123,3,14,0.10078613460063934,0.0827849879860878,1.5537601709365845
13000,mla_coupled,moe,123,3,15,0.044282227754592896,0.0478590726852417,1.5537601709365845
13000,mla_coupled,moe,123,4,0,0.05201049894094467,0.06466031819581985,1.2312465906143188
13000,mla_coupled,moe,123,4,1,0.08621826022863388,0.09599024057388306,1.2312465906143188
13000,mla_coupled,moe,123,4,2,0.048980712890625,0.04543314874172211,1.2312465906143188
13000,mla_coupled,moe,123,4,3,0.04356200993061066,0.048633188009262085,1.2312465906143188
13000,mla_coupled,moe,123,4,4,0.08689209073781967,0.06532406806945801,1.2312465906143188
13000,mla_coupled,moe,123,4,5,0.03846924006938934,0.06208912283182144,1.2312465906143188
13000,mla_coupled,moe,123,4,6,0.041584473103284836,0.03695496544241905,1.2312465906143188
13000,mla_coupled,moe,123,4,7,0.07204345613718033,0.07966912537813187,1.2312465906143188
13000,mla_coupled,moe,123,4,8,0.08689086884260178,0.07612929493188858,1.2312465906143188
13000,mla_coupled,moe,123,4,9,0.02321777306497097,0.0278391782194376,1.2312465906143188
13000,mla_coupled,moe,123,4,10,0.06025146320462227,0.0623457133769989,1.2312465906143188
13000,mla_coupled,moe,123,4,11,0.051604002714157104,0.053090568631887436,1.2312465906143188
13000,mla_coupled,moe,123,4,12,0.055714111775159836,0.060317378491163254,1.2312465906143188
13000,mla_coupled,moe,123,4,13,0.09067139029502869,0.07515991479158401,1.2312465906143188
13000,mla_coupled,moe,123,4,14,0.09310668706893921,0.07739583402872086,1.2312465906143188
13000,mla_coupled,moe,123,4,15,0.06878295540809631,0.06896794587373734,1.2312465906143188
13000,mla_coupled,moe,123,5,0,0.06513061374425888,0.07078251987695694,1.5315722227096558
13000,mla_coupled,moe,123,5,1,0.07750488072633743,0.05899221822619438,1.5315722227096558
13000,mla_coupled,moe,123,5,2,0.06611938774585724,0.06864851713180542,1.5315722227096558
13000,mla_coupled,moe,123,5,3,0.06298583745956421,0.06014096364378929,1.5315722227096558
13000,mla_coupled,moe,123,5,4,0.03349853679537773,0.04593811556696892,1.5315722227096558
13000,mla_coupled,moe,123,5,5,0.04112426936626434,0.04302074760198593,1.5315722227096558
13000,mla_coupled,moe,123,5,6,0.09929077327251434,0.07628770172595978,1.5315722227096558
13000,mla_coupled,moe,123,5,7,0.06918822973966599,0.08288578689098358,1.5315722227096558
13000,mla_coupled,moe,123,5,8,0.03898437321186066,0.05844245105981827,1.5315722227096558
13000,mla_coupled,moe,123,5,9,0.10295654088258743,0.08842019736766815,1.5315722227096558
13000,mla_coupled,moe,123,5,10,0.054814454168081284,0.047899190336465836,1.5315722227096558
13000,mla_coupled,moe,123,5,11,0.03215087950229645,0.05299345403909683,1.5315722227096558
13000,mla_coupled,moe,123,5,12,0.03321167081594467,0.029680663719773293,1.5315722227096558
13000,mla_coupled,moe,123,5,13,0.0664050281047821,0.07704344391822815,1.5315722227096558
13000,mla_coupled,moe,123,5,14,0.06831543147563934,0.06681910157203674,1.5315722227096558
13000,mla_coupled,moe,123,5,15,0.0883190929889679,0.07200492173433304,1.5315722227096558
13500,mla_coupled,moe,123,1,0,0.06268677115440369,0.06269417703151703,2.642249822616577
13500,mla_coupled,moe,123,1,1,0.06980469077825546,0.06259869784116745,2.642249822616577
13500,mla_coupled,moe,123,1,2,0.05986084043979645,0.06362761557102203,2.642249822616577
13500,mla_coupled,moe,123,1,3,0.05692749097943306,0.05687682330608368,2.642249822616577
13500,mla_coupled,moe,123,1,4,0.059022217988967896,0.060556549578905106,2.642249822616577
13500,mla_coupled,moe,123,1,5,0.06273071467876434,0.061595357954502106,2.642249822616577
13500,mla_coupled,moe,123,1,6,0.059855956584215164,0.06670919060707092,2.642249822616577
13500,mla_coupled,moe,123,1,7,0.05763305723667145,0.06544788181781769,2.642249822616577
13500,mla_coupled,moe,123,1,8,0.06307373195886612,0.06377750635147095,2.642249822616577
13500,mla_coupled,moe,123,1,9,0.06282592564821243,0.06627463549375534,2.642249822616577
13500,mla_coupled,moe,123,1,10,0.06982177495956421,0.05996748432517052,2.642249822616577
13500,mla_coupled,moe,123,1,11,0.05617675930261612,0.0592668280005455,2.642249822616577
13500,mla_coupled,moe,123,1,12,0.0625927746295929,0.06342865526676178,2.642249822616577
13500,mla_coupled,moe,123,1,13,0.06874267756938934,0.06546919047832489,2.642249822616577
13500,mla_coupled,moe,123,1,14,0.06038818508386612,0.06447078287601471,2.642249822616577
13500,mla_coupled,moe,123,1,15,0.06785644590854645,0.0572386160492897,2.642249822616577
13500,mla_coupled,moe,123,2,0,0.05903686583042145,0.06280668079853058,2.130352020263672
13500,mla_coupled,moe,123,2,1,0.05567748844623566,0.06781022250652313,2.130352020263672
13500,mla_coupled,moe,123,2,2,0.06087646633386612,0.06599981337785721,2.130352020263672
13500,mla_coupled,moe,123,2,3,0.06249633803963661,0.060053449124097824,2.130352020263672
13500,mla_coupled,moe,123,2,4,0.061866454780101776,0.0539366714656353,2.130352020263672
13500,mla_coupled,moe,123,2,5,0.07116454839706421,0.05648718774318695,2.130352020263672
13500,mla_coupled,moe,123,2,6,0.04792968928813934,0.05954849347472191,2.130352020263672
13500,mla_coupled,moe,123,2,7,0.055042725056409836,0.0582549013197422,2.130352020263672
13500,mla_coupled,moe,123,2,8,0.07286743074655533,0.06941753625869751,2.130352020263672
13500,mla_coupled,moe,123,2,9,0.060352783650159836,0.06453391909599304,2.130352020263672
13500,mla_coupled,moe,123,2,10,0.07922851294279099,0.07566288113594055,2.130352020263672
13500,mla_coupled,moe,123,2,11,0.06849731504917145,0.0641576275229454,2.130352020263672
13500,mla_coupled,moe,123,2,12,0.048701170831918716,0.05621340125799179,2.130352020263672
13500,mla_coupled,moe,123,2,13,0.05644287168979645,0.05402205139398575,2.130352020263672
13500,mla_coupled,moe,123,2,14,0.08136352896690369,0.0687403678894043,2.130352020263672
13500,mla_coupled,moe,123,2,15,0.05845580995082855,0.062354784458875656,2.130352020263672
13500,mla_coupled,moe,123,3,0,0.04997924715280533,0.0520961657166481,1.5464959144592285
13500,mla_coupled,moe,123,3,1,0.06388916075229645,0.05406579002737999,1.5464959144592285
13500,mla_coupled,moe,123,3,2,0.048210449516773224,0.05853208154439926,1.5464959144592285
13500,mla_coupled,moe,123,3,3,0.07435669004917145,0.08044617623090744,1.5464959144592285
13500,mla_coupled,moe,123,3,4,0.05501098558306694,0.06416592001914978,1.5464959144592285
13500,mla_coupled,moe,123,3,5,0.06184692308306694,0.05268813669681549,1.5464959144592285
13500,mla_coupled,moe,123,3,6,0.08206909149885178,0.06999088823795319,1.5464959144592285
13500,mla_coupled,moe,123,3,7,0.06264404207468033,0.08737021684646606,1.5464959144592285
13500,mla_coupled,moe,123,3,8,0.052440185099840164,0.052760615944862366,1.5464959144592285
13500,mla_coupled,moe,123,3,9,0.0649707019329071,0.07217720150947571,1.5464959144592285
13500,mla_coupled,moe,123,3,10,0.06479614228010178,0.07038462907075882,1.5464959144592285
13500,mla_coupled,moe,123,3,11,0.055816650390625,0.04995828494429588,1.5464959144592285
13500,mla_coupled,moe,123,3,12,0.046778563410043716,0.049636948853731155,1.5464959144592285
13500,mla_coupled,moe,123,3,13,0.07709717005491257,0.06173926219344139,1.5464959144592285
13500,mla_coupled,moe,123,3,14,0.09734497219324112,0.07707545161247253,1.5464959144592285
13500,mla_coupled,moe,123,3,15,0.04274902492761612,0.046912193298339844,1.5464959144592285
13500,mla_coupled,moe,123,4,0,0.05358642712235451,0.06602267175912857,1.2339133024215698
13500,mla_coupled,moe,123,4,1,0.08810058236122131,0.09863359481096268,1.2339133024215698
13500,mla_coupled,moe,123,4,2,0.04863891750574112,0.04397564008831978,1.2339133024215698
13500,mla_coupled,moe,123,4,3,0.04401977360248566,0.04904273897409439,1.2339133024215698
13500,mla_coupled,moe,123,4,4,0.086669921875,0.06455162167549133,1.2339133024215698
13500,mla_coupled,moe,123,4,5,0.03628784045577049,0.059986408799886703,1.2339133024215698
13500,mla_coupled,moe,123,4,6,0.040812987834215164,0.03684268891811371,1.2339133024215698
13500,mla_coupled,moe,123,4,7,0.06899047642946243,0.07678894698619843,1.2339133024215698
13500,mla_coupled,moe,123,4,8,0.08890137076377869,0.0778064951300621,1.2339133024215698
13500,mla_coupled,moe,123,4,9,0.020372314378619194,0.025317532941699028,1.2339133024215698
13500,mla_coupled,moe,123,4,10,0.06192382797598839,0.06406988948583603,1.2339133024215698
13500,mla_coupled,moe,123,4,11,0.04939819499850273,0.05079858377575874,1.2339133024215698
13500,mla_coupled,moe,123,4,12,0.05484985187649727,0.059546660631895065,1.2339133024215698
13500,mla_coupled,moe,123,4,13,0.09473022818565369,0.07914019376039505,1.2339133024215698
13500,mla_coupled,moe,123,4,14,0.0907885730266571,0.07447484135627747,1.2339133024215698
13500,mla_coupled,moe,123,4,15,0.0719287097454071,0.0730014517903328,1.2339133024215698
13500,mla_coupled,moe,123,5,0,0.06882934272289276,0.0736045241355896,1.5329228639602661
13500,mla_coupled,moe,123,5,1,0.07857177406549454,0.05932312086224556,1.5329228639602661
13500,mla_coupled,moe,123,5,2,0.06188354641199112,0.06459004431962967,1.5329228639602661
13500,mla_coupled,moe,123,5,3,0.06407714635133743,0.061019908636808395,1.5329228639602661
13500,mla_coupled,moe,123,5,4,0.03138671815395355,0.043611153960227966,1.5329228639602661
13500,mla_coupled,moe,123,5,5,0.04001098498702049,0.04184086620807648,1.5329228639602661
13500,mla_coupled,moe,123,5,6,0.10062255710363388,0.07740482687950134,1.5329228639602661
13500,mla_coupled,moe,123,5,7,0.07047729194164276,0.08447510749101639,1.5329228639602661
13500,mla_coupled,moe,123,5,8,0.04092163220047951,0.06077076494693756,1.5329228639602661
13500,mla_coupled,moe,123,5,9,0.10175537317991257,0.08712975680828094,1.5329228639602661
13500,mla_coupled,moe,123,5,10,0.05277710035443306,0.045816775411367416,1.5329228639602661
13500,mla_coupled,moe,123,5,11,0.03447631746530533,0.05482100322842598,1.5329228639602661
13500,mla_coupled,moe,123,5,12,0.03259643539786339,0.028835363686084747,1.5329228639602661
13500,mla_coupled,moe,123,5,13,0.06893066316843033,0.08081483095884323,1.5329228639602661
13500,mla_coupled,moe,123,5,14,0.06433349847793579,0.06343609094619751,1.5329228639602661
13500,mla_coupled,moe,123,5,15,0.0883496105670929,0.07250583916902542,1.5329228639602661
14000,mla_coupled,moe,123,1,0,0.06970702856779099,0.06283716857433319,2.6391043663024902
14000,mla_coupled,moe,123,1,1,0.06044922024011612,0.062210384756326675,2.6391043663024902
14000,mla_coupled,moe,123,1,2,0.06572143733501434,0.0655401423573494,2.6391043663024902
14000,mla_coupled,moe,123,1,3,0.06382202357053757,0.05667554959654808,2.6391043663024902
14000,mla_coupled,moe,123,1,4,0.06434692442417145,0.05990258604288101,2.6391043663024902
14000,mla_coupled,moe,123,1,5,0.06458129733800888,0.06195516511797905,2.6391043663024902
14000,mla_coupled,moe,123,1,6,0.06015869230031967,0.06656105816364288,2.6391043663024902
14000,mla_coupled,moe,123,1,7,0.060932617634534836,0.06551911681890488,2.6391043663024902
14000,mla_coupled,moe,123,1,8,0.06364990025758743,0.06410646438598633,2.6391043663024902
14000,mla_coupled,moe,123,1,9,0.06798706203699112,0.06691379845142365,2.6391043663024902
14000,mla_coupled,moe,123,1,10,0.07199463248252869,0.06105896458029747,2.6391043663024902
14000,mla_coupled,moe,123,1,11,0.05292968824505806,0.05909565091133118,2.6391043663024902
14000,mla_coupled,moe,123,1,12,0.06537719815969467,0.06381507962942123,2.6391043663024902
14000,mla_coupled,moe,123,1,13,0.05808715894818306,0.0634605810046196,2.6391043663024902
14000,mla_coupled,moe,123,1,14,0.058745115995407104,0.06427496671676636,2.6391043663024902
14000,mla_coupled,moe,123,1,15,0.05151000991463661,0.05607328936457634,2.6391043663024902
14000,mla_coupled,moe,123,2,0,0.059235841035842896,0.06290357559919357,2.1270346641540527
14000,mla_coupled,moe,123,2,1,0.05566650256514549,0.06751034408807755,2.1270346641540527
14000,mla_coupled,moe,123,2,2,0.06322021782398224,0.06742818653583527,2.1270346641540527
14000,mla_coupled,moe,123,2,3,0.06356201320886612,0.060036420822143555,2.1270346641540527
14000,mla_coupled,moe,123,2,4,0.0631396472454071,0.05435102432966232,2.1270346641540527
14000,mla_coupled,moe,123,2,5,0.06425781548023224,0.054061297327280045,2.1270346641540527
14000,mla_coupled,moe,123,2,6,0.05164794996380806,0.062105197459459305,2.1270346641540527
14000,mla_coupled,moe,123,2,7,0.05539916828274727,0.05835334211587906,2.1270346641540527
14000,mla_coupled,moe,123,2,8,0.0726318359375,0.06989385932683945,2.1270346641540527
14000,mla_coupled,moe,123,2,9,0.05925048887729645,0.06364947557449341,2.1270346641540527
14000,mla_coupled,moe,123,2,10,0.07741699367761612,0.07342958450317383,2.1270346641540527
14000,mla_coupled,moe,123,2,11,0.06599120795726776,0.06214121729135513,2.1270346641540527
14000,mla_coupled,moe,123,2,12,0.051616210490465164,0.058995719999074936,2.1270346641540527
14000,mla_coupled,moe,123,2,13,0.05865112319588661,0.05434880778193474,2.1270346641540527
14000,mla_coupled,moe,123,2,14,0.0804125964641571,0.06868252903223038,2.1270346641540527
14000,mla_coupled,moe,123,2,15,0.05790039151906967,0.06210939958691597,2.1270346641540527
14000,mla_coupled,moe,123,3,0,0.04951415956020355,0.05186370015144348,1.5484788417816162
14000,mla_coupled,moe,123,3,1,0.06188354641199112,0.053076162934303284,1.5484788417816162
14000,mla_coupled,moe,123,3,2,0.05061889812350273,0.06027306988835335,1.5484788417816162
14000,mla_coupled,moe,123,3,3,0.07419433444738388,0.07911983132362366,1.5484788417816162
14000,mla_coupled,moe,123,3,4,0.05342040956020355,0.06251543760299683,1.5484788417816162
14000,mla_coupled,moe,123,3,5,0.06213745102286339,0.05267908424139023,1.5484788417816162
14000,mla_coupled,moe,123,3,6,0.08155639469623566,0.069319948554039,1.5484788417816162
14000,mla_coupled,moe,123,3,7,0.06113647297024727,0.0848717987537384,1.5484788417816162
14000,mla_coupled,moe,123,3,8,0.052409667521715164,0.0534215122461319,1.5484788417816162
14000,mla_coupled,moe,123,3,9,0.06605102866888046,0.0733322724699974,1.5484788417816162
14000,mla_coupled,moe,123,3,10,0.06519287079572678,0.0708521232008934,1.5484788417816162
14000,mla_coupled,moe,123,3,11,0.05781250074505806,0.051942553371191025,1.5484788417816162
14000,mla_coupled,moe,123,3,12,0.047447510063648224,0.05004150792956352,1.5484788417816162
14000,mla_coupled,moe,123,3,13,0.07613403350114822,0.061768788844347,1.5484788417816162
14000,mla_coupled,moe,123,3,14,0.09684326499700546,0.07710790634155273,1.5484788417816162
14000,mla_coupled,moe,123,3,15,0.043647460639476776,0.047814272344112396,1.5484788417816162
14000,mla_coupled,moe,123,4,0,0.05454955995082855,0.0672239288687706,1.2297865152359009
14000,mla_coupled,moe,123,4,1,0.08670410513877869,0.09557243436574936,1.2297865152359009
14000,mla_coupled,moe,123,4,2,0.048676759004592896,0.04395243525505066,1.2297865152359009
14000,mla_coupled,moe,123,4,3,0.04381958022713661,0.049681324511766434,1.2297865152359009
14000,mla_coupled,moe,123,4,4,0.08487548679113388,0.0632159635424614,1.2297865152359009
14000,mla_coupled,moe,123,4,5,0.037318114191293716,0.061571136116981506,1.2297865152359009
14000,mla_coupled,moe,123,4,6,0.040729980915784836,0.036854226142168045,1.2297865152359009
14000,mla_coupled,moe,123,4,7,0.07169921696186066,0.07957038283348083,1.2297865152359009
14000,mla_coupled,moe,123,4,8,0.0878308117389679,0.0761774331331253,1.2297865152359009
14000,mla_coupled,moe,123,4,9,0.02193603478372097,0.02673632837831974,1.2297865152359009
14000,mla_coupled,moe,123,4,10,0.061408691108226776,0.06338856369256973,1.2297865152359009
14000,mla_coupled,moe,123,4,11,0.05050048977136612,0.051406729966402054,1.2297865152359009
14000,mla_coupled,moe,123,4,12,0.05354003980755806,0.05821176990866661,1.2297865152359009
14000,mla_coupled,moe,123,4,13,0.09380004554986954,0.07774695754051208,1.2297865152359009
14000,mla_coupled,moe,123,4,14,0.09114257991313934,0.07521386444568634,1.2297865152359009
14000,mla_coupled,moe,123,4,15,0.07146850228309631,0.07347649335861206,1.2297865152359009
14000,mla_coupled,moe,123,5,0,0.06847900152206421,0.07363080978393555,1.5375064611434937
14000,mla_coupled,moe,123,5,1,0.07865356653928757,0.06045815348625183,1.5375064611434937
14000,mla_coupled,moe,123,5,2,0.0646960437297821,0.06778288632631302,1.5375064611434937
14000,mla_coupled,moe,123,5,3,0.06188598647713661,0.058589786291122437,1.5375064611434937
14000,mla_coupled,moe,123,5,4,0.03243042156100273,0.04444795101881027,1.5375064611434937
14000,mla_coupled,moe,123,5,5,0.039057616144418716,0.04177839681506157,1.5375064611434937
14000,mla_coupled,moe,123,5,6,0.09979492425918579,0.07659772783517838,1.5375064611434937
14000,mla_coupled,moe,123,5,7,0.07059692591428757,0.08420521020889282,1.5375064611434937
14000,mla_coupled,moe,123,5,8,0.04008300602436066,0.06049979850649834,1.5375064611434937
14000,mla_coupled,moe,123,5,9,0.10298340022563934,0.08789858222007751,1.5375064611434937
14000,mla_coupled,moe,123,5,10,0.05486084148287773,0.047759633511304855,1.5375064611434937
14000,mla_coupled,moe,123,5,11,0.03443603590130806,0.05480379983782768,1.5375064611434937
14000,mla_coupled,moe,123,5,12,0.03271484375,0.02896648645401001,1.5375064611434937
14000,mla_coupled,moe,123,5,13,0.06824340671300888,0.07823560386896133,1.5375064611434937
14000,mla_coupled,moe,123,5,14,0.06667724251747131,0.06553725153207779,1.5375064611434937
14000,mla_coupled,moe,123,5,15,0.08440674096345901,0.06880789995193481,1.5375064611434937
14500,mla_coupled,moe,123,1,0,0.059608153998851776,0.06175801157951355,2.635101318359375
14500,mla_coupled,moe,123,1,1,0.06256958097219467,0.062036074697971344,2.635101318359375
14500,mla_coupled,moe,123,1,2,0.06310790777206421,0.064991794526577,2.635101318359375
14500,mla_coupled,moe,123,1,3,0.05810180678963661,0.056185830384492874,2.635101318359375
14500,mla_coupled,moe,123,1,4,0.05584716796875,0.059691738337278366,2.635101318359375
14500,mla_coupled,moe,123,1,5,0.06476806849241257,0.06244542449712753,2.635101318359375
14500,mla_coupled,moe,123,1,6,0.05669799819588661,0.06645865738391876,2.635101318359375
14500,mla_coupled,moe,123,1,7,0.06038818508386612,0.0654153898358345,2.635101318359375
14500,mla_coupled,moe,123,1,8,0.06644409149885178,0.06454095989465714,2.635101318359375
14500,mla_coupled,moe,123,1,9,0.058647461235523224,0.06545262038707733,2.635101318359375
14500,mla_coupled,moe,123,1,10,0.07304076850414276,0.06125813350081444,2.635101318359375
14500,mla_coupled,moe,123,1,11,0.06675414741039276,0.059452518820762634,2.635101318359375
14500,mla_coupled,moe,123,1,12,0.06499756127595901,0.06373102962970734,2.635101318359375
14500,mla_coupled,moe,123,1,13,0.06552612036466599,0.06486796587705612,2.635101318359375
14500,mla_coupled,moe,123,1,14,0.060302734375,0.06506464630365372,2.635101318359375
14500,mla_coupled,moe,123,1,15,0.06319823861122131,0.056649185717105865,2.635101318359375
14500,mla_coupled,moe,123,2,0,0.06089477613568306,0.06398358196020126,2.1231162548065186
14500,mla_coupled,moe,123,2,1,0.054851073771715164,0.06768523901700974,2.1231162548065186
14500,mla_coupled,moe,123,2,2,0.06407348811626434,0.06818990409374237,2.1231162548065186
14500,mla_coupled,moe,123,2,3,0.06119140610098839,0.05975358188152313,2.1231162548065186
14500,mla_coupled,moe,123,2,4,0.06973754614591599,0.05733383819460869,2.1231162548065186
14500,mla_coupled,moe,123,2,5,0.07439941167831421,0.05803249403834343,2.1231162548065186
14500,mla_coupled,moe,123,2,6,0.05161987245082855,0.06207744777202606,2.1231162548065186
14500,mla_coupled,moe,123,2,7,0.05395874008536339,0.05688918009400368,2.1231162548065186
14500,mla_coupled,moe,123,2,8,0.07191528379917145,0.06917787343263626,2.1231162548065186
14500,mla_coupled,moe,123,2,9,0.05623413249850273,0.06177813187241554,2.1231162548065186
14500,mla_coupled,moe,123,2,10,0.07865478843450546,0.07487038522958755,2.1231162548065186
14500,mla_coupled,moe,123,2,11,0.06243530288338661,0.06023712083697319,2.1231162548065186
14500,mla_coupled,moe,123,2,12,0.050468750298023224,0.05822760611772537,2.1231162548065186
14500,mla_coupled,moe,123,2,13,0.05418945476412773,0.05303281173110008,2.1231162548065186
14500,mla_coupled,moe,123,2,14,0.08053344488143921,0.06801975518465042,2.1231162548065186
14500,mla_coupled,moe,123,2,15,0.05484252795577049,0.0607110895216465,2.1231162548065186
14500,mla_coupled,moe,123,3,0,0.049949951469898224,0.05287935212254524,1.5530019998550415
14500,mla_coupled,moe,123,3,1,0.06592773646116257,0.05529172718524933,1.5530019998550415
14500,mla_coupled,moe,123,3,2,0.048076171427965164,0.05839131399989128,1.5530019998550415
14500,mla_coupled,moe,123,3,3,0.07292114198207855,0.07807473838329315,1.5530019998550415
14500,mla_coupled,moe,123,3,4,0.05684204027056694,0.06557635217905045,1.5530019998550415
14500,mla_coupled,moe,123,3,5,0.0628662109375,0.053390055894851685,1.5530019998550415
14500,mla_coupled,moe,123,3,6,0.07692016661167145,0.06773146241903305,1.5530019998550415
14500,mla_coupled,moe,123,3,7,0.06122070178389549,0.08470142632722855,1.5530019998550415
14500,mla_coupled,moe,123,3,8,0.05399902164936066,0.053692325949668884,1.5530019998550415
14500,mla_coupled,moe,123,3,9,0.06532593071460724,0.07240476459264755,1.5530019998550415
14500,mla_coupled,moe,123,3,10,0.0642407238483429,0.06945528835058212,1.5530019998550415
14500,mla_coupled,moe,123,3,11,0.056373290717601776,0.05087824910879135,1.5530019998550415
14500,mla_coupled,moe,123,3,12,0.046660155057907104,0.04988674819469452,1.5530019998550415
14500,mla_coupled,moe,123,3,13,0.07735229283571243,0.06273654103279114,1.5530019998550415
14500,mla_coupled,moe,123,3,14,0.09749633818864822,0.07737492769956589,1.5530019998550415
14500,mla_coupled,moe,123,3,15,0.043828126043081284,0.04753474146127701,1.5530019998550415
14500,mla_coupled,moe,123,4,0,0.05324340984225273,0.06641979515552521,1.235081672668457
14500,mla_coupled,moe,123,4,1,0.08697997778654099,0.09779531508684158,1.235081672668457
14500,mla_coupled,moe,123,4,2,0.04898925870656967,0.04350443184375763,1.235081672668457
14500,mla_coupled,moe,123,4,3,0.04369750991463661,0.049095235764980316,1.235081672668457
14500,mla_coupled,moe,123,4,4,0.08601684868335724,0.0636330395936966,1.235081672668457
14500,mla_coupled,moe,123,4,5,0.03703979402780533,0.0612364187836647,1.235081672668457
14500,mla_coupled,moe,123,4,6,0.04095458984375,0.038009896874427795,1.235081672668457
14500,mla_coupled,moe,123,4,7,0.07206909358501434,0.08008037507534027,1.235081672668457
14500,mla_coupled,moe,123,4,8,0.08840454369783401,0.0771552324295044,1.235081672668457
14500,mla_coupled,moe,123,4,9,0.021176757290959358,0.025908276438713074,1.235081672668457
14500,mla_coupled,moe,123,4,10,0.060539551079273224,0.06187909096479416,1.235081672668457
14500,mla_coupled,moe,123,4,11,0.051091309636831284,0.052226271480321884,1.235081672668457
14500,mla_coupled,moe,123,4,12,0.05502563342452049,0.05994788557291031,1.235081672668457
14500,mla_coupled,moe,123,4,13,0.09211181849241257,0.07563949376344681,1.235081672668457
14500,mla_coupled,moe,123,4,14,0.09110351651906967,0.07455983757972717,1.235081672668457
14500,mla_coupled,moe,123,4,15,0.07155639678239822,0.07290937006473541,1.235081672668457
14500,mla_coupled,moe,123,5,0,0.06748901307582855,0.07303809374570847,1.5404211282730103
14500,mla_coupled,moe,123,5,1,0.07860595732927322,0.060738515108823776,1.5404211282730103
14500,mla_coupled,moe,123,5,2,0.06527099758386612,0.06798966228961945,1.5404211282730103
14500,mla_coupled,moe,123,5,3,0.06116332858800888,0.05779843032360077,1.5404211282730103
14500,mla_coupled,moe,123,5,4,0.031678467988967896,0.04353414103388786,1.5404211282730103
14500,mla_coupled,moe,123,5,5,0.04054565355181694,0.04316623508930206,1.5404211282730103
14500,mla_coupled,moe,123,5,6,0.09927978366613388,0.07675082236528397,1.5404211282730103
14500,mla_coupled,moe,123,5,7,0.07070556282997131,0.08448128402233124,1.5404211282730103
14500,mla_coupled,moe,123,5,8,0.03975830227136612,0.05916095897555351,1.5404211282730103
14500,mla_coupled,moe,123,5,9,0.10213134437799454,0.0873081386089325,1.5404211282730103
14500,mla_coupled,moe,123,5,10,0.056938476860523224,0.04960768297314644,1.5404211282730103
14500,mla_coupled,moe,123,5,11,0.03324340656399727,0.05319735035300255,1.5404211282730103
14500,mla_coupled,moe,123,5,12,0.03284545987844467,0.029269272461533546,1.5404211282730103
14500,mla_coupled,moe,123,5,13,0.06710205227136612,0.0776146948337555,1.5404211282730103
14500,mla_coupled,moe,123,5,14,0.06659302115440369,0.06601789593696594,1.5404211282730103
14500,mla_coupled,moe,123,5,15,0.08664917200803757,0.07032682746648788,1.5404211282730103
15000,mla_coupled,moe,123,1,0,0.06771240383386612,0.06280446797609329,2.635684013366699
15000,mla_coupled,moe,123,1,1,0.06201538071036339,0.06255719065666199,2.635684013366699
15000,mla_coupled,moe,123,1,2,0.06132446229457855,0.06476082652807236,2.635684013366699
15000,mla_coupled,moe,123,1,3,0.06192260608077049,0.056404825299978256,2.635684013366699
15000,mla_coupled,moe,123,1,4,0.06717406958341599,0.06025513634085655,2.635684013366699
15000,mla_coupled,moe,123,1,5,0.06303589046001434,0.06195920333266258,2.635684013366699
15000,mla_coupled,moe,123,1,6,0.06628662347793579,0.06729576736688614,2.635684013366699
15000,mla_coupled,moe,123,1,7,0.054240722209215164,0.06504277884960175,2.635684013366699
15000,mla_coupled,moe,123,1,8,0.06738647818565369,0.06477369368076324,2.635684013366699
15000,mla_coupled,moe,123,1,9,0.05856567248702049,0.0657484158873558,2.635684013366699
15000,mla_coupled,moe,123,1,10,0.07063232362270355,0.06028246507048607,2.635684013366699
15000,mla_coupled,moe,123,1,11,0.05796630680561066,0.05897676572203636,2.635684013366699
15000,mla_coupled,moe,123,1,12,0.06384765356779099,0.06358715146780014,2.635684013366699
15000,mla_coupled,moe,123,1,13,0.058990478515625,0.06391050666570663,2.635684013366699
15000,mla_coupled,moe,123,1,14,0.06185669079422951,0.0651128813624382,2.635684013366699
15000,mla_coupled,moe,123,1,15,0.057042237371206284,0.05652792006731033,2.635684013366699
15000,mla_coupled,moe,123,2,0,0.059227295219898224,0.0628441721200943,2.115938663482666
15000,mla_coupled,moe,123,2,1,0.05526367202401161,0.06739242374897003,2.115938663482666
15000,mla_coupled,moe,123,2,2,0.061796873807907104,0.06673157215118408,2.115938663482666
15000,mla_coupled,moe,123,2,3,0.06361083686351776,0.060941506177186966,2.115938663482666
15000,mla_coupled,moe,123,2,4,0.06631225347518921,0.05559935420751572,2.115938663482666
15000,mla_coupled,moe,123,2,5,0.07149169594049454,0.05695211514830589,2.115938663482666
15000,mla_coupled,moe,123,2,6,0.049858398735523224,0.06084752082824707,2.115938663482666
15000,mla_coupled,moe,123,2,7,0.05527709797024727,0.05800396949052811,2.115938663482666
15000,mla_coupled,moe,123,2,8,0.07313476502895355,0.07015404850244522,2.115938663482666
15000,mla_coupled,moe,123,2,9,0.0582275390625,0.06308532506227493,2.115938663482666
15000,mla_coupled,moe,123,2,10,0.07978393882513046,0.07584591209888458,2.115938663482666
15000,mla_coupled,moe,123,2,11,0.063079833984375,0.060527507215738297,2.115938663482666
15000,mla_coupled,moe,123,2,12,0.049464110285043716,0.057849667966365814,2.115938663482666
15000,mla_coupled,moe,123,2,13,0.05473144352436066,0.05349219962954521,2.115938663482666
15000,mla_coupled,moe,123,2,14,0.08137451112270355,0.06886529922485352,2.115938663482666
15000,mla_coupled,moe,123,2,15,0.057365722954273224,0.060867372900247574,2.115938663482666
15000,mla_coupled,moe,123,3,0,0.04909912124276161,0.05173143744468689,1.54701828956604
15000,mla_coupled,moe,123,3,1,0.0633532702922821,0.05323860049247742,1.54701828956604
15000,mla_coupled,moe,123,3,2,0.049122314900159836,0.05963955819606781,1.54701828956604
15000,mla_coupled,moe,123,3,3,0.07499267905950546,0.08034775406122208,1.54701828956604
15000,mla_coupled,moe,123,3,4,0.058380126953125,0.06591092795133591,1.54701828956604
15000,mla_coupled,moe,123,3,5,0.06130737438797951,0.05301967263221741,1.54701828956604
15000,mla_coupled,moe,123,3,6,0.07857666164636612,0.0674334168434143,1.54701828956604
15000,mla_coupled,moe,123,3,7,0.060820311307907104,0.08465220779180527,1.54701828956604
15000,mla_coupled,moe,123,3,8,0.05166015774011612,0.051736291497945786,1.54701828956604
15000,mla_coupled,moe,123,3,9,0.06551757454872131,0.07340621203184128,1.54701828956604
15000,mla_coupled,moe,123,3,10,0.06485351920127869,0.07026813179254532,1.54701828956604
15000,mla_coupled,moe,123,3,11,0.05764526501297951,0.051341332495212555,1.54701828956604
15000,mla_coupled,moe,123,3,12,0.04682006686925888,0.05035342276096344,1.54701828956604
15000,mla_coupled,moe,123,3,13,0.07865478843450546,0.06351715326309204,1.54701828956604
15000,mla_coupled,moe,123,3,14,0.09796874970197678,0.07771177589893341,1.54701828956604
15000,mla_coupled,moe,123,3,15,0.041228026151657104,0.045692116022109985,1.54701828956604
15000,mla_coupled,moe,123,4,0,0.05366699397563934,0.0672835037112236,1.2307804822921753
15000,mla_coupled,moe,123,4,1,0.0877087414264679,0.09842796623706818,1.2307804822921753
15000,mla_coupled,moe,123,4,2,0.04671631008386612,0.04118816554546356,1.2307804822921753
15000,mla_coupled,moe,123,4,3,0.044288329780101776,0.05001560226082802,1.2307804822921753
15000,mla_coupled,moe,123,4,4,0.08764404058456421,0.06483539193868637,1.2307804822921753
15000,mla_coupled,moe,123,4,5,0.03664550930261612,0.06121506169438362,1.2307804822921753
15000,mla_coupled,moe,123,4,6,0.042357176542282104,0.03842100501060486,1.2307804822921753
15000,mla_coupled,moe,123,4,7,0.07017578184604645,0.07778405398130417,1.2307804822921753
15000,mla_coupled,moe,123,4,8,0.089019775390625,0.07739970088005066,1.2307804822921753
15000,mla_coupled,moe,123,4,9,0.019693603739142418,0.025504106655716896,1.2307804822921753
15000,mla_coupled,moe,123,4,10,0.06218261644244194,0.06412888318300247,1.2307804822921753
15000,mla_coupled,moe,123,4,11,0.045924071222543716,0.047214869409799576,1.2307804822921753
15000,mla_coupled,moe,123,4,12,0.05537719652056694,0.059485387057065964,1.2307804822921753
15000,mla_coupled,moe,123,4,13,0.09383545070886612,0.07705526053905487,1.2307804822921753
15000,mla_coupled,moe,123,4,14,0.09226684272289276,0.07579492032527924,1.2307804822921753
15000,mla_coupled,moe,123,4,15,0.07249756157398224,0.07424614578485489,1.2307804822921753
15000,mla_coupled,moe,123,5,0,0.06833618134260178,0.07422228902578354,1.5307621955871582
15000,mla_coupled,moe,123,5,1,0.07960571348667145,0.060799021273851395,1.5307621955871582
15000,mla_coupled,moe,123,5,2,0.06328368932008743,0.06562097370624542,1.5307621955871582
15000,mla_coupled,moe,123,5,3,0.062236327677965164,0.05845790356397629,1.5307621955871582
15000,mla_coupled,moe,123,5,4,0.03045043908059597,0.04295806959271431,1.5307621955871582
15000,mla_coupled,moe,123,5,5,0.039173584431409836,0.042002610862255096,1.5307621955871582
15000,mla_coupled,moe,123,5,6,0.10040649771690369,0.07699690014123917,1.5307621955871582
15000,mla_coupled,moe,123,5,7,0.07076659798622131,0.08462992310523987,1.5307621955871582
15000,mla_coupled,moe,123,5,8,0.03908080980181694,0.0593927800655365,1.5307621955871582
15000,mla_coupled,moe,123,5,9,0.10512451082468033,0.08979363739490509,1.5307621955871582
15000,mla_coupled,moe,123,5,10,0.056304931640625,0.04933641850948334,1.5307621955871582
15000,mla_coupled,moe,123,5,11,0.03386108577251434,0.05499489605426788,1.5307621955871582
15000,mla_coupled,moe,123,5,12,0.03233032301068306,0.027639731764793396,1.5307621955871582
15000,mla_coupled,moe,123,5,13,0.06898315250873566,0.07888949662446976,1.5307621955871582
15000,mla_coupled,moe,123,5,14,0.06435424834489822,0.0642874538898468,1.5307621955871582
15000,mla_coupled,moe,123,5,15,0.08570190519094467,0.06997788697481155,1.5307621955871582
