iter,attn_mode,backbone,seed,layer,expert,selected_fraction,mean_probability,router_entropy
0,mha,moe,42,1,0,0.07678589224815369,0.06605111062526703,2.623340368270874
0,mha,moe,42,1,1,0.026077881455421448,0.04801807552576065,2.623340368270874
0,mha,moe,42,1,2,0.02489623986184597,0.05012251436710358,2.623340368270874
0,mha,moe,42,1,3,0.07402099668979645,0.07089118659496307,2.623340368270874
0,mha,moe,42,1,4,0.10585205256938934,0.07764415442943573,2.623340368270874
0,mha,moe,42,1,5,0.07308593392372131,0.06785698980093002,2.623340368270874
0,mha,moe,42,1,6,0.04404052719473839,0.05679120495915413,2.623340368270874
0,mha,moe,42,1,7,0.028489990159869194,0.04637095332145691,2.623340368270874
0,mha,moe,42,1,8,0.05220092833042145,0.05866747722029686,2.623340368270874
0,mha,moe,42,1,9,0.0697009265422821,0.06342048197984695,2.623340368270874
0,mha,moe,42,1,10,0.037812501192092896,0.05365638807415962,2.623340368270874
0,mha,moe,42,1,11,0.04336181655526161,0.05967786908149719,2.623340368270874
0,mha,moe,42,1,12,0.07082275301218033,0.06741085648536682,2.623340368270874
0,mha,moe,42,1,13,0.03106689453125,0.05167798697948456,2.623340368270874
0,mha,moe,42,1,14,0.09669067710638046,0.07421769946813583,2.623340368270874
0,mha,moe,42,1,15,0.14509399235248566,0.08752506226301193,2.623340368270874
0,mha,moe,42,2,0,0.07025878876447678,0.06717350333929062,2.611470937728882
0,mha,moe,42,2,1,0.12069946527481079,0.08040638267993927,2.611470937728882
0,mha,moe,42,2,2,0.02646728605031967,0.05271458625793457,2.611470937728882
0,mha,moe,42,2,3,0.05668945237994194,0.06264211982488632,2.611470937728882
0,mha,moe,42,2,4,0.017482910305261612,0.0439966581761837,2.611470937728882
0,mha,moe,42,2,5,0.03214111179113388,0.05409115180373192,2.611470937728882
0,mha,moe,42,2,6,0.03516601398587227,0.05273360386490822,2.611470937728882
0,mha,moe,42,2,7,0.04506591707468033,0.058523908257484436,2.611470937728882
0,mha,moe,42,2,8,0.06128784269094467,0.06179983168840408,2.611470937728882
0,mha,moe,42,2,9,0.027225341647863388,0.04777306690812111,2.611470937728882
0,mha,moe,42,2,10,0.08302246034145355,0.07137575000524521,2.611470937728882
0,mha,moe,42,2,11,0.06884765625,0.06635215133428574,2.611470937728882
0,mha,moe,42,2,12,0.05177612230181694,0.059883084148168564,2.611470937728882
0,mha,moe,42,2,13,0.024329833686351776,0.0516025647521019,2.611470937728882
0,mha,moe,42,2,14,0.25025758147239685,0.11470014601945877,2.611470937728882
0,mha,moe,42,2,15,0.029282227158546448,0.05423152446746826,2.611470937728882
0,mha,moe,42,3,0,0.03486328199505806,0.055422231554985046,2.6095616817474365
0,mha,moe,42,3,1,0.03302856534719467,0.05345289409160614,2.6095616817474365
0,mha,moe,42,3,2,0.06105102598667145,0.0650993287563324,2.6095616817474365
0,mha,moe,42,3,3,0.11371459811925888,0.08058138191699982,2.6095616817474365
0,mha,moe,42,3,4,0.09906982630491257,0.07575397193431854,2.6095616817474365
0,mha,moe,42,3,5,0.07142090052366257,0.06699249148368835,2.6095616817474365
0,mha,moe,42,3,6,0.02587036043405533,0.05019176006317139,2.6095616817474365
0,mha,moe,42,3,7,0.017200928181409836,0.04579431563615799,2.6095616817474365
0,mha,moe,42,3,8,0.029808349907398224,0.05409572273492813,2.6095616817474365
0,mha,moe,42,3,9,0.028072509914636612,0.04975830018520355,2.6095616817474365
0,mha,moe,42,3,10,0.06927123665809631,0.07155868411064148,2.6095616817474365
0,mha,moe,42,3,11,0.013558349572122097,0.035489607602357864,2.6095616817474365
0,mha,moe,42,3,12,0.018769530579447746,0.04532944783568382,2.6095616817474365
0,mha,moe,42,3,13,0.06496825814247131,0.06586025655269623,2.6095616817474365
0,mha,moe,42,3,14,0.18205811083316803,0.09814497083425522,2.6095616817474365
0,mha,moe,42,3,15,0.13727417588233948,0.08647472411394119,2.6095616817474365
0,mha,moe,42,4,0,0.1420617699623108,0.08570633083581924,2.619689702987671
0,mha,moe,42,4,1,0.027744140475988388,0.05187557637691498,2.619689702987671
0,mha,moe,42,4,2,0.07257934659719467,0.06795793771743774,2.619689702987671
0,mha,moe,42,4,3,0.019840087741613388,0.0450957790017128,2.619689702987671
0,mha,moe,42,4,4,0.06792358309030533,0.06704248487949371,2.619689702987671
0,mha,moe,42,4,5,0.04274658113718033,0.05580735579133034,2.619689702987671
0,mha,moe,42,4,6,0.08097045868635178,0.07037706673145294,2.619689702987671
0,mha,moe,42,4,7,0.026439208537340164,0.05017784610390663,2.619689702987671
0,mha,moe,42,4,8,0.056605223566293716,0.06224086880683899,2.619689702987671
0,mha,moe,42,4,9,0.015803223475813866,0.04335056245326996,2.619689702987671
0,mha,moe,42,4,10,0.08796020597219467,0.07096569240093231,2.619689702987671
0,mha,moe,42,4,11,0.032221678644418716,0.05486788600683212,2.619689702987671
0,mha,moe,42,4,12,0.047062989324331284,0.05913383141160011,2.619689702987671
0,mha,moe,42,4,13,0.17557373642921448,0.09547648578882217,2.619689702987671
0,mha,moe,42,4,14,0.07953247427940369,0.06924816966056824,2.619689702987671
0,mha,moe,42,4,15,0.024935303255915642,0.05067616328597069,2.619689702987671
0,mha,moe,42,5,0,0.03104858472943306,0.051982518285512924,2.6135754585266113
0,mha,moe,42,5,1,0.15534058213233948,0.09026513993740082,2.6135754585266113
0,mha,moe,42,5,2,0.062434080988168716,0.06234380602836609,2.6135754585266113
0,mha,moe,42,5,3,0.026917723938822746,0.05311795324087143,2.6135754585266113
0,mha,moe,42,5,4,0.04279419034719467,0.05612533539533615,2.6135754585266113
0,mha,moe,42,5,5,0.02747802808880806,0.0489940270781517,2.6135754585266113
0,mha,moe,42,5,6,0.07566894590854645,0.07063207030296326,2.6135754585266113
0,mha,moe,42,5,7,0.03125854581594467,0.049409735947847366,2.6135754585266113
0,mha,moe,42,5,8,0.037535399198532104,0.05423639714717865,2.6135754585266113
0,mha,moe,42,5,9,0.07672363519668579,0.06894081830978394,2.6135754585266113
0,mha,moe,42,5,10,0.07674194127321243,0.06830499321222305,2.6135754585266113
0,mha,moe,42,5,11,0.013594971038401127,0.04448557272553444,2.6135754585266113
0,mha,moe,42,5,12,0.03793945163488388,0.058564405888319016,2.6135754585266113
0,mha,moe,42,5,13,0.07275878638029099,0.06370005011558533,2.6135754585266113
0,mha,moe,42,5,14,0.06333252042531967,0.06405843794345856,2.6135754585266113
0,mha,moe,42,5,15,0.16843262314796448,0.09483878314495087,2.6135754585266113
500,mha,moe,42,1,0,0.04837890714406967,0.05957914516329765,2.1541900634765625
500,mha,moe,42,1,1,0.034538574516773224,0.050099000334739685,2.1541900634765625
500,mha,moe,42,1,2,0.034605711698532104,0.05332120880484581,2.1541900634765625
500,mha,moe,42,1,3,0.12779174745082855,0.09086514264345169,2.1541900634765625
500,mha,moe,42,1,4,0.09786499291658401,0.07542058825492859,2.1541900634765625
500,mha,moe,42,1,5,0.09883544594049454,0.08219316601753235,2.1541900634765625
500,mha,moe,42,1,6,0.06398071348667145,0.0699705258011818,2.1541900634765625
500,mha,moe,42,1,7,0.06685302406549454,0.055934835225343704,2.1541900634765625
500,mha,moe,42,1,8,0.09363891929388046,0.07700439542531967,2.1541900634765625
500,mha,moe,42,1,9,0.04432006925344467,0.0476737841963768,2.1541900634765625
500,mha,moe,42,1,10,0.046446532011032104,0.05620136111974716,2.1541900634765625
500,mha,moe,42,1,11,0.047419432550668716,0.058029670268297195,2.1541900634765625
500,mha,moe,42,1,12,0.07482543587684631,0.07872581481933594,2.1541900634765625
500,mha,moe,42,1,13,0.00018554687267169356,0.021907508373260498,2.1541900634765625
500,mha,moe,42,1,14,0.07126098871231079,0.07023049145936966,2.1541900634765625
500,mha,moe,42,1,15,0.04905395582318306,0.05284338444471359,2.1541900634765625
500,mha,moe,42,2,0,0.07617675513029099,0.06899439543485641,2.201486587524414
500,mha,moe,42,2,1,0.053016357123851776,0.059959664940834045,2.201486587524414
500,mha,moe,42,2,2,0.04903930798172951,0.055811334401369095,2.201486587524414
500,mha,moe,42,2,3,0.06806762516498566,0.05913900211453438,2.201486587524414
500,mha,moe,42,2,4,0.07255493104457855,0.0641707330942154,2.201486587524414
500,mha,moe,42,2,5,0.03465942293405533,0.052510377019643784,2.201486587524414
500,mha,moe,42,2,6,0.06696411222219467,0.06952742487192154,2.201486587524414
500,mha,moe,42,2,7,0.07060547173023224,0.07207082211971283,2.201486587524414
500,mha,moe,42,2,8,0.08610351383686066,0.07925672829151154,2.201486587524414
500,mha,moe,42,2,9,0.05838256701827049,0.05700787529349327,2.201486587524414
500,mha,moe,42,2,10,0.050379637628793716,0.06054924055933952,2.201486587524414
500,mha,moe,42,2,11,0.04563720524311066,0.05441109091043472,2.201486587524414
500,mha,moe,42,2,12,0.06302612274885178,0.05936779826879501,2.201486587524414
500,mha,moe,42,2,13,0.06919555366039276,0.06340914964675903,2.201486587524414
500,mha,moe,42,2,14,0.03886718675494194,0.045433610677719116,2.201486587524414
500,mha,moe,42,2,15,0.09732422232627869,0.07838074117898941,2.201486587524414
500,mha,moe,42,3,0,0.03215942531824112,0.04066099599003792,1.901778221130371
500,mha,moe,42,3,1,0.08550292998552322,0.08075442910194397,1.901778221130371
500,mha,moe,42,3,2,0.05942748859524727,0.05359489843249321,1.901778221130371
500,mha,moe,42,3,3,0.043323975056409836,0.052615221589803696,1.901778221130371
500,mha,moe,42,3,4,0.04595337063074112,0.05092936381697655,1.901778221130371
500,mha,moe,42,3,5,0.05684814602136612,0.05618656054139137,1.901778221130371
500,mha,moe,42,3,6,0.05501464754343033,0.057520054280757904,1.901778221130371
500,mha,moe,42,3,7,0.054768066853284836,0.05735247954726219,1.901778221130371
500,mha,moe,42,3,8,0.07510009407997131,0.0697374939918518,1.901778221130371
500,mha,moe,42,3,9,0.06925658881664276,0.07173950970172882,1.901778221130371
500,mha,moe,42,3,10,0.07724975794553757,0.06351637095212936,1.901778221130371
500,mha,moe,42,3,11,0.07532592862844467,0.08270365744829178,1.901778221130371
500,mha,moe,42,3,12,0.044468995183706284,0.05842095986008644,1.901778221130371
500,mha,moe,42,3,13,0.08183837682008743,0.060373540967702866,1.901778221130371
500,mha,moe,42,3,14,0.06120605394244194,0.06604041159152985,1.901778221130371
500,mha,moe,42,3,15,0.08255615085363388,0.07785402983427048,1.901778221130371
500,mha,moe,42,4,0,0.10188476741313934,0.09157456457614899,1.9089252948760986
500,mha,moe,42,4,1,0.05237792804837227,0.05992020666599274,1.9089252948760986
500,mha,moe,42,4,2,0.03174682706594467,0.059275560081005096,1.9089252948760986
500,mha,moe,42,4,3,0.07978393882513046,0.07700062543153763,1.9089252948760986
500,mha,moe,42,4,4,0.10187987983226776,0.08767952024936676,1.9089252948760986
500,mha,moe,42,4,5,0.07953247427940369,0.07030944526195526,1.9089252948760986
500,mha,moe,42,4,6,0.08695312589406967,0.06743189692497253,1.9089252948760986
500,mha,moe,42,4,7,0.05076782405376434,0.06366430968046188,1.9089252948760986
500,mha,moe,42,4,8,0.04273071140050888,0.047725263983011246,1.9089252948760986
500,mha,moe,42,4,9,0.026903076097369194,0.03458436578512192,1.9089252948760986
500,mha,moe,42,4,10,0.04579833894968033,0.04771891236305237,1.9089252948760986
500,mha,moe,42,4,11,0.07659545540809631,0.0713329091668129,1.9089252948760986
500,mha,moe,42,4,12,0.03938476741313934,0.04755108803510666,1.9089252948760986
500,mha,moe,42,4,13,0.07071410864591599,0.055693477392196655,1.9089252948760986
500,mha,moe,42,4,14,0.051849365234375,0.058447856456041336,1.9089252948760986
500,mha,moe,42,4,15,0.061097413301467896,0.06009002774953842,1.9089252948760986
500,mha,moe,42,5,0,0.05571044981479645,0.060699496418237686,2.304126739501953
500,mha,moe,42,5,1,0.03531127795577049,0.044432297348976135,2.304126739501953
500,mha,moe,42,5,2,0.038581542670726776,0.05387965217232704,2.304126739501953
500,mha,moe,42,5,3,0.08013183623552322,0.06376245617866516,2.304126739501953
500,mha,moe,42,5,4,0.06297851353883743,0.06678740680217743,2.304126739501953
500,mha,moe,42,5,5,0.08762084692716599,0.07168398052453995,2.304126739501953
500,mha,moe,42,5,6,0.07758422940969467,0.07153474539518356,2.304126739501953
500,mha,moe,42,5,7,0.042561035603284836,0.05571179836988449,2.304126739501953
500,mha,moe,42,5,8,0.06949829310178757,0.06901312619447708,2.304126739501953
500,mha,moe,42,5,9,0.055628661066293716,0.06040966883301735,2.304126739501953
500,mha,moe,42,5,10,0.041099853813648224,0.061499204486608505,2.304126739501953
500,mha,moe,42,5,11,0.06557128578424454,0.05776197463274002,2.304126739501953
500,mha,moe,42,5,12,0.09418579190969467,0.07260213047266006,2.304126739501953
500,mha,moe,42,5,13,0.07214722037315369,0.07647416740655899,2.304126739501953
500,mha,moe,42,5,14,0.052363280206918716,0.0491376668214798,2.304126739501953
500,mha,moe,42,5,15,0.06902588158845901,0.06461019068956375,2.304126739501953
1000,mha,moe,42,1,0,0.048558350652456284,0.05874542146921158,2.2183315753936768
1000,mha,moe,42,1,1,0.06547607481479645,0.05891605466604233,2.2183315753936768
1000,mha,moe,42,1,2,0.07834228873252869,0.06488464027643204,2.2183315753936768
1000,mha,moe,42,1,3,0.1220410168170929,0.10019475221633911,2.2183315753936768
1000,mha,moe,42,1,4,0.08437865972518921,0.07700192183256149,2.2183315753936768
1000,mha,moe,42,1,5,0.08340698480606079,0.07528621703386307,2.2183315753936768
1000,mha,moe,42,1,6,0.05912231281399727,0.059845536947250366,2.2183315753936768
1000,mha,moe,42,1,7,0.032786864787340164,0.04015012085437775,2.2183315753936768
1000,mha,moe,42,1,8,0.07185180485248566,0.07187176495790482,2.2183315753936768
1000,mha,moe,42,1,9,0.028992919251322746,0.04140223562717438,2.2183315753936768
1000,mha,moe,42,1,10,0.035151366144418716,0.04831583797931671,2.2183315753936768
1000,mha,moe,42,1,11,0.06184203922748566,0.06154165789484978,2.2183315753936768
1000,mha,moe,42,1,12,0.072265625,0.07043764740228653,2.2183315753936768
1000,mha,moe,42,1,13,0.039215087890625,0.0454242043197155,2.2183315753936768
1000,mha,moe,42,1,14,0.07014648616313934,0.07008098810911179,2.2183315753936768
1000,mha,moe,42,1,15,0.046422120183706284,0.05590098351240158,2.2183315753936768
1000,mha,moe,42,2,0,0.05352539196610451,0.060799069702625275,1.9760304689407349
1000,mha,moe,42,2,1,0.048381347209215164,0.052891265600919724,1.9760304689407349
1000,mha,moe,42,2,2,0.09015869349241257,0.07188429683446884,1.9760304689407349
1000,mha,moe,42,2,3,0.06897217035293579,0.056143201887607574,1.9760304689407349
1000,mha,moe,42,2,4,0.06309814751148224,0.06499265134334564,1.9760304689407349
1000,mha,moe,42,2,5,0.06983764469623566,0.06469010561704636,1.9760304689407349
1000,mha,moe,42,2,6,0.06554687768220901,0.06671560555696487,1.9760304689407349
1000,mha,moe,42,2,7,0.05870971828699112,0.057494305074214935,1.9760304689407349
1000,mha,moe,42,2,8,0.07577270269393921,0.0827362984418869,1.9760304689407349
1000,mha,moe,42,2,9,0.039708252996206284,0.05022113770246506,1.9760304689407349
1000,mha,moe,42,2,10,0.04192505031824112,0.05337102711200714,1.9760304689407349
1000,mha,moe,42,2,11,0.061011962592601776,0.06502537429332733,1.9760304689407349
1000,mha,moe,42,2,12,0.05810546875,0.05674873664975166,1.9760304689407349
1000,mha,moe,42,2,13,0.05602172762155533,0.05933795124292374,1.9760304689407349
1000,mha,moe,42,2,14,0.060120850801467896,0.05755695328116417,1.9760304689407349
1000,mha,moe,42,2,15,0.08910400420427322,0.07939200848340988,1.9760304689407349
1000,mha,moe,42,3,0,0.035167235881090164,0.032380662858486176,1.436842679977417
1000,mha,moe,42,3,1,0.08414795249700546,0.09288389980792999,1.436842679977417
1000,mha,moe,42,3,2,0.06316650658845901,0.05158533528447151,1.436842679977417
1000,mha,moe,42,3,3,0.026893310248851776,0.03320780023932457,1.436842679977417
1000,mha,moe,42,3,4,0.04796753078699112,0.04360178858041763,1.436842679977417
1000,mha,moe,42,3,5,0.07444091886281967,0.06560251861810684,1.436842679977417
1000,mha,moe,42,3,6,0.06332885473966599,0.05425072833895683,1.436842679977417
1000,mha,moe,42,3,7,0.059331055730581284,0.054782651364803314,1.436842679977417
1000,mha,moe,42,3,8,0.07755859196186066,0.09578143060207367,1.436842679977417
1000,mha,moe,42,3,9,0.0628955066204071,0.07422323524951935,1.436842679977417
1000,mha,moe,42,3,10,0.09140259027481079,0.07088581472635269,1.436842679977417
1000,mha,moe,42,3,11,0.05932373180985451,0.08508181571960449,1.436842679977417
1000,mha,moe,42,3,12,0.05023559555411339,0.05610605701804161,1.436842679977417
1000,mha,moe,42,3,13,0.06270019710063934,0.04701051115989685,1.436842679977417
1000,mha,moe,42,3,14,0.06693847477436066,0.06941250711679459,1.436842679977417
1000,mha,moe,42,3,15,0.07450195401906967,0.07320322096347809,1.436842679977417
1000,mha,moe,42,4,0,0.05307861417531967,0.05664007365703583,1.4416530132293701
1000,mha,moe,42,4,1,0.04685790836811066,0.0601777583360672,1.4416530132293701
1000,mha,moe,42,4,2,0.04980102553963661,0.061650678515434265,1.4416530132293701
1000,mha,moe,42,4,3,0.09054931998252869,0.08293164521455765,1.4416530132293701
1000,mha,moe,42,4,4,0.07890136539936066,0.07283765077590942,1.4416530132293701
1000,mha,moe,42,4,5,0.08283935487270355,0.0713314637541771,1.4416530132293701
1000,mha,moe,42,4,6,0.06048339977860451,0.055969685316085815,1.4416530132293701
1000,mha,moe,42,4,7,0.05849365144968033,0.07059650123119354,1.4416530132293701
1000,mha,moe,42,4,8,0.06036132946610451,0.07235825806856155,1.4416530132293701
1000,mha,moe,42,4,9,0.034644775092601776,0.036445554345846176,1.4416530132293701
1000,mha,moe,42,4,10,0.06890381127595901,0.05781107023358345,1.4416530132293701
1000,mha,moe,42,4,11,0.08381958305835724,0.08461973816156387,1.4416530132293701
1000,mha,moe,42,4,12,0.04104980453848839,0.046382732689380646,1.4416530132293701
1000,mha,moe,42,4,13,0.0630810558795929,0.054622311145067215,1.4416530132293701
1000,mha,moe,42,4,14,0.036229249089956284,0.04341106861829758,1.4416530132293701
1000,mha,moe,42,4,15,0.09090576320886612,0.0722137987613678,1.4416530132293701
1000,mha,moe,42,5,0,0.05744628980755806,0.05468079447746277,1.777021050453186
1000,mha,moe,42,5,1,0.036857910454273224,0.03978818282485008,1.777021050453186
1000,mha,moe,42,5,2,0.03651244938373566,0.051161788403987885,1.777021050453186
1000,mha,moe,42,5,3,0.10657958686351776,0.08114376664161682,1.777021050453186
1000,mha,moe,42,5,4,0.059528809040784836,0.06187338009476662,1.777021050453186
1000,mha,moe,42,5,5,0.10716796666383743,0.09180062264204025,1.777021050453186
1000,mha,moe,42,5,6,0.05165039002895355,0.05594641715288162,1.777021050453186
1000,mha,moe,42,5,7,0.044548340141773224,0.056147389113903046,1.777021050453186
1000,mha,moe,42,5,8,0.046656493097543716,0.053608182817697525,1.777021050453186
1000,mha,moe,42,5,9,0.0390625,0.04470016062259674,1.777021050453186
1000,mha,moe,42,5,10,0.04797607287764549,0.06533699482679367,1.777021050453186
1000,mha,moe,42,5,11,0.10825195163488388,0.09016582369804382,1.777021050453186
1000,mha,moe,42,5,12,0.06848754733800888,0.059911780059337616,1.777021050453186
1000,mha,moe,42,5,13,0.07747558504343033,0.09104364365339279,1.777021050453186
1000,mha,moe,42,5,14,0.04554687440395355,0.04228370636701584,1.777021050453186
1000,mha,moe,42,5,15,0.06625121831893921,0.06040734797716141,1.777021050453186
1500,mha,moe,42,1,0,0.050621338188648224,0.064217709004879,2.4010558128356934
1500,mha,moe,42,1,1,0.06166626140475273,0.06178026646375656,2.4010558128356934
1500,mha,moe,42,1,2,0.06698120385408401,0.0627426877617836,2.4010558128356934
1500,mha,moe,42,1,3,0.11716186255216599,0.0884186327457428,2.4010558128356934
1500,mha,moe,42,1,4,0.0643933117389679,0.06386210769414902,2.4010558128356934
1500,mha,moe,42,1,5,0.07097534090280533,0.06541092693805695,2.4010558128356934
1500,mha,moe,42,1,6,0.05005249008536339,0.05821150168776512,2.4010558128356934
1500,mha,moe,42,1,7,0.05017700046300888,0.052464138716459274,2.4010558128356934
1500,mha,moe,42,1,8,0.06615234166383743,0.0664430558681488,2.4010558128356934
1500,mha,moe,42,1,9,0.031757812947034836,0.05016929283738136,2.4010558128356934
1500,mha,moe,42,1,10,0.06434692442417145,0.05893521383404732,2.4010558128356934
1500,mha,moe,42,1,11,0.05327392742037773,0.05938952788710594,2.4010558128356934
1500,mha,moe,42,1,12,0.07563965022563934,0.06650913506746292,2.4010558128356934
1500,mha,moe,42,1,13,0.05627197399735451,0.057494454085826874,2.4010558128356934
1500,mha,moe,42,1,14,0.04742797836661339,0.05832356959581375,2.4010558128356934
1500,mha,moe,42,1,15,0.07310058921575546,0.06562782824039459,2.4010558128356934
1500,mha,moe,42,2,0,0.08223022520542145,0.07654383033514023,1.9558472633361816
1500,mha,moe,42,2,1,0.04751830920577049,0.051527056843042374,1.9558472633361816
1500,mha,moe,42,2,2,0.07026855647563934,0.06177070736885071,1.9558472633361816
1500,mha,moe,42,2,3,0.06511474400758743,0.05588927119970322,1.9558472633361816
1500,mha,moe,42,2,4,0.07099365442991257,0.07118076086044312,1.9558472633361816
1500,mha,moe,42,2,5,0.06421142816543579,0.06415526568889618,1.9558472633361816
1500,mha,moe,42,2,6,0.06313110142946243,0.06553496420383453,1.9558472633361816
1500,mha,moe,42,2,7,0.05652099475264549,0.0544278621673584,1.9558472633361816
1500,mha,moe,42,2,8,0.07146606594324112,0.0760670006275177,1.9558472633361816
1500,mha,moe,42,2,9,0.042113035917282104,0.05266762897372246,1.9558472633361816
1500,mha,moe,42,2,10,0.039427489042282104,0.05081655830144882,1.9558472633361816
1500,mha,moe,42,2,11,0.07104858756065369,0.06972303986549377,1.9558472633361816
1500,mha,moe,42,2,12,0.052916258573532104,0.05398891493678093,1.9558472633361816
1500,mha,moe,42,2,13,0.05921630933880806,0.060261912643909454,1.9558472633361816
1500,mha,moe,42,2,14,0.05756225436925888,0.05479650944471359,1.9558472633361816
1500,mha,moe,42,2,15,0.08626098930835724,0.08064869791269302,1.9558472633361816
1500,mha,moe,42,3,0,0.05050415173172951,0.04286493360996246,1.3997857570648193
1500,mha,moe,42,3,1,0.07871948182582855,0.08413276821374893,1.3997857570648193
1500,mha,moe,42,3,2,0.05895141512155533,0.04896719008684158,1.3997857570648193
1500,mha,moe,42,3,3,0.03410888835787773,0.03738723695278168,1.3997857570648193
1500,mha,moe,42,3,4,0.05025268718600273,0.044102743268013,1.3997857570648193
1500,mha,moe,42,3,5,0.07799194008111954,0.07076253741979599,1.3997857570648193
1500,mha,moe,42,3,6,0.05781250074505806,0.045692142099142075,1.3997857570648193
1500,mha,moe,42,3,7,0.055732421576976776,0.05091215297579765,1.3997857570648193
1500,mha,moe,42,3,8,0.08100830018520355,0.10213717818260193,1.3997857570648193
1500,mha,moe,42,3,9,0.06076416000723839,0.07026617974042892,1.3997857570648193
1500,mha,moe,42,3,10,0.06752441078424454,0.05888686701655388,1.3997857570648193
1500,mha,moe,42,3,11,0.05783325061202049,0.08887806534767151,1.3997857570648193
1500,mha,moe,42,3,12,0.06196655333042145,0.06299193203449249,1.3997857570648193
1500,mha,moe,42,3,13,0.06520996242761612,0.046080298721790314,1.3997857570648193
1500,mha,moe,42,3,14,0.06627319008111954,0.07227353751659393,1.3997857570648193
1500,mha,moe,42,3,15,0.0753466784954071,0.07366423308849335,1.3997857570648193
1500,mha,moe,42,4,0,0.05843872204422951,0.062285467982292175,1.2822394371032715
1500,mha,moe,42,4,1,0.05487426742911339,0.06707531958818436,1.2822394371032715
1500,mha,moe,42,4,2,0.04279907047748566,0.0583924725651741,1.2822394371032715
1500,mha,moe,42,4,3,0.0863659679889679,0.083348847925663,1.2822394371032715
1500,mha,moe,42,4,4,0.06905028969049454,0.06477881222963333,1.2822394371032715
1500,mha,moe,42,4,5,0.07213867455720901,0.06371203809976578,1.2822394371032715
1500,mha,moe,42,4,6,0.06635864078998566,0.06133747473359108,1.2822394371032715
1500,mha,moe,42,4,7,0.059693604707717896,0.0713762566447258,1.2822394371032715
1500,mha,moe,42,4,8,0.05872436612844467,0.07501118630170822,1.2822394371032715
1500,mha,moe,42,4,9,0.031104736030101776,0.03228325396776199,1.2822394371032715
1500,mha,moe,42,4,10,0.06754760444164276,0.055543337017297745,1.2822394371032715
1500,mha,moe,42,4,11,0.08188598603010178,0.08544976264238358,1.2822394371032715
1500,mha,moe,42,4,12,0.050666503608226776,0.04845752567052841,1.2822394371032715
1500,mha,moe,42,4,13,0.06882934272289276,0.058943573385477066,1.2822394371032715
1500,mha,moe,42,4,14,0.05085571110248566,0.046440232545137405,1.2822394371032715
1500,mha,moe,42,4,15,0.08066650480031967,0.06556443870067596,1.2822394371032715
1500,mha,moe,42,5,0,0.05563110485672951,0.05678746849298477,1.680708885192871
1500,mha,moe,42,5,1,0.05395874008536339,0.049007415771484375,1.680708885192871
1500,mha,moe,42,5,2,0.03987060487270355,0.05630973353981972,1.680708885192871
1500,mha,moe,42,5,3,0.10081055015325546,0.07998130470514297,1.680708885192871
1500,mha,moe,42,5,4,0.052708741277456284,0.05506584793329239,1.680708885192871
1500,mha,moe,42,5,5,0.08840209990739822,0.07886894047260284,1.680708885192871
1500,mha,moe,42,5,6,0.058787841349840164,0.06094552204012871,1.680708885192871
1500,mha,moe,42,5,7,0.051756590604782104,0.058452628552913666,1.680708885192871
1500,mha,moe,42,5,8,0.055083006620407104,0.05858071893453598,1.680708885192871
1500,mha,moe,42,5,9,0.04312988370656967,0.04375656694173813,1.680708885192871
1500,mha,moe,42,5,10,0.05049194395542145,0.06620079278945923,1.680708885192871
1500,mha,moe,42,5,11,0.10875122249126434,0.0853971540927887,1.680708885192871
1500,mha,moe,42,5,12,0.06841186434030533,0.061584848910570145,1.680708885192871
1500,mha,moe,42,5,13,0.07359985262155533,0.09056902676820755,1.680708885192871
1500,mha,moe,42,5,14,0.04893188551068306,0.046904224902391434,1.680708885192871
1500,mha,moe,42,5,15,0.04967407137155533,0.051587797701358795,1.680708885192871
2000,mha,moe,42,1,0,0.10596923530101776,0.07871595770120621,2.535581350326538
2000,mha,moe,42,1,1,0.036955565214157104,0.058730341494083405,2.535581350326538
2000,mha,moe,42,1,2,0.07022949308156967,0.0615120604634285,2.535581350326538
2000,mha,moe,42,1,3,0.08192870765924454,0.05958404019474983,2.535581350326538
2000,mha,moe,42,1,4,0.07001587003469467,0.06261572241783142,2.535581350326538
2000,mha,moe,42,1,5,0.06317138671875,0.05935139209032059,2.535581350326538
2000,mha,moe,42,1,6,0.05005859211087227,0.05896572023630142,2.535581350326538
2000,mha,moe,42,1,7,0.051319580525159836,0.061765726655721664,2.535581350326538
2000,mha,moe,42,1,8,0.09842529147863388,0.07274653762578964,2.535581350326538
2000,mha,moe,42,1,9,0.036937255412340164,0.05671084299683571,2.535581350326538
2000,mha,moe,42,1,10,0.05531982332468033,0.06320156902074814,2.535581350326538
2000,mha,moe,42,1,11,0.04457763582468033,0.06023555248975754,2.535581350326538
2000,mha,moe,42,1,12,0.06229003891348839,0.0610012449324131,2.535581350326538
2000,mha,moe,42,1,13,0.060638427734375,0.06312994658946991,2.535581350326538
2000,mha,moe,42,1,14,0.03919433429837227,0.05880448967218399,2.535581350326538
2000,mha,moe,42,1,15,0.0729687511920929,0.06292882561683655,2.535581350326538
2000,mha,moe,42,2,0,0.05561157315969467,0.06781529635190964,2.0180747509002686
2000,mha,moe,42,2,1,0.06739990413188934,0.06287731975317001,2.0180747509002686
2000,mha,moe,42,2,2,0.06685913354158401,0.06050349399447441,2.0180747509002686
2000,mha,moe,42,2,3,0.05651489272713661,0.052036333829164505,2.0180747509002686
2000,mha,moe,42,2,4,0.07326660305261612,0.07200667262077332,2.0180747509002686
2000,mha,moe,42,2,5,0.06496337801218033,0.06806179881095886,2.0180747509002686
2000,mha,moe,42,2,6,0.060570068657398224,0.06242034584283829,2.0180747509002686
2000,mha,moe,42,2,7,0.05510132014751434,0.052892737090587616,2.0180747509002686
2000,mha,moe,42,2,8,0.06708008050918579,0.06855751574039459,2.0180747509002686
2000,mha,moe,42,2,9,0.043297119438648224,0.051872801035642624,2.0180747509002686
2000,mha,moe,42,2,10,0.06187377870082855,0.06154944375157356,2.0180747509002686
2000,mha,moe,42,2,11,0.07663208246231079,0.07191604375839233,2.0180747509002686
2000,mha,moe,42,2,12,0.054414063692092896,0.05749404802918434,2.0180747509002686
2000,mha,moe,42,2,13,0.06297607719898224,0.06148923560976982,2.0180747509002686
2000,mha,moe,42,2,14,0.057880859822034836,0.05826225131750107,2.0180747509002686
2000,mha,moe,42,2,15,0.07555907964706421,0.07024463266134262,2.0180747509002686
2000,mha,moe,42,3,0,0.045185547322034836,0.0409080870449543,1.4527500867843628
2000,mha,moe,42,3,1,0.0833142101764679,0.08418267965316772,1.4527500867843628
2000,mha,moe,42,3,2,0.05534301698207855,0.04939925670623779,1.4527500867843628
2000,mha,moe,42,3,3,0.028493652120232582,0.03214369714260101,1.4527500867843628
2000,mha,moe,42,3,4,0.05985107272863388,0.049674950540065765,1.4527500867843628
2000,mha,moe,42,3,5,0.08101562410593033,0.0723608210682869,1.4527500867843628
2000,mha,moe,42,3,6,0.052611082792282104,0.044036298990249634,1.4527500867843628
2000,mha,moe,42,3,7,0.05479126051068306,0.050458259880542755,1.4527500867843628
2000,mha,moe,42,3,8,0.07654052972793579,0.10000365227460861,1.4527500867843628
2000,mha,moe,42,3,9,0.06212402507662773,0.06971248239278793,1.4527500867843628
2000,mha,moe,42,3,10,0.07092773169279099,0.060108624398708344,1.4527500867843628
2000,mha,moe,42,3,11,0.060028076171875,0.08943413943052292,1.4527500867843628
2000,mha,moe,42,3,12,0.06791870296001434,0.06302253156900406,1.4527500867843628
2000,mha,moe,42,3,13,0.05795654281973839,0.04598351567983627,1.4527500867843628
2000,mha,moe,42,3,14,0.07461303472518921,0.08000503480434418,1.4527500867843628
2000,mha,moe,42,3,15,0.06928589195013046,0.06856594234704971,1.4527500867843628
2000,mha,moe,42,4,0,0.05714721605181694,0.06192881613969803,1.1776996850967407
2000,mha,moe,42,4,1,0.05781616270542145,0.07265124469995499,1.1776996850967407
2000,mha,moe,42,4,2,0.04977050796151161,0.06542188674211502,1.1776996850967407
2000,mha,moe,42,4,3,0.09112793207168579,0.08611780405044556,1.1776996850967407
2000,mha,moe,42,4,4,0.06787109375,0.06789419800043106,1.1776996850967407
2000,mha,moe,42,4,5,0.07352904975414276,0.06600490212440491,1.1776996850967407
2000,mha,moe,42,4,6,0.056232910603284836,0.05547666549682617,1.1776996850967407
2000,mha,moe,42,4,7,0.05244995281100273,0.06268861144781113,1.1776996850967407
2000,mha,moe,42,4,8,0.056915283203125,0.07134242355823517,1.1776996850967407
2000,mha,moe,42,4,9,0.026203613728284836,0.02858605794608593,1.1776996850967407
2000,mha,moe,42,4,10,0.07633666694164276,0.06262564659118652,1.1776996850967407
2000,mha,moe,42,4,11,0.08223510533571243,0.081691674888134,1.1776996850967407
2000,mha,moe,42,4,12,0.03770507872104645,0.04045606032013893,1.1776996850967407
2000,mha,moe,42,4,13,0.07389282435178757,0.06251518428325653,1.1776996850967407
2000,mha,moe,42,4,14,0.04800781235098839,0.04107110947370529,1.1776996850967407
2000,mha,moe,42,4,15,0.09275878965854645,0.0735277384519577,1.1776996850967407
2000,mha,moe,42,5,0,0.05091674625873566,0.0555730015039444,1.6616154909133911
2000,mha,moe,42,5,1,0.04169921949505806,0.042227573692798615,1.6616154909133911
2000,mha,moe,42,5,2,0.031596679240465164,0.05097481235861778,1.6616154909133911
2000,mha,moe,42,5,3,0.11484619230031967,0.09074892103672028,1.6616154909133911
2000,mha,moe,42,5,4,0.04948120191693306,0.05492504686117172,1.6616154909133911
2000,mha,moe,42,5,5,0.0909106433391571,0.07860074937343597,1.6616154909133911
2000,mha,moe,42,5,6,0.056507568806409836,0.05768978223204613,1.6616154909133911
2000,mha,moe,42,5,7,0.05782837048172951,0.06444661319255829,1.6616154909133911
2000,mha,moe,42,5,8,0.051289062947034836,0.05545374006032944,1.6616154909133911
2000,mha,moe,42,5,9,0.05359741300344467,0.048796020448207855,1.6616154909133911
2000,mha,moe,42,5,10,0.04857055842876434,0.06397469341754913,1.6616154909133911
2000,mha,moe,42,5,11,0.11512207239866257,0.0952325239777565,1.6616154909133911
2000,mha,moe,42,5,12,0.0655810534954071,0.05987628549337387,1.6616154909133911
2000,mha,moe,42,5,13,0.06919311732053757,0.08244262635707855,1.6616154909133911
2000,mha,moe,42,5,14,0.054222412407398224,0.04919178783893585,1.6616154909133911
2000,mha,moe,42,5,15,0.048637695610523224,0.049845848232507706,1.6616154909133911
2500,mha,moe,42,1,0,0.07657104730606079,0.0713406354188919,2.600452184677124
2500,mha,moe,42,1,1,0.041441649198532104,0.061502356082201004,2.600452184677124
2500,mha,moe,42,1,2,0.057536620646715164,0.05923949182033539,2.600452184677124
2500,mha,moe,42,1,3,0.07648071646690369,0.05436217412352562,2.600452184677124
2500,mha,moe,42,1,4,0.06824340671300888,0.06003960222005844,2.600452184677124
2500,mha,moe,42,1,5,0.06314819306135178,0.05994832515716553,2.600452184677124
2500,mha,moe,42,1,6,0.049958497285842896,0.060162682086229324,2.600452184677124
2500,mha,moe,42,1,7,0.04515625163912773,0.06455875188112259,2.600452184677124
2500,mha,moe,42,1,8,0.07108154147863388,0.06298239529132843,2.600452184677124
2500,mha,moe,42,1,9,0.09318969398736954,0.06589622795581818,2.600452184677124
2500,mha,moe,42,1,10,0.07613525539636612,0.06652729213237762,2.600452184677124
2500,mha,moe,42,1,11,0.05385742336511612,0.06344504654407501,2.600452184677124
2500,mha,moe,42,1,12,0.0830981433391571,0.06597362458705902,2.600452184677124
2500,mha,moe,42,1,13,0.04439697414636612,0.06342393159866333,2.600452184677124
2500,mha,moe,42,1,14,0.022447509691119194,0.05806007981300354,2.600452184677124
2500,mha,moe,42,1,15,0.07725708186626434,0.06253742426633835,2.600452184677124
2500,mha,moe,42,2,0,0.06781616061925888,0.07363806664943695,1.9978443384170532
2500,mha,moe,42,2,1,0.05413818359375,0.057631149888038635,1.9978443384170532
2500,mha,moe,42,2,2,0.065521240234375,0.058477502316236496,1.9978443384170532
2500,mha,moe,42,2,3,0.06099487468600273,0.05532754957675934,1.9978443384170532
2500,mha,moe,42,2,4,0.0783679187297821,0.07671602070331573,1.9978443384170532
2500,mha,moe,42,2,5,0.07170654088258743,0.06896460801362991,1.9978443384170532
2500,mha,moe,42,2,6,0.05471435561776161,0.059115126729011536,1.9978443384170532
2500,mha,moe,42,2,7,0.05606323108077049,0.053366322070360184,1.9978443384170532
2500,mha,moe,42,2,8,0.07007202506065369,0.06836269050836563,1.9978443384170532
2500,mha,moe,42,2,9,0.045531004667282104,0.05451887100934982,1.9978443384170532
2500,mha,moe,42,2,10,0.03550781309604645,0.049690064042806625,1.9978443384170532
2500,mha,moe,42,2,11,0.06328857690095901,0.06359458714723587,1.9978443384170532
2500,mha,moe,42,2,12,0.06519287079572678,0.06313417106866837,1.9978443384170532
2500,mha,moe,42,2,13,0.05281250178813934,0.054806195199489594,1.9978443384170532
2500,mha,moe,42,2,14,0.06859374791383743,0.06299057602882385,1.9978443384170532
2500,mha,moe,42,2,15,0.08967895805835724,0.07966647297143936,1.9978443384170532
2500,mha,moe,42,3,0,0.043388672173023224,0.04094715416431427,1.4165475368499756
2500,mha,moe,42,3,1,0.07714599370956421,0.079662024974823,1.4165475368499756
2500,mha,moe,42,3,2,0.06315185874700546,0.05164075270295143,1.4165475368499756
2500,mha,moe,42,3,3,0.02982421964406967,0.03219461441040039,1.4165475368499756
2500,mha,moe,42,3,4,0.052344970405101776,0.04510437324643135,1.4165475368499756
2500,mha,moe,42,3,5,0.06821777671575546,0.06312372535467148,1.4165475368499756
2500,mha,moe,42,3,6,0.06213622912764549,0.04926356300711632,1.4165475368499756
2500,mha,moe,42,3,7,0.05979980528354645,0.05332551896572113,1.4165475368499756
2500,mha,moe,42,3,8,0.07883545011281967,0.10266413539648056,1.4165475368499756
2500,mha,moe,42,3,9,0.06345336884260178,0.07149919867515564,1.4165475368499756
2500,mha,moe,42,3,10,0.06476440280675888,0.055473435670137405,1.4165475368499756
2500,mha,moe,42,3,11,0.05368408188223839,0.08771879971027374,1.4165475368499756
2500,mha,moe,42,3,12,0.06836181879043579,0.06418419629335403,1.4165475368499756
2500,mha,moe,42,3,13,0.06524658203125,0.0482504703104496,1.4165475368499756
2500,mha,moe,42,3,14,0.06627319008111954,0.0788448378443718,1.4165475368499756
2500,mha,moe,42,3,15,0.08337157964706421,0.07610317319631577,1.4165475368499756
2500,mha,moe,42,4,0,0.058540038764476776,0.06327313184738159,1.1333122253417969
2500,mha,moe,42,4,1,0.06354614347219467,0.07479748874902725,1.1333122253417969
2500,mha,moe,42,4,2,0.04678588733077049,0.06171474978327751,1.1333122253417969
2500,mha,moe,42,4,3,0.09938232600688934,0.09032871574163437,1.1333122253417969
2500,mha,moe,42,4,4,0.06583740562200546,0.06705842167139053,1.1333122253417969
2500,mha,moe,42,4,5,0.07273437827825546,0.0665813460946083,1.1333122253417969
2500,mha,moe,42,4,6,0.060924071818590164,0.05823276937007904,1.1333122253417969
2500,mha,moe,42,4,7,0.04416259750723839,0.05940919369459152,1.1333122253417969
2500,mha,moe,42,4,8,0.05240112170577049,0.06762060523033142,1.1333122253417969
2500,mha,moe,42,4,9,0.02952270582318306,0.03007649816572666,1.1333122253417969
2500,mha,moe,42,4,10,0.07257324457168579,0.06016812473535538,1.1333122253417969
2500,mha,moe,42,4,11,0.08928466588258743,0.0885089859366417,1.1333122253417969
2500,mha,moe,42,4,12,0.041069336235523224,0.043940477073192596,1.1333122253417969
2500,mha,moe,42,4,13,0.07058105617761612,0.06111019104719162,1.1333122253417969
2500,mha,moe,42,4,14,0.05198852717876434,0.04294754937291145,1.1333122253417969
2500,mha,moe,42,4,15,0.08066650480031967,0.064231738448143,1.1333122253417969
2500,mha,moe,42,5,0,0.055321045219898224,0.05754247307777405,1.635196566581726
2500,mha,moe,42,5,1,0.034614257514476776,0.03735988959670067,1.635196566581726
2500,mha,moe,42,5,2,0.03458007797598839,0.05363006144762039,1.635196566581726
2500,mha,moe,42,5,3,0.11383056640625,0.08981417864561081,1.635196566581726
2500,mha,moe,42,5,4,0.049962159246206284,0.055101361125707626,1.635196566581726
2500,mha,moe,42,5,5,0.08836548030376434,0.07677163928747177,1.635196566581726
2500,mha,moe,42,5,6,0.05543701350688934,0.056462183594703674,1.635196566581726
2500,mha,moe,42,5,7,0.06244262680411339,0.06653803586959839,1.635196566581726
2500,mha,moe,42,5,8,0.049348145723342896,0.054358843713998795,1.635196566581726
2500,mha,moe,42,5,9,0.05181274563074112,0.04562509059906006,1.635196566581726
2500,mha,moe,42,5,10,0.04700927808880806,0.06214163452386856,1.635196566581726
2500,mha,moe,42,5,11,0.10690551996231079,0.08704860508441925,1.635196566581726
2500,mha,moe,42,5,12,0.07792236655950546,0.06936537474393845,1.635196566581726
2500,mha,moe,42,5,13,0.07136108726263046,0.0878148078918457,1.635196566581726
2500,mha,moe,42,5,14,0.05757080018520355,0.054254189133644104,1.635196566581726
2500,mha,moe,42,5,15,0.043516844511032104,0.046171635389328,1.635196566581726
3000,mha,moe,42,1,0,0.08032836765050888,0.07149967551231384,2.629448890686035
3000,mha,moe,42,1,1,0.04815429821610451,0.0642416924238205,2.629448890686035
3000,mha,moe,42,1,2,0.07093749940395355,0.062060900032520294,2.629448890686035
3000,mha,moe,42,1,3,0.07664306461811066,0.052280720323324203,2.629448890686035
3000,mha,moe,42,1,4,0.05206909030675888,0.054476551711559296,2.629448890686035
3000,mha,moe,42,1,5,0.0744921863079071,0.061794232577085495,2.629448890686035
3000,mha,moe,42,1,6,0.04442138597369194,0.05924433842301369,2.629448890686035
3000,mha,moe,42,1,7,0.07685546576976776,0.0679624155163765,2.629448890686035
3000,mha,moe,42,1,8,0.06093505769968033,0.05775816738605499,2.629448890686035
3000,mha,moe,42,1,9,0.03602294996380806,0.06227419897913933,2.629448890686035
3000,mha,moe,42,1,10,0.04408813640475273,0.0634545236825943,2.629448890686035
3000,mha,moe,42,1,11,0.05510864406824112,0.06372956186532974,2.629448890686035
3000,mha,moe,42,1,12,0.07280517369508743,0.06361175328493118,2.629448890686035
3000,mha,moe,42,1,13,0.10414306819438934,0.06860397756099701,2.629448890686035
3000,mha,moe,42,1,14,0.043818358331918716,0.06460248678922653,2.629448890686035
3000,mha,moe,42,1,15,0.05917724594473839,0.0624048188328743,2.629448890686035
3000,mha,moe,42,2,0,0.06012329086661339,0.0668216124176979,1.978954792022705
3000,mha,moe,42,2,1,0.053706053644418716,0.05939500778913498,1.978954792022705
3000,mha,moe,42,2,2,0.07141601294279099,0.05967862531542778,1.978954792022705
3000,mha,moe,42,2,3,0.0696118175983429,0.060494814068078995,1.978954792022705
3000,mha,moe,42,2,4,0.08488525450229645,0.08383253216743469,1.978954792022705
3000,mha,moe,42,2,5,0.06637817621231079,0.0670819878578186,1.978954792022705
3000,mha,moe,42,2,6,0.057322997599840164,0.05997567996382713,1.978954792022705
3000,mha,moe,42,2,7,0.05603393539786339,0.05297907814383507,1.978954792022705
3000,mha,moe,42,2,8,0.06980346888303757,0.06854717433452606,1.978954792022705
3000,mha,moe,42,2,9,0.045808106660842896,0.054722294211387634,1.978954792022705
3000,mha,moe,42,2,10,0.04296264797449112,0.04961875453591347,1.978954792022705
3000,mha,moe,42,2,11,0.06688110530376434,0.06782711297273636,1.978954792022705
3000,mha,moe,42,2,12,0.05685058608651161,0.05828716605901718,1.978954792022705
3000,mha,moe,42,2,13,0.04985229671001434,0.05321623384952545,1.978954792022705
3000,mha,moe,42,2,14,0.06837402284145355,0.06515385210514069,1.978954792022705
3000,mha,moe,42,2,15,0.07999023795127869,0.07236810028553009,1.978954792022705
3000,mha,moe,42,3,0,0.047844238579273224,0.044827915728092194,1.426937460899353
3000,mha,moe,42,3,1,0.07865600287914276,0.07774168998003006,1.426937460899353
3000,mha,moe,42,3,2,0.058143310248851776,0.05035512149333954,1.426937460899353
3000,mha,moe,42,3,3,0.036033935844898224,0.03668082132935524,1.426937460899353
3000,mha,moe,42,3,4,0.05679931491613388,0.04817495867609978,1.426937460899353
3000,mha,moe,42,3,5,0.0733642578125,0.06834401935338974,1.426937460899353
3000,mha,moe,42,3,6,0.05811889469623566,0.04667254537343979,1.426937460899353
3000,mha,moe,42,3,7,0.055488280951976776,0.051210176199674606,1.426937460899353
3000,mha,moe,42,3,8,0.0830981433391571,0.10455159097909927,1.426937460899353
3000,mha,moe,42,3,9,0.04951293766498566,0.058447543531656265,1.426937460899353
3000,mha,moe,42,3,10,0.06016479432582855,0.0530829057097435,1.426937460899353
3000,mha,moe,42,3,11,0.06800170987844467,0.09284510463476181,1.426937460899353
3000,mha,moe,42,3,12,0.062164306640625,0.06229638680815697,1.426937460899353
3000,mha,moe,42,3,13,0.05241577327251434,0.0420457124710083,1.426937460899353
3000,mha,moe,42,3,14,0.07101806998252869,0.08152563869953156,1.426937460899353
3000,mha,moe,42,3,15,0.08917602896690369,0.08119786530733109,1.426937460899353
3000,mha,moe,42,4,0,0.05864868313074112,0.06317169219255447,1.1196198463439941
3000,mha,moe,42,4,1,0.05861084163188934,0.07096648216247559,1.1196198463439941
3000,mha,moe,42,4,2,0.04642700031399727,0.06144921854138374,1.1196198463439941
3000,mha,moe,42,4,3,0.09514404088258743,0.09150484204292297,1.1196198463439941
3000,mha,moe,42,4,4,0.07005126774311066,0.06225098669528961,1.1196198463439941
3000,mha,moe,42,4,5,0.07145629823207855,0.06560984253883362,1.1196198463439941
3000,mha,moe,42,4,6,0.06094604358077049,0.059583839029073715,1.1196198463439941
3000,mha,moe,42,4,7,0.04789184406399727,0.06260986626148224,1.1196198463439941
3000,mha,moe,42,4,8,0.055238038301467896,0.07355815172195435,1.1196198463439941
3000,mha,moe,42,4,9,0.031401365995407104,0.032157398760318756,1.1196198463439941
3000,mha,moe,42,4,10,0.07038696110248566,0.0568932443857193,1.1196198463439941
3000,mha,moe,42,4,11,0.08787842094898224,0.08708187937736511,1.1196198463439941
3000,mha,moe,42,4,12,0.04304199293255806,0.043586064130067825,1.1196198463439941
3000,mha,moe,42,4,13,0.06803222745656967,0.059346623718738556,1.1196198463439941
3000,mha,moe,42,4,14,0.04880981519818306,0.03907351195812225,1.1196198463439941
3000,mha,moe,42,4,15,0.08603515475988388,0.07115635275840759,1.1196198463439941
3000,mha,moe,42,5,0,0.05520385876297951,0.05995563045144081,1.6180222034454346
3000,mha,moe,42,5,1,0.03478149324655533,0.0372101329267025,1.6180222034454346
3000,mha,moe,42,5,2,0.03283081203699112,0.05141499638557434,1.6180222034454346
3000,mha,moe,42,5,3,0.12346313148736954,0.09603192657232285,1.6180222034454346
3000,mha,moe,42,5,4,0.044560547918081284,0.05103952810168266,1.6180222034454346
3000,mha,moe,42,5,5,0.08633667230606079,0.07626630365848541,1.6180222034454346
3000,mha,moe,42,5,6,0.06837524473667145,0.06327048689126968,1.6180222034454346
3000,mha,moe,42,5,7,0.05203857272863388,0.05801282823085785,1.6180222034454346
3000,mha,moe,42,5,8,0.048088379204273224,0.05247369408607483,1.6180222034454346
3000,mha,moe,42,5,9,0.04876464977860451,0.041903331875801086,1.6180222034454346
3000,mha,moe,42,5,10,0.04634765535593033,0.06080978736281395,1.6180222034454346
3000,mha,moe,42,5,11,0.11504394561052322,0.09793059527873993,1.6180222034454346
3000,mha,moe,42,5,12,0.068603515625,0.062384385615587234,1.6180222034454346
3000,mha,moe,42,5,13,0.0710766613483429,0.08801040798425674,1.6180222034454346
3000,mha,moe,42,5,14,0.05559081956744194,0.05388882756233215,1.6180222034454346
3000,mha,moe,42,5,15,0.048894044011831284,0.049397144466638565,1.6180222034454346
3500,mha,moe,42,1,0,0.0867932140827179,0.07387097924947739,2.6182684898376465
3500,mha,moe,42,1,1,0.03026489168405533,0.0605647899210453,2.6182684898376465
3500,mha,moe,42,1,2,0.06854980438947678,0.06138814613223076,2.6182684898376465
3500,mha,moe,42,1,3,0.09860596060752869,0.06062642112374306,2.6182684898376465
3500,mha,moe,42,1,4,0.08380493521690369,0.061978865414857864,2.6182684898376465
3500,mha,moe,42,1,5,0.06896728277206421,0.06171710044145584,2.6182684898376465
3500,mha,moe,42,1,6,0.06058593839406967,0.060252346098423004,2.6182684898376465
3500,mha,moe,42,1,7,0.04072875902056694,0.06136235594749451,2.6182684898376465
3500,mha,moe,42,1,8,0.07691284269094467,0.06334023177623749,2.6182684898376465
3500,mha,moe,42,1,9,0.03648193180561066,0.05908293277025223,2.6182684898376465
3500,mha,moe,42,1,10,0.05134399235248566,0.06457791477441788,2.6182684898376465
3500,mha,moe,42,1,11,0.06276245415210724,0.06349211931228638,2.6182684898376465
3500,mha,moe,42,1,12,0.07781372219324112,0.06319441646337509,2.6182684898376465
3500,mha,moe,42,1,13,0.04812866076827049,0.05949398875236511,2.6182684898376465
3500,mha,moe,42,1,14,0.05278564617037773,0.06302069127559662,2.6182684898376465
3500,mha,moe,42,1,15,0.055469971150159836,0.06203671544790268,2.6182684898376465
3500,mha,moe,42,2,0,0.0747668445110321,0.07222334295511246,1.9498412609100342
3500,mha,moe,42,2,1,0.059990234673023224,0.06415411829948425,1.9498412609100342
3500,mha,moe,42,2,2,0.05729492008686066,0.05497404932975769,1.9498412609100342
3500,mha,moe,42,2,3,0.06812011450529099,0.05825303494930267,1.9498412609100342
3500,mha,moe,42,2,4,0.08027954399585724,0.08194555342197418,1.9498412609100342
3500,mha,moe,42,2,5,0.06191650405526161,0.0631408840417862,1.9498412609100342
3500,mha,moe,42,2,6,0.060142822563648224,0.06140027567744255,1.9498412609100342
3500,mha,moe,42,2,7,0.06492431461811066,0.058335743844509125,1.9498412609100342
3500,mha,moe,42,2,8,0.07266479730606079,0.07363983988761902,1.9498412609100342
3500,mha,moe,42,2,9,0.051610108464956284,0.060377415269613266,1.9498412609100342
3500,mha,moe,42,2,10,0.040766600519418716,0.05037004128098488,1.9498412609100342
3500,mha,moe,42,2,11,0.06241210922598839,0.06541193276643753,1.9498412609100342
3500,mha,moe,42,2,12,0.05625976622104645,0.05759549140930176,1.9498412609100342
3500,mha,moe,42,2,13,0.053947754204273224,0.054878607392311096,1.9498412609100342
3500,mha,moe,42,2,14,0.06373779475688934,0.05988926813006401,1.9498412609100342
3500,mha,moe,42,2,15,0.0711657702922821,0.06341034173965454,1.9498412609100342
3500,mha,moe,42,3,0,0.053184814751148224,0.04916516691446304,1.407307744026184
3500,mha,moe,42,3,1,0.08299682289361954,0.0823466032743454,1.407307744026184
3500,mha,moe,42,3,2,0.06306396424770355,0.051487091928720474,1.407307744026184
3500,mha,moe,42,3,3,0.03821777179837227,0.03957842290401459,1.407307744026184
3500,mha,moe,42,3,4,0.05297607555985451,0.0447973906993866,1.407307744026184
3500,mha,moe,42,3,5,0.07339233160018921,0.0681343600153923,1.407307744026184
3500,mha,moe,42,3,6,0.05826049670577049,0.04646598920226097,1.407307744026184
3500,mha,moe,42,3,7,0.05323730409145355,0.04973454400897026,1.407307744026184
3500,mha,moe,42,3,8,0.08321655541658401,0.10489936918020248,1.407307744026184
3500,mha,moe,42,3,9,0.050639647990465164,0.06037433445453644,1.407307744026184
3500,mha,moe,42,3,10,0.06069091707468033,0.05318675935268402,1.407307744026184
3500,mha,moe,42,3,11,0.06541381776332855,0.08944984525442123,1.407307744026184
3500,mha,moe,42,3,12,0.059907227754592896,0.06063584238290787,1.407307744026184
3500,mha,moe,42,3,13,0.054279785603284836,0.04418855533003807,1.407307744026184
3500,mha,moe,42,3,14,0.06461059302091599,0.07714557647705078,1.407307744026184
3500,mha,moe,42,3,15,0.08591186255216599,0.07841012626886368,1.407307744026184
3500,mha,moe,42,4,0,0.06055663898587227,0.06452260166406631,1.1022610664367676
3500,mha,moe,42,4,1,0.05716552585363388,0.07052331417798996,1.1022610664367676
3500,mha,moe,42,4,2,0.04601806774735451,0.060672760009765625,1.1022610664367676
3500,mha,moe,42,4,3,0.09098266810178757,0.08738099783658981,1.1022610664367676
3500,mha,moe,42,4,4,0.06034179776906967,0.06138542667031288,1.1022610664367676
3500,mha,moe,42,4,5,0.07593140006065369,0.06864312291145325,1.1022610664367676
3500,mha,moe,42,4,6,0.06015380844473839,0.057423077523708344,1.1022610664367676
3500,mha,moe,42,4,7,0.04797607287764549,0.060908686369657516,1.1022610664367676
3500,mha,moe,42,4,8,0.05133300647139549,0.06773171573877335,1.1022610664367676
3500,mha,moe,42,4,9,0.03135009855031967,0.03239544481039047,1.1022610664367676
3500,mha,moe,42,4,10,0.07505127042531967,0.061519451439380646,1.1022610664367676
3500,mha,moe,42,4,11,0.09151733666658401,0.08557397127151489,1.1022610664367676
3500,mha,moe,42,4,12,0.04573974758386612,0.04620010405778885,1.1022610664367676
3500,mha,moe,42,4,13,0.07211059331893921,0.06262795627117157,1.1022610664367676
3500,mha,moe,42,4,14,0.05040161311626434,0.04215696454048157,1.1022610664367676
3500,mha,moe,42,4,15,0.08337035775184631,0.07033440470695496,1.1022610664367676
3500,mha,moe,42,5,0,0.05097411945462227,0.053454089909791946,1.6024460792541504
3500,mha,moe,42,5,1,0.03689331188797951,0.037384167313575745,1.6024460792541504
3500,mha,moe,42,5,2,0.032203368842601776,0.05138477310538292,1.6024460792541504
3500,mha,moe,42,5,3,0.12577880918979645,0.09883251041173935,1.6024460792541504
3500,mha,moe,42,5,4,0.04894043132662773,0.05456399545073509,1.6024460792541504
3500,mha,moe,42,5,5,0.08494262397289276,0.07443423569202423,1.6024460792541504
3500,mha,moe,42,5,6,0.05064941570162773,0.05309600383043289,1.6024460792541504
3500,mha,moe,42,5,7,0.05679687485098839,0.0643010139465332,1.6024460792541504
3500,mha,moe,42,5,8,0.05227905139327049,0.05512065440416336,1.6024460792541504
3500,mha,moe,42,5,9,0.055363770574331284,0.04763754829764366,1.6024460792541504
3500,mha,moe,42,5,10,0.05110473558306694,0.06306548416614532,1.6024460792541504
3500,mha,moe,42,5,11,0.11066772788763046,0.09414661675691605,1.6024460792541504
3500,mha,moe,42,5,12,0.06838744878768921,0.06291913986206055,1.6024460792541504
3500,mha,moe,42,5,13,0.07419555634260178,0.09056957066059113,1.6024460792541504
3500,mha,moe,42,5,14,0.057561036199331284,0.05377019941806793,1.6024460792541504
3500,mha,moe,42,5,15,0.04326171800494194,0.045320022851228714,1.6024460792541504
4000,mha,moe,42,1,0,0.058385010808706284,0.06884343177080154,2.618521213531494
4000,mha,moe,42,1,1,0.07631469517946243,0.067842997610569,2.618521213531494
4000,mha,moe,42,1,2,0.052983399480581284,0.05864366888999939,2.618521213531494
4000,mha,moe,42,1,3,0.09095580875873566,0.05788089707493782,2.618521213531494
4000,mha,moe,42,1,4,0.061616212129592896,0.05720667541027069,2.618521213531494
4000,mha,moe,42,1,5,0.0677478015422821,0.06029483675956726,2.618521213531494
4000,mha,moe,42,1,6,0.06566528230905533,0.06001831218600273,2.618521213531494
4000,mha,moe,42,1,7,0.04362792894244194,0.0641886293888092,2.618521213531494
4000,mha,moe,42,1,8,0.06105712801218033,0.0585206039249897,2.618521213531494
4000,mha,moe,42,1,9,0.06921996921300888,0.06432736665010452,2.618521213531494
4000,mha,moe,42,1,10,0.03249267488718033,0.06020769104361534,2.618521213531494
4000,mha,moe,42,1,11,0.04291137680411339,0.06266418099403381,2.618521213531494
4000,mha,moe,42,1,12,0.07772216945886612,0.06264138966798782,2.618521213531494
4000,mha,moe,42,1,13,0.06146850436925888,0.064024418592453,2.618521213531494
4000,mha,moe,42,1,14,0.05982787907123566,0.06668151170015335,2.618521213531494
4000,mha,moe,42,1,15,0.0780041515827179,0.06601342558860779,2.618521213531494
4000,mha,moe,42,2,0,0.06707031279802322,0.07101348787546158,1.9161370992660522
4000,mha,moe,42,2,1,0.05351196229457855,0.05901733785867691,1.9161370992660522
4000,mha,moe,42,2,2,0.06236572191119194,0.05839146673679352,1.9161370992660522
4000,mha,moe,42,2,3,0.07385986298322678,0.06314404308795929,1.9161370992660522
4000,mha,moe,42,2,4,0.07639404386281967,0.07862537354230881,1.9161370992660522
4000,mha,moe,42,2,5,0.0700390636920929,0.06761135905981064,1.9161370992660522
4000,mha,moe,42,2,6,0.052998047322034836,0.057770535349845886,1.9161370992660522
4000,mha,moe,42,2,7,0.06105346605181694,0.05559517815709114,1.9161370992660522
4000,mha,moe,42,2,8,0.07259521633386612,0.07132588326931,1.9161370992660522
4000,mha,moe,42,2,9,0.04691161960363388,0.05564463511109352,1.9161370992660522
4000,mha,moe,42,2,10,0.03862670809030533,0.049662135541439056,1.9161370992660522
4000,mha,moe,42,2,11,0.0645764172077179,0.06622502207756042,1.9161370992660522
4000,mha,moe,42,2,12,0.05877319350838661,0.05735832825303078,1.9161370992660522
4000,mha,moe,42,2,13,0.049479980021715164,0.050337716937065125,1.9161370992660522
4000,mha,moe,42,2,14,0.07027343660593033,0.06443744897842407,1.9161370992660522
4000,mha,moe,42,2,15,0.08147094398736954,0.07384001463651657,1.9161370992660522
4000,mha,moe,42,3,0,0.04962768405675888,0.046877387911081314,1.3882864713668823
4000,mha,moe,42,3,1,0.08551635593175888,0.08332621306180954,1.3882864713668823
4000,mha,moe,42,3,2,0.06729980558156967,0.052870478481054306,1.3882864713668823
4000,mha,moe,42,3,3,0.03268066421151161,0.034777767956256866,1.3882864713668823
4000,mha,moe,42,3,4,0.05249267444014549,0.04610127583146095,1.3882864713668823
4000,mha,moe,42,3,5,0.07068237662315369,0.06594935059547424,1.3882864713668823
4000,mha,moe,42,3,6,0.059620361775159836,0.04957137256860733,1.3882864713668823
4000,mha,moe,42,3,7,0.05913330242037773,0.05443577468395233,1.3882864713668823
4000,mha,moe,42,3,8,0.08223754912614822,0.10495729744434357,1.3882864713668823
4000,mha,moe,42,3,9,0.04737670719623566,0.05650864169001579,1.3882864713668823
4000,mha,moe,42,3,10,0.05865478515625,0.052663836628198624,1.3882864713668823
4000,mha,moe,42,3,11,0.06324462592601776,0.08824072033166885,1.3882864713668823
4000,mha,moe,42,3,12,0.06333862245082855,0.06418604403734207,1.3882864713668823
4000,mha,moe,42,3,13,0.05401977524161339,0.04164307191967964,1.3882864713668823
4000,mha,moe,42,3,14,0.06973998993635178,0.08293718099594116,1.3882864713668823
4000,mha,moe,42,3,15,0.08433471620082855,0.07495356351137161,1.3882864713668823
4000,mha,moe,42,4,0,0.05864502117037773,0.06357847899198532,1.0929888486862183
4000,mha,moe,42,4,1,0.057426758110523224,0.07177289575338364,1.0929888486862183
4000,mha,moe,42,4,2,0.043458253145217896,0.06019503250718117,1.0929888486862183
4000,mha,moe,42,4,3,0.09077636897563934,0.08548173308372498,1.0929888486862183
4000,mha,moe,42,4,4,0.07130126655101776,0.06399352848529816,1.0929888486862183
4000,mha,moe,42,4,5,0.07140868902206421,0.06711691617965698,1.0929888486862183
4000,mha,moe,42,4,6,0.05871948227286339,0.059058647602796555,1.0929888486862183
4000,mha,moe,42,4,7,0.048004150390625,0.06132131442427635,1.0929888486862183
4000,mha,moe,42,4,8,0.057728271931409836,0.07369260489940643,1.0929888486862183
4000,mha,moe,42,4,9,0.032994385808706284,0.0332365483045578,1.0929888486862183
4000,mha,moe,42,4,10,0.07671508938074112,0.06346895545721054,1.0929888486862183
4000,mha,moe,42,4,11,0.09270995855331421,0.08645667135715485,1.0929888486862183
4000,mha,moe,42,4,12,0.04356323182582855,0.04359061270952225,1.0929888486862183
4000,mha,moe,42,4,13,0.06949829310178757,0.05943557620048523,1.0929888486862183
4000,mha,moe,42,4,14,0.049287110567092896,0.04185904935002327,1.0929888486862183
4000,mha,moe,42,4,15,0.07776366919279099,0.06574144959449768,1.0929888486862183
4000,mha,moe,42,5,0,0.05269775539636612,0.055456582456827164,1.5963801145553589
4000,mha,moe,42,5,1,0.039195556193590164,0.03918076679110527,1.5963801145553589
4000,mha,moe,42,5,2,0.03517822176218033,0.053357210010290146,1.5963801145553589
4000,mha,moe,42,5,3,0.12346557527780533,0.0965399518609047,1.5963801145553589
4000,mha,moe,42,5,4,0.05190673843026161,0.05819683521986008,1.5963801145553589
4000,mha,moe,42,5,5,0.07755859196186066,0.0693812444806099,1.5963801145553589
4000,mha,moe,42,5,6,0.058507081121206284,0.05751490592956543,1.5963801145553589
4000,mha,moe,42,5,7,0.05690185725688934,0.06247089430689812,1.5963801145553589
4000,mha,moe,42,5,8,0.05190429836511612,0.05732881650328636,1.5963801145553589
4000,mha,moe,42,5,9,0.057952880859375,0.048411134630441666,1.5963801145553589
4000,mha,moe,42,5,10,0.04856811463832855,0.061372533440589905,1.5963801145553589
4000,mha,moe,42,5,11,0.10768554359674454,0.08812019228935242,1.5963801145553589
4000,mha,moe,42,5,12,0.06358642876148224,0.06046364828944206,1.5963801145553589
4000,mha,moe,42,5,13,0.07347900420427322,0.09080702811479568,1.5963801145553589
4000,mha,moe,42,5,14,0.057044677436351776,0.054460957646369934,1.5963801145553589
4000,mha,moe,42,5,15,0.044367674738168716,0.04693727195262909,1.5963801145553589
4500,mha,moe,42,1,0,0.07806396484375,0.07069256901741028,2.6174652576446533
4500,mha,moe,42,1,1,0.04959716647863388,0.06568494439125061,2.6174652576446533
4500,mha,moe,42,1,2,0.07086548209190369,0.06162101402878761,2.6174652576446533
4500,mha,moe,42,1,3,0.08238159120082855,0.05577842891216278,2.6174652576446533
4500,mha,moe,42,1,4,0.06323608756065369,0.058671679347753525,2.6174652576446533
4500,mha,moe,42,1,5,0.060548096895217896,0.057456254959106445,2.6174652576446533
4500,mha,moe,42,1,6,0.06980712711811066,0.05940549075603485,2.6174652576446533
4500,mha,moe,42,1,7,0.04024658352136612,0.06375245749950409,2.6174652576446533
4500,mha,moe,42,1,8,0.07181274145841599,0.06200883537530899,2.6174652576446533
4500,mha,moe,42,1,9,0.051274415105581284,0.06022162735462189,2.6174652576446533
4500,mha,moe,42,1,10,0.0719921886920929,0.06547259539365768,2.6174652576446533
4500,mha,moe,42,1,11,0.038249511271715164,0.06231340765953064,2.6174652576446533
4500,mha,moe,42,1,12,0.08321533352136612,0.06467346847057343,2.6174652576446533
4500,mha,moe,42,1,13,0.07315673679113388,0.06537369638681412,2.6174652576446533
4500,mha,moe,42,1,14,0.055205076932907104,0.06676103919744492,2.6174652576446533
4500,mha,moe,42,1,15,0.04034790024161339,0.06011245399713516,2.6174652576446533
4500,mha,moe,42,2,0,0.06552368402481079,0.07146817445755005,1.8869242668151855
4500,mha,moe,42,2,1,0.061918944120407104,0.061000265181064606,1.8869242668151855
4500,mha,moe,42,2,2,0.058807373046875,0.05629798769950867,1.8869242668151855
4500,mha,moe,42,2,3,0.07264770567417145,0.061509083956480026,1.8869242668151855
4500,mha,moe,42,2,4,0.07259887456893921,0.07645251601934433,1.8869242668151855
4500,mha,moe,42,2,5,0.06449463218450546,0.06606273353099823,1.8869242668151855
4500,mha,moe,42,2,6,0.061311036348342896,0.0625758171081543,1.8869242668151855
4500,mha,moe,42,2,7,0.0668957531452179,0.059747710824012756,1.8869242668151855
4500,mha,moe,42,2,8,0.07113159447908401,0.0691109448671341,1.8869242668151855
4500,mha,moe,42,2,9,0.04506591707468033,0.05438714474439621,1.8869242668151855
4500,mha,moe,42,2,10,0.036097411066293716,0.047349605709314346,1.8869242668151855
4500,mha,moe,42,2,11,0.06978882104158401,0.07227741926908493,1.8869242668151855
4500,mha,moe,42,2,12,0.055321045219898224,0.05397917702794075,1.8869242668151855
4500,mha,moe,42,2,13,0.04945068433880806,0.05029794201254845,1.8869242668151855
4500,mha,moe,42,2,14,0.06870117038488388,0.06548235565423965,1.8869242668151855
4500,mha,moe,42,2,15,0.08024536073207855,0.07200110703706741,1.8869242668151855
4500,mha,moe,42,3,0,0.04741455242037773,0.04563368484377861,1.3715101480484009
4500,mha,moe,42,3,1,0.08271728456020355,0.08009553700685501,1.3715101480484009
4500,mha,moe,42,3,2,0.059538573026657104,0.04995284602046013,1.3715101480484009
4500,mha,moe,42,3,3,0.029289551079273224,0.03126588836312294,1.3715101480484009
4500,mha,moe,42,3,4,0.050068359822034836,0.044018689543008804,1.3715101480484009
4500,mha,moe,42,3,5,0.07515747100114822,0.06803203374147415,1.3715101480484009
4500,mha,moe,42,3,6,0.05552490055561066,0.04601632058620453,1.3715101480484009
4500,mha,moe,42,3,7,0.06371337920427322,0.05651252716779709,1.3715101480484009
4500,mha,moe,42,3,8,0.08264770358800888,0.1038077101111412,1.3715101480484009
4500,mha,moe,42,3,9,0.045677490532398224,0.05543983355164528,1.3715101480484009
4500,mha,moe,42,3,10,0.06433472037315369,0.05774135887622833,1.3715101480484009
4500,mha,moe,42,3,11,0.07404052466154099,0.09632846713066101,1.3715101480484009
4500,mha,moe,42,3,12,0.06348388642072678,0.06335024535655975,1.3715101480484009
4500,mha,moe,42,3,13,0.05381835997104645,0.04395498335361481,1.3715101480484009
4500,mha,moe,42,3,14,0.07079345732927322,0.08179640024900436,1.3715101480484009
4500,mha,moe,42,3,15,0.08177978545427322,0.07605346292257309,1.3715101480484009
4500,mha,moe,42,4,0,0.05661865323781967,0.0618167370557785,1.1101007461547852
4500,mha,moe,42,4,1,0.05641479417681694,0.06866588443517685,1.1101007461547852
4500,mha,moe,42,4,2,0.046330567449331284,0.06305648386478424,1.1101007461547852
4500,mha,moe,42,4,3,0.09819579869508743,0.09042931348085403,1.1101007461547852
4500,mha,moe,42,4,4,0.07340087741613388,0.06831752508878708,1.1101007461547852
4500,mha,moe,42,4,5,0.07141845673322678,0.06702759116888046,1.1101007461547852
4500,mha,moe,42,4,6,0.05741699039936066,0.05741991475224495,1.1101007461547852
4500,mha,moe,42,4,7,0.04610962048172951,0.059873465448617935,1.1101007461547852
4500,mha,moe,42,4,8,0.05760742351412773,0.07344073802232742,1.1101007461547852
4500,mha,moe,42,4,9,0.03411621227860451,0.03516307845711708,1.1101007461547852
4500,mha,moe,42,4,10,0.07316040247678757,0.05980170890688896,1.1101007461547852
4500,mha,moe,42,4,11,0.08918701112270355,0.08200685679912567,1.1101007461547852
4500,mha,moe,42,4,12,0.04121215641498566,0.04303685203194618,1.1101007461547852
4500,mha,moe,42,4,13,0.06651000678539276,0.05876806378364563,1.1101007461547852
4500,mha,moe,42,4,14,0.047709960490465164,0.039949581027030945,1.1101007461547852
4500,mha,moe,42,4,15,0.08459106087684631,0.07122623175382614,1.1101007461547852
4500,mha,moe,42,5,0,0.05256957933306694,0.05422043800354004,1.6189590692520142
4500,mha,moe,42,5,1,0.03941650316119194,0.038377534598112106,1.6189590692520142
4500,mha,moe,42,5,2,0.03265014663338661,0.05223587900400162,1.6189590692520142
4500,mha,moe,42,5,3,0.12141112983226776,0.0966138243675232,1.6189590692520142
4500,mha,moe,42,5,4,0.04767822101712227,0.05416373163461685,1.6189590692520142
4500,mha,moe,42,5,5,0.09116088598966599,0.08077652752399445,1.6189590692520142
4500,mha,moe,42,5,6,0.06287475675344467,0.06089045852422714,1.6189590692520142
4500,mha,moe,42,5,7,0.054356690496206284,0.05983494222164154,1.6189590692520142
4500,mha,moe,42,5,8,0.051142577081918716,0.054116714745759964,1.6189590692520142
4500,mha,moe,42,5,9,0.05223754793405533,0.045543767511844635,1.6189590692520142
4500,mha,moe,42,5,10,0.050474852323532104,0.06319164484739304,1.6189590692520142
4500,mha,moe,42,5,11,0.11085815727710724,0.09446769952774048,1.6189590692520142
4500,mha,moe,42,5,12,0.0686022937297821,0.06387455016374588,1.6189590692520142
4500,mha,moe,42,5,13,0.07002929598093033,0.08420625329017639,1.6189590692520142
4500,mha,moe,42,5,14,0.05430664122104645,0.05314583703875542,1.6189590692520142
4500,mha,moe,42,5,15,0.04023071378469467,0.044340234249830246,1.6189590692520142
5000,mha,moe,42,1,0,0.07757812738418579,0.07426644116640091,2.604357957839966
5000,mha,moe,42,1,1,0.050806883722543716,0.06506676971912384,2.604357957839966
5000,mha,moe,42,1,2,0.06508179008960724,0.06113132834434509,2.604357957839966
5000,mha,moe,42,1,3,0.08861816674470901,0.058270882815122604,2.604357957839966
5000,mha,moe,42,1,4,0.06548462063074112,0.059612102806568146,2.604357957839966
5000,mha,moe,42,1,5,0.06803955137729645,0.05905797332525253,2.604357957839966
5000,mha,moe,42,1,6,0.08307983726263046,0.06032095476984978,2.604357957839966
5000,mha,moe,42,1,7,0.06312866508960724,0.06431742012500763,2.604357957839966
5000,mha,moe,42,1,8,0.06009887531399727,0.05943119898438454,2.604357957839966
5000,mha,moe,42,1,9,0.053382568061351776,0.0597514808177948,2.604357957839966
5000,mha,moe,42,1,10,0.03910278156399727,0.05962729826569557,2.604357957839966
5000,mha,moe,42,1,11,0.04649902507662773,0.06357534229755402,2.604357957839966
5000,mha,moe,42,1,12,0.0964343249797821,0.06836506724357605,2.604357957839966
5000,mha,moe,42,1,13,0.05546386539936066,0.06263751536607742,2.604357957839966
5000,mha,moe,42,1,14,0.04520507901906967,0.06538911163806915,2.604357957839966
5000,mha,moe,42,1,15,0.04199584946036339,0.05917908996343613,2.604357957839966
5000,mha,moe,42,2,0,0.06535888463258743,0.07163804769515991,1.8367609977722168
5000,mha,moe,42,2,1,0.05899414047598839,0.05965537950396538,1.8367609977722168
5000,mha,moe,42,2,2,0.05472778156399727,0.0528726801276207,1.8367609977722168
5000,mha,moe,42,2,3,0.07301025092601776,0.06130034103989601,1.8367609977722168
5000,mha,moe,42,2,4,0.07939453423023224,0.08372555673122406,1.8367609977722168
5000,mha,moe,42,2,5,0.07390137016773224,0.07420665770769119,1.8367609977722168
5000,mha,moe,42,2,6,0.06182617321610451,0.0631486251950264,1.8367609977722168
5000,mha,moe,42,2,7,0.05939575284719467,0.054736003279685974,1.8367609977722168
5000,mha,moe,42,2,8,0.0692761242389679,0.06670627743005753,1.8367609977722168
5000,mha,moe,42,2,9,0.04513793811202049,0.05551937222480774,1.8367609977722168
5000,mha,moe,42,2,10,0.048603516072034836,0.05238645151257515,1.8367609977722168
5000,mha,moe,42,2,11,0.06334594637155533,0.0679640844464302,1.8367609977722168
5000,mha,moe,42,2,12,0.051978759467601776,0.05274541676044464,1.8367609977722168
5000,mha,moe,42,2,13,0.04561401531100273,0.04632021114230156,1.8367609977722168
5000,mha,moe,42,2,14,0.06714721769094467,0.0630401074886322,1.8367609977722168
5000,mha,moe,42,2,15,0.08228759467601776,0.07403478026390076,1.8367609977722168
5000,mha,moe,42,3,0,0.05352417007088661,0.04982550069689751,1.364326000213623
5000,mha,moe,42,3,1,0.08861816674470901,0.08509968966245651,1.364326000213623
5000,mha,moe,42,3,2,0.060792237520217896,0.04852403700351715,1.364326000213623
5000,mha,moe,42,3,3,0.03507690504193306,0.036325547844171524,1.364326000213623
5000,mha,moe,42,3,4,0.050474852323532104,0.04544433578848839,1.364326000213623
5000,mha,moe,42,3,5,0.075531005859375,0.06942952424287796,1.364326000213623
5000,mha,moe,42,3,6,0.0560302734375,0.048709236085414886,1.364326000213623
5000,mha,moe,42,3,7,0.06136840954422951,0.05559048801660538,1.364326000213623
5000,mha,moe,42,3,8,0.08431518822908401,0.10467787086963654,1.364326000213623
5000,mha,moe,42,3,9,0.04078979417681694,0.050783876329660416,1.364326000213623
5000,mha,moe,42,3,10,0.057799071073532104,0.05218494310975075,1.364326000213623
5000,mha,moe,42,3,11,0.0665905773639679,0.09032256156206131,1.364326000213623
5000,mha,moe,42,3,12,0.0625622570514679,0.06326229870319366,1.364326000213623
5000,mha,moe,42,3,13,0.051239013671875,0.041840810328722,1.364326000213623
5000,mha,moe,42,3,14,0.07025390863418579,0.08068608492612839,1.364326000213623
5000,mha,moe,42,3,15,0.08503417670726776,0.07729317992925644,1.364326000213623
5000,mha,moe,42,4,0,0.058372803032398224,0.06308162957429886,1.0966153144836426
5000,mha,moe,42,4,1,0.05518920719623566,0.06797952950000763,1.0966153144836426
5000,mha,moe,42,4,2,0.04874267429113388,0.06503646820783615,1.0966153144836426
5000,mha,moe,42,4,3,0.08865112066268921,0.08374533802270889,1.0966153144836426
5000,mha,moe,42,4,4,0.07421508431434631,0.0671098530292511,1.0966153144836426
5000,mha,moe,42,4,5,0.07005736976861954,0.06478802859783173,1.0966153144836426
5000,mha,moe,42,4,6,0.061439208686351776,0.060599185526371,1.0966153144836426
5000,mha,moe,42,4,7,0.046381834894418716,0.06065608561038971,1.0966153144836426
5000,mha,moe,42,4,8,0.052427977323532104,0.07053394615650177,1.0966153144836426
5000,mha,moe,42,4,9,0.032343748956918716,0.03349737823009491,1.0966153144836426
5000,mha,moe,42,4,10,0.08007080107927322,0.0664558857679367,1.0966153144836426
5000,mha,moe,42,4,11,0.09189209342002869,0.08411157876253128,1.0966153144836426
5000,mha,moe,42,4,12,0.042579345405101776,0.04433675855398178,1.0966153144836426
5000,mha,moe,42,4,13,0.06718505918979645,0.06048569828271866,1.0966153144836426
5000,mha,moe,42,4,14,0.05276733264327049,0.041885968297719955,1.0966153144836426
5000,mha,moe,42,4,15,0.07768432796001434,0.06569668650627136,1.0966153144836426
5000,mha,moe,42,5,0,0.053038328886032104,0.05384024232625961,1.6129738092422485
5000,mha,moe,42,5,1,0.04389037936925888,0.04194238781929016,1.6129738092422485
5000,mha,moe,42,5,2,0.03465454280376434,0.05287931486964226,1.6129738092422485
5000,mha,moe,42,5,3,0.12185424566268921,0.09405667334794998,1.6129738092422485
5000,mha,moe,42,5,4,0.05096435546875,0.05674372613430023,1.6129738092422485
5000,mha,moe,42,5,5,0.07686035335063934,0.07053069025278091,1.6129738092422485
5000,mha,moe,42,5,6,0.05488403141498566,0.05608958750963211,1.6129738092422485
5000,mha,moe,42,5,7,0.05092773586511612,0.058012641966342926,1.6129738092422485
5000,mha,moe,42,5,8,0.05128784105181694,0.05349937453866005,1.6129738092422485
5000,mha,moe,42,5,9,0.05699340999126434,0.05071505531668663,1.6129738092422485
5000,mha,moe,42,5,10,0.05459350720047951,0.06645535677671432,1.6129738092422485
5000,mha,moe,42,5,11,0.10712036490440369,0.0878169983625412,1.6129738092422485
5000,mha,moe,42,5,12,0.06837036460638046,0.06562799215316772,1.6129738092422485
5000,mha,moe,42,5,13,0.0717761218547821,0.08736011385917664,1.6129738092422485
5000,mha,moe,42,5,14,0.057200927287340164,0.0572361946105957,1.6129738092422485
5000,mha,moe,42,5,15,0.04558349773287773,0.04719366878271103,1.6129738092422485
5500,mha,moe,42,1,0,0.0684216320514679,0.07370830327272415,2.5886969566345215
5500,mha,moe,42,1,1,0.042521972209215164,0.06507130712270737,2.5886969566345215
5500,mha,moe,42,1,2,0.065826416015625,0.06021234020590782,2.5886969566345215
5500,mha,moe,42,1,3,0.09119629114866257,0.05856127664446831,2.5886969566345215
5500,mha,moe,42,1,4,0.07165282964706421,0.062274087220430374,2.5886969566345215
5500,mha,moe,42,1,5,0.06984496861696243,0.057618822902441025,2.5886969566345215
5500,mha,moe,42,1,6,0.06783691048622131,0.05863267928361893,2.5886969566345215
5500,mha,moe,42,1,7,0.051066894084215164,0.06307311356067657,2.5886969566345215
5500,mha,moe,42,1,8,0.0657360851764679,0.06161317974328995,2.5886969566345215
5500,mha,moe,42,1,9,0.07266479730606079,0.06156597286462784,2.5886969566345215
5500,mha,moe,42,1,10,0.05131347477436066,0.06316768378019333,2.5886969566345215
5500,mha,moe,42,1,11,0.05010376125574112,0.06325509399175644,2.5886969566345215
5500,mha,moe,42,1,12,0.08445312827825546,0.06482544541358948,2.5886969566345215
5500,mha,moe,42,1,13,0.051661375910043716,0.06061556935310364,2.5886969566345215
5500,mha,moe,42,1,14,0.049742430448532104,0.06427538394927979,2.5886969566345215
5500,mha,moe,42,1,15,0.04595703259110451,0.06152976676821709,2.5886969566345215
5500,mha,moe,42,2,0,0.06775879114866257,0.07289011776447296,1.8349896669387817
5500,mha,moe,42,2,1,0.060725096613168716,0.060583289712667465,1.8349896669387817
5500,mha,moe,42,2,2,0.060948487371206284,0.056086406111717224,1.8349896669387817
5500,mha,moe,42,2,3,0.07341796904802322,0.06301141530275345,1.8349896669387817
5500,mha,moe,42,2,4,0.07506836205720901,0.07965640723705292,1.8349896669387817
5500,mha,moe,42,2,5,0.06641479581594467,0.06693463772535324,1.8349896669387817
5500,mha,moe,42,2,6,0.05771484225988388,0.06152768060564995,1.8349896669387817
5500,mha,moe,42,2,7,0.06369750946760178,0.05701666697859764,1.8349896669387817
5500,mha,moe,42,2,8,0.07266845554113388,0.07166153192520142,1.8349896669387817
5500,mha,moe,42,2,9,0.046812742948532104,0.05601426959037781,1.8349896669387817
5500,mha,moe,42,2,10,0.04265502840280533,0.051023345440626144,1.8349896669387817
5500,mha,moe,42,2,11,0.060389403253793716,0.0647713840007782,1.8349896669387817
5500,mha,moe,42,2,12,0.05485229566693306,0.05408719554543495,1.8349896669387817
5500,mha,moe,42,2,13,0.05029296875,0.048977695405483246,1.8349896669387817
5500,mha,moe,42,2,14,0.07129272818565369,0.06742142140865326,1.8349896669387817
5500,mha,moe,42,2,15,0.07529053092002869,0.06833654642105103,1.8349896669387817
5500,mha,moe,42,3,0,0.052680663764476776,0.048746708780527115,1.3653887510299683
5500,mha,moe,42,3,1,0.09026855230331421,0.08747705817222595,1.3653887510299683
5500,mha,moe,42,3,2,0.062071532011032104,0.050228118896484375,1.3653887510299683
5500,mha,moe,42,3,3,0.03629394620656967,0.037642404437065125,1.3653887510299683
5500,mha,moe,42,3,4,0.05364624038338661,0.04643314704298973,1.3653887510299683
5500,mha,moe,42,3,5,0.07179809361696243,0.06646134704351425,1.3653887510299683
5500,mha,moe,42,3,6,0.055260010063648224,0.04880576208233833,1.3653887510299683
5500,mha,moe,42,3,7,0.051575928926467896,0.04861746355891228,1.3653887510299683
5500,mha,moe,42,3,8,0.07995238900184631,0.10137525200843811,1.3653887510299683
5500,mha,moe,42,3,9,0.04441284015774727,0.05384965240955353,1.3653887510299683
5500,mha,moe,42,3,10,0.05875976383686066,0.05355408787727356,1.3653887510299683
5500,mha,moe,42,3,11,0.06693115085363388,0.09054780006408691,1.3653887510299683
5500,mha,moe,42,3,12,0.06382690370082855,0.0648113265633583,1.3653887510299683
5500,mha,moe,42,3,13,0.05684814602136612,0.0454038567841053,1.3653887510299683
5500,mha,moe,42,3,14,0.06930908560752869,0.07782609760761261,1.3653887510299683
5500,mha,moe,42,3,15,0.08636474609375,0.07821992039680481,1.3653887510299683
5500,mha,moe,42,4,0,0.061798095703125,0.0658818930387497,1.0920060873031616
5500,mha,moe,42,4,1,0.058250732719898224,0.07139026373624802,1.0920060873031616
5500,mha,moe,42,4,2,0.04951415956020355,0.0655640959739685,1.0920060873031616
5500,mha,moe,42,4,3,0.09497680515050888,0.08931136876344681,1.0920060873031616
5500,mha,moe,42,4,4,0.07512695342302322,0.06849577277898788,1.0920060873031616
5500,mha,moe,42,4,5,0.06758423149585724,0.06328637152910233,1.0920060873031616
5500,mha,moe,42,4,6,0.059467773884534836,0.06047755852341652,1.0920060873031616
5500,mha,moe,42,4,7,0.041962891817092896,0.05618387833237648,1.0920060873031616
5500,mha,moe,42,4,8,0.05469726398587227,0.07071489840745926,1.0920060873031616
5500,mha,moe,42,4,9,0.032615967094898224,0.03439965099096298,1.0920060873031616
5500,mha,moe,42,4,10,0.07342041283845901,0.06025770679116249,1.0920060873031616
5500,mha,moe,42,4,11,0.09186767786741257,0.08300644904375076,1.0920060873031616
5500,mha,moe,42,4,12,0.044584959745407104,0.044925641268491745,1.0920060873031616
5500,mha,moe,42,4,13,0.06736694276332855,0.05931036174297333,1.0920060873031616
5500,mha,moe,42,4,14,0.04977783188223839,0.04151138290762901,1.0920060873031616
5500,mha,moe,42,4,15,0.07698730379343033,0.06528270989656448,1.0920060873031616
5500,mha,moe,42,5,0,0.05522705242037773,0.05775228515267372,1.5938907861709595
5500,mha,moe,42,5,1,0.04261474683880806,0.04094240814447403,1.5938907861709595
5500,mha,moe,42,5,2,0.03608642518520355,0.0555720180273056,1.5938907861709595
5500,mha,moe,42,5,3,0.12389404326677322,0.0994374081492424,1.5938907861709595
5500,mha,moe,42,5,4,0.05105346813797951,0.05652788653969765,1.5938907861709595
5500,mha,moe,42,5,5,0.08714477717876434,0.07888147979974747,1.5938907861709595
5500,mha,moe,42,5,6,0.053461913019418716,0.05518091842532158,1.5938907861709595
5500,mha,moe,42,5,7,0.051750488579273224,0.057822518050670624,1.5938907861709595
5500,mha,moe,42,5,8,0.05128662288188934,0.054352860897779465,1.5938907861709595
5500,mha,moe,42,5,9,0.055415038019418716,0.04631701484322548,1.5938907861709595
5500,mha,moe,42,5,10,0.054503172636032104,0.0650140792131424,1.5938907861709595
5500,mha,moe,42,5,11,0.10850830376148224,0.08902815729379654,1.5938907861709595
5500,mha,moe,42,5,12,0.05931030213832855,0.058079637587070465,1.5938907861709595
5500,mha,moe,42,5,13,0.06969238072633743,0.0835229679942131,1.5938907861709595
5500,mha,moe,42,5,14,0.05642944201827049,0.056136246770620346,1.5938907861709595
5500,mha,moe,42,5,15,0.04362182691693306,0.04543212428689003,1.5938907861709595
6000,mha,moe,42,1,0,0.08326049894094467,0.07373173534870148,2.5847933292388916
6000,mha,moe,42,1,1,0.05899902433156967,0.06396668404340744,2.5847933292388916
6000,mha,moe,42,1,2,0.07948852330446243,0.06416789442300797,2.5847933292388916
6000,mha,moe,42,1,3,0.09050903469324112,0.06065983697772026,2.5847933292388916
6000,mha,moe,42,1,4,0.07959594577550888,0.06580479443073273,2.5847933292388916
6000,mha,moe,42,1,5,0.060203857719898224,0.055492907762527466,2.5847933292388916
6000,mha,moe,42,1,6,0.06731811165809631,0.05863744392991066,2.5847933292388916
6000,mha,moe,42,1,7,0.05559326335787773,0.0618227943778038,2.5847933292388916
6000,mha,moe,42,1,8,0.07335449010133743,0.06635287404060364,2.5847933292388916
6000,mha,moe,42,1,9,0.038853760808706284,0.05570613965392113,2.5847933292388916
6000,mha,moe,42,1,10,0.037651367485523224,0.060351286083459854,2.5847933292388916
6000,mha,moe,42,1,11,0.05313964933156967,0.06327544897794724,2.5847933292388916
6000,mha,moe,42,1,12,0.08762329071760178,0.06626684218645096,2.5847933292388916
6000,mha,moe,42,1,13,0.05113525316119194,0.060417912900447845,2.5847933292388916
6000,mha,moe,42,1,14,0.046232908964157104,0.06275308132171631,2.5847933292388916
6000,mha,moe,42,1,15,0.037041015923023224,0.06059229001402855,2.5847933292388916
6000,mha,moe,42,2,0,0.06380615383386612,0.0713244080543518,1.8103870153427124
6000,mha,moe,42,2,1,0.05698242038488388,0.059576403349637985,1.8103870153427124
6000,mha,moe,42,2,2,0.05865844711661339,0.05425466224551201,1.8103870153427124
6000,mha,moe,42,2,3,0.07677734643220901,0.06384571641683578,1.8103870153427124
6000,mha,moe,42,2,4,0.0736987292766571,0.07808557897806168,1.8103870153427124
6000,mha,moe,42,2,5,0.06890869140625,0.06908197700977325,1.8103870153427124
6000,mha,moe,42,2,6,0.06291382014751434,0.06495946645736694,1.8103870153427124
6000,mha,moe,42,2,7,0.06285888701677322,0.05586959421634674,1.8103870153427124
6000,mha,moe,42,2,8,0.07222778350114822,0.07134368270635605,1.8103870153427124
6000,mha,moe,42,2,9,0.04643920809030533,0.057012543082237244,1.8103870153427124
6000,mha,moe,42,2,10,0.043092042207717896,0.050188690423965454,1.8103870153427124
6000,mha,moe,42,2,11,0.06381713598966599,0.06855113059282303,1.8103870153427124
6000,mha,moe,42,2,12,0.05848877131938934,0.056098971515893936,1.8103870153427124
6000,mha,moe,42,2,13,0.04825073108077049,0.046213895082473755,1.8103870153427124
6000,mha,moe,42,2,14,0.06389770656824112,0.06176869571208954,1.8103870153427124
6000,mha,moe,42,2,15,0.07918212562799454,0.0718245804309845,1.8103870153427124
6000,mha,moe,42,3,0,0.05370727553963661,0.05013199895620346,1.3492484092712402
6000,mha,moe,42,3,1,0.09072631597518921,0.08805128931999207,1.3492484092712402
6000,mha,moe,42,3,2,0.06183227524161339,0.04976137727499008,1.3492484092712402
6000,mha,moe,42,3,3,0.028508299961686134,0.03030887432396412,1.3492484092712402
6000,mha,moe,42,3,4,0.05371459946036339,0.04530206322669983,1.3492484092712402
6000,mha,moe,42,3,5,0.07374999672174454,0.06962412595748901,1.3492484092712402
6000,mha,moe,42,3,6,0.05619506910443306,0.04947227984666824,1.3492484092712402
6000,mha,moe,42,3,7,0.05303588882088661,0.05073482170701027,1.3492484092712402
6000,mha,moe,42,3,8,0.0788891613483429,0.0988973081111908,1.3492484092712402
6000,mha,moe,42,3,9,0.04206543043255806,0.052010588347911835,1.3492484092712402
6000,mha,moe,42,3,10,0.06513550132513046,0.05858781933784485,1.3492484092712402
6000,mha,moe,42,3,11,0.06579101830720901,0.08675577491521835,1.3492484092712402
6000,mha,moe,42,3,12,0.06544067710638046,0.06693190336227417,1.3492484092712402
6000,mha,moe,42,3,13,0.050639647990465164,0.040917638689279556,1.3492484092712402
6000,mha,moe,42,3,14,0.07274170219898224,0.08333611488342285,1.3492484092712402
6000,mha,moe,42,3,15,0.08782714605331421,0.07917606085538864,1.3492484092712402
6000,mha,moe,42,4,0,0.05804199352860451,0.06356354057788849,1.1016944646835327
6000,mha,moe,42,4,1,0.05281005799770355,0.0650443583726883,1.1016944646835327
6000,mha,moe,42,4,2,0.04668334871530533,0.06388106942176819,1.1016944646835327
6000,mha,moe,42,4,3,0.09946899116039276,0.09061387181282043,1.1016944646835327
6000,mha,moe,42,4,4,0.06893432885408401,0.06505517661571503,1.1016944646835327
6000,mha,moe,42,4,5,0.07810913026332855,0.07083538174629211,1.1016944646835327
6000,mha,moe,42,4,6,0.05829223617911339,0.05862711742520332,1.1016944646835327
6000,mha,moe,42,4,7,0.04696289077401161,0.06134779751300812,1.1016944646835327
6000,mha,moe,42,4,8,0.051329344511032104,0.06566189974546432,1.1016944646835327
6000,mha,moe,42,4,9,0.03546508774161339,0.03693951666355133,1.1016944646835327
6000,mha,moe,42,4,10,0.07957641780376434,0.06674106419086456,1.1016944646835327
6000,mha,moe,42,4,11,0.09043578803539276,0.08174630999565125,1.1016944646835327
6000,mha,moe,42,4,12,0.046137694269418716,0.04722045734524727,1.1016944646835327
6000,mha,moe,42,4,13,0.06307616829872131,0.056207556277513504,1.1016944646835327
6000,mha,moe,42,4,14,0.04609741270542145,0.03939620405435562,1.1016944646835327
6000,mha,moe,42,4,15,0.07857909798622131,0.06711866706609726,1.1016944646835327
6000,mha,moe,42,5,0,0.05707397311925888,0.05855854973196983,1.5927670001983643
6000,mha,moe,42,5,1,0.05354003980755806,0.05021834373474121,1.5927670001983643
6000,mha,moe,42,5,2,0.032196044921875,0.052080120891332626,1.5927670001983643
6000,mha,moe,42,5,3,0.12611572444438934,0.0978279784321785,1.5927670001983643
6000,mha,moe,42,5,4,0.04904541000723839,0.05637262761592865,1.5927670001983643
6000,mha,moe,42,5,5,0.082855224609375,0.07699556648731232,1.5927670001983643
6000,mha,moe,42,5,6,0.05359863117337227,0.054992660880088806,1.5927670001983643
6000,mha,moe,42,5,7,0.05096069350838661,0.05815732851624489,1.5927670001983643
6000,mha,moe,42,5,8,0.049376219511032104,0.04797649011015892,1.5927670001983643
6000,mha,moe,42,5,9,0.05727905407547951,0.04961618036031723,1.5927670001983643
6000,mha,moe,42,5,10,0.058643799275159836,0.06926114112138748,1.5927670001983643
6000,mha,moe,42,5,11,0.10689575225114822,0.086771659553051,1.5927670001983643
6000,mha,moe,42,5,12,0.057819824665784836,0.057345084846019745,1.5927670001983643
6000,mha,moe,42,5,13,0.07154297083616257,0.08749934285879135,1.5927670001983643
6000,mha,moe,42,5,14,0.05460571125149727,0.053441599011421204,1.5927670001983643
6000,mha,moe,42,5,15,0.038450926542282104,0.04288529232144356,1.5927670001983643
6500,mha,moe,42,1,0,0.06565430015325546,0.07208346575498581,2.5806045532226562
6500,mha,moe,42,1,1,0.04711547866463661,0.06420905888080597,2.5806045532226562
6500,mha,moe,42,1,2,0.07936645299196243,0.06353864073753357,2.5806045532226562
6500,mha,moe,42,1,3,0.07636597007513046,0.05490492284297943,2.5806045532226562
6500,mha,moe,42,1,4,0.07458251714706421,0.06298714876174927,2.5806045532226562
6500,mha,moe,42,1,5,0.08122924715280533,0.06136550009250641,2.5806045532226562
6500,mha,moe,42,1,6,0.07248291373252869,0.05877421796321869,2.5806045532226562
6500,mha,moe,42,1,7,0.05598754808306694,0.062092237174510956,2.5806045532226562
6500,mha,moe,42,1,8,0.05870361253619194,0.06020299345254898,2.5806045532226562
6500,mha,moe,42,1,9,0.057777099311351776,0.05838949978351593,2.5806045532226562
6500,mha,moe,42,1,10,0.05675414949655533,0.06325338035821915,2.5806045532226562
6500,mha,moe,42,1,11,0.04863281175494194,0.06324918568134308,2.5806045532226562
6500,mha,moe,42,1,12,0.08700073510408401,0.06789600104093552,2.5806045532226562
6500,mha,moe,42,1,13,0.03825073316693306,0.060207266360521317,2.5806045532226562
6500,mha,moe,42,1,14,0.052653808146715164,0.06437432020902634,2.5806045532226562
6500,mha,moe,42,1,15,0.04744262620806694,0.0624721422791481,2.5806045532226562
6500,mha,moe,42,2,0,0.06221069395542145,0.06766868382692337,1.7891035079956055
6500,mha,moe,42,2,1,0.06009155139327049,0.06025518849492073,1.7891035079956055
6500,mha,moe,42,2,2,0.060979004949331284,0.05535522475838661,1.7891035079956055
6500,mha,moe,42,2,3,0.08321533352136612,0.06892868876457214,1.7891035079956055
6500,mha,moe,42,2,4,0.06918090581893921,0.07487309724092484,1.7891035079956055
6500,mha,moe,42,2,5,0.06876464933156967,0.07047943770885468,1.7891035079956055
6500,mha,moe,42,2,6,0.05690673738718033,0.060663364827632904,1.7891035079956055
6500,mha,moe,42,2,7,0.06571166962385178,0.05711796134710312,1.7891035079956055
6500,mha,moe,42,2,8,0.07247314602136612,0.0724620372056961,1.7891035079956055
6500,mha,moe,42,2,9,0.05043090879917145,0.06017850339412689,1.7891035079956055
6500,mha,moe,42,2,10,0.03741699084639549,0.04712499678134918,1.7891035079956055
6500,mha,moe,42,2,11,0.06228027492761612,0.06799070537090302,1.7891035079956055
6500,mha,moe,42,2,12,0.05779419094324112,0.055489152669906616,1.7891035079956055
6500,mha,moe,42,2,13,0.05063842609524727,0.04875943064689636,1.7891035079956055
6500,mha,moe,42,2,14,0.07076171785593033,0.06799577921628952,1.7891035079956055
6500,mha,moe,42,2,15,0.07114379853010178,0.06465776264667511,1.7891035079956055
6500,mha,moe,42,3,0,0.05122314393520355,0.04846018925309181,1.3559727668762207
6500,mha,moe,42,3,1,0.0848071277141571,0.08066565543413162,1.3559727668762207
6500,mha,moe,42,3,2,0.062232665717601776,0.049487195909023285,1.3559727668762207
6500,mha,moe,42,3,3,0.03977783024311066,0.041343990713357925,1.3559727668762207
6500,mha,moe,42,3,4,0.05003173649311066,0.0419299490749836,1.3559727668762207
6500,mha,moe,42,3,5,0.07359863072633743,0.06953103840351105,1.3559727668762207
6500,mha,moe,42,3,6,0.052821043878793716,0.04682714864611626,1.3559727668762207
6500,mha,moe,42,3,7,0.058936767280101776,0.054640330374240875,1.3559727668762207
6500,mha,moe,42,3,8,0.08200439810752869,0.10015950351953506,1.3559727668762207
6500,mha,moe,42,3,9,0.04165893420577049,0.050638824701309204,1.3559727668762207
6500,mha,moe,42,3,10,0.060893554240465164,0.054358795285224915,1.3559727668762207
6500,mha,moe,42,3,11,0.06144164875149727,0.08873078227043152,1.3559727668762207
6500,mha,moe,42,3,12,0.06289428472518921,0.06698912382125854,1.3559727668762207
6500,mha,moe,42,3,13,0.05974121019244194,0.04537777975201607,1.3559727668762207
6500,mha,moe,42,3,14,0.07245483249425888,0.08260884135961533,1.3559727668762207
6500,mha,moe,42,3,15,0.08548218011856079,0.07825087010860443,1.3559727668762207
6500,mha,moe,42,4,0,0.056743163615465164,0.0612015537917614,1.1047990322113037
6500,mha,moe,42,4,1,0.05727294832468033,0.07070787250995636,1.1047990322113037
6500,mha,moe,42,4,2,0.04605712741613388,0.06316184997558594,1.1047990322113037
6500,mha,moe,42,4,3,0.09438720345497131,0.08899044990539551,1.1047990322113037
6500,mha,moe,42,4,4,0.07378783822059631,0.0693693459033966,1.1047990322113037
6500,mha,moe,42,4,5,0.07119140774011612,0.06562431156635284,1.1047990322113037
6500,mha,moe,42,4,6,0.06273315101861954,0.06289317458868027,1.1047990322113037
6500,mha,moe,42,4,7,0.04332275316119194,0.05813329666852951,1.1047990322113037
6500,mha,moe,42,4,8,0.05355590954422951,0.06798433512449265,1.1047990322113037
6500,mha,moe,42,4,9,0.03540649265050888,0.03668738901615143,1.1047990322113037
6500,mha,moe,42,4,10,0.07738647609949112,0.06524697691202164,1.1047990322113037
6500,mha,moe,42,4,11,0.09244018793106079,0.0820082277059555,1.1047990322113037
6500,mha,moe,42,4,12,0.04335571452975273,0.04471404477953911,1.1047990322113037
6500,mha,moe,42,4,13,0.06706786900758743,0.059023793786764145,1.1047990322113037
6500,mha,moe,42,4,14,0.05047851428389549,0.040574442595243454,1.1047990322113037
6500,mha,moe,42,4,15,0.07481323182582855,0.06367894262075424,1.1047990322113037
6500,mha,moe,42,5,0,0.05321289226412773,0.05442078039050102,1.5925571918487549
6500,mha,moe,42,5,1,0.05205444246530533,0.04713933542370796,1.5925571918487549
6500,mha,moe,42,5,2,0.03077392652630806,0.04938303306698799,1.5925571918487549
6500,mha,moe,42,5,3,0.12338744848966599,0.0960390642285347,1.5925571918487549
6500,mha,moe,42,5,4,0.04811035096645355,0.05468035116791725,1.5925571918487549
6500,mha,moe,42,5,5,0.07797485589981079,0.07302668690681458,1.5925571918487549
6500,mha,moe,42,5,6,0.057868652045726776,0.058293797075748444,1.5925571918487549
6500,mha,moe,42,5,7,0.04951782152056694,0.05560630187392235,1.5925571918487549
6500,mha,moe,42,5,8,0.051666259765625,0.05456804856657982,1.5925571918487549
6500,mha,moe,42,5,9,0.058076173067092896,0.05160823464393616,1.5925571918487549
6500,mha,moe,42,5,10,0.055511474609375,0.06565579771995544,1.5925571918487549
6500,mha,moe,42,5,11,0.10807494819164276,0.08817751705646515,1.5925571918487549
6500,mha,moe,42,5,12,0.06255126744508743,0.06193535402417183,1.5925571918487549
6500,mha,moe,42,5,13,0.07163207978010178,0.08719226717948914,1.5925571918487549
6500,mha,moe,42,5,14,0.05839233472943306,0.05822043865919113,1.5925571918487549
6500,mha,moe,42,5,15,0.04119506850838661,0.04405296966433525,1.5925571918487549
7000,mha,moe,42,1,0,0.06919433921575546,0.07257284969091415,2.57515287399292
7000,mha,moe,42,1,1,0.06219726428389549,0.06670018285512924,2.57515287399292
7000,mha,moe,42,1,2,0.07286987453699112,0.06200138479471207,2.57515287399292
7000,mha,moe,42,1,3,0.0870654284954071,0.05842628329992294,2.57515287399292
7000,mha,moe,42,1,4,0.0665283203125,0.05948808044195175,2.57515287399292
7000,mha,moe,42,1,5,0.06862060725688934,0.057931795716285706,2.57515287399292
7000,mha,moe,42,1,6,0.06545776128768921,0.05842893198132515,2.57515287399292
7000,mha,moe,42,1,7,0.08556274324655533,0.0653006061911583,2.57515287399292
7000,mha,moe,42,1,8,0.05678955093026161,0.05917738005518913,2.57515287399292
7000,mha,moe,42,1,9,0.05186401307582855,0.05850061774253845,2.57515287399292
7000,mha,moe,42,1,10,0.04747070372104645,0.06279440969228745,2.57515287399292
7000,mha,moe,42,1,11,0.04712524265050888,0.06274554133415222,2.57515287399292
7000,mha,moe,42,1,12,0.08138183504343033,0.06517665833234787,2.57515287399292
7000,mha,moe,42,1,13,0.05345337092876434,0.06347145885229111,2.57515287399292
7000,mha,moe,42,1,14,0.047050781548023224,0.06676895916461945,2.57515287399292
7000,mha,moe,42,1,15,0.03736816346645355,0.06051483750343323,2.57515287399292
7000,mha,moe,42,2,0,0.06150146573781967,0.06982500106096268,1.7765332460403442
7000,mha,moe,42,2,1,0.05868286266922951,0.05808167904615402,1.7765332460403442
7000,mha,moe,42,2,2,0.057075195014476776,0.052039023488759995,1.7765332460403442
7000,mha,moe,42,2,3,0.07683349400758743,0.06320212036371231,1.7765332460403442
7000,mha,moe,42,2,4,0.06917236000299454,0.07447478175163269,1.7765332460403442
7000,mha,moe,42,2,5,0.0726916491985321,0.07230033725500107,1.7765332460403442
7000,mha,moe,42,2,6,0.05725707858800888,0.06003212556242943,1.7765332460403442
7000,mha,moe,42,2,7,0.06853515654802322,0.060656651854515076,1.7765332460403442
7000,mha,moe,42,2,8,0.07228637486696243,0.07205330580472946,1.7765332460403442
7000,mha,moe,42,2,9,0.05351928621530533,0.06378631293773651,1.7765332460403442
7000,mha,moe,42,2,10,0.039921876043081284,0.0489257276058197,1.7765332460403442
7000,mha,moe,42,2,11,0.06723389029502869,0.07188507914543152,1.7765332460403442
7000,mha,moe,42,2,12,0.05171753093600273,0.05156347155570984,1.7765332460403442
7000,mha,moe,42,2,13,0.04658447206020355,0.04475390538573265,1.7765332460403442
7000,mha,moe,42,2,14,0.07572631537914276,0.07238020747900009,1.7765332460403442
7000,mha,moe,42,2,15,0.07126098871231079,0.06404024362564087,1.7765332460403442
7000,mha,moe,42,3,0,0.05101318284869194,0.049527522176504135,1.3569735288619995
7000,mha,moe,42,3,1,0.08911865204572678,0.08520142734050751,1.3569735288619995
7000,mha,moe,42,3,2,0.062236327677965164,0.04980466514825821,1.3569735288619995
7000,mha,moe,42,3,3,0.03761962801218033,0.040380511432886124,1.3569735288619995
7000,mha,moe,42,3,4,0.053868409246206284,0.046293459832668304,1.3569735288619995
7000,mha,moe,42,3,5,0.07230346649885178,0.06802420318126678,1.3569735288619995
7000,mha,moe,42,3,6,0.05138305574655533,0.04594764858484268,1.3569735288619995
7000,mha,moe,42,3,7,0.05572753772139549,0.05301123112440109,1.3569735288619995
7000,mha,moe,42,3,8,0.08183959871530533,0.10133747011423111,1.3569735288619995
7000,mha,moe,42,3,9,0.039649657905101776,0.04861662909388542,1.3569735288619995
7000,mha,moe,42,3,10,0.06486694514751434,0.058452777564525604,1.3569735288619995
7000,mha,moe,42,3,11,0.06537231802940369,0.0892622172832489,1.3569735288619995
7000,mha,moe,42,3,12,0.06482665985822678,0.06537150591611862,1.3569735288619995
7000,mha,moe,42,3,13,0.058570556342601776,0.04610797017812729,1.3569735288619995
7000,mha,moe,42,3,14,0.06837768852710724,0.07890159636735916,1.3569735288619995
7000,mha,moe,42,3,15,0.08322631567716599,0.07375915348529816,1.3569735288619995
7000,mha,moe,42,4,0,0.05744628980755806,0.061669740825891495,1.1128724813461304
7000,mha,moe,42,4,1,0.053477782756090164,0.06614028662443161,1.1128724813461304
7000,mha,moe,42,4,2,0.04994872957468033,0.06544993072748184,1.1128724813461304
7000,mha,moe,42,4,3,0.09253296256065369,0.08640054613351822,1.1128724813461304
7000,mha,moe,42,4,4,0.07428833097219467,0.06849104166030884,1.1128724813461304
7000,mha,moe,42,4,5,0.07114624232053757,0.0675077959895134,1.1128724813461304
7000,mha,moe,42,4,6,0.058924559503793716,0.059616513550281525,1.1128724813461304
7000,mha,moe,42,4,7,0.04564575105905533,0.060651302337646484,1.1128724813461304
7000,mha,moe,42,4,8,0.05287353694438934,0.069175586104393,1.1128724813461304
7000,mha,moe,42,4,9,0.03339233249425888,0.03494870290160179,1.1128724813461304
7000,mha,moe,42,4,10,0.07671874761581421,0.06396052986383438,1.1128724813461304
7000,mha,moe,42,4,11,0.0927734375,0.08216633647680283,1.1128724813461304
7000,mha,moe,42,4,12,0.04563232511281967,0.04614132270216942,1.1128724813461304
7000,mha,moe,42,4,13,0.06585693359375,0.058752164244651794,1.1128724813461304
7000,mha,moe,42,4,14,0.04978881776332855,0.040593236684799194,1.1128724813461304
7000,mha,moe,42,4,15,0.07955322414636612,0.06833497434854507,1.1128724813461304
7000,mha,moe,42,5,0,0.054210204631090164,0.05593094974756241,1.5903677940368652
7000,mha,moe,42,5,1,0.05054931715130806,0.04652360826730728,1.5903677940368652
7000,mha,moe,42,5,2,0.030252685770392418,0.049907878041267395,1.5903677940368652
7000,mha,moe,42,5,3,0.12343383580446243,0.09693118184804916,1.5903677940368652
7000,mha,moe,42,5,4,0.046287842094898224,0.0542939156293869,1.5903677940368652
7000,mha,moe,42,5,5,0.0818164050579071,0.07582178711891174,1.5903677940368652
7000,mha,moe,42,5,6,0.05719604343175888,0.05805231258273125,1.5903677940368652
7000,mha,moe,42,5,7,0.048157960176467896,0.05525537580251694,1.5903677940368652
7000,mha,moe,42,5,8,0.05458129942417145,0.05861670523881912,1.5903677940368652
7000,mha,moe,42,5,9,0.05467773601412773,0.04713401943445206,1.5903677940368652
7000,mha,moe,42,5,10,0.05283569172024727,0.06323154270648956,1.5903677940368652
7000,mha,moe,42,5,11,0.10632690787315369,0.08700548857450485,1.5903677940368652
7000,mha,moe,42,5,12,0.06552612036466599,0.06326518952846527,1.5903677940368652
7000,mha,moe,42,5,13,0.0718701183795929,0.08609567582607269,1.5903677940368652
7000,mha,moe,42,5,14,0.05352173000574112,0.05319259688258171,1.5903677940368652
7000,mha,moe,42,5,15,0.048756103962659836,0.04874182865023613,1.5903677940368652
7500,mha,moe,42,1,0,0.06107788160443306,0.0716320350766182,2.563281297683716
7500,mha,moe,42,1,1,0.05852050706744194,0.06450550258159637,2.563281297683716
7500,mha,moe,42,1,2,0.07186523079872131,0.06212277337908745,2.563281297683716
7500,mha,moe,42,1,3,0.08266357332468033,0.058421388268470764,2.563281297683716
7500,mha,moe,42,1,4,0.07493164390325546,0.06496928632259369,2.563281297683716
7500,mha,moe,42,1,5,0.07403564453125,0.05979844182729721,2.563281297683716
7500,mha,moe,42,1,6,0.07783935219049454,0.06062048301100731,2.563281297683716
7500,mha,moe,42,1,7,0.04756225645542145,0.06049985811114311,2.563281297683716
7500,mha,moe,42,1,8,0.05569702014327049,0.06037319824099541,2.563281297683716
7500,mha,moe,42,1,9,0.051368407905101776,0.056565869599580765,2.563281297683716
7500,mha,moe,42,1,10,0.06948364526033401,0.0634264349937439,2.563281297683716
7500,mha,moe,42,1,11,0.05747924745082855,0.06444349139928818,2.563281297683716
7500,mha,moe,42,1,12,0.08806152641773224,0.06751202791929245,2.563281297683716
7500,mha,moe,42,1,13,0.036280516535043716,0.05925004929304123,2.563281297683716
7500,mha,moe,42,1,14,0.04377441480755806,0.06355030089616776,2.563281297683716
7500,mha,moe,42,1,15,0.04935913160443306,0.06230885908007622,2.563281297683716
7500,mha,moe,42,2,0,0.06554565578699112,0.07107418775558472,1.7540661096572876
7500,mha,moe,42,2,1,0.05898437649011612,0.05823945999145508,1.7540661096572876
7500,mha,moe,42,2,2,0.05868164077401161,0.0527791865170002,1.7540661096572876
7500,mha,moe,42,2,3,0.07526977360248566,0.0629919096827507,1.7540661096572876
7500,mha,moe,42,2,4,0.06862182915210724,0.07606296241283417,1.7540661096572876
7500,mha,moe,42,2,5,0.06718750298023224,0.06972534209489822,1.7540661096572876
7500,mha,moe,42,2,6,0.058586426079273224,0.06148998811841011,1.7540661096572876
7500,mha,moe,42,2,7,0.06949951499700546,0.0607200562953949,1.7540661096572876
7500,mha,moe,42,2,8,0.07061523199081421,0.06891447305679321,1.7540661096572876
7500,mha,moe,42,2,9,0.050324708223342896,0.060402292758226395,1.7540661096572876
7500,mha,moe,42,2,10,0.03714965656399727,0.047428131103515625,1.7540661096572876
7500,mha,moe,42,2,11,0.06362670660018921,0.06830894201993942,1.7540661096572876
7500,mha,moe,42,2,12,0.05880981311202049,0.05598434433341026,1.7540661096572876
7500,mha,moe,42,2,13,0.04777710139751434,0.04544628784060478,1.7540661096572876
7500,mha,moe,42,2,14,0.07016601413488388,0.06944020092487335,1.7540661096572876
7500,mha,moe,42,2,15,0.07915405184030533,0.07099225372076035,1.7540661096572876
7500,mha,moe,42,3,0,0.05137573182582855,0.05003383010625839,1.3665382862091064
7500,mha,moe,42,3,1,0.08504272252321243,0.08063268661499023,1.3665382862091064
7500,mha,moe,42,3,2,0.06434448063373566,0.05250956118106842,1.3665382862091064
7500,mha,moe,42,3,3,0.03822509944438934,0.04002616927027702,1.3665382862091064
7500,mha,moe,42,3,4,0.055469971150159836,0.04800860956311226,1.3665382862091064
7500,mha,moe,42,3,5,0.07444457709789276,0.07040334492921829,1.3665382862091064
7500,mha,moe,42,3,6,0.05625244230031967,0.04971049726009369,1.3665382862091064
7500,mha,moe,42,3,7,0.05905517563223839,0.055937498807907104,1.3665382862091064
7500,mha,moe,42,3,8,0.07960326969623566,0.0966653823852539,1.3665382862091064
7500,mha,moe,42,3,9,0.041816405951976776,0.051519978791475296,1.3665382862091064
7500,mha,moe,42,3,10,0.058564454317092896,0.054001640528440475,1.3665382862091064
7500,mha,moe,42,3,11,0.06198974698781967,0.08729995042085648,1.3665382862091064
7500,mha,moe,42,3,12,0.06258910894393921,0.06230677291750908,1.3665382862091064
7500,mha,moe,42,3,13,0.05577026307582855,0.04380260035395622,1.3665382862091064
7500,mha,moe,42,3,14,0.06911011040210724,0.08020923286676407,1.3665382862091064
7500,mha,moe,42,3,15,0.08634643256664276,0.07693222165107727,1.3665382862091064
7500,mha,moe,42,4,0,0.058665771037340164,0.06316476315259933,1.1140797138214111
7500,mha,moe,42,4,1,0.05327148362994194,0.06549162417650223,1.1140797138214111
7500,mha,moe,42,4,2,0.04978637769818306,0.06422755122184753,1.1140797138214111
7500,mha,moe,42,4,3,0.09284912049770355,0.08659828454256058,1.1140797138214111
7500,mha,moe,42,4,4,0.0711047351360321,0.06619695574045181,1.1140797138214111
7500,mha,moe,42,4,5,0.07195068150758743,0.06770604103803635,1.1140797138214111
7500,mha,moe,42,4,6,0.061320800334215164,0.06033078581094742,1.1140797138214111
7500,mha,moe,42,4,7,0.045264892280101776,0.05930253118276596,1.1140797138214111
7500,mha,moe,42,4,8,0.05238891765475273,0.06855300068855286,1.1140797138214111
7500,mha,moe,42,4,9,0.03663940355181694,0.038202278316020966,1.1140797138214111
7500,mha,moe,42,4,10,0.07652343809604645,0.06348973512649536,1.1140797138214111
7500,mha,moe,42,4,11,0.08858764916658401,0.08074695616960526,1.1140797138214111
7500,mha,moe,42,4,12,0.046021729707717896,0.04580797627568245,1.1140797138214111
7500,mha,moe,42,4,13,0.06732544302940369,0.06130949407815933,1.1140797138214111
7500,mha,moe,42,4,14,0.049351807683706284,0.04166226461529732,1.1140797138214111
7500,mha,moe,42,4,15,0.0789477527141571,0.06720973551273346,1.1140797138214111
7500,mha,moe,42,5,0,0.05633911117911339,0.058512359857559204,1.5721955299377441
7500,mha,moe,42,5,1,0.05560058727860451,0.05099378526210785,1.5721955299377441
7500,mha,moe,42,5,2,0.029027098789811134,0.04836290329694748,1.5721955299377441
7500,mha,moe,42,5,3,0.11881713569164276,0.09115225821733475,1.5721955299377441
7500,mha,moe,42,5,4,0.04583496227860451,0.05397361144423485,1.5721955299377441
7500,mha,moe,42,5,5,0.0766613781452179,0.07132525742053986,1.5721955299377441
7500,mha,moe,42,5,6,0.05747070163488388,0.05833001062273979,1.5721955299377441
7500,mha,moe,42,5,7,0.04844726622104645,0.05337255075573921,1.5721955299377441
7500,mha,moe,42,5,8,0.05154174938797951,0.0563415065407753,1.5721955299377441
7500,mha,moe,42,5,9,0.05827514827251434,0.050116024911403656,1.5721955299377441
7500,mha,moe,42,5,10,0.052448730915784836,0.06296089291572571,1.5721955299377441
7500,mha,moe,42,5,11,0.10781372338533401,0.08732397854328156,1.5721955299377441
7500,mha,moe,42,5,12,0.06732544302940369,0.06532695144414902,1.5721955299377441
7500,mha,moe,42,5,13,0.07133667171001434,0.08768995106220245,1.5721955299377441
7500,mha,moe,42,5,14,0.058131102472543716,0.05799147114157677,1.5721955299377441
7500,mha,moe,42,5,15,0.044929198920726776,0.046226512640714645,1.5721955299377441
8000,mha,moe,42,1,0,0.06474609673023224,0.07288029789924622,2.553527593612671
8000,mha,moe,42,1,1,0.04937377944588661,0.06408820301294327,2.553527593612671
8000,mha,moe,42,1,2,0.06393188238143921,0.06050260365009308,2.553527593612671
8000,mha,moe,42,1,3,0.08409545570611954,0.059902917593717575,2.553527593612671
8000,mha,moe,42,1,4,0.06519164890050888,0.06053398549556732,2.553527593612671
8000,mha,moe,42,1,5,0.08203857392072678,0.061935048550367355,2.553527593612671
8000,mha,moe,42,1,6,0.07188721001148224,0.059149693697690964,2.553527593612671
8000,mha,moe,42,1,7,0.054188232868909836,0.05912026762962341,2.553527593612671
8000,mha,moe,42,1,8,0.05892700329422951,0.06189188361167908,2.553527593612671
8000,mha,moe,42,1,9,0.055150147527456284,0.05517077073454857,2.553527593612671
8000,mha,moe,42,1,10,0.05240844562649727,0.06256252527236938,2.553527593612671
8000,mha,moe,42,1,11,0.059392090886831284,0.06469184160232544,2.553527593612671
8000,mha,moe,42,1,12,0.0899658203125,0.06996475905179977,2.553527593612671
8000,mha,moe,42,1,13,0.04413085803389549,0.06003947556018829,2.553527593612671
8000,mha,moe,42,1,14,0.04686157405376434,0.06393945962190628,2.553527593612671
8000,mha,moe,42,1,15,0.05771118029952049,0.06362630426883698,2.553527593612671
8000,mha,moe,42,2,0,0.06460326910018921,0.070974200963974,1.7557774782180786
8000,mha,moe,42,2,1,0.061359863728284836,0.06081623211503029,1.7557774782180786
8000,mha,moe,42,2,2,0.05720703303813934,0.052505720406770706,1.7557774782180786
8000,mha,moe,42,2,3,0.080718994140625,0.0684099942445755,1.7557774782180786
8000,mha,moe,42,2,4,0.07447509467601776,0.08162695169448853,1.7557774782180786
8000,mha,moe,42,2,5,0.06887207180261612,0.06905248761177063,1.7557774782180786
8000,mha,moe,42,2,6,0.05624633654952049,0.059321340173482895,1.7557774782180786
8000,mha,moe,42,2,7,0.06466186791658401,0.056994058191776276,1.7557774782180786
8000,mha,moe,42,2,8,0.07217651605606079,0.07110588252544403,1.7557774782180786
8000,mha,moe,42,2,9,0.05021972581744194,0.060982488095760345,1.7557774782180786
8000,mha,moe,42,2,10,0.046564940363168716,0.050679974257946014,1.7557774782180786
8000,mha,moe,42,2,11,0.060307618230581284,0.06531495600938797,1.7557774782180786
8000,mha,moe,42,2,12,0.05071777477860451,0.05084399878978729,1.7557774782180786
8000,mha,moe,42,2,13,0.04460815340280533,0.04352063685655594,1.7557774782180786
8000,mha,moe,42,2,14,0.07265136390924454,0.07085634022951126,1.7557774782180786
8000,mha,moe,42,2,15,0.07460937649011612,0.0669948011636734,1.7557774782180786
8000,mha,moe,42,3,0,0.05368408188223839,0.05162515118718147,1.338637351989746
8000,mha,moe,42,3,1,0.09078369289636612,0.08743149787187576,1.338637351989746
8000,mha,moe,42,3,2,0.06225952133536339,0.0504671111702919,1.338637351989746
8000,mha,moe,42,3,3,0.035887449979782104,0.03847542777657509,1.338637351989746
8000,mha,moe,42,3,4,0.05362304672598839,0.046561118215322495,1.338637351989746
8000,mha,moe,42,3,5,0.07381957769393921,0.06917865574359894,1.338637351989746
8000,mha,moe,42,3,6,0.05145873874425888,0.046747349202632904,1.338637351989746
8000,mha,moe,42,3,7,0.058842774480581284,0.05610157176852226,1.338637351989746
8000,mha,moe,42,3,8,0.08045532554388046,0.09556631743907928,1.338637351989746
8000,mha,moe,42,3,9,0.039826661348342896,0.04993168264627457,1.338637351989746
8000,mha,moe,42,3,10,0.06169799715280533,0.056591760367155075,1.338637351989746
8000,mha,moe,42,3,11,0.06538330018520355,0.08981695771217346,1.338637351989746
8000,mha,moe,42,3,12,0.06298340111970901,0.06305528432130814,1.338637351989746
8000,mha,moe,42,3,13,0.051960449665784836,0.04168105125427246,1.338637351989746
8000,mha,moe,42,3,14,0.06980590522289276,0.07873120903968811,1.338637351989746
8000,mha,moe,42,3,15,0.08752807974815369,0.07803782820701599,1.338637351989746
8000,mha,moe,42,4,0,0.05898193269968033,0.06426018476486206,1.1085048913955688
8000,mha,moe,42,4,1,0.05356811359524727,0.06690705567598343,1.1085048913955688
8000,mha,moe,42,4,2,0.049445800483226776,0.06606059521436691,1.1085048913955688
8000,mha,moe,42,4,3,0.09365600347518921,0.08508168905973434,1.1085048913955688
8000,mha,moe,42,4,4,0.07471557706594467,0.06906208395957947,1.1085048913955688
8000,mha,moe,42,4,5,0.07441162317991257,0.06923354417085648,1.1085048913955688
8000,mha,moe,42,4,6,0.06034301593899727,0.060273267328739166,1.1085048913955688
8000,mha,moe,42,4,7,0.045372314751148224,0.06055247411131859,1.1085048913955688
8000,mha,moe,42,4,8,0.05422729626297951,0.07030890136957169,1.1085048913955688
8000,mha,moe,42,4,9,0.03748901188373566,0.039013415575027466,1.1085048913955688
8000,mha,moe,42,4,10,0.07680786401033401,0.065782830119133,1.1085048913955688
8000,mha,moe,42,4,11,0.08945068717002869,0.08189421892166138,1.1085048913955688
8000,mha,moe,42,4,12,0.04870971664786339,0.047921814024448395,1.1085048913955688
8000,mha,moe,42,4,13,0.06407104432582855,0.05552276223897934,1.1085048913955688
8000,mha,moe,42,4,14,0.04733520373702049,0.037083715200424194,1.1085048913955688
8000,mha,moe,42,4,15,0.07141479849815369,0.06104150414466858,1.1085048913955688
8000,mha,moe,42,5,0,0.056519776582717896,0.058209169656038284,1.5847740173339844
8000,mha,moe,42,5,1,0.05324707180261612,0.04909149184823036,1.5847740173339844
8000,mha,moe,42,5,2,0.030369872227311134,0.048709478229284286,1.5847740173339844
8000,mha,moe,42,5,3,0.12385253608226776,0.09714588522911072,1.5847740173339844
8000,mha,moe,42,5,4,0.04301635921001434,0.05119645223021507,1.5847740173339844
8000,mha,moe,42,5,5,0.07652465999126434,0.07233879715204239,1.5847740173339844
8000,mha,moe,42,5,6,0.06217651441693306,0.06123843044042587,1.5847740173339844
8000,mha,moe,42,5,7,0.04843383654952049,0.05529769882559776,1.5847740173339844
8000,mha,moe,42,5,8,0.05281250178813934,0.05856934189796448,1.5847740173339844
8000,mha,moe,42,5,9,0.05550292879343033,0.04681625962257385,1.5847740173339844
8000,mha,moe,42,5,10,0.05617675930261612,0.06505309045314789,1.5847740173339844
8000,mha,moe,42,5,11,0.10835937410593033,0.08751719444990158,1.5847740173339844
8000,mha,moe,42,5,12,0.0634167492389679,0.06225847080349922,1.5847740173339844
8000,mha,moe,42,5,13,0.07225463539361954,0.08690080046653748,1.5847740173339844
8000,mha,moe,42,5,14,0.056660156697034836,0.05702761188149452,1.5847740173339844
8000,mha,moe,42,5,15,0.04067626968026161,0.04262981563806534,1.5847740173339844
8500,mha,moe,42,1,0,0.06333740055561066,0.07133731991052628,2.547100067138672
8500,mha,moe,42,1,1,0.048450928181409836,0.06316302716732025,2.547100067138672
8500,mha,moe,42,1,2,0.0699755847454071,0.06059105321764946,2.547100067138672
8500,mha,moe,42,1,3,0.07872314751148224,0.05844360217452049,2.547100067138672
8500,mha,moe,42,1,4,0.0711682140827179,0.063229501247406,2.547100067138672
8500,mha,moe,42,1,5,0.07445678859949112,0.05903011932969093,2.547100067138672
8500,mha,moe,42,1,6,0.05710082873702049,0.05608539283275604,2.547100067138672
8500,mha,moe,42,1,7,0.06745971739292145,0.0621960312128067,2.547100067138672
8500,mha,moe,42,1,8,0.06177124008536339,0.06343292444944382,2.547100067138672
8500,mha,moe,42,1,9,0.07346923649311066,0.05997459590435028,2.547100067138672
8500,mha,moe,42,1,10,0.054780274629592896,0.06271408498287201,2.547100067138672
8500,mha,moe,42,1,11,0.05553589016199112,0.06448785215616226,2.547100067138672
8500,mha,moe,42,1,12,0.08251708745956421,0.06638254225254059,2.547100067138672
8500,mha,moe,42,1,13,0.043120115995407104,0.06015431880950928,2.547100067138672
8500,mha,moe,42,1,14,0.034477539360523224,0.0639294981956482,2.547100067138672
8500,mha,moe,42,1,15,0.06365600228309631,0.06484811753034592,2.547100067138672
8500,mha,moe,42,2,0,0.0627124011516571,0.07098349928855896,1.738426685333252
8500,mha,moe,42,2,1,0.06347411870956421,0.0615721270442009,1.738426685333252
8500,mha,moe,42,2,2,0.05796142667531967,0.05251951515674591,1.738426685333252
8500,mha,moe,42,2,3,0.07805053889751434,0.06559555232524872,1.738426685333252
8500,mha,moe,42,2,4,0.06687743961811066,0.07313951849937439,1.738426685333252
8500,mha,moe,42,2,5,0.07228637486696243,0.07234551757574081,1.738426685333252
8500,mha,moe,42,2,6,0.05770507827401161,0.060384005308151245,1.738426685333252
8500,mha,moe,42,2,7,0.06406616419553757,0.05651315301656723,1.738426685333252
8500,mha,moe,42,2,8,0.07519286870956421,0.07525603473186493,1.738426685333252
8500,mha,moe,42,2,9,0.04660400375723839,0.05677693337202072,1.738426685333252
8500,mha,moe,42,2,10,0.04530029371380806,0.050978656858205795,1.738426685333252
8500,mha,moe,42,2,11,0.059532471001148224,0.06497437506914139,1.738426685333252
8500,mha,moe,42,2,12,0.05538574233651161,0.05465860292315483,1.738426685333252
8500,mha,moe,42,2,13,0.04603027179837227,0.04449324309825897,1.738426685333252
8500,mha,moe,42,2,14,0.07557983696460724,0.07442707568407059,1.738426685333252
8500,mha,moe,42,2,15,0.0732409656047821,0.06538216769695282,1.738426685333252
8500,mha,moe,42,3,0,0.05267944186925888,0.050545528531074524,1.339186668395996
8500,mha,moe,42,3,1,0.08744873106479645,0.08247634023427963,1.339186668395996
8500,mha,moe,42,3,2,0.06297973543405533,0.04865765571594238,1.339186668395996
8500,mha,moe,42,3,3,0.03544677793979645,0.037037719041109085,1.339186668395996
8500,mha,moe,42,3,4,0.056599121540784836,0.049583807587623596,1.339186668395996
8500,mha,moe,42,3,5,0.0702221691608429,0.0662710964679718,1.339186668395996
8500,mha,moe,42,3,6,0.05150756984949112,0.046000171452760696,1.339186668395996
8500,mha,moe,42,3,7,0.055938720703125,0.05281762778759003,1.339186668395996
8500,mha,moe,42,3,8,0.08209960907697678,0.1010267361998558,1.339186668395996
8500,mha,moe,42,3,9,0.04015503078699112,0.0497802197933197,1.339186668395996
8500,mha,moe,42,3,10,0.06248290836811066,0.05689862743020058,1.339186668395996
8500,mha,moe,42,3,11,0.06599609553813934,0.09035426378250122,1.339186668395996
8500,mha,moe,42,3,12,0.06161132827401161,0.06353197246789932,1.339186668395996
8500,mha,moe,42,3,13,0.05907592922449112,0.047877196222543716,1.339186668395996
8500,mha,moe,42,3,14,0.06931030005216599,0.07843846827745438,1.339186668395996
8500,mha,moe,42,3,15,0.08644653111696243,0.07870258390903473,1.339186668395996
8500,mha,moe,42,4,0,0.05781860277056694,0.0616464726626873,1.1201332807540894
8500,mha,moe,42,4,1,0.052650146186351776,0.06484010815620422,1.1201332807540894
8500,mha,moe,42,4,2,0.048424072563648224,0.06506025046110153,1.1201332807540894
8500,mha,moe,42,4,3,0.09397827088832855,0.08596470952033997,1.1201332807540894
8500,mha,moe,42,4,4,0.07373413443565369,0.0681619942188263,1.1201332807540894
8500,mha,moe,42,4,5,0.07281738519668579,0.06912395358085632,1.1201332807540894
8500,mha,moe,42,4,6,0.058778077363967896,0.058586668223142624,1.1201332807540894
8500,mha,moe,42,4,7,0.04118408262729645,0.05746472254395485,1.1201332807540894
8500,mha,moe,42,4,8,0.05553344637155533,0.07096763700246811,1.1201332807540894
8500,mha,moe,42,4,9,0.03780517727136612,0.0395381897687912,1.1201332807540894
8500,mha,moe,42,4,10,0.07615478336811066,0.06303446739912033,1.1201332807540894
8500,mha,moe,42,4,11,0.08782348781824112,0.08038436621427536,1.1201332807540894
8500,mha,moe,42,4,12,0.048643797636032104,0.047472357749938965,1.1201332807540894
8500,mha,moe,42,4,13,0.0688464343547821,0.06275434792041779,1.1201332807540894
8500,mha,moe,42,4,14,0.04771606624126434,0.03762635961174965,1.1201332807540894
8500,mha,moe,42,4,15,0.07809203863143921,0.06737338751554489,1.1201332807540894
8500,mha,moe,42,5,0,0.05578979477286339,0.05842132493853569,1.5867326259613037
8500,mha,moe,42,5,1,0.05472167953848839,0.05007672309875488,1.5867326259613037
8500,mha,moe,42,5,2,0.030643310397863388,0.050236500799655914,1.5867326259613037
8500,mha,moe,42,5,3,0.12507201731204987,0.09591113775968552,1.5867326259613037
8500,mha,moe,42,5,4,0.05034790188074112,0.05666397139430046,1.5867326259613037
8500,mha,moe,42,5,5,0.0783679187297821,0.0746321827173233,1.5867326259613037
8500,mha,moe,42,5,6,0.05323730409145355,0.05469051003456116,1.5867326259613037
8500,mha,moe,42,5,7,0.04697509855031967,0.05427870154380798,1.5867326259613037
8500,mha,moe,42,5,8,0.05528442561626434,0.05776406452059746,1.5867326259613037
8500,mha,moe,42,5,9,0.05784668028354645,0.04904162883758545,1.5867326259613037
8500,mha,moe,42,5,10,0.05608276277780533,0.06454966217279434,1.5867326259613037
8500,mha,moe,42,5,11,0.10568969696760178,0.08511661738157272,1.5867326259613037
8500,mha,moe,42,5,12,0.05882079899311066,0.05907553806900978,1.5867326259613037
8500,mha,moe,42,5,13,0.07184325903654099,0.0880272164940834,1.5867326259613037
8500,mha,moe,42,5,14,0.05518920719623566,0.05612969025969505,1.5867326259613037
8500,mha,moe,42,5,15,0.04408813640475273,0.04538452997803688,1.5867326259613037
9000,mha,moe,42,1,0,0.061036378145217896,0.07179021090269089,2.5389349460601807
9000,mha,moe,42,1,1,0.05806640535593033,0.06272026896476746,2.5389349460601807
9000,mha,moe,42,1,2,0.076019287109375,0.06389425694942474,2.5389349460601807
9000,mha,moe,42,1,3,0.08359131217002869,0.06058155372738838,2.5389349460601807
9000,mha,moe,42,1,4,0.07197265326976776,0.06447220593690872,2.5389349460601807
9000,mha,moe,42,1,5,0.07147216796875,0.05871202424168587,2.5389349460601807
9000,mha,moe,42,1,6,0.06571166962385178,0.05761934444308281,2.5389349460601807
9000,mha,moe,42,1,7,0.04760986194014549,0.05917385220527649,2.5389349460601807
9000,mha,moe,42,1,8,0.061589356511831284,0.0649426281452179,2.5389349460601807
9000,mha,moe,42,1,9,0.06581664830446243,0.05674975737929344,2.5389349460601807
9000,mha,moe,42,1,10,0.04016357287764549,0.061074770987033844,2.5389349460601807
9000,mha,moe,42,1,11,0.050578612834215164,0.062496546655893326,2.5389349460601807
9000,mha,moe,42,1,12,0.08698364347219467,0.06937532871961594,2.5389349460601807
9000,mha,moe,42,1,13,0.056254882365465164,0.060038987547159195,2.5389349460601807
9000,mha,moe,42,1,14,0.04717407375574112,0.06337806582450867,2.5389349460601807
9000,mha,moe,42,1,15,0.05595947429537773,0.06298016756772995,2.5389349460601807
9000,mha,moe,42,2,0,0.06457152962684631,0.07091071456670761,1.7221598625183105
9000,mha,moe,42,2,1,0.06114257872104645,0.05949639901518822,1.7221598625183105
9000,mha,moe,42,2,2,0.05579955875873566,0.050843846052885056,1.7221598625183105
9000,mha,moe,42,2,3,0.07656615972518921,0.0649465024471283,1.7221598625183105
9000,mha,moe,42,2,4,0.06914428621530533,0.07546045631170273,1.7221598625183105
9000,mha,moe,42,2,5,0.07068237662315369,0.070561982691288,1.7221598625183105
9000,mha,moe,42,2,6,0.059691160917282104,0.06321438401937485,1.7221598625183105
9000,mha,moe,42,2,7,0.06791625916957855,0.058246318250894547,1.7221598625183105
9000,mha,moe,42,2,8,0.07453124970197678,0.07367904484272003,1.7221598625183105
9000,mha,moe,42,2,9,0.04889770597219467,0.05925466865301132,1.7221598625183105
9000,mha,moe,42,2,10,0.04124755784869194,0.04888288676738739,1.7221598625183105
9000,mha,moe,42,2,11,0.06142944470047951,0.06841355562210083,1.7221598625183105
9000,mha,moe,42,2,12,0.055231932550668716,0.052978187799453735,1.7221598625183105
9000,mha,moe,42,2,13,0.04454223811626434,0.04230744391679764,1.7221598625183105
9000,mha,moe,42,2,14,0.07287964224815369,0.07251352816820145,1.7221598625183105
9000,mha,moe,42,2,15,0.07572631537914276,0.06829005479812622,1.7221598625183105
9000,mha,moe,42,3,0,0.053248289972543716,0.05097920820116997,1.3487367630004883
9000,mha,moe,42,3,1,0.09040039032697678,0.08584277331829071,1.3487367630004883
9000,mha,moe,42,3,2,0.06470093131065369,0.05003251135349274,1.3487367630004883
9000,mha,moe,42,3,3,0.03623412922024727,0.038294728845357895,1.3487367630004883
9000,mha,moe,42,3,4,0.05664672702550888,0.047915078699588776,1.3487367630004883
9000,mha,moe,42,3,5,0.07307128608226776,0.0695486068725586,1.3487367630004883
9000,mha,moe,42,3,6,0.05155029147863388,0.04792092368006706,1.3487367630004883
9000,mha,moe,42,3,7,0.057520750910043716,0.05515938624739647,1.3487367630004883
9000,mha,moe,42,3,8,0.08069824427366257,0.09701570868492126,1.3487367630004883
9000,mha,moe,42,3,9,0.039085693657398224,0.04825713112950325,1.3487367630004883
9000,mha,moe,42,3,10,0.0606689453125,0.05585779994726181,1.3487367630004883
9000,mha,moe,42,3,11,0.060588378459215164,0.08508221805095673,1.3487367630004883
9000,mha,moe,42,3,12,0.06260009855031967,0.06443504244089127,1.3487367630004883
9000,mha,moe,42,3,13,0.05787475407123566,0.046293433755636215,1.3487367630004883
9000,mha,moe,42,3,14,0.07023926079273224,0.07999464869499207,1.3487367630004883
9000,mha,moe,42,3,15,0.08487182855606079,0.07737076282501221,1.3487367630004883
9000,mha,moe,42,4,0,0.056883543729782104,0.06111716851592064,1.121141791343689
9000,mha,moe,42,4,1,0.05220215022563934,0.06508078426122665,1.121141791343689
9000,mha,moe,42,4,2,0.04992919787764549,0.0649629756808281,1.121141791343689
9000,mha,moe,42,4,3,0.09367065131664276,0.08773960173130035,1.121141791343689
9000,mha,moe,42,4,4,0.07461303472518921,0.06689677387475967,1.121141791343689
9000,mha,moe,42,4,5,0.07322265952825546,0.06848403811454773,1.121141791343689
9000,mha,moe,42,4,6,0.058568116277456284,0.05936088413000107,1.121141791343689
9000,mha,moe,42,4,7,0.043858643621206284,0.05900934711098671,1.121141791343689
9000,mha,moe,42,4,8,0.054267577826976776,0.07029076665639877,1.121141791343689
9000,mha,moe,42,4,9,0.03730224445462227,0.03924589976668358,1.121141791343689
9000,mha,moe,42,4,10,0.07971557974815369,0.06780455261468887,1.121141791343689
9000,mha,moe,42,4,11,0.08737792819738388,0.0793214961886406,1.121141791343689
9000,mha,moe,42,4,12,0.04777710139751434,0.047013264149427414,1.121141791343689
9000,mha,moe,42,4,13,0.06747192144393921,0.05935126170516014,1.121141791343689
9000,mha,moe,42,4,14,0.048881836235523224,0.04014236479997635,1.121141791343689
9000,mha,moe,42,4,15,0.07425781339406967,0.06417883187532425,1.121141791343689
9000,mha,moe,42,5,0,0.056953124701976776,0.05932703986763954,1.581999659538269
9000,mha,moe,42,5,1,0.053004149347543716,0.04850170016288757,1.581999659538269
9000,mha,moe,42,5,2,0.03247924894094467,0.05255638062953949,1.581999659538269
9000,mha,moe,42,5,3,0.12159057706594467,0.09407021850347519,1.581999659538269
9000,mha,moe,42,5,4,0.04774414002895355,0.05530282109975815,1.581999659538269
9000,mha,moe,42,5,5,0.07362792640924454,0.0699782744050026,1.581999659538269
9000,mha,moe,42,5,6,0.05540405213832855,0.05674182251095772,1.581999659538269
9000,mha,moe,42,5,7,0.047694090753793716,0.05367168039083481,1.581999659538269
9000,mha,moe,42,5,8,0.05178222805261612,0.054939333349466324,1.581999659538269
9000,mha,moe,42,5,9,0.058997802436351776,0.05131642892956734,1.581999659538269
9000,mha,moe,42,5,10,0.05805908143520355,0.06683662533760071,1.581999659538269
9000,mha,moe,42,5,11,0.10686889290809631,0.08595568686723709,1.581999659538269
9000,mha,moe,42,5,12,0.06077026203274727,0.06089349836111069,1.581999659538269
9000,mha,moe,42,5,13,0.07104125618934631,0.08533988147974014,1.581999659538269
9000,mha,moe,42,5,14,0.056437987834215164,0.05629442632198334,1.581999659538269
9000,mha,moe,42,5,15,0.047545164823532104,0.04827416315674782,1.581999659538269
9500,mha,moe,42,1,0,0.06492309272289276,0.07195081561803818,2.5342631340026855
9500,mha,moe,42,1,1,0.040501710027456284,0.06170796975493431,2.5342631340026855
9500,mha,moe,42,1,2,0.07799926400184631,0.06460513174533844,2.5342631340026855
9500,mha,moe,42,1,3,0.07971801608800888,0.05963670834898949,2.5342631340026855
9500,mha,moe,42,1,4,0.07029540836811066,0.06338892132043839,2.5342631340026855
9500,mha,moe,42,1,5,0.0749218761920929,0.05989957973361015,2.5342631340026855
9500,mha,moe,42,1,6,0.0674731433391571,0.05892089754343033,2.5342631340026855
9500,mha,moe,42,1,7,0.04493774473667145,0.05920068174600601,2.5342631340026855
9500,mha,moe,42,1,8,0.057835694402456284,0.06319649517536163,2.5342631340026855
9500,mha,moe,42,1,9,0.059449464082717896,0.05584374815225601,2.5342631340026855
9500,mha,moe,42,1,10,0.052979737520217896,0.062341004610061646,2.5342631340026855
9500,mha,moe,42,1,11,0.05931396409869194,0.06376926600933075,2.5342631340026855
9500,mha,moe,42,1,12,0.08469604700803757,0.06861697882413864,2.5342631340026855
9500,mha,moe,42,1,13,0.05748290941119194,0.06053318828344345,2.5342631340026855
9500,mha,moe,42,1,14,0.055137939751148224,0.0637403279542923,2.5342631340026855
9500,mha,moe,42,1,15,0.05233398452401161,0.06264825165271759,2.5342631340026855
9500,mha,moe,42,2,0,0.06351074576377869,0.07178489863872528,1.7097833156585693
9500,mha,moe,42,2,1,0.06318481266498566,0.060607388615608215,1.7097833156585693
9500,mha,moe,42,2,2,0.06203613430261612,0.05476755276322365,1.7097833156585693
9500,mha,moe,42,2,3,0.07888427376747131,0.06621186435222626,1.7097833156585693
9500,mha,moe,42,2,4,0.07360229641199112,0.07975834608078003,1.7097833156585693
9500,mha,moe,42,2,5,0.06536132842302322,0.0665687620639801,1.7097833156585693
9500,mha,moe,42,2,6,0.05977538973093033,0.06254106760025024,1.7097833156585693
9500,mha,moe,42,2,7,0.06769286841154099,0.05943252891302109,1.7097833156585693
9500,mha,moe,42,2,8,0.07248657196760178,0.07047360390424728,1.7097833156585693
9500,mha,moe,42,2,9,0.04867309704422951,0.060927845537662506,1.7097833156585693
9500,mha,moe,42,2,10,0.041010741144418716,0.047565311193466187,1.7097833156585693
9500,mha,moe,42,2,11,0.06181152164936066,0.06750012189149857,1.7097833156585693
9500,mha,moe,42,2,12,0.05150390788912773,0.051028236746788025,1.7097833156585693
9500,mha,moe,42,2,13,0.044072266668081284,0.04204554855823517,1.7097833156585693
9500,mha,moe,42,2,14,0.07159423828125,0.07157650589942932,1.7097833156585693
9500,mha,moe,42,2,15,0.0747998058795929,0.06721044331789017,1.7097833156585693
9500,mha,moe,42,3,0,0.05402221530675888,0.0516786128282547,1.3470066785812378
9500,mha,moe,42,3,1,0.09088744968175888,0.08696331083774567,1.3470066785812378
9500,mha,moe,42,3,2,0.06363647431135178,0.04903784766793251,1.3470066785812378
9500,mha,moe,42,3,3,0.03627197444438934,0.03868044167757034,1.3470066785812378
9500,mha,moe,42,3,4,0.059425048530101776,0.050470490008592606,1.3470066785812378
9500,mha,moe,42,3,5,0.07259277254343033,0.06949495524168015,1.3470066785812378
9500,mha,moe,42,3,6,0.050648193806409836,0.046634651720523834,1.3470066785812378
9500,mha,moe,42,3,7,0.057170409709215164,0.054933711886405945,1.3470066785812378
9500,mha,moe,42,3,8,0.08061279356479645,0.09870528429746628,1.3470066785812378
9500,mha,moe,42,3,9,0.03958984464406967,0.04957456514239311,1.3470066785812378
9500,mha,moe,42,3,10,0.06138427555561066,0.05679823458194733,1.3470066785812378
9500,mha,moe,42,3,11,0.0669543445110321,0.08834283798933029,1.3470066785812378
9500,mha,moe,42,3,12,0.06085449084639549,0.06049547344446182,1.3470066785812378
9500,mha,moe,42,3,13,0.055628661066293716,0.0466928593814373,1.3470066785812378
9500,mha,moe,42,3,14,0.06810913234949112,0.07864494621753693,1.3470066785812378
9500,mha,moe,42,3,15,0.08221191167831421,0.07285181432962418,1.3470066785812378
9500,mha,moe,42,4,0,0.05549682676792145,0.06160000339150429,1.121066689491272
9500,mha,moe,42,4,1,0.054163817316293716,0.06676839292049408,1.121066689491272
9500,mha,moe,42,4,2,0.049083251506090164,0.06408911943435669,1.121066689491272
9500,mha,moe,42,4,3,0.09299194067716599,0.08481292426586151,1.121066689491272
9500,mha,moe,42,4,4,0.07326293736696243,0.06740163266658783,1.121066689491272
9500,mha,moe,42,4,5,0.07053711265325546,0.0668889582157135,1.121066689491272
9500,mha,moe,42,4,6,0.05979003757238388,0.05976644158363342,1.121066689491272
9500,mha,moe,42,4,7,0.04386596754193306,0.05945633724331856,1.121066689491272
9500,mha,moe,42,4,8,0.055421143770217896,0.07176639884710312,1.121066689491272
9500,mha,moe,42,4,9,0.037895508110523224,0.04055513069033623,1.121066689491272
9500,mha,moe,42,4,10,0.07756713777780533,0.06503172963857651,1.121066689491272
9500,mha,moe,42,4,11,0.09116332978010178,0.08223363012075424,1.121066689491272
9500,mha,moe,42,4,12,0.0460205078125,0.04548365995287895,1.121066689491272
9500,mha,moe,42,4,13,0.06820068508386612,0.05890000984072685,1.121066689491272
9500,mha,moe,42,4,14,0.049256592988967896,0.03981233760714531,1.121066689491272
9500,mha,moe,42,4,15,0.07528319954872131,0.06543329358100891,1.121066689491272
9500,mha,moe,42,5,0,0.05686889588832855,0.05823533982038498,1.5706442594528198
9500,mha,moe,42,5,1,0.05636962875723839,0.05185697227716446,1.5706442594528198
9500,mha,moe,42,5,2,0.029989013448357582,0.05016063153743744,1.5706442594528198
9500,mha,moe,42,5,3,0.12489745765924454,0.09594853222370148,1.5706442594528198
9500,mha,moe,42,5,4,0.04241577163338661,0.05010819807648659,1.5706442594528198
9500,mha,moe,42,5,5,0.07836547493934631,0.07384791225194931,1.5706442594528198
9500,mha,moe,42,5,6,0.05661620944738388,0.057330865412950516,1.5706442594528198
9500,mha,moe,42,5,7,0.04883178696036339,0.05571651831269264,1.5706442594528198
9500,mha,moe,42,5,8,0.05343994125723839,0.05686252564191818,1.5706442594528198
9500,mha,moe,42,5,9,0.06165160983800888,0.052730072289705276,1.5706442594528198
9500,mha,moe,42,5,10,0.056934814900159836,0.06558949500322342,1.5706442594528198
9500,mha,moe,42,5,11,0.10402221977710724,0.0825946256518364,1.5706442594528198
9500,mha,moe,42,5,12,0.06108642742037773,0.061537452042102814,1.5706442594528198
9500,mha,moe,42,5,13,0.07128661870956421,0.08806539326906204,1.5706442594528198
9500,mha,moe,42,5,14,0.055357664823532104,0.05542744696140289,1.5706442594528198
9500,mha,moe,42,5,15,0.04186645522713661,0.04398803785443306,1.5706442594528198
10000,mha,moe,42,1,0,0.06468017399311066,0.07345809787511826,2.517073154449463
10000,mha,moe,42,1,1,0.04492797702550888,0.06055707484483719,2.517073154449463
10000,mha,moe,42,1,2,0.07115112245082855,0.06308246403932571,2.517073154449463
10000,mha,moe,42,1,3,0.08009521663188934,0.06027261167764664,2.517073154449463
10000,mha,moe,42,1,4,0.07501587271690369,0.06673865020275116,2.517073154449463
10000,mha,moe,42,1,5,0.07450805604457855,0.05960158258676529,2.517073154449463
10000,mha,moe,42,1,6,0.07185180485248566,0.05847087502479553,2.517073154449463
10000,mha,moe,42,1,7,0.05006958171725273,0.05918114632368088,2.517073154449463
10000,mha,moe,42,1,8,0.06047729402780533,0.06463107466697693,2.517073154449463
10000,mha,moe,42,1,9,0.0632641613483429,0.056055545806884766,2.517073154449463
10000,mha,moe,42,1,10,0.05652099475264549,0.06301865726709366,2.517073154449463
10000,mha,moe,42,1,11,0.058399658650159836,0.06342782080173492,2.517073154449463
10000,mha,moe,42,1,12,0.08649414032697678,0.06931042671203613,2.517073154449463
10000,mha,moe,42,1,13,0.05098632723093033,0.05796457827091217,2.517073154449463
10000,mha,moe,42,1,14,0.036015626043081284,0.061431169509887695,2.517073154449463
10000,mha,moe,42,1,15,0.0555419921875,0.06279821693897247,2.517073154449463
10000,mha,moe,42,2,0,0.06460815668106079,0.06939084082841873,1.7251774072647095
10000,mha,moe,42,2,1,0.06213989108800888,0.06079050898551941,1.7251774072647095
10000,mha,moe,42,2,2,0.05553833022713661,0.05079945549368858,1.7251774072647095
10000,mha,moe,42,2,3,0.07867919653654099,0.0655592605471611,1.7251774072647095
10000,mha,moe,42,2,4,0.07253051549196243,0.07964298129081726,1.7251774072647095
10000,mha,moe,42,2,5,0.0695178210735321,0.07019280642271042,1.7251774072647095
10000,mha,moe,42,2,6,0.05729003995656967,0.060834139585494995,1.7251774072647095
10000,mha,moe,42,2,7,0.06801025569438934,0.05939444527029991,1.7251774072647095
10000,mha,moe,42,2,8,0.07437988370656967,0.07271693646907806,1.7251774072647095
10000,mha,moe,42,2,9,0.04398559406399727,0.055885981768369675,1.7251774072647095
10000,mha,moe,42,2,10,0.047138672322034836,0.050834499299526215,1.7251774072647095
10000,mha,moe,42,2,11,0.06030883640050888,0.06600116193294525,1.7251774072647095
10000,mha,moe,42,2,12,0.05126586928963661,0.052679356187582016,1.7251774072647095
10000,mha,moe,42,2,13,0.048729248344898224,0.046207088977098465,1.7251774072647095
10000,mha,moe,42,2,14,0.07261596620082855,0.07361616939306259,1.7251774072647095
10000,mha,moe,42,2,15,0.07326171547174454,0.06545431911945343,1.7251774072647095
10000,mha,moe,42,3,0,0.053675536066293716,0.052264031022787094,1.3594475984573364
10000,mha,moe,42,3,1,0.08746093511581421,0.08298236131668091,1.3594475984573364
10000,mha,moe,42,3,2,0.061613768339157104,0.0487113893032074,1.3594475984573364
10000,mha,moe,42,3,3,0.03671874850988388,0.03998580947518349,1.3594475984573364
10000,mha,moe,42,3,4,0.05876220762729645,0.04981817305088043,1.3594475984573364
10000,mha,moe,42,3,5,0.07464843988418579,0.07181273400783539,1.3594475984573364
10000,mha,moe,42,3,6,0.05353027209639549,0.04859934747219086,1.3594475984573364
10000,mha,moe,42,3,7,0.05621704086661339,0.054947543889284134,1.3594475984573364
10000,mha,moe,42,3,8,0.07815063744783401,0.09335511177778244,1.3594475984573364
10000,mha,moe,42,3,9,0.04007324203848839,0.05010441690683365,1.3594475984573364
10000,mha,moe,42,3,10,0.06259765475988388,0.05784586817026138,1.3594475984573364
10000,mha,moe,42,3,11,0.06534423679113388,0.08585748821496964,1.3594475984573364
10000,mha,moe,42,3,12,0.06344971060752869,0.0642322450876236,1.3594475984573364
10000,mha,moe,42,3,13,0.05565429851412773,0.04587262123823166,1.3594475984573364
10000,mha,moe,42,3,14,0.06706421077251434,0.07682035118341446,1.3594475984573364
10000,mha,moe,42,3,15,0.08503906428813934,0.07679048925638199,1.3594475984573364
10000,mha,moe,42,4,0,0.055854491889476776,0.06118059158325195,1.1257654428482056
10000,mha,moe,42,4,1,0.053436279296875,0.06625162810087204,1.1257654428482056
10000,mha,moe,42,4,2,0.048919677734375,0.0651877149939537,1.1257654428482056
10000,mha,moe,42,4,3,0.09413818269968033,0.08753394335508347,1.1257654428482056
10000,mha,moe,42,4,4,0.07428345084190369,0.06645217537879944,1.1257654428482056
10000,mha,moe,42,4,5,0.07408447563648224,0.06895798444747925,1.1257654428482056
10000,mha,moe,42,4,6,0.05931396409869194,0.06019905209541321,1.1257654428482056
10000,mha,moe,42,4,7,0.04411865398287773,0.05954226478934288,1.1257654428482056
10000,mha,moe,42,4,8,0.05502685531973839,0.0706777572631836,1.1257654428482056
10000,mha,moe,42,4,9,0.03993164002895355,0.0428004264831543,1.1257654428482056
10000,mha,moe,42,4,10,0.07695556432008743,0.06383505463600159,1.1257654428482056
10000,mha,moe,42,4,11,0.08880370855331421,0.07949402183294296,1.1257654428482056
10000,mha,moe,42,4,12,0.04378662258386612,0.044050876051187515,1.1257654428482056
10000,mha,moe,42,4,13,0.07022704929113388,0.060806527733802795,1.1257654428482056
10000,mha,moe,42,4,14,0.04678954929113388,0.037921350449323654,1.1257654428482056
10000,mha,moe,42,4,15,0.07432983070611954,0.06510860472917557,1.1257654428482056
10000,mha,moe,42,5,0,0.055579833686351776,0.05767816677689552,1.5611647367477417
10000,mha,moe,42,5,1,0.05671386793255806,0.05206978693604469,1.5611647367477417
10000,mha,moe,42,5,2,0.029617920517921448,0.04920874536037445,1.5611647367477417
10000,mha,moe,42,5,3,0.1271093785762787,0.09921388328075409,1.5611647367477417
10000,mha,moe,42,5,4,0.04711670055985451,0.05382223427295685,1.5611647367477417
10000,mha,moe,42,5,5,0.07590698450803757,0.07212060689926147,1.5611647367477417
10000,mha,moe,42,5,6,0.05792846530675888,0.05776406452059746,1.5611647367477417
10000,mha,moe,42,5,7,0.04792114347219467,0.05494812875986099,1.5611647367477417
10000,mha,moe,42,5,8,0.052454832941293716,0.056202445179224014,1.5611647367477417
10000,mha,moe,42,5,9,0.06067749112844467,0.05197317898273468,1.5611647367477417
10000,mha,moe,42,5,10,0.051878660917282104,0.060781609266996384,1.5611647367477417
10000,mha,moe,42,5,11,0.10678467154502869,0.08683384209871292,1.5611647367477417
10000,mha,moe,42,5,12,0.05621704086661339,0.05736636742949486,1.5611647367477417
10000,mha,moe,42,5,13,0.07203491032123566,0.08720412105321884,1.5611647367477417
10000,mha,moe,42,5,14,0.05560302734375,0.05586225166916847,1.5611647367477417
10000,mha,moe,42,5,15,0.046455077826976776,0.04695051535964012,1.5611647367477417
10500,mha,moe,42,1,0,0.05779052898287773,0.07035546004772186,2.519691228866577
10500,mha,moe,42,1,1,0.044151611626148224,0.06158297881484032,2.519691228866577
10500,mha,moe,42,1,2,0.06901489198207855,0.06141408905386925,2.519691228866577
10500,mha,moe,42,1,3,0.07776366919279099,0.05972279980778694,2.519691228866577
10500,mha,moe,42,1,4,0.07130126655101776,0.06328622996807098,2.519691228866577
10500,mha,moe,42,1,5,0.07142455875873566,0.05883646011352539,2.519691228866577
10500,mha,moe,42,1,6,0.06651367247104645,0.06009698286652565,2.519691228866577
10500,mha,moe,42,1,7,0.05551513656973839,0.06188753992319107,2.519691228866577
10500,mha,moe,42,1,8,0.055852051824331284,0.06251857429742813,2.519691228866577
10500,mha,moe,42,1,9,0.06032958999276161,0.05620898678898811,2.519691228866577
10500,mha,moe,42,1,10,0.056370850652456284,0.06402167677879333,2.519691228866577
10500,mha,moe,42,1,11,0.06357178092002869,0.06514038890600204,2.519691228866577
10500,mha,moe,42,1,12,0.08473632484674454,0.06891918182373047,2.519691228866577
10500,mha,moe,42,1,13,0.04455932602286339,0.05873305723071098,2.519691228866577
10500,mha,moe,42,1,14,0.07273559272289276,0.06444257497787476,2.519691228866577
10500,mha,moe,42,1,15,0.048369139432907104,0.0628330409526825,2.519691228866577
10500,mha,moe,42,2,0,0.05751953274011612,0.06619367003440857,1.7226582765579224
10500,mha,moe,42,2,1,0.0643322765827179,0.06166212260723114,1.7226582765579224
10500,mha,moe,42,2,2,0.06410156190395355,0.056405991315841675,1.7226582765579224
10500,mha,moe,42,2,3,0.07439818978309631,0.06326250731945038,1.7226582765579224
10500,mha,moe,42,2,4,0.07065063714981079,0.07750406861305237,1.7226582765579224
10500,mha,moe,42,2,5,0.07203247398138046,0.07178077101707458,1.7226582765579224
10500,mha,moe,42,2,6,0.06063232570886612,0.06261055171489716,1.7226582765579224
10500,mha,moe,42,2,7,0.06476196646690369,0.056634727865457535,1.7226582765579224
10500,mha,moe,42,2,8,0.07259277254343033,0.07077242434024811,1.7226582765579224
10500,mha,moe,42,2,9,0.04850952327251434,0.059474535286426544,1.7226582765579224
10500,mha,moe,42,2,10,0.04494018480181694,0.050015076994895935,1.7226582765579224
10500,mha,moe,42,2,11,0.05940063297748566,0.06492425501346588,1.7226582765579224
10500,mha,moe,42,2,12,0.054005127400159836,0.05211746320128441,1.7226582765579224
10500,mha,moe,42,2,13,0.04661254957318306,0.04452275112271309,1.7226582765579224
10500,mha,moe,42,2,14,0.0715319812297821,0.07503452897071838,1.7226582765579224
10500,mha,moe,42,2,15,0.07397827506065369,0.06708453595638275,1.7226582765579224
10500,mha,moe,42,3,0,0.054375000298023224,0.052748192101716995,1.3517346382141113
10500,mha,moe,42,3,1,0.0914929211139679,0.08645569533109665,1.3517346382141113
10500,mha,moe,42,3,2,0.06117919832468033,0.048832450062036514,1.3517346382141113
10500,mha,moe,42,3,3,0.03515014797449112,0.037389062345027924,1.3517346382141113
10500,mha,moe,42,3,4,0.058317869901657104,0.04917633906006813,1.3517346382141113
10500,mha,moe,42,3,5,0.07446777075529099,0.0705723837018013,1.3517346382141113
10500,mha,moe,42,3,6,0.052287597209215164,0.047334495931863785,1.3517346382141113
10500,mha,moe,42,3,7,0.05624755844473839,0.054695550352334976,1.3517346382141113
10500,mha,moe,42,3,8,0.07842040807008743,0.09434887021780014,1.3517346382141113
10500,mha,moe,42,3,9,0.039494629949331284,0.050278764218091965,1.3517346382141113
10500,mha,moe,42,3,10,0.06167846545577049,0.05736389011144638,1.3517346382141113
10500,mha,moe,42,3,11,0.06697387993335724,0.08624794334173203,1.3517346382141113
10500,mha,moe,42,3,12,0.0632617175579071,0.06434817612171173,1.3517346382141113
10500,mha,moe,42,3,13,0.051356200128793716,0.043677616864442825,1.3517346382141113
10500,mha,moe,42,3,14,0.070465087890625,0.07920268923044205,1.3517346382141113
10500,mha,moe,42,3,15,0.08483154326677322,0.07732789218425751,1.3517346382141113
10500,mha,moe,42,4,0,0.05783447250723839,0.06358277052640915,1.13164484500885
10500,mha,moe,42,4,1,0.05310424789786339,0.06489279121160507,1.13164484500885
10500,mha,moe,42,4,2,0.04950195178389549,0.06441530585289001,1.13164484500885
10500,mha,moe,42,4,3,0.09270385652780533,0.08579125255346298,1.13164484500885
10500,mha,moe,42,4,4,0.07249511778354645,0.06622033566236496,1.13164484500885
10500,mha,moe,42,4,5,0.0722644031047821,0.0675211027264595,1.13164484500885
10500,mha,moe,42,4,6,0.06065063551068306,0.06107541173696518,1.13164484500885
10500,mha,moe,42,4,7,0.04261718690395355,0.058086417615413666,1.13164484500885
10500,mha,moe,42,4,8,0.05425781384110451,0.07001760601997375,1.13164484500885
10500,mha,moe,42,4,9,0.03746704012155533,0.04073486477136612,1.13164484500885
10500,mha,moe,42,4,10,0.07598876953125,0.063895083963871,1.13164484500885
10500,mha,moe,42,4,11,0.09120483696460724,0.08121899515390396,1.13164484500885
10500,mha,moe,42,4,12,0.04732299968600273,0.047502193599939346,1.13164484500885
10500,mha,moe,42,4,13,0.0696704089641571,0.061320267617702484,1.13164484500885
10500,mha,moe,42,4,14,0.04685913026332855,0.037674035876989365,1.13164484500885
10500,mha,moe,42,4,15,0.07605712860822678,0.06605158001184464,1.13164484500885
10500,mha,moe,42,5,0,0.05870361253619194,0.06039218604564667,1.5681860446929932
10500,mha,moe,42,5,1,0.05613769590854645,0.05163713917136192,1.5681860446929932
10500,mha,moe,42,5,2,0.030496826395392418,0.05007483810186386,1.5681860446929932
10500,mha,moe,42,5,3,0.12298583984375,0.0948563739657402,1.5681860446929932
10500,mha,moe,42,5,4,0.044678956270217896,0.05160561203956604,1.5681860446929932
10500,mha,moe,42,5,5,0.07694213837385178,0.0736880972981453,1.5681860446929932
10500,mha,moe,42,5,6,0.05661376938223839,0.0573146715760231,1.5681860446929932
10500,mha,moe,42,5,7,0.04521728679537773,0.05158517509698868,1.5681860446929932
10500,mha,moe,42,5,8,0.05348144471645355,0.056231867522001266,1.5681860446929932
10500,mha,moe,42,5,9,0.05823120102286339,0.049766335636377335,1.5681860446929932
10500,mha,moe,42,5,10,0.05680175870656967,0.06471031904220581,1.5681860446929932
10500,mha,moe,42,5,11,0.10489746183156967,0.08384691178798676,1.5681860446929932
10500,mha,moe,42,5,12,0.06372314691543579,0.06329106539487839,1.5681860446929932
10500,mha,moe,42,5,13,0.07142333686351776,0.0884016901254654,1.5681860446929932
10500,mha,moe,42,5,14,0.05640991032123566,0.05797379091382027,1.5681860446929932
10500,mha,moe,42,5,15,0.04325561597943306,0.044623907655477524,1.5681860446929932
11000,mha,moe,42,1,0,0.059486083686351776,0.07147668302059174,2.511944055557251
11000,mha,moe,42,1,1,0.05969848483800888,0.06241315230727196,2.511944055557251
11000,mha,moe,42,1,2,0.07029907405376434,0.06251853704452515,2.511944055557251
11000,mha,moe,42,1,3,0.082611083984375,0.062270406633615494,2.511944055557251
11000,mha,moe,42,1,4,0.06798828393220901,0.06238923221826553,2.511944055557251
11000,mha,moe,42,1,5,0.07802367955446243,0.06164388731122017,2.511944055557251
11000,mha,moe,42,1,6,0.06740478426218033,0.05955030769109726,2.511944055557251
11000,mha,moe,42,1,7,0.05565063655376434,0.061638832092285156,2.511944055557251
11000,mha,moe,42,1,8,0.057182617485523224,0.06439295411109924,2.511944055557251
11000,mha,moe,42,1,9,0.06688354164361954,0.05789640545845032,2.511944055557251
11000,mha,moe,42,1,10,0.049040526151657104,0.06172694265842438,2.511944055557251
11000,mha,moe,42,1,11,0.05185180529952049,0.06241406127810478,2.511944055557251
11000,mha,moe,42,1,12,0.08133178949356079,0.06713622063398361,2.511944055557251
11000,mha,moe,42,1,13,0.06143798679113388,0.05883598327636719,2.511944055557251
11000,mha,moe,42,1,14,0.04526367038488388,0.061415281146764755,2.511944055557251
11000,mha,moe,42,1,15,0.04584594815969467,0.06228112056851387,2.511944055557251
11000,mha,moe,42,2,0,0.06007201969623566,0.0691370740532875,1.7131733894348145
11000,mha,moe,42,2,1,0.06536865234375,0.06265613436698914,1.7131733894348145
11000,mha,moe,42,2,2,0.06521362066268921,0.05679415538907051,1.7131733894348145
11000,mha,moe,42,2,3,0.07857421785593033,0.06692709773778915,1.7131733894348145
11000,mha,moe,42,2,4,0.07101928442716599,0.07765161991119385,1.7131733894348145
11000,mha,moe,42,2,5,0.06990234553813934,0.0710684210062027,1.7131733894348145
11000,mha,moe,42,2,6,0.05869872868061066,0.061299704015254974,1.7131733894348145
11000,mha,moe,42,2,7,0.0654309093952179,0.057133983820676804,1.7131733894348145
11000,mha,moe,42,2,8,0.07197631895542145,0.06887178122997284,1.7131733894348145
11000,mha,moe,42,2,9,0.04722045734524727,0.0579339824616909,1.7131733894348145
11000,mha,moe,42,2,10,0.044495850801467896,0.049640752375125885,1.7131733894348145
11000,mha,moe,42,2,11,0.056873779743909836,0.06413731724023819,1.7131733894348145
11000,mha,moe,42,2,12,0.054655760526657104,0.05435563623905182,1.7131733894348145
11000,mha,moe,42,2,13,0.043731689453125,0.04252689331769943,1.7131733894348145
11000,mha,moe,42,2,14,0.0727551281452179,0.07221242785453796,1.7131733894348145
11000,mha,moe,42,2,15,0.07401122897863388,0.06765303015708923,1.7131733894348145
11000,mha,moe,42,3,0,0.05657348781824112,0.0543452724814415,1.3432016372680664
11000,mha,moe,42,3,1,0.08971923589706421,0.085297130048275,1.3432016372680664
11000,mha,moe,42,3,2,0.06264648586511612,0.049039844423532486,1.3432016372680664
11000,mha,moe,42,3,3,0.032890625298023224,0.036071643233299255,1.3432016372680664
11000,mha,moe,42,3,4,0.05800415202975273,0.04946201294660568,1.3432016372680664
11000,mha,moe,42,3,5,0.0732104480266571,0.06831914186477661,1.3432016372680664
11000,mha,moe,42,3,6,0.052680663764476776,0.047593340277671814,1.3432016372680664
11000,mha,moe,42,3,7,0.05732910335063934,0.05520755425095558,1.3432016372680664
11000,mha,moe,42,3,8,0.07937377691268921,0.09486471116542816,1.3432016372680664
11000,mha,moe,42,3,9,0.04216186702251434,0.05282623693346977,1.3432016372680664
11000,mha,moe,42,3,10,0.060462646186351776,0.056920524686574936,1.3432016372680664
11000,mha,moe,42,3,11,0.06504760682582855,0.08680206537246704,1.3432016372680664
11000,mha,moe,42,3,12,0.06330810487270355,0.06323491781949997,1.3432016372680664
11000,mha,moe,42,3,13,0.050999756902456284,0.04314463958144188,1.3432016372680664
11000,mha,moe,42,3,14,0.07000122219324112,0.07955700159072876,1.3432016372680664
11000,mha,moe,42,3,15,0.08559081703424454,0.07731392979621887,1.3432016372680664
11000,mha,moe,42,4,0,0.056102294474840164,0.06165019050240517,1.1391749382019043
11000,mha,moe,42,4,1,0.05284423753619194,0.06666702032089233,1.1391749382019043
11000,mha,moe,42,4,2,0.049799803644418716,0.06480836868286133,1.1391749382019043
11000,mha,moe,42,4,3,0.09205810725688934,0.08498413115739822,1.1391749382019043
11000,mha,moe,42,4,4,0.07289184629917145,0.06573311984539032,1.1391749382019043
11000,mha,moe,42,4,5,0.07677856087684631,0.07229652255773544,1.1391749382019043
11000,mha,moe,42,4,6,0.05993408337235451,0.059685319662094116,1.1391749382019043
11000,mha,moe,42,4,7,0.04473510757088661,0.059760645031929016,1.1391749382019043
11000,mha,moe,42,4,8,0.055988769978284836,0.07256323099136353,1.1391749382019043
11000,mha,moe,42,4,9,0.036041259765625,0.03950181230902672,1.1391749382019043
11000,mha,moe,42,4,10,0.07945800572633743,0.06720101088285446,1.1391749382019043
11000,mha,moe,42,4,11,0.08845946937799454,0.07905688881874084,1.1391749382019043
11000,mha,moe,42,4,12,0.04770141467452049,0.04721871390938759,1.1391749382019043
11000,mha,moe,42,4,13,0.06443359702825546,0.054693132638931274,1.1391749382019043
11000,mha,moe,42,4,14,0.04833007976412773,0.03910830616950989,1.1391749382019043
11000,mha,moe,42,4,15,0.07444336265325546,0.06507154554128647,1.1391749382019043
11000,mha,moe,42,5,0,0.05805297940969467,0.0585925430059433,1.5719259977340698
11000,mha,moe,42,5,1,0.05765014514327049,0.05353265255689621,1.5719259977340698
11000,mha,moe,42,5,2,0.03170532360672951,0.05156504735350609,1.5719259977340698
11000,mha,moe,42,5,3,0.12564820051193237,0.09664177894592285,1.5719259977340698
11000,mha,moe,42,5,4,0.04537719860672951,0.05317407473921776,1.5719259977340698
11000,mha,moe,42,5,5,0.07603637874126434,0.07223106175661087,1.5719259977340698
11000,mha,moe,42,5,6,0.05588378757238388,0.0570826530456543,1.5719259977340698
11000,mha,moe,42,5,7,0.04619995132088661,0.05258927866816521,1.5719259977340698
11000,mha,moe,42,5,8,0.05107421800494194,0.05532842129468918,1.5719259977340698
11000,mha,moe,42,5,9,0.05760742351412773,0.049153946340084076,1.5719259977340698
11000,mha,moe,42,5,10,0.05510009825229645,0.0638774186372757,1.5719259977340698
11000,mha,moe,42,5,11,0.10545776039361954,0.0844900906085968,1.5719259977340698
11000,mha,moe,42,5,12,0.06186157092452049,0.06227430701255798,1.5719259977340698
11000,mha,moe,42,5,13,0.072601318359375,0.0882863774895668,1.5719259977340698
11000,mha,moe,42,5,14,0.05537109449505806,0.05556083843111992,1.5719259977340698
11000,mha,moe,42,5,15,0.04437255859375,0.045619476586580276,1.5719259977340698
11500,mha,moe,42,1,0,0.05791381746530533,0.07045579701662064,2.5017507076263428
11500,mha,moe,42,1,1,0.05296630784869194,0.06087799370288849,2.5017507076263428
11500,mha,moe,42,1,2,0.07407348603010178,0.06419076025485992,2.5017507076263428
11500,mha,moe,42,1,3,0.07586425542831421,0.060135215520858765,2.5017507076263428
11500,mha,moe,42,1,4,0.06575195491313934,0.061487749218940735,2.5017507076263428
11500,mha,moe,42,1,5,0.06992676109075546,0.05830112472176552,2.5017507076263428
11500,mha,moe,42,1,6,0.06914795190095901,0.06024783104658127,2.5017507076263428
11500,mha,moe,42,1,7,0.056269530206918716,0.062358733266592026,2.5017507076263428
11500,mha,moe,42,1,8,0.05340820178389549,0.061781615018844604,2.5017507076263428
11500,mha,moe,42,1,9,0.07246704399585724,0.060687147080898285,2.5017507076263428
11500,mha,moe,42,1,10,0.049244385212659836,0.06247369945049286,2.5017507076263428
11500,mha,moe,42,1,11,0.05804443359375,0.06392636895179749,2.5017507076263428
11500,mha,moe,42,1,12,0.0819409191608429,0.06790590286254883,2.5017507076263428
11500,mha,moe,42,1,13,0.06214355304837227,0.059329189360141754,2.5017507076263428
11500,mha,moe,42,1,14,0.048487547785043716,0.06119605153799057,2.5017507076263428
11500,mha,moe,42,1,15,0.05234985426068306,0.06464480608701706,2.5017507076263428
11500,mha,moe,42,2,0,0.05756836012005806,0.06649821251630783,1.694313406944275
11500,mha,moe,42,2,1,0.0668627917766571,0.06430026888847351,1.694313406944275
11500,mha,moe,42,2,2,0.06022827327251434,0.05393866077065468,1.694313406944275
11500,mha,moe,42,2,3,0.07852783054113388,0.0671127438545227,1.694313406944275
11500,mha,moe,42,2,4,0.07238159328699112,0.07978639006614685,1.694313406944275
11500,mha,moe,42,2,5,0.06801025569438934,0.06827537715435028,1.694313406944275
11500,mha,moe,42,2,6,0.06174926832318306,0.06380003690719604,1.694313406944275
11500,mha,moe,42,2,7,0.06962890923023224,0.05950290337204933,1.694313406944275
11500,mha,moe,42,2,8,0.07388550043106079,0.07173237949609756,1.694313406944275
11500,mha,moe,42,2,9,0.045646972954273224,0.05753302574157715,1.694313406944275
11500,mha,moe,42,2,10,0.04243164137005806,0.04816780984401703,1.694313406944275
11500,mha,moe,42,2,11,0.05670532211661339,0.06332552433013916,1.694313406944275
11500,mha,moe,42,2,12,0.05406005680561066,0.05243678018450737,1.694313406944275
11500,mha,moe,42,2,13,0.045356445014476776,0.04367266222834587,1.694313406944275
11500,mha,moe,42,2,14,0.07030639797449112,0.0711611807346344,1.694313406944275
11500,mha,moe,42,2,15,0.07665038853883743,0.06875603646039963,1.694313406944275
11500,mha,moe,42,3,0,0.054527588188648224,0.05343060567975044,1.3534926176071167
11500,mha,moe,42,3,1,0.08824951201677322,0.08233045786619186,1.3534926176071167
11500,mha,moe,42,3,2,0.06280151009559631,0.04986383020877838,1.3534926176071167
11500,mha,moe,42,3,3,0.035511475056409836,0.0382796972990036,1.3534926176071167
11500,mha,moe,42,3,4,0.05797973647713661,0.049315162003040314,1.3534926176071167
11500,mha,moe,42,3,5,0.07502563297748566,0.07079349458217621,1.3534926176071167
11500,mha,moe,42,3,6,0.04868163913488388,0.04515988752245903,1.3534926176071167
11500,mha,moe,42,3,7,0.05796875059604645,0.057042039930820465,1.3534926176071167
11500,mha,moe,42,3,8,0.0804455578327179,0.09656494110822678,1.3534926176071167
11500,mha,moe,42,3,9,0.039771728217601776,0.04952191188931465,1.3534926176071167
11500,mha,moe,42,3,10,0.061302490532398224,0.05740983411669731,1.3534926176071167
11500,mha,moe,42,3,11,0.06603271514177322,0.08627383410930634,1.3534926176071167
11500,mha,moe,42,3,12,0.06119018420577049,0.06261460483074188,1.3534926176071167
11500,mha,moe,42,3,13,0.052032470703125,0.044160012155771255,1.3534926176071167
11500,mha,moe,42,3,14,0.0718090832233429,0.08118725568056107,1.3534926176071167
11500,mha,moe,42,3,15,0.086669921875,0.07605239748954773,1.3534926176071167
11500,mha,moe,42,4,0,0.05734496936202049,0.06298219412565231,1.1402050256729126
11500,mha,moe,42,4,1,0.052637938410043716,0.06513693183660507,1.1402050256729126
11500,mha,moe,42,4,2,0.050750732421875,0.06468646228313446,1.1402050256729126
11500,mha,moe,42,4,3,0.09210815280675888,0.08489254117012024,1.1402050256729126
11500,mha,moe,42,4,4,0.07471679896116257,0.0684216320514679,1.1402050256729126
11500,mha,moe,42,4,5,0.07344238460063934,0.06913197785615921,1.1402050256729126
11500,mha,moe,42,4,6,0.06117798015475273,0.06155891343951225,1.1402050256729126
11500,mha,moe,42,4,7,0.04524902254343033,0.06044052168726921,1.1402050256729126
11500,mha,moe,42,4,8,0.05442993342876434,0.0701463520526886,1.1402050256729126
11500,mha,moe,42,4,9,0.035888671875,0.03951920196413994,1.1402050256729126
11500,mha,moe,42,4,10,0.07837890833616257,0.06626875698566437,1.1402050256729126
11500,mha,moe,42,4,11,0.08713012933731079,0.0791432112455368,1.1402050256729126
11500,mha,moe,42,4,12,0.04823608323931694,0.04704856500029564,1.1402050256729126
11500,mha,moe,42,4,13,0.06579101830720901,0.057073503732681274,1.1402050256729126
11500,mha,moe,42,4,14,0.04738769680261612,0.0382121205329895,1.1402050256729126
11500,mha,moe,42,4,15,0.07532958686351776,0.06533703953027725,1.1402050256729126
11500,mha,moe,42,5,0,0.059083253145217896,0.061013463884592056,1.5688257217407227
11500,mha,moe,42,5,1,0.05687255784869194,0.0522129200398922,1.5688257217407227
11500,mha,moe,42,5,2,0.030939942225813866,0.050248850136995316,1.5688257217407227
11500,mha,moe,42,5,3,0.12449219077825546,0.09689279645681381,1.5688257217407227
11500,mha,moe,42,5,4,0.04703368991613388,0.054091811180114746,1.5688257217407227
11500,mha,moe,42,5,5,0.07727538794279099,0.0728897824883461,1.5688257217407227
11500,mha,moe,42,5,6,0.05611938610672951,0.057520750910043716,1.5688257217407227
11500,mha,moe,42,5,7,0.04615966975688934,0.052586741745471954,1.5688257217407227
11500,mha,moe,42,5,8,0.053107909858226776,0.05651245638728142,1.5688257217407227
11500,mha,moe,42,5,9,0.060515135526657104,0.052982453256845474,1.5688257217407227
11500,mha,moe,42,5,10,0.05485351383686066,0.06319497525691986,1.5688257217407227
11500,mha,moe,42,5,11,0.1035449206829071,0.08050253242254257,1.5688257217407227
11500,mha,moe,42,5,12,0.06001098453998566,0.06144777312874794,1.5688257217407227
11500,mha,moe,42,5,13,0.07281127572059631,0.0883246511220932,1.5688257217407227
11500,mha,moe,42,5,14,0.05425048992037773,0.05487008020281792,1.5688257217407227
11500,mha,moe,42,5,15,0.04292968660593033,0.04470791667699814,1.5688257217407227
12000,mha,moe,42,1,0,0.06190551817417145,0.07306017726659775,2.4986629486083984
12000,mha,moe,42,1,1,0.04761718586087227,0.0594153106212616,2.4986629486083984
12000,mha,moe,42,1,2,0.06908691674470901,0.06165396794676781,2.4986629486083984
12000,mha,moe,42,1,3,0.07643310725688934,0.06027139723300934,2.4986629486083984
12000,mha,moe,42,1,4,0.06934692710638046,0.06337694823741913,2.4986629486083984
12000,mha,moe,42,1,5,0.07205566763877869,0.05986880138516426,2.4986629486083984
12000,mha,moe,42,1,6,0.0750109851360321,0.061906877905130386,2.4986629486083984
12000,mha,moe,42,1,7,0.052216798067092896,0.06019861623644829,2.4986629486083984
12000,mha,moe,42,1,8,0.05890868976712227,0.0654342845082283,2.4986629486083984
12000,mha,moe,42,1,9,0.05932861194014549,0.05604391172528267,2.4986629486083984
12000,mha,moe,42,1,10,0.049323730170726776,0.06208313629031181,2.4986629486083984
12000,mha,moe,42,1,11,0.06526855379343033,0.06543643772602081,2.4986629486083984
12000,mha,moe,42,1,12,0.0791308581829071,0.06739043444395065,2.4986629486083984
12000,mha,moe,42,1,13,0.05730957165360451,0.058719322085380554,2.4986629486083984
12000,mha,moe,42,1,14,0.04807373136281967,0.06035710498690605,2.4986629486083984
12000,mha,moe,42,1,15,0.058983154594898224,0.0647832378745079,2.4986629486083984
12000,mha,moe,42,2,0,0.06079711765050888,0.06791594624519348,1.7055401802062988
12000,mha,moe,42,2,1,0.06274169683456421,0.061073094606399536,1.7055401802062988
12000,mha,moe,42,2,2,0.05711425840854645,0.05240894854068756,1.7055401802062988
12000,mha,moe,42,2,3,0.07495727390050888,0.06378322839736938,1.7055401802062988
12000,mha,moe,42,2,4,0.0668652355670929,0.07468007504940033,1.7055401802062988
12000,mha,moe,42,2,5,0.0713183581829071,0.07173863053321838,1.7055401802062988
12000,mha,moe,42,2,6,0.05951537936925888,0.06214289367198944,1.7055401802062988
12000,mha,moe,42,2,7,0.06635620445013046,0.05742078274488449,1.7055401802062988
12000,mha,moe,42,2,8,0.07525268197059631,0.07344084978103638,1.7055401802062988
12000,mha,moe,42,2,9,0.045936278998851776,0.05774107575416565,1.7055401802062988
12000,mha,moe,42,2,10,0.04725830256938934,0.0508936308324337,1.7055401802062988
12000,mha,moe,42,2,11,0.06076293811202049,0.06738870590925217,1.7055401802062988
12000,mha,moe,42,2,12,0.053199462592601776,0.05262121558189392,1.7055401802062988
12000,mha,moe,42,2,13,0.04660400375723839,0.044698577374219894,1.7055401802062988
12000,mha,moe,42,2,14,0.0746777355670929,0.07409122586250305,1.7055401802062988
12000,mha,moe,42,2,15,0.07664306461811066,0.06796108186244965,1.7055401802062988
12000,mha,moe,42,3,0,0.05366821214556694,0.0523359589278698,1.3462203741073608
12000,mha,moe,42,3,1,0.09010741859674454,0.08422782272100449,1.3462203741073608
12000,mha,moe,42,3,2,0.06101684644818306,0.047876134514808655,1.3462203741073608
12000,mha,moe,42,3,3,0.03797607496380806,0.04122678190469742,1.3462203741073608
12000,mha,moe,42,3,4,0.054017335176467896,0.04695311188697815,1.3462203741073608
12000,mha,moe,42,3,5,0.07193847745656967,0.06836837530136108,1.3462203741073608
12000,mha,moe,42,3,6,0.053107909858226776,0.04929210618138313,1.3462203741073608
12000,mha,moe,42,3,7,0.0592041015625,0.05768827348947525,1.3462203741073608
12000,mha,moe,42,3,8,0.07880371063947678,0.09358679503202438,1.3462203741073608
12000,mha,moe,42,3,9,0.03917236253619194,0.04888330399990082,1.3462203741073608
12000,mha,moe,42,3,10,0.06492431461811066,0.06019167974591255,1.3462203741073608
12000,mha,moe,42,3,11,0.06315063685178757,0.08545035123825073,1.3462203741073608
12000,mha,moe,42,3,12,0.061610106378793716,0.0628376454114914,1.3462203741073608
12000,mha,moe,42,3,13,0.056163329631090164,0.0462832972407341,1.3462203741073608
12000,mha,moe,42,3,14,0.0686938464641571,0.07782448828220367,1.3462203741073608
12000,mha,moe,42,3,15,0.08644530922174454,0.07697390019893646,1.3462203741073608
12000,mha,moe,42,4,0,0.053339842706918716,0.05915071442723274,1.1295392513275146
12000,mha,moe,42,4,1,0.05425781384110451,0.06682126224040985,1.1295392513275146
12000,mha,moe,42,4,2,0.051756590604782104,0.06616359204053879,1.1295392513275146
12000,mha,moe,42,4,3,0.08997192233800888,0.08322538435459137,1.1295392513275146
12000,mha,moe,42,4,4,0.07215820252895355,0.06514111161231995,1.1295392513275146
12000,mha,moe,42,4,5,0.07260986417531967,0.06826474517583847,1.1295392513275146
12000,mha,moe,42,4,6,0.05964111164212227,0.059968434274196625,1.1295392513275146
12000,mha,moe,42,4,7,0.04253173992037773,0.05835654214024544,1.1295392513275146
12000,mha,moe,42,4,8,0.05360717698931694,0.07042240351438522,1.1295392513275146
12000,mha,moe,42,4,9,0.03649658337235451,0.04055764526128769,1.1295392513275146
12000,mha,moe,42,4,10,0.0791308581829071,0.0667363852262497,1.1295392513275146
12000,mha,moe,42,4,11,0.08987914770841599,0.080739825963974,1.1295392513275146
12000,mha,moe,42,4,12,0.04716552793979645,0.046117715537548065,1.1295392513275146
12000,mha,moe,42,4,13,0.07170531898736954,0.0621618926525116,1.1295392513275146
12000,mha,moe,42,4,14,0.048198241740465164,0.0390872061252594,1.1295392513275146
12000,mha,moe,42,4,15,0.07755004614591599,0.0670851394534111,1.1295392513275146
12000,mha,moe,42,5,0,0.05720214918255806,0.05959096550941467,1.5544610023498535
12000,mha,moe,42,5,1,0.05751587077975273,0.05303028225898743,1.5544610023498535
12000,mha,moe,42,5,2,0.031279295682907104,0.051143575459718704,1.5544610023498535
12000,mha,moe,42,5,3,0.12511231005191803,0.0963502898812294,1.5544610023498535
12000,mha,moe,42,5,4,0.04487670958042145,0.05188656970858574,1.5544610023498535
12000,mha,moe,42,5,5,0.07709717005491257,0.07296273112297058,1.5544610023498535
12000,mha,moe,42,5,6,0.05592407286167145,0.05715030059218407,1.5544610023498535
12000,mha,moe,42,5,7,0.04694458097219467,0.052993446588516235,1.5544610023498535
12000,mha,moe,42,5,8,0.05436035245656967,0.056588005274534225,1.5544610023498535
12000,mha,moe,42,5,9,0.061335448175668716,0.05350087210536003,1.5544610023498535
12000,mha,moe,42,5,10,0.051872558891773224,0.06004370376467705,1.5544610023498535
12000,mha,moe,42,5,11,0.1048596203327179,0.08402786403894424,1.5544610023498535
12000,mha,moe,42,5,12,0.05774780362844467,0.05876699462532997,1.5544610023498535
12000,mha,moe,42,5,13,0.07204955816268921,0.08838268369436264,1.5544610023498535
12000,mha,moe,42,5,14,0.05677978694438934,0.05767856538295746,1.5544610023498535
12000,mha,moe,42,5,15,0.045042723417282104,0.045903176069259644,1.5544610023498535
12500,mha,moe,42,1,0,0.05277831852436066,0.06954045593738556,2.497863531112671
12500,mha,moe,42,1,1,0.04637451097369194,0.05885611101984978,2.497863531112671
12500,mha,moe,42,1,2,0.06985961645841599,0.06238481402397156,2.497863531112671
12500,mha,moe,42,1,3,0.07631225883960724,0.06075837463140488,2.497863531112671
12500,mha,moe,42,1,4,0.06690063327550888,0.06299993395805359,2.497863531112671
12500,mha,moe,42,1,5,0.07586059719324112,0.06163213774561882,2.497863531112671
12500,mha,moe,42,1,6,0.0650012195110321,0.05957935005426407,2.497863531112671
12500,mha,moe,42,1,7,0.05655761808156967,0.062496334314346313,2.497863531112671
12500,mha,moe,42,1,8,0.055531006306409836,0.06408815830945969,2.497863531112671
12500,mha,moe,42,1,9,0.0666186511516571,0.059097953140735626,2.497863531112671
12500,mha,moe,42,1,10,0.05076538026332855,0.06288950145244598,2.497863531112671
12500,mha,moe,42,1,11,0.06163085997104645,0.06495203077793121,2.497863531112671
12500,mha,moe,42,1,12,0.07805786281824112,0.06627032160758972,2.497863531112671
12500,mha,moe,42,1,13,0.05888061597943306,0.05865256488323212,2.497863531112671
12500,mha,moe,42,1,14,0.06743407994508743,0.061482395976781845,2.497863531112671
12500,mha,moe,42,1,15,0.05143676698207855,0.06431958824396133,2.497863531112671
12500,mha,moe,42,2,0,0.060118407011032104,0.06778069585561752,1.6952767372131348
12500,mha,moe,42,2,1,0.06586670130491257,0.06261977553367615,1.6952767372131348
12500,mha,moe,42,2,2,0.058616943657398224,0.05278727039694786,1.6952767372131348
12500,mha,moe,42,2,3,0.078033447265625,0.06620503216981888,1.6952767372131348
12500,mha,moe,42,2,4,0.06959716975688934,0.07685408741235733,1.6952767372131348
12500,mha,moe,42,2,5,0.07073730230331421,0.07124186307191849,1.6952767372131348
12500,mha,moe,42,2,6,0.06132568418979645,0.0634566992521286,1.6952767372131348
12500,mha,moe,42,2,7,0.06463623046875,0.05595896765589714,1.6952767372131348
12500,mha,moe,42,2,8,0.07438110560178757,0.07188087701797485,1.6952767372131348
12500,mha,moe,42,2,9,0.047001954168081284,0.0593925379216671,1.6952767372131348
12500,mha,moe,42,2,10,0.045521240681409836,0.049452971667051315,1.6952767372131348
12500,mha,moe,42,2,11,0.057899169623851776,0.06434899568557739,1.6952767372131348
12500,mha,moe,42,2,12,0.052581787109375,0.052210621535778046,1.6952767372131348
12500,mha,moe,42,2,13,0.045463867485523224,0.04425277188420296,1.6952767372131348
12500,mha,moe,42,2,14,0.07242920249700546,0.07341513782739639,1.6952767372131348
12500,mha,moe,42,2,15,0.07578979432582855,0.06814169883728027,1.6952767372131348
12500,mha,moe,42,3,0,0.05509887635707855,0.05370026081800461,1.3560160398483276
12500,mha,moe,42,3,1,0.08911987394094467,0.0841093435883522,1.3560160398483276
12500,mha,moe,42,3,2,0.06489624083042145,0.05110938102006912,1.3560160398483276
12500,mha,moe,42,3,3,0.036540526896715164,0.0400223582983017,1.3560160398483276
12500,mha,moe,42,3,4,0.06052978336811066,0.050473012030124664,1.3560160398483276
12500,mha,moe,42,3,5,0.07596924155950546,0.07123442739248276,1.3560160398483276
12500,mha,moe,42,3,6,0.049982909113168716,0.04637530818581581,1.3560160398483276
12500,mha,moe,42,3,7,0.05629516765475273,0.05515626445412636,1.3560160398483276
12500,mha,moe,42,3,8,0.07870727777481079,0.09386315196752548,1.3560160398483276
12500,mha,moe,42,3,9,0.038421630859375,0.04807005077600479,1.3560160398483276
12500,mha,moe,42,3,10,0.06087280437350273,0.05779106169939041,1.3560160398483276
12500,mha,moe,42,3,11,0.06305908411741257,0.08436086773872375,1.3560160398483276
12500,mha,moe,42,3,12,0.06204833835363388,0.06384357064962387,1.3560160398483276
12500,mha,moe,42,3,13,0.05460571125149727,0.045576855540275574,1.3560160398483276
12500,mha,moe,42,3,14,0.06903442740440369,0.07974106073379517,1.3560160398483276
12500,mha,moe,42,3,15,0.08481811732053757,0.07457306236028671,1.3560160398483276
12500,mha,moe,42,4,0,0.054936524480581284,0.05995872989296913,1.1420131921768188
12500,mha,moe,42,4,1,0.052391357719898224,0.06412018090486526,1.1420131921768188
12500,mha,moe,42,4,2,0.05099121108651161,0.06555980443954468,1.1420131921768188
12500,mha,moe,42,4,3,0.09312744438648224,0.08657915890216827,1.1420131921768188
12500,mha,moe,42,4,4,0.0727856457233429,0.06557098031044006,1.1420131921768188
12500,mha,moe,42,4,5,0.07383789122104645,0.06920964270830154,1.1420131921768188
12500,mha,moe,42,4,6,0.06047363206744194,0.06182318180799484,1.1420131921768188
12500,mha,moe,42,4,7,0.04475586116313934,0.0605032779276371,1.1420131921768188
12500,mha,moe,42,4,8,0.05500976741313934,0.0712999552488327,1.1420131921768188
12500,mha,moe,42,4,9,0.03782958909869194,0.041180986911058426,1.1420131921768188
12500,mha,moe,42,4,10,0.07841797173023224,0.06604313105344772,1.1420131921768188
12500,mha,moe,42,4,11,0.08744750916957855,0.07788873463869095,1.1420131921768188
12500,mha,moe,42,4,12,0.049736328423023224,0.04906938970088959,1.1420131921768188
12500,mha,moe,42,4,13,0.06682983040809631,0.058400169014930725,1.1420131921768188
12500,mha,moe,42,4,14,0.04815917834639549,0.03817136958241463,1.1420131921768188
12500,mha,moe,42,4,15,0.07327026128768921,0.06462128460407257,1.1420131921768188
12500,mha,moe,42,5,0,0.057526856660842896,0.058800216764211655,1.5619022846221924
12500,mha,moe,42,5,1,0.05744995176792145,0.05290673300623894,1.5619022846221924
12500,mha,moe,42,5,2,0.030726319178938866,0.050498899072408676,1.5619022846221924
12500,mha,moe,42,5,3,0.12478882074356079,0.09667005389928818,1.5619022846221924
12500,mha,moe,42,5,4,0.04555298015475273,0.05273667350411415,1.5619022846221924
12500,mha,moe,42,5,5,0.07341430336236954,0.07124647498130798,1.5619022846221924
12500,mha,moe,42,5,6,0.060821533203125,0.06023252010345459,1.5619022846221924
12500,mha,moe,42,5,7,0.04630126804113388,0.05195935070514679,1.5619022846221924
12500,mha,moe,42,5,8,0.051513671875,0.054704856127500534,1.5619022846221924
12500,mha,moe,42,5,9,0.05971069261431694,0.05211302638053894,1.5619022846221924
12500,mha,moe,42,5,10,0.05550537258386612,0.0644121766090393,1.5619022846221924
12500,mha,moe,42,5,11,0.10378173738718033,0.08156608790159225,1.5619022846221924
12500,mha,moe,42,5,12,0.061552733182907104,0.06284675002098083,1.5619022846221924
12500,mha,moe,42,5,13,0.07221069186925888,0.08717118948698044,1.5619022846221924
12500,mha,moe,42,5,14,0.056389160454273224,0.05768348649144173,1.5619022846221924
12500,mha,moe,42,5,15,0.042753905057907104,0.04445149376988411,1.5619022846221924
13000,mha,moe,42,1,0,0.056151121854782104,0.07053365558385849,2.4915266036987305
13000,mha,moe,42,1,1,0.05978637561202049,0.06189792603254318,2.4915266036987305
13000,mha,moe,42,1,2,0.07039306312799454,0.06273949891328812,2.4915266036987305
13000,mha,moe,42,1,3,0.07237670570611954,0.058393049985170364,2.4915266036987305
13000,mha,moe,42,1,4,0.0664990246295929,0.06208394840359688,2.4915266036987305
13000,mha,moe,42,1,5,0.07227417081594467,0.060342926532030106,2.4915266036987305
13000,mha,moe,42,1,6,0.06038207933306694,0.05855463445186615,2.4915266036987305
13000,mha,moe,42,1,7,0.05687621980905533,0.06348394602537155,2.4915266036987305
13000,mha,moe,42,1,8,0.05529541149735451,0.06279583275318146,2.4915266036987305
13000,mha,moe,42,1,9,0.06436523795127869,0.05897786095738411,2.4915266036987305
13000,mha,moe,42,1,10,0.059581298381090164,0.06499996781349182,2.4915266036987305
13000,mha,moe,42,1,11,0.060551758855581284,0.06533607840538025,2.4915266036987305
13000,mha,moe,42,1,12,0.07621948421001434,0.06557944416999817,2.4915266036987305
13000,mha,moe,42,1,13,0.056419678032398224,0.059038642793893814,2.4915266036987305
13000,mha,moe,42,1,14,0.06381592154502869,0.06156972423195839,2.4915266036987305
13000,mha,moe,42,1,15,0.049012452363967896,0.06367290765047073,2.4915266036987305
13000,mha,moe,42,2,0,0.060954589396715164,0.06818518042564392,1.706985592842102
13000,mha,moe,42,2,1,0.06616821140050888,0.06243015453219414,1.706985592842102
13000,mha,moe,42,2,2,0.06067870929837227,0.05465905740857124,1.706985592842102
13000,mha,moe,42,2,3,0.07687133550643921,0.06457196921110153,1.706985592842102
13000,mha,moe,42,2,4,0.06809204071760178,0.07503345608711243,1.706985592842102
13000,mha,moe,42,2,5,0.07123290747404099,0.07156047224998474,1.706985592842102
13000,mha,moe,42,2,6,0.06086181476712227,0.062414541840553284,1.706985592842102
13000,mha,moe,42,2,7,0.06518066674470901,0.056837376207113266,1.706985592842102
13000,mha,moe,42,2,8,0.0723278820514679,0.06964786350727081,1.706985592842102
13000,mha,moe,42,2,9,0.04852538928389549,0.060565028339624405,1.706985592842102
13000,mha,moe,42,2,10,0.04447753727436066,0.0497753769159317,1.706985592842102
13000,mha,moe,42,2,11,0.06064086779952049,0.06673221290111542,1.706985592842102
13000,mha,moe,42,2,12,0.05333496257662773,0.05313052982091904,1.706985592842102
13000,mha,moe,42,2,13,0.044921875,0.043165422976017,1.706985592842102
13000,mha,moe,42,2,14,0.07285400480031967,0.07472017407417297,1.706985592842102
13000,mha,moe,42,2,15,0.0728771984577179,0.0665711835026741,1.706985592842102
13000,mha,moe,42,3,0,0.05305297672748566,0.05208740755915642,1.3568702936172485
13000,mha,moe,42,3,1,0.0893872082233429,0.08425121009349823,1.3568702936172485
13000,mha,moe,42,3,2,0.06238159164786339,0.04969470575451851,1.3568702936172485
13000,mha,moe,42,3,3,0.03625122085213661,0.03935364633798599,1.3568702936172485
13000,mha,moe,42,3,4,0.06052978336811066,0.05088018998503685,1.3568702936172485
13000,mha,moe,42,3,5,0.07499267905950546,0.07082248479127884,1.3568702936172485
13000,mha,moe,42,3,6,0.051118165254592896,0.046834371984004974,1.3568702936172485
13000,mha,moe,42,3,7,0.058677978813648224,0.05777918919920921,1.3568702936172485
13000,mha,moe,42,3,8,0.07722900062799454,0.09144032746553421,1.3568702936172485
13000,mha,moe,42,3,9,0.03882202133536339,0.048810411244630814,1.3568702936172485
13000,mha,moe,42,3,10,0.06398071348667145,0.05978470668196678,1.3568702936172485
13000,mha,moe,42,3,11,0.06455566734075546,0.0862494632601738,1.3568702936172485
13000,mha,moe,42,3,12,0.06233398616313934,0.06334418058395386,1.3568702936172485
13000,mha,moe,42,3,13,0.05185180529952049,0.04325089603662491,1.3568702936172485
13000,mha,moe,42,3,14,0.07119262963533401,0.08028453588485718,1.3568702936172485
13000,mha,moe,42,3,15,0.08364257961511612,0.07513227313756943,1.3568702936172485
13000,mha,moe,42,4,0,0.05650146305561066,0.06157936155796051,1.1411259174346924
13000,mha,moe,42,4,1,0.05230956897139549,0.06589564681053162,1.1411259174346924
13000,mha,moe,42,4,2,0.052845459431409836,0.0667218416929245,1.1411259174346924
13000,mha,moe,42,4,3,0.09287475794553757,0.08680211752653122,1.1411259174346924
13000,mha,moe,42,4,4,0.07359985262155533,0.06626088917255402,1.1411259174346924
13000,mha,moe,42,4,5,0.07372192293405533,0.06988819688558578,1.1411259174346924
13000,mha,moe,42,4,6,0.05896972492337227,0.06048079580068588,1.1411259174346924
13000,mha,moe,42,4,7,0.044401854276657104,0.059788309037685394,1.1411259174346924
13000,mha,moe,42,4,8,0.053435057401657104,0.06955055892467499,1.1411259174346924
13000,mha,moe,42,4,9,0.036158446222543716,0.03957238793373108,1.1411259174346924
13000,mha,moe,42,4,10,0.07802124321460724,0.06570778042078018,1.1411259174346924
13000,mha,moe,42,4,11,0.0870959460735321,0.07834143936634064,1.1411259174346924
13000,mha,moe,42,4,12,0.04968017712235451,0.04823940619826317,1.1411259174346924
13000,mha,moe,42,4,13,0.06592651456594467,0.05604495480656624,1.1411259174346924
13000,mha,moe,42,4,14,0.049693603068590164,0.03929794579744339,1.1411259174346924
13000,mha,moe,42,4,15,0.07476440072059631,0.06582838296890259,1.1411259174346924
13000,mha,moe,42,5,0,0.05689331144094467,0.05815763399004936,1.569991111755371
13000,mha,moe,42,5,1,0.05918823182582855,0.054422568529844284,1.569991111755371
13000,mha,moe,42,5,2,0.03145385906100273,0.051816750317811966,1.569991111755371
13000,mha,moe,42,5,3,0.12355590611696243,0.09475937485694885,1.569991111755371
13000,mha,moe,42,5,4,0.04635253921151161,0.0535612627863884,1.569991111755371
13000,mha,moe,42,5,5,0.074981689453125,0.07178614288568497,1.569991111755371
13000,mha,moe,42,5,6,0.057349853217601776,0.058065637946128845,1.569991111755371
13000,mha,moe,42,5,7,0.04670044034719467,0.052629176527261734,1.569991111755371
13000,mha,moe,42,5,8,0.052458494901657104,0.05575086548924446,1.569991111755371
13000,mha,moe,42,5,9,0.060240477323532104,0.05214637890458107,1.569991111755371
13000,mha,moe,42,5,10,0.05474243313074112,0.06293289363384247,1.569991111755371
13000,mha,moe,42,5,11,0.10518188774585724,0.08302417397499084,1.569991111755371
13000,mha,moe,42,5,12,0.05926757678389549,0.060715168714523315,1.569991111755371
13000,mha,moe,42,5,13,0.07151611149311066,0.08816511929035187,1.569991111755371
13000,mha,moe,42,5,14,0.05580200254917145,0.05671583116054535,1.569991111755371
13000,mha,moe,42,5,15,0.04431518539786339,0.045351047068834305,1.569991111755371
13500,mha,moe,42,1,0,0.05650879070162773,0.07121267914772034,2.486811399459839
13500,mha,moe,42,1,1,0.05911865085363388,0.06207306683063507,2.486811399459839
13500,mha,moe,42,1,2,0.0648181140422821,0.0599786750972271,2.486811399459839
13500,mha,moe,42,1,3,0.07411987334489822,0.059975575655698776,2.486811399459839
13500,mha,moe,42,1,4,0.06514648348093033,0.06054377555847168,2.486811399459839
13500,mha,moe,42,1,5,0.07340697944164276,0.06097285449504852,2.486811399459839
13500,mha,moe,42,1,6,0.05934204161167145,0.058840394020080566,2.486811399459839
13500,mha,moe,42,1,7,0.056062012910842896,0.06266917288303375,2.486811399459839
13500,mha,moe,42,1,8,0.053551025688648224,0.06262966990470886,2.486811399459839
13500,mha,moe,42,1,9,0.07001831382513046,0.06056475266814232,2.486811399459839
13500,mha,moe,42,1,10,0.05343871936202049,0.06498298794031143,2.486811399459839
13500,mha,moe,42,1,11,0.05942748859524727,0.06522661447525024,2.486811399459839
13500,mha,moe,42,1,12,0.07500610500574112,0.06509477645158768,2.486811399459839
13500,mha,moe,42,1,13,0.06617431342601776,0.06016748771071434,2.486811399459839
13500,mha,moe,42,1,14,0.05938720703125,0.06045621261000633,2.486811399459839
13500,mha,moe,42,1,15,0.054473876953125,0.06461134552955627,2.486811399459839
13500,mha,moe,42,2,0,0.06254150718450546,0.07114002853631973,1.6895866394042969
13500,mha,moe,42,2,1,0.06876830756664276,0.06519241631031036,1.6895866394042969
13500,mha,moe,42,2,2,0.061107177287340164,0.05410837009549141,1.6895866394042969
13500,mha,moe,42,2,3,0.07751220464706421,0.06540042161941528,1.6895866394042969
13500,mha,moe,42,2,4,0.06987426429986954,0.07674544304609299,1.6895866394042969
13500,mha,moe,42,2,5,0.07021728157997131,0.0703258067369461,1.6895866394042969
13500,mha,moe,42,2,6,0.06059448421001434,0.06191631779074669,1.6895866394042969
13500,mha,moe,42,2,7,0.06499877572059631,0.05667108669877052,1.6895866394042969
13500,mha,moe,42,2,8,0.0742480456829071,0.07180938124656677,1.6895866394042969
13500,mha,moe,42,2,9,0.04413696378469467,0.05648289620876312,1.6895866394042969
13500,mha,moe,42,2,10,0.043677978217601776,0.04933127388358116,1.6895866394042969
13500,mha,moe,42,2,11,0.055573731660842896,0.06244191527366638,1.6895866394042969
13500,mha,moe,42,2,12,0.05441528186202049,0.054211292415857315,1.6895866394042969
13500,mha,moe,42,2,13,0.045185547322034836,0.043366335332393646,1.6895866394042969
13500,mha,moe,42,2,14,0.07354003936052322,0.07438740879297256,1.6895866394042969
13500,mha,moe,42,2,15,0.0736083984375,0.06646966189146042,1.6895866394042969
13500,mha,moe,42,3,0,0.055351562798023224,0.05371412634849548,1.3528584241867065
13500,mha,moe,42,3,1,0.09006469696760178,0.08455173671245575,1.3528584241867065
13500,mha,moe,42,3,2,0.06450561434030533,0.04998142644762993,1.3528584241867065
13500,mha,moe,42,3,3,0.03597656264901161,0.039220474660396576,1.3528584241867065
13500,mha,moe,42,3,4,0.059666749089956284,0.05049741268157959,1.3528584241867065
13500,mha,moe,42,3,5,0.07363403588533401,0.06973037123680115,1.3528584241867065
13500,mha,moe,42,3,6,0.050383299589157104,0.046845320612192154,1.3528584241867065
13500,mha,moe,42,3,7,0.05726440250873566,0.05704251304268837,1.3528584241867065
13500,mha,moe,42,3,8,0.07851684838533401,0.09296819567680359,1.3528584241867065
13500,mha,moe,42,3,9,0.039396971464157104,0.04931255429983139,1.3528584241867065
13500,mha,moe,42,3,10,0.05914062634110451,0.055897053331136703,1.3528584241867065
13500,mha,moe,42,3,11,0.06420043855905533,0.0850866436958313,1.3528584241867065
13500,mha,moe,42,3,12,0.06277710199356079,0.06336963176727295,1.3528584241867065
13500,mha,moe,42,3,13,0.054627686738967896,0.045636363327503204,1.3528584241867065
13500,mha,moe,42,3,14,0.07021850347518921,0.07974886149168015,1.3528584241867065
13500,mha,moe,42,3,15,0.08427490293979645,0.07639730721712112,1.3528584241867065
13500,mha,moe,42,4,0,0.056175537407398224,0.062181711196899414,1.136171817779541
13500,mha,moe,42,4,1,0.053563233464956284,0.06626417487859726,1.136171817779541
13500,mha,moe,42,4,2,0.05130859464406967,0.06528075039386749,1.136171817779541
13500,mha,moe,42,4,3,0.0933850109577179,0.08731004595756531,1.136171817779541
13500,mha,moe,42,4,4,0.07216674834489822,0.06515172123908997,1.136171817779541
13500,mha,moe,42,4,5,0.07183227688074112,0.06756732612848282,1.136171817779541
13500,mha,moe,42,4,6,0.05940429866313934,0.06000324711203575,1.136171817779541
13500,mha,moe,42,4,7,0.043498534709215164,0.05935113877058029,1.136171817779541
13500,mha,moe,42,4,8,0.05426635593175888,0.07020319998264313,1.136171817779541
13500,mha,moe,42,4,9,0.037598878145217896,0.04148092120885849,1.136171817779541
13500,mha,moe,42,4,10,0.07981445640325546,0.06675749272108078,1.136171817779541
13500,mha,moe,42,4,11,0.08932861685752869,0.07939247786998749,1.136171817779541
13500,mha,moe,42,4,12,0.04921020567417145,0.0483320914208889,1.136171817779541
13500,mha,moe,42,4,13,0.06801147758960724,0.05859261378645897,1.136171817779541
13500,mha,moe,42,4,14,0.04836425930261612,0.038937438279390335,1.136171817779541
13500,mha,moe,42,4,15,0.07207152992486954,0.06319368630647659,1.136171817779541
13500,mha,moe,42,5,0,0.059478759765625,0.061676979064941406,1.5585501194000244
13500,mha,moe,42,5,1,0.05743774399161339,0.0521073192358017,1.5585501194000244
13500,mha,moe,42,5,2,0.029499512165784836,0.04923798143863678,1.5585501194000244
13500,mha,moe,42,5,3,0.12316527962684631,0.09418311715126038,1.5585501194000244
13500,mha,moe,42,5,4,0.047252196818590164,0.05450021103024483,1.5585501194000244
13500,mha,moe,42,5,5,0.07496826350688934,0.07232917100191116,1.5585501194000244
13500,mha,moe,42,5,6,0.05685668811202049,0.057564619928598404,1.5585501194000244
13500,mha,moe,42,5,7,0.047343749552965164,0.05390148237347603,1.5585501194000244
13500,mha,moe,42,5,8,0.053374022245407104,0.05660106986761093,1.5585501194000244
13500,mha,moe,42,5,9,0.05752197280526161,0.05021393671631813,1.5585501194000244
13500,mha,moe,42,5,10,0.05638793855905533,0.06417661160230637,1.5585501194000244
13500,mha,moe,42,5,11,0.10534179955720901,0.08320631831884384,1.5585501194000244
13500,mha,moe,42,5,12,0.06046874821186066,0.06133168190717697,1.5585501194000244
13500,mha,moe,42,5,13,0.07219360023736954,0.08874613791704178,1.5585501194000244
13500,mha,moe,42,5,14,0.05616576969623566,0.05603322386741638,1.5585501194000244
13500,mha,moe,42,5,15,0.04254394397139549,0.04419013485312462,1.5585501194000244
14000,mha,moe,42,1,0,0.05367065593600273,0.07039950788021088,2.481839895248413
14000,mha,moe,42,1,1,0.06444824486970901,0.06228160485625267,2.481839895248413
14000,mha,moe,42,1,2,0.06411498785018921,0.060088638216257095,2.481839895248413
14000,mha,moe,42,1,3,0.07136718928813934,0.058723460882902145,2.481839895248413
14000,mha,moe,42,1,4,0.06641967594623566,0.06283703446388245,2.481839895248413
14000,mha,moe,42,1,5,0.07057251036167145,0.059930600225925446,2.481839895248413
14000,mha,moe,42,1,6,0.060816649347543716,0.05943863466382027,2.481839895248413
14000,mha,moe,42,1,7,0.05908813327550888,0.0640791729092598,2.481839895248413
14000,mha,moe,42,1,8,0.052332762628793716,0.06160401180386543,2.481839895248413
14000,mha,moe,42,1,9,0.07138671725988388,0.061522115021944046,2.481839895248413
14000,mha,moe,42,1,10,0.052989501506090164,0.06383214145898819,2.481839895248413
14000,mha,moe,42,1,11,0.059904783964157104,0.0653860867023468,2.481839895248413
14000,mha,moe,42,1,12,0.07614623755216599,0.0656207799911499,2.481839895248413
14000,mha,moe,42,1,13,0.059962157160043716,0.05869010463356972,2.481839895248413
14000,mha,moe,42,1,14,0.05796875059604645,0.05965261533856392,2.481839895248413
14000,mha,moe,42,1,15,0.05881103500723839,0.06591351330280304,2.481839895248413
14000,mha,moe,42,2,0,0.06119750812649727,0.06919115781784058,1.6950112581253052
14000,mha,moe,42,2,1,0.06632934510707855,0.06254122406244278,1.6950112581253052
14000,mha,moe,42,2,2,0.05963378772139549,0.05336828529834747,1.6950112581253052
14000,mha,moe,42,2,3,0.07631591707468033,0.065288245677948,1.6950112581253052
14000,mha,moe,42,2,4,0.06847045570611954,0.0763564258813858,1.6950112581253052
14000,mha,moe,42,2,5,0.0698229968547821,0.07033340632915497,1.6950112581253052
14000,mha,moe,42,2,6,0.05936279147863388,0.06143010035157204,1.6950112581253052
14000,mha,moe,42,2,7,0.06887450814247131,0.05918745696544647,1.6950112581253052
14000,mha,moe,42,2,8,0.07307128608226776,0.07089374214410782,1.6950112581253052
14000,mha,moe,42,2,9,0.046722412109375,0.057579971849918365,1.6950112581253052
14000,mha,moe,42,2,10,0.04834350571036339,0.05206333100795746,1.6950112581253052
14000,mha,moe,42,2,11,0.05820678547024727,0.06484746187925339,1.6950112581253052
14000,mha,moe,42,2,12,0.05103393644094467,0.05180176720023155,1.6950112581253052
14000,mha,moe,42,2,13,0.04441650211811066,0.04363221675157547,1.6950112581253052
14000,mha,moe,42,2,14,0.07306396216154099,0.07424040138721466,1.6950112581253052
14000,mha,moe,42,2,15,0.07513427734375,0.06724479049444199,1.6950112581253052
14000,mha,moe,42,3,0,0.05528320372104645,0.053789421916007996,1.3608735799789429
14000,mha,moe,42,3,1,0.08836670219898224,0.08290649205446243,1.3608735799789429
14000,mha,moe,42,3,2,0.06386352330446243,0.05022909492254257,1.3608735799789429
14000,mha,moe,42,3,3,0.03870971500873566,0.04153147339820862,1.3608735799789429
14000,mha,moe,42,3,4,0.05995849519968033,0.05069802328944206,1.3608735799789429
14000,mha,moe,42,3,5,0.07319824397563934,0.06915588676929474,1.3608735799789429
14000,mha,moe,42,3,6,0.04939941316843033,0.046438220888376236,1.3608735799789429
14000,mha,moe,42,3,7,0.05778320133686066,0.057662248611450195,1.3608735799789429
14000,mha,moe,42,3,8,0.07724243402481079,0.09176380187273026,1.3608735799789429
14000,mha,moe,42,3,9,0.037596434354782104,0.04737446457147598,1.3608735799789429
14000,mha,moe,42,3,10,0.06020263582468033,0.05657605826854706,1.3608735799789429
14000,mha,moe,42,3,11,0.06641357392072678,0.08726811408996582,1.3608735799789429
14000,mha,moe,42,3,12,0.062022704631090164,0.062393445521593094,1.3608735799789429
14000,mha,moe,42,3,13,0.056145019829273224,0.04756154492497444,1.3608735799789429
14000,mha,moe,42,3,14,0.06967895478010178,0.07903643697500229,1.3608735799789429
14000,mha,moe,42,3,15,0.0841357409954071,0.07561524957418442,1.3608735799789429
14000,mha,moe,42,4,0,0.05513671785593033,0.06047316640615463,1.1429722309112549
14000,mha,moe,42,4,1,0.052775878459215164,0.06541862338781357,1.1429722309112549
14000,mha,moe,42,4,2,0.053809814155101776,0.06709910184144974,1.1429722309112549
14000,mha,moe,42,4,3,0.09353271126747131,0.08709971606731415,1.1429722309112549
14000,mha,moe,42,4,4,0.07445068657398224,0.06731786578893661,1.1429722309112549
14000,mha,moe,42,4,5,0.07286010682582855,0.06821197271347046,1.1429722309112549
14000,mha,moe,42,4,6,0.059270020574331284,0.06157900020480156,1.1429722309112549
14000,mha,moe,42,4,7,0.04539550840854645,0.0604686513543129,1.1429722309112549
14000,mha,moe,42,4,8,0.05453125014901161,0.07043998688459396,1.1429722309112549
14000,mha,moe,42,4,9,0.03830322250723839,0.04191016033291817,1.1429722309112549
14000,mha,moe,42,4,10,0.07507934421300888,0.06270778924226761,1.1429722309112549
14000,mha,moe,42,4,11,0.08803711086511612,0.07809813320636749,1.1429722309112549
14000,mha,moe,42,4,12,0.04707153141498566,0.0471162423491478,1.1429722309112549
14000,mha,moe,42,4,13,0.06707153469324112,0.05796324089169502,1.1429722309112549
14000,mha,moe,42,4,14,0.04950927570462227,0.040064215660095215,1.1429722309112549
14000,mha,moe,42,4,15,0.07316528260707855,0.06403214484453201,1.1429722309112549
14000,mha,moe,42,5,0,0.05717529356479645,0.05919738858938217,1.5611083507537842
14000,mha,moe,42,5,1,0.06040893495082855,0.056170616298913956,1.5611083507537842
14000,mha,moe,42,5,2,0.030992431566119194,0.050903696566820145,1.5611083507537842
14000,mha,moe,42,5,3,0.12298950552940369,0.09488017112016678,1.5611083507537842
14000,mha,moe,42,5,4,0.046318359673023224,0.0540178045630455,1.5611083507537842
14000,mha,moe,42,5,5,0.07503540068864822,0.07204356044530869,1.5611083507537842
14000,mha,moe,42,5,6,0.05849243327975273,0.0587838739156723,1.5611083507537842
14000,mha,moe,42,5,7,0.046562500298023224,0.052372027188539505,1.5611083507537842
14000,mha,moe,42,5,8,0.05443969741463661,0.05795041099190712,1.5611083507537842
14000,mha,moe,42,5,9,0.05858398601412773,0.05111919716000557,1.5611083507537842
14000,mha,moe,42,5,10,0.05387939512729645,0.06209775060415268,1.5611083507537842
14000,mha,moe,42,5,11,0.1035778820514679,0.08084604889154434,1.5611083507537842
14000,mha,moe,42,5,12,0.06122680753469467,0.06221545860171318,1.5611083507537842
14000,mha,moe,42,5,13,0.0702502429485321,0.08584035933017731,1.5611083507537842
14000,mha,moe,42,5,14,0.05690673738718033,0.05722297355532646,1.5611083507537842
14000,mha,moe,42,5,15,0.04316040128469467,0.04433870315551758,1.5611083507537842
14500,mha,moe,42,1,0,0.05787353590130806,0.07163015007972717,2.478562116622925
14500,mha,moe,42,1,1,0.058385010808706284,0.06090575084090233,2.478562116622925
14500,mha,moe,42,1,2,0.07051147520542145,0.06332778930664062,2.478562116622925
14500,mha,moe,42,1,3,0.06922729313373566,0.057995688170194626,2.478562116622925
14500,mha,moe,42,1,4,0.0659191906452179,0.06234688684344292,2.478562116622925
14500,mha,moe,42,1,5,0.06955932825803757,0.05949079617857933,2.478562116622925
14500,mha,moe,42,1,6,0.06010375916957855,0.05872491002082825,2.478562116622925
14500,mha,moe,42,1,7,0.058385010808706284,0.06302842497825623,2.478562116622925
14500,mha,moe,42,1,8,0.05466919019818306,0.06419908255338669,2.478562116622925
14500,mha,moe,42,1,9,0.07358642667531967,0.061919182538986206,2.478562116622925
14500,mha,moe,42,1,10,0.05223388597369194,0.06409094482660294,2.478562116622925
14500,mha,moe,42,1,11,0.05988891422748566,0.06499872356653214,2.478562116622925
14500,mha,moe,42,1,12,0.07489258050918579,0.06521477550268173,2.478562116622925
14500,mha,moe,42,1,13,0.05401001125574112,0.05726146325469017,2.478562116622925
14500,mha,moe,42,1,14,0.06116943433880806,0.059028614312410355,2.478562116622925
14500,mha,moe,42,1,15,0.05958496034145355,0.0658368244767189,2.478562116622925
14500,mha,moe,42,2,0,0.06003051623702049,0.06870658695697784,1.69319486618042
14500,mha,moe,42,2,1,0.06535278260707855,0.061784472316503525,1.69319486618042
14500,mha,moe,42,2,2,0.060820311307907104,0.054158128798007965,1.69319486618042
14500,mha,moe,42,2,3,0.07526122778654099,0.06340319663286209,1.69319486618042
14500,mha,moe,42,2,4,0.06803222745656967,0.07566845417022705,1.69319486618042
14500,mha,moe,42,2,5,0.06926757842302322,0.06971882283687592,1.69319486618042
14500,mha,moe,42,2,6,0.058903809636831284,0.06174580007791519,1.69319486618042
14500,mha,moe,42,2,7,0.0698559582233429,0.060483869165182114,1.69319486618042
14500,mha,moe,42,2,8,0.0729052722454071,0.07080473005771637,1.69319486618042
14500,mha,moe,42,2,9,0.046550292521715164,0.05882811173796654,1.69319486618042
14500,mha,moe,42,2,10,0.047480467706918716,0.051762212067842484,1.69319486618042
14500,mha,moe,42,2,11,0.059147950261831284,0.0656246617436409,1.69319486618042
14500,mha,moe,42,2,12,0.05224975571036339,0.05196879059076309,1.69319486618042
14500,mha,moe,42,2,13,0.04638915881514549,0.04408349469304085,1.69319486618042
14500,mha,moe,42,2,14,0.07360595464706421,0.0748048648238182,1.69319486618042
14500,mha,moe,42,2,15,0.07414672523736954,0.06645380705595016,1.69319486618042
14500,mha,moe,42,3,0,0.05470947176218033,0.053640056401491165,1.3597967624664307
14500,mha,moe,42,3,1,0.08863769471645355,0.08322221040725708,1.3597967624664307
14500,mha,moe,42,3,2,0.061979979276657104,0.04841044545173645,1.3597967624664307
14500,mha,moe,42,3,3,0.03782592713832855,0.0405798964202404,1.3597967624664307
14500,mha,moe,42,3,4,0.060883790254592896,0.05215223878622055,1.3597967624664307
14500,mha,moe,42,3,5,0.07405639439821243,0.07007601857185364,1.3597967624664307
14500,mha,moe,42,3,6,0.05100708082318306,0.04771747440099716,1.3597967624664307
14500,mha,moe,42,3,7,0.059410400688648224,0.05858121067285538,1.3597967624664307
14500,mha,moe,42,3,8,0.07563476264476776,0.0909401997923851,1.3597967624664307
14500,mha,moe,42,3,9,0.038823243230581284,0.049020905047655106,1.3597967624664307
14500,mha,moe,42,3,10,0.059661865234375,0.05658847466111183,1.3597967624664307
14500,mha,moe,42,3,11,0.06627563387155533,0.08602214604616165,1.3597967624664307
14500,mha,moe,42,3,12,0.06367798149585724,0.06362121552228928,1.3597967624664307
14500,mha,moe,42,3,13,0.054814454168081284,0.04622848331928253,1.3597967624664307
14500,mha,moe,42,3,14,0.06886230409145355,0.07765644043684006,1.3597967624664307
14500,mha,moe,42,3,15,0.0837390124797821,0.07554257661104202,1.3597967624664307
14500,mha,moe,42,4,0,0.05584960803389549,0.06090925261378288,1.1406097412109375
14500,mha,moe,42,4,1,0.053889159113168716,0.06598910689353943,1.1406097412109375
14500,mha,moe,42,4,2,0.05243530124425888,0.06572924554347992,1.1406097412109375
14500,mha,moe,42,4,3,0.09104125946760178,0.08487483114004135,1.1406097412109375
14500,mha,moe,42,4,4,0.0754101574420929,0.06792734563350677,1.1406097412109375
14500,mha,moe,42,4,5,0.07140014320611954,0.06751968711614609,1.1406097412109375
14500,mha,moe,42,4,6,0.058570556342601776,0.06048624962568283,1.1406097412109375
14500,mha,moe,42,4,7,0.043830566108226776,0.05938570201396942,1.1406097412109375
14500,mha,moe,42,4,8,0.056053467094898224,0.07199490070343018,1.1406097412109375
14500,mha,moe,42,4,9,0.03789917007088661,0.04189879447221756,1.1406097412109375
14500,mha,moe,42,4,10,0.07729492336511612,0.0651242807507515,1.1406097412109375
14500,mha,moe,42,4,11,0.0865771472454071,0.07740895450115204,1.1406097412109375
14500,mha,moe,42,4,12,0.04724487289786339,0.046084869652986526,1.1406097412109375
14500,mha,moe,42,4,13,0.06958984583616257,0.06108623370528221,1.1406097412109375
14500,mha,moe,42,4,14,0.04923339933156967,0.039232540875673294,1.1406097412109375
14500,mha,moe,42,4,15,0.07368042320013046,0.0643479973077774,1.1406097412109375
14500,mha,moe,42,5,0,0.05725952237844467,0.059056833386421204,1.5604338645935059
14500,mha,moe,42,5,1,0.058500975370407104,0.05338234081864357,1.5604338645935059
14500,mha,moe,42,5,2,0.030811768025159836,0.05131251737475395,1.5604338645935059
14500,mha,moe,42,5,3,0.12235961854457855,0.09437179565429688,1.5604338645935059
14500,mha,moe,42,5,4,0.046546630561351776,0.05400152504444122,1.5604338645935059
14500,mha,moe,42,5,5,0.07329101860523224,0.0708441436290741,1.5604338645935059
14500,mha,moe,42,5,6,0.05894286930561066,0.05933178961277008,1.5604338645935059
14500,mha,moe,42,5,7,0.047108154743909836,0.0524919219315052,1.5604338645935059
14500,mha,moe,42,5,8,0.054901123046875,0.05826559662818909,1.5604338645935059
14500,mha,moe,42,5,9,0.060155030339956284,0.05285603553056717,1.5604338645935059
14500,mha,moe,42,5,10,0.05232299864292145,0.06089988350868225,1.5604338645935059
14500,mha,moe,42,5,11,0.10337646305561066,0.0821305438876152,1.5604338645935059
14500,mha,moe,42,5,12,0.05841308459639549,0.05947849899530411,1.5604338645935059
14500,mha,moe,42,5,13,0.0719897449016571,0.08717305213212967,1.5604338645935059
14500,mha,moe,42,5,14,0.056755371391773224,0.05686473473906517,1.5604338645935059
14500,mha,moe,42,5,15,0.04726562649011612,0.04753880202770233,1.5604338645935059
15000,mha,moe,42,1,0,0.05339965969324112,0.07030826807022095,2.4711716175079346
15000,mha,moe,42,1,1,0.06928710639476776,0.06294660270214081,2.4711716175079346
15000,mha,moe,42,1,2,0.07178711146116257,0.06446162611246109,2.4711716175079346
15000,mha,moe,42,1,3,0.06843872368335724,0.057517074048519135,2.4711716175079346
15000,mha,moe,42,1,4,0.06504150480031967,0.06131650134921074,2.4711716175079346
15000,mha,moe,42,1,5,0.06751342862844467,0.058634061366319656,2.4711716175079346
15000,mha,moe,42,1,6,0.06182251125574112,0.05960008502006531,2.4711716175079346
15000,mha,moe,42,1,7,0.06092529371380806,0.06493817269802094,2.4711716175079346
15000,mha,moe,42,1,8,0.05368408188223839,0.06276319175958633,2.4711716175079346
15000,mha,moe,42,1,9,0.06586913764476776,0.059751957654953,2.4711716175079346
15000,mha,moe,42,1,10,0.05440429598093033,0.06505841016769409,2.4711716175079346
15000,mha,moe,42,1,11,0.0625,0.06631544977426529,2.4711716175079346
15000,mha,moe,42,1,12,0.07314575463533401,0.06400451809167862,2.4711716175079346
15000,mha,moe,42,1,13,0.06402343511581421,0.05931767821311951,2.4711716175079346
15000,mha,moe,42,1,14,0.05799926817417145,0.059184350073337555,2.4711716175079346
15000,mha,moe,42,1,15,0.05015869066119194,0.06388205289840698,2.4711716175079346
15000,mha,moe,42,2,0,0.060863036662340164,0.06933724880218506,1.6884450912475586
15000,mha,moe,42,2,1,0.06645751744508743,0.06339721381664276,1.6884450912475586
15000,mha,moe,42,2,2,0.059056397527456284,0.05299887806177139,1.6884450912475586
15000,mha,moe,42,2,3,0.07729125767946243,0.06544318795204163,1.6884450912475586
15000,mha,moe,42,2,4,0.06759033352136612,0.07510294020175934,1.6884450912475586
15000,mha,moe,42,2,5,0.06869994848966599,0.06864682585000992,1.6884450912475586
15000,mha,moe,42,2,6,0.05901245027780533,0.06112510338425636,1.6884450912475586
15000,mha,moe,42,2,7,0.06789550930261612,0.05888810008764267,1.6884450912475586
15000,mha,moe,42,2,8,0.07220946997404099,0.06957924365997314,1.6884450912475586
15000,mha,moe,42,2,9,0.04820190370082855,0.06017697975039482,1.6884450912475586
15000,mha,moe,42,2,10,0.04567260667681694,0.05056614428758621,1.6884450912475586
15000,mha,moe,42,2,11,0.059986572712659836,0.06581887602806091,1.6884450912475586
15000,mha,moe,42,2,12,0.05336914211511612,0.05304763838648796,1.6884450912475586
15000,mha,moe,42,2,13,0.04645141586661339,0.04411469027400017,1.6884450912475586
15000,mha,moe,42,2,14,0.07277343422174454,0.07456433027982712,1.6884450912475586
15000,mha,moe,42,2,15,0.07446899265050888,0.06719261407852173,1.6884450912475586
15000,mha,moe,42,3,0,0.05424194410443306,0.053184837102890015,1.3622745275497437
15000,mha,moe,42,3,1,0.08789429068565369,0.08229605853557587,1.3622745275497437
15000,mha,moe,42,3,2,0.06476196646690369,0.050485581159591675,1.3622745275497437
15000,mha,moe,42,3,3,0.03849609196186066,0.04179345443844795,1.3622745275497437
15000,mha,moe,42,3,4,0.060065917670726776,0.051149945706129074,1.3622745275497437
15000,mha,moe,42,3,5,0.07311034947633743,0.06986426562070847,1.3622745275497437
15000,mha,moe,42,3,6,0.051673583686351776,0.048134174197912216,1.3622745275497437
15000,mha,moe,42,3,7,0.058564454317092896,0.05830330401659012,1.3622745275497437
15000,mha,moe,42,3,8,0.07706543058156967,0.09188424795866013,1.3622745275497437
15000,mha,moe,42,3,9,0.03933471813797951,0.04869828373193741,1.3622745275497437
15000,mha,moe,42,3,10,0.059132080525159836,0.05616708844900131,1.3622745275497437
15000,mha,moe,42,3,11,0.06491455435752869,0.08522728830575943,1.3622745275497437
15000,mha,moe,42,3,12,0.06282470375299454,0.06267553567886353,1.3622745275497437
15000,mha,moe,42,3,13,0.05461791902780533,0.04582926630973816,1.3622745275497437
15000,mha,moe,42,3,14,0.06967529654502869,0.07935573905706406,1.3622745275497437
15000,mha,moe,42,3,15,0.08362670987844467,0.0749509409070015,1.3622745275497437
15000,mha,moe,42,4,0,0.055424805730581284,0.060748372226953506,1.1478352546691895
15000,mha,moe,42,4,1,0.053760986775159836,0.06642775982618332,1.1478352546691895
15000,mha,moe,42,4,2,0.051793213933706284,0.06526142358779907,1.1478352546691895
15000,mha,moe,42,4,3,0.09156982600688934,0.08522912114858627,1.1478352546691895
15000,mha,moe,42,4,4,0.07307739555835724,0.06693556159734726,1.1478352546691895
15000,mha,moe,42,4,5,0.07121582329273224,0.06741742789745331,1.1478352546691895
15000,mha,moe,42,4,6,0.06118408218026161,0.0622527040541172,1.1478352546691895
15000,mha,moe,42,4,7,0.04492431506514549,0.06002519652247429,1.1478352546691895
15000,mha,moe,42,4,8,0.054291993379592896,0.06970987468957901,1.1478352546691895
15000,mha,moe,42,4,9,0.037940673530101776,0.04211129993200302,1.1478352546691895
15000,mha,moe,42,4,10,0.07752685248851776,0.06548187136650085,1.1478352546691895
15000,mha,moe,42,4,11,0.08772704750299454,0.07746776938438416,1.1478352546691895
15000,mha,moe,42,4,12,0.048759765923023224,0.048092667013406754,1.1478352546691895
15000,mha,moe,42,4,13,0.06799560785293579,0.058400992304086685,1.1478352546691895
15000,mha,moe,42,4,14,0.049565430730581284,0.04041849449276924,1.1478352546691895
15000,mha,moe,42,4,15,0.0732421875,0.06401950120925903,1.1478352546691895
15000,mha,moe,42,5,0,0.05799560621380806,0.05973713845014572,1.5578373670578003
15000,mha,moe,42,5,1,0.058948975056409836,0.054047685116529465,1.5578373670578003
15000,mha,moe,42,5,2,0.03120727464556694,0.05107952654361725,1.5578373670578003
15000,mha,moe,42,5,3,0.12152832001447678,0.09362545609474182,1.5578373670578003
15000,mha,moe,42,5,4,0.047901611775159836,0.055271800607442856,1.5578373670578003
15000,mha,moe,42,5,5,0.07469360530376434,0.07177214324474335,1.5578373670578003
15000,mha,moe,42,5,6,0.057927247136831284,0.05820648372173309,1.5578373670578003
15000,mha,moe,42,5,7,0.04664062336087227,0.05280288681387901,1.5578373670578003
15000,mha,moe,42,5,8,0.054259032011032104,0.05799032375216484,1.5578373670578003
15000,mha,moe,42,5,9,0.060236815363168716,0.05268210917711258,1.5578373670578003
15000,mha,moe,42,5,10,0.053436279296875,0.06208469346165657,1.5578373670578003
15000,mha,moe,42,5,11,0.10232788324356079,0.07974319905042648,1.5578373670578003
15000,mha,moe,42,5,12,0.05990356579422951,0.06106359884142876,1.5578373670578003
15000,mha,moe,42,5,13,0.07067626714706421,0.08619597554206848,1.5578373670578003
15000,mha,moe,42,5,14,0.05821899324655533,0.05820825695991516,1.5578373670578003
15000,mha,moe,42,5,15,0.044097900390625,0.04548877105116844,1.5578373670578003
