iter,attn_mode,seed,layer,expert,selected_fraction,mean_probability,router_entropy
0,mla_norope,456,1,0,0.030547484755516052,0.04889063909649849,2.6297144889831543
0,mla_norope,456,1,1,0.07259318232536316,0.06688245385885239,2.6297144889831543
0,mla_norope,456,1,2,0.030772196128964424,0.05286001041531563,2.6297144889831543
0,mla_norope,456,1,3,0.039561767131090164,0.057824790477752686,2.6297144889831543
0,mla_norope,456,1,4,0.04247182235121727,0.05993504822254181,2.6297144889831543
0,mla_norope,456,1,5,0.0600210577249527,0.06479349732398987,2.6297144889831543
0,mla_norope,456,1,6,0.08000285178422928,0.06391768157482147,2.6297144889831543
0,mla_norope,456,1,7,0.08811900019645691,0.06483136862516403,2.6297144889831543
0,mla_norope,456,1,8,0.030871277675032616,0.0519721582531929,2.6297144889831543
0,mla_norope,456,1,9,0.05600494518876076,0.06238570436835289,2.6297144889831543
0,mla_norope,456,1,10,0.11005178093910217,0.07364755123853683,2.6297144889831543
0,mla_norope,456,1,11,0.11622772365808487,0.0760297030210495,2.6297144889831543
0,mla_norope,456,1,12,0.0790640264749527,0.07166115939617157,2.6297144889831543
0,mla_norope,456,1,13,0.024206440895795822,0.051652006804943085,2.6297144889831543
0,mla_norope,456,1,14,0.060531411319971085,0.06727036833763123,2.6297144889831543
0,mla_norope,456,1,15,0.07895304262638092,0.06544586271047592,2.6297144889831543
0,mla_norope,456,2,0,0.10729055106639862,0.0763765349984169,2.6323907375335693
0,mla_norope,456,2,1,0.03609110414981842,0.05650873854756355,2.6323907375335693
0,mla_norope,456,2,2,0.05544291064143181,0.0630832388997078,2.6323907375335693
0,mla_norope,456,2,3,0.09651967138051987,0.07392211258411407,2.6323907375335693
0,mla_norope,456,2,4,0.06687795370817184,0.06209883838891983,2.6323907375335693
0,mla_norope,456,2,5,0.029448851943016052,0.050464555621147156,2.6323907375335693
0,mla_norope,456,2,6,0.07482442259788513,0.06719718128442764,2.6323907375335693
0,mla_norope,456,2,7,0.009441019967198372,0.038941819220781326,2.6323907375335693
0,mla_norope,456,2,8,0.060737304389476776,0.0660867989063263,2.6323907375335693
0,mla_norope,456,2,9,0.059599608182907104,0.06484626233577728,2.6323907375335693
0,mla_norope,456,2,10,0.0557473748922348,0.06212667375802994,2.6323907375335693
0,mla_norope,456,2,11,0.03374196216464043,0.05545457825064659,2.6323907375335693
0,mla_norope,456,2,12,0.06941182166337967,0.06224523484706879,2.6323907375335693
0,mla_norope,456,2,13,0.08634083718061447,0.07068762183189392,2.6323907375335693
0,mla_norope,456,2,14,0.11949289590120316,0.07643680274486542,2.6323907375335693
0,mla_norope,456,2,15,0.03899170085787773,0.05352291092276573,2.6323907375335693
0,mla_norope,456,3,0,0.07497762143611908,0.07089554518461227,2.6114912033081055
0,mla_norope,456,3,1,0.036335550248622894,0.049234095960855484,2.6114912033081055
0,mla_norope,456,3,2,0.07720855623483658,0.06876340508460999,2.6114912033081055
0,mla_norope,456,3,3,0.1484897881746292,0.09413035959005356,2.6114912033081055
0,mla_norope,456,3,4,0.015629475936293602,0.043325427919626236,2.6114912033081055
0,mla_norope,456,3,5,0.05299631878733635,0.06278885155916214,2.6114912033081055
0,mla_norope,456,3,6,0.09440368413925171,0.07187746465206146,2.6114912033081055
0,mla_norope,456,3,7,0.03705251216888428,0.05630992725491524,2.6114912033081055
0,mla_norope,456,3,8,0.03366434574127197,0.050258029252290726,2.6114912033081055
0,mla_norope,456,3,9,0.10846801847219467,0.07876112312078476,2.6114912033081055
0,mla_norope,456,3,10,0.15433084964752197,0.08722624182701111,2.6114912033081055
0,mla_norope,456,3,11,0.010856221430003643,0.04312830790877342,2.6114912033081055
0,mla_norope,456,3,12,0.06506052613258362,0.063212089240551,2.6114912033081055
0,mla_norope,456,3,13,0.06328969448804855,0.06748537719249725,2.6114912033081055
0,mla_norope,456,3,14,0.009898783639073372,0.04403475299477577,2.6114912033081055
0,mla_norope,456,3,15,0.01733805425465107,0.04856881871819496,2.6114912033081055
0,mla_norope,456,4,0,0.028655700385570526,0.0521073080599308,2.633462429046631
0,mla_norope,456,4,1,0.07989756017923355,0.06675032526254654,2.633462429046631
0,mla_norope,456,4,2,0.01837056502699852,0.04749932140111923,2.633462429046631
0,mla_norope,456,4,3,0.05219370499253273,0.05697766691446304,2.633462429046631
0,mla_norope,456,4,4,0.08462412655353546,0.06746789067983627,2.633462429046631
0,mla_norope,456,4,5,0.034079283475875854,0.05109494924545288,2.633462429046631
0,mla_norope,456,4,6,0.07103383541107178,0.06610318273305893,2.633462429046631
0,mla_norope,456,4,7,0.09439198672771454,0.0726575180888176,2.633462429046631
0,mla_norope,456,4,8,0.05318064242601395,0.0613112710416317,2.633462429046631
0,mla_norope,456,4,9,0.05105855315923691,0.05997307598590851,2.633462429046631
0,mla_norope,456,4,10,0.07172485440969467,0.06880484521389008,2.633462429046631
0,mla_norope,456,4,11,0.035087380558252335,0.05511513352394104,2.633462429046631
0,mla_norope,456,4,12,0.05535237491130829,0.06401055306196213,2.633462429046631
0,mla_norope,456,4,13,0.06851623207330704,0.06452159583568573,2.633462429046631
0,mla_norope,456,4,14,0.11938059329986572,0.0775877982378006,2.633462429046631
0,mla_norope,456,4,15,0.08245259523391724,0.06801754981279373,2.633462429046631
0,mla_norope,456,5,0,0.0705183893442154,0.0685703381896019,2.6322758197784424
0,mla_norope,456,5,1,0.03332966938614845,0.05415477603673935,2.6322758197784424
0,mla_norope,456,5,2,0.09447988122701645,0.07448463886976242,2.6322758197784424
0,mla_norope,456,5,3,0.12113606929779053,0.07846654206514359,2.6322758197784424
0,mla_norope,456,5,4,0.03859324008226395,0.05429743975400925,2.6322758197784424
0,mla_norope,456,5,5,0.08723998814821243,0.07251961529254913,2.6322758197784424
0,mla_norope,456,5,6,0.007532043382525444,0.040805742144584656,2.6322758197784424
0,mla_norope,456,5,7,0.022774353623390198,0.04853416606783867,2.6322758197784424
0,mla_norope,456,5,8,0.06378519535064697,0.060147520154714584,2.6322758197784424
0,mla_norope,456,5,9,0.10988881438970566,0.0791122168302536,2.6322758197784424
0,mla_norope,456,5,10,0.05039520189166069,0.05774852633476257,2.6322758197784424
0,mla_norope,456,5,11,0.03944803774356842,0.054805006831884384,2.6322758197784424
0,mla_norope,456,5,12,0.07328084111213684,0.06566856056451797,2.6322758197784424
0,mla_norope,456,5,13,0.12986694276332855,0.08251375705003738,2.6322758197784424
0,mla_norope,456,5,14,0.025313517078757286,0.0525030680000782,2.6322758197784424
0,mla_norope,456,5,15,0.03241780772805214,0.055667996406555176,2.6322758197784424
500,mla_norope,456,1,0,0.029865620657801628,0.05208687484264374,2.2672502994537354
500,mla_norope,456,1,1,0.048479411751031876,0.052193496376276016,2.2672502994537354
500,mla_norope,456,1,2,0.07188405096530914,0.0671435296535492,2.2672502994537354
500,mla_norope,456,1,3,0.1069851666688919,0.07904978096485138,2.2672502994537354
500,mla_norope,456,1,4,0.07468017935752869,0.06265300512313843,2.2672502994537354
500,mla_norope,456,1,5,0.07741882652044296,0.06622225046157837,2.2672502994537354
500,mla_norope,456,1,6,0.06254394352436066,0.062195148319005966,2.2672502994537354
500,mla_norope,456,1,7,0.05908498167991638,0.0567002035677433,2.2672502994537354
500,mla_norope,456,1,8,0.049402568489313126,0.06495731323957443,2.2672502994537354
500,mla_norope,456,1,9,0.07404246181249619,0.06538055092096329,2.2672502994537354
500,mla_norope,456,1,10,0.05270945280790329,0.06141726300120354,2.2672502994537354
500,mla_norope,456,1,11,0.06709656119346619,0.06322086602449417,2.2672502994537354
500,mla_norope,456,1,12,0.05965128540992737,0.05494079738855362,2.2672502994537354
500,mla_norope,456,1,13,0.06166168302297592,0.06833767890930176,2.2672502994537354
500,mla_norope,456,1,14,0.05569356307387352,0.06396321207284927,2.2672502994537354
500,mla_norope,456,1,15,0.04880025237798691,0.05953788757324219,2.2672502994537354
500,mla_norope,456,2,0,0.03423451632261276,0.05003533512353897,2.1460907459259033
500,mla_norope,456,2,1,0.043602701276540756,0.0541832335293293,2.1460907459259033
500,mla_norope,456,2,2,0.057587992399930954,0.06601668149232864,2.1460907459259033
500,mla_norope,456,2,3,0.07455261051654816,0.06561025232076645,2.1460907459259033
500,mla_norope,456,2,4,0.05196777358651161,0.061888184398412704,2.1460907459259033
500,mla_norope,456,2,5,0.05813842639327049,0.06304530799388885,2.1460907459259033
500,mla_norope,456,2,6,0.08155110478401184,0.06213300675153732,2.1460907459259033
500,mla_norope,456,2,7,0.08965037018060684,0.07783587276935577,2.1460907459259033
500,mla_norope,456,2,8,0.06810526549816132,0.06499526649713516,2.1460907459259033
500,mla_norope,456,2,9,0.051955871284008026,0.06366892904043198,2.1460907459259033
500,mla_norope,456,2,10,0.052141521126031876,0.06146770343184471,2.1460907459259033
500,mla_norope,456,2,11,0.0789681002497673,0.07588371634483337,2.1460907459259033
500,mla_norope,456,2,12,0.08615346252918243,0.07165894657373428,2.1460907459259033
500,mla_norope,456,2,13,0.06244700029492378,0.05392478406429291,2.1460907459259033
500,mla_norope,456,2,14,0.05496266856789589,0.04995405301451683,2.1460907459259033
500,mla_norope,456,2,15,0.05398061126470566,0.057698581367731094,2.1460907459259033
500,mla_norope,456,3,0,0.04768941178917885,0.05632896348834038,2.188281536102295
500,mla_norope,456,3,1,0.10427174717187881,0.08760610222816467,2.188281536102295
500,mla_norope,456,3,2,0.08206268399953842,0.06294743716716766,2.188281536102295
500,mla_norope,456,3,3,0.0853804498910904,0.0789654403924942,2.188281536102295
500,mla_norope,456,3,4,0.056831054389476776,0.06157655641436577,2.188281536102295
500,mla_norope,456,3,5,0.05022745952010155,0.05822685733437538,2.188281536102295
500,mla_norope,456,3,6,0.03954600170254707,0.04881250858306885,2.188281536102295
500,mla_norope,456,3,7,0.05880828946828842,0.04956815764307976,2.188281536102295
500,mla_norope,456,3,8,0.048510029911994934,0.06249948963522911,2.188281536102295
500,mla_norope,456,3,9,0.06334380805492401,0.05654314160346985,2.188281536102295
500,mla_norope,456,3,10,0.06753946840763092,0.06885446608066559,2.188281536102295
500,mla_norope,456,3,11,0.05728759616613388,0.06515514105558395,2.188281536102295
500,mla_norope,456,3,12,0.07481038570404053,0.057352904230356216,2.188281536102295
500,mla_norope,456,3,13,0.07180623710155487,0.07964318245649338,2.188281536102295
500,mla_norope,456,3,14,0.052913207560777664,0.054059576243162155,2.188281536102295
500,mla_norope,456,3,15,0.038972169160842896,0.051860034465789795,2.188281536102295
500,mla_norope,456,4,0,0.06772806495428085,0.06159538775682449,2.4065845012664795
500,mla_norope,456,4,1,0.08421264588832855,0.08143214881420135,2.4065845012664795
500,mla_norope,456,4,2,0.08305999636650085,0.07238689810037613,2.4065845012664795
500,mla_norope,456,4,3,0.09287231415510178,0.07079483568668365,2.4065845012664795
500,mla_norope,456,4,4,0.0405997708439827,0.05625017732381821,2.4065845012664795
500,mla_norope,456,4,5,0.06832875311374664,0.06340735405683517,2.4065845012664795
500,mla_norope,456,4,6,0.04187418520450592,0.057070109993219376,2.4065845012664795
500,mla_norope,456,4,7,0.048389893025159836,0.06383252143859863,2.4065845012664795
500,mla_norope,456,4,8,0.06834889948368073,0.06885067373514175,2.4065845012664795
500,mla_norope,456,4,9,0.048774413764476776,0.04628518596291542,2.4065845012664795
500,mla_norope,456,4,10,0.06799224764108658,0.06654483079910278,2.4065845012664795
500,mla_norope,456,4,11,0.05784230679273605,0.0614517480134964,2.4065845012664795
500,mla_norope,456,4,12,0.0412515252828598,0.05405190959572792,2.4065845012664795
500,mla_norope,456,4,13,0.042649127542972565,0.05236028879880905,2.4065845012664795
500,mla_norope,456,4,14,0.07253570854663849,0.06121106445789337,2.4065845012664795
500,mla_norope,456,4,15,0.07354014366865158,0.06247489154338837,2.4065845012664795
500,mla_norope,456,5,0,0.08052194863557816,0.06937123090028763,2.3354361057281494
500,mla_norope,456,5,1,0.03939463198184967,0.05410893261432648,2.3354361057281494
500,mla_norope,456,5,2,0.07161316275596619,0.06841471046209335,2.3354361057281494
500,mla_norope,456,5,3,0.0695558711886406,0.06446359306573868,2.3354361057281494
500,mla_norope,456,5,4,0.06601084023714066,0.06612323969602585,2.3354361057281494
500,mla_norope,456,5,5,0.038117676973342896,0.05092925950884819,2.3354361057281494
500,mla_norope,456,5,6,0.05996643006801605,0.05888102203607559,2.3354361057281494
500,mla_norope,456,5,7,0.0633317083120346,0.07674772292375565,2.3354361057281494
500,mla_norope,456,5,8,0.048302508890628815,0.048683568835258484,2.3354361057281494
500,mla_norope,456,5,9,0.05557922273874283,0.05851905792951584,2.3354361057281494
500,mla_norope,456,5,10,0.060409750789403915,0.058006707578897476,2.3354361057281494
500,mla_norope,456,5,11,0.07947845757007599,0.07033874839544296,2.3354361057281494
500,mla_norope,456,5,12,0.08518615365028381,0.0734824538230896,2.3354361057281494
500,mla_norope,456,5,13,0.10511250793933868,0.08182878792285919,2.3354361057281494
500,mla_norope,456,5,14,0.035035502165555954,0.04690064862370491,2.3354361057281494
500,mla_norope,456,5,15,0.042383626103401184,0.053200431168079376,2.3354361057281494
1000,mla_norope,456,1,0,0.06500305235385895,0.06394161283969879,2.2372236251831055
1000,mla_norope,456,1,1,0.048743389546871185,0.05523604154586792,2.2372236251831055
1000,mla_norope,456,1,2,0.07863820344209671,0.07358524948358536,2.2372236251831055
1000,mla_norope,456,1,3,0.06710856407880783,0.06819842755794525,2.2372236251831055
1000,mla_norope,456,1,4,0.07373636960983276,0.07018773257732391,2.2372236251831055
1000,mla_norope,456,1,5,0.03796691820025444,0.04891839623451233,2.2372236251831055
1000,mla_norope,456,1,6,0.07600931823253632,0.06873353570699692,2.2372236251831055
1000,mla_norope,456,1,7,0.051211852580308914,0.05004474148154259,2.2372236251831055
1000,mla_norope,456,1,8,0.06827575713396072,0.06919507682323456,2.2372236251831055
1000,mla_norope,456,1,9,0.06167307496070862,0.054434534162282944,2.2372236251831055
1000,mla_norope,456,1,10,0.060602519661188126,0.06527898460626602,2.2372236251831055
1000,mla_norope,456,1,11,0.06388305872678757,0.060534682124853134,2.2372236251831055
1000,mla_norope,456,1,12,0.06833486258983612,0.06431378424167633,2.2372236251831055
1000,mla_norope,456,1,13,0.06247100979089737,0.06654022634029388,2.2372236251831055
1000,mla_norope,456,1,14,0.049707744270563126,0.053125523030757904,2.2372236251831055
1000,mla_norope,456,1,15,0.06663431972265244,0.06773141771554947,2.2372236251831055
1000,mla_norope,456,2,0,0.04888143017888069,0.05569550022482872,1.845488429069519
1000,mla_norope,456,2,1,0.07729919254779816,0.06416400521993637,1.845488429069519
1000,mla_norope,456,2,2,0.07334910333156586,0.06176420673727989,1.845488429069519
1000,mla_norope,456,2,3,0.06555989384651184,0.06480219215154648,1.845488429069519
1000,mla_norope,456,2,4,0.0529746487736702,0.0627480149269104,1.845488429069519
1000,mla_norope,456,2,5,0.06604257971048355,0.06736834347248077,1.845488429069519
1000,mla_norope,456,2,6,0.057660218328237534,0.059376608580350876,1.845488429069519
1000,mla_norope,456,2,7,0.08920948952436447,0.089579276740551,1.845488429069519
1000,mla_norope,456,2,8,0.0658225491642952,0.05897470563650131,1.845488429069519
1000,mla_norope,456,2,9,0.056683655828237534,0.058577392250299454,1.845488429069519
1000,mla_norope,456,2,10,0.051182862371206284,0.0660521388053894,1.845488429069519
1000,mla_norope,456,2,11,0.06914011389017105,0.07250798493623734,1.845488429069519
1000,mla_norope,456,2,12,0.06640391051769257,0.06239522248506546,1.845488429069519
1000,mla_norope,456,2,13,0.05917399004101753,0.05749867111444473,1.845488429069519
1000,mla_norope,456,2,14,0.037256672978401184,0.042802754789590836,1.845488429069519
1000,mla_norope,456,2,15,0.06335967779159546,0.05569307878613472,1.845488429069519
1000,mla_norope,456,3,0,0.07601766288280487,0.06998727470636368,1.7731127738952637
1000,mla_norope,456,3,1,0.08869394659996033,0.07554294168949127,1.7731127738952637
1000,mla_norope,456,3,2,0.07192505151033401,0.057540759444236755,1.7731127738952637
1000,mla_norope,456,3,3,0.07930237054824829,0.09203037619590759,1.7731127738952637
1000,mla_norope,456,3,4,0.0708707645535469,0.061172302812337875,1.7731127738952637
1000,mla_norope,456,3,5,0.039695028215646744,0.058102015405893326,1.7731127738952637
1000,mla_norope,456,3,6,0.031968384981155396,0.03808053210377693,1.7731127738952637
1000,mla_norope,456,3,7,0.08886627107858658,0.06737565249204636,1.7731127738952637
1000,mla_norope,456,3,8,0.04750681668519974,0.06006104126572609,1.7731127738952637
1000,mla_norope,456,3,9,0.07731892913579941,0.07070496678352356,1.7731127738952637
1000,mla_norope,456,3,10,0.06461609154939651,0.07332166284322739,1.7731127738952637
1000,mla_norope,456,3,11,0.05917571857571602,0.06209724396467209,1.7731127738952637
1000,mla_norope,456,3,12,0.048018187284469604,0.04789481312036514,1.7731127738952637
1000,mla_norope,456,3,13,0.05669555813074112,0.0606519877910614,1.7731127738952637
1000,mla_norope,456,3,14,0.053434956818819046,0.057468682527542114,1.7731127738952637
1000,mla_norope,456,3,15,0.04589426517486572,0.047967828810214996,1.7731127738952637
1000,mla_norope,456,4,0,0.06351074576377869,0.05758657306432724,1.9600406885147095
1000,mla_norope,456,4,1,0.07938975095748901,0.083669513463974,1.9600406885147095
1000,mla_norope,456,4,2,0.050093382596969604,0.05318941920995712,1.9600406885147095
1000,mla_norope,456,4,3,0.08742919564247131,0.08043865114450455,1.9600406885147095
1000,mla_norope,456,4,4,0.06538432091474533,0.06855030357837677,1.9600406885147095
1000,mla_norope,456,4,5,0.05087799206376076,0.05523093044757843,1.9600406885147095
1000,mla_norope,456,4,6,0.05393890291452408,0.05796877667307854,1.9600406885147095
1000,mla_norope,456,4,7,0.04770141467452049,0.050696730613708496,1.9600406885147095
1000,mla_norope,456,4,8,0.048098042607307434,0.05208609253168106,1.9600406885147095
1000,mla_norope,456,4,9,0.061024781316518784,0.05406281724572182,1.9600406885147095
1000,mla_norope,456,4,10,0.06814026087522507,0.06721172481775284,1.9600406885147095
1000,mla_norope,456,4,11,0.08159790188074112,0.07830587774515152,1.9600406885147095
1000,mla_norope,456,4,12,0.05082590878009796,0.05341699719429016,1.9600406885147095
1000,mla_norope,456,4,13,0.06307413429021835,0.06812802702188492,1.9600406885147095
1000,mla_norope,456,4,14,0.06569203734397888,0.06363523751497269,1.9600406885147095
1000,mla_norope,456,4,15,0.06322123110294342,0.05582226440310478,1.9600406885147095
1000,mla_norope,456,5,0,0.06893381476402283,0.06745611131191254,1.5902223587036133
1000,mla_norope,456,5,1,0.04014129564166069,0.046299923211336136,1.5902223587036133
1000,mla_norope,456,5,2,0.06561899930238724,0.06450425833463669,1.5902223587036133
1000,mla_norope,456,5,3,0.08452820032835007,0.09639275074005127,1.5902223587036133
1000,mla_norope,456,5,4,0.05539499968290329,0.054055746644735336,1.5902223587036133
1000,mla_norope,456,5,5,0.036287739872932434,0.047449253499507904,1.5902223587036133
1000,mla_norope,456,5,6,0.06542714685201645,0.05941435322165489,1.5902223587036133
1000,mla_norope,456,5,7,0.057721760123968124,0.0759534165263176,1.5902223587036133
1000,mla_norope,456,5,8,0.048977967351675034,0.061173077672719955,1.5902223587036133
1000,mla_norope,456,5,9,0.07069966942071915,0.06541348248720169,1.5902223587036133
1000,mla_norope,456,5,10,0.08955322206020355,0.07291290163993835,1.5902223587036133
1000,mla_norope,456,5,11,0.07212483882904053,0.06942172348499298,1.5902223587036133
1000,mla_norope,456,5,12,0.05982350558042526,0.05074446275830269,1.5902223587036133
1000,mla_norope,456,5,13,0.05521392822265625,0.05217940732836723,1.5902223587036133
1000,mla_norope,456,5,14,0.08595194667577744,0.07449004054069519,1.5902223587036133
1000,mla_norope,456,5,15,0.04360097274184227,0.04213915020227432,1.5902223587036133
1500,mla_norope,456,1,0,0.06646168977022171,0.06622035056352615,2.3066470623016357
1500,mla_norope,456,1,1,0.05817067623138428,0.05947363004088402,2.3066470623016357
1500,mla_norope,456,1,2,0.07672353088855743,0.07398419827222824,2.3066470623016357
1500,mla_norope,456,1,3,0.05278472974896431,0.05753180757164955,2.3066470623016357
1500,mla_norope,456,1,4,0.04945220798254013,0.06181132793426514,2.3066470623016357
1500,mla_norope,456,1,5,0.056780699640512466,0.057476773858070374,2.3066470623016357
1500,mla_norope,456,1,6,0.07244344055652618,0.06464570015668869,2.3066470623016357
1500,mla_norope,456,1,7,0.04576772078871727,0.049530841410160065,2.3066470623016357
1500,mla_norope,456,1,8,0.04707682132720947,0.059926994144916534,2.3066470623016357
1500,mla_norope,456,1,9,0.03789886459708214,0.052232906222343445,2.3066470623016357
1500,mla_norope,456,1,10,0.052139487117528915,0.06291479617357254,2.3066470623016357
1500,mla_norope,456,1,11,0.08575480431318283,0.06903335452079773,2.3066470623016357
1500,mla_norope,456,1,12,0.0688946545124054,0.06160631775856018,2.3066470623016357
1500,mla_norope,456,1,13,0.07257121056318283,0.06408903002738953,2.3066470623016357
1500,mla_norope,456,1,14,0.07622304558753967,0.06508370488882065,2.3066470623016357
1500,mla_norope,456,1,15,0.08085642755031586,0.07443814724683762,2.3066470623016357
1500,mla_norope,456,2,0,0.03932474926114082,0.05058448016643524,1.7990267276763916
1500,mla_norope,456,2,1,0.05520680919289589,0.05477110669016838,1.7990267276763916
1500,mla_norope,456,2,2,0.059226784855127335,0.05377896502614021,1.7990267276763916
1500,mla_norope,456,2,3,0.0626462772488594,0.0649615004658699,1.7990267276763916
1500,mla_norope,456,2,4,0.059116922318935394,0.06407798826694489,1.7990267276763916
1500,mla_norope,456,2,5,0.06258656829595566,0.06411489844322205,1.7990267276763916
1500,mla_norope,456,2,6,0.051413677632808685,0.057780921459198,1.7990267276763916
1500,mla_norope,456,2,7,0.08378539979457855,0.08340606838464737,1.7990267276763916
1500,mla_norope,456,2,8,0.07056000083684921,0.06346314400434494,1.7990267276763916
1500,mla_norope,456,2,9,0.062414754182100296,0.06433399021625519,1.7990267276763916
1500,mla_norope,456,2,10,0.05045165866613388,0.06694912910461426,1.7990267276763916
1500,mla_norope,456,2,11,0.07306813448667526,0.07522529363632202,1.7990267276763916
1500,mla_norope,456,2,12,0.0879923477768898,0.07314547151327133,1.7990267276763916
1500,mla_norope,456,2,13,0.05552632734179497,0.051663994789123535,1.7990267276763916
1500,mla_norope,456,2,14,0.0713462308049202,0.05883965641260147,1.7990267276763916
1500,mla_norope,456,2,15,0.05533335357904434,0.05290333554148674,1.7990267276763916
1500,mla_norope,456,3,0,0.07508748024702072,0.06636954098939896,1.5532509088516235
1500,mla_norope,456,3,1,0.07820485532283783,0.08571982383728027,1.5532509088516235
1500,mla_norope,456,3,2,0.08727600425481796,0.06193113327026367,1.5532509088516235
1500,mla_norope,456,3,3,0.06223795562982559,0.07617435604333878,1.5532509088516235
1500,mla_norope,456,3,4,0.08188415318727493,0.0663275197148323,1.5532509088516235
1500,mla_norope,456,3,5,0.036322224885225296,0.052245184779167175,1.5532509088516235
1500,mla_norope,456,3,6,0.026914672926068306,0.03166991472244263,1.5532509088516235
1500,mla_norope,456,3,7,0.07818735390901566,0.05960214138031006,1.5532509088516235
1500,mla_norope,456,3,8,0.036643270403146744,0.04888427257537842,1.5532509088516235
1500,mla_norope,456,3,9,0.08814676851034164,0.08958891034126282,1.5532509088516235
1500,mla_norope,456,3,10,0.06490875035524368,0.07128892093896866,1.5532509088516235
1500,mla_norope,456,3,11,0.06029612198472023,0.06387351453304291,1.5532509088516235
1500,mla_norope,456,3,12,0.04754455387592316,0.042894233018159866,1.5532509088516235
1500,mla_norope,456,3,13,0.06983733922243118,0.07143209129571915,1.5532509088516235
1500,mla_norope,456,3,14,0.06719380617141724,0.07083164155483246,1.5532509088516235
1500,mla_norope,456,3,15,0.03931467607617378,0.04116671904921532,1.5532509088516235
1500,mla_norope,456,4,0,0.07018706947565079,0.0630991980433464,1.7724298238754272
1500,mla_norope,456,4,1,0.07819722592830658,0.08588738739490509,1.7724298238754272
1500,mla_norope,456,4,2,0.056864216923713684,0.053945936262607574,1.7724298238754272
1500,mla_norope,456,4,3,0.07064371556043625,0.0724068135023117,1.7724298238754272
1500,mla_norope,456,4,4,0.051071878522634506,0.058116644620895386,1.7724298238754272
1500,mla_norope,456,4,5,0.05296885222196579,0.055243439972400665,1.7724298238754272
1500,mla_norope,456,4,6,0.06098876893520355,0.06550035625696182,1.7724298238754272
1500,mla_norope,456,4,7,0.06115661561489105,0.05640245974063873,1.7724298238754272
1500,mla_norope,456,4,8,0.05414947494864464,0.05213893949985504,1.7724298238754272
1500,mla_norope,456,4,9,0.061554767191410065,0.058237552642822266,1.7724298238754272
1500,mla_norope,456,4,10,0.06526407599449158,0.06496331840753555,1.7724298238754272
1500,mla_norope,456,4,11,0.07263010740280151,0.07280204445123672,1.7724298238754272
1500,mla_norope,456,4,12,0.05627644807100296,0.0561501570045948,1.7724298238754272
1500,mla_norope,456,4,13,0.06242167204618454,0.0673188865184784,1.7724298238754272
1500,mla_norope,456,4,14,0.06596669554710388,0.06382516026496887,1.7724298238754272
1500,mla_norope,456,4,15,0.05965840816497803,0.05396153777837753,1.7724298238754272
1500,mla_norope,456,5,0,0.05847330763936043,0.0602751225233078,1.4275649785995483
1500,mla_norope,456,5,1,0.030513204634189606,0.038719430565834045,1.4275649785995483
1500,mla_norope,456,5,2,0.07043436914682388,0.06404734402894974,1.4275649785995483
1500,mla_norope,456,5,3,0.09440185874700546,0.11086064577102661,1.4275649785995483
1500,mla_norope,456,5,4,0.047425538301467896,0.045100029557943344,1.4275649785995483
1500,mla_norope,456,5,5,0.04130503162741661,0.052119676023721695,1.4275649785995483
1500,mla_norope,456,5,6,0.05963541567325592,0.052965160459280014,1.4275649785995483
1500,mla_norope,456,5,7,0.056660767644643784,0.0741765946149826,1.4275649785995483
1500,mla_norope,456,5,8,0.05270029604434967,0.061400916427373886,1.4275649785995483
1500,mla_norope,456,5,9,0.07530446350574493,0.07158050686120987,1.4275649785995483
1500,mla_norope,456,5,10,0.08262450993061066,0.06804591417312622,1.4275649785995483
1500,mla_norope,456,5,11,0.06379333138465881,0.06353945285081863,1.4275649785995483
1500,mla_norope,456,5,12,0.06964192539453506,0.05398206040263176,1.4275649785995483
1500,mla_norope,456,5,13,0.05755137279629707,0.054031409323215485,1.4275649785995483
1500,mla_norope,456,5,14,0.09640859067440033,0.0861428901553154,1.4275649785995483
1500,mla_norope,456,5,15,0.04312601685523987,0.043012797832489014,1.4275649785995483
2000,mla_norope,456,1,0,0.07883086800575256,0.06681127846240997,2.4375858306884766
2000,mla_norope,456,1,1,0.050460610538721085,0.06146056950092316,2.4375858306884766
2000,mla_norope,456,1,2,0.08305643498897552,0.07621322572231293,2.4375858306884766
2000,mla_norope,456,1,3,0.07611582428216934,0.06626185774803162,2.4375858306884766
2000,mla_norope,456,1,4,0.06356506049633026,0.06394320726394653,2.4375858306884766
2000,mla_norope,456,1,5,0.03743184357881546,0.05262669175863266,2.4375858306884766
2000,mla_norope,456,1,6,0.08054636418819427,0.06718776375055313,2.4375858306884766
2000,mla_norope,456,1,7,0.056178588420152664,0.05266271531581879,2.4375858306884766
2000,mla_norope,456,1,8,0.05489868298172951,0.06211851164698601,2.4375858306884766
2000,mla_norope,456,1,9,0.05193125456571579,0.061709657311439514,2.4375858306884766
2000,mla_norope,456,1,10,0.06442809849977493,0.06373248249292374,2.4375858306884766
2000,mla_norope,456,1,11,0.052161358296871185,0.05893942341208458,2.4375858306884766
2000,mla_norope,456,1,12,0.0642758160829544,0.059274863451719284,2.4375858306884766
2000,mla_norope,456,1,13,0.06426136940717697,0.05766041949391365,2.4375858306884766
2000,mla_norope,456,1,14,0.06386902183294296,0.06928450614213943,2.4375858306884766
2000,mla_norope,456,1,15,0.057988788932561874,0.0601128451526165,2.4375858306884766
2000,mla_norope,456,2,0,0.06053924560546875,0.061553604900836945,1.857048511505127
2000,mla_norope,456,2,1,0.06841949373483658,0.06200524792075157,1.857048511505127
2000,mla_norope,456,2,2,0.05409952625632286,0.049452390521764755,1.857048511505127
2000,mla_norope,456,2,3,0.06975962221622467,0.0714757964015007,1.857048511505127
2000,mla_norope,456,2,4,0.05313832685351372,0.06147095188498497,1.857048511505127
2000,mla_norope,456,2,5,0.06372436881065369,0.06549908220767975,1.857048511505127
2000,mla_norope,456,2,6,0.056501567363739014,0.061208534985780716,1.857048511505127
2000,mla_norope,456,2,7,0.08218750357627869,0.07627703994512558,1.857048511505127
2000,mla_norope,456,2,8,0.05250335857272148,0.05745546519756317,1.857048511505127
2000,mla_norope,456,2,9,0.059005942195653915,0.060757629573345184,1.857048511505127
2000,mla_norope,456,2,10,0.05030069872736931,0.0639757588505745,1.857048511505127
2000,mla_norope,456,2,11,0.05604807659983635,0.06279461085796356,1.857048511505127
2000,mla_norope,456,2,12,0.0821533203125,0.06992066651582718,1.857048511505127
2000,mla_norope,456,2,13,0.060204774141311646,0.0542517714202404,1.857048511505127
2000,mla_norope,456,2,14,0.05741485580801964,0.0536005012691021,1.857048511505127
2000,mla_norope,456,2,15,0.0739993304014206,0.06830089539289474,1.857048511505127
2000,mla_norope,456,3,0,0.06787007302045822,0.061303019523620605,1.5667829513549805
2000,mla_norope,456,3,1,0.07710032165050507,0.08898698538541794,1.5667829513549805
2000,mla_norope,456,3,2,0.07884205877780914,0.0615343414247036,1.5667829513549805
2000,mla_norope,456,3,3,0.056842345744371414,0.07195118069648743,1.5667829513549805
2000,mla_norope,456,3,4,0.07620412111282349,0.06273674964904785,1.5667829513549805
2000,mla_norope,456,3,5,0.05707082152366638,0.06444880366325378,1.5667829513549805
2000,mla_norope,456,3,6,0.03291056305170059,0.03579360619187355,1.5667829513549805
2000,mla_norope,456,3,7,0.0840919017791748,0.0633985847234726,1.5667829513549805
2000,mla_norope,456,3,8,0.037485960870981216,0.04850848764181137,1.5667829513549805
2000,mla_norope,456,3,9,0.08613667637109756,0.08988186717033386,1.5667829513549805
2000,mla_norope,456,3,10,0.07178324460983276,0.0720224380493164,1.5667829513549805
2000,mla_norope,456,3,11,0.060106609016656876,0.06292794644832611,1.5667829513549805
2000,mla_norope,456,3,12,0.04771128296852112,0.04171562194824219,1.5667829513549805
2000,mla_norope,456,3,13,0.06051778048276901,0.06647808104753494,1.5667829513549805
2000,mla_norope,456,3,14,0.0639081820845604,0.06496560573577881,1.5667829513549805
2000,mla_norope,456,3,15,0.04141804948449135,0.0433468222618103,1.5667829513549805
2000,mla_norope,456,4,0,0.07560434937477112,0.0655202716588974,1.7072123289108276
2000,mla_norope,456,4,1,0.07800008356571198,0.0844307616353035,1.7072123289108276
2000,mla_norope,456,4,2,0.042078450322151184,0.045183513313531876,1.7072123289108276
2000,mla_norope,456,4,3,0.07597259432077408,0.07671289145946503,1.7072123289108276
2000,mla_norope,456,4,4,0.05308949947357178,0.06075110286474228,1.7072123289108276
2000,mla_norope,456,4,5,0.049479980021715164,0.052085623145103455,1.7072123289108276
2000,mla_norope,456,4,6,0.0644397959113121,0.06674730032682419,1.7072123289108276
2000,mla_norope,456,4,7,0.07065409421920776,0.06360246986150742,1.7072123289108276
2000,mla_norope,456,4,8,0.05363942310214043,0.05152144283056259,1.7072123289108276
2000,mla_norope,456,4,9,0.06114674732089043,0.05869004502892494,1.7072123289108276
2000,mla_norope,456,4,10,0.05897705256938934,0.06107748672366142,1.7072123289108276
2000,mla_norope,456,4,11,0.07517710328102112,0.07555187493562698,1.7072123289108276
2000,mla_norope,456,4,12,0.052593789994716644,0.05480626970529556,1.7072123289108276
2000,mla_norope,456,4,13,0.05669911578297615,0.06268344819545746,1.7072123289108276
2000,mla_norope,456,4,14,0.05985148251056671,0.05812733247876167,1.7072123289108276
2000,mla_norope,456,4,15,0.07259643822908401,0.0625080019235611,1.7072123289108276
2000,mla_norope,456,5,0,0.06727193295955658,0.0699487179517746,1.4348810911178589
2000,mla_norope,456,5,1,0.034850262105464935,0.04376698657870293,1.4348810911178589
2000,mla_norope,456,5,2,0.07522115111351013,0.06660506874322891,1.4348810911178589
2000,mla_norope,456,5,3,0.08857808262109756,0.10371468961238861,1.4348810911178589
2000,mla_norope,456,5,4,0.05333048477768898,0.047712162137031555,1.4348810911178589
2000,mla_norope,456,5,5,0.03762573376297951,0.05065029487013817,1.4348810911178589
2000,mla_norope,456,5,6,0.05266916751861572,0.04800975322723389,1.4348810911178589
2000,mla_norope,456,5,7,0.050903115421533585,0.0696948915719986,1.4348810911178589
2000,mla_norope,456,5,8,0.048206787556409836,0.055087484419345856,1.4348810911178589
2000,mla_norope,456,5,9,0.0725109875202179,0.06800253689289093,1.4348810911178589
2000,mla_norope,456,5,10,0.08319264650344849,0.0714593231678009,1.4348810911178589
2000,mla_norope,456,5,11,0.06461049616336823,0.06595639884471893,1.4348810911178589
2000,mla_norope,456,5,12,0.08111552149057388,0.05944987013936043,1.4348810911178589
2000,mla_norope,456,5,13,0.04908915236592293,0.0486922562122345,1.4348810911178589
2000,mla_norope,456,5,14,0.10229074954986572,0.09270256012678146,1.4348810911178589
2000,mla_norope,456,5,15,0.038533732295036316,0.038546860218048096,1.4348810911178589
2500,mla_norope,456,1,0,0.07005736976861954,0.06426479667425156,2.504610538482666
2500,mla_norope,456,1,1,0.043346963822841644,0.05998798459768295,2.504610538482666
2500,mla_norope,456,1,2,0.0888093039393425,0.07705795019865036,2.504610538482666
2500,mla_norope,456,1,3,0.06249379366636276,0.05955453962087631,2.504610538482666
2500,mla_norope,456,1,4,0.08923940360546112,0.07063838839530945,2.504610538482666
2500,mla_norope,456,1,5,0.04878896102309227,0.05703071132302284,2.504610538482666
2500,mla_norope,456,1,6,0.0627809688448906,0.05804901197552681,2.504610538482666
2500,mla_norope,456,1,7,0.053599242120981216,0.052401378750801086,2.504610538482666
2500,mla_norope,456,1,8,0.08348887413740158,0.0674474909901619,2.504610538482666
2500,mla_norope,456,1,9,0.03949229046702385,0.06291920691728592,2.504610538482666
2500,mla_norope,456,1,10,0.07900919765233994,0.06737298518419266,2.504610538482666
2500,mla_norope,456,1,11,0.050613608211278915,0.056011561304330826,2.504610538482666
2500,mla_norope,456,1,12,0.060487061738967896,0.0575307160615921,2.504610538482666
2500,mla_norope,456,1,13,0.03846781328320503,0.052750684320926666,2.504610538482666
2500,mla_norope,456,1,14,0.034032490104436874,0.06143546476960182,2.504610538482666
2500,mla_norope,456,1,15,0.09529266506433487,0.07554710656404495,2.504610538482666
2500,mla_norope,456,2,0,0.042634785175323486,0.05349751189351082,1.9061633348464966
2500,mla_norope,456,2,1,0.058211468160152435,0.056010182946920395,1.9061633348464966
2500,mla_norope,456,2,2,0.05380726978182793,0.04979303851723671,1.9061633348464966
2500,mla_norope,456,2,3,0.0673752874135971,0.06799201667308807,1.9061633348464966
2500,mla_norope,456,2,4,0.05562296509742737,0.060911260545253754,1.9061633348464966
2500,mla_norope,456,2,5,0.06278686225414276,0.06589914858341217,1.9061633348464966
2500,mla_norope,456,2,6,0.05254160612821579,0.05800550431013107,1.9061633348464966
2500,mla_norope,456,2,7,0.0845838412642479,0.07778802514076233,1.9061633348464966
2500,mla_norope,456,2,8,0.047995198518037796,0.052463348954916,1.9061633348464966
2500,mla_norope,456,2,9,0.0538412481546402,0.058510322123765945,1.9061633348464966
2500,mla_norope,456,2,10,0.0601704902946949,0.06924501061439514,1.9061633348464966
2500,mla_norope,456,2,11,0.07903361320495605,0.07537320256233215,1.9061633348464966
2500,mla_norope,456,2,12,0.07484405487775803,0.06797325611114502,1.9061633348464966
2500,mla_norope,456,2,13,0.0637824535369873,0.05679120868444443,1.9061633348464966
2500,mla_norope,456,2,14,0.06816975772380829,0.05938328430056572,1.9061633348464966
2500,mla_norope,456,2,15,0.07459910213947296,0.07036363333463669,1.9061633348464966
2500,mla_norope,456,3,0,0.0707041397690773,0.06086678057909012,1.620190978050232
2500,mla_norope,456,3,1,0.08149617165327072,0.08933841437101364,1.620190978050232
2500,mla_norope,456,3,2,0.05664265900850296,0.051400065422058105,1.620190978050232
2500,mla_norope,456,3,3,0.05322367325425148,0.06942009925842285,1.620190978050232
2500,mla_norope,456,3,4,0.08088144659996033,0.06468985974788666,1.620190978050232
2500,mla_norope,456,3,5,0.05880747362971306,0.06353684514760971,1.620190978050232
2500,mla_norope,456,3,6,0.02984212152659893,0.033166397362947464,1.620190978050232
2500,mla_norope,456,3,7,0.08456197381019592,0.06340981274843216,1.620190978050232
2500,mla_norope,456,3,8,0.04239613935351372,0.05039796605706215,1.620190978050232
2500,mla_norope,456,3,9,0.08665242791175842,0.09128666669130325,1.620190978050232
2500,mla_norope,456,3,10,0.0596415214240551,0.06328064948320389,1.620190978050232
2500,mla_norope,456,3,11,0.06634104251861572,0.06769464910030365,1.620190978050232
2500,mla_norope,456,3,12,0.05221740901470184,0.0452347993850708,1.620190978050232
2500,mla_norope,456,3,13,0.06232869625091553,0.06968169659376144,1.620190978050232
2500,mla_norope,456,3,14,0.06719431281089783,0.06876824051141739,1.620190978050232
2500,mla_norope,456,3,15,0.04706878587603569,0.04782695323228836,1.620190978050232
2500,mla_norope,456,4,0,0.07838134467601776,0.06354420632123947,1.665770411491394
2500,mla_norope,456,4,1,0.0831221491098404,0.08683379739522934,1.665770411491394
2500,mla_norope,456,4,2,0.0522136427462101,0.049148596823215485,1.665770411491394
2500,mla_norope,456,4,3,0.07324910163879395,0.0775686725974083,1.665770411491394
2500,mla_norope,456,4,4,0.04886443912982941,0.05722817778587341,1.665770411491394
2500,mla_norope,456,4,5,0.041195474565029144,0.04707859456539154,1.665770411491394
2500,mla_norope,456,4,6,0.06880930811166763,0.0693756714463234,1.665770411491394
2500,mla_norope,456,4,7,0.06415293365716934,0.059781454503536224,1.665770411491394
2500,mla_norope,456,4,8,0.05290822312235832,0.053016889840364456,1.665770411491394
2500,mla_norope,456,4,9,0.06630656123161316,0.06157217547297478,1.665770411491394
2500,mla_norope,456,4,10,0.051729023456573486,0.05319388210773468,1.665770411491394
2500,mla_norope,456,4,11,0.07364135980606079,0.07461117953062057,1.665770411491394
2500,mla_norope,456,4,12,0.05944376811385155,0.06247573718428612,1.665770411491394
2500,mla_norope,456,4,13,0.05734730884432793,0.06489623337984085,1.665770411491394
2500,mla_norope,456,4,14,0.061989035457372665,0.058853402733802795,1.665770411491394
2500,mla_norope,456,4,15,0.06664632260799408,0.06082146242260933,1.665770411491394
2500,mla_norope,456,5,0,0.06215861067175865,0.06823203712701797,1.4740582704544067
2500,mla_norope,456,5,1,0.033633626997470856,0.04535432159900665,1.4740582704544067
2500,mla_norope,456,5,2,0.07019897550344467,0.06094628572463989,1.4740582704544067
2500,mla_norope,456,5,3,0.09478200227022171,0.11637578159570694,1.4740582704544067
2500,mla_norope,456,5,4,0.04465484619140625,0.041384659707546234,1.4740582704544067
2500,mla_norope,456,5,5,0.036989644169807434,0.04497380182147026,1.4740582704544067
2500,mla_norope,456,5,6,0.049093425273895264,0.04755710810422897,1.4740582704544067
2500,mla_norope,456,5,7,0.05219848453998566,0.07209517061710358,1.4740582704544067
2500,mla_norope,456,5,8,0.05546478182077408,0.06297798454761505,1.4740582704544067
2500,mla_norope,456,5,9,0.08732543885707855,0.07940027117729187,1.4740582704544067
2500,mla_norope,456,5,10,0.0717068463563919,0.06191618740558624,1.4740582704544067
2500,mla_norope,456,5,11,0.07059692591428757,0.06483247876167297,1.4740582704544067
2500,mla_norope,456,5,12,0.08552571386098862,0.0639195367693901,1.4740582704544067
2500,mla_norope,456,5,13,0.05713745206594467,0.05417708680033684,1.4740582704544067
2500,mla_norope,456,5,14,0.0912177562713623,0.0789419412612915,1.4740582704544067
2500,mla_norope,456,5,15,0.03731546923518181,0.036915313452482224,1.4740582704544067
3000,mla_norope,456,1,0,0.07017333805561066,0.06290140002965927,2.501063346862793
3000,mla_norope,456,1,1,0.0679512545466423,0.06384353339672089,2.501063346862793
3000,mla_norope,456,1,2,0.07905568182468414,0.07314669340848923,2.501063346862793
3000,mla_norope,456,1,3,0.06605641543865204,0.060745056718587875,2.501063346862793
3000,mla_norope,456,1,4,0.057274069637060165,0.062335338443517685,2.501063346862793
3000,mla_norope,456,1,5,0.04418548569083214,0.05812607333064079,2.501063346862793
3000,mla_norope,456,1,6,0.06189768388867378,0.05658479034900665,2.501063346862793
3000,mla_norope,456,1,7,0.058943379670381546,0.05653304234147072,2.501063346862793
3000,mla_norope,456,1,8,0.07299133390188217,0.06708093732595444,2.501063346862793
3000,mla_norope,456,1,9,0.04391113296151161,0.0633862167596817,2.501063346862793
3000,mla_norope,456,1,10,0.07090271264314651,0.06672694534063339,2.501063346862793
3000,mla_norope,456,1,11,0.058740437030792236,0.059318702667951584,2.501063346862793
3000,mla_norope,456,1,12,0.05264322832226753,0.0569935217499733,2.501063346862793
3000,mla_norope,456,1,13,0.05298655107617378,0.05509789288043976,2.501063346862793
3000,mla_norope,456,1,14,0.06486104428768158,0.06880562007427216,2.501063346862793
3000,mla_norope,456,1,15,0.0774262472987175,0.0683741346001625,2.501063346862793
3000,mla_norope,456,2,0,0.05663096159696579,0.058786481618881226,1.9088422060012817
3000,mla_norope,456,2,1,0.06039316952228546,0.056791771203279495,1.9088422060012817
3000,mla_norope,456,2,2,0.058640237897634506,0.05186546966433525,1.9088422060012817
3000,mla_norope,456,2,3,0.0722198486328125,0.07101095467805862,1.9088422060012817
3000,mla_norope,456,2,4,0.05083475634455681,0.05829266086220741,1.9088422060012817
3000,mla_norope,456,2,5,0.06674021482467651,0.0701432079076767,1.9088422060012817
3000,mla_norope,456,2,6,0.061618346720933914,0.06358161568641663,1.9088422060012817
3000,mla_norope,456,2,7,0.07639424502849579,0.0690855011343956,1.9088422060012817
3000,mla_norope,456,2,8,0.056567687541246414,0.057804010808467865,1.9088422060012817
3000,mla_norope,456,2,9,0.04823354259133339,0.05761575698852539,1.9088422060012817
3000,mla_norope,456,2,10,0.04421753063797951,0.06177399307489395,1.9088422060012817
3000,mla_norope,456,2,11,0.06615356355905533,0.06794074922800064,1.9088422060012817
3000,mla_norope,456,2,12,0.07433085143566132,0.06726650893688202,1.9088422060012817
3000,mla_norope,456,2,13,0.062323302030563354,0.054446570575237274,1.9088422060012817
3000,mla_norope,456,2,14,0.062042541801929474,0.05523892864584923,1.9088422060012817
3000,mla_norope,456,2,15,0.08265919983386993,0.0783558115363121,1.9088422060012817
3000,mla_norope,456,3,0,0.07025177031755447,0.06207296997308731,1.662899374961853
3000,mla_norope,456,3,1,0.07667724788188934,0.08822052925825119,1.662899374961853
3000,mla_norope,456,3,2,0.06810262054204941,0.057639654725790024,1.662899374961853
3000,mla_norope,456,3,3,0.053844910115003586,0.06826884299516678,1.662899374961853
3000,mla_norope,456,3,4,0.08478952944278717,0.0673254132270813,1.662899374961853
3000,mla_norope,456,3,5,0.04702657088637352,0.057435087859630585,1.662899374961853
3000,mla_norope,456,3,6,0.03464793041348457,0.036515168845653534,1.662899374961853
3000,mla_norope,456,3,7,0.0954691544175148,0.0676083043217659,1.662899374961853
3000,mla_norope,456,3,8,0.045145366340875626,0.05305618420243263,1.662899374961853
3000,mla_norope,456,3,9,0.08691152185201645,0.09084802865982056,1.662899374961853
3000,mla_norope,456,3,10,0.05109608918428421,0.05795488506555557,1.662899374961853
3000,mla_norope,456,3,11,0.06101267412304878,0.06456124782562256,1.662899374961853
3000,mla_norope,456,3,12,0.053505655378103256,0.04788249358534813,1.662899374961853
3000,mla_norope,456,3,13,0.05854451656341553,0.06554233282804489,1.662899374961853
3000,mla_norope,456,3,14,0.06604034453630447,0.06656168401241302,1.662899374961853
3000,mla_norope,456,3,15,0.0469341017305851,0.048507221043109894,1.662899374961853
3000,mla_norope,456,4,0,0.0773773193359375,0.06194381043314934,1.6462796926498413
3000,mla_norope,456,4,1,0.07652903348207474,0.08026877045631409,1.6462796926498413
3000,mla_norope,456,4,2,0.053713176399469376,0.04955581948161125,1.6462796926498413
3000,mla_norope,456,4,3,0.07209411263465881,0.07578375190496445,1.6462796926498413
3000,mla_norope,456,4,4,0.0480460599064827,0.05672937259078026,1.6462796926498413
3000,mla_norope,456,4,5,0.0392475388944149,0.04597121477127075,1.6462796926498413
3000,mla_norope,456,4,6,0.06463734805583954,0.06600180268287659,1.6462796926498413
3000,mla_norope,456,4,7,0.06681396812200546,0.060835909098386765,1.6462796926498413
3000,mla_norope,456,4,8,0.057006023824214935,0.058090940117836,1.6462796926498413
3000,mla_norope,456,4,9,0.06725402921438217,0.06425406038761139,1.6462796926498413
3000,mla_norope,456,4,10,0.05636240541934967,0.0599568672478199,1.6462796926498413
3000,mla_norope,456,4,11,0.06635701656341553,0.06963830441236496,1.6462796926498413
3000,mla_norope,456,4,12,0.06054127961397171,0.06312134116888046,1.6462796926498413
3000,mla_norope,456,4,13,0.05903615429997444,0.0649317279458046,1.6462796926498413
3000,mla_norope,456,4,14,0.06970957666635513,0.0642244815826416,1.6462796926498413
3000,mla_norope,456,4,15,0.06527496129274368,0.05869167298078537,1.6462796926498413
3000,mla_norope,456,5,0,0.06345916539430618,0.0682104155421257,1.487715482711792
3000,mla_norope,456,5,1,0.03557433933019638,0.04903098940849304,1.487715482711792
3000,mla_norope,456,5,2,0.07663655281066895,0.06344090402126312,1.487715482711792
3000,mla_norope,456,5,3,0.09564676880836487,0.1132298931479454,1.487715482711792
3000,mla_norope,456,5,4,0.038713887333869934,0.03796898573637009,1.487715482711792
3000,mla_norope,456,5,5,0.037937622517347336,0.04395167529582977,1.487715482711792
3000,mla_norope,456,5,6,0.056593526154756546,0.050607647746801376,1.487715482711792
3000,mla_norope,456,5,7,0.04893483594059944,0.06929034739732742,1.487715482711792
3000,mla_norope,456,5,8,0.055225931107997894,0.06398535519838333,1.487715482711792
3000,mla_norope,456,5,9,0.08620096743106842,0.08060208708047867,1.487715482711792
3000,mla_norope,456,5,10,0.06835336983203888,0.061470579355955124,1.487715482711792
3000,mla_norope,456,5,11,0.06870554387569427,0.06311950832605362,1.487715482711792
3000,mla_norope,456,5,12,0.08131714165210724,0.059959329664707184,1.487715482711792
3000,mla_norope,456,5,13,0.0498250313103199,0.05023295059800148,1.487715482711792
3000,mla_norope,456,5,14,0.09628356993198395,0.0847637802362442,1.487715482711792
3000,mla_norope,456,5,15,0.040591735392808914,0.04013562202453613,1.487715482711792
3500,mla_norope,456,1,0,0.08308003842830658,0.06931743770837784,2.4995529651641846
3500,mla_norope,456,1,1,0.056236978620290756,0.05872683972120285,2.4995529651641846
3500,mla_norope,456,1,2,0.07404907047748566,0.06841869652271271,2.4995529651641846
3500,mla_norope,456,1,3,0.07353413850069046,0.06376466900110245,2.4995529651641846
3500,mla_norope,456,1,4,0.05424916744232178,0.06258272379636765,2.4995529651641846
3500,mla_norope,456,1,5,0.049736227840185165,0.05960102751851082,2.4995529651641846
3500,mla_norope,456,1,6,0.0634758472442627,0.05639748275279999,2.4995529651641846
3500,mla_norope,456,1,7,0.04067321866750717,0.05039078742265701,2.4995529651641846
3500,mla_norope,456,1,8,0.08577321469783783,0.07141755521297455,2.4995529651641846
3500,mla_norope,456,1,9,0.025017090141773224,0.05978291854262352,2.4995529651641846
3500,mla_norope,456,1,10,0.07589518278837204,0.06891641020774841,2.4995529651641846
3500,mla_norope,456,1,11,0.05846018344163895,0.059603895992040634,2.4995529651641846
3500,mla_norope,456,1,12,0.05191457271575928,0.05559844896197319,2.4995529651641846
3500,mla_norope,456,1,13,0.07133951783180237,0.05967838317155838,2.4995529651641846
3500,mla_norope,456,1,14,0.05248982831835747,0.06658286601305008,2.4995529651641846
3500,mla_norope,456,1,15,0.08407572656869888,0.06922000646591187,2.4995529651641846
3500,mla_norope,456,2,0,0.05119313672184944,0.05577985942363739,1.872188687324524
3500,mla_norope,456,2,1,0.05110738053917885,0.05079931393265724,1.872188687324524
3500,mla_norope,456,2,2,0.06202941760420799,0.053413257002830505,1.872188687324524
3500,mla_norope,456,2,3,0.06616516411304474,0.06376642733812332,1.872188687324524
3500,mla_norope,456,2,4,0.06265737116336823,0.06401493400335312,1.872188687324524
3500,mla_norope,456,2,5,0.07103556394577026,0.07416241616010666,1.872188687324524
3500,mla_norope,456,2,6,0.05385538563132286,0.05874176695942879,1.872188687324524
3500,mla_norope,456,2,7,0.0859660878777504,0.07786937803030014,1.872188687324524
3500,mla_norope,456,2,8,0.04822499677538872,0.05423925444483757,1.872188687324524
3500,mla_norope,456,2,9,0.06746724247932434,0.06716922670602798,1.872188687324524
3500,mla_norope,456,2,10,0.04563639312982559,0.062419116497039795,1.872188687324524
3500,mla_norope,456,2,11,0.05830647796392441,0.06466503441333771,1.872188687324524
3500,mla_norope,456,2,12,0.08100280910730362,0.06940485537052155,1.872188687324524
3500,mla_norope,456,2,13,0.0655352771282196,0.057243697345256805,1.872188687324524
3500,mla_norope,456,2,14,0.0544777438044548,0.05199963226914406,1.872188687324524
3500,mla_norope,456,2,15,0.07533955574035645,0.07431178539991379,1.872188687324524
3500,mla_norope,456,3,0,0.0681973248720169,0.06009192019701004,1.601704716682434
3500,mla_norope,456,3,1,0.07942759245634079,0.08828957378864288,1.601704716682434
3500,mla_norope,456,3,2,0.0663795992732048,0.05557643249630928,1.601704716682434
3500,mla_norope,456,3,3,0.05652760714292526,0.06950917094945908,1.601704716682434
3500,mla_norope,456,3,4,0.08784403651952744,0.06706159561872482,1.601704716682434
3500,mla_norope,456,3,5,0.04876129329204559,0.05965160205960274,1.601704716682434
3500,mla_norope,456,3,6,0.026251118630170822,0.029667755588889122,1.601704716682434
3500,mla_norope,456,3,7,0.09433674812316895,0.06876769661903381,1.601704716682434
3500,mla_norope,456,3,8,0.04368693009018898,0.05093779414892197,1.601704716682434
3500,mla_norope,456,3,9,0.0915762335062027,0.09524530172348022,1.601704716682434
3500,mla_norope,456,3,10,0.05678904056549072,0.06398649513721466,1.601704716682434
3500,mla_norope,456,3,11,0.0631961077451706,0.06611128896474838,1.601704716682434
3500,mla_norope,456,3,12,0.04955179989337921,0.042393263429403305,1.601704716682434
3500,mla_norope,456,3,13,0.06530263274908066,0.07638118416070938,1.601704716682434
3500,mla_norope,456,3,14,0.05846923962235451,0.06032686308026314,1.601704716682434
3500,mla_norope,456,3,15,0.04370269924402237,0.046002112329006195,1.601704716682434
3500,mla_norope,456,4,0,0.07731892913579941,0.061954569071531296,1.62129545211792
3500,mla_norope,456,4,1,0.0789719671010971,0.08153873682022095,1.62129545211792
3500,mla_norope,456,4,2,0.05487925186753273,0.05120055004954338,1.62129545211792
3500,mla_norope,456,4,3,0.07329152524471283,0.08021290600299835,1.62129545211792
3500,mla_norope,456,4,4,0.05169861018657684,0.06054871156811714,1.62129545211792
3500,mla_norope,456,4,5,0.039933063089847565,0.045469898730516434,1.62129545211792
3500,mla_norope,456,4,6,0.06162424758076668,0.06403803825378418,1.62129545211792
3500,mla_norope,456,4,7,0.07215647399425507,0.06404922157526016,1.62129545211792
3500,mla_norope,456,4,8,0.051505230367183685,0.05261608585715294,1.62129545211792
3500,mla_norope,456,4,9,0.06068725511431694,0.05809498950839043,1.62129545211792
3500,mla_norope,456,4,10,0.051126811653375626,0.05398382246494293,1.62129545211792
3500,mla_norope,456,4,11,0.06292521208524704,0.06633363664150238,1.62129545211792
3500,mla_norope,456,4,12,0.061966754496097565,0.06415791064500809,1.62129545211792
3500,mla_norope,456,4,13,0.056777749210596085,0.06346943229436874,1.62129545211792
3500,mla_norope,456,4,14,0.07385070621967316,0.06791706383228302,1.62129545211792
3500,mla_norope,456,4,15,0.07128621637821198,0.06441447883844376,1.62129545211792
3500,mla_norope,456,5,0,0.0631115734577179,0.06849455833435059,1.5014076232910156
3500,mla_norope,456,5,1,0.032526448369026184,0.04590637981891632,1.5014076232910156
3500,mla_norope,456,5,2,0.07303018867969513,0.06076568737626076,1.5014076232910156
3500,mla_norope,456,5,3,0.09855011105537415,0.11790002137422562,1.5014076232910156
3500,mla_norope,456,5,4,0.044217225164175034,0.04197119548916817,1.5014076232910156
3500,mla_norope,456,5,5,0.04269317537546158,0.04987579956650734,1.5014076232910156
3500,mla_norope,456,5,6,0.049997761845588684,0.04710061103105545,1.5014076232910156
3500,mla_norope,456,5,7,0.049147337675094604,0.06753528863191605,1.5014076232910156
3500,mla_norope,456,5,8,0.05404673144221306,0.06101544573903084,1.5014076232910156
3500,mla_norope,456,5,9,0.0896492525935173,0.08274432271718979,1.5014076232910156
3500,mla_norope,456,5,10,0.06877217441797256,0.06168629974126816,1.5014076232910156
3500,mla_norope,456,5,11,0.0634593740105629,0.060052428394556046,1.5014076232910156
3500,mla_norope,456,5,12,0.09031005948781967,0.067348413169384,1.5014076232910156
3500,mla_norope,456,5,13,0.04833587631583214,0.0489623136818409,1.5014076232910156
3500,mla_norope,456,5,14,0.098236083984375,0.08281781524419785,1.5014076232910156
3500,mla_norope,456,5,15,0.03391662612557411,0.03582341596484184,1.5014076232910156
4000,mla_norope,456,1,0,0.07232198119163513,0.06428273022174835,2.4880428314208984
4000,mla_norope,456,1,1,0.08435770869255066,0.06657715886831284,2.4880428314208984
4000,mla_norope,456,1,2,0.07268218696117401,0.06902372092008591,2.4880428314208984
4000,mla_norope,456,1,3,0.06792154908180237,0.061163876205682755,2.4880428314208984
4000,mla_norope,456,1,4,0.05003824830055237,0.06091655045747757,2.4880428314208984
4000,mla_norope,456,1,5,0.046921081840991974,0.058726876974105835,2.4880428314208984
4000,mla_norope,456,1,6,0.06208323314785957,0.05570989474654198,2.4880428314208984
4000,mla_norope,456,1,7,0.06372935324907303,0.05866854265332222,2.4880428314208984
4000,mla_norope,456,1,8,0.062115173786878586,0.06542830914258957,2.4880428314208984
4000,mla_norope,456,1,9,0.06376281380653381,0.06799798458814621,2.4880428314208984
4000,mla_norope,456,1,10,0.058363646268844604,0.0644185021519661,2.4880428314208984
4000,mla_norope,456,1,11,0.0623391717672348,0.06267650425434113,2.4880428314208984
4000,mla_norope,456,1,12,0.049544982612133026,0.05377691984176636,2.4880428314208984
4000,mla_norope,456,1,13,0.06697438657283783,0.0586656779050827,2.4880428314208984
4000,mla_norope,456,1,14,0.04590047150850296,0.06541904807090759,2.4880428314208984
4000,mla_norope,456,1,15,0.07094401121139526,0.06654771417379379,2.4880428314208984
4000,mla_norope,456,2,0,0.06199544295668602,0.060942161828279495,1.8641430139541626
4000,mla_norope,456,2,1,0.05705606937408447,0.054385364055633545,1.8641430139541626
4000,mla_norope,456,2,2,0.059483643621206284,0.053468748927116394,1.8641430139541626
4000,mla_norope,456,2,3,0.07584665715694427,0.07103836536407471,1.8641430139541626
4000,mla_norope,456,2,4,0.05569091811776161,0.06102216616272926,1.8641430139541626
4000,mla_norope,456,2,5,0.0663503035902977,0.07120609283447266,1.8641430139541626
4000,mla_norope,456,2,6,0.0531495176255703,0.05995995178818703,1.8641430139541626
4000,mla_norope,456,2,7,0.0851040631532669,0.07518154382705688,1.8641430139541626
4000,mla_norope,456,2,8,0.07145782560110092,0.06461290270090103,1.8641430139541626
4000,mla_norope,456,2,9,0.05406850203871727,0.061792608350515366,1.8641430139541626
4000,mla_norope,456,2,10,0.039686381816864014,0.05755423754453659,1.8641430139541626
4000,mla_norope,456,2,11,0.05771830305457115,0.06359539926052094,1.8641430139541626
4000,mla_norope,456,2,12,0.056954242289066315,0.05817541107535362,1.8641430139541626
4000,mla_norope,456,2,13,0.062285155057907104,0.05360375717282295,1.8641430139541626
4000,mla_norope,456,2,14,0.06965505331754684,0.05693792924284935,1.8641430139541626
4000,mla_norope,456,2,15,0.07349792122840881,0.07652334868907928,1.8641430139541626
4000,mla_norope,456,3,0,0.06634033471345901,0.058441322296857834,1.5955735445022583
4000,mla_norope,456,3,1,0.07708994299173355,0.08869776129722595,1.5955735445022583
4000,mla_norope,456,3,2,0.0675411969423294,0.056547973304986954,1.5955735445022583
4000,mla_norope,456,3,3,0.0534026063978672,0.06875240802764893,1.5955735445022583
4000,mla_norope,456,3,4,0.0889396145939827,0.06736201792955399,1.5955735445022583
4000,mla_norope,456,3,5,0.052503153681755066,0.059500470757484436,1.5955735445022583
4000,mla_norope,456,3,6,0.028536682948470116,0.030918724834918976,1.5955735445022583
4000,mla_norope,456,3,7,0.10137674957513809,0.07371757924556732,1.5955735445022583
4000,mla_norope,456,3,8,0.044098611921072006,0.05052513629198074,1.5955735445022583
4000,mla_norope,456,3,9,0.09390024840831757,0.09715160727500916,1.5955735445022583
4000,mla_norope,456,3,10,0.05269327759742737,0.05894146114587784,1.5955735445022583
4000,mla_norope,456,3,11,0.056076861917972565,0.060989003628492355,1.5955735445022583
4000,mla_norope,456,3,12,0.047765400260686874,0.043327994644641876,1.5955735445022583
4000,mla_norope,456,3,13,0.06285939365625381,0.07631079107522964,1.5955735445022583
4000,mla_norope,456,3,14,0.06442596763372421,0.06417194753885269,1.5955735445022583
4000,mla_norope,456,3,15,0.042449951171875,0.04464380443096161,1.5955735445022583
4000,mla_norope,456,4,0,0.07853128761053085,0.06199021637439728,1.6261532306671143
4000,mla_norope,456,4,1,0.08114786446094513,0.08129364997148514,1.6261532306671143
4000,mla_norope,456,4,2,0.056318461894989014,0.05083802714943886,1.6261532306671143
4000,mla_norope,456,4,3,0.0762900784611702,0.08096432685852051,1.6261532306671143
4000,mla_norope,456,4,4,0.049185484647750854,0.05799589678645134,1.6261532306671143
4000,mla_norope,456,4,5,0.04234731197357178,0.04783166944980621,1.6261532306671143
4000,mla_norope,456,4,6,0.06269429624080658,0.06503211706876755,1.6261532306671143
4000,mla_norope,456,4,7,0.07171793282032013,0.06532631814479828,1.6261532306671143
4000,mla_norope,456,4,8,0.05033314973115921,0.052638228982686996,1.6261532306671143
4000,mla_norope,456,4,9,0.061598919332027435,0.05895942822098732,1.6261532306671143
4000,mla_norope,456,4,10,0.049917805939912796,0.05351696535944939,1.6261532306671143
4000,mla_norope,456,4,11,0.06842762976884842,0.07205205410718918,1.6261532306671143
4000,mla_norope,456,4,12,0.058903198689222336,0.06114131957292557,1.6261532306671143
4000,mla_norope,456,4,13,0.057501424103975296,0.06386056542396545,1.6261532306671143
4000,mla_norope,456,4,14,0.06461415439844131,0.059952594339847565,1.6261532306671143
4000,mla_norope,456,4,15,0.07047098875045776,0.06660658866167068,1.6261532306671143
4000,mla_norope,456,5,0,0.0648510754108429,0.07045770436525345,1.503498911857605
4000,mla_norope,456,5,1,0.03387267887592316,0.04732513055205345,1.503498911857605
4000,mla_norope,456,5,2,0.07144348323345184,0.05966430529952049,1.503498911857605
4000,mla_norope,456,5,3,0.09728872030973434,0.11534478515386581,1.503498911857605
4000,mla_norope,456,5,4,0.04324584826827049,0.041232235729694366,1.503498911857605
4000,mla_norope,456,5,5,0.039039816707372665,0.045096538960933685,1.503498911857605
4000,mla_norope,456,5,6,0.04718943312764168,0.04353106766939163,1.503498911857605
4000,mla_norope,456,5,7,0.0507914237678051,0.07231103628873825,1.503498911857605
4000,mla_norope,456,5,8,0.05471130460500717,0.06367288529872894,1.503498911857605
4000,mla_norope,456,5,9,0.08606374263763428,0.07854779809713364,1.503498911857605
4000,mla_norope,456,5,10,0.0657336413860321,0.06047692149877548,1.503498911857605
4000,mla_norope,456,5,11,0.06564056128263474,0.060446858406066895,1.503498911857605
4000,mla_norope,456,5,12,0.09047047793865204,0.06808920204639435,1.503498911857605
4000,mla_norope,456,5,13,0.05434214323759079,0.05391967296600342,1.503498911857605
4000,mla_norope,456,5,14,0.10077626258134842,0.084640271961689,1.503498911857605
4000,mla_norope,456,5,15,0.03453938663005829,0.03524355962872505,1.503498911857605
4500,mla_norope,456,1,0,0.0809013843536377,0.06799787282943726,2.4556634426116943
4500,mla_norope,456,1,1,0.0652332529425621,0.06003023311495781,2.4556634426116943
4500,mla_norope,456,1,2,0.08530578762292862,0.0758611261844635,2.4556634426116943
4500,mla_norope,456,1,3,0.0724259465932846,0.06406858563423157,2.4556634426116943
4500,mla_norope,456,1,4,0.06586792320013046,0.06323143094778061,2.4556634426116943
4500,mla_norope,456,1,5,0.053308308124542236,0.05828716233372688,2.4556634426116943
4500,mla_norope,456,1,6,0.07876597344875336,0.06595852226018906,2.4556634426116943
4500,mla_norope,456,1,7,0.05925028398633003,0.05615474656224251,2.4556634426116943
4500,mla_norope,456,1,8,0.06875406950712204,0.06656970828771591,2.4556634426116943
4500,mla_norope,456,1,9,0.03874582797288895,0.06062597408890724,2.4556634426116943
4500,mla_norope,456,1,10,0.04823089763522148,0.06214391812682152,2.4556634426116943
4500,mla_norope,456,1,11,0.06406127661466599,0.06067686900496483,2.4556634426116943
4500,mla_norope,456,1,12,0.05699727311730385,0.05699734389781952,2.4556634426116943
4500,mla_norope,456,1,13,0.05514414608478546,0.05557456985116005,2.4556634426116943
4500,mla_norope,456,1,14,0.04296264797449112,0.06280424445867538,2.4556634426116943
4500,mla_norope,456,1,15,0.0640450045466423,0.06301786750555038,2.4556634426116943
4500,mla_norope,456,2,0,0.053186748176813126,0.055375836789608,1.8190598487854004
4500,mla_norope,456,2,1,0.05629893019795418,0.0547899566590786,1.8190598487854004
4500,mla_norope,456,2,2,0.06143910810351372,0.05738735944032669,1.8190598487854004
4500,mla_norope,456,2,3,0.0732104480266571,0.06730403751134872,1.8190598487854004
4500,mla_norope,456,2,4,0.050314128398895264,0.056147150695323944,1.8190598487854004
4500,mla_norope,456,2,5,0.06841868162155151,0.07415714114904404,1.8190598487854004
4500,mla_norope,456,2,6,0.05034179612994194,0.056651342660188675,1.8190598487854004
4500,mla_norope,456,2,7,0.09102610498666763,0.08297520130872726,1.8190598487854004
4500,mla_norope,456,2,8,0.05217142775654793,0.055227138102054596,1.8190598487854004
4500,mla_norope,456,2,9,0.05928710848093033,0.06509317457675934,1.8190598487854004
4500,mla_norope,456,2,10,0.040738727897405624,0.05998978763818741,1.8190598487854004
4500,mla_norope,456,2,11,0.06274637579917908,0.06540167331695557,1.8190598487854004
4500,mla_norope,456,2,12,0.06840118765830994,0.0624648779630661,1.8190598487854004
4500,mla_norope,456,2,13,0.0593452975153923,0.0505414679646492,1.8190598487854004
4500,mla_norope,456,2,14,0.07386820763349533,0.05803647264838219,1.8190598487854004
4500,mla_norope,456,2,15,0.07920572906732559,0.07845733314752579,1.8190598487854004
4500,mla_norope,456,3,0,0.0693555697798729,0.060796674340963364,1.571714162826538
4500,mla_norope,456,3,1,0.0776144415140152,0.0848536267876625,1.571714162826538
4500,mla_norope,456,3,2,0.07147908210754395,0.05855554714798927,1.571714162826538
4500,mla_norope,456,3,3,0.05501556396484375,0.06860391795635223,1.571714162826538
4500,mla_norope,456,3,4,0.08470957726240158,0.06519174575805664,1.571714162826538
4500,mla_norope,456,3,5,0.05222900211811066,0.0587974414229393,1.571714162826538
4500,mla_norope,456,3,6,0.028746338561177254,0.030525248497724533,1.571714162826538
4500,mla_norope,456,3,7,0.09377207607030869,0.06883513182401657,1.571714162826538
4500,mla_norope,456,3,8,0.03905751556158066,0.04777383431792259,1.571714162826538
4500,mla_norope,456,3,9,0.09375131875276566,0.1006535217165947,1.571714162826538
4500,mla_norope,456,3,10,0.051779478788375854,0.059419892728328705,1.571714162826538
4500,mla_norope,456,3,11,0.06254181265830994,0.06538712233304977,1.571714162826538
4500,mla_norope,456,3,12,0.04558298736810684,0.04308629035949707,1.571714162826538
4500,mla_norope,456,3,13,0.061651915311813354,0.07444960623979568,1.571714162826538
4500,mla_norope,456,3,14,0.06265228241682053,0.06344906240701675,1.571714162826538
4500,mla_norope,456,3,15,0.05006103590130806,0.049621328711509705,1.571714162826538
4500,mla_norope,456,4,0,0.0766981989145279,0.061880532652139664,1.599603533744812
4500,mla_norope,456,4,1,0.07641693204641342,0.0786343514919281,1.599603533744812
4500,mla_norope,456,4,2,0.05271708220243454,0.047896720468997955,1.599603533744812
4500,mla_norope,456,4,3,0.07811330258846283,0.08407119661569595,1.599603533744812
4500,mla_norope,456,4,4,0.050061747431755066,0.05835340544581413,1.599603533744812
4500,mla_norope,456,4,5,0.04055379331111908,0.046523936092853546,1.599603533744812
4500,mla_norope,456,4,6,0.06409148871898651,0.06703554093837738,1.599603533744812
4500,mla_norope,456,4,7,0.07709024846553802,0.06871185451745987,1.599603533744812
4500,mla_norope,456,4,8,0.04858957976102829,0.050112780183553696,1.599603533744812
4500,mla_norope,456,4,9,0.06616169959306717,0.06233328580856323,1.599603533744812
4500,mla_norope,456,4,10,0.051479797810316086,0.05320756137371063,1.599603533744812
4500,mla_norope,456,4,11,0.0678018182516098,0.07111036777496338,1.599603533744812
4500,mla_norope,456,4,12,0.06081003695726395,0.06402350217103958,1.599603533744812
4500,mla_norope,456,4,13,0.05505228787660599,0.060923054814338684,1.599603533744812
4500,mla_norope,456,4,14,0.06854410469532013,0.06434231996536255,1.599603533744812
4500,mla_norope,456,4,15,0.06581787019968033,0.0608396977186203,1.599603533744812
4500,mla_norope,456,5,0,0.0617096982896328,0.068923220038414,1.5021162033081055
4500,mla_norope,456,5,1,0.03292348235845566,0.04667554423213005,1.5021162033081055
4500,mla_norope,456,5,2,0.06879577785730362,0.057530879974365234,1.5021162033081055
4500,mla_norope,456,5,3,0.09806487709283829,0.11689895391464233,1.5021162033081055
4500,mla_norope,456,5,4,0.04845692962408066,0.044733040034770966,1.5021162033081055
4500,mla_norope,456,5,5,0.03838002681732178,0.04407328739762306,1.5021162033081055
4500,mla_norope,456,5,6,0.04470865800976753,0.041823115199804306,1.5021162033081055
4500,mla_norope,456,5,7,0.050360411405563354,0.07178731262683868,1.5021162033081055
4500,mla_norope,456,5,8,0.05482299625873566,0.06291883438825607,1.5021162033081055
4500,mla_norope,456,5,9,0.08746755123138428,0.07889285683631897,1.5021162033081055
4500,mla_norope,456,5,10,0.0710308849811554,0.06482981145381927,1.5021162033081055
4500,mla_norope,456,5,11,0.06746246665716171,0.06386871635913849,1.5021162033081055
4500,mla_norope,456,5,12,0.09227070957422256,0.06756281852722168,1.5021162033081055
4500,mla_norope,456,5,13,0.049070943146944046,0.050660207867622375,1.5021162033081055
4500,mla_norope,456,5,14,0.09705372899770737,0.08014508336782455,1.5021162033081055
4500,mla_norope,456,5,15,0.037420857697725296,0.0386764220893383,1.5021162033081055
5000,mla_norope,456,1,0,0.07844370603561401,0.06914693862199783,2.437074899673462
5000,mla_norope,456,1,1,0.07359883934259415,0.06091143190860748,2.437074899673462
5000,mla_norope,456,1,2,0.08155914396047592,0.07276713103055954,2.437074899673462
5000,mla_norope,456,1,3,0.05894124507904053,0.05664459988474846,2.437074899673462
5000,mla_norope,456,1,4,0.06377187371253967,0.06406304985284805,2.437074899673462
5000,mla_norope,456,1,5,0.04788472503423691,0.056287460029125214,2.437074899673462
5000,mla_norope,456,1,6,0.0781714916229248,0.0648312196135521,2.437074899673462
5000,mla_norope,456,1,7,0.06208902969956398,0.05841820314526558,2.437074899673462
5000,mla_norope,456,1,8,0.06479695439338684,0.0669889971613884,2.437074899673462
5000,mla_norope,456,1,9,0.04934529587626457,0.06217856705188751,2.437074899673462
5000,mla_norope,456,1,10,0.03751973435282707,0.06030610576272011,2.437074899673462
5000,mla_norope,456,1,11,0.06508402526378632,0.06327416002750397,2.437074899673462
5000,mla_norope,456,1,12,0.05937754362821579,0.05793208256363869,2.437074899673462
5000,mla_norope,456,1,13,0.06711995601654053,0.057506013661623,2.437074899673462
5000,mla_norope,456,1,14,0.04790079593658447,0.06465762108564377,2.437074899673462
5000,mla_norope,456,1,15,0.06439565122127533,0.06408640742301941,2.437074899673462
5000,mla_norope,456,2,0,0.0487346388399601,0.05580738186836243,1.805342435836792
5000,mla_norope,456,2,1,0.0691794827580452,0.06011919677257538,1.805342435836792
5000,mla_norope,456,2,2,0.07388071715831757,0.060347627848386765,1.805342435836792
5000,mla_norope,456,2,3,0.07220998406410217,0.06737466901540756,1.805342435836792
5000,mla_norope,456,2,4,0.056448161602020264,0.06015674024820328,1.805342435836792
5000,mla_norope,456,2,5,0.07094838470220566,0.07745083421468735,1.805342435836792
5000,mla_norope,456,2,6,0.04770100861787796,0.05506868287920952,1.805342435836792
5000,mla_norope,456,2,7,0.08405537903308868,0.07409285753965378,1.805342435836792
5000,mla_norope,456,2,8,0.05713897570967674,0.05836942046880722,1.805342435836792
5000,mla_norope,456,2,9,0.05529388412833214,0.06130891293287277,1.805342435836792
5000,mla_norope,456,2,10,0.042071226984262466,0.06016766279935837,1.805342435836792
5000,mla_norope,456,2,11,0.05818735808134079,0.0614064484834671,1.805342435836792
5000,mla_norope,456,2,12,0.062474772334098816,0.06101260334253311,1.805342435836792
5000,mla_norope,456,2,13,0.05984802171587944,0.05217917263507843,1.805342435836792
5000,mla_norope,456,2,14,0.07095550745725632,0.05776430293917656,1.805342435836792
5000,mla_norope,456,2,15,0.07087250053882599,0.07737354934215546,1.805342435836792
5000,mla_norope,456,3,0,0.06646616756916046,0.058474451303482056,1.5767289400100708
5000,mla_norope,456,3,1,0.07684367150068283,0.08666491508483887,1.5767289400100708
5000,mla_norope,456,3,2,0.06987233459949493,0.05697696655988693,1.5767289400100708
5000,mla_norope,456,3,3,0.055938925594091415,0.07060446590185165,1.5767289400100708
5000,mla_norope,456,3,4,0.08764587342739105,0.06684215366840363,1.5767289400100708
5000,mla_norope,456,3,5,0.05150197446346283,0.05863645672798157,1.5767289400100708
5000,mla_norope,456,3,6,0.03395996242761612,0.03460392728447914,1.5767289400100708
5000,mla_norope,456,3,7,0.09122314304113388,0.0683627799153328,1.5767289400100708
5000,mla_norope,456,3,8,0.04286142811179161,0.05053381994366646,1.5767289400100708
5000,mla_norope,456,3,9,0.08666829764842987,0.09093033522367477,1.5767289400100708
5000,mla_norope,456,3,10,0.05365915969014168,0.06099361553788185,1.5767289400100708
5000,mla_norope,456,3,11,0.062284138053655624,0.06515476852655411,1.5767289400100708
5000,mla_norope,456,3,12,0.0520210787653923,0.044905051589012146,1.5767289400100708
5000,mla_norope,456,3,13,0.06090362370014191,0.07445535808801651,1.5767289400100708
5000,mla_norope,456,3,14,0.05820363387465477,0.06040795147418976,1.5767289400100708
5000,mla_norope,456,3,15,0.04994659498333931,0.051453132182359695,1.5767289400100708
5000,mla_norope,456,4,0,0.08519205451011658,0.06738608330488205,1.584779143333435
5000,mla_norope,456,4,1,0.08678965270519257,0.0884033814072609,1.584779143333435
5000,mla_norope,456,4,2,0.05261443927884102,0.04828803613781929,1.584779143333435
5000,mla_norope,456,4,3,0.07835408300161362,0.08280015736818314,1.584779143333435
5000,mla_norope,456,4,4,0.05101430416107178,0.05979614332318306,1.584779143333435
5000,mla_norope,456,4,5,0.03506520763039589,0.04210151731967926,1.584779143333435
5000,mla_norope,456,4,6,0.0641925036907196,0.0678449347615242,1.584779143333435
5000,mla_norope,456,4,7,0.07096008211374283,0.06434644758701324,1.584779143333435
5000,mla_norope,456,4,8,0.049794718623161316,0.050561048090457916,1.584779143333435
5000,mla_norope,456,4,9,0.06242482364177704,0.06174194812774658,1.584779143333435
5000,mla_norope,456,4,10,0.05035868287086487,0.05367383360862732,1.584779143333435
5000,mla_norope,456,4,11,0.06691721826791763,0.07002250105142593,1.584779143333435
5000,mla_norope,456,4,12,0.058069050312042236,0.06023513153195381,1.584779143333435
5000,mla_norope,456,4,13,0.05488240718841553,0.05989654362201691,1.584779143333435
5000,mla_norope,456,4,14,0.06806569546461105,0.06295184791088104,1.584779143333435
5000,mla_norope,456,4,15,0.06530507653951645,0.05995049327611923,1.584779143333435
5000,mla_norope,456,5,0,0.06623952090740204,0.07359938323497772,1.5036957263946533
5000,mla_norope,456,5,1,0.033109232783317566,0.0469561330974102,1.5036957263946533
5000,mla_norope,456,5,2,0.07007965445518494,0.0591433010995388,1.5036957263946533
5000,mla_norope,456,5,3,0.0970720425248146,0.11289175599813461,1.5036957263946533
5000,mla_norope,456,5,4,0.044788818806409836,0.04206041246652603,1.5036957263946533
5000,mla_norope,456,5,5,0.03973805904388428,0.04360778257250786,1.5036957263946533
5000,mla_norope,456,5,6,0.044642332941293716,0.04239365831017494,1.5036957263946533
5000,mla_norope,456,5,7,0.04783060774207115,0.06922754645347595,1.5036957263946533
5000,mla_norope,456,5,8,0.054331663995981216,0.06223136931657791,1.5036957263946533
5000,mla_norope,456,5,9,0.08692830055952072,0.07690827548503876,1.5036957263946533
5000,mla_norope,456,5,10,0.07122457027435303,0.06739187240600586,1.5036957263946533
5000,mla_norope,456,5,11,0.06713633239269257,0.06383693218231201,1.5036957263946533
5000,mla_norope,456,5,12,0.08883392065763474,0.06647993624210358,1.5036957263946533
5000,mla_norope,456,5,13,0.05048207566142082,0.05112718418240547,1.5036957263946533
5000,mla_norope,456,5,14,0.10212107002735138,0.08539438247680664,1.5036957263946533
5000,mla_norope,456,5,15,0.035441793501377106,0.03675025328993797,1.5036957263946533
5500,mla_norope,456,1,0,0.07742167264223099,0.0689065232872963,2.414705276489258
5500,mla_norope,456,1,1,0.07133260369300842,0.062482669949531555,2.414705276489258
5500,mla_norope,456,1,2,0.0778413936495781,0.07079895585775375,2.414705276489258
5500,mla_norope,456,1,3,0.06234639510512352,0.05960960313677788,2.414705276489258
5500,mla_norope,456,1,4,0.07291503995656967,0.06787696480751038,2.414705276489258
5500,mla_norope,456,1,5,0.03933878615498543,0.0543888583779335,2.414705276489258
5500,mla_norope,456,1,6,0.06903442740440369,0.06058767810463905,2.414705276489258
5500,mla_norope,456,1,7,0.051536355167627335,0.054174717515707016,2.414705276489258
5500,mla_norope,456,1,8,0.06486653536558151,0.06772074103355408,2.414705276489258
5500,mla_norope,456,1,9,0.05013580247759819,0.06127341091632843,2.414705276489258
5500,mla_norope,456,1,10,0.0566813163459301,0.06356269866228104,2.414705276489258
5500,mla_norope,456,1,11,0.06790690124034882,0.06428578495979309,2.414705276489258
5500,mla_norope,456,1,12,0.0664425641298294,0.06163710355758667,2.414705276489258
5500,mla_norope,456,1,13,0.07375884801149368,0.059382665902376175,2.414705276489258
5500,mla_norope,456,1,14,0.04276489093899727,0.06315231323242188,2.414705276489258
5500,mla_norope,456,1,15,0.05567647144198418,0.060159314423799515,2.414705276489258
5500,mla_norope,456,2,0,0.05092152953147888,0.05618029460310936,1.7743873596191406
5500,mla_norope,456,2,1,0.06427225470542908,0.05861372500658035,1.7743873596191406
5500,mla_norope,456,2,2,0.07955332100391388,0.06465524435043335,1.7743873596191406
5500,mla_norope,456,2,3,0.07327402383089066,0.06633934378623962,1.7743873596191406
5500,mla_norope,456,2,4,0.05347137525677681,0.056064702570438385,1.7743873596191406
5500,mla_norope,456,2,5,0.06535685062408447,0.07332522422075272,1.7743873596191406
5500,mla_norope,456,2,6,0.05123230069875717,0.05849125608801842,1.7743873596191406
5500,mla_norope,456,2,7,0.08923706412315369,0.0783349871635437,1.7743873596191406
5500,mla_norope,456,2,8,0.050268352031707764,0.05423629283905029,1.7743873596191406
5500,mla_norope,456,2,9,0.07095326483249664,0.06700672209262848,1.7743873596191406
5500,mla_norope,456,2,10,0.0396156832575798,0.05870739743113518,1.7743873596191406
5500,mla_norope,456,2,11,0.05573415011167526,0.059207431972026825,1.7743873596191406
5500,mla_norope,456,2,12,0.06333516538143158,0.060155317187309265,1.7743873596191406
5500,mla_norope,456,2,13,0.06358286738395691,0.05554432049393654,1.7743873596191406
5500,mla_norope,456,2,14,0.05339650437235832,0.05021446943283081,1.7743873596191406
5500,mla_norope,456,2,15,0.07579528540372849,0.08292320370674133,1.7743873596191406
5500,mla_norope,456,3,0,0.06486012786626816,0.05666149780154228,1.5555278062820435
5500,mla_norope,456,3,1,0.0760389193892479,0.0857977643609047,1.5555278062820435
5500,mla_norope,456,3,2,0.06507303565740585,0.055626384913921356,1.5555278062820435
5500,mla_norope,456,3,3,0.05508382245898247,0.06801555305719376,1.5555278062820435
5500,mla_norope,456,3,4,0.0894705206155777,0.06975961476564407,1.5555278062820435
5500,mla_norope,456,3,5,0.05188364535570145,0.05902159959077835,1.5555278062820435
5500,mla_norope,456,3,6,0.03399180248379707,0.03484293073415756,1.5555278062820435
5500,mla_norope,456,3,7,0.09628499299287796,0.06987690925598145,1.5555278062820435
5500,mla_norope,456,3,8,0.04068664461374283,0.04909658432006836,1.5555278062820435
5500,mla_norope,456,3,9,0.09320129454135895,0.0985044315457344,1.5555278062820435
5500,mla_norope,456,3,10,0.052422791719436646,0.05947554111480713,1.5555278062820435
5500,mla_norope,456,3,11,0.06323760747909546,0.06727810204029083,1.5555278062820435
5500,mla_norope,456,3,12,0.05497599393129349,0.048641301691532135,1.5555278062820435
5500,mla_norope,456,3,13,0.05948028713464737,0.0711187794804573,1.5555278062820435
5500,mla_norope,456,3,14,0.05721496418118477,0.05824192613363266,1.5555278062820435
5500,mla_norope,456,3,15,0.046093545854091644,0.048041053116321564,1.5555278062820435
5500,mla_norope,456,4,0,0.07949981838464737,0.06259464472532272,1.5984991788864136
5500,mla_norope,456,4,1,0.07888193428516388,0.0809885635972023,1.5984991788864136
5500,mla_norope,456,4,2,0.04916646331548691,0.04708799347281456,1.5984991788864136
5500,mla_norope,456,4,3,0.07619456201791763,0.08219066262245178,1.5984991788864136
5500,mla_norope,456,4,4,0.051265157759189606,0.06017689406871796,1.5984991788864136
5500,mla_norope,456,4,5,0.04136454313993454,0.04635998234152794,1.5984991788864136
5500,mla_norope,456,4,6,0.06190592423081398,0.06509966403245926,1.5984991788864136
5500,mla_norope,456,4,7,0.07343851774930954,0.06481572240591049,1.5984991788864136
5500,mla_norope,456,4,8,0.05296061187982559,0.054838281124830246,1.5984991788864136
5500,mla_norope,456,4,9,0.06289906799793243,0.06152910739183426,1.5984991788864136
5500,mla_norope,456,4,10,0.04864084720611572,0.05019195377826691,1.5984991788864136
5500,mla_norope,456,4,11,0.06934753060340881,0.0726596936583519,1.5984991788864136
5500,mla_norope,456,4,12,0.05866536498069763,0.06288980692625046,1.5984991788864136
5500,mla_norope,456,4,13,0.055687256157398224,0.060707803815603256,1.5984991788864136
5500,mla_norope,456,4,14,0.07394063472747803,0.06575975567102432,1.5984991788864136
5500,mla_norope,456,4,15,0.0661417618393898,0.062109436839818954,1.5984991788864136
5500,mla_norope,456,5,0,0.06540537625551224,0.07198769599199295,1.5264337062835693
5500,mla_norope,456,5,1,0.033743489533662796,0.04802563041448593,1.5264337062835693
5500,mla_norope,456,5,2,0.0683211237192154,0.05706344544887543,1.5264337062835693
5500,mla_norope,456,5,3,0.09585408866405487,0.11066670715808868,1.5264337062835693
5500,mla_norope,456,5,4,0.0452728271484375,0.04318326339125633,1.5264337062835693
5500,mla_norope,456,5,5,0.03921468183398247,0.044236164540052414,1.5264337062835693
5500,mla_norope,456,5,6,0.05053446441888809,0.047355350106954575,1.5264337062835693
5500,mla_norope,456,5,7,0.051003824919462204,0.07307367026805878,1.5264337062835693
5500,mla_norope,456,5,8,0.0541725680232048,0.06171588972210884,1.5264337062835693
5500,mla_norope,456,5,9,0.0876661166548729,0.07969626039266586,1.5264337062835693
5500,mla_norope,456,5,10,0.06622456759214401,0.06279826164245605,1.5264337062835693
5500,mla_norope,456,5,11,0.06635355949401855,0.059784628450870514,1.5264337062835693
5500,mla_norope,456,5,12,0.08797526359558105,0.06740201264619827,1.5264337062835693
5500,mla_norope,456,5,13,0.05145639926195145,0.05266476795077324,1.5264337062835693
5500,mla_norope,456,5,14,0.09769480675458908,0.07956956326961517,1.5264337062835693
5500,mla_norope,456,5,15,0.03910685330629349,0.04077649116516113,1.5264337062835693
6000,mla_norope,456,1,0,0.07480855286121368,0.06651940941810608,2.380424976348877
6000,mla_norope,456,1,1,0.06878570467233658,0.05995417758822441,2.380424976348877
6000,mla_norope,456,1,2,0.08161834627389908,0.07385436445474625,2.380424976348877
6000,mla_norope,456,1,3,0.06332336366176605,0.05992245301604271,2.380424976348877
6000,mla_norope,456,1,4,0.04911560192704201,0.058414116501808167,2.380424976348877
6000,mla_norope,456,1,5,0.04450266435742378,0.05566558241844177,2.380424976348877
6000,mla_norope,456,1,6,0.07106984406709671,0.061751022934913635,2.380424976348877
6000,mla_norope,456,1,7,0.06337137520313263,0.05801253765821457,2.380424976348877
6000,mla_norope,456,1,8,0.07917470484972,0.07233274728059769,2.380424976348877
6000,mla_norope,456,1,9,0.054158326238393784,0.06171715259552002,2.380424976348877
6000,mla_norope,456,1,10,0.036699727177619934,0.0607842318713665,2.380424976348877
6000,mla_norope,456,1,11,0.0596841424703598,0.06104622036218643,2.380424976348877
6000,mla_norope,456,1,12,0.050252076238393784,0.05495933070778847,2.380424976348877
6000,mla_norope,456,1,13,0.08776529878377914,0.06561420857906342,2.380424976348877
6000,mla_norope,456,1,14,0.04926595091819763,0.06389039009809494,2.380424976348877
6000,mla_norope,456,1,15,0.0664043202996254,0.0655619278550148,2.380424976348877
6000,mla_norope,456,2,0,0.04046376422047615,0.05004655942320824,1.7402429580688477
6000,mla_norope,456,2,1,0.05810638517141342,0.055681608617305756,1.7402429580688477
6000,mla_norope,456,2,2,0.07189371436834335,0.0618780255317688,1.7402429580688477
6000,mla_norope,456,2,3,0.07413624972105026,0.06597312539815903,1.7402429580688477
6000,mla_norope,456,2,4,0.0545470155775547,0.05811946839094162,1.7402429580688477
6000,mla_norope,456,2,5,0.06297037750482559,0.0723959431052208,1.7402429580688477
6000,mla_norope,456,2,6,0.04674052074551582,0.05381004884839058,1.7402429580688477
6000,mla_norope,456,2,7,0.08926798403263092,0.08005771785974503,1.7402429580688477
6000,mla_norope,456,2,8,0.06542114168405533,0.06001321226358414,1.7402429580688477
6000,mla_norope,456,2,9,0.06280965358018875,0.06656958907842636,1.7402429580688477
6000,mla_norope,456,2,10,0.039471231400966644,0.05794427916407585,1.7402429580688477
6000,mla_norope,456,2,11,0.05795552581548691,0.059966590255498886,1.7402429580688477
6000,mla_norope,456,2,12,0.06570780277252197,0.06092478334903717,1.7402429580688477
6000,mla_norope,456,2,13,0.06560465693473816,0.05782567337155342,1.7402429580688477
6000,mla_norope,456,2,14,0.06592173129320145,0.055116184055805206,1.7402429580688477
6000,mla_norope,456,2,15,0.07898224145174026,0.08367720246315002,1.7402429580688477
6000,mla_norope,456,3,0,0.06764373928308487,0.05935253947973251,1.513790488243103
6000,mla_norope,456,3,1,0.0802726224064827,0.09002066403627396,1.513790488243103
6000,mla_norope,456,3,2,0.06758484244346619,0.05625249817967415,1.513790488243103
6000,mla_norope,456,3,3,0.058897197246551514,0.07011008262634277,1.513790488243103
6000,mla_norope,456,3,4,0.08983693271875381,0.06843257695436478,1.513790488243103
6000,mla_norope,456,3,5,0.04789327085018158,0.055848024785518646,1.513790488243103
6000,mla_norope,456,3,6,0.030187683179974556,0.031068388372659683,1.513790488243103
6000,mla_norope,456,3,7,0.09735646843910217,0.07151216268539429,1.513790488243103
6000,mla_norope,456,3,8,0.03901092708110809,0.047506216913461685,1.513790488243103
6000,mla_norope,456,3,9,0.08986613154411316,0.09526397287845612,1.513790488243103
6000,mla_norope,456,3,10,0.05122121050953865,0.058829937130212784,1.513790488243103
6000,mla_norope,456,3,11,0.06603210419416428,0.06779850274324417,1.513790488243103
6000,mla_norope,456,3,12,0.05389312654733658,0.046142805367708206,1.513790488243103
6000,mla_norope,456,3,13,0.061891987919807434,0.07808719575405121,1.513790488243103
6000,mla_norope,456,3,14,0.05691691115498543,0.05904747545719147,1.513790488243103
6000,mla_norope,456,3,15,0.04149485379457474,0.04472700506448746,1.513790488243103
6000,mla_norope,456,4,0,0.07373413443565369,0.058739807456731796,1.5574517250061035
6000,mla_norope,456,4,1,0.07816345244646072,0.07949667423963547,1.5574517250061035
6000,mla_norope,456,4,2,0.05419209972023964,0.048497166484594345,1.5574517250061035
6000,mla_norope,456,4,3,0.07989054173231125,0.08435844630002975,1.5574517250061035
6000,mla_norope,456,4,4,0.04954518750309944,0.057927921414375305,1.5574517250061035
6000,mla_norope,456,4,5,0.03679514676332474,0.042314037680625916,1.5574517250061035
6000,mla_norope,456,4,6,0.06689880043268204,0.07191843539476395,1.5574517250061035
6000,mla_norope,456,4,7,0.07568389922380447,0.06660262495279312,1.5574517250061035
6000,mla_norope,456,4,8,0.05171763151884079,0.054796360433101654,1.5574517250061035
6000,mla_norope,456,4,9,0.06628072261810303,0.06360214948654175,1.5574517250061035
6000,mla_norope,456,4,10,0.04699869826436043,0.05091709643602371,1.5574517250061035
6000,mla_norope,456,4,11,0.06495117396116257,0.06945677101612091,1.5574517250061035
6000,mla_norope,456,4,12,0.06533833593130112,0.06821167469024658,1.5574517250061035
6000,mla_norope,456,4,13,0.0566374696791172,0.06087111309170723,1.5574517250061035
6000,mla_norope,456,4,14,0.0700746700167656,0.06475607305765152,1.5574517250061035
6000,mla_norope,456,4,15,0.06309804320335388,0.057533614337444305,1.5574517250061035
6000,mla_norope,456,5,0,0.06597493588924408,0.07434313744306564,1.510481834411621
6000,mla_norope,456,5,1,0.034291788935661316,0.049181338399648666,1.510481834411621
6000,mla_norope,456,5,2,0.06708994507789612,0.0554453544318676,1.510481834411621
6000,mla_norope,456,5,3,0.09617400914430618,0.11039084196090698,1.510481834411621
6000,mla_norope,456,5,4,0.042900796979665756,0.04164314270019531,1.510481834411621
6000,mla_norope,456,5,5,0.03902821987867355,0.04400292783975601,1.510481834411621
6000,mla_norope,456,5,6,0.049293722957372665,0.04521173611283302,1.510481834411621
6000,mla_norope,456,5,7,0.052274882793426514,0.07428202033042908,1.510481834411621
6000,mla_norope,456,5,8,0.05752858519554138,0.06666194647550583,1.510481834411621
6000,mla_norope,456,5,9,0.08577331900596619,0.07434231787919998,1.510481834411621
6000,mla_norope,456,5,10,0.06858775019645691,0.06482655555009842,1.510481834411621
6000,mla_norope,456,5,11,0.07059112191200256,0.06444860249757767,1.510481834411621
6000,mla_norope,456,5,12,0.08528930693864822,0.06407324969768524,1.510481834411621
6000,mla_norope,456,5,13,0.04725026339292526,0.04970612749457359,1.510481834411621
6000,mla_norope,456,5,14,0.10189331322908401,0.08422766625881195,1.510481834411621
6000,mla_norope,456,5,15,0.03605804592370987,0.037213169038295746,1.510481834411621
6500,mla_norope,456,1,0,0.08974019438028336,0.07796435058116913,2.3655850887298584
6500,mla_norope,456,1,1,0.07254262268543243,0.06054703891277313,2.3655850887298584
6500,mla_norope,456,1,2,0.07801076024770737,0.07155917584896088,2.3655850887298584
6500,mla_norope,456,1,3,0.05366617813706398,0.05359683930873871,2.3655850887298584
6500,mla_norope,456,1,4,0.06971415132284164,0.06760985404253006,2.3655850887298584
6500,mla_norope,456,1,5,0.03544555604457855,0.05133651942014694,2.3655850887298584
6500,mla_norope,456,1,6,0.06774159520864487,0.060405272990465164,2.3655850887298584
6500,mla_norope,456,1,7,0.057974040508270264,0.05634469911456108,2.3655850887298584
6500,mla_norope,456,1,8,0.07087016105651855,0.06964599341154099,2.3655850887298584
6500,mla_norope,456,1,9,0.05945403873920441,0.06281939148902893,2.3655850887298584
6500,mla_norope,456,1,10,0.05710337311029434,0.06404752284288406,2.3655850887298584
6500,mla_norope,456,1,11,0.06697886437177658,0.06289121508598328,2.3655850887298584
6500,mla_norope,456,1,12,0.056624144315719604,0.05864845961332321,2.3655850887298584
6500,mla_norope,456,1,13,0.06144754961133003,0.057429540902376175,2.3655850887298584
6500,mla_norope,456,1,14,0.03989603742957115,0.05973869189620018,2.3655850887298584
6500,mla_norope,456,1,15,0.06279072910547256,0.06541544198989868,2.3655850887298584
6500,mla_norope,456,2,0,0.04535837844014168,0.05298823490738869,1.7306288480758667
6500,mla_norope,456,2,1,0.05604451522231102,0.05475522205233574,1.7306288480758667
6500,mla_norope,456,2,2,0.07172291725873947,0.0633678212761879,1.7306288480758667
6500,mla_norope,456,2,3,0.07675628364086151,0.06749774515628815,1.7306288480758667
6500,mla_norope,456,2,4,0.057974446564912796,0.06086956709623337,1.7306288480758667
6500,mla_norope,456,2,5,0.06278371065855026,0.07165312767028809,1.7306288480758667
6500,mla_norope,456,2,6,0.048778075724840164,0.056600697338581085,1.7306288480758667
6500,mla_norope,456,2,7,0.08825042843818665,0.07704563438892365,1.7306288480758667
6500,mla_norope,456,2,8,0.04597758129239082,0.051834192126989365,1.7306288480758667
6500,mla_norope,456,2,9,0.05776204541325569,0.06194601207971573,1.7306288480758667
6500,mla_norope,456,2,10,0.0396035760641098,0.05871922895312309,1.7306288480758667
6500,mla_norope,456,2,11,0.05705474689602852,0.0594971738755703,1.7306288480758667
6500,mla_norope,456,2,12,0.06757039576768875,0.0630362406373024,1.7306288480758667
6500,mla_norope,456,2,13,0.06614705175161362,0.05537492781877518,1.7306288480758667
6500,mla_norope,456,2,14,0.07638885825872421,0.05805182829499245,1.7306288480758667
6500,mla_norope,456,2,15,0.08182698488235474,0.0867621898651123,1.7306288480758667
6500,mla_norope,456,3,0,0.067718505859375,0.06042340025305748,1.4868468046188354
6500,mla_norope,456,3,1,0.08102661371231079,0.08693099021911621,1.4868468046188354
6500,mla_norope,456,3,2,0.07027201354503632,0.056452345103025436,1.4868468046188354
6500,mla_norope,456,3,3,0.05780314281582832,0.06915151327848434,1.4868468046188354
6500,mla_norope,456,3,4,0.09152669459581375,0.07064198702573776,1.4868468046188354
6500,mla_norope,456,3,5,0.04970540478825569,0.05629228055477142,1.4868468046188354
6500,mla_norope,456,3,6,0.031947530806064606,0.03036315366625786,1.4868468046188354
6500,mla_norope,456,3,7,0.09604614228010178,0.07050327211618423,1.4868468046188354
6500,mla_norope,456,3,8,0.037658996880054474,0.04627247899770737,1.4868468046188354
6500,mla_norope,456,3,9,0.09204559028148651,0.09772223979234695,1.4868468046188354
6500,mla_norope,456,3,10,0.055710550397634506,0.06273937225341797,1.4868468046188354
6500,mla_norope,456,3,11,0.06104899197816849,0.06444068253040314,1.4868468046188354
6500,mla_norope,456,3,12,0.04542592540383339,0.043143823742866516,1.4868468046188354
6500,mla_norope,456,3,13,0.06000325456261635,0.07734496146440506,1.4868468046188354
6500,mla_norope,456,3,14,0.0584055595099926,0.061655547469854355,1.4868468046188354
6500,mla_norope,456,3,15,0.043655090034008026,0.045921921730041504,1.4868468046188354
6500,mla_norope,456,4,0,0.08705657720565796,0.0682232603430748,1.5384254455566406
6500,mla_norope,456,4,1,0.07887440919876099,0.08126265555620193,1.5384254455566406
6500,mla_norope,456,4,2,0.05440917983651161,0.049496982246637344,1.5384254455566406
6500,mla_norope,456,4,3,0.0712730884552002,0.07618676126003265,1.5384254455566406
6500,mla_norope,456,4,4,0.05490783601999283,0.06434258073568344,1.5384254455566406
6500,mla_norope,456,4,5,0.037881672382354736,0.04389369115233421,1.5384254455566406
6500,mla_norope,456,4,6,0.06139851734042168,0.06547388434410095,1.5384254455566406
6500,mla_norope,456,4,7,0.07840484380722046,0.06972305476665497,1.5384254455566406
6500,mla_norope,456,4,8,0.050001729279756546,0.053343530744314194,1.5384254455566406
6500,mla_norope,456,4,9,0.06679046899080276,0.06558974087238312,1.5384254455566406
6500,mla_norope,456,4,10,0.04819386824965477,0.05131318047642708,1.5384254455566406
6500,mla_norope,456,4,11,0.061093952506780624,0.06538237631320953,1.5384254455566406
6500,mla_norope,456,4,12,0.05753784254193306,0.0599723681807518,1.5384254455566406
6500,mla_norope,456,4,13,0.053625792264938354,0.057227861136198044,1.5384254455566406
6500,mla_norope,456,4,14,0.07441029697656631,0.06841475516557693,1.5384254455566406
6500,mla_norope,456,4,15,0.06413991004228592,0.060153063386678696,1.5384254455566406
6500,mla_norope,456,5,0,0.06227071210741997,0.06974010914564133,1.4872924089431763
6500,mla_norope,456,5,1,0.035420939326286316,0.049408551305532455,1.4872924089431763
6500,mla_norope,456,5,2,0.0664876326918602,0.05526631698012352,1.4872924089431763
6500,mla_norope,456,5,3,0.09497518092393875,0.10802754759788513,1.4872924089431763
6500,mla_norope,456,5,4,0.0450935885310173,0.04441908374428749,1.4872924089431763
6500,mla_norope,456,5,5,0.039504293352365494,0.04462505504488945,1.4872924089431763
6500,mla_norope,456,5,6,0.05058685317635536,0.04515886679291725,1.4872924089431763
6500,mla_norope,456,5,7,0.0478750616312027,0.06932410597801208,1.4872924089431763
6500,mla_norope,456,5,8,0.055205076932907104,0.06210291013121605,1.4872924089431763
6500,mla_norope,456,5,9,0.0919894427061081,0.08285143226385117,1.4872924089431763
6500,mla_norope,456,5,10,0.06833852082490921,0.06498746573925018,1.4872924089431763
6500,mla_norope,456,5,11,0.06259582191705704,0.05800020322203636,1.4872924089431763
6500,mla_norope,456,5,12,0.08887623995542526,0.06987284123897552,1.4872924089431763
6500,mla_norope,456,5,13,0.05052896961569786,0.0533745139837265,1.4872924089431763
6500,mla_norope,456,5,14,0.1042398065328598,0.08586735278367996,1.4872924089431763
6500,mla_norope,456,5,15,0.03601185977458954,0.03697367012500763,1.4872924089431763
7000,mla_norope,456,1,0,0.0755552127957344,0.06988099962472916,2.3425722122192383
7000,mla_norope,456,1,1,0.06682068109512329,0.05736382678151131,2.3425722122192383
7000,mla_norope,456,1,2,0.07999837398529053,0.0729779452085495,2.3425722122192383
7000,mla_norope,456,1,3,0.060486551374197006,0.05880154296755791,2.3425722122192383
7000,mla_norope,456,1,4,0.05347289890050888,0.06065775454044342,2.3425722122192383
7000,mla_norope,456,1,5,0.048004150390625,0.05645289272069931,2.3425722122192383
7000,mla_norope,456,1,6,0.07516693323850632,0.06569402664899826,2.3425722122192383
7000,mla_norope,456,1,7,0.055816955864429474,0.055282365530729294,2.3425722122192383
7000,mla_norope,456,1,8,0.05627543106675148,0.06500299274921417,2.3425722122192383
7000,mla_norope,456,1,9,0.05228739604353905,0.06007886305451393,2.3425722122192383
7000,mla_norope,456,1,10,0.06778564304113388,0.06732124090194702,2.3425722122192383
7000,mla_norope,456,1,11,0.06484995782375336,0.06269846111536026,2.3425722122192383
7000,mla_norope,456,1,12,0.06229695677757263,0.05969265475869179,2.3425722122192383
7000,mla_norope,456,1,13,0.07065195590257645,0.06095775589346886,2.3425722122192383
7000,mla_norope,456,1,14,0.04508616030216217,0.060934945940971375,2.3425722122192383
7000,mla_norope,456,1,15,0.06544474512338638,0.06620192527770996,2.3425722122192383
7000,mla_norope,456,2,0,0.04638417437672615,0.05342733487486839,1.7268242835998535
7000,mla_norope,456,2,1,0.06258473545312881,0.05744270980358124,1.7268242835998535
7000,mla_norope,456,2,2,0.07220032066106796,0.06375904381275177,1.7268242835998535
7000,mla_norope,456,2,3,0.07520497590303421,0.06771627813577652,1.7268242835998535
7000,mla_norope,456,2,4,0.05543375760316849,0.05909252166748047,1.7268242835998535
7000,mla_norope,456,2,5,0.0665358453989029,0.07638586312532425,1.7268242835998535
7000,mla_norope,456,2,6,0.0525868721306324,0.05852757766842842,1.7268242835998535
7000,mla_norope,456,2,7,0.08544474095106125,0.0743146613240242,1.7268242835998535
7000,mla_norope,456,2,8,0.04835011810064316,0.05309772491455078,1.7268242835998535
7000,mla_norope,456,2,9,0.06139923259615898,0.06429271399974823,1.7268242835998535
7000,mla_norope,456,2,10,0.0400950126349926,0.059319764375686646,1.7268242835998535
7000,mla_norope,456,2,11,0.055234070867300034,0.05648919567465782,1.7268242835998535
7000,mla_norope,456,2,12,0.06598246097564697,0.0626361146569252,1.7268242835998535
7000,mla_norope,456,2,13,0.06544861197471619,0.0571029856801033,1.7268242835998535
7000,mla_norope,456,2,14,0.0734017938375473,0.05753976106643677,1.7268242835998535
7000,mla_norope,456,2,15,0.0737132802605629,0.07885568588972092,1.7268242835998535
7000,mla_norope,456,3,0,0.06552805751562119,0.058896102011203766,1.4907170534133911
7000,mla_norope,456,3,1,0.07453999668359756,0.08324818313121796,1.4907170534133911
7000,mla_norope,456,3,2,0.06760457158088684,0.05493137240409851,1.4907170534133911
7000,mla_norope,456,3,3,0.056679483503103256,0.06840231269598007,1.4907170534133911
7000,mla_norope,456,3,4,0.09467234462499619,0.07200659066438675,1.4907170534133911
7000,mla_norope,456,3,5,0.05224365368485451,0.0575716607272625,1.4907170534133911
7000,mla_norope,456,3,6,0.032625019550323486,0.030581636354327202,1.4907170534133911
7000,mla_norope,456,3,7,0.09546376764774323,0.06897249817848206,1.4907170534133911
7000,mla_norope,456,3,8,0.03512430936098099,0.04430157318711281,1.4907170534133911
7000,mla_norope,456,3,9,0.09356577694416046,0.0995904803276062,1.4907170534133911
7000,mla_norope,456,3,10,0.056261900812387466,0.06562712788581848,1.4907170534133911
7000,mla_norope,456,3,11,0.06312703341245651,0.06677982956171036,1.4907170534133911
7000,mla_norope,456,3,12,0.04876546189188957,0.04340085759758949,1.4907170534133911
7000,mla_norope,456,3,13,0.060009460896253586,0.07878684997558594,1.4907170534133911
7000,mla_norope,456,3,14,0.05704640597105026,0.05981344357132912,1.4907170534133911
7000,mla_norope,456,3,15,0.0467427559196949,0.04708941653370857,1.4907170534133911
7000,mla_norope,456,4,0,0.08309245109558105,0.06479529291391373,1.566786289215088
7000,mla_norope,456,4,1,0.07964528352022171,0.08040474355220795,1.566786289215088
7000,mla_norope,456,4,2,0.05509582534432411,0.050992727279663086,1.566786289215088
7000,mla_norope,456,4,3,0.06877431273460388,0.0732448548078537,1.566786289215088
7000,mla_norope,456,4,4,0.05140828341245651,0.060806408524513245,1.566786289215088
7000,mla_norope,456,4,5,0.039527688175439835,0.04379644617438316,1.566786289215088
7000,mla_norope,456,4,6,0.06261942535638809,0.06745045632123947,1.566786289215088
7000,mla_norope,456,4,7,0.07522755861282349,0.06745318323373795,1.566786289215088
7000,mla_norope,456,4,8,0.052792053669691086,0.0563969612121582,1.566786289215088
7000,mla_norope,456,4,9,0.0625375360250473,0.061711303889751434,1.566786289215088
7000,mla_norope,456,4,10,0.047858987003564835,0.05143418535590172,1.566786289215088
7000,mla_norope,456,4,11,0.07032592594623566,0.07429033517837524,1.566786289215088
7000,mla_norope,456,4,12,0.057095643132925034,0.060791656374931335,1.566786289215088
7000,mla_norope,456,4,13,0.0556691475212574,0.059871528297662735,1.566786289215088
7000,mla_norope,456,4,14,0.07317494601011276,0.06592582166194916,1.566786289215088
7000,mla_norope,456,4,15,0.06515492498874664,0.06063423305749893,1.566786289215088
7000,mla_norope,456,5,0,0.06590301543474197,0.07409007102251053,1.5030449628829956
7000,mla_norope,456,5,1,0.03366556763648987,0.04719572514295578,1.5030449628829956
7000,mla_norope,456,5,2,0.07346323877573013,0.06157691776752472,1.5030449628829956
7000,mla_norope,456,5,3,0.09546925872564316,0.10915294289588928,1.5030449628829956
7000,mla_norope,456,5,4,0.041339416056871414,0.040269311517477036,1.5030449628829956
7000,mla_norope,456,5,5,0.03952229768037796,0.04433600604534149,1.5030449628829956
7000,mla_norope,456,5,6,0.050370484590530396,0.04493303596973419,1.5030449628829956
7000,mla_norope,456,5,7,0.04726918414235115,0.07004254311323166,1.5030449628829956
7000,mla_norope,456,5,8,0.056540220975875854,0.06529352813959122,1.5030449628829956
7000,mla_norope,456,5,9,0.09056548774242401,0.07962378114461899,1.5030449628829956
7000,mla_norope,456,5,10,0.06421580165624619,0.06333459168672562,1.5030449628829956
7000,mla_norope,456,5,11,0.061849262565374374,0.0576656199991703,1.5030449628829956
7000,mla_norope,456,5,12,0.08833089470863342,0.06969836354255676,1.5030449628829956
7000,mla_norope,456,5,13,0.0495452880859375,0.05275139957666397,1.5030449628829956
7000,mla_norope,456,5,14,0.10424754023551941,0.08181441575288773,1.5030449628829956
7000,mla_norope,456,5,15,0.03770304471254349,0.03822176530957222,1.5030449628829956
7500,mla_norope,456,1,0,0.07365732640028,0.06934353709220886,2.3271825313568115
7500,mla_norope,456,1,1,0.08812195062637329,0.0689011961221695,2.3271825313568115
7500,mla_norope,456,1,2,0.07599080353975296,0.0712517574429512,2.3271825313568115
7500,mla_norope,456,1,3,0.06489644199609756,0.06235579773783684,2.3271825313568115
7500,mla_norope,456,1,4,0.05608479678630829,0.060926925390958786,2.3271825313568115
7500,mla_norope,456,1,5,0.043081462383270264,0.05397415906190872,2.3271825313568115
7500,mla_norope,456,1,6,0.07512756437063217,0.06562617421150208,2.3271825313568115
7500,mla_norope,456,1,7,0.0547383613884449,0.05462275817990303,2.3271825313568115
7500,mla_norope,456,1,8,0.06610168516635895,0.0666617900133133,2.3271825313568115
7500,mla_norope,456,1,9,0.056228842586278915,0.06091523543000221,2.3271825313568115
7500,mla_norope,456,1,10,0.05088541656732559,0.06305037438869476,2.3271825313568115
7500,mla_norope,456,1,11,0.05763794109225273,0.060450222343206406,2.3271825313568115
7500,mla_norope,456,1,12,0.05643778666853905,0.05774883180856705,2.3271825313568115
7500,mla_norope,456,1,13,0.06316599249839783,0.05787196010351181,2.3271825313568115
7500,mla_norope,456,1,14,0.057768553495407104,0.06365753710269928,2.3271825313568115
7500,mla_norope,456,1,15,0.060075074434280396,0.06264180690050125,2.3271825313568115
7500,mla_norope,456,2,0,0.03924397751688957,0.04937054589390755,1.692168116569519
7500,mla_norope,456,2,1,0.054608460515737534,0.051002275198698044,1.692168116569519
7500,mla_norope,456,2,2,0.0745963528752327,0.064839206635952,1.692168116569519
7500,mla_norope,456,2,3,0.0810648575425148,0.07227247953414917,1.692168116569519
7500,mla_norope,456,2,4,0.05483805388212204,0.057775940746068954,1.692168116569519
7500,mla_norope,456,2,5,0.06720377504825592,0.0790233463048935,1.692168116569519
7500,mla_norope,456,2,6,0.04718993976712227,0.054224349558353424,1.692168116569519
7500,mla_norope,456,2,7,0.09291127324104309,0.08064541220664978,1.692168116569519
7500,mla_norope,456,2,8,0.0471833311021328,0.05230574682354927,1.692168116569519
7500,mla_norope,456,2,9,0.06134592741727829,0.0643564909696579,1.692168116569519
7500,mla_norope,456,2,10,0.039046935737133026,0.05803539231419563,1.692168116569519
7500,mla_norope,456,2,11,0.05795644223690033,0.0604255236685276,1.692168116569519
7500,mla_norope,456,2,12,0.06853047758340836,0.0634322389960289,1.692168116569519
7500,mla_norope,456,2,13,0.06922658532857895,0.057121969759464264,1.692168116569519
7500,mla_norope,456,2,14,0.07483378052711487,0.0566478967666626,1.692168116569519
7500,mla_norope,456,2,15,0.07021982967853546,0.07852109521627426,1.692168116569519
7500,mla_norope,456,3,0,0.06432617455720901,0.05758773908019066,1.4725250005722046
7500,mla_norope,456,3,1,0.0772082507610321,0.08518312871456146,1.4725250005722046
7500,mla_norope,456,3,2,0.06843119114637375,0.0576794296503067,1.4725250005722046
7500,mla_norope,456,3,3,0.057573139667510986,0.06830742210149765,1.4725250005722046
7500,mla_norope,456,3,4,0.0967635065317154,0.07488493621349335,1.4725250005722046
7500,mla_norope,456,3,5,0.05078186094760895,0.05649484694004059,1.4725250005722046
7500,mla_norope,456,3,6,0.03262573108077049,0.03108809143304825,1.4725250005722046
7500,mla_norope,456,3,7,0.09499868005514145,0.06924542784690857,1.4725250005722046
7500,mla_norope,456,3,8,0.038011372089385986,0.0463523305952549,1.4725250005722046
7500,mla_norope,456,3,9,0.09278777986764908,0.09857367724180222,1.4725250005722046
7500,mla_norope,456,3,10,0.05331624299287796,0.06185304746031761,1.4725250005722046
7500,mla_norope,456,3,11,0.06414113193750381,0.06732174009084702,1.4725250005722046
7500,mla_norope,456,3,12,0.045402221381664276,0.041311752051115036,1.4725250005722046
7500,mla_norope,456,3,13,0.05976247042417526,0.07655932754278183,1.4725250005722046
7500,mla_norope,456,3,14,0.058259785175323486,0.061251938343048096,1.4725250005722046
7500,mla_norope,456,3,15,0.0456104539334774,0.04630499705672264,1.4725250005722046
7500,mla_norope,456,4,0,0.08156850188970566,0.06306859105825424,1.5440846681594849
7500,mla_norope,456,4,1,0.08005869388580322,0.08012469112873077,1.5440846681594849
7500,mla_norope,456,4,2,0.057799987494945526,0.05307132378220558,1.5440846681594849
7500,mla_norope,456,4,3,0.07341217249631882,0.07865074276924133,1.5440846681594849
7500,mla_norope,456,4,4,0.05282745510339737,0.062057387083768845,1.5440846681594849
7500,mla_norope,456,4,5,0.03816213086247444,0.043368902057409286,1.5440846681594849
7500,mla_norope,456,4,6,0.06359415501356125,0.06811890751123428,1.5440846681594849
7500,mla_norope,456,4,7,0.07576233148574829,0.06824179738759995,1.5440846681594849
7500,mla_norope,456,4,8,0.047049764543771744,0.050346385687589645,1.5440846681594849
7500,mla_norope,456,4,9,0.06271504610776901,0.06097231060266495,1.5440846681594849
7500,mla_norope,456,4,10,0.044288430362939835,0.04820198938250542,1.5440846681594849
7500,mla_norope,456,4,11,0.06742747128009796,0.07190075516700745,1.5440846681594849
7500,mla_norope,456,4,12,0.06105855479836464,0.06350971013307571,1.5440846681594849
7500,mla_norope,456,4,13,0.0536670945584774,0.05789100006222725,1.5440846681594849
7500,mla_norope,456,4,14,0.07605540007352829,0.0694311112165451,1.5440846681594849
7500,mla_norope,456,4,15,0.06455281376838684,0.06104430556297302,1.5440846681594849
7500,mla_norope,456,5,0,0.06395914405584335,0.07171188294887543,1.5004074573516846
7500,mla_norope,456,5,1,0.03357411548495293,0.048191722482442856,1.5004074573516846
7500,mla_norope,456,5,2,0.07263194024562836,0.06182390823960304,1.5004074573516846
7500,mla_norope,456,5,3,0.09788462519645691,0.1109713613986969,1.5004074573516846
7500,mla_norope,456,5,4,0.04460449144244194,0.04386584833264351,1.5004074573516846
7500,mla_norope,456,5,5,0.03916687145829201,0.045492012053728104,1.5004074573516846
7500,mla_norope,456,5,6,0.049889322370290756,0.04342808201909065,1.5004074573516846
7500,mla_norope,456,5,7,0.04980885982513428,0.07146096974611282,1.5004074573516846
7500,mla_norope,456,5,8,0.053725484758615494,0.060390982776880264,1.5004074573516846
7500,mla_norope,456,5,9,0.08885426819324493,0.07695356756448746,1.5004074573516846
7500,mla_norope,456,5,10,0.06520294398069382,0.06553409993648529,1.5004074573516846
7500,mla_norope,456,5,11,0.06152964383363724,0.056984029710292816,1.5004074573516846
7500,mla_norope,456,5,12,0.08805491030216217,0.0684848502278328,1.5004074573516846
7500,mla_norope,456,5,13,0.050823770463466644,0.05392840877175331,1.5004074573516846
7500,mla_norope,456,5,14,0.10405416041612625,0.08208727836608887,1.5004074573516846
7500,mla_norope,456,5,15,0.03623545169830322,0.03869105875492096,1.5004074573516846
8000,mla_norope,456,1,0,0.07471486181020737,0.06942681223154068,2.309373617172241
8000,mla_norope,456,1,1,0.08405406028032303,0.0670013353228569,2.309373617172241
8000,mla_norope,456,1,2,0.07395202666521072,0.06876009702682495,2.309373617172241
8000,mla_norope,456,1,3,0.05849934741854668,0.0587288923561573,2.309373617172241
8000,mla_norope,456,1,4,0.06511932611465454,0.06556649506092072,2.309373617172241
8000,mla_norope,456,1,5,0.048773497343063354,0.05477843061089516,2.309373617172241
8000,mla_norope,456,1,6,0.06841593235731125,0.06114179641008377,2.309373617172241
8000,mla_norope,456,1,7,0.055222779512405396,0.05526716262102127,2.309373617172241
8000,mla_norope,456,1,8,0.05963083729147911,0.06572874635457993,2.309373617172241
8000,mla_norope,456,1,9,0.04297586902976036,0.05700646713376045,2.309373617172241
8000,mla_norope,456,1,10,0.044602762907743454,0.060393836349248886,2.309373617172241
8000,mla_norope,456,1,11,0.06947184354066849,0.06633520126342773,2.309373617172241
8000,mla_norope,456,1,12,0.06070597469806671,0.05945596098899841,2.309373617172241
8000,mla_norope,456,1,13,0.06767883151769638,0.060486000031232834,2.309373617172241
8000,mla_norope,456,1,14,0.061500754207372665,0.0641338899731636,2.309373617172241
8000,mla_norope,456,1,15,0.0646812915802002,0.0657888799905777,2.309373617172241
8000,mla_norope,456,2,0,0.0440959669649601,0.05228104442358017,1.6863363981246948
8000,mla_norope,456,2,1,0.059829406440258026,0.05554774031043053,1.6863363981246948
8000,mla_norope,456,2,2,0.07342223823070526,0.06328868865966797,1.6863363981246948
8000,mla_norope,456,2,3,0.07831848412752151,0.06806156039237976,1.6863363981246948
8000,mla_norope,456,2,4,0.04971883073449135,0.053629398345947266,1.6863363981246948
8000,mla_norope,456,2,5,0.06928873807191849,0.08031588047742844,1.6863363981246948
8000,mla_norope,456,2,6,0.04981394484639168,0.057327937334775925,1.6863363981246948
8000,mla_norope,456,2,7,0.09033660590648651,0.0786476656794548,1.6863363981246948
8000,mla_norope,456,2,8,0.048711445182561874,0.05290737748146057,1.6863363981246948
8000,mla_norope,456,2,9,0.05715881288051605,0.061691589653491974,1.6863363981246948
8000,mla_norope,456,2,10,0.0377788282930851,0.05603596940636635,1.6863363981246948
8000,mla_norope,456,2,11,0.05769104138016701,0.05936339870095253,1.6863363981246948
8000,mla_norope,456,2,12,0.06758137792348862,0.06326192617416382,1.6863363981246948
8000,mla_norope,456,2,13,0.07303761690855026,0.06048259139060974,1.6863363981246948
8000,mla_norope,456,2,14,0.06709086149930954,0.05335604399442673,1.6863363981246948
8000,mla_norope,456,2,15,0.07612579315900803,0.08380120247602463,1.6863363981246948
8000,mla_norope,456,3,0,0.06874623894691467,0.0603816919028759,1.4740928411483765
8000,mla_norope,456,3,1,0.0767047107219696,0.08299178630113602,1.4740928411483765
8000,mla_norope,456,3,2,0.06977824121713638,0.05733533948659897,1.4740928411483765
8000,mla_norope,456,3,3,0.0544770322740078,0.06677743047475815,1.4740928411483765
8000,mla_norope,456,3,4,0.09411783516407013,0.07223508507013321,1.4740928411483765
8000,mla_norope,456,3,5,0.05489562824368477,0.0582575723528862,1.4740928411483765
8000,mla_norope,456,3,6,0.031762897968292236,0.03029596246778965,1.4740928411483765
8000,mla_norope,456,3,7,0.09661417454481125,0.07185699790716171,1.4740928411483765
8000,mla_norope,456,3,8,0.0363730862736702,0.04530034959316254,1.4740928411483765
8000,mla_norope,456,3,9,0.09015563875436783,0.09720243513584137,1.4740928411483765
8000,mla_norope,456,3,10,0.05410115420818329,0.062343426048755646,1.4740928411483765
8000,mla_norope,456,3,11,0.06333475559949875,0.06750351935625076,1.4740928411483765
8000,mla_norope,456,3,12,0.04585215076804161,0.04227086529135704,1.4740928411483765
8000,mla_norope,456,3,13,0.0593547560274601,0.07793960720300674,1.4740928411483765
8000,mla_norope,456,3,14,0.059659626334905624,0.062142010778188705,1.4740928411483765
8000,mla_norope,456,3,15,0.04407206177711487,0.04516591876745224,1.4740928411483765
8000,mla_norope,456,4,0,0.08164256066083908,0.06514100730419159,1.5256097316741943
8000,mla_norope,456,4,1,0.08243164420127869,0.08435308188199997,1.5256097316741943
8000,mla_norope,456,4,2,0.0562865175306797,0.05111360922455788,1.5256097316741943
8000,mla_norope,456,4,3,0.07619211822748184,0.0817880854010582,1.5256097316741943
8000,mla_norope,456,4,4,0.052245788276195526,0.061221204698085785,1.5256097316741943
8000,mla_norope,456,4,5,0.03776092454791069,0.042863838374614716,1.5256097316741943
8000,mla_norope,456,4,6,0.06505431979894638,0.06965035200119019,1.5256097316741943
8000,mla_norope,456,4,7,0.07831227779388428,0.07101418823003769,1.5256097316741943
8000,mla_norope,456,4,8,0.047317299991846085,0.050431303679943085,1.5256097316741943
8000,mla_norope,456,4,9,0.06127685680985451,0.060384172946214676,1.5256097316741943
8000,mla_norope,456,4,10,0.048275452107191086,0.049997493624687195,1.5256097316741943
8000,mla_norope,456,4,11,0.06187998503446579,0.0670321062207222,1.5256097316741943
8000,mla_norope,456,4,12,0.05999755859375,0.062365829944610596,1.5256097316741943
8000,mla_norope,456,4,13,0.053602803498506546,0.05696512386202812,1.5256097316741943
8000,mla_norope,456,4,14,0.07492655515670776,0.06807992607355118,1.5256097316741943
8000,mla_norope,456,4,15,0.06279734522104263,0.057598602026700974,1.5256097316741943
8000,mla_norope,456,5,0,0.06517455726861954,0.07459209114313126,1.5092321634292603
8000,mla_norope,456,5,1,0.03490356355905533,0.04868238791823387,1.5092321634292603
8000,mla_norope,456,5,2,0.07021799683570862,0.05838412418961525,1.5092321634292603
8000,mla_norope,456,5,3,0.09565164893865585,0.10745739936828613,1.5092321634292603
8000,mla_norope,456,5,4,0.04229685291647911,0.040326979011297226,1.5092321634292603
8000,mla_norope,456,5,5,0.03893239423632622,0.043272338807582855,1.5092321634292603
8000,mla_norope,456,5,6,0.04987538605928421,0.04426080733537674,1.5092321634292603
8000,mla_norope,456,5,7,0.04532267153263092,0.06852078437805176,1.5092321634292603
8000,mla_norope,456,5,8,0.0560576356947422,0.0642259493470192,1.5092321634292603
8000,mla_norope,456,5,9,0.09112843871116638,0.07879286259412766,1.5092321634292603
8000,mla_norope,456,5,10,0.06704162806272507,0.06720081716775894,1.5092321634292603
8000,mla_norope,456,5,11,0.0671532154083252,0.061520520597696304,1.5092321634292603
8000,mla_norope,456,5,12,0.08809122443199158,0.06962446123361588,1.5092321634292603
8000,mla_norope,456,5,13,0.04563029110431671,0.050056520849466324,1.5092321634292603
8000,mla_norope,456,5,14,0.10467244684696198,0.0839325487613678,1.5092321634292603
8000,mla_norope,456,5,15,0.0378500372171402,0.03914949670433998,1.5092321634292603
8500,mla_norope,456,1,0,0.07408813387155533,0.07041794061660767,2.291672706604004
8500,mla_norope,456,1,1,0.08107950538396835,0.06745997071266174,2.291672706604004
8500,mla_norope,456,1,2,0.07506754249334335,0.07001472264528275,2.291672706604004
8500,mla_norope,456,1,3,0.05668751895427704,0.056991152465343475,2.291672706604004
8500,mla_norope,456,1,4,0.06251363456249237,0.06367002427577972,2.291672706604004
8500,mla_norope,456,1,5,0.04509328305721283,0.053916264325380325,2.291672706604004
8500,mla_norope,456,1,6,0.0711371898651123,0.063260518014431,2.291672706604004
8500,mla_norope,456,1,7,0.0586802177131176,0.05498478561639786,2.291672706604004
8500,mla_norope,456,1,8,0.062260232865810394,0.06665974110364914,2.291672706604004
8500,mla_norope,456,1,9,0.06138753145933151,0.06193114444613457,2.291672706604004
8500,mla_norope,456,1,10,0.05370137467980385,0.06199129670858383,2.291672706604004
8500,mla_norope,456,1,11,0.06353627890348434,0.06355167925357819,2.291672706604004
8500,mla_norope,456,1,12,0.0645102933049202,0.06240902096033096,2.291672706604004
8500,mla_norope,456,1,13,0.0636361688375473,0.057789530605077744,2.291672706604004
8500,mla_norope,456,1,14,0.04337615892291069,0.05941313877701759,2.291672706604004
8500,mla_norope,456,1,15,0.06324493139982224,0.06553907692432404,2.291672706604004
8500,mla_norope,456,2,0,0.04072875902056694,0.05097866430878639,1.6798131465911865
8500,mla_norope,456,2,1,0.059898070991039276,0.05526624619960785,1.6798131465911865
8500,mla_norope,456,2,2,0.08318369835615158,0.0711745098233223,1.6798131465911865
8500,mla_norope,456,2,3,0.07854197174310684,0.06828303635120392,1.6798131465911865
8500,mla_norope,456,2,4,0.05114593356847763,0.05503695085644722,1.6798131465911865
8500,mla_norope,456,2,5,0.06726236641407013,0.07933998107910156,1.6798131465911865
8500,mla_norope,456,2,6,0.051131997257471085,0.05844264477491379,1.6798131465911865
8500,mla_norope,456,2,7,0.08803781867027283,0.0769077017903328,1.6798131465911865
8500,mla_norope,456,2,8,0.05122680589556694,0.05531052127480507,1.6798131465911865
8500,mla_norope,456,2,9,0.06996358186006546,0.06855446100234985,1.6798131465911865
8500,mla_norope,456,2,10,0.039985451847314835,0.05844154208898544,1.6798131465911865
8500,mla_norope,456,2,11,0.05622151866555214,0.057687364518642426,1.6798131465911865
8500,mla_norope,456,2,12,0.06637054681777954,0.0627925917506218,1.6798131465911865
8500,mla_norope,456,2,13,0.06343983858823776,0.05311145633459091,1.6798131465911865
8500,mla_norope,456,2,14,0.06532633304595947,0.05235925689339638,1.6798131465911865
8500,mla_norope,456,2,15,0.06753529608249664,0.07631312310695648,1.6798131465911865
8500,mla_norope,456,3,0,0.06502990424633026,0.057479966431856155,1.477319359779358
8500,mla_norope,456,3,1,0.07865448296070099,0.08667958527803421,1.477319359779358
8500,mla_norope,456,3,2,0.06406087428331375,0.054574884474277496,1.477319359779358
8500,mla_norope,456,3,3,0.05625305324792862,0.06767253577709198,1.477319359779358
8500,mla_norope,456,3,4,0.09526000916957855,0.07311393320560455,1.477319359779358
8500,mla_norope,456,3,5,0.057120565325021744,0.05987399443984032,1.477319359779358
8500,mla_norope,456,3,6,0.032943014055490494,0.03114239312708378,1.477319359779358
8500,mla_norope,456,3,7,0.09765482693910599,0.07421858608722687,1.477319359779358
8500,mla_norope,456,3,8,0.03727070987224579,0.04690888524055481,1.477319359779358
8500,mla_norope,456,3,9,0.09074747562408447,0.09381374716758728,1.477319359779358
8500,mla_norope,456,3,10,0.05341186374425888,0.061453305184841156,1.477319359779358
8500,mla_norope,456,3,11,0.06385650485754013,0.06697440147399902,1.477319359779358
8500,mla_norope,456,3,12,0.04659667983651161,0.04231703653931618,1.477319359779358
8500,mla_norope,456,3,13,0.059787191450595856,0.07910172641277313,1.477319359779358
8500,mla_norope,456,3,14,0.057353414595127106,0.059915848076343536,1.477319359779358
8500,mla_norope,456,3,15,0.043999429792165756,0.04475919157266617,1.477319359779358
8500,mla_norope,456,4,0,0.08527354151010513,0.0664956271648407,1.5403259992599487
8500,mla_norope,456,4,1,0.08011993765830994,0.08054797351360321,1.5403259992599487
8500,mla_norope,456,4,2,0.05681305006146431,0.05193379521369934,1.5403259992599487
8500,mla_norope,456,4,3,0.07856038212776184,0.08423623442649841,1.5403259992599487
8500,mla_norope,456,4,4,0.050630901008844376,0.06029277667403221,1.5403259992599487
8500,mla_norope,456,4,5,0.040741778910160065,0.04483657702803612,1.5403259992599487
8500,mla_norope,456,4,6,0.06132456287741661,0.0652962476015091,1.5403259992599487
8500,mla_norope,456,4,7,0.0746014416217804,0.0671999529004097,1.5403259992599487
8500,mla_norope,456,4,8,0.047503966838121414,0.050123538821935654,1.5403259992599487
8500,mla_norope,456,4,9,0.06142893433570862,0.0610639825463295,1.5403259992599487
8500,mla_norope,456,4,10,0.047979939728975296,0.050258390605449677,1.5403259992599487
8500,mla_norope,456,4,11,0.06431620568037033,0.06917880475521088,1.5403259992599487
8500,mla_norope,456,4,12,0.05978546291589737,0.06233019009232521,1.5403259992599487
8500,mla_norope,456,4,13,0.05262796953320503,0.05698265880346298,1.5403259992599487
8500,mla_norope,456,4,14,0.07069346308708191,0.06444469094276428,1.5403259992599487
8500,mla_norope,456,4,15,0.06759846955537796,0.06477856636047363,1.5403259992599487
8500,mla_norope,456,5,0,0.06256001442670822,0.07014679163694382,1.495996356010437
8500,mla_norope,456,5,1,0.03425689786672592,0.04808321222662926,1.495996356010437
8500,mla_norope,456,5,2,0.07281321287155151,0.06063917651772499,1.495996356010437
8500,mla_norope,456,5,3,0.09751444309949875,0.10789798945188522,1.495996356010437
8500,mla_norope,456,5,4,0.04370402172207832,0.04302605614066124,1.495996356010437
8500,mla_norope,456,5,5,0.04026347026228905,0.046084243804216385,1.495996356010437
8500,mla_norope,456,5,6,0.050474852323532104,0.0439758375287056,1.495996356010437
8500,mla_norope,456,5,7,0.048590391874313354,0.07146895676851273,1.495996356010437
8500,mla_norope,456,5,8,0.054413046687841415,0.060822226107120514,1.495996356010437
8500,mla_norope,456,5,9,0.09200011938810349,0.08173758536577225,1.495996356010437
8500,mla_norope,456,5,10,0.06367909908294678,0.06414666026830673,1.495996356010437
8500,mla_norope,456,5,11,0.06013906002044678,0.05662451311945915,1.495996356010437
8500,mla_norope,456,5,12,0.08747761696577072,0.0675790011882782,1.495996356010437
8500,mla_norope,456,5,13,0.04770762100815773,0.05134446173906326,1.495996356010437
8500,mla_norope,456,5,14,0.10824117064476013,0.08735315501689911,1.495996356010437
8500,mla_norope,456,5,15,0.03616495802998543,0.039070211350917816,1.495996356010437
9000,mla_norope,456,1,0,0.06963419914245605,0.06697262823581696,2.2813100814819336
9000,mla_norope,456,1,1,0.07672953605651855,0.06480076164007187,2.2813100814819336
9000,mla_norope,456,1,2,0.07323049008846283,0.06971445679664612,2.2813100814819336
9000,mla_norope,456,1,3,0.05628112703561783,0.05731245502829552,2.2813100814819336
9000,mla_norope,456,1,4,0.060095012187957764,0.06269960850477219,2.2813100814819336
9000,mla_norope,456,1,5,0.046204935759305954,0.055704765021800995,2.2813100814819336
9000,mla_norope,456,1,6,0.06793365627527237,0.06147133558988571,2.2813100814819336
9000,mla_norope,456,1,7,0.05159942805767059,0.05243299901485443,2.2813100814819336
9000,mla_norope,456,1,8,0.06768381595611572,0.06959652155637741,2.2813100814819336
9000,mla_norope,456,1,9,0.05651794373989105,0.060237400233745575,2.2813100814819336
9000,mla_norope,456,1,10,0.04927469789981842,0.06106119975447655,2.2813100814819336
9000,mla_norope,456,1,11,0.05740458145737648,0.060685895383358,2.2813100814819336
9000,mla_norope,456,1,12,0.062165629118680954,0.061223626136779785,2.2813100814819336
9000,mla_norope,456,1,13,0.08558379858732224,0.06800816208124161,2.2813100814819336
9000,mla_norope,456,1,14,0.05978943035006523,0.06403228640556335,2.2813100814819336
9000,mla_norope,456,1,15,0.05987172573804855,0.06404588371515274,2.2813100814819336
9000,mla_norope,456,2,0,0.045478515326976776,0.05257119983434677,1.6604833602905273
9000,mla_norope,456,2,1,0.056189168244600296,0.05354943498969078,1.6604833602905273
9000,mla_norope,456,2,2,0.0744062289595604,0.06754371523857117,1.6604833602905273
9000,mla_norope,456,2,3,0.07550588250160217,0.06553006172180176,1.6604833602905273
9000,mla_norope,456,2,4,0.052736613899469376,0.05659865587949753,1.6604833602905273
9000,mla_norope,456,2,5,0.06349538266658783,0.07545740902423859,1.6604833602905273
9000,mla_norope,456,2,6,0.051179300993680954,0.05784083157777786,1.6604833602905273
9000,mla_norope,456,2,7,0.09013631194829941,0.07865078747272491,1.6604833602905273
9000,mla_norope,456,2,8,0.04842519015073776,0.05297280102968216,1.6604833602905273
9000,mla_norope,456,2,9,0.06519866734743118,0.06641887128353119,1.6604833602905273
9000,mla_norope,456,2,10,0.039122723042964935,0.05757377669215202,1.6604833602905273
9000,mla_norope,456,2,11,0.057438455522060394,0.05878613889217377,1.6604833602905273
9000,mla_norope,456,2,12,0.06417978554964066,0.05936591327190399,1.6604833602905273
9000,mla_norope,456,2,13,0.07027842104434967,0.06000760942697525,1.6604833602905273
9000,mla_norope,456,2,14,0.07151336967945099,0.056780263781547546,1.6604833602905273
9000,mla_norope,456,2,15,0.0747159793972969,0.08035251498222351,1.6604833602905273
9000,mla_norope,456,3,0,0.06413472443819046,0.056243013590574265,1.4554814100265503
9000,mla_norope,456,3,1,0.07810160517692566,0.08577081561088562,1.4554814100265503
9000,mla_norope,456,3,2,0.07063446193933487,0.058661989867687225,1.4554814100265503
9000,mla_norope,456,3,3,0.056285399943590164,0.06780899316072464,1.4554814100265503
9000,mla_norope,456,3,4,0.09754058718681335,0.07596968859434128,1.4554814100265503
9000,mla_norope,456,3,5,0.05230967327952385,0.05648679658770561,1.4554814100265503
9000,mla_norope,456,3,6,0.03669331967830658,0.03366958349943161,1.4554814100265503
9000,mla_norope,456,3,7,0.09781046211719513,0.07208249717950821,1.4554814100265503
9000,mla_norope,456,3,8,0.03458669036626816,0.04393221437931061,1.4554814100265503
9000,mla_norope,456,3,9,0.09089905023574829,0.09712338447570801,1.4554814100265503
9000,mla_norope,456,3,10,0.052376605570316315,0.061025556176900864,1.4554814100265503
9000,mla_norope,456,3,11,0.062285665422677994,0.06584565341472626,1.4554814100265503
9000,mla_norope,456,3,12,0.04638458415865898,0.044421661645174026,1.4554814100265503
9000,mla_norope,456,3,13,0.058367207646369934,0.07451851665973663,1.4554814100265503
9000,mla_norope,456,3,14,0.05996347963809967,0.06260261684656143,1.4554814100265503
9000,mla_norope,456,3,15,0.04162648692727089,0.04383695125579834,1.4554814100265503
9000,mla_norope,456,4,0,0.08229227364063263,0.06303694099187851,1.5220434665679932
9000,mla_norope,456,4,1,0.07992217689752579,0.08103697001934052,1.5220434665679932
9000,mla_norope,456,4,2,0.05553843080997467,0.05079185962677002,1.5220434665679932
9000,mla_norope,456,4,3,0.07247446477413177,0.07724922895431519,1.5220434665679932
9000,mla_norope,456,4,4,0.050888366997241974,0.06034126877784729,1.5220434665679932
9000,mla_norope,456,4,5,0.039539895951747894,0.044497694820165634,1.5220434665679932
9000,mla_norope,456,4,6,0.06009775772690773,0.06409891694784164,1.5220434665679932
9000,mla_norope,456,4,7,0.08062744140625,0.07301842421293259,1.5220434665679932
9000,mla_norope,456,4,8,0.04878682270646095,0.0518343523144722,1.5220434665679932
9000,mla_norope,456,4,9,0.06401855498552322,0.06358513236045837,1.5220434665679932
9000,mla_norope,456,4,10,0.04686493054032326,0.04868834465742111,1.5220434665679932
9000,mla_norope,456,4,11,0.07053395360708237,0.075082927942276,1.5220434665679932
9000,mla_norope,456,4,12,0.059081219136714935,0.06208187714219093,1.5220434665679932
9000,mla_norope,456,4,13,0.0530872605741024,0.05599910765886307,1.5220434665679932
9000,mla_norope,456,4,14,0.07182057946920395,0.06687121838331223,1.5220434665679932
9000,mla_norope,456,4,15,0.06442586332559586,0.06178586930036545,1.5220434665679932
9000,mla_norope,456,5,0,0.06713104248046875,0.07611144334077835,1.4884837865829468
9000,mla_norope,456,5,1,0.03307484835386276,0.04675109684467316,1.4884837865829468
9000,mla_norope,456,5,2,0.07172007113695145,0.06142357364296913,1.4884837865829468
9000,mla_norope,456,5,3,0.09538238495588303,0.10525860637426376,1.4884837865829468
9000,mla_norope,456,5,4,0.043605346232652664,0.04237154498696327,1.4884837865829468
9000,mla_norope,456,5,5,0.04029693454504013,0.046609457582235336,1.4884837865829468
9000,mla_norope,456,5,6,0.05243977904319763,0.04678703844547272,1.4884837865829468
9000,mla_norope,456,5,7,0.048090819269418716,0.07097289711236954,1.4884837865829468
9000,mla_norope,456,5,8,0.05422170087695122,0.05968743562698364,1.4884837865829468
9000,mla_norope,456,5,9,0.08931762725114822,0.07751958072185516,1.4884837865829468
9000,mla_norope,456,5,10,0.06357736885547638,0.06478951126337051,1.4884837865829468
9000,mla_norope,456,5,11,0.06233825534582138,0.0571313351392746,1.4884837865829468
9000,mla_norope,456,5,12,0.08669057488441467,0.06879974156618118,1.4884837865829468
9000,mla_norope,456,5,13,0.050883177667856216,0.05473969876766205,1.4884837865829468
9000,mla_norope,456,5,14,0.1034318059682846,0.08179113268852234,1.4884837865829468
9000,mla_norope,456,5,15,0.037798259407281876,0.03925595059990883,1.4884837865829468
9500,mla_norope,456,1,0,0.07266917079687119,0.06855929642915726,2.269958257675171
9500,mla_norope,456,1,1,0.07544362545013428,0.06440771371126175,2.269958257675171
9500,mla_norope,456,1,2,0.07276356965303421,0.06852652132511139,2.269958257675171
9500,mla_norope,456,1,3,0.06460744142532349,0.06366764008998871,2.269958257675171
9500,mla_norope,456,1,4,0.06404703855514526,0.06412253528833389,2.269958257675171
9500,mla_norope,456,1,5,0.05322275683283806,0.056113794445991516,2.269958257675171
9500,mla_norope,456,1,6,0.0671464055776596,0.06032469496130943,2.269958257675171
9500,mla_norope,456,1,7,0.058293964713811874,0.05592690780758858,2.269958257675171
9500,mla_norope,456,1,8,0.0584513358771801,0.06637657433748245,2.269958257675171
9500,mla_norope,456,1,9,0.05462992191314697,0.059720732271671295,2.269958257675171
9500,mla_norope,456,1,10,0.05623219907283783,0.06364579498767853,2.269958257675171
9500,mla_norope,456,1,11,0.06151061877608299,0.061824772506952286,2.269958257675171
9500,mla_norope,456,1,12,0.06117604672908783,0.05926961824297905,2.269958257675171
9500,mla_norope,456,1,13,0.05918894335627556,0.0574454627931118,2.269958257675171
9500,mla_norope,456,1,14,0.057991739362478256,0.06418194621801376,2.269958257675171
9500,mla_norope,456,1,15,0.0626252219080925,0.06588588654994965,2.269958257675171
9500,mla_norope,456,2,0,0.04535156115889549,0.053074758499860764,1.6641898155212402
9500,mla_norope,456,2,1,0.05901021137833595,0.05507567152380943,1.6641898155212402
9500,mla_norope,456,2,2,0.07622924447059631,0.06799699366092682,1.6641898155212402
9500,mla_norope,456,2,3,0.07999613136053085,0.06926944851875305,1.6641898155212402
9500,mla_norope,456,2,4,0.05297393724322319,0.05739105865359306,1.6641898155212402
9500,mla_norope,456,2,5,0.06606343388557434,0.0773981511592865,1.6641898155212402
9500,mla_norope,456,2,6,0.048980407416820526,0.05674925446510315,1.6641898155212402
9500,mla_norope,456,2,7,0.08996083587408066,0.07744468003511429,1.6641898155212402
9500,mla_norope,456,2,8,0.049011941999197006,0.05429205670952797,1.6641898155212402
9500,mla_norope,456,2,9,0.0569896437227726,0.06137622147798538,1.6641898155212402
9500,mla_norope,456,2,10,0.03862955793738365,0.05783826857805252,1.6641898155212402
9500,mla_norope,456,2,11,0.05470580980181694,0.057489171624183655,1.6641898155212402
9500,mla_norope,456,2,12,0.0680682361125946,0.06295786052942276,1.6641898155212402
9500,mla_norope,456,2,13,0.0696646124124527,0.056869689375162125,1.6641898155212402
9500,mla_norope,456,2,14,0.07082804292440414,0.05631405487656593,1.6641898155212402
9500,mla_norope,456,2,15,0.07353637367486954,0.07846266031265259,1.6641898155212402
9500,mla_norope,456,3,0,0.06568369269371033,0.05815919116139412,1.4461140632629395
9500,mla_norope,456,3,1,0.07613860815763474,0.08341308683156967,1.4461140632629395
9500,mla_norope,456,3,2,0.06318888068199158,0.05429970473051071,1.4461140632629395
9500,mla_norope,456,3,3,0.055847879499197006,0.06790068745613098,1.4461140632629395
9500,mla_norope,456,3,4,0.0954316183924675,0.0722258910536766,1.4461140632629395
9500,mla_norope,456,3,5,0.053965047001838684,0.0581461600959301,1.4461140632629395
9500,mla_norope,456,3,6,0.035706378519535065,0.03252825513482094,1.4461140632629395
9500,mla_norope,456,3,7,0.09716593474149704,0.07101905345916748,1.4461140632629395
9500,mla_norope,456,3,8,0.034837543964385986,0.04446300119161606,1.4461140632629395
9500,mla_norope,456,3,9,0.09114929288625717,0.0970245897769928,1.4461140632629395
9500,mla_norope,456,3,10,0.054597269743680954,0.06366272270679474,1.4461140632629395
9500,mla_norope,456,3,11,0.06587269902229309,0.06718998402357101,1.4461140632629395
9500,mla_norope,456,3,12,0.04957631602883339,0.04499324783682823,1.4461140632629395
9500,mla_norope,456,3,13,0.05855916440486908,0.07880625128746033,1.4461140632629395
9500,mla_norope,456,3,14,0.057000018656253815,0.05989190563559532,1.4461140632629395
9500,mla_norope,456,3,15,0.045279644429683685,0.04627631977200508,1.4461140632629395
9500,mla_norope,456,4,0,0.08488667756319046,0.06565555930137634,1.5162818431854248
9500,mla_norope,456,4,1,0.08149220794439316,0.08250821381807327,1.5162818431854248
9500,mla_norope,456,4,2,0.05544118210673332,0.050824228674173355,1.5162818431854248
9500,mla_norope,456,4,3,0.07457224279642105,0.081644207239151,1.5162818431854248
9500,mla_norope,456,4,4,0.05460367724299431,0.06472871452569962,1.5162818431854248
9500,mla_norope,456,4,5,0.041748758405447006,0.04570557177066803,1.5162818431854248
9500,mla_norope,456,4,6,0.059674378484487534,0.06405875086784363,1.5162818431854248
9500,mla_norope,456,4,7,0.08047973364591599,0.07228181511163712,1.5162818431854248
9500,mla_norope,456,4,8,0.047023214399814606,0.04987793415784836,1.5162818431854248
9500,mla_norope,456,4,9,0.0610707588493824,0.061762433499097824,1.5162818431854248
9500,mla_norope,456,4,10,0.045256346464157104,0.04795081913471222,1.5162818431854248
9500,mla_norope,456,4,11,0.06355265527963638,0.06851552426815033,1.5162818431854248
9500,mla_norope,456,4,12,0.059213053435087204,0.061212342232465744,1.5162818431854248
9500,mla_norope,456,4,13,0.050771892070770264,0.053293537348508835,1.5162818431854248
9500,mla_norope,456,4,14,0.07777231931686401,0.07090312242507935,1.5162818431854248
9500,mla_norope,456,4,15,0.0624408982694149,0.05907713621854782,1.5162818431854248
9500,mla_norope,456,5,0,0.061415303498506546,0.07067114859819412,1.4867775440216064
9500,mla_norope,456,5,1,0.03363088145852089,0.0468989796936512,1.4867775440216064
9500,mla_norope,456,5,2,0.07462290674448013,0.06237005069851875,1.4867775440216064
9500,mla_norope,456,5,3,0.09756185114383698,0.10796289145946503,1.4867775440216064
9500,mla_norope,456,5,4,0.0422019436955452,0.0416761189699173,1.4867775440216064
9500,mla_norope,456,5,5,0.03963256999850273,0.044082023203372955,1.4867775440216064
9500,mla_norope,456,5,6,0.05270802974700928,0.046377331018447876,1.4867775440216064
9500,mla_norope,456,5,7,0.04600260406732559,0.06920818984508514,1.4867775440216064
9500,mla_norope,456,5,8,0.054371438920497894,0.061532676219940186,1.4867775440216064
9500,mla_norope,456,5,9,0.09075002372264862,0.07886286079883575,1.4867775440216064
9500,mla_norope,456,5,10,0.05892181396484375,0.06090565398335457,1.4867775440216064
9500,mla_norope,456,5,11,0.06582997739315033,0.06160047650337219,1.4867775440216064
9500,mla_norope,456,5,12,0.08822499960660934,0.07031238824129105,1.4867775440216064
9500,mla_norope,456,5,13,0.0456809476017952,0.0505760982632637,1.4867775440216064
9500,mla_norope,456,5,14,0.11144094169139862,0.08863893151283264,1.4867775440216064
9500,mla_norope,456,5,15,0.037003785371780396,0.03832409903407097,1.4867775440216064
10000,mla_norope,456,1,0,0.07412109524011612,0.07086837291717529,2.2394602298736572
10000,mla_norope,456,1,1,0.07808654755353928,0.06568733602762222,2.2394602298736572
10000,mla_norope,456,1,2,0.07417073845863342,0.07017360627651215,2.2394602298736572
10000,mla_norope,456,1,3,0.061964619904756546,0.06224542483687401,2.2394602298736572
10000,mla_norope,456,1,4,0.05998392775654793,0.06295681744813919,2.2394602298736572
10000,mla_norope,456,1,5,0.03495066240429878,0.050009291619062424,2.2394602298736572
10000,mla_norope,456,1,6,0.06055267155170441,0.056810323148965836,2.2394602298736572
10000,mla_norope,456,1,7,0.05504140257835388,0.05422382429242134,2.2394602298736572
10000,mla_norope,456,1,8,0.06329447776079178,0.06678426265716553,2.2394602298736572
10000,mla_norope,456,1,9,0.055844929069280624,0.059093277901411057,2.2394602298736572
10000,mla_norope,456,1,10,0.05337636172771454,0.06231449916958809,2.2394602298736572
10000,mla_norope,456,1,11,0.05895273759961128,0.06001090258359909,2.2394602298736572
10000,mla_norope,456,1,12,0.06749521940946579,0.06336214393377304,2.2394602298736572
10000,mla_norope,456,1,13,0.07237488031387329,0.06273745000362396,2.2394602298736572
10000,mla_norope,456,1,14,0.06349945068359375,0.06405500322580338,2.2394602298736572
10000,mla_norope,456,1,15,0.06629028171300888,0.0686674565076828,2.2394602298736572
10000,mla_norope,456,2,0,0.048598937690258026,0.05450936779379845,1.6398769617080688
10000,mla_norope,456,2,1,0.06004323437809944,0.05567469820380211,1.6398769617080688
10000,mla_norope,456,2,2,0.07607655972242355,0.06908431649208069,1.6398769617080688
10000,mla_norope,456,2,3,0.08126485347747803,0.07085107266902924,1.6398769617080688
10000,mla_norope,456,2,4,0.05127309262752533,0.055597178637981415,1.6398769617080688
10000,mla_norope,456,2,5,0.06665130704641342,0.07979950308799744,1.6398769617080688
10000,mla_norope,456,2,6,0.050899047404527664,0.057577598839998245,1.6398769617080688
10000,mla_norope,456,2,7,0.08858957886695862,0.0766475647687912,1.6398769617080688
10000,mla_norope,456,2,8,0.048920899629592896,0.053038936108350754,1.6398769617080688
10000,mla_norope,456,2,9,0.05927327647805214,0.06208344176411629,1.6398769617080688
10000,mla_norope,456,2,10,0.03898335620760918,0.05789001286029816,1.6398769617080688
10000,mla_norope,456,2,11,0.055096130818128586,0.05653095990419388,1.6398769617080688
10000,mla_norope,456,2,12,0.06312967836856842,0.06006161868572235,1.6398769617080688
10000,mla_norope,456,2,13,0.07045359164476395,0.05739500746130943,1.6398769617080688
10000,mla_norope,456,2,14,0.06941568851470947,0.05458516255021095,1.6398769617080688
10000,mla_norope,456,2,15,0.07133077085018158,0.07867366075515747,1.6398769617080688
10000,mla_norope,456,3,0,0.06519073247909546,0.05813859403133392,1.4249593019485474
10000,mla_norope,456,3,1,0.07336080074310303,0.08318696916103363,1.4249593019485474
10000,mla_norope,456,3,2,0.06446462124586105,0.05476883053779602,1.4249593019485474
10000,mla_norope,456,3,3,0.056236471980810165,0.06676052510738373,1.4249593019485474
10000,mla_norope,456,3,4,0.09747467190027237,0.07509005814790726,1.4249593019485474
10000,mla_norope,456,3,5,0.054495953023433685,0.05703197419643402,1.4249593019485474
10000,mla_norope,456,3,6,0.03359273448586464,0.030552279204130173,1.4249593019485474
10000,mla_norope,456,3,7,0.09874185919761658,0.07413061708211899,1.4249593019485474
10000,mla_norope,456,3,8,0.034850869327783585,0.043921686708927155,1.4249593019485474
10000,mla_norope,456,3,9,0.09161274880170822,0.09726203233003616,1.4249593019485474
10000,mla_norope,456,3,10,0.05336578190326691,0.061459217220544815,1.4249593019485474
10000,mla_norope,456,3,11,0.06410553306341171,0.06704269349575043,1.4249593019485474
10000,mla_norope,456,3,12,0.04847615584731102,0.04395178332924843,1.4249593019485474
10000,mla_norope,456,3,13,0.05942128598690033,0.07993966341018677,1.4249593019485474
10000,mla_norope,456,3,14,0.05685679242014885,0.05967608094215393,1.4249593019485474
10000,mla_norope,456,3,15,0.0477529913187027,0.04708690941333771,1.4249593019485474
10000,mla_norope,456,4,0,0.08573292940855026,0.06596363335847855,1.5183244943618774
10000,mla_norope,456,4,1,0.0812670886516571,0.08210313320159912,1.5183244943618774
10000,mla_norope,456,4,2,0.056193746626377106,0.051953528076410294,1.5183244943618774
10000,mla_norope,456,4,3,0.07697509974241257,0.08381946384906769,1.5183244943618774
10000,mla_norope,456,4,4,0.053629353642463684,0.06354877352714539,1.5183244943618774
10000,mla_norope,456,4,5,0.040689799934625626,0.04478607699275017,1.5183244943618774
10000,mla_norope,456,4,6,0.06262075155973434,0.0669277161359787,1.5183244943618774
10000,mla_norope,456,4,7,0.07519612461328506,0.06819792836904526,1.5183244943618774
10000,mla_norope,456,4,8,0.0473683662712574,0.04990667477250099,1.5183244943618774
10000,mla_norope,456,4,9,0.06291677057743073,0.06152678281068802,1.5183244943618774
10000,mla_norope,456,4,10,0.04401194304227829,0.0471198633313179,1.5183244943618774
10000,mla_norope,456,4,11,0.06340809911489487,0.06884189695119858,1.5183244943618774
10000,mla_norope,456,4,12,0.06061737239360809,0.06269998848438263,1.5183244943618774
10000,mla_norope,456,4,13,0.051863811910152435,0.05543810501694679,1.5183244943618774
10000,mla_norope,456,4,14,0.07236216217279434,0.06688430905342102,1.5183244943618774
10000,mla_norope,456,4,15,0.06514658778905869,0.060282088816165924,1.5183244943618774
10000,mla_norope,456,5,0,0.06425943970680237,0.0731867328286171,1.4808628559112549
10000,mla_norope,456,5,1,0.03239725902676582,0.045644164085388184,1.4808628559112549
10000,mla_norope,456,5,2,0.07476562261581421,0.06365038454532623,1.4808628559112549
10000,mla_norope,456,5,3,0.09708058834075928,0.10725269466638565,1.4808628559112549
10000,mla_norope,456,5,4,0.04292673617601395,0.042033642530441284,1.4808628559112549
10000,mla_norope,456,5,5,0.04050995036959648,0.045854490250349045,1.4808628559112549
10000,mla_norope,456,5,6,0.053246356546878815,0.04630730673670769,1.4808628559112549
10000,mla_norope,456,5,7,0.04852946102619171,0.07172080129384995,1.4808628559112549
10000,mla_norope,456,5,8,0.05478058010339737,0.06192021816968918,1.4808628559112549
10000,mla_norope,456,5,9,0.08962412178516388,0.07732405513525009,1.4808628559112549
10000,mla_norope,456,5,10,0.060675352811813354,0.06258536130189896,1.4808628559112549
10000,mla_norope,456,5,11,0.05923166871070862,0.056017544120550156,1.4808628559112549
10000,mla_norope,456,5,12,0.09007568657398224,0.0721907839179039,1.4808628559112549
10000,mla_norope,456,5,13,0.045190125703811646,0.04977388679981232,1.4808628559112549
10000,mla_norope,456,5,14,0.10971934348344803,0.0858149304986,1.4808628559112549
10000,mla_norope,456,5,15,0.03698771074414253,0.0387229323387146,1.4808628559112549
10500,mla_norope,456,1,0,0.07606160640716553,0.07184408605098724,2.24664044380188
10500,mla_norope,456,1,1,0.07811015099287033,0.06687472760677338,2.24664044380188
10500,mla_norope,456,1,2,0.07305562496185303,0.06817896664142609,2.24664044380188
10500,mla_norope,456,1,3,0.05316365510225296,0.05468469113111496,2.24664044380188
10500,mla_norope,456,1,4,0.0750998929142952,0.06998748332262039,2.24664044380188
10500,mla_norope,456,1,5,0.046908874064683914,0.05476966127753258,2.24664044380188
10500,mla_norope,456,1,6,0.06400594115257263,0.05943092331290245,2.24664044380188
10500,mla_norope,456,1,7,0.050731100142002106,0.05211157724261284,2.24664044380188
10500,mla_norope,456,1,8,0.05937856063246727,0.06642279028892517,2.24664044380188
10500,mla_norope,456,1,9,0.06096994876861572,0.060724806040525436,2.24664044380188
10500,mla_norope,456,1,10,0.05110371857881546,0.060880355536937714,2.24664044380188
10500,mla_norope,456,1,11,0.05825358256697655,0.06075799837708473,2.24664044380188
10500,mla_norope,456,1,12,0.06194803863763809,0.06034982204437256,2.24664044380188
10500,mla_norope,456,1,13,0.06267588585615158,0.05930878221988678,2.24664044380188
10500,mla_norope,456,1,14,0.060729268938302994,0.06345398724079132,2.24664044380188
10500,mla_norope,456,1,15,0.06780415773391724,0.0702194944024086,2.24664044380188
10500,mla_norope,456,2,0,0.04799357056617737,0.05463041365146637,1.6534934043884277
10500,mla_norope,456,2,1,0.06099233031272888,0.05545034259557724,1.6534934043884277
10500,mla_norope,456,2,2,0.07391011714935303,0.06636063009500504,1.6534934043884277
10500,mla_norope,456,2,3,0.0803590938448906,0.07010331749916077,1.6534934043884277
10500,mla_norope,456,2,4,0.053362730890512466,0.05769199877977371,1.6534934043884277
10500,mla_norope,456,2,5,0.06454651057720184,0.07515580207109451,1.6534934043884277
10500,mla_norope,456,2,6,0.04902252182364464,0.05599809065461159,1.6534934043884277
10500,mla_norope,456,2,7,0.08832407742738724,0.07583988457918167,1.6534934043884277
10500,mla_norope,456,2,8,0.05198222026228905,0.05539971590042114,1.6534934043884277
10500,mla_norope,456,2,9,0.05876535922288895,0.06197645887732506,1.6534934043884277
10500,mla_norope,456,2,10,0.039566852152347565,0.05808689817786217,1.6534934043884277
10500,mla_norope,456,2,11,0.05561330169439316,0.0576888732612133,1.6534934043884277
10500,mla_norope,456,2,12,0.06652414798736572,0.06306438148021698,1.6534934043884277
10500,mla_norope,456,2,13,0.06260416656732559,0.05437149107456207,1.6534934043884277
10500,mla_norope,456,2,14,0.07708954066038132,0.059969712048769,1.6534934043884277
10500,mla_norope,456,2,15,0.0693434625864029,0.07821206748485565,1.6534934043884277
10500,mla_norope,456,3,0,0.06591583043336868,0.05837491899728775,1.4271745681762695
10500,mla_norope,456,3,1,0.07445841282606125,0.08364237844944,1.4271745681762695
10500,mla_norope,456,3,2,0.06468506157398224,0.05492895096540451,1.4271745681762695
10500,mla_norope,456,3,3,0.057420551776885986,0.06840962916612625,1.4271745681762695
10500,mla_norope,456,3,4,0.0977948009967804,0.07488191872835159,1.4271745681762695
10500,mla_norope,456,3,5,0.05379842221736908,0.057852160185575485,1.4271745681762695
10500,mla_norope,456,3,6,0.030144857242703438,0.028019076213240623,1.4271745681762695
10500,mla_norope,456,3,7,0.09812968224287033,0.07296225428581238,1.4271745681762695
10500,mla_norope,456,3,8,0.034599509090185165,0.044565603137016296,1.4271745681762695
10500,mla_norope,456,3,9,0.0910930410027504,0.0965999886393547,1.4271745681762695
10500,mla_norope,456,3,10,0.0552285760641098,0.06415276974439621,1.4271745681762695
10500,mla_norope,456,3,11,0.06348897516727448,0.06648986041545868,1.4271745681762695
10500,mla_norope,456,3,12,0.04830332472920418,0.04256816208362579,1.4271745681762695
10500,mla_norope,456,3,13,0.059169311076402664,0.07997025549411774,1.4271745681762695
10500,mla_norope,456,3,14,0.05600128322839737,0.05840394273400307,1.4271745681762695
10500,mla_norope,456,3,15,0.04976837337017059,0.0481782928109169,1.4271745681762695
10500,mla_norope,456,4,0,0.08873352408409119,0.0686851441860199,1.5156581401824951
10500,mla_norope,456,4,1,0.08225148171186447,0.08311078697443008,1.5156581401824951
10500,mla_norope,456,4,2,0.05644429475069046,0.05256481468677521,1.5156581401824951
10500,mla_norope,456,4,3,0.07406666874885559,0.08067972213029861,1.5156581401824951
10500,mla_norope,456,4,4,0.05314941331744194,0.06259980797767639,1.5156581401824951
10500,mla_norope,456,4,5,0.03577728196978569,0.040802083909511566,1.5156581401824951
10500,mla_norope,456,4,6,0.06301777809858322,0.06741619855165482,1.5156581401824951
10500,mla_norope,456,4,7,0.07614125311374664,0.0692114382982254,1.5156581401824951
10500,mla_norope,456,4,8,0.048284098505973816,0.051878854632377625,1.5156581401824951
10500,mla_norope,456,4,9,0.05989064648747444,0.0598808154463768,1.5156581401824951
10500,mla_norope,456,4,10,0.0470460020005703,0.049207162111997604,1.5156581401824951
10500,mla_norope,456,4,11,0.06339243799448013,0.06892406195402145,1.5156581401824951
10500,mla_norope,456,4,12,0.06091888248920441,0.06322509050369263,1.5156581401824951
10500,mla_norope,456,4,13,0.05303477123379707,0.05506434291601181,1.5156581401824951
10500,mla_norope,456,4,14,0.07406636327505112,0.0673099234700203,1.5156581401824951
10500,mla_norope,456,4,15,0.06378509849309921,0.059439677745103836,1.5156581401824951
10500,mla_norope,456,5,0,0.06290160864591599,0.07202038913965225,1.486708402633667
10500,mla_norope,456,5,1,0.03314666822552681,0.04642355814576149,1.486708402633667
10500,mla_norope,456,5,2,0.07224629819393158,0.060967668890953064,1.486708402633667
10500,mla_norope,456,5,3,0.09766601771116257,0.10922899842262268,1.486708402633667
10500,mla_norope,456,5,4,0.04373646900057793,0.04331492260098457,1.486708402633667
10500,mla_norope,456,5,5,0.0404580682516098,0.046409912407398224,1.486708402633667
10500,mla_norope,456,5,6,0.054252419620752335,0.04812995716929436,1.486708402633667
10500,mla_norope,456,5,7,0.04810180515050888,0.07160875201225281,1.486708402633667
10500,mla_norope,456,5,8,0.05412404239177704,0.059467863291502,1.486708402633667
10500,mla_norope,456,5,9,0.08923573791980743,0.07767991721630096,1.486708402633667
10500,mla_norope,456,5,10,0.06211283430457115,0.06439624726772308,1.486708402633667
10500,mla_norope,456,5,11,0.0628892034292221,0.057759419083595276,1.486708402633667
10500,mla_norope,456,5,12,0.08438639342784882,0.06624981015920639,1.486708402633667
10500,mla_norope,456,5,13,0.046875812113285065,0.051361456513404846,1.486708402633667
10500,mla_norope,456,5,14,0.11044576019048691,0.08568418771028519,1.486708402633667
10500,mla_norope,456,5,15,0.037420857697725296,0.03929697722196579,1.486708402633667
11000,mla_norope,456,1,0,0.07642150670289993,0.07201102375984192,2.2387726306915283
11000,mla_norope,456,1,1,0.0754961147904396,0.06483662873506546,2.2387726306915283
11000,mla_norope,456,1,2,0.07162333279848099,0.06842469424009323,2.2387726306915283
11000,mla_norope,456,1,3,0.05532419681549072,0.057110536843538284,2.2387726306915283
11000,mla_norope,456,1,4,0.06528249382972717,0.06563764810562134,2.2387726306915283
11000,mla_norope,456,1,5,0.05659078061580658,0.05747978389263153,2.2387726306915283
11000,mla_norope,456,1,6,0.05880432203412056,0.05552837997674942,2.2387726306915283
11000,mla_norope,456,1,7,0.051421813666820526,0.05328169837594032,2.2387726306915283
11000,mla_norope,456,1,8,0.06021932139992714,0.0664445161819458,2.2387726306915283
11000,mla_norope,456,1,9,0.0692850723862648,0.06400508433580399,2.2387726306915283
11000,mla_norope,456,1,10,0.05113830417394638,0.0619865357875824,2.2387726306915283
11000,mla_norope,456,1,11,0.06300120055675507,0.0634603351354599,2.2387726306915283
11000,mla_norope,456,1,12,0.06318623572587967,0.06015273556113243,2.2387726306915283
11000,mla_norope,456,1,13,0.06305541843175888,0.058797575533390045,2.2387726306915283
11000,mla_norope,456,1,14,0.05444091930985451,0.062171854078769684,2.2387726306915283
11000,mla_norope,456,1,15,0.06470896303653717,0.06867100298404694,2.2387726306915283
11000,mla_norope,456,2,0,0.04246765002608299,0.05190018191933632,1.6378835439682007
11000,mla_norope,456,2,1,0.06151977553963661,0.05666264891624451,1.6378835439682007
11000,mla_norope,456,2,2,0.07797902077436447,0.07132647186517715,1.6378835439682007
11000,mla_norope,456,2,3,0.08044809848070145,0.06951386481523514,1.6378835439682007
11000,mla_norope,456,2,4,0.05301045626401901,0.056276898831129074,1.6378835439682007
11000,mla_norope,456,2,5,0.06198486313223839,0.0733809843659401,1.6378835439682007
11000,mla_norope,456,2,6,0.046486712992191315,0.05402904376387596,1.6378835439682007
11000,mla_norope,456,2,7,0.08827067166566849,0.07651229202747345,1.6378835439682007
11000,mla_norope,456,2,8,0.053089700639247894,0.05606960132718086,1.6378835439682007
11000,mla_norope,456,2,9,0.061417948454618454,0.06156759336590767,1.6378835439682007
11000,mla_norope,456,2,10,0.03932332247495651,0.057883813977241516,1.6378835439682007
11000,mla_norope,456,2,11,0.05631805583834648,0.05773211643099785,1.6378835439682007
11000,mla_norope,456,2,12,0.06584808230400085,0.06126079708337784,1.6378835439682007
11000,mla_norope,456,2,13,0.06919585913419724,0.059484176337718964,1.6378835439682007
11000,mla_norope,456,2,14,0.07230845093727112,0.05694139376282692,1.6378835439682007
11000,mla_norope,456,2,15,0.07033132016658783,0.07945790886878967,1.6378835439682007
11000,mla_norope,456,3,0,0.06577687710523605,0.05854612961411476,1.4218779802322388
11000,mla_norope,456,3,1,0.07632263004779816,0.08500587940216064,1.4218779802322388
11000,mla_norope,456,3,2,0.0671425387263298,0.055937811732292175,1.4218779802322388
11000,mla_norope,456,3,3,0.05597778409719467,0.06648555397987366,1.4218779802322388
11000,mla_norope,456,3,4,0.09486592561006546,0.07199306786060333,1.4218779802322388
11000,mla_norope,456,3,5,0.055792540311813354,0.05846066772937775,1.4218779802322388
11000,mla_norope,456,3,6,0.034764405339956284,0.031030790880322456,1.4218779802322388
11000,mla_norope,456,3,7,0.09817220270633698,0.07297126203775406,1.4218779802322388
11000,mla_norope,456,3,8,0.0336780808866024,0.04267413541674614,1.4218779802322388
11000,mla_norope,456,3,9,0.0909099355340004,0.09794532507658005,1.4218779802322388
11000,mla_norope,456,3,10,0.05126495286822319,0.059738583862781525,1.4218779802322388
11000,mla_norope,456,3,11,0.06555236876010895,0.06866095960140228,1.4218779802322388
11000,mla_norope,456,3,12,0.04540435969829559,0.04228489100933075,1.4218779802322388
11000,mla_norope,456,3,13,0.05851542204618454,0.07834702730178833,1.4218779802322388
11000,mla_norope,456,3,14,0.059305012226104736,0.06271789968013763,1.4218779802322388
11000,mla_norope,456,3,15,0.04655497148633003,0.047200147062540054,1.4218779802322388
11000,mla_norope,456,4,0,0.08542928099632263,0.06653589010238647,1.4976195096969604
11000,mla_norope,456,4,1,0.08227386325597763,0.08311904221773148,1.4976195096969604
11000,mla_norope,456,4,2,0.05749867856502533,0.053055621683597565,1.4976195096969604
11000,mla_norope,456,4,3,0.07634450495243073,0.08370300382375717,1.4976195096969604
11000,mla_norope,456,4,4,0.05232788249850273,0.06197574734687805,1.4976195096969604
11000,mla_norope,456,4,5,0.03848826140165329,0.043445512652397156,1.4976195096969604
11000,mla_norope,456,4,6,0.06287027895450592,0.06709833443164825,1.4976195096969604
11000,mla_norope,456,4,7,0.07664205133914948,0.06984496861696243,1.4976195096969604
11000,mla_norope,456,4,8,0.046208497136831284,0.04915367811918259,1.4976195096969604
11000,mla_norope,456,4,9,0.061372172087430954,0.06028604507446289,1.4976195096969604
11000,mla_norope,456,4,10,0.04501393809914589,0.048025552183389664,1.4976195096969604
11000,mla_norope,456,4,11,0.06324473023414612,0.0690758228302002,1.4976195096969604
11000,mla_norope,456,4,12,0.05875590071082115,0.06022748351097107,1.4976195096969604
11000,mla_norope,456,4,13,0.052061665803194046,0.05427214875817299,1.4976195096969604
11000,mla_norope,456,4,14,0.07450836151838303,0.06816525757312775,1.4976195096969604
11000,mla_norope,456,4,15,0.0669599398970604,0.06201593950390816,1.4976195096969604
11000,mla_norope,456,5,0,0.062062378972768784,0.07133045792579651,1.4712456464767456
11000,mla_norope,456,5,1,0.03390899673104286,0.04569309577345848,1.4712456464767456
11000,mla_norope,456,5,2,0.07152801752090454,0.06021459028124809,1.4712456464767456
11000,mla_norope,456,5,3,0.09698384255170822,0.10909251123666763,1.4712456464767456
11000,mla_norope,456,5,4,0.04687459394335747,0.04675019904971123,1.4712456464767456
11000,mla_norope,456,5,5,0.03943674638867378,0.04505763202905655,1.4712456464767456
11000,mla_norope,456,5,6,0.05319773405790329,0.047721486538648605,1.4712456464767456
11000,mla_norope,456,5,7,0.045734863728284836,0.06884916871786118,1.4712456464767456
11000,mla_norope,456,5,8,0.05402028560638428,0.06005477160215378,1.4712456464767456
11000,mla_norope,456,5,9,0.0906696543097496,0.07910890132188797,1.4712456464767456
11000,mla_norope,456,5,10,0.06078501418232918,0.063199482858181,1.4712456464767456
11000,mla_norope,456,5,11,0.06263905763626099,0.05767529085278511,1.4712456464767456
11000,mla_norope,456,5,12,0.08762064576148987,0.07005719095468521,1.4712456464767456
11000,mla_norope,456,5,13,0.04586649686098099,0.05064206197857857,1.4712456464767456
11000,mla_norope,456,5,14,0.11111175268888474,0.08584167063236237,1.4712456464767456
11000,mla_norope,456,5,15,0.03755991533398628,0.03871157392859459,1.4712456464767456
11500,mla_norope,456,1,0,0.07548949867486954,0.07119477540254593,2.2265663146972656
11500,mla_norope,456,1,1,0.07188751548528671,0.06370265781879425,2.2265663146972656
11500,mla_norope,456,1,2,0.07194702327251434,0.0682382732629776,2.2265663146972656
11500,mla_norope,456,1,3,0.05200958251953125,0.05446350574493408,2.2265663146972656
11500,mla_norope,456,1,4,0.06467437744140625,0.06498662382364273,2.2265663146972656
11500,mla_norope,456,1,5,0.05249267444014549,0.05594418942928314,2.2265663146972656
11500,mla_norope,456,1,6,0.0645771250128746,0.059838853776454926,2.2265663146972656
11500,mla_norope,456,1,7,0.04960164427757263,0.05100870877504349,2.2265663146972656
11500,mla_norope,456,1,8,0.054265137761831284,0.06415200233459473,2.2265663146972656
11500,mla_norope,456,1,9,0.061480917036533356,0.06131690368056297,2.2265663146972656
11500,mla_norope,456,1,10,0.05903045833110809,0.06481359153985977,2.2265663146972656
11500,mla_norope,456,1,11,0.06576253473758698,0.06547654420137405,2.2265663146972656
11500,mla_norope,456,1,12,0.06065867096185684,0.06032750383019447,2.2265663146972656
11500,mla_norope,456,1,13,0.06608957797288895,0.0610804557800293,2.2265663146972656
11500,mla_norope,456,1,14,0.06988637149333954,0.06883645802736282,2.2265663146972656
11500,mla_norope,456,1,15,0.060146890580654144,0.06461907178163528,2.2265663146972656
11500,mla_norope,456,2,0,0.04290618747472763,0.05195869505405426,1.6457501649856567
11500,mla_norope,456,2,1,0.05949116870760918,0.055032361298799515,1.6457501649856567
11500,mla_norope,456,2,2,0.07748494297266006,0.07005546987056732,1.6457501649856567
11500,mla_norope,456,2,3,0.08113474398851395,0.06996162235736847,1.6457501649856567
11500,mla_norope,456,2,4,0.05342163145542145,0.0573856346309185,1.6457501649856567
11500,mla_norope,456,2,5,0.06458109617233276,0.07603967934846878,1.6457501649856567
11500,mla_norope,456,2,6,0.04706308990716934,0.05469644069671631,1.6457501649856567
11500,mla_norope,456,2,7,0.08863301575183868,0.07634589821100235,1.6457501649856567
11500,mla_norope,456,2,8,0.04979288578033447,0.055146459490060806,1.6457501649856567
11500,mla_norope,456,2,9,0.05859191715717316,0.0620357021689415,1.6457501649856567
11500,mla_norope,456,2,10,0.03692443668842316,0.05504016950726509,1.6457501649856567
11500,mla_norope,456,2,11,0.057612303644418716,0.05848924070596695,1.6457501649856567
11500,mla_norope,456,2,12,0.06637746095657349,0.0619535893201828,1.6457501649856567
11500,mla_norope,456,2,13,0.06948048621416092,0.05870630219578743,1.6457501649856567
11500,mla_norope,456,2,14,0.07634816318750381,0.05944974720478058,1.6457501649856567
11500,mla_norope,456,2,15,0.07015645503997803,0.07770303636789322,1.6457501649856567
11500,mla_norope,456,3,0,0.06587321311235428,0.05905143916606903,1.4333503246307373
11500,mla_norope,456,3,1,0.072845458984375,0.08258947730064392,1.4333503246307373
11500,mla_norope,456,3,2,0.0675055980682373,0.05656955763697624,1.4333503246307373
11500,mla_norope,456,3,3,0.057172343134880066,0.06753961741924286,1.4333503246307373
11500,mla_norope,456,3,4,0.0955275446176529,0.07282392680644989,1.4333503246307373
11500,mla_norope,456,3,5,0.055776264518499374,0.05931279435753822,1.4333503246307373
11500,mla_norope,456,3,6,0.032890014350414276,0.030206317082047462,1.4333503246307373
11500,mla_norope,456,3,7,0.09674163907766342,0.07107695192098618,1.4333503246307373
11500,mla_norope,456,3,8,0.034597065299749374,0.04385383427143097,1.4333503246307373
11500,mla_norope,456,3,9,0.09112365543842316,0.09739028662443161,1.4333503246307373
11500,mla_norope,456,3,10,0.05183298885822296,0.06012696400284767,1.4333503246307373
11500,mla_norope,456,3,11,0.06616190820932388,0.06939496845006943,1.4333503246307373
11500,mla_norope,456,3,12,0.049729205667972565,0.045041315257549286,1.4333503246307373
11500,mla_norope,456,3,13,0.05841227248311043,0.07791721820831299,1.4333503246307373
11500,mla_norope,456,3,14,0.0555235780775547,0.0586637444794178,1.4333503246307373
11500,mla_norope,456,3,15,0.048287250101566315,0.048441555351018906,1.4333503246307373
11500,mla_norope,456,4,0,0.08830901980400085,0.06816703826189041,1.5091955661773682
11500,mla_norope,456,4,1,0.08197194337844849,0.0825420543551445,1.5091955661773682
11500,mla_norope,456,4,2,0.05542745068669319,0.05161072313785553,1.5091955661773682
11500,mla_norope,456,4,3,0.07568135857582092,0.08220089226961136,1.5091955661773682
11500,mla_norope,456,4,4,0.05190938338637352,0.061530716717243195,1.5091955661773682
11500,mla_norope,456,4,5,0.03782958909869194,0.04209154471755028,1.5091955661773682
11500,mla_norope,456,4,6,0.05928660184144974,0.06425595283508301,1.5091955661773682
11500,mla_norope,456,4,7,0.08067332208156586,0.07325509935617447,1.5091955661773682
11500,mla_norope,456,4,8,0.0461883544921875,0.049987971782684326,1.5091955661773682
11500,mla_norope,456,4,9,0.06216390058398247,0.06172594055533409,1.5091955661773682
11500,mla_norope,456,4,10,0.04593007266521454,0.04844818264245987,1.5091955661773682
11500,mla_norope,456,4,11,0.06628560274839401,0.07140234112739563,1.5091955661773682
11500,mla_norope,456,4,12,0.05881998687982559,0.06101635470986366,1.5091955661773682
11500,mla_norope,456,4,13,0.052395425736904144,0.054392293095588684,1.5091955661773682
11500,mla_norope,456,4,14,0.0748760998249054,0.06838349997997284,1.5091955661773682
11500,mla_norope,456,4,15,0.06225189194083214,0.058989427983760834,1.5091955661773682
11500,mla_norope,456,5,0,0.0639432743191719,0.073326475918293,1.4778944253921509
11500,mla_norope,456,5,1,0.033150941133499146,0.04561557620763779,1.4778944253921509
11500,mla_norope,456,5,2,0.07270080596208572,0.06150234863162041,1.4778944253921509
11500,mla_norope,456,5,3,0.09480468928813934,0.1035565659403801,1.4778944253921509
11500,mla_norope,456,5,4,0.04509134963154793,0.04517732188105583,1.4778944253921509
11500,mla_norope,456,5,5,0.04042429476976395,0.04733199253678322,1.4778944253921509
11500,mla_norope,456,5,6,0.05441731587052345,0.04834466800093651,1.4778944253921509
11500,mla_norope,456,5,7,0.04552368074655533,0.06911296397447586,1.4778944253921509
11500,mla_norope,456,5,8,0.05370025709271431,0.05852305889129639,1.4778944253921509
11500,mla_norope,456,5,9,0.0935077890753746,0.08143947273492813,1.4778944253921509
11500,mla_norope,456,5,10,0.06042429432272911,0.0631319060921669,1.4778944253921509
11500,mla_norope,456,5,11,0.062247924506664276,0.05661332979798317,1.4778944253921509
11500,mla_norope,456,5,12,0.08640289306640625,0.0698644295334816,1.4778944253921509
11500,mla_norope,456,5,13,0.045120544731616974,0.05058737099170685,1.4778944253921509
11500,mla_norope,456,5,14,0.11188863217830658,0.08761031180620193,1.4778944253921509
11500,mla_norope,456,5,15,0.036651305854320526,0.03826223686337471,1.4778944253921509
12000,mla_norope,456,1,0,0.06823069602251053,0.0664960965514183,2.2189252376556396
12000,mla_norope,456,1,1,0.07413198053836823,0.06503468751907349,2.2189252376556396
12000,mla_norope,456,1,2,0.0735727921128273,0.06914723664522171,2.2189252376556396
12000,mla_norope,456,1,3,0.05553070083260536,0.057266201823949814,2.2189252376556396
12000,mla_norope,456,1,4,0.06370056420564651,0.06440567225217819,2.2189252376556396
12000,mla_norope,456,1,5,0.05323852598667145,0.05614339932799339,2.2189252376556396
12000,mla_norope,456,1,6,0.06011657789349556,0.056236349046230316,2.2189252376556396
12000,mla_norope,456,1,7,0.05206776782870293,0.05283844843506813,2.2189252376556396
12000,mla_norope,456,1,8,0.059830524027347565,0.06863965094089508,2.2189252376556396
12000,mla_norope,456,1,9,0.0656776949763298,0.06287646293640137,2.2189252376556396
12000,mla_norope,456,1,10,0.05196492373943329,0.0617484524846077,2.2189252376556396
12000,mla_norope,456,1,11,0.06121785566210747,0.06255394965410233,2.2189252376556396
12000,mla_norope,456,1,12,0.059656981378793716,0.05876961350440979,2.2189252376556396
12000,mla_norope,456,1,13,0.07048797607421875,0.06254342198371887,2.2189252376556396
12000,mla_norope,456,1,14,0.0662543773651123,0.06679272651672363,2.2189252376556396
12000,mla_norope,456,1,15,0.06432006508111954,0.06850767135620117,2.2189252376556396
12000,mla_norope,456,2,0,0.043019410222768784,0.05195300281047821,1.6387327909469604
12000,mla_norope,456,2,1,0.05702219530940056,0.05416277050971985,1.6387327909469604
12000,mla_norope,456,2,2,0.07887288182973862,0.07032071799039841,1.6387327909469604
12000,mla_norope,456,2,3,0.08404083549976349,0.07164012640714645,1.6387327909469604
12000,mla_norope,456,2,4,0.053585611283779144,0.05742470920085907,1.6387327909469604
12000,mla_norope,456,2,5,0.06403961032629013,0.07695978134870529,1.6387327909469604
12000,mla_norope,456,2,6,0.045532431453466415,0.05305057391524315,1.6387327909469604
12000,mla_norope,456,2,7,0.09189382195472717,0.07918229699134827,1.6387327909469604
12000,mla_norope,456,2,8,0.04846150800585747,0.05350450426340103,1.6387327909469604
12000,mla_norope,456,2,9,0.056530557572841644,0.05924765393137932,1.6387327909469604
12000,mla_norope,456,2,10,0.037718404084444046,0.05672026425600052,1.6387327909469604
12000,mla_norope,456,2,11,0.055560506880283356,0.0569896437227726,1.6387327909469604
12000,mla_norope,456,2,12,0.06837524473667145,0.06509533524513245,1.6387327909469604
12000,mla_norope,456,2,13,0.07018758356571198,0.05783458054065704,1.6387327909469604
12000,mla_norope,456,2,14,0.07421783357858658,0.05728316679596901,1.6387327909469604
12000,mla_norope,456,2,15,0.07094156742095947,0.07863085716962814,1.6387327909469604
12000,mla_norope,456,3,0,0.06658478081226349,0.05972620099782944,1.4153809547424316
12000,mla_norope,456,3,1,0.07573994994163513,0.08311731368303299,1.4153809547424316
12000,mla_norope,456,3,2,0.06688547879457474,0.0572749525308609,1.4153809547424316
12000,mla_norope,456,3,3,0.05679422989487648,0.06786525249481201,1.4153809547424316
12000,mla_norope,456,3,4,0.09820475429296494,0.07457094639539719,1.4153809547424316
12000,mla_norope,456,3,5,0.057074278593063354,0.059685420244932175,1.4153809547424316
12000,mla_norope,456,3,6,0.0321006253361702,0.02970864623785019,1.4153809547424316
12000,mla_norope,456,3,7,0.09892089664936066,0.07340748608112335,1.4153809547424316
12000,mla_norope,456,3,8,0.03382832929491997,0.04356617107987404,1.4153809547424316
12000,mla_norope,456,3,9,0.09071370214223862,0.09699945896863937,1.4153809547424316
12000,mla_norope,456,3,10,0.05435027927160263,0.06274953484535217,1.4153809547424316
12000,mla_norope,456,3,11,0.06338877230882645,0.0673477053642273,1.4153809547424316
12000,mla_norope,456,3,12,0.04710479825735092,0.042374756187200546,1.4153809547424316
12000,mla_norope,456,3,13,0.05692301318049431,0.0772140696644783,1.4153809547424316
12000,mla_norope,456,3,14,0.05567077547311783,0.05801147595047951,1.4153809547424316
12000,mla_norope,456,3,15,0.04571533203125,0.046380627900362015,1.4153809547424316
12000,mla_norope,456,4,0,0.08973724395036697,0.06910333782434464,1.4945502281188965
12000,mla_norope,456,4,1,0.08199117332696915,0.08226078003644943,1.4945502281188965
12000,mla_norope,456,4,2,0.057257283478975296,0.05303560569882393,1.4945502281188965
12000,mla_norope,456,4,3,0.0739433765411377,0.08151828497648239,1.4945502281188965
12000,mla_norope,456,4,4,0.05296620726585388,0.06320515275001526,1.4945502281188965
12000,mla_norope,456,4,5,0.04106719791889191,0.04455127194523811,1.4945502281188965
12000,mla_norope,456,4,6,0.061104632914066315,0.06487929075956345,1.4945502281188965
12000,mla_norope,456,4,7,0.07660156488418579,0.06968885660171509,1.4945502281188965
12000,mla_norope,456,4,8,0.045731402933597565,0.04896428436040878,1.4945502281188965
12000,mla_norope,456,4,9,0.061980895698070526,0.06206198409199715,1.4945502281188965
12000,mla_norope,456,4,10,0.04401346668601036,0.04693128541111946,1.4945502281188965
12000,mla_norope,456,4,11,0.0636063665151596,0.0689970999956131,1.4945502281188965
12000,mla_norope,456,4,12,0.057833556085824966,0.05999073013663292,1.4945502281188965
12000,mla_norope,456,4,13,0.050767213106155396,0.053409088402986526,1.4945502281188965
12000,mla_norope,456,4,14,0.0769430547952652,0.07002941519021988,1.4945502281188965
12000,mla_norope,456,4,15,0.06445536017417908,0.0613735131919384,1.4945502281188965
12000,mla_norope,456,5,0,0.06317280977964401,0.0729314535856247,1.4624965190887451
12000,mla_norope,456,5,1,0.03329009935259819,0.04541454464197159,1.4624965190887451
12000,mla_norope,456,5,2,0.0737774670124054,0.06336405128240585,1.4624965190887451
12000,mla_norope,456,5,3,0.0963604748249054,0.10780823975801468,1.4624965190887451
12000,mla_norope,456,5,4,0.043723348528146744,0.043048761785030365,1.4624965190887451
12000,mla_norope,456,5,5,0.04071207717061043,0.04597733914852142,1.4624965190887451
12000,mla_norope,456,5,6,0.05431559309363365,0.0483267642557621,1.4624965190887451
12000,mla_norope,456,5,7,0.04529225826263428,0.06887470185756683,1.4624965190887451
12000,mla_norope,456,5,8,0.0542399100959301,0.05900238826870918,1.4624965190887451
12000,mla_norope,456,5,9,0.09056080877780914,0.07802551239728928,1.4624965190887451
12000,mla_norope,456,5,10,0.0597635917365551,0.06287532299757004,1.4624965190887451
12000,mla_norope,456,5,11,0.06323985010385513,0.05885925889015198,1.4624965190887451
12000,mla_norope,456,5,12,0.0857200101017952,0.06806919723749161,1.4624965190887451
12000,mla_norope,456,5,13,0.04600179195404053,0.051329296082258224,1.4624965190887451
12000,mla_norope,456,5,14,0.11286845058202744,0.08737491071224213,1.4624965190887451
12000,mla_norope,456,5,15,0.03696146607398987,0.03871825709939003,1.4624965190887451
12500,mla_norope,456,1,0,0.07274454832077026,0.0698283240199089,2.2073974609375
12500,mla_norope,456,1,1,0.07153534144163132,0.06337904185056686,2.2073974609375
12500,mla_norope,456,1,2,0.0741901621222496,0.07134272158145905,2.2073974609375
12500,mla_norope,456,1,3,0.05857757478952408,0.05974843353033066,2.2073974609375
12500,mla_norope,456,1,4,0.06589304655790329,0.06598631292581558,2.2073974609375
12500,mla_norope,456,1,5,0.05025492236018181,0.055303312838077545,2.2073974609375
12500,mla_norope,456,1,6,0.06204986572265625,0.05777738615870476,2.2073974609375
12500,mla_norope,456,1,7,0.05450886860489845,0.05376699939370155,2.2073974609375
12500,mla_norope,456,1,8,0.05897064134478569,0.06640493869781494,2.2073974609375
12500,mla_norope,456,1,9,0.0674380511045456,0.06300070881843567,2.2073974609375
12500,mla_norope,456,1,10,0.06109781935811043,0.0636826828122139,2.2073974609375
12500,mla_norope,456,1,11,0.055090535432100296,0.058757584542036057,2.2073974609375
12500,mla_norope,456,1,12,0.05691131576895714,0.05808727815747261,2.2073974609375
12500,mla_norope,456,1,13,0.06572021543979645,0.05986328795552254,2.2073974609375
12500,mla_norope,456,1,14,0.06164347380399704,0.06534405052661896,2.2073974609375
12500,mla_norope,456,1,15,0.0633736178278923,0.06772694736719131,2.2073974609375
12500,mla_norope,456,2,0,0.04393361508846283,0.0524512343108654,1.629555106163025
12500,mla_norope,456,2,1,0.060048218816518784,0.05611266568303108,1.629555106163025
12500,mla_norope,456,2,2,0.07595936954021454,0.07007627189159393,1.629555106163025
12500,mla_norope,456,2,3,0.08185505867004395,0.07033125311136246,1.629555106163025
12500,mla_norope,456,2,4,0.05364542827010155,0.05775817856192589,1.629555106163025
12500,mla_norope,456,2,5,0.06426676362752914,0.07554138451814651,1.629555106163025
12500,mla_norope,456,2,6,0.046337686479091644,0.05392681807279587,1.629555106163025
12500,mla_norope,456,2,7,0.09115834534168243,0.07862614840269089,1.629555106163025
12500,mla_norope,456,2,8,0.048149313777685165,0.05273735150694847,1.629555106163025
12500,mla_norope,456,2,9,0.05846608430147171,0.06030659377574921,1.629555106163025
12500,mla_norope,456,2,10,0.03902598097920418,0.05707870423793793,1.629555106163025
12500,mla_norope,456,2,11,0.05582132935523987,0.057162120938301086,1.629555106163025
12500,mla_norope,456,2,12,0.06687550991773605,0.061941541731357574,1.629555106163025
12500,mla_norope,456,2,13,0.06980499625205994,0.05861686170101166,1.629555106163025
12500,mla_norope,456,2,14,0.07558777183294296,0.05881494656205177,1.629555106163025
12500,mla_norope,456,2,15,0.06906453520059586,0.0785178691148758,1.629555106163025
12500,mla_norope,456,3,0,0.06887349486351013,0.06116463989019394,1.409263014793396
12500,mla_norope,456,3,1,0.0743706226348877,0.08138246089220047,1.409263014793396
12500,mla_norope,456,3,2,0.06860718131065369,0.057746727019548416,1.409263014793396
12500,mla_norope,456,3,3,0.055677082389593124,0.06685252487659454,1.409263014793396
12500,mla_norope,456,3,4,0.09712890535593033,0.07488016039133072,1.409263014793396
12500,mla_norope,456,3,5,0.05416473373770714,0.05796297639608383,1.409263014793396
12500,mla_norope,456,3,6,0.03418487682938576,0.030805718153715134,1.409263014793396
12500,mla_norope,456,3,7,0.09959543496370316,0.07440473884344101,1.409263014793396
12500,mla_norope,456,3,8,0.03326883912086487,0.04300703853368759,1.409263014793396
12500,mla_norope,456,3,9,0.09104461967945099,0.09636273980140686,1.409263014793396
12500,mla_norope,456,3,10,0.05340362712740898,0.06282102316617966,1.409263014793396
12500,mla_norope,456,3,11,0.06606455147266388,0.06871602684259415,1.409263014793396
12500,mla_norope,456,3,12,0.04542063549160957,0.04174361377954483,1.409263014793396
12500,mla_norope,456,3,13,0.056606750935316086,0.07665184140205383,1.409263014793396
12500,mla_norope,456,3,14,0.056794535368680954,0.05985933169722557,1.409263014793396
12500,mla_norope,456,3,15,0.04479410871863365,0.0456383153796196,1.409263014793396
12500,mla_norope,456,4,0,0.08750925958156586,0.0681086927652359,1.4982596635818481
12500,mla_norope,456,4,1,0.08147155493497849,0.08127143234014511,1.4982596635818481
12500,mla_norope,456,4,2,0.0579141229391098,0.053888384252786636,1.4982596635818481
12500,mla_norope,456,4,3,0.07588999718427658,0.08312699943780899,1.4982596635818481
12500,mla_norope,456,4,4,0.052266743034124374,0.0619581863284111,1.4982596635818481
12500,mla_norope,456,4,5,0.04054870456457138,0.0454971008002758,1.4982596635818481
12500,mla_norope,456,4,6,0.06027618423104286,0.06343661993741989,1.4982596635818481
12500,mla_norope,456,4,7,0.07770100980997086,0.07083961367607117,1.4982596635818481
12500,mla_norope,456,4,8,0.045927733182907104,0.049051422625780106,1.4982596635818481
12500,mla_norope,456,4,9,0.0636252835392952,0.06317777931690216,1.4982596635818481
12500,mla_norope,456,4,10,0.04471832141280174,0.047088056802749634,1.4982596635818481
12500,mla_norope,456,4,11,0.06411559879779816,0.0694659873843193,1.4982596635818481
12500,mla_norope,456,4,12,0.05990702286362648,0.06231006607413292,1.4982596635818481
12500,mla_norope,456,4,13,0.05035390332341194,0.05292496085166931,1.4982596635818481
12500,mla_norope,456,4,14,0.07489562779664993,0.06784705817699432,1.4982596635818481
12500,mla_norope,456,4,15,0.06287892907857895,0.06000758334994316,1.4982596635818481
12500,mla_norope,456,5,0,0.06099334731698036,0.06997150182723999,1.4612470865249634
12500,mla_norope,456,5,1,0.033274535089731216,0.04608340561389923,1.4612470865249634
12500,mla_norope,456,5,2,0.07595021277666092,0.0653000995516777,1.4612470865249634
12500,mla_norope,456,5,3,0.09672190248966217,0.10548451542854309,1.4612470865249634
12500,mla_norope,456,5,4,0.04535064846277237,0.04580271244049072,1.4612470865249634
12500,mla_norope,456,5,5,0.040594279766082764,0.04667320102453232,1.4612470865249634
12500,mla_norope,456,5,6,0.05409383028745651,0.04829704761505127,1.4612470865249634
12500,mla_norope,456,5,7,0.04556325450539589,0.06897695362567902,1.4612470865249634
12500,mla_norope,456,5,8,0.054953817278146744,0.060221169143915176,1.4612470865249634
12500,mla_norope,456,5,9,0.09016591310501099,0.0783829540014267,1.4612470865249634
12500,mla_norope,456,5,10,0.059829406440258026,0.06302285194396973,1.4612470865249634
12500,mla_norope,456,5,11,0.06098989024758339,0.05611560866236687,1.4612470865249634
12500,mla_norope,456,5,12,0.08616892248392105,0.06872112303972244,1.4612470865249634
12500,mla_norope,456,5,13,0.04747375473380089,0.05248907580971718,1.4612470865249634
12500,mla_norope,456,5,14,0.11216593533754349,0.08739535510540009,1.4612470865249634
12500,mla_norope,456,5,15,0.03571034595370293,0.03706249222159386,1.4612470865249634
13000,mla_norope,456,1,0,0.06933838129043579,0.06666998565196991,2.2041923999786377
13000,mla_norope,456,1,1,0.07405547797679901,0.06505919992923737,2.2041923999786377
13000,mla_norope,456,1,2,0.07271138578653336,0.0685824304819107,2.2041923999786377
13000,mla_norope,456,1,3,0.05479421094059944,0.056775614619255066,2.2041923999786377
13000,mla_norope,456,1,4,0.06204528734087944,0.06383119523525238,2.2041923999786377
13000,mla_norope,456,1,5,0.04900604113936424,0.05543365329504013,2.2041923999786377
13000,mla_norope,456,1,6,0.06100158765912056,0.05717896297574043,2.2041923999786377
13000,mla_norope,456,1,7,0.05308369919657707,0.05216047167778015,2.2041923999786377
13000,mla_norope,456,1,8,0.0592632032930851,0.06773122400045395,2.2041923999786377
13000,mla_norope,456,1,9,0.0716501846909523,0.06463158130645752,2.2041923999786377
13000,mla_norope,456,1,10,0.05104919523000717,0.06128453463315964,2.2041923999786377
13000,mla_norope,456,1,11,0.06355652213096619,0.06389172375202179,2.2041923999786377
13000,mla_norope,456,1,12,0.059893492609262466,0.05974992737174034,2.2041923999786377
13000,mla_norope,456,1,13,0.07175751030445099,0.06342767924070358,2.2041923999786377
13000,mla_norope,456,1,14,0.062318217009305954,0.06535575538873672,2.2041923999786377
13000,mla_norope,456,1,15,0.06447560340166092,0.06823614984750748,2.2041923999786377
13000,mla_norope,456,2,0,0.04394063353538513,0.05264144763350487,1.633142352104187
13000,mla_norope,456,2,1,0.06071716174483299,0.056168485432863235,1.633142352104187
13000,mla_norope,456,2,2,0.07722523808479309,0.06996824592351913,1.633142352104187
13000,mla_norope,456,2,3,0.08213856816291809,0.07030525803565979,1.633142352104187
13000,mla_norope,456,2,4,0.05309641361236572,0.05714114010334015,1.633142352104187
13000,mla_norope,456,2,5,0.06586069613695145,0.07929591834545135,1.633142352104187
13000,mla_norope,456,2,6,0.047814127057790756,0.054986611008644104,1.633142352104187
13000,mla_norope,456,2,7,0.0893687978386879,0.07712461799383163,1.633142352104187
13000,mla_norope,456,2,8,0.051606036722660065,0.055305786430835724,1.633142352104187
13000,mla_norope,456,2,9,0.057812806218862534,0.06056205928325653,1.633142352104187
13000,mla_norope,456,2,10,0.039535727351903915,0.05836313217878342,1.633142352104187
13000,mla_norope,456,2,11,0.05636800080537796,0.05818227306008339,1.633142352104187
13000,mla_norope,456,2,12,0.06496938318014145,0.06047343090176582,1.633142352104187
13000,mla_norope,456,2,13,0.07108062505722046,0.05819224566221237,1.633142352104187
13000,mla_norope,456,2,14,0.0699615478515625,0.05658017471432686,1.633142352104187
13000,mla_norope,456,2,15,0.0685042291879654,0.07470913976430893,1.633142352104187
13000,mla_norope,456,3,0,0.06618092954158783,0.05874396488070488,1.4152257442474365
13000,mla_norope,456,3,1,0.07567942142486572,0.08245735615491867,1.4152257442474365
13000,mla_norope,456,3,2,0.06768615543842316,0.0576028935611248,1.4152257442474365
13000,mla_norope,456,3,3,0.056042276322841644,0.06752840429544449,1.4152257442474365
13000,mla_norope,456,3,4,0.09698059409856796,0.07436191290616989,1.4152257442474365
13000,mla_norope,456,3,5,0.056177571415901184,0.059445660561323166,1.4152257442474365
13000,mla_norope,456,3,6,0.03235921263694763,0.029342450201511383,1.4152257442474365
13000,mla_norope,456,3,7,0.09697204828262329,0.07165417075157166,1.4152257442474365
13000,mla_norope,456,3,8,0.035297952592372894,0.04416819289326668,1.4152257442474365
13000,mla_norope,456,3,9,0.09017130732536316,0.09621990472078323,1.4152257442474365
13000,mla_norope,456,3,10,0.05399932712316513,0.06283766776323318,1.4152257442474365
13000,mla_norope,456,3,11,0.06515747308731079,0.06825250387191772,1.4152257442474365
13000,mla_norope,456,3,12,0.04494893550872803,0.04196523502469063,1.4152257442474365
13000,mla_norope,456,3,13,0.057640787214040756,0.07730764895677567,1.4152257442474365
13000,mla_norope,456,3,14,0.05691904574632645,0.06020786985754967,1.4152257442474365
13000,mla_norope,456,3,15,0.04778696596622467,0.04790424183011055,1.4152257442474365
13000,mla_norope,456,4,0,0.08591247349977493,0.06655744463205338,1.4993048906326294
13000,mla_norope,456,4,1,0.08262929320335388,0.08238034695386887,1.4993048906326294
13000,mla_norope,456,4,2,0.05670104920864105,0.052551060914993286,1.4993048906326294
13000,mla_norope,456,4,3,0.07411061972379684,0.08076808601617813,1.4993048906326294
13000,mla_norope,456,4,4,0.05088154971599579,0.06081567704677582,1.4993048906326294
13000,mla_norope,456,4,5,0.038658853620290756,0.04342760890722275,1.4993048906326294
13000,mla_norope,456,4,6,0.06235687434673309,0.06610898673534393,1.4993048906326294
13000,mla_norope,456,4,7,0.08104024082422256,0.07371598482131958,1.4993048906326294
13000,mla_norope,456,4,8,0.04716603457927704,0.050855670124292374,1.4993048906326294
13000,mla_norope,456,4,9,0.059988707304000854,0.05985729396343231,1.4993048906326294
13000,mla_norope,456,4,10,0.0462188720703125,0.04870625585317612,1.4993048906326294
13000,mla_norope,456,4,11,0.0646248385310173,0.07044828683137894,1.4993048906326294
13000,mla_norope,456,4,12,0.05933064594864845,0.06184134632349014,1.4993048906326294
13000,mla_norope,456,4,13,0.05127207562327385,0.052909549325704575,1.4993048906326294
13000,mla_norope,456,4,14,0.07614603638648987,0.06971244513988495,1.4993048906326294
13000,mla_norope,456,4,15,0.06296183168888092,0.05934399366378784,1.4993048906326294
13000,mla_norope,456,5,0,0.05989034101366997,0.0685744360089302,1.4645498991012573
13000,mla_norope,456,5,1,0.03330424055457115,0.046448249369859695,1.4645498991012573
13000,mla_norope,456,5,2,0.07236684113740921,0.06125795468688011,1.4645498991012573
13000,mla_norope,456,5,3,0.09753092378377914,0.10809646546840668,1.4645498991012573
13000,mla_norope,456,5,4,0.045647889375686646,0.0453362800180912,1.4645498991012573
13000,mla_norope,456,5,5,0.040599364787340164,0.046493660658597946,1.4645498991012573
13000,mla_norope,456,5,6,0.05415395274758339,0.04898466914892197,1.4645498991012573
13000,mla_norope,456,5,7,0.046463217586278915,0.06958622485399246,1.4645498991012573
13000,mla_norope,456,5,8,0.054275307804346085,0.05808455869555473,1.4645498991012573
13000,mla_norope,456,5,9,0.09146575629711151,0.08027612417936325,1.4645498991012573
13000,mla_norope,456,5,10,0.06029856204986572,0.06392332166433334,1.4645498991012573
13000,mla_norope,456,5,11,0.06143768131732941,0.05614807829260826,1.4645498991012573
13000,mla_norope,456,5,12,0.08578714728355408,0.06844868510961533,1.4645498991012573
13000,mla_norope,456,5,13,0.04766377806663513,0.05334657058119774,1.4645498991012573
13000,mla_norope,456,5,14,0.11140706390142441,0.08573852479457855,1.4645498991012573
13000,mla_norope,456,5,15,0.03770792484283447,0.039256103336811066,1.4645498991012573
13500,mla_norope,456,1,0,0.07384064048528671,0.07025616616010666,2.2013678550720215
13500,mla_norope,456,1,1,0.07199544459581375,0.0641060471534729,2.2013678550720215
13500,mla_norope,456,1,2,0.07006418704986572,0.06726841628551483,2.2013678550720215
13500,mla_norope,456,1,3,0.05305837094783783,0.05533011257648468,2.2013678550720215
13500,mla_norope,456,1,4,0.06367380917072296,0.06481373310089111,2.2013678550720215
13500,mla_norope,456,1,5,0.050460610538721085,0.05497317016124725,2.2013678550720215
13500,mla_norope,456,1,6,0.06723470240831375,0.06158657744526863,2.2013678550720215
13500,mla_norope,456,1,7,0.04796081408858299,0.050175148993730545,2.2013678550720215
13500,mla_norope,456,1,8,0.059974364936351776,0.0684991106390953,2.2013678550720215
13500,mla_norope,456,1,9,0.06011871248483658,0.059626005589962006,2.2013678550720215
13500,mla_norope,456,1,10,0.06024353206157684,0.06330043077468872,2.2013678550720215
13500,mla_norope,456,1,11,0.06046447902917862,0.06328310817480087,2.2013678550720215
13500,mla_norope,456,1,12,0.05961618945002556,0.059848684817552567,2.2013678550720215
13500,mla_norope,456,1,13,0.07197611778974533,0.06344761699438095,2.2013678550720215
13500,mla_norope,456,1,14,0.06679341942071915,0.06679657101631165,2.2013678550720215
13500,mla_norope,456,1,15,0.06252461671829224,0.06668906658887863,2.2013678550720215
13500,mla_norope,456,2,0,0.04178059846162796,0.0515129528939724,1.6376192569732666
13500,mla_norope,456,2,1,0.06582549959421158,0.05848009139299393,1.6376192569732666
13500,mla_norope,456,2,2,0.07462503761053085,0.0677277222275734,1.6376192569732666
13500,mla_norope,456,2,3,0.08100473880767822,0.06988613307476044,1.6376192569732666
13500,mla_norope,456,2,4,0.053025614470243454,0.05738318711519241,1.6376192569732666
13500,mla_norope,456,2,5,0.06526529788970947,0.07901567965745926,1.6376192569732666
13500,mla_norope,456,2,6,0.046516723930835724,0.053848545998334885,1.6376192569732666
13500,mla_norope,456,2,7,0.09038126468658447,0.07766935974359512,1.6376192569732666
13500,mla_norope,456,2,8,0.05203704908490181,0.05639410763978958,1.6376192569732666
13500,mla_norope,456,2,9,0.06018127501010895,0.06144331023097038,1.6376192569732666
13500,mla_norope,456,2,10,0.038138631731271744,0.057062700390815735,1.6376192569732666
13500,mla_norope,456,2,11,0.05620025470852852,0.05786393955349922,1.6376192569732666
13500,mla_norope,456,2,12,0.06580057740211487,0.06239968538284302,1.6376192569732666
13500,mla_norope,456,2,13,0.06839996576309204,0.057800572365522385,1.6376192569732666
13500,mla_norope,456,2,14,0.07191487401723862,0.057069920003414154,1.6376192569732666
13500,mla_norope,456,2,15,0.06890258938074112,0.07444200664758682,1.6376192569732666
13500,mla_norope,456,3,0,0.06614542752504349,0.059178534895181656,1.41655433177948
13500,mla_norope,456,3,1,0.07267293334007263,0.08103055506944656,1.41655433177948
13500,mla_norope,456,3,2,0.0634060651063919,0.0549282506108284,1.41655433177948
13500,mla_norope,456,3,3,0.05614522472023964,0.06711781024932861,1.41655433177948
13500,mla_norope,456,3,4,0.09750711917877197,0.07445690035820007,1.41655433177948
13500,mla_norope,456,3,5,0.05600321292877197,0.05868683382868767,1.41655433177948
13500,mla_norope,456,3,6,0.034719645977020264,0.031001819297671318,1.41655433177948
13500,mla_norope,456,3,7,0.10042805969715118,0.07564558833837509,1.41655433177948
13500,mla_norope,456,3,8,0.03503723070025444,0.044364556670188904,1.41655433177948
13500,mla_norope,456,3,9,0.0919424444437027,0.09725393354892731,1.41655433177948
13500,mla_norope,456,3,10,0.05395853519439697,0.06299802660942078,1.41655433177948
13500,mla_norope,456,3,11,0.06322204321622849,0.0670965239405632,1.41655433177948
13500,mla_norope,456,3,12,0.046358440071344376,0.041564732789993286,1.41655433177948
13500,mla_norope,456,3,13,0.05636962875723839,0.07648037374019623,1.41655433177948
13500,mla_norope,456,3,14,0.05756062641739845,0.060674890875816345,1.41655433177948
13500,mla_norope,456,3,15,0.04852335527539253,0.04752058908343315,1.41655433177948
13500,mla_norope,456,4,0,0.08671142905950546,0.06678461283445358,1.4932862520217896
13500,mla_norope,456,4,1,0.08247477561235428,0.08273911476135254,1.4932862520217896
13500,mla_norope,456,4,2,0.055799663066864014,0.052032649517059326,1.4932862520217896
13500,mla_norope,456,4,3,0.07558705657720566,0.08246666938066483,1.4932862520217896
13500,mla_norope,456,4,4,0.05148050934076309,0.06172136962413788,1.4932862520217896
13500,mla_norope,456,4,5,0.04043996334075928,0.044158902019262314,1.4932862520217896
13500,mla_norope,456,4,6,0.061631061136722565,0.06572285294532776,1.4932862520217896
13500,mla_norope,456,4,7,0.0772305279970169,0.06990967690944672,1.4932862520217896
13500,mla_norope,456,4,8,0.046401266008615494,0.04979899525642395,1.4932862520217896
13500,mla_norope,456,4,9,0.061635538935661316,0.060799483209848404,1.4932862520217896
13500,mla_norope,456,4,10,0.04425445571541786,0.0473208911716938,1.4932862520217896
13500,mla_norope,456,4,11,0.06519938260316849,0.07018939405679703,1.4932862520217896
13500,mla_norope,456,4,12,0.06078125163912773,0.06348514556884766,1.4932862520217896
13500,mla_norope,456,4,13,0.05116170272231102,0.05325227603316307,1.4932862520217896
13500,mla_norope,456,4,14,0.07575256377458572,0.06938529014587402,1.4932862520217896
13500,mla_norope,456,4,15,0.06345885992050171,0.06023265793919563,1.4932862520217896
13500,mla_norope,456,5,0,0.061314698308706284,0.07102533429861069,1.4580098390579224
13500,mla_norope,456,5,1,0.032394204288721085,0.044697877019643784,1.4580098390579224
13500,mla_norope,456,5,2,0.07481038570404053,0.06490027904510498,1.4580098390579224
13500,mla_norope,456,5,3,0.09598886966705322,0.1054779663681984,1.4580098390579224
13500,mla_norope,456,5,4,0.04468251392245293,0.04469142481684685,1.4580098390579224
13500,mla_norope,456,5,5,0.04121795669198036,0.047472454607486725,1.4580098390579224
13500,mla_norope,456,5,6,0.05344553664326668,0.047960758209228516,1.4580098390579224
13500,mla_norope,456,5,7,0.04498555511236191,0.06788983941078186,1.4580098390579224
13500,mla_norope,456,5,8,0.05431467667222023,0.058524202555418015,1.4580098390579224
13500,mla_norope,456,5,9,0.09097340703010559,0.07860644906759262,1.4580098390579224
13500,mla_norope,456,5,10,0.06110097095370293,0.06446976214647293,1.4580098390579224
13500,mla_norope,456,5,11,0.0625724270939827,0.05724732205271721,1.4580098390579224
13500,mla_norope,456,5,12,0.08757893741130829,0.0709022507071495,1.4580098390579224
13500,mla_norope,456,5,13,0.0466696172952652,0.05208625644445419,1.4580098390579224
13500,mla_norope,456,5,14,0.1124529018998146,0.08658671379089355,1.4580098390579224
13500,mla_norope,456,5,15,0.035497333854436874,0.037461020052433014,1.4580098390579224
14000,mla_norope,456,1,0,0.0745505765080452,0.07084406167268753,2.1971025466918945
14000,mla_norope,456,1,1,0.06945780664682388,0.06237996369600296,2.1971025466918945
14000,mla_norope,456,1,2,0.07180918008089066,0.06929607689380646,2.1971025466918945
14000,mla_norope,456,1,3,0.05160563066601753,0.05471488833427429,2.1971025466918945
14000,mla_norope,456,1,4,0.06298451870679855,0.06420379132032394,2.1971025466918945
14000,mla_norope,456,1,5,0.058563437312841415,0.05700204148888588,2.1971025466918945
14000,mla_norope,456,1,6,0.06409098207950592,0.05948575958609581,2.1971025466918945
14000,mla_norope,456,1,7,0.047838643193244934,0.05026454105973244,2.1971025466918945
14000,mla_norope,456,1,8,0.056707050651311874,0.06638521701097488,2.1971025466918945
14000,mla_norope,456,1,9,0.06971638649702072,0.0637500062584877,2.1971025466918945
14000,mla_norope,456,1,10,0.05632568523287773,0.06301441788673401,2.1971025466918945
14000,mla_norope,456,1,11,0.061445921659469604,0.06315790116786957,2.1971025466918945
14000,mla_norope,456,1,12,0.061211444437503815,0.06027819216251373,2.1971025466918945
14000,mla_norope,456,1,13,0.0659853145480156,0.06107966601848602,2.1971025466918945
14000,mla_norope,456,1,14,0.06464578956365585,0.06674264371395111,2.1971025466918945
14000,mla_norope,456,1,15,0.06306162476539612,0.06740094721317291,2.1971025466918945
14000,mla_norope,456,2,0,0.04436299577355385,0.05287984758615494,1.630096197128296
14000,mla_norope,456,2,1,0.060141704976558685,0.05584503710269928,1.630096197128296
14000,mla_norope,456,2,2,0.07774007320404053,0.07212087512016296,1.630096197128296
14000,mla_norope,456,2,3,0.08205942809581757,0.0706028863787651,1.630096197128296
14000,mla_norope,456,2,4,0.05201416090130806,0.056331951171159744,1.630096197128296
14000,mla_norope,456,2,5,0.06455311924219131,0.07755430787801743,1.630096197128296
14000,mla_norope,456,2,6,0.04792541638016701,0.05540189892053604,1.630096197128296
14000,mla_norope,456,2,7,0.08944966644048691,0.076454296708107,1.630096197128296
14000,mla_norope,456,2,8,0.04768310487270355,0.05307677760720253,1.630096197128296
14000,mla_norope,456,2,9,0.061293844133615494,0.06096550077199936,1.630096197128296
14000,mla_norope,456,2,10,0.03904459625482559,0.05749362334609032,1.630096197128296
14000,mla_norope,456,2,11,0.05551757663488388,0.056909266859292984,1.630096197128296
14000,mla_norope,456,2,12,0.06617686152458191,0.06245557963848114,1.630096197128296
14000,mla_norope,456,2,13,0.07059600949287415,0.05932348221540451,1.630096197128296
14000,mla_norope,456,2,14,0.07308817654848099,0.0574796162545681,1.630096197128296
14000,mla_norope,456,2,15,0.06835327297449112,0.0751049667596817,1.630096197128296
14000,mla_norope,456,3,0,0.06581573188304901,0.05895411968231201,1.417504906654358
14000,mla_norope,456,3,1,0.07446594536304474,0.08234620094299316,1.417504906654358
14000,mla_norope,456,3,2,0.0672035738825798,0.05672009289264679,1.417504906654358
14000,mla_norope,456,3,3,0.0559774786233902,0.0667383074760437,1.417504906654358
14000,mla_norope,456,3,4,0.09770090878009796,0.07487615197896957,1.417504906654358
14000,mla_norope,456,3,5,0.056504007428884506,0.05948080122470856,1.417504906654358
14000,mla_norope,456,3,6,0.03308817371726036,0.02997153252363205,1.417504906654358
14000,mla_norope,456,3,7,0.09869761019945145,0.07420029491186142,1.417504906654358
14000,mla_norope,456,3,8,0.03486786037683487,0.04442158713936806,1.417504906654358
14000,mla_norope,456,3,9,0.09080230444669724,0.09572894126176834,1.417504906654358
14000,mla_norope,456,3,10,0.05480590835213661,0.06421305239200592,1.417504906654358
14000,mla_norope,456,3,11,0.06448771059513092,0.06764873117208481,1.417504906654358
14000,mla_norope,456,3,12,0.04483184963464737,0.04115426540374756,1.417504906654358
14000,mla_norope,456,3,13,0.05675099790096283,0.07708612084388733,1.417504906654358
14000,mla_norope,456,3,14,0.05654612183570862,0.059113819152116776,1.417504906654358
14000,mla_norope,456,3,15,0.04745381698012352,0.04734586551785469,1.417504906654358
14000,mla_norope,456,4,0,0.08852935582399368,0.06835586577653885,1.5035446882247925
14000,mla_norope,456,4,1,0.08147338777780533,0.08151325583457947,1.5035446882247925
14000,mla_norope,456,4,2,0.05690582096576691,0.053018968552351,1.5035446882247925
14000,mla_norope,456,4,3,0.07261382788419724,0.07966578751802444,1.5035446882247925
14000,mla_norope,456,4,4,0.05177968367934227,0.062015291303396225,1.5035446882247925
14000,mla_norope,456,4,5,0.040357157588005066,0.044528521597385406,1.5035446882247925
14000,mla_norope,456,4,6,0.061430156230926514,0.06529779732227325,1.5035446882247925
14000,mla_norope,456,4,7,0.07838409394025803,0.07118336856365204,1.5035446882247925
14000,mla_norope,456,4,8,0.04693298414349556,0.05048404261469841,1.5035446882247925
14000,mla_norope,456,4,9,0.06226643919944763,0.062451090663671494,1.5035446882247925
14000,mla_norope,456,4,10,0.04323537275195122,0.04661422595381737,1.5035446882247925
14000,mla_norope,456,4,11,0.06375854462385178,0.06977026909589767,1.5035446882247925
14000,mla_norope,456,4,12,0.06014404445886612,0.06208362057805061,1.5035446882247925
14000,mla_norope,456,4,13,0.05150339752435684,0.053649354726076126,1.5035446882247925
14000,mla_norope,456,4,14,0.07566345483064651,0.06861867755651474,1.5035446882247925
14000,mla_norope,456,4,15,0.06502227485179901,0.06074977293610573,1.5035446882247925
14000,mla_norope,456,5,0,0.06118306517601013,0.07079338282346725,1.4605201482772827
14000,mla_norope,456,5,1,0.03352833911776543,0.04590115696191788,1.4605201482772827
14000,mla_norope,456,5,2,0.07443796843290329,0.0638401061296463,1.4605201482772827
14000,mla_norope,456,5,3,0.09630513191223145,0.10530781745910645,1.4605201482772827
14000,mla_norope,456,5,4,0.045159097760915756,0.04506143182516098,1.4605201482772827
14000,mla_norope,456,5,5,0.04090616852045059,0.04821942746639252,1.4605201482772827
14000,mla_norope,456,5,6,0.05385386198759079,0.04835543408989906,1.4605201482772827
14000,mla_norope,456,5,7,0.04586120694875717,0.06922855228185654,1.4605201482772827
14000,mla_norope,456,5,8,0.05429178848862648,0.057516977190971375,1.4605201482772827
14000,mla_norope,456,5,9,0.0899868756532669,0.07765199989080429,1.4605201482772827
14000,mla_norope,456,5,10,0.060729674994945526,0.064289890229702,1.4605201482772827
14000,mla_norope,456,5,11,0.061889342963695526,0.056416504085063934,1.4605201482772827
14000,mla_norope,456,5,12,0.08717986941337585,0.07001567631959915,1.4605201482772827
14000,mla_norope,456,5,13,0.04642222076654434,0.052148208022117615,1.4605201482772827
14000,mla_norope,456,5,14,0.11135660856962204,0.08632203936576843,1.4605201482772827
14000,mla_norope,456,5,15,0.036908771842718124,0.03893140330910683,1.4605201482772827
14500,mla_norope,456,1,0,0.07388681918382645,0.07051615417003632,2.1932289600372314
14500,mla_norope,456,1,1,0.07338287681341171,0.0652165561914444,2.1932289600372314
14500,mla_norope,456,1,2,0.06983988732099533,0.0669490396976471,2.1932289600372314
14500,mla_norope,456,1,3,0.054555460810661316,0.0576055608689785,2.1932289600372314
14500,mla_norope,456,1,4,0.06253845244646072,0.0638803243637085,2.1932289600372314
14500,mla_norope,456,1,5,0.04651245102286339,0.05346309766173363,2.1932289600372314
14500,mla_norope,456,1,6,0.06562408804893494,0.060285892337560654,2.1932289600372314
14500,mla_norope,456,1,7,0.04836029186844826,0.05018795281648636,2.1932289600372314
14500,mla_norope,456,1,8,0.06431946158409119,0.07084586471319199,2.1932289600372314
14500,mla_norope,456,1,9,0.06579559296369553,0.06198937073349953,2.1932289600372314
14500,mla_norope,456,1,10,0.06002227962017059,0.06313870847225189,2.1932289600372314
14500,mla_norope,456,1,11,0.05902140215039253,0.06134737655520439,2.1932289600372314
14500,mla_norope,456,1,12,0.05759897828102112,0.05896320939064026,2.1932289600372314
14500,mla_norope,456,1,13,0.06561493128538132,0.060515277087688446,2.1932289600372314
14500,mla_norope,456,1,14,0.06996724754571915,0.06827686727046967,2.1932289600372314
14500,mla_norope,456,1,15,0.06295979768037796,0.0668187364935875,2.1932289600372314
14500,mla_norope,456,2,0,0.04486073926091194,0.05248526483774185,1.6305575370788574
14500,mla_norope,456,2,1,0.05944468080997467,0.05538276582956314,1.6305575370788574
14500,mla_norope,456,2,2,0.0764981061220169,0.07023175805807114,1.6305575370788574
14500,mla_norope,456,2,3,0.08301574736833572,0.07120642066001892,1.6305575370788574
14500,mla_norope,456,2,4,0.05124827101826668,0.055394675582647324,1.6305575370788574
14500,mla_norope,456,2,5,0.06497863680124283,0.07777860015630722,1.6305575370788574
14500,mla_norope,456,2,6,0.04754292964935303,0.05459248274564743,1.6305575370788574
14500,mla_norope,456,2,7,0.08930226415395737,0.07656455785036087,1.6305575370788574
14500,mla_norope,456,2,8,0.04735829681158066,0.05307959020137787,1.6305575370788574
14500,mla_norope,456,2,9,0.059959717094898224,0.06120945140719414,1.6305575370788574
14500,mla_norope,456,2,10,0.03995422273874283,0.05833059921860695,1.6305575370788574
14500,mla_norope,456,2,11,0.05589874088764191,0.05721718445420265,1.6305575370788574
14500,mla_norope,456,2,12,0.06668172031641006,0.06198534741997719,1.6305575370788574
14500,mla_norope,456,2,13,0.06881703436374664,0.059020817279815674,1.6305575370788574
14500,mla_norope,456,2,14,0.07540079951286316,0.05912955105304718,1.6305575370788574
14500,mla_norope,456,2,15,0.06903808563947678,0.0763910785317421,1.6305575370788574
14500,mla_norope,456,3,0,0.06524769961833954,0.058144327253103256,1.4123693704605103
14500,mla_norope,456,3,1,0.07548685371875763,0.08279474079608917,1.4123693704605103
14500,mla_norope,456,3,2,0.06572428345680237,0.056411564350128174,1.4123693704605103
14500,mla_norope,456,3,3,0.055750224739313126,0.06672073900699615,1.4123693704605103
14500,mla_norope,456,3,4,0.0978889986872673,0.0743299350142479,1.4123693704605103
14500,mla_norope,456,3,5,0.05527201294898987,0.05820636823773384,1.4123693704605103
14500,mla_norope,456,3,6,0.035348307341337204,0.03163383528590202,1.4123693704605103
14500,mla_norope,456,3,7,0.09838816523551941,0.07410439848899841,1.4123693704605103
14500,mla_norope,456,3,8,0.03422688692808151,0.04379582032561302,1.4123693704605103
14500,mla_norope,456,3,9,0.0897006243467331,0.09470363706350327,1.4123693704605103
14500,mla_norope,456,3,10,0.05467275157570839,0.06429687887430191,1.4123693704605103
14500,mla_norope,456,3,11,0.06561991572380066,0.06891460716724396,1.4123693704605103
14500,mla_norope,456,3,12,0.045387573540210724,0.041735243052244186,1.4123693704605103
14500,mla_norope,456,3,13,0.0572865791618824,0.077920101583004,1.4123693704605103
14500,mla_norope,456,3,14,0.056645508855581284,0.059095464646816254,1.4123693704605103
14500,mla_norope,456,3,15,0.04735361784696579,0.047192174941301346,1.4123693704605103
14500,mla_norope,456,4,0,0.08686574548482895,0.06731469929218292,1.4960986375808716
14500,mla_norope,456,4,1,0.08179382234811783,0.08199251443147659,1.4960986375808716
14500,mla_norope,456,4,2,0.05799214541912079,0.05398060008883476,1.4960986375808716
14500,mla_norope,456,4,3,0.07228332757949829,0.0791151151061058,1.4960986375808716
14500,mla_norope,456,4,4,0.05237070843577385,0.06259047240018845,1.4960986375808716
14500,mla_norope,456,4,5,0.040501099079847336,0.04481795057654381,1.4960986375808716
14500,mla_norope,456,4,6,0.06143544614315033,0.06492491811513901,1.4960986375808716
14500,mla_norope,456,4,7,0.0793851688504219,0.07173857092857361,1.4960986375808716
14500,mla_norope,456,4,8,0.04807678237557411,0.051932644098997116,1.4960986375808716
14500,mla_norope,456,4,9,0.06235351413488388,0.06206356734037399,1.4960986375808716
14500,mla_norope,456,4,10,0.044350482523441315,0.04737270995974541,1.4960986375808716
14500,mla_norope,456,4,11,0.060995686799287796,0.06691750138998032,1.4960986375808716
14500,mla_norope,456,4,12,0.06074920669198036,0.06299559026956558,1.4960986375808716
14500,mla_norope,456,4,13,0.05057739093899727,0.0519760325551033,1.4960986375808716
14500,mla_norope,456,4,14,0.0764198824763298,0.06982447952032089,1.4960986375808716
14500,mla_norope,456,4,15,0.06384959071874619,0.06044252961874008,1.4960986375808716
14500,mla_norope,456,5,0,0.06090738996863365,0.07006578147411346,1.4573360681533813
14500,mla_norope,456,5,1,0.032173361629247665,0.04443475231528282,1.4573360681533813
14500,mla_norope,456,5,2,0.07475881278514862,0.06416166573762894,1.4573360681533813
14500,mla_norope,456,5,3,0.09669464081525803,0.10562406480312347,1.4573360681533813
14500,mla_norope,456,5,4,0.044543661177158356,0.044535648077726364,1.4573360681533813
14500,mla_norope,456,5,5,0.04093566909432411,0.04681790620088577,1.4573360681533813
14500,mla_norope,456,5,6,0.053881023079156876,0.04883163794875145,1.4573360681533813
14500,mla_norope,456,5,7,0.047000426799058914,0.07061892747879028,1.4573360681533813
14500,mla_norope,456,5,8,0.05509348586201668,0.059431735426187515,1.4573360681533813
14500,mla_norope,456,5,9,0.09091582894325256,0.07900869101285934,1.4573360681533813
14500,mla_norope,456,5,10,0.05850128084421158,0.062267545610666275,1.4573360681533813
14500,mla_norope,456,5,11,0.06188669800758362,0.056123003363609314,1.4573360681533813
14500,mla_norope,456,5,12,0.08527588099241257,0.06802965700626373,1.4573360681533813
14500,mla_norope,456,5,13,0.04746205732226372,0.052833788096904755,1.4573360681533813
14500,mla_norope,456,5,14,0.11290161311626434,0.08816171437501907,1.4573360681533813
14500,mla_norope,456,5,15,0.03706817701458931,0.039053596556186676,1.4573360681533813
15000,mla_norope,456,1,0,0.07156158238649368,0.06913863867521286,2.192120313644409
15000,mla_norope,456,1,1,0.0706125870347023,0.06345239281654358,2.192120313644409
15000,mla_norope,456,1,2,0.07164642214775085,0.06845610588788986,2.192120313644409
15000,mla_norope,456,1,3,0.05080607160925865,0.05419468507170677,2.192120313644409
15000,mla_norope,456,1,4,0.0632254034280777,0.06456560641527176,2.192120313644409
15000,mla_norope,456,1,5,0.05173645168542862,0.05570375919342041,2.192120313644409
15000,mla_norope,456,1,6,0.06278401613235474,0.0582461804151535,2.192120313644409
15000,mla_norope,456,1,7,0.04768717288970947,0.05063697323203087,2.192120313644409
15000,mla_norope,456,1,8,0.06160125881433487,0.06899883598089218,2.192120313644409
15000,mla_norope,456,1,9,0.06901296228170395,0.06349586695432663,2.192120313644409
15000,mla_norope,456,1,10,0.06566416472196579,0.0653378963470459,2.192120313644409
15000,mla_norope,456,1,11,0.06203470751643181,0.06323505938053131,2.192120313644409
15000,mla_norope,456,1,12,0.05872344970703125,0.059736188501119614,2.192120313644409
15000,mla_norope,456,1,13,0.06170817092061043,0.05954171344637871,2.192120313644409
15000,mla_norope,456,1,14,0.0696544423699379,0.06899476051330566,2.192120313644409
15000,mla_norope,456,1,15,0.06154113635420799,0.06626537442207336,2.192120313644409
15000,mla_norope,456,2,0,0.04549519717693329,0.053067777305841446,1.6304500102996826
15000,mla_norope,456,2,1,0.06108245998620987,0.05624767765402794,1.6304500102996826
15000,mla_norope,456,2,2,0.07649902254343033,0.06945804506540298,1.6304500102996826
15000,mla_norope,456,2,3,0.08297058194875717,0.0715802013874054,1.6304500102996826
15000,mla_norope,456,2,4,0.051702678203582764,0.056041017174720764,1.6304500102996826
15000,mla_norope,456,2,5,0.06435353308916092,0.07724083214998245,1.6304500102996826
15000,mla_norope,456,2,6,0.04745422303676605,0.05502162128686905,1.6304500102996826
15000,mla_norope,456,2,7,0.08906097710132599,0.07615706324577332,1.6304500102996826
15000,mla_norope,456,2,8,0.05123646929860115,0.055618178099393845,1.6304500102996826
15000,mla_norope,456,2,9,0.05730173736810684,0.06037166714668274,1.6304500102996826
15000,mla_norope,456,2,10,0.039853718131780624,0.05868152156472206,1.6304500102996826
15000,mla_norope,456,2,11,0.05656138062477112,0.058559615164995193,1.6304500102996826
15000,mla_norope,456,2,12,0.06583170592784882,0.06136724352836609,1.6304500102996826
15000,mla_norope,456,2,13,0.06982940435409546,0.05831303820014,1.6304500102996826
15000,mla_norope,456,2,14,0.07310739904642105,0.05834031477570534,1.6304500102996826
15000,mla_norope,456,2,15,0.06765950471162796,0.07393427193164825,1.6304500102996826
15000,mla_norope,456,3,0,0.06557484716176987,0.05862966552376747,1.4147392511367798
15000,mla_norope,456,3,1,0.07282602787017822,0.08002987504005432,1.4147392511367798
15000,mla_norope,456,3,2,0.06512044370174408,0.05605579912662506,1.4147392511367798
15000,mla_norope,456,3,3,0.05627746507525444,0.06719804555177689,1.4147392511367798
15000,mla_norope,456,3,4,0.09826721251010895,0.07537531107664108,1.4147392511367798
15000,mla_norope,456,3,5,0.05512797087430954,0.05887908861041069,1.4147392511367798
15000,mla_norope,456,3,6,0.034905191510915756,0.03086024895310402,1.4147392511367798
15000,mla_norope,456,3,7,0.0969994068145752,0.07253860682249069,1.4147392511367798
15000,mla_norope,456,3,8,0.0350119024515152,0.044364795088768005,1.4147392511367798
15000,mla_norope,456,3,9,0.09004781395196915,0.09529593586921692,1.4147392511367798
15000,mla_norope,456,3,10,0.054676514118909836,0.06360557675361633,1.4147392511367798
15000,mla_norope,456,3,11,0.0665372684597969,0.06940344721078873,1.4147392511367798
15000,mla_norope,456,3,12,0.047118429094552994,0.04299067333340645,1.4147392511367798
15000,mla_norope,456,3,13,0.05739735811948776,0.07791096717119217,1.4147392511367798
15000,mla_norope,456,3,14,0.057226359844207764,0.05993715301156044,1.4147392511367798
15000,mla_norope,456,3,15,0.04688578471541405,0.04692492261528969,1.4147392511367798
15000,mla_norope,456,4,0,0.08972432464361191,0.0688335970044136,1.4978266954421997
15000,mla_norope,456,4,1,0.08134908229112625,0.08090665191411972,1.4978266954421997
15000,mla_norope,456,4,2,0.05754435062408447,0.053667258471250534,1.4978266954421997
15000,mla_norope,456,4,3,0.07347666472196579,0.08073369413614273,1.4978266954421997
15000,mla_norope,456,4,4,0.05345652252435684,0.0641479641199112,1.4978266954421997
15000,mla_norope,456,4,5,0.040516968816518784,0.04478834941983223,1.4978266954421997
15000,mla_norope,456,4,6,0.06156168505549431,0.06569335609674454,1.4978266954421997
15000,mla_norope,456,4,7,0.07812255620956421,0.07138359546661377,1.4978266954421997
15000,mla_norope,456,4,8,0.04690704494714737,0.050226155668497086,1.4978266954421997
15000,mla_norope,456,4,9,0.061101481318473816,0.06101706251502037,1.4978266954421997
15000,mla_norope,456,4,10,0.04434855282306671,0.047863028943538666,1.4978266954421997
15000,mla_norope,456,4,11,0.06410624086856842,0.06953076273202896,1.4978266954421997
15000,mla_norope,456,4,12,0.0587444044649601,0.060910020023584366,1.4978266954421997
15000,mla_norope,456,4,13,0.051069844514131546,0.05285946652293205,1.4978266954421997
15000,mla_norope,456,4,14,0.07450978457927704,0.06706742197275162,1.4978266954421997
15000,mla_norope,456,4,15,0.06346049159765244,0.060371603816747665,1.4978266954421997
15000,mla_norope,456,5,0,0.06105285510420799,0.07078639417886734,1.4626469612121582
15000,mla_norope,456,5,1,0.03302245959639549,0.045629099011421204,1.4626469612121582
15000,mla_norope,456,5,2,0.07504994422197342,0.0644577145576477,1.4626469612121582
15000,mla_norope,456,5,3,0.09541117399930954,0.10344717651605606,1.4626469612121582
15000,mla_norope,456,5,4,0.04554484039545059,0.04535895586013794,1.4626469612121582
15000,mla_norope,456,5,5,0.04068298265337944,0.047173500061035156,1.4626469612121582
15000,mla_norope,456,5,6,0.05461059510707855,0.05006719380617142,1.4626469612121582
15000,mla_norope,456,5,7,0.0454140231013298,0.06887777149677277,1.4626469612121582
15000,mla_norope,456,5,8,0.054527588188648224,0.058534324169158936,1.4626469612121582
15000,mla_norope,456,5,9,0.0905107632279396,0.07832107692956924,1.4626469612121582
15000,mla_norope,456,5,10,0.05981455370783806,0.06342694908380508,1.4626469612121582
15000,mla_norope,456,5,11,0.06312093138694763,0.05717534199357033,1.4626469612121582
15000,mla_norope,456,5,12,0.08573069423437119,0.06957633048295975,1.4626469612121582
15000,mla_norope,456,5,13,0.04785441234707832,0.05318982154130936,1.4626469612121582
15000,mla_norope,456,5,14,0.11098836362361908,0.08560565859079361,1.4626469612121582
15000,mla_norope,456,5,15,0.03666381910443306,0.03837262839078903,1.4626469612121582
