iter,attn_mode,seed,layer,expert,selected_fraction,mean_probability,router_entropy
0,mla,42,1,0,0.08237935602664948,0.06778575479984283,2.6296768188476562
0,mla,42,1,1,0.025206908583641052,0.047352295368909836,2.6296768188476562
0,mla,42,1,2,0.05268697068095207,0.05849895998835564,2.6296768188476562
0,mla,42,1,3,0.034382425248622894,0.05343056842684746,2.6296768188476562
0,mla,42,1,4,0.0608450323343277,0.06435132026672363,2.6296768188476562
0,mla,42,1,5,0.11635487526655197,0.07932482659816742,2.6296768188476562
0,mla,42,1,6,0.06571095436811447,0.06583485752344131,2.6296768188476562
0,mla,42,1,7,0.06343068182468414,0.06564908474683762,2.6296768188476562
0,mla,42,1,8,0.03419779613614082,0.05617333576083183,2.6296768188476562
0,mla,42,1,9,0.10889729857444763,0.07567982375621796,2.6296768188476562
0,mla,42,1,10,0.0726635754108429,0.06607703864574432,2.6296768188476562
0,mla,42,1,11,0.0914013683795929,0.07358424365520477,2.6296768188476562
0,mla,42,1,12,0.015226135030388832,0.0449499674141407,2.6296768188476562
0,mla,42,1,13,0.034081216901540756,0.05215448513627052,2.6296768188476562
0,mla,42,1,14,0.06649515777826309,0.0662783682346344,2.6296768188476562
0,mla,42,1,15,0.07604024559259415,0.06287501752376556,2.6296768188476562
0,mla,42,2,0,0.025394083932042122,0.049964673817157745,2.619070529937744
0,mla,42,2,1,0.03430185839533806,0.05374235287308693,2.619070529937744
0,mla,42,2,2,0.05136362835764885,0.06189042329788208,2.619070529937744
0,mla,42,2,3,0.0819428488612175,0.06971689313650131,2.619070529937744
0,mla,42,2,4,0.03966725617647171,0.05771876126527786,2.619070529937744
0,mla,42,2,5,0.1013481616973877,0.07358808815479279,2.619070529937744
0,mla,42,2,6,0.0573800653219223,0.064786396920681,2.619070529937744
0,mla,42,2,7,0.06106282398104668,0.06279680877923965,2.619070529937744
0,mla,42,2,8,0.09629923850297928,0.07487260550260544,2.619070529937744
0,mla,42,2,9,0.07692576199769974,0.0710926279425621,2.619070529937744
0,mla,42,2,10,0.020760904997587204,0.04844050109386444,2.619070529937744
0,mla,42,2,11,0.024004211649298668,0.047917962074279785,2.619070529937744
0,mla,42,2,12,0.04589487612247467,0.055137623101472855,2.619070529937744
0,mla,42,2,13,0.0359305813908577,0.052966997027397156,2.619070529937744
0,mla,42,2,14,0.17867553234100342,0.09373825788497925,2.619070529937744
0,mla,42,2,15,0.06904815882444382,0.061628855764865875,2.619070529937744
0,mla,42,3,0,0.027035217732191086,0.04965617135167122,2.618596076965332
0,mla,42,3,1,0.0772019475698471,0.06939826905727386,2.618596076965332
0,mla,42,3,2,0.09490305930376053,0.0703401193022728,2.618596076965332
0,mla,42,3,3,0.06661265343427658,0.06231820583343506,2.618596076965332
0,mla,42,3,4,0.01848459802567959,0.04346224293112755,2.618596076965332
0,mla,42,3,5,0.13081777095794678,0.0801936611533165,2.618596076965332
0,mla,42,3,6,0.025356343016028404,0.05227450653910637,2.618596076965332
0,mla,42,3,7,0.03343190625309944,0.05710379406809807,2.618596076965332
0,mla,42,3,8,0.033048808574676514,0.05381154268980026,2.618596076965332
0,mla,42,3,9,0.0516478456556797,0.056429214775562286,2.618596076965332
0,mla,42,3,10,0.08598805963993073,0.0758819580078125,2.618596076965332
0,mla,42,3,11,0.06641744077205658,0.06326872855424881,2.618596076965332
0,mla,42,3,12,0.10689076781272888,0.07475105673074722,2.618596076965332
0,mla,42,3,13,0.0917975902557373,0.06919196993112564,2.618596076965332
0,mla,42,3,14,0.0548178106546402,0.062285151332616806,2.618596076965332
0,mla,42,3,15,0.03554819896817207,0.05963347852230072,2.618596076965332
0,mla,42,4,0,0.07167785614728928,0.06715230643749237,2.6128430366516113
0,mla,42,4,1,0.01661478728055954,0.043672703206539154,2.6128430366516113
0,mla,42,4,2,0.062414348125457764,0.06383594870567322,2.6128430366516113
0,mla,42,4,3,0.016845092177391052,0.049385856837034225,2.6128430366516113
0,mla,42,4,4,0.02305460534989834,0.050817981362342834,2.6128430366516113
0,mla,42,4,5,0.05342976748943329,0.06013580411672592,2.6128430366516113
0,mla,42,4,6,0.04544372484087944,0.056154556572437286,2.6128430366516113
0,mla,42,4,7,0.02714894525706768,0.05538424104452133,2.6128430366516113
0,mla,42,4,8,0.2100304216146469,0.10494503378868103,2.6128430366516113
0,mla,42,4,9,0.16435302793979645,0.09474635124206543,2.6128430366516113
0,mla,42,4,10,0.027637634426355362,0.05324578285217285,2.6128430366516113
0,mla,42,4,11,0.013235575519502163,0.04120431840419769,2.6128430366516113
0,mla,42,4,12,0.12309499084949493,0.07938811928033829,2.6128430366516113
0,mla,42,4,13,0.02258158288896084,0.04808560386300087,2.6128430366516113
0,mla,42,4,14,0.052159830927848816,0.0625067874789238,2.6128430366516113
0,mla,42,4,15,0.07027781009674072,0.06933868676424026,2.6128430366516113
0,mla,42,5,0,0.2292155921459198,0.11022605746984482,2.591902256011963
0,mla,42,5,1,0.009717610664665699,0.038957659155130386,2.591902256011963
0,mla,42,5,2,0.0060072834603488445,0.03802092373371124,2.591902256011963
0,mla,42,5,3,0.015576070174574852,0.04452641308307648,2.591902256011963
0,mla,42,5,4,0.0038816325832158327,0.03810351714491844,2.591902256011963
0,mla,42,5,5,0.18085022270679474,0.0998322069644928,2.591902256011963
0,mla,42,5,6,0.18824034929275513,0.10162241756916046,2.591902256011963
0,mla,42,5,7,0.015309549868106842,0.04622718319296837,2.591902256011963
0,mla,42,5,8,0.07274546474218369,0.07498669624328613,2.591902256011963
0,mla,42,5,9,0.047638144344091415,0.06097055599093437,2.591902256011963
0,mla,42,5,10,0.020703328773379326,0.052961185574531555,2.591902256011963
0,mla,42,5,11,0.038745321333408356,0.061522286385297775,2.591902256011963
0,mla,42,5,12,0.04812021926045418,0.06017952784895897,2.591902256011963
0,mla,42,5,13,0.05602722242474556,0.06345366686582565,2.591902256011963
0,mla,42,5,14,0.048026226460933685,0.06203268840909004,2.591902256011963
0,mla,42,5,15,0.019195759668946266,0.04637693986296654,2.591902256011963
500,mla,42,1,0,0.09853780269622803,0.07668276131153107,2.255354166030884
500,mla,42,1,1,0.055585429072380066,0.06144432723522186,2.255354166030884
500,mla,42,1,2,0.045915018767118454,0.056925736367702484,2.255354166030884
500,mla,42,1,3,0.048729654401540756,0.04970680922269821,2.255354166030884
500,mla,42,1,4,0.07368011772632599,0.06795250624418259,2.255354166030884
500,mla,42,1,5,0.06845632195472717,0.06527258455753326,2.255354166030884
500,mla,42,1,6,0.06113535538315773,0.06536485999822617,2.255354166030884
500,mla,42,1,7,0.04873250424861908,0.058465104550123215,2.255354166030884
500,mla,42,1,8,0.07385650277137756,0.06279609352350235,2.255354166030884
500,mla,42,1,9,0.06416361778974533,0.052390631288290024,2.255354166030884
500,mla,42,1,10,0.05584411695599556,0.05955542251467705,2.255354166030884
500,mla,42,1,11,0.05629893019795418,0.06253139674663544,2.255354166030884
500,mla,42,1,12,0.05053954944014549,0.06840928643941879,2.255354166030884
500,mla,42,1,13,0.07336852699518204,0.0665658563375473,2.255354166030884
500,mla,42,1,14,0.04766448959708214,0.05568332597613335,2.255354166030884
500,mla,42,1,15,0.07749206572771072,0.07025327533483505,2.255354166030884
500,mla,42,2,0,0.041095174849033356,0.05795035511255264,2.1869404315948486
500,mla,42,2,1,0.07500986754894257,0.07155141979455948,2.1869404315948486
500,mla,42,2,2,0.07502289116382599,0.06481151282787323,2.1869404315948486
500,mla,42,2,3,0.03783121705055237,0.044798437505960464,2.1869404315948486
500,mla,42,2,4,0.06545165926218033,0.06848850101232529,2.1869404315948486
500,mla,42,2,5,0.0692819207906723,0.06172231584787369,2.1869404315948486
500,mla,42,2,6,0.06667480617761612,0.057546716183423996,2.1869404315948486
500,mla,42,2,7,0.06784281134605408,0.05987909808754921,2.1869404315948486
500,mla,42,2,8,0.05941426753997803,0.06353374570608139,2.1869404315948486
500,mla,42,2,9,0.06659840792417526,0.06782052665948868,2.1869404315948486
500,mla,42,2,10,0.06853200495243073,0.06493838131427765,2.1869404315948486
500,mla,42,2,11,0.060037028044462204,0.055560704320669174,2.1869404315948486
500,mla,42,2,12,0.04497426375746727,0.06167175993323326,2.1869404315948486
500,mla,42,2,13,0.056985270231962204,0.0559721514582634,2.1869404315948486
500,mla,42,2,14,0.05878601223230362,0.061078909784555435,2.1869404315948486
500,mla,42,2,15,0.08646240085363388,0.08267547190189362,2.1869404315948486
500,mla,42,3,0,0.06697438657283783,0.06039915606379509,2.0316598415374756
500,mla,42,3,1,0.07200439274311066,0.06195858493447304,2.0316598415374756
500,mla,42,3,2,0.08459411561489105,0.06750848144292831,2.0316598415374756
500,mla,42,3,3,0.07260925322771072,0.08054042607545853,2.0316598415374756
500,mla,42,3,4,0.031746115535497665,0.03943239897489548,2.0316598415374756
500,mla,42,3,5,0.07659260928630829,0.07674410194158554,2.0316598415374756
500,mla,42,3,6,0.011043701320886612,0.02964947745203972,2.0316598415374756
500,mla,42,3,7,0.040098369121551514,0.05527947098016739,2.0316598415374756
500,mla,42,3,8,0.059280700981616974,0.06591984629631042,2.0316598415374756
500,mla,42,3,9,0.04680165648460388,0.0632006898522377,2.0316598415374756
500,mla,42,3,10,0.05630899965763092,0.05443364009261131,2.0316598415374756
500,mla,42,3,11,0.05106638744473457,0.04669264703989029,2.0316598415374756
500,mla,42,3,12,0.09255320578813553,0.06651260703802109,2.0316598415374756
500,mla,42,3,13,0.059448447078466415,0.06278547644615173,2.0316598415374756
500,mla,42,3,14,0.09226399660110474,0.08973203599452972,2.0316598415374756
500,mla,42,3,15,0.08661366999149323,0.07921095192432404,2.0316598415374756
500,mla,42,4,0,0.07497802376747131,0.058898329734802246,2.167062282562256
500,mla,42,4,1,0.08710794895887375,0.07287751883268356,2.167062282562256
500,mla,42,4,2,0.06694427132606506,0.06683322787284851,2.167062282562256
500,mla,42,4,3,0.0462748222053051,0.05374881252646446,2.167062282562256
500,mla,42,4,4,0.0547301210463047,0.05339978635311127,2.167062282562256
500,mla,42,4,5,0.04579833894968033,0.05485307052731514,2.167062282562256
500,mla,42,4,6,0.09618865698575974,0.08434987813234329,2.167062282562256
500,mla,42,4,7,0.06818796694278717,0.06248629093170166,2.167062282562256
500,mla,42,4,8,0.054897867143154144,0.06055693328380585,2.167062282562256
500,mla,42,4,9,0.06690246611833572,0.0782146230340004,2.167062282562256
500,mla,42,4,10,0.0536620058119297,0.054915446788072586,2.167062282562256
500,mla,42,4,11,0.05038360506296158,0.06418436020612717,2.167062282562256
500,mla,42,4,12,0.05199076235294342,0.05292133241891861,2.167062282562256
500,mla,42,4,13,0.08068318665027618,0.06531216949224472,2.167062282562256
500,mla,42,4,14,0.06619221717119217,0.06448269635438919,2.167062282562256
500,mla,42,4,15,0.035077717155218124,0.05196542292833328,2.167062282562256
500,mla,42,5,0,0.046222127974033356,0.05438734591007233,2.443375825881958
500,mla,42,5,1,0.06847788393497467,0.062259115278720856,2.443375825881958
500,mla,42,5,2,0.0785382091999054,0.06947732716798782,2.443375825881958
500,mla,42,5,3,0.05573791638016701,0.05400162562727928,2.443375825881958
500,mla,42,5,4,0.06811685860157013,0.06317146867513657,2.443375825881958
500,mla,42,5,5,0.08413106203079224,0.06642348319292068,2.443375825881958
500,mla,42,5,6,0.05844726413488388,0.06371300667524338,2.443375825881958
500,mla,42,5,7,0.11465077847242355,0.07978614419698715,2.443375825881958
500,mla,42,5,8,0.033984579145908356,0.050866104662418365,2.443375825881958
500,mla,42,5,9,0.05326446518301964,0.06263701617717743,2.443375825881958
500,mla,42,5,10,0.04678293690085411,0.060203246772289276,2.443375825881958
500,mla,42,5,11,0.06291025876998901,0.06193637102842331,2.443375825881958
500,mla,42,5,12,0.0398794561624527,0.052292268723249435,2.443375825881958
500,mla,42,5,13,0.07396148890256882,0.0710156112909317,2.443375825881958
500,mla,42,5,14,0.039814554154872894,0.056677836924791336,2.443375825881958
500,mla,42,5,15,0.07508015632629395,0.07115205377340317,2.443375825881958
1000,mla,42,1,0,0.08471343666315079,0.07276034355163574,2.0614840984344482
1000,mla,42,1,1,0.06212432682514191,0.05689635127782822,2.0614840984344482
1000,mla,42,1,2,0.05856180936098099,0.05959894880652428,2.0614840984344482
1000,mla,42,1,3,0.08263733237981796,0.07274691760540009,2.0614840984344482
1000,mla,42,1,4,0.05355275422334671,0.060195427387952805,2.0614840984344482
1000,mla,42,1,5,0.0618978887796402,0.06311652064323425,2.0614840984344482
1000,mla,42,1,6,0.06875651329755783,0.0673631876707077,2.0614840984344482
1000,mla,42,1,7,0.062445782124996185,0.06551562994718552,2.0614840984344482
1000,mla,42,1,8,0.05034840852022171,0.05305714160203934,2.0614840984344482
1000,mla,42,1,9,0.06554463505744934,0.05422001704573631,2.0614840984344482
1000,mla,42,1,10,0.04074401780962944,0.04812897741794586,2.0614840984344482
1000,mla,42,1,11,0.06613616645336151,0.06107513979077339,2.0614840984344482
1000,mla,42,1,12,0.05482320114970207,0.07259531319141388,2.0614840984344482
1000,mla,42,1,13,0.06092539429664612,0.060121696442365646,2.0614840984344482
1000,mla,42,1,14,0.05643676593899727,0.06444185227155685,2.0614840984344482
1000,mla,42,1,15,0.07035156339406967,0.06816650182008743,2.0614840984344482
1000,mla,42,2,0,0.04459574446082115,0.044995713979005814,1.7229061126708984
1000,mla,42,2,1,0.07536742836236954,0.07214650511741638,1.7229061126708984
1000,mla,42,2,2,0.052444152534008026,0.0562468022108078,1.7229061126708984
1000,mla,42,2,3,0.043637797236442566,0.04208426922559738,1.7229061126708984
1000,mla,42,2,4,0.0816510021686554,0.07096198946237564,1.7229061126708984
1000,mla,42,2,5,0.0707390308380127,0.07878094166517258,1.7229061126708984
1000,mla,42,2,6,0.07433563470840454,0.05687779188156128,1.7229061126708984
1000,mla,42,2,7,0.04133148118853569,0.04404541850090027,1.7229061126708984
1000,mla,42,2,8,0.04551483318209648,0.047237228602170944,1.7229061126708984
1000,mla,42,2,9,0.06857666373252869,0.06399082392454147,1.7229061126708984
1000,mla,42,2,10,0.07237833738327026,0.07758729159832001,1.7229061126708984
1000,mla,42,2,11,0.06536681950092316,0.06677444279193878,1.7229061126708984
1000,mla,42,2,12,0.04593007266521454,0.052074119448661804,1.7229061126708984
1000,mla,42,2,13,0.06427642703056335,0.06242217868566513,1.7229061126708984
1000,mla,42,2,14,0.07612131536006927,0.07866770029067993,1.7229061126708984
1000,mla,42,2,15,0.07773325592279434,0.08510663360357285,1.7229061126708984
1000,mla,42,3,0,0.045667827129364014,0.04446146637201309,1.6702790260314941
1000,mla,42,3,1,0.07722320407629013,0.06506849080324173,1.6702790260314941
1000,mla,42,3,2,0.09469563513994217,0.07913915812969208,1.6702790260314941
1000,mla,42,3,3,0.0657927468419075,0.07768292725086212,1.6702790260314941
1000,mla,42,3,4,0.025734659284353256,0.03428211808204651,1.6702790260314941
1000,mla,42,3,5,0.07529693841934204,0.0760183110833168,1.6702790260314941
1000,mla,42,3,6,0.021062621846795082,0.03431972488760948,1.6702790260314941
1000,mla,42,3,7,0.06109822541475296,0.061752788722515106,1.6702790260314941
1000,mla,42,3,8,0.06126037612557411,0.06514351069927216,1.6702790260314941
1000,mla,42,3,9,0.0746992975473404,0.07527726143598557,1.6702790260314941
1000,mla,42,3,10,0.06778085976839066,0.06536757200956345,1.6702790260314941
1000,mla,42,3,11,0.0441976934671402,0.0399613194167614,1.6702790260314941
1000,mla,42,3,12,0.06549438834190369,0.06367633491754532,1.6702790260314941
1000,mla,42,3,13,0.05985219404101372,0.06688644737005234,1.6702790260314941
1000,mla,42,3,14,0.0870705172419548,0.07342924177646637,1.6702790260314941
1000,mla,42,3,15,0.07307281345129013,0.07753335684537888,1.6702790260314941
1000,mla,42,4,0,0.08105254918336868,0.07955503463745117,1.643190860748291
1000,mla,42,4,1,0.08839141577482224,0.07055294513702393,1.643190860748291
1000,mla,42,4,2,0.06963348388671875,0.07137878984212875,1.643190860748291
1000,mla,42,4,3,0.05141092836856842,0.04479511082172394,1.643190860748291
1000,mla,42,4,4,0.0630430057644844,0.06008068844676018,1.643190860748291
1000,mla,42,4,5,0.06270100921392441,0.06450531631708145,1.643190860748291
1000,mla,42,4,6,0.0788167342543602,0.08260321617126465,1.643190860748291
1000,mla,42,4,7,0.06303069740533829,0.052841976284980774,1.643190860748291
1000,mla,42,4,8,0.05075520649552345,0.050246912986040115,1.643190860748291
1000,mla,42,4,9,0.07543497532606125,0.10614418983459473,1.643190860748291
1000,mla,42,4,10,0.0628369152545929,0.06242094188928604,1.643190860748291
1000,mla,42,4,11,0.04979288578033447,0.06197948381304741,1.643190860748291
1000,mla,42,4,12,0.0450439453125,0.04681253805756569,1.643190860748291
1000,mla,42,4,13,0.07586812227964401,0.06117174029350281,1.643190860748291
1000,mla,42,4,14,0.050871580839157104,0.047503963112831116,1.643190860748291
1000,mla,42,4,15,0.03131652995944023,0.03740718960762024,1.643190860748291
1000,mla,42,5,0,0.04478149488568306,0.05030445381999016,1.8811366558074951
1000,mla,42,5,1,0.09233550727367401,0.09548930823802948,1.8811366558074951
1000,mla,42,5,2,0.04740620777010918,0.05420355498790741,1.8811366558074951
1000,mla,42,5,3,0.04910176619887352,0.05042549595236778,1.8811366558074951
1000,mla,42,5,4,0.08789388090372086,0.0763387531042099,1.8811366558074951
1000,mla,42,5,5,0.04066284000873566,0.04245315492153168,1.8811366558074951
1000,mla,42,5,6,0.05382802337408066,0.059608038514852524,1.8811366558074951
1000,mla,42,5,7,0.07975952327251434,0.06377594918012619,1.8811366558074951
1000,mla,42,5,8,0.03231903165578842,0.04759657755494118,1.8811366558074951
1000,mla,42,5,9,0.05415720492601395,0.05748406797647476,1.8811366558074951
1000,mla,42,5,10,0.059974364936351776,0.05339651182293892,1.8811366558074951
1000,mla,42,5,11,0.08118326961994171,0.07067439705133438,1.8811366558074951
1000,mla,42,5,12,0.04995788633823395,0.05796056240797043,1.8811366558074951
1000,mla,42,5,13,0.08802978694438934,0.08092795312404633,1.8811366558074951
1000,mla,42,5,14,0.06274332851171494,0.060649968683719635,1.8811366558074951
1000,mla,42,5,15,0.07586588710546494,0.07871101051568985,1.8811366558074951
1500,mla,42,1,0,0.07484029233455658,0.0643724799156189,2.111353874206543
1500,mla,42,1,1,0.03531341627240181,0.04711926728487015,2.111353874206543
1500,mla,42,1,2,0.05854787304997444,0.06159771606326103,2.111353874206543
1500,mla,42,1,3,0.07824239134788513,0.0736919566988945,2.111353874206543
1500,mla,42,1,4,0.08060282468795776,0.07114848494529724,2.111353874206543
1500,mla,42,1,5,0.0652364119887352,0.06358528882265091,2.111353874206543
1500,mla,42,1,6,0.06952006369829178,0.0644693449139595,2.111353874206543
1500,mla,42,1,7,0.046601053327322006,0.056214429438114166,2.111353874206543
1500,mla,42,1,8,0.05505666136741638,0.05659695342183113,2.111353874206543
1500,mla,42,1,9,0.0694522112607956,0.05754384398460388,2.111353874206543
1500,mla,42,1,10,0.033799540251493454,0.047704994678497314,2.111353874206543
1500,mla,42,1,11,0.06142120435833931,0.05674831569194794,2.111353874206543
1500,mla,42,1,12,0.06874827295541763,0.07986097037792206,2.111353874206543
1500,mla,42,1,13,0.07875071465969086,0.06959280371665955,2.111353874206543
1500,mla,42,1,14,0.045707397162914276,0.05620181933045387,2.111353874206543
1500,mla,42,1,15,0.07815968990325928,0.07355129718780518,2.111353874206543
1500,mla,42,2,0,0.04982747510075569,0.047492608428001404,1.765913486480713
1500,mla,42,2,1,0.06457733362913132,0.0653209462761879,1.765913486480713
1500,mla,42,2,2,0.034793395549058914,0.0460004024207592,1.765913486480713
1500,mla,42,2,3,0.052594806998968124,0.04933975264430046,1.765913486480713
1500,mla,42,2,4,0.07418090850114822,0.0634283795952797,1.765913486480713
1500,mla,42,2,5,0.05872548371553421,0.07514119148254395,1.765913486480713
1500,mla,42,2,6,0.06630747765302658,0.05674963817000389,1.765913486480713
1500,mla,42,2,7,0.061730243265628815,0.0530330166220665,1.765913486480713
1500,mla,42,2,8,0.05304626375436783,0.050735894590616226,1.765913486480713
1500,mla,42,2,9,0.06714457273483276,0.06409066915512085,1.765913486480713
1500,mla,42,2,10,0.07058166712522507,0.07584361732006073,1.765913486480713
1500,mla,42,2,11,0.0767153948545456,0.07675362378358841,1.765913486480713
1500,mla,42,2,12,0.04687489941716194,0.04873279482126236,1.765913486480713
1500,mla,42,2,13,0.07682017236948013,0.07154719531536102,1.765913486480713
1500,mla,42,2,14,0.07879577577114105,0.08004648983478546,1.765913486480713
1500,mla,42,2,15,0.06728413701057434,0.07574368268251419,1.765913486480713
1500,mla,42,3,0,0.05800628662109375,0.0489029586315155,1.5724844932556152
1500,mla,42,3,1,0.07254292815923691,0.0633871778845787,1.5724844932556152
1500,mla,42,3,2,0.08027567714452744,0.0668845996260643,1.5724844932556152
1500,mla,42,3,3,0.06820200383663177,0.08035305887460709,1.5724844932556152
1500,mla,42,3,4,0.027843831107020378,0.032562460750341415,1.5724844932556152
1500,mla,42,3,5,0.07602295279502869,0.07468000054359436,1.5724844932556152
1500,mla,42,3,6,0.045598652213811874,0.046744782477617264,1.5724844932556152
1500,mla,42,3,7,0.04914479702711105,0.05218594893813133,1.5724844932556152
1500,mla,42,3,8,0.07079111784696579,0.07439723610877991,1.5724844932556152
1500,mla,42,3,9,0.05948822200298309,0.0669112354516983,1.5724844932556152
1500,mla,42,3,10,0.055980224162340164,0.058398157358169556,1.5724844932556152
1500,mla,42,3,11,0.049484457820653915,0.04410882294178009,1.5724844932556152
1500,mla,42,3,12,0.07827301323413849,0.07614044845104218,1.5724844932556152
1500,mla,42,3,13,0.06508859992027283,0.07383448630571365,1.5724844932556152
1500,mla,42,3,14,0.0748627707362175,0.06552913039922714,1.5724844932556152
1500,mla,42,3,15,0.06839446723461151,0.07497938722372055,1.5724844932556152
1500,mla,42,4,0,0.07733937352895737,0.08525001257658005,1.4677640199661255
1500,mla,42,4,1,0.07924621552228928,0.06671439856290817,1.4677640199661255
1500,mla,42,4,2,0.06238403171300888,0.06720508635044098,1.4677640199661255
1500,mla,42,4,3,0.07400187104940414,0.05362548679113388,1.4677640199661255
1500,mla,42,4,4,0.07362467795610428,0.07171611487865448,1.4677640199661255
1500,mla,42,4,5,0.06218912824988365,0.06438115984201431,1.4677640199661255
1500,mla,42,4,6,0.07899698615074158,0.08197595924139023,1.4677640199661255
1500,mla,42,4,7,0.058905333280563354,0.048361487686634064,1.4677640199661255
1500,mla,42,4,8,0.04274291917681694,0.043281737715005875,1.4677640199661255
1500,mla,42,4,9,0.07302165031433105,0.10646876692771912,1.4677640199661255
1500,mla,42,4,10,0.07330342382192612,0.07335028797388077,1.4677640199661255
1500,mla,42,4,11,0.05280863493680954,0.062168776988983154,1.4677640199661255
1500,mla,42,4,12,0.04456217586994171,0.04497096315026283,1.4677640199661255
1500,mla,42,4,13,0.06261810660362244,0.05313146114349365,1.4677640199661255
1500,mla,42,4,14,0.047598980367183685,0.04065515473484993,1.4677640199661255
1500,mla,42,4,15,0.036656495183706284,0.03674323856830597,1.4677640199661255
1500,mla,42,5,0,0.045596517622470856,0.05161414295434952,1.7041347026824951
1500,mla,42,5,1,0.09176025539636612,0.09579790383577347,1.7041347026824951
1500,mla,42,5,2,0.051051024347543716,0.05728099122643471,1.7041347026824951
1500,mla,42,5,3,0.05542460083961487,0.05288102850317955,1.7041347026824951
1500,mla,42,5,4,0.08338521420955658,0.07184971123933792,1.7041347026824951
1500,mla,42,5,5,0.04117940366268158,0.041886404156684875,1.7041347026824951
1500,mla,42,5,6,0.051346536725759506,0.058440983295440674,1.7041347026824951
1500,mla,42,5,7,0.061434224247932434,0.053814537823200226,1.7041347026824951
1500,mla,42,5,8,0.030876565724611282,0.045442331582307816,1.7041347026824951
1500,mla,42,5,9,0.058875732123851776,0.05885501950979233,1.7041347026824951
1500,mla,42,5,10,0.06787048280239105,0.05867694318294525,1.7041347026824951
1500,mla,42,5,11,0.09700256586074829,0.08421649783849716,1.7041347026824951
1500,mla,42,5,12,0.03929799422621727,0.04762875288724899,1.7041347026824951
1500,mla,42,5,13,0.07834767550230026,0.07276201993227005,1.7041347026824951
1500,mla,42,5,14,0.07511851191520691,0.06734780222177505,1.7041347026824951
1500,mla,42,5,15,0.0714327022433281,0.0815049484372139,1.7041347026824951
2000,mla,42,1,0,0.08736124634742737,0.06927894800901413,2.2575411796569824
2000,mla,42,1,1,0.05750986561179161,0.05930040404200554,2.2575411796569824
2000,mla,42,1,2,0.054795023053884506,0.06014176830649376,2.2575411796569824
2000,mla,42,1,3,0.08706095069646835,0.07506433129310608,2.2575411796569824
2000,mla,42,1,4,0.06437571346759796,0.0630582869052887,2.2575411796569824
2000,mla,42,1,5,0.06060750409960747,0.06222301349043846,2.2575411796569824
2000,mla,42,1,6,0.04797658324241638,0.05345282703638077,2.2575411796569824
2000,mla,42,1,7,0.06905883550643921,0.06730283796787262,2.2575411796569824
2000,mla,42,1,8,0.04448537155985832,0.05531983822584152,2.2575411796569824
2000,mla,42,1,9,0.05717183277010918,0.05171691253781319,2.2575411796569824
2000,mla,42,1,10,0.05603688582777977,0.05908200517296791,2.2575411796569824
2000,mla,42,1,11,0.0494639091193676,0.054670583456754684,2.2575411796569824
2000,mla,42,1,12,0.05169576033949852,0.06890769302845001,2.2575411796569824
2000,mla,42,1,13,0.06516001373529434,0.06085741147398949,2.2575411796569824
2000,mla,42,1,14,0.07058034092187881,0.06741823256015778,2.2575411796569824
2000,mla,42,1,15,0.07666015625,0.07220497727394104,2.2575411796569824
2000,mla,42,2,0,0.06406911462545395,0.056667424738407135,1.8859950304031372
2000,mla,42,2,1,0.06425028294324875,0.06086141616106033,1.8859950304031372
2000,mla,42,2,2,0.04191833361983299,0.05070168152451515,1.8859950304031372
2000,mla,42,2,3,0.03714609891176224,0.04073599353432655,1.8859950304031372
2000,mla,42,2,4,0.0798371359705925,0.06411796808242798,1.8859950304031372
2000,mla,42,2,5,0.060617268085479736,0.07997047156095505,1.8859950304031372
2000,mla,42,2,6,0.0703117847442627,0.05491861328482628,1.8859950304031372
2000,mla,42,2,7,0.0422789491713047,0.045982640236616135,1.8859950304031372
2000,mla,42,2,8,0.056115008890628815,0.052619874477386475,1.8859950304031372
2000,mla,42,2,9,0.07753784209489822,0.07528739422559738,1.8859950304031372
2000,mla,42,2,10,0.06789591163396835,0.07114575803279877,1.8859950304031372
2000,mla,42,2,11,0.07035379856824875,0.07445453107357025,1.8859950304031372
2000,mla,42,2,12,0.0485667921602726,0.05259929969906807,1.8859950304031372
2000,mla,42,2,13,0.06434895843267441,0.06432508677244186,1.8859950304031372
2000,mla,42,2,14,0.08153808861970901,0.07931292057037354,1.8859950304031372
2000,mla,42,2,15,0.07321462035179138,0.07629890739917755,1.8859950304031372
2000,mla,42,3,0,0.058802999556064606,0.04555004835128784,1.5040134191513062
2000,mla,42,3,1,0.0768202692270279,0.06595548987388611,1.5040134191513062
2000,mla,42,3,2,0.0919361338019371,0.07760463654994965,1.5040134191513062
2000,mla,42,3,3,0.06660959869623184,0.07801397144794464,1.5040134191513062
2000,mla,42,3,4,0.035559896379709244,0.036053963005542755,1.5040134191513062
2000,mla,42,3,5,0.07845743745565414,0.07884228974580765,1.5040134191513062
2000,mla,42,3,6,0.04375722259283066,0.044910773634910583,1.5040134191513062
2000,mla,42,3,7,0.05350697785615921,0.05616878345608711,1.5040134191513062
2000,mla,42,3,8,0.05793507769703865,0.06269066035747528,1.5040134191513062
2000,mla,42,3,9,0.0573476143181324,0.06731391698122025,1.5040134191513062
2000,mla,42,3,10,0.0644308477640152,0.06513527780771255,1.5040134191513062
2000,mla,42,3,11,0.046952515840530396,0.04471353068947792,1.5040134191513062
2000,mla,42,3,12,0.05898630619049072,0.06294438242912292,1.5040134191513062
2000,mla,42,3,13,0.06421457976102829,0.07368332892656326,1.5040134191513062
2000,mla,42,3,14,0.0672156810760498,0.058466166257858276,1.5040134191513062
2000,mla,42,3,15,0.07746683806180954,0.0819525495171547,1.5040134191513062
2000,mla,42,4,0,0.0810597762465477,0.09201490134000778,1.4046481847763062
2000,mla,42,4,1,0.08088765293359756,0.06974544376134872,1.4046481847763062
2000,mla,42,4,2,0.053489889949560165,0.06035897508263588,1.4046481847763062
2000,mla,42,4,3,0.08622629940509796,0.06639682501554489,1.4046481847763062
2000,mla,42,4,4,0.06659342348575592,0.06708768010139465,1.4046481847763062
2000,mla,42,4,5,0.06096282973885536,0.06189705431461334,1.4046481847763062
2000,mla,42,4,6,0.08587025851011276,0.08847179263830185,1.4046481847763062
2000,mla,42,4,7,0.05891133472323418,0.045796483755111694,1.4046481847763062
2000,mla,42,4,8,0.04384094104170799,0.04324495419859886,1.4046481847763062
2000,mla,42,4,9,0.06871480494737625,0.09845783561468124,1.4046481847763062
2000,mla,42,4,10,0.07748942077159882,0.0770280584692955,1.4046481847763062
2000,mla,42,4,11,0.04748992994427681,0.058462370187044144,1.4046481847763062
2000,mla,42,4,12,0.04227589815855026,0.044031862169504166,1.4046481847763062
2000,mla,42,4,13,0.06763488799333572,0.053789831697940826,1.4046481847763062
2000,mla,42,4,14,0.04687123745679855,0.039564404636621475,1.4046481847763062
2000,mla,42,4,15,0.03168141841888428,0.03365152329206467,1.4046481847763062
2000,mla,42,5,0,0.040715839713811874,0.050484493374824524,1.6988248825073242
2000,mla,42,5,1,0.10028086602687836,0.10489512979984283,1.6988248825073242
2000,mla,42,5,2,0.056369222700595856,0.056571997702121735,1.6988248825073242
2000,mla,42,5,3,0.04851013049483299,0.050184354186058044,1.6988248825073242
2000,mla,42,5,4,0.09655344486236572,0.0857689380645752,1.6988248825073242
2000,mla,42,5,5,0.04780761897563934,0.04531387612223625,1.6988248825073242
2000,mla,42,5,6,0.04639638215303421,0.05507434904575348,1.6988248825073242
2000,mla,42,5,7,0.07056000083684921,0.06103382259607315,1.6988248825073242
2000,mla,42,5,8,0.034972433000802994,0.04670754075050354,1.6988248825073242
2000,mla,42,5,9,0.05401448532938957,0.05674401670694351,1.6988248825073242
2000,mla,42,5,10,0.06245798617601395,0.05669932812452316,1.6988248825073242
2000,mla,42,5,11,0.08228658139705658,0.07137774676084518,1.6988248825073242
2000,mla,42,5,12,0.03415568172931671,0.04345176741480827,1.6988248825073242
2000,mla,42,5,13,0.08617197722196579,0.07380688190460205,1.6988248825073242
2000,mla,42,5,14,0.06852569431066513,0.06263263523578644,1.6988248825073242
2000,mla,42,5,15,0.0702216625213623,0.07925303280353546,1.6988248825073242
2500,mla,42,1,0,0.07370126992464066,0.059705644845962524,2.287736654281616
2500,mla,42,1,1,0.05411163344979286,0.05827503278851509,2.287736654281616
2500,mla,42,1,2,0.057253316044807434,0.06077491119503975,2.287736654281616
2500,mla,42,1,3,0.09086354821920395,0.07868947088718414,2.287736654281616
2500,mla,42,1,4,0.05851694568991661,0.06071505323052406,2.287736654281616
2500,mla,42,1,5,0.056313782930374146,0.057866692543029785,2.287736654281616
2500,mla,42,1,6,0.05425099655985832,0.05590590089559555,2.287736654281616
2500,mla,42,1,7,0.06947753578424454,0.06561215221881866,2.287736654281616
2500,mla,42,1,8,0.06027313321828842,0.06145478039979935,2.287736654281616
2500,mla,42,1,9,0.047879740595817566,0.05072755366563797,2.287736654281616
2500,mla,42,1,10,0.0519987978041172,0.05942027270793915,2.287736654281616
2500,mla,42,1,11,0.051002807915210724,0.055932555347681046,2.287736654281616
2500,mla,42,1,12,0.06545491516590118,0.07851548492908478,2.287736654281616
2500,mla,42,1,13,0.07970499992370605,0.0676187053322792,2.287736654281616
2500,mla,42,1,14,0.05697265639901161,0.06270665675401688,2.287736654281616
2500,mla,42,1,15,0.07222391664981842,0.06607922166585922,2.287736654281616
2500,mla,42,2,0,0.0572783388197422,0.053147200495004654,1.9088037014007568
2500,mla,42,2,1,0.05922281742095947,0.059350110590457916,1.9088037014007568
2500,mla,42,2,2,0.04401214420795441,0.05279695987701416,1.9088037014007568
2500,mla,42,2,3,0.04847920686006546,0.04761015623807907,1.9088037014007568
2500,mla,42,2,4,0.07322845607995987,0.060363877564668655,1.9088037014007568
2500,mla,42,2,5,0.0577157586812973,0.07577654719352722,1.9088037014007568
2500,mla,42,2,6,0.06855031102895737,0.057851001620292664,1.9088037014007568
2500,mla,42,2,7,0.0570189394056797,0.0513605922460556,1.9088037014007568
2500,mla,42,2,8,0.05270599201321602,0.0503777451813221,1.9088037014007568
2500,mla,42,2,9,0.07729227840900421,0.07615800946950912,1.9088037014007568
2500,mla,42,2,10,0.06999623775482178,0.07257060706615448,1.9088037014007568
2500,mla,42,2,11,0.07617808133363724,0.07904645800590515,1.9088037014007568
2500,mla,42,2,12,0.053660277277231216,0.05556559935212135,1.9088037014007568
2500,mla,42,2,13,0.055245157331228256,0.060096848756074905,1.9088037014007568
2500,mla,42,2,14,0.07848358154296875,0.07534351199865341,1.9088037014007568
2500,mla,42,2,15,0.07093241065740585,0.07258493453264236,1.9088037014007568
2500,mla,42,3,0,0.05819498747587204,0.04625688120722771,1.48883855342865
2500,mla,42,3,1,0.08034983277320862,0.06858105212450027,1.48883855342865
2500,mla,42,3,2,0.08644327521324158,0.07073795050382614,1.48883855342865
2500,mla,42,3,3,0.06609141081571579,0.07784241437911987,1.48883855342865
2500,mla,42,3,4,0.029196573421359062,0.03227786719799042,1.48883855342865
2500,mla,42,3,5,0.06975575536489487,0.07179751247167587,1.48883855342865
2500,mla,42,3,6,0.05120127275586128,0.04964824020862579,1.48883855342865
2500,mla,42,3,7,0.06081044673919678,0.060483574867248535,1.48883855342865
2500,mla,42,3,8,0.061805520206689835,0.06545346975326538,1.48883855342865
2500,mla,42,3,9,0.05440785735845566,0.06881887465715408,1.48883855342865
2500,mla,42,3,10,0.06267303228378296,0.0648205503821373,1.48883855342865
2500,mla,42,3,11,0.0517101027071476,0.048919204622507095,1.48883855342865
2500,mla,42,3,12,0.06358683109283447,0.0650971308350563,1.48883855342865
2500,mla,42,3,13,0.0606301873922348,0.06936167925596237,1.48883855342865
2500,mla,42,3,14,0.07401865720748901,0.06418164074420929,1.48883855342865
2500,mla,42,3,15,0.0691242441534996,0.07572205364704132,1.48883855342865
2500,mla,42,4,0,0.0813923105597496,0.09508524090051651,1.358545184135437
2500,mla,42,4,1,0.08599945157766342,0.07630682736635208,1.358545184135437
2500,mla,42,4,2,0.051693420857191086,0.05915980786085129,1.358545184135437
2500,mla,42,4,3,0.08264485746622086,0.060689423233270645,1.358545184135437
2500,mla,42,4,4,0.06659657508134842,0.06590024381875992,1.358545184135437
2500,mla,42,4,5,0.05778981372714043,0.060510508716106415,1.358545184135437
2500,mla,42,4,6,0.08279235661029816,0.08597758412361145,1.358545184135437
2500,mla,42,4,7,0.06050211563706398,0.04667649045586586,1.358545184135437
2500,mla,42,4,8,0.04658661037683487,0.04677269607782364,1.358545184135437
2500,mla,42,4,9,0.06925252079963684,0.09944114089012146,1.358545184135437
2500,mla,42,4,10,0.06967499107122421,0.07041469216346741,1.358545184135437
2500,mla,42,4,11,0.04494282975792885,0.05687824264168739,1.358545184135437
2500,mla,42,4,12,0.04231526702642441,0.04182294011116028,1.358545184135437
2500,mla,42,4,13,0.07904896885156631,0.061911869794130325,1.358545184135437
2500,mla,42,4,14,0.03846120089292526,0.03567137569189072,1.358545184135437
2500,mla,42,4,15,0.0403067022562027,0.036780793219804764,1.358545184135437
2500,mla,42,5,0,0.04204854369163513,0.049299970269203186,1.690322756767273
2500,mla,42,5,1,0.09699910134077072,0.09866414964199066,1.690322756767273
2500,mla,42,5,2,0.053862303495407104,0.056253038346767426,1.690322756767273
2500,mla,42,5,3,0.0486672967672348,0.050079893320798874,1.690322756767273
2500,mla,42,5,4,0.09371429681777954,0.0799940899014473,1.690322756767273
2500,mla,42,5,5,0.04574178159236908,0.04507375508546829,1.690322756767273
2500,mla,42,5,6,0.051758524030447006,0.060823846608400345,1.690322756767273
2500,mla,42,5,7,0.06411895900964737,0.05724981799721718,1.690322756767273
2500,mla,42,5,8,0.036584168672561646,0.048445604741573334,1.690322756767273
2500,mla,42,5,9,0.05907653644680977,0.060735639184713364,1.690322756767273
2500,mla,42,5,10,0.06298716366291046,0.05771436542272568,1.690322756767273
2500,mla,42,5,11,0.08309590816497803,0.07184700667858124,1.690322756767273
2500,mla,42,5,12,0.03967234119772911,0.04674380645155907,1.690322756767273
2500,mla,42,5,13,0.08331146091222763,0.07450989633798599,1.690322756767273
2500,mla,42,5,14,0.06589284539222717,0.0602969229221344,1.690322756767273
2500,mla,42,5,15,0.07246877253055573,0.08226841688156128,1.690322756767273
3000,mla,42,1,0,0.06849832832813263,0.05746263638138771,2.2906484603881836
3000,mla,42,1,1,0.049339499324560165,0.05612500011920929,2.2906484603881836
3000,mla,42,1,2,0.07467783242464066,0.06615615636110306,2.2906484603881836
3000,mla,42,1,3,0.08932189643383026,0.08030333369970322,2.2906484603881836
3000,mla,42,1,4,0.07354898750782013,0.06568777561187744,2.2906484603881836
3000,mla,42,1,5,0.0597667433321476,0.0586693175137043,2.2906484603881836
3000,mla,42,1,6,0.05202982574701309,0.055603038519620895,2.2906484603881836
3000,mla,42,1,7,0.0674876943230629,0.06420968472957611,2.2906484603881836
3000,mla,42,1,8,0.050757039338350296,0.05967861786484718,2.2906484603881836
3000,mla,42,1,9,0.04033101350069046,0.04995310679078102,2.2906484603881836
3000,mla,42,1,10,0.03850352019071579,0.054101262241601944,2.2906484603881836
3000,mla,42,1,11,0.04223531112074852,0.0511360727250576,2.2906484603881836
3000,mla,42,1,12,0.06268900632858276,0.07702956348657608,2.2906484603881836
3000,mla,42,1,13,0.06981567293405533,0.06117073819041252,2.2906484603881836
3000,mla,42,1,14,0.07704803347587585,0.06899801641702652,2.2906484603881836
3000,mla,42,1,15,0.08394958823919296,0.07371555268764496,2.2906484603881836
3000,mla,42,2,0,0.061030782759189606,0.05582950636744499,1.9397810697555542
3000,mla,42,2,1,0.057889100164175034,0.05750907212495804,1.9397810697555542
3000,mla,42,2,2,0.03854126110672951,0.05038537085056305,1.9397810697555542
3000,mla,42,2,3,0.04884389415383339,0.04797342047095299,1.9397810697555542
3000,mla,42,2,4,0.07583750039339066,0.061903443187475204,1.9397810697555542
3000,mla,42,2,5,0.06362202763557434,0.08060652762651443,1.9397810697555542
3000,mla,42,2,6,0.0658111572265625,0.055653952062129974,1.9397810697555542
3000,mla,42,2,7,0.05459147319197655,0.0519060455262661,1.9397810697555542
3000,mla,42,2,8,0.0522187314927578,0.04962902143597603,1.9397810697555542
3000,mla,42,2,9,0.08174733817577362,0.07916193455457687,1.9397810697555542
3000,mla,42,2,10,0.062245991080999374,0.06732844561338425,1.9397810697555542
3000,mla,42,2,11,0.06591196358203888,0.07345707714557648,1.9397810697555542
3000,mla,42,2,12,0.047745563089847565,0.05317055806517601,1.9397810697555542
3000,mla,42,2,13,0.07207784056663513,0.06758882850408554,1.9397810697555542
3000,mla,42,2,14,0.08035095036029816,0.07601562887430191,1.9397810697555542
3000,mla,42,2,15,0.0715344250202179,0.07188096642494202,1.9397810697555542
3000,mla,42,3,0,0.053472187370061874,0.044129230082035065,1.4763951301574707
3000,mla,42,3,1,0.07593963295221329,0.06525775045156479,1.4763951301574707
3000,mla,42,3,2,0.08600392937660217,0.07039345055818558,1.4763951301574707
3000,mla,42,3,3,0.06644745171070099,0.0780772939324379,1.4763951301574707
3000,mla,42,3,4,0.03470133617520332,0.03574167937040329,1.4763951301574707
3000,mla,42,3,5,0.07719909399747849,0.07913816720247269,1.4763951301574707
3000,mla,42,3,6,0.05060841888189316,0.05065225064754486,1.4763951301574707
3000,mla,42,3,7,0.05681305006146431,0.058054715394973755,1.4763951301574707
3000,mla,42,3,8,0.06551025062799454,0.07047020643949509,1.4763951301574707
3000,mla,42,3,9,0.049231160432100296,0.06173286959528923,1.4763951301574707
3000,mla,42,3,10,0.058261413127183914,0.059788260608911514,1.4763951301574707
3000,mla,42,3,11,0.05837209150195122,0.05322841927409172,1.4763951301574707
3000,mla,42,3,12,0.06351420283317566,0.06374852359294891,1.4763951301574707
3000,mla,42,3,13,0.06213775649666786,0.07106783986091614,1.4763951301574707
3000,mla,42,3,14,0.06967000663280487,0.05916457995772362,1.4763951301574707
3000,mla,42,3,15,0.07211802154779434,0.07935474067926407,1.4763951301574707
3000,mla,42,4,0,0.08001525700092316,0.09733537584543228,1.3412686586380005
3000,mla,42,4,1,0.08775777369737625,0.07692990452051163,1.3412686586380005
3000,mla,42,4,2,0.051773883402347565,0.05794249847531319,1.3412686586380005
3000,mla,42,4,3,0.08551310002803802,0.061720263212919235,1.3412686586380005
3000,mla,42,4,4,0.06585754454135895,0.06490941345691681,1.3412686586380005
3000,mla,42,4,5,0.055710550397634506,0.05909409746527672,1.3412686586380005
3000,mla,42,4,6,0.0779666155576706,0.08102588355541229,1.3412686586380005
3000,mla,42,4,7,0.0628063976764679,0.04899228364229202,1.3412686586380005
3000,mla,42,4,8,0.04510609805583954,0.04494853690266609,1.3412686586380005
3000,mla,42,4,9,0.07111144810914993,0.10259246081113815,1.3412686586380005
3000,mla,42,4,10,0.07219248265028,0.07188556343317032,1.3412686586380005
3000,mla,42,4,11,0.0492592379450798,0.05991116166114807,1.3412686586380005
3000,mla,42,4,12,0.04044148698449135,0.042642708867788315,1.3412686586380005
3000,mla,42,4,13,0.07179168611764908,0.05655517056584358,1.3412686586380005
3000,mla,42,4,14,0.04182983562350273,0.03544682264328003,1.3412686586380005
3000,mla,42,4,15,0.04086659848690033,0.03806784749031067,1.3412686586380005
3000,mla,42,5,0,0.04370422288775444,0.05030515044927597,1.6685352325439453
3000,mla,42,5,1,0.09822438657283783,0.0999596118927002,1.6685352325439453
3000,mla,42,5,2,0.0571015439927578,0.05553382262587547,1.6685352325439453
3000,mla,42,5,3,0.04682322219014168,0.0480952113866806,1.6685352325439453
3000,mla,42,5,4,0.10007903724908829,0.08699369430541992,1.6685352325439453
3000,mla,42,5,5,0.04026133194565773,0.04094306752085686,1.6685352325439453
3000,mla,42,5,6,0.05161865055561066,0.058287810534238815,1.6685352325439453
3000,mla,42,5,7,0.0604807548224926,0.05532952770590782,1.6685352325439453
3000,mla,42,5,8,0.03391672670841217,0.045206621289253235,1.6685352325439453
3000,mla,42,5,9,0.057533059269189835,0.06029457598924637,1.6685352325439453
3000,mla,42,5,10,0.061543580144643784,0.057803925126791,1.6685352325439453
3000,mla,42,5,11,0.08597981929779053,0.074087955057621,1.6685352325439453
3000,mla,42,5,12,0.04355712980031967,0.050987791270017624,1.6685352325439453
3000,mla,42,5,13,0.08116882294416428,0.0724765956401825,1.6685352325439453
3000,mla,42,5,14,0.0661538690328598,0.060699932277202606,1.6685352325439453
3000,mla,42,5,15,0.07185383886098862,0.08299484103918076,1.6685352325439453
3500,mla,42,1,0,0.0700346902012825,0.058258820325136185,2.2695274353027344
3500,mla,42,1,1,0.06085774675011635,0.05905371531844139,2.2695274353027344
3500,mla,42,1,2,0.05572794750332832,0.06066630035638809,2.2695274353027344
3500,mla,42,1,3,0.09032053500413895,0.08087378740310669,2.2695274353027344
3500,mla,42,1,4,0.06757039576768875,0.06381258368492126,2.2695274353027344
3500,mla,42,1,5,0.05073832347989082,0.05326990783214569,2.2695274353027344
3500,mla,42,1,6,0.05054840072989464,0.05746578797698021,2.2695274353027344
3500,mla,42,1,7,0.05830128863453865,0.061346277594566345,2.2695274353027344
3500,mla,42,1,8,0.05642415210604668,0.06188865005970001,2.2695274353027344
3500,mla,42,1,9,0.04073527082800865,0.05014120414853096,2.2695274353027344
3500,mla,42,1,10,0.06218200549483299,0.058702290058135986,2.2695274353027344
3500,mla,42,1,11,0.06669148802757263,0.06074616685509682,2.2695274353027344
3500,mla,42,1,12,0.05221201479434967,0.07095053046941757,2.2695274353027344
3500,mla,42,1,13,0.0780550166964531,0.06826659291982651,2.2695274353027344
3500,mla,42,1,14,0.0564003512263298,0.06248362734913826,2.2695274353027344
3500,mla,42,1,15,0.0832003802061081,0.07207386940717697,2.2695274353027344
3500,mla,42,2,0,0.05539001524448395,0.05236278846859932,1.926500678062439
3500,mla,42,2,1,0.05937204882502556,0.05733166262507439,1.926500678062439
3500,mla,42,2,2,0.045176900923252106,0.05492760241031647,1.926500678062439
3500,mla,42,2,3,0.046943869441747665,0.047537121921777725,1.926500678062439
3500,mla,42,2,4,0.08060882240533829,0.06421050429344177,1.926500678062439
3500,mla,42,2,5,0.06068512052297592,0.07711439579725266,1.926500678062439
3500,mla,42,2,6,0.06967031210660934,0.05971163883805275,1.926500678062439
3500,mla,42,2,7,0.06116129457950592,0.05525566264986992,1.926500678062439
3500,mla,42,2,8,0.044306639581918716,0.045315977185964584,1.926500678062439
3500,mla,42,2,9,0.08388397097587585,0.08190599083900452,1.926500678062439
3500,mla,42,2,10,0.058657024055719376,0.06739452481269836,1.926500678062439
3500,mla,42,2,11,0.0678342655301094,0.07350325584411621,1.926500678062439
3500,mla,42,2,12,0.05170176178216934,0.057753823697566986,1.926500678062439
3500,mla,42,2,13,0.06442494690418243,0.06549374759197235,1.926500678062439
3500,mla,42,2,14,0.07533640414476395,0.0675109326839447,1.926500678062439
3500,mla,42,2,15,0.07484659552574158,0.07267031818628311,1.926500678062439
3500,mla,42,3,0,0.05557607114315033,0.04417596012353897,1.4766716957092285
3500,mla,42,3,1,0.08197255432605743,0.06691239774227142,1.4766716957092285
3500,mla,42,3,2,0.09052418917417526,0.07528343796730042,1.4766716957092285
3500,mla,42,3,3,0.06757619231939316,0.07889781892299652,1.4766716957092285
3500,mla,42,3,4,0.035141702741384506,0.03543525189161301,1.4766716957092285
3500,mla,42,3,5,0.07285410910844803,0.07623125612735748,1.4766716957092285
3500,mla,42,3,6,0.04494466260075569,0.04688214138150215,1.4766716957092285
3500,mla,42,3,7,0.05650807544589043,0.06027781218290329,1.4766716957092285
3500,mla,42,3,8,0.059544168412685394,0.06386854499578476,1.4766716957092285
3500,mla,42,3,9,0.05056650936603546,0.062096890062093735,1.4766716957092285
3500,mla,42,3,10,0.0574188232421875,0.06016704440116882,1.4766716957092285
3500,mla,42,3,11,0.05735209211707115,0.054400667548179626,1.4766716957092285
3500,mla,42,3,12,0.06583750247955322,0.06672923266887665,1.4766716957092285
3500,mla,42,3,13,0.05972788482904434,0.06829256564378738,1.4766716957092285
3500,mla,42,3,14,0.0720227062702179,0.062017928808927536,1.4766716957092285
3500,mla,42,3,15,0.0724327564239502,0.07833120226860046,1.4766716957092285
3500,mla,42,4,0,0.07643300294876099,0.09020435065031052,1.333512306213379
3500,mla,42,4,1,0.08662475645542145,0.07681594789028168,1.333512306213379
3500,mla,42,4,2,0.05653218552470207,0.062429700046777725,1.333512306213379
3500,mla,42,4,3,0.08408884704113007,0.062171898782253265,1.333512306213379
3500,mla,42,4,4,0.06700378656387329,0.06810226291418076,1.333512306213379
3500,mla,42,4,5,0.053699951618909836,0.05769197642803192,1.333512306213379
3500,mla,42,4,6,0.0862891674041748,0.08770553767681122,1.333512306213379
3500,mla,42,4,7,0.05885813385248184,0.04609711468219757,1.333512306213379
3500,mla,42,4,8,0.04889678955078125,0.04831619933247566,1.333512306213379
3500,mla,42,4,9,0.06696879118680954,0.0961628258228302,1.333512306213379
3500,mla,42,4,10,0.0722719356417656,0.07254373282194138,1.333512306213379
3500,mla,42,4,11,0.04927124083042145,0.06033557280898094,1.333512306213379
3500,mla,42,4,12,0.039040423929691315,0.04161055386066437,1.333512306213379
3500,mla,42,4,13,0.07207265496253967,0.05684633180499077,1.333512306213379
3500,mla,42,4,14,0.04601481184363365,0.03694798797369003,1.333512306213379
3500,mla,42,4,15,0.03593353182077408,0.036017920821905136,1.333512306213379
3500,mla,42,5,0,0.04278920590877533,0.04889203608036041,1.638918399810791
3500,mla,42,5,1,0.10002756863832474,0.0997539758682251,1.638918399810791
3500,mla,42,5,2,0.04739929363131523,0.05123662203550339,1.638918399810791
3500,mla,42,5,3,0.050341490656137466,0.05053679272532463,1.638918399810791
3500,mla,42,5,4,0.10136657953262329,0.08712854981422424,1.638918399810791
3500,mla,42,5,5,0.045444030314683914,0.045810677111148834,1.638918399810791
3500,mla,42,5,6,0.04356882721185684,0.05490618571639061,1.638918399810791
3500,mla,42,5,7,0.07392629235982895,0.06416139751672745,1.638918399810791
3500,mla,42,5,8,0.03731231763958931,0.047675639390945435,1.638918399810791
3500,mla,42,5,9,0.057861533015966415,0.05907879397273064,1.638918399810791
3500,mla,42,5,10,0.054246217012405396,0.05227399989962578,1.638918399810791
3500,mla,42,5,11,0.08592794090509415,0.07668809592723846,1.638918399810791
3500,mla,42,5,12,0.03835408389568329,0.046392135322093964,1.638918399810791
3500,mla,42,5,13,0.08145508170127869,0.07131032645702362,1.638918399810791
3500,mla,42,5,14,0.06588032841682434,0.059587422758340836,1.638918399810791
3500,mla,42,5,15,0.07409922033548355,0.08456745743751526,1.638918399810791
4000,mla,42,1,0,0.07481648772954941,0.06057242676615715,2.2619996070861816
4000,mla,42,1,1,0.05962880328297615,0.057982418686151505,2.2619996070861816
4000,mla,42,1,2,0.06050466001033783,0.0625244751572609,2.2619996070861816
4000,mla,42,1,3,0.07727956026792526,0.07356012612581253,2.2619996070861816
4000,mla,42,1,4,0.06714650243520737,0.06464660912752151,2.2619996070861816
4000,mla,42,1,5,0.042841289192438126,0.05042574182152748,2.2619996070861816
4000,mla,42,1,6,0.04756113514304161,0.056666016578674316,2.2619996070861816
4000,mla,42,1,7,0.0652930736541748,0.06537038832902908,2.2619996070861816
4000,mla,42,1,8,0.06347035616636276,0.06144217029213905,2.2619996070861816
4000,mla,42,1,9,0.04700052738189697,0.051734600216150284,2.2619996070861816
4000,mla,42,1,10,0.047956135123968124,0.05488937348127365,2.2619996070861816
4000,mla,42,1,11,0.06636311858892441,0.06057051941752434,2.2619996070861816
4000,mla,42,1,12,0.05869384855031967,0.07381574809551239,2.2619996070861816
4000,mla,42,1,13,0.07365407049655914,0.06509970873594284,2.2619996070861816
4000,mla,42,1,14,0.06308787316083908,0.06646865606307983,2.2619996070861816
4000,mla,42,1,15,0.08470255881547928,0.07423095405101776,2.2619996070861816
4000,mla,42,2,0,0.057316284626722336,0.053930968046188354,1.909199833869934
4000,mla,42,2,1,0.05950582027435303,0.057338614016771317,1.909199833869934
4000,mla,42,2,2,0.04276082292199135,0.052942901849746704,1.909199833869934
4000,mla,42,2,3,0.0419636033475399,0.04441606253385544,1.909199833869934
4000,mla,42,2,4,0.07999756187200546,0.0639275386929512,1.909199833869934
4000,mla,42,2,5,0.061723124235868454,0.0814233124256134,1.909199833869934
4000,mla,42,2,6,0.07051818817853928,0.05802113935351372,1.909199833869934
4000,mla,42,2,7,0.055333759635686874,0.0528467521071434,1.909199833869934
4000,mla,42,2,8,0.05145467072725296,0.048117950558662415,1.909199833869934
4000,mla,42,2,9,0.0822373479604721,0.08159522712230682,1.909199833869934
4000,mla,42,2,10,0.05912638455629349,0.06982292979955673,1.909199833869934
4000,mla,42,2,11,0.07145192474126816,0.07475636899471283,1.909199833869934
4000,mla,42,2,12,0.04880218580365181,0.054737187922000885,1.909199833869934
4000,mla,42,2,13,0.0619170106947422,0.06011642515659332,1.909199833869934
4000,mla,42,2,14,0.07804840058088303,0.06963934004306793,1.909199833869934
4000,mla,42,2,15,0.07784291356801987,0.0763673260807991,1.909199833869934
4000,mla,42,3,0,0.05128835141658783,0.04289337620139122,1.4678516387939453
4000,mla,42,3,1,0.07633229345083237,0.06445037573575974,1.4678516387939453
4000,mla,42,3,2,0.09218709170818329,0.07754514366388321,1.4678516387939453
4000,mla,42,3,3,0.06980519741773605,0.08090418577194214,1.4678516387939453
4000,mla,42,3,4,0.041332703083753586,0.03895476832985878,1.4678516387939453
4000,mla,42,3,5,0.07409881800413132,0.07614199817180634,1.4678516387939453
4000,mla,42,3,6,0.0505332425236702,0.04943971708416939,1.4678516387939453
4000,mla,42,3,7,0.054280802607536316,0.057735659182071686,1.4678516387939453
4000,mla,42,3,8,0.06334350258111954,0.06599605083465576,1.4678516387939453
4000,mla,42,3,9,0.055918071419000626,0.0682559534907341,1.4678516387939453
4000,mla,42,3,10,0.061300456523895264,0.0634835809469223,1.4678516387939453
4000,mla,42,3,11,0.04933461546897888,0.04907819628715515,1.4678516387939453
4000,mla,42,3,12,0.06221913546323776,0.0630817860364914,1.4678516387939453
4000,mla,42,3,13,0.06031076982617378,0.06734510511159897,1.4678516387939453
4000,mla,42,3,14,0.06748759001493454,0.058216508477926254,1.4678516387939453
4000,mla,42,3,15,0.07022735476493835,0.07647772878408432,1.4678516387939453
4000,mla,42,4,0,0.07817993313074112,0.09399918466806412,1.3209328651428223
4000,mla,42,4,1,0.08030741661787033,0.07107987254858017,1.3209328651428223
4000,mla,42,4,2,0.05422881990671158,0.06016216427087784,1.3209328651428223
4000,mla,42,4,3,0.08765269070863724,0.06481214612722397,1.3209328651428223
4000,mla,42,4,4,0.06860168278217316,0.0687178522348404,1.3209328651428223
4000,mla,42,4,5,0.0499991849064827,0.05458228290081024,1.3209328651428223
4000,mla,42,4,6,0.07957825064659119,0.08239779621362686,1.3209328651428223
4000,mla,42,4,7,0.06495504081249237,0.05140127241611481,1.3209328651428223
4000,mla,42,4,8,0.04623118042945862,0.044407617300748825,1.3209328651428223
4000,mla,42,4,9,0.06878723204135895,0.0974588468670845,1.3209328651428223
4000,mla,42,4,10,0.07859395444393158,0.0789848268032074,1.3209328651428223
4000,mla,42,4,11,0.050079040229320526,0.06062203645706177,1.3209328651428223
4000,mla,42,4,12,0.043100178241729736,0.04362189769744873,1.3209328651428223
4000,mla,42,4,13,0.07094838470220566,0.055463917553424835,1.3209328651428223
4000,mla,42,4,14,0.03930257260799408,0.03540079668164253,1.3209328651428223
4000,mla,42,4,15,0.03945444896817207,0.03688765689730644,1.3209328651428223
4000,mla,42,5,0,0.03986623138189316,0.045847970992326736,1.6327885389328003
4000,mla,42,5,1,0.09621409326791763,0.09553340077400208,1.6327885389328003
4000,mla,42,5,2,0.054583944380283356,0.0555872917175293,1.6327885389328003
4000,mla,42,5,3,0.054404400289058685,0.054360274225473404,1.6327885389328003
4000,mla,42,5,4,0.09464924782514572,0.07984883338212967,1.6327885389328003
4000,mla,42,5,5,0.04380198195576668,0.04469108209013939,1.6327885389328003
4000,mla,42,5,6,0.04497131332755089,0.056290529668331146,1.6327885389328003
4000,mla,42,5,7,0.06633880734443665,0.059259772300720215,1.6327885389328003
4000,mla,42,5,8,0.0360463447868824,0.046800822019577026,1.6327885389328003
4000,mla,42,5,9,0.059040628373622894,0.060920149087905884,1.6327885389328003
4000,mla,42,5,10,0.05863332003355026,0.055847715586423874,1.6327885389328003
4000,mla,42,5,11,0.08429748564958572,0.07612699270248413,1.6327885389328003
4000,mla,42,5,12,0.0406818650662899,0.049374938011169434,1.6327885389328003
4000,mla,42,5,13,0.07980326563119888,0.06890404969453812,1.6327885389328003
4000,mla,42,5,14,0.07142862677574158,0.06553416699171066,1.6327885389328003
4000,mla,42,5,15,0.07523844391107559,0.08507194370031357,1.6327885389328003
4500,mla,42,1,0,0.08143442869186401,0.06361030042171478,2.2184126377105713
4500,mla,42,1,1,0.06277689337730408,0.0597601942718029,2.2184126377105713
4500,mla,42,1,2,0.049130961298942566,0.05616489425301552,2.2184126377105713
4500,mla,42,1,3,0.08846873044967651,0.0795130804181099,2.2184126377105713
4500,mla,42,1,4,0.07321421056985855,0.0675463005900383,2.2184126377105713
4500,mla,42,1,5,0.047537434846162796,0.05175009369850159,2.2184126377105713
4500,mla,42,1,6,0.05276133120059967,0.05751064792275429,2.2184126377105713
4500,mla,42,1,7,0.07083119451999664,0.06714815646409988,2.2184126377105713
4500,mla,42,1,8,0.05545084550976753,0.06100133806467056,2.2184126377105713
4500,mla,42,1,9,0.045798949897289276,0.0506402924656868,2.2184126377105713
4500,mla,42,1,10,0.04350372403860092,0.05163629353046417,2.2184126377105713
4500,mla,42,1,11,0.05969635024666786,0.059255436062812805,2.2184126377105713
4500,mla,42,1,12,0.05664103105664253,0.07265149801969528,2.2184126377105713
4500,mla,42,1,13,0.0751895159482956,0.06683418154716492,2.2184126377105713
4500,mla,42,1,14,0.05377594009041786,0.06251644343137741,2.2184126377105713
4500,mla,42,1,15,0.08378845453262329,0.07246088981628418,2.2184126377105713
4500,mla,42,2,0,0.057969868183135986,0.053715966641902924,1.889134168624878
4500,mla,42,2,1,0.05603169649839401,0.05634143203496933,1.889134168624878
4500,mla,42,2,2,0.04237579181790352,0.0540788397192955,1.889134168624878
4500,mla,42,2,3,0.04240010678768158,0.044766660779714584,1.889134168624878
4500,mla,42,2,4,0.08324605226516724,0.06728392839431763,1.889134168624878
4500,mla,42,2,5,0.06623026728630066,0.08305538445711136,1.889134168624878
4500,mla,42,2,6,0.06465413421392441,0.05628632754087448,1.889134168624878
4500,mla,42,2,7,0.05288706347346306,0.05009385570883751,1.889134168624878
4500,mla,42,2,8,0.04729502275586128,0.04543544352054596,1.889134168624878
4500,mla,42,2,9,0.08227630704641342,0.07716807723045349,1.889134168624878
4500,mla,42,2,10,0.0570717379450798,0.06869147717952728,1.889134168624878
4500,mla,42,2,11,0.07093404233455658,0.07357495278120041,1.889134168624878
4500,mla,42,2,12,0.05646250396966934,0.05869119614362717,1.889134168624878
4500,mla,42,2,13,0.06194905564188957,0.06350189447402954,1.889134168624878
4500,mla,42,2,14,0.08203145116567612,0.07376398891210556,1.889134168624878
4500,mla,42,2,15,0.07618489861488342,0.07355052977800369,1.889134168624878
4500,mla,42,3,0,0.054641012102365494,0.04524349793791771,1.4586856365203857
4500,mla,42,3,1,0.07878326624631882,0.06674560159444809,1.4586856365203857
4500,mla,42,3,2,0.08895141631364822,0.07259476184844971,1.4586856365203857
4500,mla,42,3,3,0.06798726320266724,0.07934877276420593,1.4586856365203857
4500,mla,42,3,4,0.0448404960334301,0.040470633655786514,1.4586856365203857
4500,mla,42,3,5,0.07324767857789993,0.07654890418052673,1.4586856365203857
4500,mla,42,3,6,0.05049509555101395,0.05109546333551407,1.4586856365203857
4500,mla,42,3,7,0.0575631707906723,0.06207827106118202,1.4586856365203857
4500,mla,42,3,8,0.06244354322552681,0.06677456200122833,1.4586856365203857
4500,mla,42,3,9,0.05640574172139168,0.06669772416353226,1.4586856365203857
4500,mla,42,3,10,0.05573791638016701,0.05843861401081085,1.4586856365203857
4500,mla,42,3,11,0.050924986600875854,0.04883968457579613,1.4586856365203857
4500,mla,42,3,12,0.06544260680675507,0.06465953588485718,1.4586856365203857
4500,mla,42,3,13,0.05596933886408806,0.06624846905469894,1.4586856365203857
4500,mla,42,3,14,0.06533651053905487,0.05636657774448395,1.4586856365203857
4500,mla,42,3,15,0.0712299570441246,0.0778488889336586,1.4586856365203857
4500,mla,42,4,0,0.08400767296552658,0.09847009181976318,1.288219928741455
4500,mla,42,4,1,0.09280568361282349,0.08209766447544098,1.288219928741455
4500,mla,42,4,2,0.055423278361558914,0.061020925641059875,1.288219928741455
4500,mla,42,4,3,0.07993032038211823,0.058964695781469345,1.288219928741455
4500,mla,42,4,4,0.0699399784207344,0.07096678018569946,1.288219928741455
4500,mla,42,4,5,0.05190083757042885,0.05569768324494362,1.288219928741455
4500,mla,42,4,6,0.07903798669576645,0.0816275104880333,1.288219928741455
4500,mla,42,4,7,0.06133768707513809,0.04827605187892914,1.288219928741455
4500,mla,42,4,8,0.04121765121817589,0.042028993368148804,1.288219928741455
4500,mla,42,4,9,0.07067250460386276,0.09887757897377014,1.288219928741455
4500,mla,42,4,10,0.07643341273069382,0.07604686915874481,1.288219928741455
4500,mla,42,4,11,0.049935199320316315,0.0601540133357048,1.288219928741455
4500,mla,42,4,12,0.03600107878446579,0.03890527784824371,1.288219928741455
4500,mla,42,4,13,0.07346425205469131,0.056343212723731995,1.288219928741455
4500,mla,42,4,14,0.03787139803171158,0.03325822949409485,1.288219928741455
4500,mla,42,4,15,0.040021058171987534,0.03726451098918915,1.288219928741455
4500,mla,42,5,0,0.04172668606042862,0.04843779653310776,1.6150484085083008
4500,mla,42,5,1,0.10243500024080276,0.09956809878349304,1.6150484085083008
4500,mla,42,5,2,0.050610657781362534,0.052727170288562775,1.6150484085083008
4500,mla,42,5,3,0.057264912873506546,0.05721792206168175,1.6150484085083008
4500,mla,42,5,4,0.1003989651799202,0.0842394307255745,1.6150484085083008
4500,mla,42,5,5,0.04404133930802345,0.04526008665561676,1.6150484085083008
4500,mla,42,5,6,0.04277659207582474,0.05369727313518524,1.6150484085083008
4500,mla,42,5,7,0.05764048174023628,0.0538904070854187,1.6150484085083008
4500,mla,42,5,8,0.033745624125003815,0.04381586238741875,1.6150484085083008
4500,mla,42,5,9,0.06079559400677681,0.060889970511198044,1.6150484085083008
4500,mla,42,5,10,0.05812835693359375,0.05581701919436455,1.6150484085083008
4500,mla,42,5,11,0.08784861117601395,0.07888336479663849,1.6150484085083008
4500,mla,42,5,12,0.041373901069164276,0.04892482981085777,1.6150484085083008
4500,mla,42,5,13,0.0763593539595604,0.06809268146753311,1.6150484085083008
4500,mla,42,5,14,0.07154052704572678,0.06570509821176529,1.6150484085083008
4500,mla,42,5,15,0.0733133926987648,0.08283299952745438,1.6150484085083008
5000,mla,42,1,0,0.07817016541957855,0.062176648527383804,2.1919353008270264
5000,mla,42,1,1,0.057652078568935394,0.057145848870277405,2.1919353008270264
5000,mla,42,1,2,0.05794118344783783,0.059851374477148056,2.1919353008270264
5000,mla,42,1,3,0.08223724365234375,0.0779939591884613,2.1919353008270264
5000,mla,42,1,4,0.06873168796300888,0.06540339440107346,2.1919353008270264
5000,mla,42,1,5,0.049479369074106216,0.05216018483042717,2.1919353008270264
5000,mla,42,1,6,0.05194956436753273,0.05772111192345619,2.1919353008270264
5000,mla,42,1,7,0.06352345645427704,0.06387552618980408,2.1919353008270264
5000,mla,42,1,8,0.060361530631780624,0.06271880120038986,2.1919353008270264
5000,mla,42,1,9,0.04898172989487648,0.052288975566625595,2.1919353008270264
5000,mla,42,1,10,0.04473815858364105,0.05268637463450432,2.1919353008270264
5000,mla,42,1,11,0.060755208134651184,0.05866924300789833,2.1919353008270264
5000,mla,42,1,12,0.058028869330883026,0.07440055161714554,2.1919353008270264
5000,mla,42,1,13,0.07591328769922256,0.06684117019176483,2.1919353008270264
5000,mla,42,1,14,0.05846262723207474,0.06459733843803406,2.1919353008270264
5000,mla,42,1,15,0.08307383209466934,0.07146948575973511,2.1919353008270264
5000,mla,42,2,0,0.06282918155193329,0.05719371140003204,1.8771653175354004
5000,mla,42,2,1,0.05790059268474579,0.05788661912083626,1.8771653175354004
5000,mla,42,2,2,0.0407276414334774,0.052194975316524506,1.8771653175354004
5000,mla,42,2,3,0.0426749661564827,0.0442606583237648,1.8771653175354004
5000,mla,42,2,4,0.07829020172357559,0.06308271735906601,1.8771653175354004
5000,mla,42,2,5,0.06382039189338684,0.08191981166601181,1.8771653175354004
5000,mla,42,2,6,0.07331583648920059,0.06056203320622444,1.8771653175354004
5000,mla,42,2,7,0.052339885383844376,0.05074557662010193,1.8771653175354004
5000,mla,42,2,8,0.046935729682445526,0.04566804692149162,1.8771653175354004
5000,mla,42,2,9,0.08488748967647552,0.08275450021028519,1.8771653175354004
5000,mla,42,2,10,0.05493733659386635,0.06617335975170135,1.8771653175354004
5000,mla,42,2,11,0.07171417027711868,0.0722263753414154,1.8771653175354004
5000,mla,42,2,12,0.04694468155503273,0.05437658354640007,1.8771653175354004
5000,mla,42,2,13,0.06588460505008698,0.06489644944667816,1.8771653175354004
5000,mla,42,2,14,0.07947295904159546,0.07033063471317291,1.8771653175354004
5000,mla,42,2,15,0.07732432335615158,0.07572799175977707,1.8771653175354004
5000,mla,42,3,0,0.05893249437212944,0.04840622842311859,1.454067349433899
5000,mla,42,3,1,0.07878845185041428,0.06451835483312607,1.454067349433899
5000,mla,42,3,2,0.0839887484908104,0.06753610819578171,1.454067349433899
5000,mla,42,3,3,0.06448862701654434,0.07565746456384659,1.454067349433899
5000,mla,42,3,4,0.03879791125655174,0.03685954213142395,1.454067349433899
5000,mla,42,3,5,0.07419341802597046,0.07631828635931015,1.454067349433899
5000,mla,42,3,6,0.05177592113614082,0.050683408975601196,1.454067349433899
5000,mla,42,3,7,0.05865773558616638,0.0630333349108696,1.454067349433899
5000,mla,42,3,8,0.06033579632639885,0.06542463600635529,1.454067349433899
5000,mla,42,3,9,0.05489502102136612,0.06582076102495193,1.454067349433899
5000,mla,42,3,10,0.057054951786994934,0.0605025552213192,1.454067349433899
5000,mla,42,3,11,0.05145813152194023,0.05215426906943321,1.454067349433899
5000,mla,42,3,12,0.07249491661787033,0.07306495308876038,1.454067349433899
5000,mla,42,3,13,0.05742848664522171,0.06380928307771683,1.454067349433899
5000,mla,42,3,14,0.06574808806180954,0.05896984785795212,1.454067349433899
5000,mla,42,3,15,0.07096130400896072,0.07724109292030334,1.454067349433899
5000,mla,42,4,0,0.07774749398231506,0.09201603382825851,1.3140991926193237
5000,mla,42,4,1,0.08351603150367737,0.07332269847393036,1.3140991926193237
5000,mla,42,4,2,0.05212219059467316,0.05861963331699371,1.3140991926193237
5000,mla,42,4,3,0.0844663456082344,0.062405891716480255,1.3140991926193237
5000,mla,42,4,4,0.07066284120082855,0.0702868327498436,1.3140991926193237
5000,mla,42,4,5,0.05410929396748543,0.05806722119450569,1.3140991926193237
5000,mla,42,4,6,0.07992736995220184,0.08267974853515625,1.3140991926193237
5000,mla,42,4,7,0.06583231687545776,0.05274542048573494,1.3140991926193237
5000,mla,42,4,8,0.043060097843408585,0.04540510103106499,1.3140991926193237
5000,mla,42,4,9,0.06965301185846329,0.0971076712012291,1.3140991926193237
5000,mla,42,4,10,0.07724283635616302,0.07703366875648499,1.3140991926193237
5000,mla,42,4,11,0.05582641437649727,0.06430405378341675,1.3140991926193237
5000,mla,42,4,12,0.037457581609487534,0.03953296318650246,1.3140991926193237
5000,mla,42,4,13,0.0733674094080925,0.05654088407754898,1.3140991926193237
5000,mla,42,4,14,0.038938090205192566,0.034674856811761856,1.3140991926193237
5000,mla,42,4,15,0.03607065975666046,0.03525746986269951,1.3140991926193237
5000,mla,42,5,0,0.03942576050758362,0.04457781836390495,1.6267112493515015
5000,mla,42,5,1,0.1042938232421875,0.1002970039844513,1.6267112493515015
5000,mla,42,5,2,0.04770344868302345,0.05037597194314003,1.6267112493515015
5000,mla,42,5,3,0.04893656447529793,0.04983958974480629,1.6267112493515015
5000,mla,42,5,4,0.09985504299402237,0.08519311994314194,1.6267112493515015
5000,mla,42,5,5,0.044455669820308685,0.044752299785614014,1.6267112493515015
5000,mla,42,5,6,0.04056600108742714,0.054054442793130875,1.6267112493515015
5000,mla,42,5,7,0.0713728815317154,0.06435834616422653,1.6267112493515015
5000,mla,42,5,8,0.0364532470703125,0.04778432846069336,1.6267112493515015
5000,mla,42,5,9,0.06394582241773605,0.06412717700004578,1.6267112493515015
5000,mla,42,5,10,0.05369048938155174,0.05256585404276848,1.6267112493515015
5000,mla,42,5,11,0.0868154913187027,0.07776748389005661,1.6267112493515015
5000,mla,42,5,12,0.0380319207906723,0.044995758682489395,1.6267112493515015
5000,mla,42,5,13,0.08033498376607895,0.06970266997814178,1.6267112493515015
5000,mla,42,5,14,0.0692240372300148,0.06467891484498978,1.6267112493515015
5000,mla,42,5,15,0.07489481568336487,0.08492901176214218,1.6267112493515015
5500,mla,42,1,0,0.07939188927412033,0.06185522675514221,2.157370090484619
5500,mla,42,1,1,0.061178892850875854,0.05857628583908081,2.157370090484619
5500,mla,42,1,2,0.06463623046875,0.06173205003142357,2.157370090484619
5500,mla,42,1,3,0.07408080995082855,0.0729343369603157,2.157370090484619
5500,mla,42,1,4,0.06304942071437836,0.0623064786195755,2.157370090484619
5500,mla,42,1,5,0.043228961527347565,0.049032386392354965,2.157370090484619
5500,mla,42,1,6,0.04651184007525444,0.05696310102939606,2.157370090484619
5500,mla,42,1,7,0.05814961716532707,0.06206117570400238,2.157370090484619
5500,mla,42,1,8,0.06624989956617355,0.06336971372365952,2.157370090484619
5500,mla,42,1,9,0.05805816501379013,0.056955453008413315,2.157370090484619
5500,mla,42,1,10,0.057360026985406876,0.05557680130004883,2.157370090484619
5500,mla,42,1,11,0.05776418000459671,0.05970970168709755,2.157370090484619
5500,mla,42,1,12,0.05982615053653717,0.07624106854200363,2.157370090484619
5500,mla,42,1,13,0.07295460999011993,0.06575843691825867,2.157370090484619
5500,mla,42,1,14,0.05255289748311043,0.06387916207313538,2.157370090484619
5500,mla,42,1,15,0.08500640839338303,0.07304851710796356,2.157370090484619
5500,mla,42,2,0,0.05934549868106842,0.0540621317923069,1.8759907484054565
5500,mla,42,2,1,0.05185852199792862,0.05480041354894638,1.8759907484054565
5500,mla,42,2,2,0.04318786785006523,0.05313515290617943,1.8759907484054565
5500,mla,42,2,3,0.049417316913604736,0.04920397698879242,1.8759907484054565
5500,mla,42,2,4,0.08290344476699829,0.06584928184747696,1.8759907484054565
5500,mla,42,2,5,0.060233764350414276,0.07600333541631699,1.8759907484054565
5500,mla,42,2,6,0.06674163788557053,0.057915739715099335,1.8759907484054565
5500,mla,42,2,7,0.056799620389938354,0.053538162261247635,1.8759907484054565
5500,mla,42,2,8,0.04665730893611908,0.04538092017173767,1.8759907484054565
5500,mla,42,2,9,0.0827242061495781,0.07992801815271378,1.8759907484054565
5500,mla,42,2,10,0.055570170283317566,0.06930289417505264,1.8759907484054565
5500,mla,42,2,11,0.0723043829202652,0.07137203961610794,1.8759907484054565
5500,mla,42,2,12,0.050406597554683685,0.0562838539481163,1.8759907484054565
5500,mla,42,2,13,0.0631001815199852,0.06392725557088852,1.8759907484054565
5500,mla,42,2,14,0.08587300777435303,0.07898324728012085,1.8759907484054565
5500,mla,42,2,15,0.07287648320198059,0.0703137069940567,1.8759907484054565
5500,mla,42,3,0,0.0531654879450798,0.04439244419336319,1.4425957202911377
5500,mla,42,3,1,0.08971700072288513,0.07160067558288574,1.4425957202911377
5500,mla,42,3,2,0.08877786993980408,0.07278871536254883,1.4425957202911377
5500,mla,42,3,3,0.06517059355974197,0.0761374905705452,1.4425957202911377
5500,mla,42,3,4,0.04141601547598839,0.03918612748384476,1.4425957202911377
5500,mla,42,3,5,0.07437072694301605,0.07667359709739685,1.4425957202911377
5500,mla,42,3,6,0.044224344193935394,0.04872943088412285,1.4425957202911377
5500,mla,42,3,7,0.05674540251493454,0.06066919490695,1.4425957202911377
5500,mla,42,3,8,0.06158081069588661,0.06682906299829483,1.4425957202911377
5500,mla,42,3,9,0.05378631502389908,0.06402409821748734,1.4425957202911377
5500,mla,42,3,10,0.05618530139327049,0.0606762059032917,1.4425957202911377
5500,mla,42,3,11,0.04773549363017082,0.04887773469090462,1.4425957202911377
5500,mla,42,3,12,0.06427764892578125,0.06590168178081512,1.4425957202911377
5500,mla,42,3,13,0.057059936225414276,0.06442748755216599,1.4425957202911377
5500,mla,42,3,14,0.0765138790011406,0.06336075812578201,1.4425957202911377
5500,mla,42,3,15,0.06927317380905151,0.07572529464960098,1.4425957202911377
5500,mla,42,4,0,0.08078481256961823,0.09605912864208221,1.3064371347427368
5500,mla,42,4,1,0.08881103247404099,0.07827608287334442,1.3064371347427368
5500,mla,42,4,2,0.05232889950275421,0.05705292895436287,1.3064371347427368
5500,mla,42,4,3,0.0838286355137825,0.06179793179035187,1.3064371347427368
5500,mla,42,4,4,0.06479288637638092,0.0653301253914833,1.3064371347427368
5500,mla,42,4,5,0.05345764011144638,0.05759737640619278,1.3064371347427368
5500,mla,42,4,6,0.07755777984857559,0.07971565425395966,1.3064371347427368
5500,mla,42,4,7,0.0599314384162426,0.04630778357386589,1.3064371347427368
5500,mla,42,4,8,0.04182698577642441,0.04640015587210655,1.3064371347427368
5500,mla,42,4,9,0.07263875007629395,0.10200299322605133,1.3064371347427368
5500,mla,42,4,10,0.07624226808547974,0.07522623240947723,1.3064371347427368
5500,mla,42,4,11,0.046929117292165756,0.057717837393283844,1.3064371347427368
5500,mla,42,4,12,0.04116373881697655,0.04228042811155319,1.3064371347427368
5500,mla,42,4,13,0.07877787202596664,0.059778932482004166,1.3064371347427368
5500,mla,42,4,14,0.042035218328237534,0.03671349212527275,1.3064371347427368
5500,mla,42,4,15,0.038892924785614014,0.03774291276931763,1.3064371347427368
5500,mla,42,5,0,0.04155385494232178,0.04690776765346527,1.601305365562439
5500,mla,42,5,1,0.10245808959007263,0.09994583576917648,1.601305365562439
5500,mla,42,5,2,0.04650583863258362,0.04893551394343376,1.601305365562439
5500,mla,42,5,3,0.05224354937672615,0.05422111973166466,1.601305365562439
5500,mla,42,5,4,0.10271087288856506,0.08749912679195404,1.601305365562439
5500,mla,42,5,5,0.04728902131319046,0.04589886590838432,1.601305365562439
5500,mla,42,5,6,0.041804809123277664,0.05447114259004593,1.601305365562439
5500,mla,42,5,7,0.06357788294553757,0.05751853808760643,1.601305365562439
5500,mla,42,5,8,0.034538064152002335,0.047196466475725174,1.601305365562439
5500,mla,42,5,9,0.0641212984919548,0.06313824653625488,1.601305365562439
5500,mla,42,5,10,0.055149637162685394,0.052870579063892365,1.601305365562439
5500,mla,42,5,11,0.08387074619531631,0.07598869502544403,1.601305365562439
5500,mla,42,5,12,0.04048675671219826,0.04863642528653145,1.601305365562439
5500,mla,42,5,13,0.08309031277894974,0.07002553343772888,1.601305365562439
5500,mla,42,5,14,0.06732208281755447,0.06283558160066605,1.601305365562439
5500,mla,42,5,15,0.07327718287706375,0.08391058444976807,1.601305365562439
6000,mla,42,1,0,0.08207865059375763,0.064155712723732,2.137040138244629
6000,mla,42,1,1,0.05832153186202049,0.056841932237148285,2.137040138244629
6000,mla,42,1,2,0.051542967557907104,0.055831342935562134,2.137040138244629
6000,mla,42,1,3,0.07957682013511658,0.07378483563661575,2.137040138244629
6000,mla,42,1,4,0.06364552676677704,0.06349845975637436,2.137040138244629
6000,mla,42,1,5,0.04257313907146454,0.04862309619784355,2.137040138244629
6000,mla,42,1,6,0.05531809478998184,0.060843802988529205,2.137040138244629
6000,mla,42,1,7,0.06786824762821198,0.06750401854515076,2.137040138244629
6000,mla,42,1,8,0.05523386597633362,0.06101760268211365,2.137040138244629
6000,mla,42,1,9,0.05225006118416786,0.053460825234651566,2.137040138244629
6000,mla,42,1,10,0.05955342575907707,0.05482035502791405,2.137040138244629
6000,mla,42,1,11,0.06098683550953865,0.05992593616247177,2.137040138244629
6000,mla,42,1,12,0.061890970915555954,0.07803217321634293,2.137040138244629
6000,mla,42,1,13,0.07655660063028336,0.06879505515098572,2.137040138244629
6000,mla,42,1,14,0.04706176742911339,0.059157874435186386,2.137040138244629
6000,mla,42,1,15,0.0855414867401123,0.073707215487957,2.137040138244629
6000,mla,42,2,0,0.055411070585250854,0.05190476402640343,1.8232024908065796
6000,mla,42,2,1,0.056150615215301514,0.05783991515636444,1.8232024908065796
6000,mla,42,2,2,0.042602233588695526,0.054084669798612595,1.8232024908065796
6000,mla,42,2,3,0.03981384262442589,0.042685046792030334,1.8232024908065796
6000,mla,42,2,4,0.08775869011878967,0.06855630874633789,1.8232024908065796
6000,mla,42,2,5,0.06026936694979668,0.07630515098571777,1.8232024908065796
6000,mla,42,2,6,0.06706482172012329,0.05717354640364647,1.8232024908065796
6000,mla,42,2,7,0.05962483584880829,0.05242490395903587,1.8232024908065796
6000,mla,42,2,8,0.04478515684604645,0.04401635751128197,1.8232024908065796
6000,mla,42,2,9,0.08521687984466553,0.08300105482339859,1.8232024908065796
6000,mla,42,2,10,0.05387461185455322,0.06869389861822128,1.8232024908065796
6000,mla,42,2,11,0.07048482447862625,0.07235290855169296,1.8232024908065796
6000,mla,42,2,12,0.05429575592279434,0.057134177535772324,1.8232024908065796
6000,mla,42,2,13,0.06510619819164276,0.06674391776323318,1.8232024908065796
6000,mla,42,2,14,0.08305694907903671,0.07610555738210678,1.8232024908065796
6000,mla,42,2,15,0.07448415458202362,0.07097785919904709,1.8232024908065796
6000,mla,42,3,0,0.051109008491039276,0.04208977520465851,1.4088613986968994
6000,mla,42,3,1,0.08704020082950592,0.07017675042152405,1.4088613986968994
6000,mla,42,3,2,0.08650034666061401,0.07042577862739563,1.4088613986968994
6000,mla,42,3,3,0.06463846564292908,0.07538675516843796,1.4088613986968994
6000,mla,42,3,4,0.0353781133890152,0.03431611508131027,1.4088613986968994
6000,mla,42,3,5,0.075054831802845,0.07836596667766571,1.4088613986968994
6000,mla,42,3,6,0.052818093448877335,0.052267368882894516,1.4088613986968994
6000,mla,42,3,7,0.05935312807559967,0.06388559192419052,1.4088613986968994
6000,mla,42,3,8,0.061568908393383026,0.06642033904790878,1.4088613986968994
6000,mla,42,3,9,0.05729125812649727,0.06659267842769623,1.4088613986968994
6000,mla,42,3,10,0.05671447888016701,0.060287296772003174,1.4088613986968994
6000,mla,42,3,11,0.04880513623356819,0.0497162789106369,1.4088613986968994
6000,mla,42,3,12,0.06393981724977493,0.06664898246526718,1.4088613986968994
6000,mla,42,3,13,0.0604521669447422,0.06718819588422775,1.4088613986968994
6000,mla,42,3,14,0.06801117211580276,0.05859636142849922,1.4088613986968994
6000,mla,42,3,15,0.07132486999034882,0.07763580232858658,1.4088613986968994
6000,mla,42,4,0,0.08098093420267105,0.09364046156406403,1.2865508794784546
6000,mla,42,4,1,0.08351898193359375,0.07402871549129486,1.2865508794784546
6000,mla,42,4,2,0.05428619310259819,0.06101478636264801,1.2865508794784546
6000,mla,42,4,3,0.08567941933870316,0.06324545294046402,1.2865508794784546
6000,mla,42,4,4,0.06521525233983994,0.06675033271312714,1.2865508794784546
6000,mla,42,4,5,0.05260050296783447,0.057345446199178696,1.2865508794784546
6000,mla,42,4,6,0.08209706842899323,0.08409994840621948,1.2865508794784546
6000,mla,42,4,7,0.06119069457054138,0.04762226715683937,1.2865508794784546
6000,mla,42,4,8,0.042530618607997894,0.04580147936940193,1.2865508794784546
6000,mla,42,4,9,0.06893269717693329,0.09598048776388168,1.2865508794784546
6000,mla,42,4,10,0.07891102880239487,0.07896742224693298,1.2865508794784546
6000,mla,42,4,11,0.047347817569971085,0.058846283704042435,1.2865508794784546
6000,mla,42,4,12,0.036177366971969604,0.03968795761466026,1.2865508794784546
6000,mla,42,4,13,0.08114532381296158,0.061914846301078796,1.2865508794784546
6000,mla,42,4,14,0.04284657910466194,0.035142168402671814,1.2865508794784546
6000,mla,42,4,15,0.036539509892463684,0.035911887884140015,1.2865508794784546
6000,mla,42,5,0,0.04015340283513069,0.045837391167879105,1.5884100198745728
6000,mla,42,5,1,0.09864766150712967,0.09377666562795639,1.5884100198745728
6000,mla,42,5,2,0.048820290714502335,0.05372460186481476,1.5884100198745728
6000,mla,42,5,3,0.05306294932961464,0.05312979221343994,1.5884100198745728
6000,mla,42,5,4,0.100140281021595,0.08523712307214737,1.5884100198745728
6000,mla,42,5,5,0.04303243011236191,0.04355207458138466,1.5884100198745728
6000,mla,42,5,6,0.03700612485408783,0.04943105950951576,1.5884100198745728
6000,mla,42,5,7,0.06021576002240181,0.05543072894215584,1.5884100198745728
6000,mla,42,5,8,0.0337962843477726,0.04419291019439697,1.5884100198745728
6000,mla,42,5,9,0.06453287601470947,0.06323615461587906,1.5884100198745728
6000,mla,42,5,10,0.059956055134534836,0.05767298862338066,1.5884100198745728
6000,mla,42,5,11,0.08896677941083908,0.08245297521352768,1.5884100198745728
6000,mla,42,5,12,0.04515085741877556,0.051478203386068344,1.5884100198745728
6000,mla,42,5,13,0.08478657901287079,0.07389736920595169,1.5884100198745728
6000,mla,42,5,14,0.06849141418933868,0.06406505405902863,1.5884100198745728
6000,mla,42,5,15,0.0732402577996254,0.08288483321666718,1.5884100198745728
6500,mla,42,1,0,0.07920817285776138,0.06325997412204742,2.1109869480133057
6500,mla,42,1,1,0.05143829435110092,0.05221505090594292,2.1109869480133057
6500,mla,42,1,2,0.06622426211833954,0.06348570436239243,2.1109869480133057
6500,mla,42,1,3,0.08193064481019974,0.07851184904575348,2.1109869480133057
6500,mla,42,1,4,0.06439687311649323,0.06481058895587921,2.1109869480133057
6500,mla,42,1,5,0.041448161005973816,0.04764389619231224,2.1109869480133057
6500,mla,42,1,6,0.05365397036075592,0.05960340425372124,2.1109869480133057
6500,mla,42,1,7,0.06881225854158401,0.06661241501569748,2.1109869480133057
6500,mla,42,1,8,0.057099200785160065,0.061441440135240555,2.1109869480133057
6500,mla,42,1,9,0.058327533304691315,0.056558169424533844,2.1109869480133057
6500,mla,42,1,10,0.056917622685432434,0.05222184956073761,2.1109869480133057
6500,mla,42,1,11,0.057394713163375854,0.05891251191496849,2.1109869480133057
6500,mla,42,1,12,0.05586903914809227,0.0723024383187294,2.1109869480133057
6500,mla,42,1,13,0.07344584167003632,0.06811439990997314,2.1109869480133057
6500,mla,42,1,14,0.049185384064912796,0.06022606045007706,2.1109869480133057
6500,mla,42,1,15,0.0846480280160904,0.07408028841018677,2.1109869480133057
6500,mla,42,2,0,0.06120758131146431,0.055286407470703125,1.8324735164642334
6500,mla,42,2,1,0.055740661919116974,0.05657033249735832,1.8324735164642334
6500,mla,42,2,2,0.043933309614658356,0.05496450886130333,1.8324735164642334
6500,mla,42,2,3,0.048331402242183685,0.04871096462011337,1.8324735164642334
6500,mla,42,2,4,0.08353108912706375,0.0669117346405983,1.8324735164642334
6500,mla,42,2,5,0.056591492146253586,0.07278894633054733,1.8324735164642334
6500,mla,42,2,6,0.06634165346622467,0.05733666196465492,1.8324735164642334
6500,mla,42,2,7,0.055397845804691315,0.049322500824928284,1.8324735164642334
6500,mla,42,2,8,0.04240783676505089,0.043299708515405655,1.8324735164642334
6500,mla,42,2,9,0.08623412996530533,0.08246970176696777,1.8324735164642334
6500,mla,42,2,10,0.05435597896575928,0.06774905323982239,1.8324735164642334
6500,mla,42,2,11,0.07508636265993118,0.07882394641637802,1.8324735164642334
6500,mla,42,2,12,0.050793763250112534,0.05622577667236328,1.8324735164642334
6500,mla,42,2,13,0.06479380279779434,0.06657889485359192,1.8324735164642334
6500,mla,42,2,14,0.08163584023714066,0.07259257137775421,1.8324735164642334
6500,mla,42,2,15,0.07361724972724915,0.07036842405796051,1.8324735164642334
6500,mla,42,3,0,0.053742676973342896,0.043906070291996,1.4093453884124756
6500,mla,42,3,1,0.08435038477182388,0.0681505799293518,1.4093453884124756
6500,mla,42,3,2,0.08673329651355743,0.07104817777872086,1.4093453884124756
6500,mla,42,3,3,0.06356292963027954,0.07548967748880386,1.4093453884124756
6500,mla,42,3,4,0.044296059757471085,0.039666030555963516,1.4093453884124756
6500,mla,42,3,5,0.0725765973329544,0.07448696345090866,1.4093453884124756
6500,mla,42,3,6,0.044678956270217896,0.04799477383494377,1.4093453884124756
6500,mla,42,3,7,0.057119037955999374,0.06118670850992203,1.4093453884124756
6500,mla,42,3,8,0.06274840980768204,0.0674600899219513,1.4093453884124756
6500,mla,42,3,9,0.056213073432445526,0.06640057265758514,1.4093453884124756
6500,mla,42,3,10,0.05554911121726036,0.05894603207707405,1.4093453884124756
6500,mla,42,3,11,0.05031168460845947,0.05028360337018967,1.4093453884124756
6500,mla,42,3,12,0.06463063508272171,0.06722521781921387,1.4093453884124756
6500,mla,42,3,13,0.060432128608226776,0.06869781017303467,1.4093453884124756
6500,mla,42,3,14,0.07337768375873566,0.0636487826704979,1.4093453884124756
6500,mla,42,3,15,0.06967733055353165,0.07540908455848694,1.4093453884124756
6500,mla,42,4,0,0.0821540355682373,0.09496427327394485,1.2839542627334595
6500,mla,42,4,1,0.08476786315441132,0.07575730979442596,1.2839542627334595
6500,mla,42,4,2,0.05740366503596306,0.06440859287977219,1.2839542627334595
6500,mla,42,4,3,0.0817323848605156,0.06103001907467842,1.2839542627334595
6500,mla,42,4,4,0.06857279688119888,0.07030349224805832,1.2839542627334595
6500,mla,42,4,5,0.054166972637176514,0.059203051030635834,1.2839542627334595
6500,mla,42,4,6,0.08033274114131927,0.08118095248937607,1.2839542627334595
6500,mla,42,4,7,0.05978658050298691,0.044853005558252335,1.2839542627334595
6500,mla,42,4,8,0.04284729063510895,0.04724070429801941,1.2839542627334595
6500,mla,42,4,9,0.06796000152826309,0.09616415947675705,1.2839542627334595
6500,mla,42,4,10,0.07765940576791763,0.0763932317495346,1.2839542627334595
6500,mla,42,4,11,0.04828999936580658,0.058783143758773804,1.2839542627334595
6500,mla,42,4,12,0.03620768338441849,0.03944811969995499,1.2839542627334595
6500,mla,42,4,13,0.07566273957490921,0.056548405438661575,1.2839542627334595
6500,mla,42,4,14,0.04025024548172951,0.034183867275714874,1.2839542627334595
6500,mla,42,4,15,0.042205605655908585,0.03953762724995613,1.2839542627334595
6500,mla,42,5,0,0.03983469679951668,0.046043962240219116,1.5921788215637207
6500,mla,42,5,1,0.10434702783823013,0.09992695599794388,1.5921788215637207
6500,mla,42,5,2,0.0474223829805851,0.051926739513874054,1.5921788215637207
6500,mla,42,5,3,0.05228932574391365,0.053903598338365555,1.5921788215637207
6500,mla,42,5,4,0.09955494850873947,0.08417268842458725,1.5921788215637207
6500,mla,42,5,5,0.047074686735868454,0.04513690620660782,1.5921788215637207
6500,mla,42,5,6,0.042115069925785065,0.05457419157028198,1.5921788215637207
6500,mla,42,5,7,0.06435119360685349,0.05949021503329277,1.5921788215637207
6500,mla,42,5,8,0.03530975431203842,0.046559568494558334,1.5921788215637207
6500,mla,42,5,9,0.06597961485385895,0.0648883655667305,1.5921788215637207
6500,mla,42,5,10,0.05297953262925148,0.05129264295101166,1.5921788215637207
6500,mla,42,5,11,0.08531514555215836,0.07599949091672897,1.5921788215637207
6500,mla,42,5,12,0.04132985323667526,0.0499592088162899,1.5921788215637207
6500,mla,42,5,13,0.07943369448184967,0.06838185340166092,1.5921788215637207
6500,mla,42,5,14,0.06942545622587204,0.06355688720941544,1.5921788215637207
6500,mla,42,5,15,0.07323761284351349,0.08418674021959305,1.5921788215637207
7000,mla,42,1,0,0.08572438359260559,0.06752729415893555,2.07861328125
7000,mla,42,1,1,0.05449096858501434,0.05410464107990265,2.07861328125
7000,mla,42,1,2,0.06681427359580994,0.06086363643407822,2.07861328125
7000,mla,42,1,3,0.08370310813188553,0.07926332205533981,2.07861328125
7000,mla,42,1,4,0.07019907981157303,0.06806456297636032,2.07861328125
7000,mla,42,1,5,0.042393799871206284,0.04770895466208458,2.07861328125
7000,mla,42,1,6,0.049933064728975296,0.056605059653520584,2.07861328125
7000,mla,42,1,7,0.05868713557720184,0.06229817122220993,2.07861328125
7000,mla,42,1,8,0.06009765714406967,0.0637495368719101,2.07861328125
7000,mla,42,1,9,0.06066396087408066,0.05773887038230896,2.07861328125
7000,mla,42,1,10,0.05411773547530174,0.0504840686917305,2.07861328125
7000,mla,42,1,11,0.06026845425367355,0.05999062955379486,2.07861328125
7000,mla,42,1,12,0.054091185331344604,0.07269013673067093,2.07861328125
7000,mla,42,1,13,0.06989736109972,0.06579111516475677,2.07861328125
7000,mla,42,1,14,0.04727986827492714,0.06094302982091904,2.07861328125
7000,mla,42,1,15,0.08163797855377197,0.07217679917812347,2.07861328125
7000,mla,42,2,0,0.05964406207203865,0.05369577929377556,1.810760259628296
7000,mla,42,2,1,0.054730020463466644,0.05669582262635231,1.810760259628296
7000,mla,42,2,2,0.04157674312591553,0.053179699927568436,1.810760259628296
7000,mla,42,2,3,0.048209432512521744,0.047395575791597366,1.810760259628296
7000,mla,42,2,4,0.08281779289245605,0.0657959133386612,1.810760259628296
7000,mla,42,2,5,0.06319407373666763,0.0807725191116333,1.810760259628296
7000,mla,42,2,6,0.06913940608501434,0.057107340544462204,1.810760259628296
7000,mla,42,2,7,0.06216674670577049,0.055489927530288696,1.810760259628296
7000,mla,42,2,8,0.040883585810661316,0.04243042692542076,1.810760259628296
7000,mla,42,2,9,0.08708475530147552,0.08554118126630783,1.810760259628296
7000,mla,42,2,10,0.051032207906246185,0.06443306058645248,1.810760259628296
7000,mla,42,2,11,0.06990580260753632,0.07220473140478134,1.810760259628296
7000,mla,42,2,12,0.05043904483318329,0.056314170360565186,1.810760259628296
7000,mla,42,2,13,0.06266967952251434,0.0625772625207901,1.810760259628296
7000,mla,42,2,14,0.08271931856870651,0.07593964040279388,1.810760259628296
7000,mla,42,2,15,0.07378733158111572,0.07042697072029114,1.810760259628296
7000,mla,42,3,0,0.05375172942876816,0.044274598360061646,1.3944616317749023
7000,mla,42,3,1,0.0874403864145279,0.07137734442949295,1.3944616317749023
7000,mla,42,3,2,0.08690226078033447,0.07062724977731705,1.3944616317749023
7000,mla,42,3,3,0.06359944492578506,0.07402903586626053,1.3944616317749023
7000,mla,42,3,4,0.044293008744716644,0.039314527064561844,1.3944616317749023
7000,mla,42,3,5,0.0769023671746254,0.07946249097585678,1.3944616317749023
7000,mla,42,3,6,0.047221068292856216,0.04942808672785759,1.3944616317749023
7000,mla,42,3,7,0.05640655383467674,0.061958421021699905,1.3944616317749023
7000,mla,42,3,8,0.05984802171587944,0.06467136740684509,1.3944616317749023
7000,mla,42,3,9,0.055855609476566315,0.06668323278427124,1.3944616317749023
7000,mla,42,3,10,0.056753743439912796,0.06034427508711815,1.3944616317749023
7000,mla,42,3,11,0.04718790575861931,0.04812685772776604,1.3944616317749023
7000,mla,42,3,12,0.06169789656996727,0.0639573261141777,1.3944616317749023
7000,mla,42,3,13,0.056620482355356216,0.06354724615812302,1.3944616317749023
7000,mla,42,3,14,0.07309051603078842,0.06308524310588837,1.3944616317749023
7000,mla,42,3,15,0.07242899388074875,0.07911282777786255,1.3944616317749023
7000,mla,42,4,0,0.08108388632535934,0.0962928757071495,1.2680124044418335
7000,mla,42,4,1,0.08500529080629349,0.07619807869195938,1.2680124044418335
7000,mla,42,4,2,0.05551961436867714,0.06366231292486191,1.2680124044418335
7000,mla,42,4,3,0.08926147222518921,0.06541809439659119,1.2680124044418335
7000,mla,42,4,4,0.0683346539735794,0.06790174543857574,1.2680124044418335
7000,mla,42,4,5,0.05217539519071579,0.05664759501814842,1.2680124044418335
7000,mla,42,4,6,0.07697571069002151,0.07884982228279114,1.2680124044418335
7000,mla,42,4,7,0.058824360370635986,0.04600208252668381,1.2680124044418335
7000,mla,42,4,8,0.04397206753492355,0.046369604766368866,1.2680124044418335
7000,mla,42,4,9,0.06969746947288513,0.09754093736410141,1.2680124044418335
7000,mla,42,4,10,0.07972981780767441,0.0787821039557457,1.2680124044418335
7000,mla,42,4,11,0.05026346817612648,0.06094176694750786,1.2680124044418335
7000,mla,42,4,12,0.03701893985271454,0.039786212146282196,1.2680124044418335
7000,mla,42,4,13,0.07557719200849533,0.05565329268574715,1.2680124044418335
7000,mla,42,4,14,0.03680714964866638,0.032542429864406586,1.2680124044418335
7000,mla,42,4,15,0.039753518998622894,0.03741101548075676,1.2680124044418335
7000,mla,42,5,0,0.03899902477860451,0.043806292116642,1.5787442922592163
7000,mla,42,5,1,0.09778198599815369,0.09116946905851364,1.5787442922592163
7000,mla,42,5,2,0.048815105110406876,0.053560446947813034,1.5787442922592163
7000,mla,42,5,3,0.051281433552503586,0.051985833793878555,1.5787442922592163
7000,mla,42,5,4,0.09863708168268204,0.08476810157299042,1.5787442922592163
7000,mla,42,5,5,0.04757944867014885,0.046694036573171616,1.5787442922592163
7000,mla,42,5,6,0.04062347486615181,0.053216248750686646,1.5787442922592163
7000,mla,42,5,7,0.0663679987192154,0.060813676565885544,1.5787442922592163
7000,mla,42,5,8,0.03426472842693329,0.04622960090637207,1.5787442922592163
7000,mla,42,5,9,0.06567738950252533,0.06393755227327347,1.5787442922592163
7000,mla,42,5,10,0.05646992847323418,0.054728973656892776,1.5787442922592163
7000,mla,42,5,11,0.08819326013326645,0.08083949238061905,1.5787442922592163
7000,mla,42,5,12,0.041434019804000854,0.048880282789468765,1.5787442922592163
7000,mla,42,5,13,0.07717885076999664,0.06650814414024353,1.5787442922592163
7000,mla,42,5,14,0.07267913967370987,0.06816913932561874,1.5787442922592163
7000,mla,42,5,15,0.07401712983846664,0.08469263464212418,1.5787442922592163
7500,mla,42,1,0,0.08419209718704224,0.06738746911287308,2.0660347938537598
7500,mla,42,1,1,0.05923207476735115,0.05728468671441078,2.0660347938537598
7500,mla,42,1,2,0.06560862064361572,0.061784472316503525,2.0660347938537598
7500,mla,42,1,3,0.08321868628263474,0.07751303166151047,2.0660347938537598
7500,mla,42,1,4,0.06427113711833954,0.06373464316129684,2.0660347938537598
7500,mla,42,1,5,0.04254038631916046,0.049760814756155014,2.0660347938537598
7500,mla,42,1,6,0.04995432496070862,0.055997252464294434,2.0660347938537598
7500,mla,42,1,7,0.05852345749735832,0.060601528733968735,2.0660347938537598
7500,mla,42,1,8,0.05676716938614845,0.06150605529546738,2.0660347938537598
7500,mla,42,1,9,0.05143849551677704,0.05359162762761116,2.0660347938537598
7500,mla,42,1,10,0.05984456464648247,0.05237137898802757,2.0660347938537598
7500,mla,42,1,11,0.05638569965958595,0.05909986421465874,2.0660347938537598
7500,mla,42,1,12,0.060397543013095856,0.07700744271278381,2.0660347938537598
7500,mla,42,1,13,0.0705801397562027,0.06641578674316406,2.0660347938537598
7500,mla,42,1,14,0.0533122755587101,0.06507524102926254,2.0660347938537598
7500,mla,42,1,15,0.08373332023620605,0.07086873054504395,2.0660347938537598
7500,mla,42,2,0,0.05783945694565773,0.052797235548496246,1.7918908596038818
7500,mla,42,2,1,0.05757039412856102,0.058469224721193314,1.7918908596038818
7500,mla,42,2,2,0.0452442429959774,0.05562922731041908,1.7918908596038818
7500,mla,42,2,3,0.04868611693382263,0.047923993319272995,1.7918908596038818
7500,mla,42,2,4,0.08525797724723816,0.06818093359470367,1.7918908596038818
7500,mla,42,2,5,0.05862081050872803,0.07518942654132843,1.7918908596038818
7500,mla,42,2,6,0.06809967011213303,0.058093905448913574,1.7918908596038818
7500,mla,42,2,7,0.060772500932216644,0.05413036420941353,1.7918908596038818
7500,mla,42,2,8,0.04397867992520332,0.04355544224381447,1.7918908596038818
7500,mla,42,2,9,0.08597991615533829,0.08514788746833801,1.7918908596038818
7500,mla,42,2,10,0.052112121134996414,0.06724483519792557,1.7918908596038818
7500,mla,42,2,11,0.07217488437891006,0.07539049535989761,1.7918908596038818
7500,mla,42,2,12,0.050408121198415756,0.05548645555973053,1.7918908596038818
7500,mla,42,2,13,0.05987599864602089,0.06132792681455612,1.7918908596038818
7500,mla,42,2,14,0.08341969549655914,0.07449737936258316,1.7918908596038818
7500,mla,42,2,15,0.06995940953493118,0.06693517416715622,1.7918908596038818
7500,mla,42,3,0,0.052281901240348816,0.04225136339664459,1.3823037147521973
7500,mla,42,3,1,0.0855013057589531,0.06724019348621368,1.3823037147521973
7500,mla,42,3,2,0.0877583846449852,0.07137931883335114,1.3823037147521973
7500,mla,42,3,3,0.06405588984489441,0.07426034659147263,1.3823037147521973
7500,mla,42,3,4,0.04169626906514168,0.03761503845453262,1.3823037147521973
7500,mla,42,3,5,0.07549133151769638,0.07863970845937729,1.3823037147521973
7500,mla,42,3,6,0.048575133085250854,0.04973845183849335,1.3823037147521973
7500,mla,42,3,7,0.05921895429491997,0.06515868753194809,1.3823037147521973
7500,mla,42,3,8,0.06271596252918243,0.0682671070098877,1.3823037147521973
7500,mla,42,3,9,0.056571755558252335,0.06824249029159546,1.3823037147521973
7500,mla,42,3,10,0.05578918382525444,0.059194546192884445,1.3823037147521973
7500,mla,42,3,11,0.04672281816601753,0.049143362790346146,1.3823037147521973
7500,mla,42,3,12,0.06564798951148987,0.06814800202846527,1.3823037147521973
7500,mla,42,3,13,0.05992085859179497,0.06698285043239594,1.3823037147521973
7500,mla,42,3,14,0.07130849361419678,0.06184818223118782,1.3823037147521973
7500,mla,42,3,15,0.06674377620220184,0.07189028710126877,1.3823037147521973
7500,mla,42,4,0,0.0800686627626419,0.09344780445098877,1.2714931964874268
7500,mla,42,4,1,0.08578216284513474,0.0778668075799942,1.2714931964874268
7500,mla,42,4,2,0.05443216860294342,0.06267176568508148,1.2714931964874268
7500,mla,42,4,3,0.09173817932605743,0.06884925067424774,1.2714931964874268
7500,mla,42,4,4,0.06716328859329224,0.0674375519156456,1.2714931964874268
7500,mla,42,4,5,0.04878031462430954,0.05463723465800285,1.2714931964874268
7500,mla,42,4,6,0.07909281551837921,0.07973362505435944,1.2714931964874268
7500,mla,42,4,7,0.0576457716524601,0.04474708437919617,1.2714931964874268
7500,mla,42,4,8,0.04635976254940033,0.05156904458999634,1.2714931964874268
7500,mla,42,4,9,0.06908030062913895,0.09476105123758316,1.2714931964874268
7500,mla,42,4,10,0.0766594409942627,0.07437191903591156,1.2714931964874268
7500,mla,42,4,11,0.04921478405594826,0.06087040528655052,1.2714931964874268
7500,mla,42,4,12,0.034750163555145264,0.038159362971782684,1.2714931964874268
7500,mla,42,4,13,0.07515513151884079,0.055520784109830856,1.2714931964874268
7500,mla,42,4,14,0.042954303324222565,0.03614060580730438,1.2714931964874268
7500,mla,42,4,15,0.041122741997241974,0.03921568766236305,1.2714931964874268
7500,mla,42,5,0,0.041222330182790756,0.045543864369392395,1.5860315561294556
7500,mla,42,5,1,0.0986555963754654,0.09125994145870209,1.5860315561294556
7500,mla,42,5,2,0.0482553094625473,0.05317331477999687,1.5860315561294556
7500,mla,42,5,3,0.057223815470933914,0.05744701251387596,1.5860315561294556
7500,mla,42,5,4,0.09524688869714737,0.08098099380731583,1.5860315561294556
7500,mla,42,5,5,0.047691550105810165,0.04669703543186188,1.5860315561294556
7500,mla,42,5,6,0.04007059708237648,0.05271580070257187,1.5860315561294556
7500,mla,42,5,7,0.0591469332575798,0.05541315674781799,1.5860315561294556
7500,mla,42,5,8,0.035047709941864014,0.04640914127230644,1.5860315561294556
7500,mla,42,5,9,0.06667012721300125,0.06747788935899734,1.5860315561294556
7500,mla,42,5,10,0.05687571316957474,0.055929750204086304,1.5860315561294556
7500,mla,42,5,11,0.08656331151723862,0.07982350140810013,1.5860315561294556
7500,mla,42,5,12,0.040282897651195526,0.047748055309057236,1.5860315561294556
7500,mla,42,5,13,0.07871541380882263,0.0681343525648117,1.5860315561294556
7500,mla,42,5,14,0.07422373443841934,0.06826239824295044,1.5860315561294556
7500,mla,42,5,15,0.0741080716252327,0.08298385888338089,1.5860315561294556
8000,mla,42,1,0,0.0808861255645752,0.06555693596601486,2.0454399585723877
8000,mla,42,1,1,0.061860453337430954,0.057875849306583405,2.0454399585723877
8000,mla,42,1,2,0.0627359002828598,0.06033943220973015,2.0454399585723877
8000,mla,42,1,3,0.07851450890302658,0.07501322031021118,2.0454399585723877
8000,mla,42,1,4,0.06469482183456421,0.064973846077919,2.0454399585723877
8000,mla,42,1,5,0.03869222104549408,0.04560599848628044,2.0454399585723877
8000,mla,42,1,6,0.04681050777435303,0.05463765561580658,2.0454399585723877
8000,mla,42,1,7,0.06442606449127197,0.06245133653283119,2.0454399585723877
8000,mla,42,1,8,0.050120849162340164,0.059067241847515106,2.0454399585723877
8000,mla,42,1,9,0.06329874694347382,0.05926080793142319,2.0454399585723877
8000,mla,42,1,10,0.06169392913579941,0.053251463919878006,2.0454399585723877
8000,mla,42,1,11,0.056301575154066086,0.058181338012218475,2.0454399585723877
8000,mla,42,1,12,0.056952107697725296,0.07415125519037247,2.0454399585723877
8000,mla,42,1,13,0.07698933780193329,0.07208424061536789,2.0454399585723877
8000,mla,42,1,14,0.04948242008686066,0.0626574233174324,2.0454399585723877
8000,mla,42,1,15,0.08654042333364487,0.07489197701215744,2.0454399585723877
8000,mla,42,2,0,0.06313405185937881,0.056891001760959625,1.7992421388626099
8000,mla,42,2,1,0.052520446479320526,0.05475404113531113,1.7992421388626099
8000,mla,42,2,2,0.04590698331594467,0.05662446841597557,1.7992421388626099
8000,mla,42,2,3,0.048407696187496185,0.048731110990047455,1.7992421388626099
8000,mla,42,2,4,0.08512888848781586,0.06842223554849625,1.7992421388626099
8000,mla,42,2,5,0.06003468856215477,0.07602251321077347,1.7992421388626099
8000,mla,42,2,6,0.06925181299448013,0.0579286627471447,1.7992421388626099
8000,mla,42,2,7,0.058219097554683685,0.05062994360923767,1.7992421388626099
8000,mla,42,2,8,0.043885089457035065,0.044498261064291,1.7992421388626099
8000,mla,42,2,9,0.0856303945183754,0.08390185981988907,1.7992421388626099
8000,mla,42,2,10,0.05140950530767441,0.06622299551963806,1.7992421388626099
8000,mla,42,2,11,0.07173614203929901,0.0749242752790451,1.7992421388626099
8000,mla,42,2,12,0.050909627228975296,0.05773529037833214,1.7992421388626099
8000,mla,42,2,13,0.06258005648851395,0.06318991631269455,1.7992421388626099
8000,mla,42,2,14,0.07842519134283066,0.06910023093223572,1.7992421388626099
8000,mla,42,2,15,0.07282033562660217,0.07042313367128372,1.7992421388626099
8000,mla,42,3,0,0.05434702709317207,0.04372088238596916,1.3773196935653687
8000,mla,42,3,1,0.09056141972541809,0.07092687487602234,1.3773196935653687
8000,mla,42,3,2,0.08590077608823776,0.06958930194377899,1.3773196935653687
8000,mla,42,3,3,0.0626596063375473,0.07390367984771729,1.3773196935653687
8000,mla,42,3,4,0.03841868042945862,0.03610657528042793,1.3773196935653687
8000,mla,42,3,5,0.07060617953538895,0.07221848517656326,1.3773196935653687
8000,mla,42,3,6,0.04370727390050888,0.046523820608854294,1.3773196935653687
8000,mla,42,3,7,0.0633329227566719,0.06906484067440033,1.3773196935653687
8000,mla,42,3,8,0.05759419873356819,0.0626092180609703,1.3773196935653687
8000,mla,42,3,9,0.05835581570863724,0.06966159492731094,1.3773196935653687
8000,mla,42,3,10,0.05521972477436066,0.05990564823150635,1.3773196935653687
8000,mla,42,3,11,0.04748484119772911,0.04989684373140335,1.3773196935653687
8000,mla,42,3,12,0.06543395668268204,0.06774334609508514,1.3773196935653687
8000,mla,42,3,13,0.06216847896575928,0.06789489835500717,1.3773196935653687
8000,mla,42,3,14,0.07497884333133698,0.06517218798398972,1.3773196935653687
8000,mla,42,3,15,0.06923024356365204,0.07506165653467178,1.3773196935653687
8000,mla,42,4,0,0.0811118558049202,0.09437350928783417,1.272362470626831
8000,mla,42,4,1,0.08061899989843369,0.07203787565231323,1.272362470626831
8000,mla,42,4,2,0.05510721728205681,0.06203483045101166,1.272362470626831
8000,mla,42,4,3,0.08549387753009796,0.06267166882753372,1.272362470626831
8000,mla,42,4,4,0.06435485929250717,0.06594914942979813,1.272362470626831
8000,mla,42,4,5,0.05490865185856819,0.05951744690537453,1.272362470626831
8000,mla,42,4,6,0.07851511985063553,0.08058186620473862,1.272362470626831
8000,mla,42,4,7,0.0601012147963047,0.046838536858558655,1.272362470626831
8000,mla,42,4,8,0.04104238003492355,0.04733017459511757,1.272362470626831
8000,mla,42,4,9,0.06991414725780487,0.0952722579240799,1.272362470626831
8000,mla,42,4,10,0.07691345363855362,0.07694720476865768,1.272362470626831
8000,mla,42,4,11,0.04878031462430954,0.059823330491781235,1.272362470626831
8000,mla,42,4,12,0.041163839399814606,0.042625460773706436,1.272362470626831
8000,mla,42,4,13,0.08107595145702362,0.06023624911904335,1.272362470626831
8000,mla,42,4,14,0.04310719668865204,0.03635003790259361,1.272362470626831
8000,mla,42,4,15,0.0377909354865551,0.03741054981946945,1.272362470626831
8000,mla,42,5,0,0.03874969482421875,0.04431132227182388,1.5775142908096313
8000,mla,42,5,1,0.10048533231019974,0.09418034553527832,1.5775142908096313
8000,mla,42,5,2,0.051993612200021744,0.05657491087913513,1.5775142908096313
8000,mla,42,5,3,0.05387573316693306,0.054381705820560455,1.5775142908096313
8000,mla,42,5,4,0.09842854738235474,0.0837511196732521,1.5775142908096313
8000,mla,42,5,5,0.04496581852436066,0.044988978654146194,1.5775142908096313
8000,mla,42,5,6,0.03976379334926605,0.05281079187989235,1.5775142908096313
8000,mla,42,5,7,0.06022196635603905,0.05663403123617172,1.5775142908096313
8000,mla,42,5,8,0.035953063517808914,0.04652218893170357,1.5775142908096313
8000,mla,42,5,9,0.0661613941192627,0.0656600221991539,1.5775142908096313
8000,mla,42,5,10,0.05481252074241638,0.05378098040819168,1.5775142908096313
8000,mla,42,5,11,0.08928802609443665,0.08190429955720901,1.5775142908096313
8000,mla,42,5,12,0.04180755466222763,0.04903057590126991,1.5775142908096313
8000,mla,42,5,13,0.07768147438764572,0.06656061857938766,1.5775142908096313
8000,mla,42,5,14,0.07081146538257599,0.06544206291437149,1.5775142908096313
8000,mla,42,5,15,0.07500000298023224,0.08346603065729141,1.5775142908096313
8500,mla,42,1,0,0.0835965946316719,0.06711907684803009,2.042240858078003
8500,mla,42,1,1,0.05811198055744171,0.056534696370363235,2.042240858078003
8500,mla,42,1,2,0.06224517896771431,0.05981060117483139,2.042240858078003
8500,mla,42,1,3,0.07205475121736526,0.0707802027463913,2.042240858078003
8500,mla,42,1,4,0.06131398677825928,0.06264548748731613,2.042240858078003
8500,mla,42,1,5,0.042939454317092896,0.04980124160647392,2.042240858078003
8500,mla,42,1,6,0.05003255233168602,0.05665108934044838,2.042240858078003
8500,mla,42,1,7,0.0619436651468277,0.06310278922319412,2.042240858078003
8500,mla,42,1,8,0.059407349675893784,0.062372349202632904,2.042240858078003
8500,mla,42,1,9,0.06746653467416763,0.06219872087240219,2.042240858078003
8500,mla,42,1,10,0.06046244129538536,0.05227666720747948,2.042240858078003
8500,mla,42,1,11,0.05781056731939316,0.0594782754778862,2.042240858078003
8500,mla,42,1,12,0.0579986572265625,0.07490036636590958,2.042240858078003
8500,mla,42,1,13,0.07001393288373947,0.06619929522275925,2.042240858078003
8500,mla,42,1,14,0.048579711467027664,0.06202796846628189,2.042240858078003
8500,mla,42,1,15,0.08602264523506165,0.07410114258527756,2.042240858078003
8500,mla,42,2,0,0.061943866312503815,0.055321596562862396,1.7764575481414795
8500,mla,42,2,1,0.059160664677619934,0.058378301560878754,1.7764575481414795
8500,mla,42,2,2,0.043204955756664276,0.05477464199066162,1.7764575481414795
8500,mla,42,2,3,0.047494202852249146,0.04788412153720856,1.7764575481414795
8500,mla,42,2,4,0.08333618193864822,0.06712812930345535,1.7764575481414795
8500,mla,42,2,5,0.05950714275240898,0.0748603492975235,1.7764575481414795
8500,mla,42,2,6,0.07126118987798691,0.06008470430970192,1.7764575481414795
8500,mla,42,2,7,0.057458292692899704,0.051755741238594055,1.7764575481414795
8500,mla,42,2,8,0.04114542528986931,0.04221384972333908,1.7764575481414795
8500,mla,42,2,9,0.08136484771966934,0.07892337441444397,1.7764575481414795
8500,mla,42,2,10,0.05215820297598839,0.06873631477355957,1.7764575481414795
8500,mla,42,2,11,0.07183898985385895,0.07449160516262054,1.7764575481414795
8500,mla,42,2,12,0.05308064818382263,0.05914865434169769,1.7764575481414795
8500,mla,42,2,13,0.06305959075689316,0.06350142508745193,1.7764575481414795
8500,mla,42,2,14,0.08036478608846664,0.0719263106584549,1.7764575481414795
8500,mla,42,2,15,0.07362101227045059,0.07087096571922302,1.7764575481414795
8500,mla,42,3,0,0.05262359604239464,0.041883062571287155,1.3643524646759033
8500,mla,42,3,1,0.08730285614728928,0.0692511573433876,1.3643524646759033
8500,mla,42,3,2,0.08619730919599533,0.07052917778491974,1.3643524646759033
8500,mla,42,3,3,0.06760894507169724,0.07751390337944031,1.3643524646759033
8500,mla,42,3,4,0.04229797422885895,0.03831308335065842,1.3643524646759033
8500,mla,42,3,5,0.07378417998552322,0.07648508250713348,1.3643524646759033
8500,mla,42,3,6,0.05013427883386612,0.052161216735839844,1.3643524646759033
8500,mla,42,3,7,0.05848978832364082,0.06624878942966461,1.3643524646759033
8500,mla,42,3,8,0.05756093189120293,0.06299170106649399,1.3643524646759033
8500,mla,42,3,9,0.05777424946427345,0.06943853199481964,1.3643524646759033
8500,mla,42,3,10,0.055598143488168716,0.05884667858481407,1.3643524646759033
8500,mla,42,3,11,0.04516082629561424,0.047646600753068924,1.3643524646759033
8500,mla,42,3,12,0.06519765406847,0.0678349956870079,1.3643524646759033
8500,mla,42,3,13,0.06027425080537796,0.0665973499417305,1.3643524646759033
8500,mla,42,3,14,0.07064148038625717,0.06045760586857796,1.3643524646759033
8500,mla,42,3,15,0.06935353577136993,0.07380121201276779,1.3643524646759033
8500,mla,42,4,0,0.07934102416038513,0.09172146767377853,1.278414249420166
8500,mla,42,4,1,0.08380910009145737,0.07428847998380661,1.278414249420166
8500,mla,42,4,2,0.05275227874517441,0.060854703187942505,1.278414249420166
8500,mla,42,4,3,0.08286336064338684,0.06117390841245651,1.278414249420166
8500,mla,42,4,4,0.07041534781455994,0.06982363015413284,1.278414249420166
8500,mla,42,4,5,0.05700500309467316,0.06052670255303383,1.278414249420166
8500,mla,42,4,6,0.07804311066865921,0.07933449745178223,1.278414249420166
8500,mla,42,4,7,0.061939697712659836,0.049755729734897614,1.278414249420166
8500,mla,42,4,8,0.040756430476903915,0.046652279794216156,1.278414249420166
8500,mla,42,4,9,0.06900268793106079,0.09274715185165405,1.278414249420166
8500,mla,42,4,10,0.07845021784305573,0.07867233455181122,1.278414249420166
8500,mla,42,4,11,0.046356406062841415,0.05807514116168022,1.278414249420166
8500,mla,42,4,12,0.041814371943473816,0.04364544898271561,1.278414249420166
8500,mla,42,4,13,0.07612711936235428,0.05879458785057068,1.278414249420166
8500,mla,42,4,14,0.04062184691429138,0.034921567887067795,1.278414249420166
8500,mla,42,4,15,0.040702007710933685,0.039012424647808075,1.278414249420166
8500,mla,42,5,0,0.04088592529296875,0.045837339013814926,1.5677767992019653
8500,mla,42,5,1,0.10048472136259079,0.09400967508554459,1.5677767992019653
8500,mla,42,5,2,0.05119486525654793,0.056226469576358795,1.5677767992019653
8500,mla,42,5,3,0.05369964614510536,0.05522162839770317,1.5677767992019653
8500,mla,42,5,4,0.0962848886847496,0.08309299498796463,1.5677767992019653
8500,mla,42,5,5,0.0471598319709301,0.04610535129904747,1.5677767992019653
8500,mla,42,5,6,0.03946502506732941,0.052201882004737854,1.5677767992019653
8500,mla,42,5,7,0.06795918941497803,0.06203145161271095,1.5677767992019653
8500,mla,42,5,8,0.03613677993416786,0.04709015414118767,1.5677767992019653
8500,mla,42,5,9,0.06483083218336105,0.06445960700511932,1.5677767992019653
8500,mla,42,5,10,0.05528249219059944,0.05434327572584152,1.5677767992019653
8500,mla,42,5,11,0.08635731786489487,0.0783277302980423,1.5677767992019653
8500,mla,42,5,12,0.04079447314143181,0.048234160989522934,1.5677767992019653
8500,mla,42,5,13,0.07735849916934967,0.06512054055929184,1.5677767992019653
8500,mla,42,5,14,0.06899261474609375,0.06537781655788422,1.5677767992019653
8500,mla,42,5,15,0.07311289757490158,0.08231998234987259,1.5677767992019653
9000,mla,42,1,0,0.0843462124466896,0.06785370409488678,2.0120978355407715
9000,mla,42,1,1,0.05738820508122444,0.055949121713638306,2.0120978355407715
9000,mla,42,1,2,0.06940145045518875,0.06215040758252144,2.0120978355407715
9000,mla,42,1,3,0.07518493384122849,0.07400907576084137,2.0120978355407715
9000,mla,42,1,4,0.06150258332490921,0.06271108239889145,2.0120978355407715
9000,mla,42,1,5,0.04047597199678421,0.04755759984254837,2.0120978355407715
9000,mla,42,1,6,0.04795684665441513,0.05544388294219971,2.0120978355407715
9000,mla,42,1,7,0.05963500961661339,0.06087849289178848,2.0120978355407715
9000,mla,42,1,8,0.0592619813978672,0.06243940442800522,2.0120978355407715
9000,mla,42,1,9,0.05452972277998924,0.054294291883707047,2.0120978355407715
9000,mla,42,1,10,0.06289591640233994,0.05274871364235878,2.0120978355407715
9000,mla,42,1,11,0.060662638396024704,0.062170352786779404,2.0120978355407715
9000,mla,42,1,12,0.05911244824528694,0.07659005373716354,2.0120978355407715
9000,mla,42,1,13,0.07292337715625763,0.06940385699272156,2.0120978355407715
9000,mla,42,1,14,0.052255962044000626,0.06523527204990387,2.0120978355407715
9000,mla,42,1,15,0.0824667364358902,0.07056446373462677,2.0120978355407715
9000,mla,42,2,0,0.0601533018052578,0.054731033742427826,1.762214183807373
9000,mla,42,2,1,0.054956868290901184,0.05591963976621628,1.762214183807373
9000,mla,42,2,2,0.04452656954526901,0.05517321452498436,1.762214183807373
9000,mla,42,2,3,0.04932190105319023,0.04930320382118225,1.762214183807373
9000,mla,42,2,4,0.0839550793170929,0.06741970032453537,1.762214183807373
9000,mla,42,2,5,0.05825337767601013,0.07255127280950546,1.762214183807373
9000,mla,42,2,6,0.06791442632675171,0.05679284408688545,1.762214183807373
9000,mla,42,2,7,0.062063802033662796,0.0531221441924572,1.762214183807373
9000,mla,42,2,8,0.04052520915865898,0.04194893687963486,1.762214183807373
9000,mla,42,2,9,0.0869845598936081,0.08882422745227814,1.762214183807373
9000,mla,42,2,10,0.05007059872150421,0.06491804867982864,1.762214183807373
9000,mla,42,2,11,0.07270660251379013,0.07485374808311462,1.762214183807373
9000,mla,42,2,12,0.05098124220967293,0.05787482485175133,1.762214183807373
9000,mla,42,2,13,0.060939230024814606,0.06230372190475464,1.762214183807373
9000,mla,42,2,14,0.08166269958019257,0.07261016964912415,1.762214183807373
9000,mla,42,2,15,0.07498453557491302,0.07165325433015823,1.762214183807373
9000,mla,42,3,0,0.05488108471035957,0.044013943523168564,1.3610332012176514
9000,mla,42,3,1,0.0921764150261879,0.07369762659072876,1.3610332012176514
9000,mla,42,3,2,0.08431071043014526,0.06770343333482742,1.3610332012176514
9000,mla,42,3,3,0.06644612550735474,0.07640381902456284,1.3610332012176514
9000,mla,42,3,4,0.036940306425094604,0.0352165549993515,1.3610332012176514
9000,mla,42,3,5,0.07334360480308533,0.07480567693710327,1.3610332012176514
9000,mla,42,3,6,0.05048919841647148,0.051538869738578796,1.3610332012176514
9000,mla,42,3,7,0.05848042666912079,0.06565707176923752,1.3610332012176514
9000,mla,42,3,8,0.060264892876148224,0.06542325019836426,1.3610332012176514
9000,mla,42,3,9,0.05920888110995293,0.07233107089996338,1.3610332012176514
9000,mla,42,3,10,0.057742003351449966,0.060938816517591476,1.3610332012176514
9000,mla,42,3,11,0.04468749836087227,0.04751493036746979,1.3610332012176514
9000,mla,42,3,12,0.06302133947610855,0.06680266559123993,1.3610332012176514
9000,mla,42,3,13,0.057836100459098816,0.06330787390470505,1.3610332012176514
9000,mla,42,3,14,0.07182566076517105,0.060508035123348236,1.3610332012176514
9000,mla,42,3,15,0.06834574043750763,0.07413648068904877,1.3610332012176514
9000,mla,42,4,0,0.08053507655858994,0.09316862374544144,1.2708492279052734
9000,mla,42,4,1,0.08320047706365585,0.07335960865020752,1.2708492279052734
9000,mla,42,4,2,0.0571390800178051,0.06404092162847519,1.2708492279052734
9000,mla,42,4,3,0.08447103202342987,0.06250955909490585,1.2708492279052734
9000,mla,42,4,4,0.06866007298231125,0.06871623545885086,1.2708492279052734
9000,mla,42,4,5,0.05167785659432411,0.05635736510157585,1.2708492279052734
9000,mla,42,4,6,0.07712463289499283,0.07792617380619049,1.2708492279052734
9000,mla,42,4,7,0.0603066012263298,0.047628749161958694,1.2708492279052734
9000,mla,42,4,8,0.04266001284122467,0.048803068697452545,1.2708492279052734
9000,mla,42,4,9,0.06940307468175888,0.09495231509208679,1.2708492279052734
9000,mla,42,4,10,0.0808003768324852,0.08043022453784943,1.2708492279052734
9000,mla,42,4,11,0.04542083665728569,0.05726194381713867,1.2708492279052734
9000,mla,42,4,12,0.03779195249080658,0.040962833911180496,1.2708492279052734
9000,mla,42,4,13,0.0801316350698471,0.060707300901412964,1.2708492279052734
9000,mla,42,4,14,0.0379905179142952,0.03296961635351181,1.2708492279052734
9000,mla,42,4,15,0.042686767876148224,0.040205277502536774,1.2708492279052734
9000,mla,42,5,0,0.03960062563419342,0.04499005898833275,1.5680954456329346
9000,mla,42,5,1,0.10044454038143158,0.09393138438463211,1.5680954456329346
9000,mla,42,5,2,0.050643108785152435,0.05471483990550041,1.5680954456329346
9000,mla,42,5,3,0.05333241820335388,0.054306164383888245,1.5680954456329346
9000,mla,42,5,4,0.09712321311235428,0.0826106071472168,1.5680954456329346
9000,mla,42,5,5,0.045790813863277435,0.04546672850847244,1.5680954456329346
9000,mla,42,5,6,0.041136883199214935,0.05419157072901726,1.5680954456329346
9000,mla,42,5,7,0.06446339935064316,0.05964911729097366,1.5680954456329346
9000,mla,42,5,8,0.03500925749540329,0.04657721146941185,1.5680954456329346
9000,mla,42,5,9,0.06642557680606842,0.06531086564064026,1.5680954456329346
9000,mla,42,5,10,0.05461303889751434,0.05332676321268082,1.5680954456329346
9000,mla,42,5,11,0.08803609013557434,0.08074621111154556,1.5680954456329346
9000,mla,42,5,12,0.0404885858297348,0.04837561026215553,1.5680954456329346
9000,mla,42,5,13,0.07790995389223099,0.06532592326402664,1.5680954456329346
9000,mla,42,5,14,0.07111196219921112,0.06693393737077713,1.5680954456329346
9000,mla,42,5,15,0.07387054711580276,0.08354303985834122,1.5680954456329346
9500,mla,42,1,0,0.08196116238832474,0.06626378744840622,2.0029525756835938
9500,mla,42,1,1,0.06248128414154053,0.05805105343461037,2.0029525756835938
9500,mla,42,1,2,0.0700518786907196,0.06251328438520432,2.0029525756835938
9500,mla,42,1,3,0.07383625954389572,0.07259267568588257,2.0029525756835938
9500,mla,42,1,4,0.06138814240694046,0.06310031563043594,2.0029525756835938
9500,mla,42,1,5,0.040633950382471085,0.04792739078402519,2.0029525756835938
9500,mla,42,1,6,0.04646860808134079,0.053813252598047256,2.0029525756835938
9500,mla,42,1,7,0.06475992500782013,0.06446950882673264,2.0029525756835938
9500,mla,42,1,8,0.053875427693128586,0.061139870434999466,2.0029525756835938
9500,mla,42,1,9,0.06205332279205322,0.05866708233952522,2.0029525756835938
9500,mla,42,1,10,0.062368977814912796,0.05379626527428627,2.0029525756835938
9500,mla,42,1,11,0.05958963930606842,0.06088634580373764,2.0029525756835938
9500,mla,42,1,12,0.058436278253793716,0.07618642598390579,2.0029525756835938
9500,mla,42,1,13,0.06996755301952362,0.06725072115659714,2.0029525756835938
9500,mla,42,1,14,0.04918151721358299,0.06188772991299629,2.0029525756835938
9500,mla,42,1,15,0.0829460620880127,0.0714542493224144,2.0029525756835938
9500,mla,42,2,0,0.06101735308766365,0.05508467182517052,1.7604318857192993
9500,mla,42,2,1,0.05692128464579582,0.05740498751401901,1.7604318857192993
9500,mla,42,2,2,0.042154133319854736,0.05490294098854065,1.7604318857192993
9500,mla,42,2,3,0.0477091483771801,0.048093266785144806,1.7604318857192993
9500,mla,42,2,4,0.08067881315946579,0.06421629339456558,1.7604318857192993
9500,mla,42,2,5,0.05798583850264549,0.07316219061613083,1.7604318857192993
9500,mla,42,2,6,0.07442240417003632,0.06149197369813919,1.7604318857192993
9500,mla,42,2,7,0.06024719402194023,0.05387409031391144,1.7604318857192993
9500,mla,42,2,8,0.04355479031801224,0.044332969933748245,1.7604318857192993
9500,mla,42,2,9,0.08660613745450974,0.0885351225733757,1.7604318857192993
9500,mla,42,2,10,0.049333393573760986,0.06566940248012543,1.7604318857192993
9500,mla,42,2,11,0.06958384066820145,0.07046820968389511,1.7604318857192993
9500,mla,42,2,12,0.05674692615866661,0.06053190305829048,1.7604318857192993
9500,mla,42,2,13,0.05778248980641365,0.05952316150069237,1.7604318857192993
9500,mla,42,2,14,0.08029703795909882,0.07149601727724075,1.7604318857192993
9500,mla,42,2,15,0.07495921105146408,0.07121264189481735,1.7604318857192993
9500,mla,42,3,0,0.053418681025505066,0.04278368502855301,1.3577793836593628
9500,mla,42,3,1,0.09079203009605408,0.0736718699336052,1.3577793836593628
9500,mla,42,3,2,0.08291900902986526,0.06566762179136276,1.3577793836593628
9500,mla,42,3,3,0.06404673308134079,0.07379776239395142,1.3577793836593628
9500,mla,42,3,4,0.041580505669116974,0.03844934329390526,1.3577793836593628
9500,mla,42,3,5,0.07367940247058868,0.075164295732975,1.3577793836593628
9500,mla,42,3,6,0.04869181290268898,0.050613224506378174,1.3577793836593628
9500,mla,42,3,7,0.05758046358823776,0.06518732756376266,1.3577793836593628
9500,mla,42,3,8,0.0589376837015152,0.0646033063530922,1.3577793836593628
9500,mla,42,3,9,0.0573234036564827,0.06874916702508926,1.3577793836593628
9500,mla,42,3,10,0.0572388730943203,0.06148820370435715,1.3577793836593628
9500,mla,42,3,11,0.04689402133226395,0.04831450432538986,1.3577793836593628
9500,mla,42,3,12,0.06556935608386993,0.06896474212408066,1.3577793836593628
9500,mla,42,3,13,0.058259785175323486,0.0643465593457222,1.3577793836593628
9500,mla,42,3,14,0.07461965084075928,0.06409090012311935,1.3577793836593628
9500,mla,42,3,15,0.06844858825206757,0.07410753518342972,1.3577793836593628
9500,mla,42,4,0,0.08021189272403717,0.09257487952709198,1.2690106630325317
9500,mla,42,4,1,0.08118357509374619,0.0734587237238884,1.2690106630325317
9500,mla,42,4,2,0.05604848265647888,0.06515932083129883,1.2690106630325317
9500,mla,42,4,3,0.08929931372404099,0.0659957230091095,1.2690106630325317
9500,mla,42,4,4,0.06773508340120316,0.06774652004241943,1.2690106630325317
9500,mla,42,4,5,0.050307005643844604,0.05551355332136154,1.2690106630325317
9500,mla,42,4,6,0.07576436549425125,0.07808277010917664,1.2690106630325317
9500,mla,42,4,7,0.05909780040383339,0.04696901887655258,1.2690106630325317
9500,mla,42,4,8,0.04417236149311066,0.049931857734918594,1.2690106630325317
9500,mla,42,4,9,0.06897084414958954,0.09338314086198807,1.2690106630325317
9500,mla,42,4,10,0.07998087257146835,0.07873620837926865,1.2690106630325317
9500,mla,42,4,11,0.04867950454354286,0.058945491909980774,1.2690106630325317
9500,mla,42,4,12,0.036528319120407104,0.03992637246847153,1.2690106630325317
9500,mla,42,4,13,0.07943318784236908,0.05925571545958519,1.2690106630325317
9500,mla,42,4,14,0.04273061081767082,0.035396624356508255,1.2690106630325317
9500,mla,42,4,15,0.039856769144535065,0.03892402723431587,1.2690106630325317
9500,mla,42,5,0,0.03809936344623566,0.04169983044266701,1.5637764930725098
9500,mla,42,5,1,0.10163523256778717,0.0942472591996193,1.5637764930725098
9500,mla,42,5,2,0.05159851163625717,0.056571949273347855,1.5637764930725098
9500,mla,42,5,3,0.052114054560661316,0.05388615280389786,1.5637764930725098
9500,mla,42,5,4,0.09670501947402954,0.08200431615114212,1.5637764930725098
9500,mla,42,5,5,0.0474935919046402,0.04572559520602226,1.5637764930725098
9500,mla,42,5,6,0.041500650346279144,0.0543881356716156,1.5637764930725098
9500,mla,42,5,7,0.06218363344669342,0.05760907381772995,1.5637764930725098
9500,mla,42,5,8,0.0353616327047348,0.04772466421127319,1.5637764930725098
9500,mla,42,5,9,0.06573232263326645,0.06487730890512466,1.5637764930725098
9500,mla,42,5,10,0.05463297665119171,0.05391551926732063,1.5637764930725098
9500,mla,42,5,11,0.08844859153032303,0.08206549286842346,1.5637764930725098
9500,mla,42,5,12,0.040598753839731216,0.04839217662811279,1.5637764930725098
9500,mla,42,5,13,0.08227040618658066,0.07041694223880768,1.5637764930725098
9500,mla,42,5,14,0.06942830234766006,0.06534259766340256,1.5637764930725098
9500,mla,42,5,15,0.07219696044921875,0.0811331495642662,1.5637764930725098
10000,mla,42,1,0,0.08149434626102448,0.06648221611976624,2.0006802082061768
10000,mla,42,1,1,0.0640786737203598,0.06027156114578247,2.0006802082061768
10000,mla,42,1,2,0.06601358950138092,0.06095389649271965,2.0006802082061768
10000,mla,42,1,3,0.07428914308547974,0.07241485267877579,2.0006802082061768
10000,mla,42,1,4,0.061247967183589935,0.062110066413879395,2.0006802082061768
10000,mla,42,1,5,0.038413189351558685,0.0458080880343914,2.0006802082061768
10000,mla,42,1,6,0.0504404716193676,0.057129740715026855,2.0006802082061768
10000,mla,42,1,7,0.05762298405170441,0.059977803379297256,2.0006802082061768
10000,mla,42,1,8,0.059875283390283585,0.06397535651922226,2.0006802082061768
10000,mla,42,1,9,0.05922434478998184,0.056895896792411804,2.0006802082061768
10000,mla,42,1,10,0.05807790160179138,0.05072363466024399,2.0006802082061768
10000,mla,42,1,11,0.062141213566064835,0.06244412809610367,2.0006802082061768
10000,mla,42,1,12,0.05867625027894974,0.07578716427087784,2.0006802082061768
10000,mla,42,1,13,0.07327239960432053,0.06977817416191101,2.0006802082061768
10000,mla,42,1,14,0.050647176802158356,0.06247293949127197,2.0006802082061768
10000,mla,42,1,15,0.08448506891727448,0.07277446240186691,2.0006802082061768
10000,mla,42,2,0,0.059012554585933685,0.05362098664045334,1.7488993406295776
10000,mla,42,2,1,0.056499022990465164,0.05789734423160553,1.7488993406295776
10000,mla,42,2,2,0.045813802629709244,0.057150498032569885,1.7488993406295776
10000,mla,42,2,3,0.04587921127676964,0.04706970974802971,1.7488993406295776
10000,mla,42,2,4,0.08618123084306717,0.06899602711200714,1.7488993406295776
10000,mla,42,2,5,0.05823659151792526,0.07405027747154236,1.7488993406295776
10000,mla,42,2,6,0.06967112421989441,0.057841941714286804,1.7488993406295776
10000,mla,42,2,7,0.05956563353538513,0.05293652415275574,1.7488993406295776
10000,mla,42,2,8,0.04228027164936066,0.04339080676436424,1.7488993406295776
10000,mla,42,2,9,0.08372589200735092,0.083282470703125,1.7488993406295776
10000,mla,42,2,10,0.049906108528375626,0.06579002737998962,1.7488993406295776
10000,mla,42,2,11,0.06984660029411316,0.07196930050849915,1.7488993406295776
10000,mla,42,2,12,0.056055907160043716,0.059762414544820786,1.7488993406295776
10000,mla,42,2,13,0.06207071989774704,0.06321176141500473,1.7488993406295776
10000,mla,42,2,14,0.08248352259397507,0.07288152724504471,1.7488993406295776
10000,mla,42,2,15,0.07277180999517441,0.07014819234609604,1.7488993406295776
10000,mla,42,3,0,0.05284423753619194,0.04209022969007492,1.3425871133804321
10000,mla,42,3,1,0.08778686821460724,0.06945758312940598,1.3425871133804321
10000,mla,42,3,2,0.08829030394554138,0.07059182226657867,1.3425871133804321
10000,mla,42,3,3,0.06321614235639572,0.07257914543151855,1.3425871133804321
10000,mla,42,3,4,0.045409344136714935,0.04024159908294678,1.3425871133804321
10000,mla,42,3,5,0.07307912409305573,0.07557693123817444,1.3425871133804321
10000,mla,42,3,6,0.044326476752758026,0.046780236065387726,1.3425871133804321
10000,mla,42,3,7,0.05896443501114845,0.06755630671977997,1.3425871133804321
10000,mla,42,3,8,0.059916991740465164,0.06583662331104279,1.3425871133804321
10000,mla,42,3,9,0.05973001942038536,0.07191964983940125,1.3425871133804321
10000,mla,42,3,10,0.05486399307847023,0.05850491672754288,1.3425871133804321
10000,mla,42,3,11,0.04447387531399727,0.046422626823186874,1.3425871133804321
10000,mla,42,3,12,0.06701497733592987,0.07077294588088989,1.3425871133804321
10000,mla,42,3,13,0.05628102645277977,0.062020957469940186,1.3425871133804321
10000,mla,42,3,14,0.0736127719283104,0.06360320746898651,1.3425871133804321
10000,mla,42,3,15,0.07018940895795822,0.07604513317346573,1.3425871133804321
10000,mla,42,4,0,0.07820770144462585,0.0892963781952858,1.2692265510559082
10000,mla,42,4,1,0.08239796757698059,0.07404717057943344,1.2692265510559082
10000,mla,42,4,2,0.0533561185002327,0.06290978193283081,1.2692265510559082
10000,mla,42,4,3,0.08885833621025085,0.06549140065908432,1.2692265510559082
10000,mla,42,4,4,0.07014841586351395,0.0700441375374794,1.2692265510559082
10000,mla,42,4,5,0.05055145174264908,0.055575668811798096,1.2692265510559082
10000,mla,42,4,6,0.07655853033065796,0.07817017287015915,1.2692265510559082
10000,mla,42,4,7,0.060281574726104736,0.04839307814836502,1.2692265510559082
10000,mla,42,4,8,0.04035196825861931,0.047372084110975266,1.2692265510559082
10000,mla,42,4,9,0.06886016577482224,0.09317270666360855,1.2692265510559082
10000,mla,42,4,10,0.07900838553905487,0.07847367227077484,1.2692265510559082
10000,mla,42,4,11,0.04894877225160599,0.059275537729263306,1.2692265510559082
10000,mla,42,4,12,0.037672627717256546,0.04073796793818474,1.2692265510559082
10000,mla,42,4,13,0.07849059998989105,0.06022785231471062,1.2692265510559082
10000,mla,42,4,14,0.04286041110754013,0.03537018224596977,1.2692265510559082
10000,mla,42,4,15,0.04344696179032326,0.04144207760691643,1.2692265510559082
10000,mla,42,5,0,0.040624186396598816,0.04418337345123291,1.5603870153427124
10000,mla,42,5,1,0.09942128509283066,0.09218311309814453,1.5603870153427124
10000,mla,42,5,2,0.05003112927079201,0.054362449795007706,1.5603870153427124
10000,mla,42,5,3,0.05246642976999283,0.054279424250125885,1.5603870153427124
10000,mla,42,5,4,0.09734130650758743,0.08355267345905304,1.5603870153427124
10000,mla,42,5,5,0.046925049275159836,0.04642162099480629,1.5603870153427124
10000,mla,42,5,6,0.041925862431526184,0.05479064956307411,1.5603870153427124
10000,mla,42,5,7,0.0628548189997673,0.058134257793426514,1.5603870153427124
10000,mla,42,5,8,0.03596506640315056,0.04753520339727402,1.5603870153427124
10000,mla,42,5,9,0.06754526495933533,0.06539535522460938,1.5603870153427124
10000,mla,42,5,10,0.053461506962776184,0.052681587636470795,1.5603870153427124
10000,mla,42,5,11,0.08909149467945099,0.0824245736002922,1.5603870153427124
10000,mla,42,5,12,0.038120727986097336,0.04611393064260483,1.5603870153427124
10000,mla,42,5,13,0.07878560572862625,0.06760671734809875,1.5603870153427124
10000,mla,42,5,14,0.07168222963809967,0.0672563686966896,1.5603870153427124
10000,mla,42,5,15,0.07375803589820862,0.0830787792801857,1.5603870153427124
10500,mla,42,1,0,0.0823955312371254,0.06720180064439774,1.9845023155212402
10500,mla,42,1,1,0.0630384311079979,0.05913221463561058,1.9845023155212402
10500,mla,42,1,2,0.06896443665027618,0.0628402829170227,1.9845023155212402
10500,mla,42,1,3,0.07957489043474197,0.07578913122415543,1.9845023155212402
10500,mla,42,1,4,0.06685170531272888,0.06532501429319382,1.9845023155212402
10500,mla,42,1,5,0.039321187883615494,0.045810800045728683,1.9845023155212402
10500,mla,42,1,6,0.05275522917509079,0.05848545581102371,1.9845023155212402
10500,mla,42,1,7,0.05492106080055237,0.05882641300559044,1.9845023155212402
10500,mla,42,1,8,0.05579793453216553,0.06165578216314316,1.9845023155212402
10500,mla,42,1,9,0.06209828704595566,0.05882455036044121,1.9845023155212402
10500,mla,42,1,10,0.05943847820162773,0.05137253925204277,1.9845023155212402
10500,mla,42,1,11,0.05481140315532684,0.0583939366042614,1.9845023155212402
10500,mla,42,1,12,0.059850260615348816,0.07763318717479706,1.9845023155212402
10500,mla,42,1,13,0.06824218481779099,0.06588010489940643,1.9845023155212402
10500,mla,42,1,14,0.05042114108800888,0.06253072619438171,1.9845023155212402
10500,mla,42,1,15,0.08151784539222717,0.07029815018177032,1.9845023155212402
10500,mla,42,2,0,0.06060241535305977,0.05532494932413101,1.755241870880127
10500,mla,42,2,1,0.058018188923597336,0.05923505127429962,1.755241870880127
10500,mla,42,2,2,0.04366566985845566,0.055654264986515045,1.755241870880127
10500,mla,42,2,3,0.040934447199106216,0.043543554842472076,1.755241870880127
10500,mla,42,2,4,0.08619283139705658,0.06886845082044601,1.755241870880127
10500,mla,42,2,5,0.05937612056732178,0.07498634606599808,1.755241870880127
10500,mla,42,2,6,0.07093922793865204,0.058948975056409836,1.755241870880127
10500,mla,42,2,7,0.06073364242911339,0.05384793132543564,1.755241870880127
10500,mla,42,2,8,0.04198242351412773,0.04347747191786766,1.755241870880127
10500,mla,42,2,9,0.08608164638280869,0.08620670437812805,1.755241870880127
10500,mla,42,2,10,0.04827992618083954,0.06357360631227493,1.755241870880127
10500,mla,42,2,11,0.07119018584489822,0.07271330803632736,1.755241870880127
10500,mla,42,2,12,0.05739074572920799,0.06113153323531151,1.755241870880127
10500,mla,42,2,13,0.06058908998966217,0.06075860932469368,1.755241870880127
10500,mla,42,2,14,0.08088867366313934,0.07139234244823456,1.755241870880127
10500,mla,42,2,15,0.07313476502895355,0.07033689320087433,1.755241870880127
10500,mla,42,3,0,0.053979188203811646,0.04289780929684639,1.3398510217666626
10500,mla,42,3,1,0.0891767367720604,0.07236643880605698,1.3398510217666626
10500,mla,42,3,2,0.08870992064476013,0.07093212753534317,1.3398510217666626
10500,mla,42,3,3,0.06466227024793625,0.07469642907381058,1.3398510217666626
10500,mla,42,3,4,0.038952331990003586,0.03649725019931793,1.3398510217666626
10500,mla,42,3,5,0.07365671545267105,0.07845060527324677,1.3398510217666626
10500,mla,42,3,6,0.04925882816314697,0.050758276134729385,1.3398510217666626
10500,mla,42,3,7,0.05871520936489105,0.06664592027664185,1.3398510217666626
10500,mla,42,3,8,0.05816090852022171,0.06379206478595734,1.3398510217666626
10500,mla,42,3,9,0.058615416288375854,0.07065403461456299,1.3398510217666626
10500,mla,42,3,10,0.05493662506341934,0.058052096515893936,1.3398510217666626
10500,mla,42,3,11,0.04536855220794678,0.04661314934492111,1.3398510217666626
10500,mla,42,3,12,0.06607981026172638,0.06911469995975494,1.3398510217666626
10500,mla,42,3,13,0.056832171976566315,0.06244233623147011,1.3398510217666626
10500,mla,42,3,14,0.07460235804319382,0.06272329390048981,1.3398510217666626
10500,mla,42,3,15,0.06829294562339783,0.07336338609457016,1.3398510217666626
10500,mla,42,4,0,0.07978302240371704,0.09165196120738983,1.2741029262542725
10500,mla,42,4,1,0.08340036869049072,0.07555609196424484,1.2741029262542725
10500,mla,42,4,2,0.05587097257375717,0.06314243376255035,1.2741029262542725
10500,mla,42,4,3,0.08646351844072342,0.06370406597852707,1.2741029262542725
10500,mla,42,4,4,0.06851308047771454,0.06862562894821167,1.2741029262542725
10500,mla,42,4,5,0.05031941831111908,0.056409936398267746,1.2741029262542725
10500,mla,42,4,6,0.07650116086006165,0.07746152579784393,1.2741029262542725
10500,mla,42,4,7,0.0603281669318676,0.047157566994428635,1.2741029262542725
10500,mla,42,4,8,0.04499471187591553,0.051130980253219604,1.2741029262542725
10500,mla,42,4,9,0.06903747469186783,0.09426231682300568,1.2741029262542725
10500,mla,42,4,10,0.07987549155950546,0.0785149559378624,1.2741029262542725
10500,mla,42,4,11,0.04865478351712227,0.05920194089412689,1.2741029262542725
10500,mla,42,4,12,0.03537150099873543,0.03949623927474022,1.2741029262542725
10500,mla,42,4,13,0.07723277062177658,0.05853624269366264,1.2741029262542725
10500,mla,42,4,14,0.04330657795071602,0.0360775925219059,1.2741029262542725
10500,mla,42,4,15,0.040346983820199966,0.039070550352334976,1.2741029262542725
10500,mla,42,5,0,0.03920328617095947,0.04501722380518913,1.5636701583862305
10500,mla,42,5,1,0.09904642403125763,0.09217426925897598,1.5636701583862305
10500,mla,42,5,2,0.04944569990038872,0.0547061525285244,1.5636701583862305
10500,mla,42,5,3,0.055092569440603256,0.05579322203993797,1.5636701583862305
10500,mla,42,5,4,0.09765991568565369,0.08343395590782166,1.5636701583862305
10500,mla,42,5,5,0.04701181873679161,0.04555199295282364,1.5636701583862305
10500,mla,42,5,6,0.039550576359033585,0.0522492378950119,1.5636701583862305
10500,mla,42,5,7,0.06264414638280869,0.05820884183049202,1.5636701583862305
10500,mla,42,5,8,0.03495930880308151,0.04686572775244713,1.5636701583862305
10500,mla,42,5,9,0.06715230643749237,0.06400123983621597,1.5636701583862305
10500,mla,42,5,10,0.05387736111879349,0.05337715148925781,1.5636701583862305
10500,mla,42,5,11,0.08980844914913177,0.08288416266441345,1.5636701583862305
10500,mla,42,5,12,0.039405517280101776,0.04703083634376526,1.5636701583862305
10500,mla,42,5,13,0.07967162877321243,0.0677192360162735,1.5636701583862305
10500,mla,42,5,14,0.06977427005767822,0.06563093513250351,1.5636701583862305
10500,mla,42,5,15,0.07569671422243118,0.08535602688789368,1.5636701583862305
11000,mla,42,1,0,0.08183522522449493,0.06692681461572647,1.977445125579834
11000,mla,42,1,1,0.06345590949058533,0.059382665902376175,1.977445125579834
11000,mla,42,1,2,0.0647716298699379,0.059971872717142105,1.977445125579834
11000,mla,42,1,3,0.07069732993841171,0.07079467177391052,1.977445125579834
11000,mla,42,1,4,0.06186828762292862,0.061974383890628815,1.977445125579834
11000,mla,42,1,5,0.03633209317922592,0.04467419907450676,1.977445125579834
11000,mla,42,1,6,0.05879201367497444,0.061918988823890686,1.977445125579834
11000,mla,42,1,7,0.06567566096782684,0.06484673917293549,1.977445125579834
11000,mla,42,1,8,0.05343210697174072,0.06003229692578316,1.977445125579834
11000,mla,42,1,9,0.06102447584271431,0.05790522322058678,1.977445125579834
11000,mla,42,1,10,0.061559345573186874,0.05162391811609268,1.977445125579834
11000,mla,42,1,11,0.0548604317009449,0.058866456151008606,1.977445125579834
11000,mla,42,1,12,0.0605887845158577,0.077659972012043,1.977445125579834
11000,mla,42,1,13,0.06840108335018158,0.06518285721540451,1.977445125579834
11000,mla,42,1,14,0.05132110416889191,0.0640670508146286,1.977445125579834
11000,mla,42,1,15,0.08538451790809631,0.07417184114456177,1.977445125579834
11000,mla,42,2,0,0.060514118522405624,0.054931461811065674,1.7366801500320435
11000,mla,42,2,1,0.05776265636086464,0.05849543958902359,1.7366801500320435
11000,mla,42,2,2,0.044291991740465164,0.05610084533691406,1.7366801500320435
11000,mla,42,2,3,0.04442393034696579,0.04585397243499756,1.7366801500320435
11000,mla,42,2,4,0.0845787525177002,0.06732156127691269,1.7366801500320435
11000,mla,42,2,5,0.058552246540784836,0.07355125993490219,1.7366801500320435
11000,mla,42,2,6,0.0689348354935646,0.05766059830784798,1.7366801500320435
11000,mla,42,2,7,0.06118682771921158,0.053164057433605194,1.7366801500320435
11000,mla,42,2,8,0.04046447575092316,0.0426160991191864,1.7366801500320435
11000,mla,42,2,9,0.08517659455537796,0.08519813418388367,1.7366801500320435
11000,mla,42,2,10,0.04882293567061424,0.06408316642045975,1.7366801500320435
11000,mla,42,2,11,0.07107330113649368,0.07215730100870132,1.7366801500320435
11000,mla,42,2,12,0.05445282161235809,0.05901468172669411,1.7366801500320435
11000,mla,42,2,13,0.0631154403090477,0.06525185704231262,1.7366801500320435
11000,mla,42,2,14,0.0818493664264679,0.0727253258228302,1.7366801500320435
11000,mla,42,2,15,0.07479970157146454,0.0718742087483406,1.7366801500320435
11000,mla,42,3,0,0.05338867008686066,0.04207681491971016,1.3420861959457397
11000,mla,42,3,1,0.0866621881723404,0.07141414284706116,1.3420861959457397
11000,mla,42,3,2,0.08505859225988388,0.06768015772104263,1.3420861959457397
11000,mla,42,3,3,0.0652167797088623,0.07503192871809006,1.3420861959457397
11000,mla,42,3,4,0.03892140835523605,0.03614962100982666,1.3420861959457397
11000,mla,42,3,5,0.07362935692071915,0.07590708136558533,1.3420861959457397
11000,mla,42,3,6,0.04786234721541405,0.04952424019575119,1.3420861959457397
11000,mla,42,3,7,0.059176839888095856,0.0672743022441864,1.3420861959457397
11000,mla,42,3,8,0.06140746921300888,0.06749865412712097,1.3420861959457397
11000,mla,42,3,9,0.058030497282743454,0.06929752230644226,1.3420861959457397
11000,mla,42,3,10,0.05727773159742355,0.0606226846575737,1.3420861959457397
11000,mla,42,3,11,0.04793151840567589,0.04807247966527939,1.3420861959457397
11000,mla,42,3,12,0.06630299985408783,0.06967896223068237,1.3420861959457397
11000,mla,42,3,13,0.05834899842739105,0.06476296484470367,1.3420861959457397
11000,mla,42,3,14,0.07296010106801987,0.06261154264211655,1.3420861959457397
11000,mla,42,3,15,0.06782450526952744,0.07239693403244019,1.3420861959457397
11000,mla,42,4,0,0.08014994114637375,0.0916106253862381,1.2674471139907837
11000,mla,42,4,1,0.08236847072839737,0.07435040920972824,1.2674471139907837
11000,mla,42,4,2,0.058878276497125626,0.06653575599193573,1.2674471139907837
11000,mla,42,4,3,0.0876413956284523,0.06460891664028168,1.2674471139907837
11000,mla,42,4,4,0.07007680088281631,0.0693432167172432,1.2674471139907837
11000,mla,42,4,5,0.04785247892141342,0.0543510802090168,1.2674471139907837
11000,mla,42,4,6,0.07883331179618835,0.08015504479408264,1.2674471139907837
11000,mla,42,4,7,0.05913340300321579,0.04613921791315079,1.2674471139907837
11000,mla,42,4,8,0.043031107634305954,0.04844729229807854,1.2674471139907837
11000,mla,42,4,9,0.06922180205583572,0.09415910392999649,1.2674471139907837
11000,mla,42,4,10,0.08151204138994217,0.080584317445755,1.2674471139907837
11000,mla,42,4,11,0.050148315727710724,0.06018175929784775,1.2674471139907837
11000,mla,42,4,12,0.03753214702010155,0.040173761546611786,1.2674471139907837
11000,mla,42,4,13,0.0777645856142044,0.059098001569509506,1.2674471139907837
11000,mla,42,4,14,0.036237284541130066,0.03154515102505684,1.2674471139907837
11000,mla,42,4,15,0.039618633687496185,0.0387163870036602,1.2674471139907837
11000,mla,42,5,0,0.04024200513958931,0.044511426240205765,1.550148606300354
11000,mla,42,5,1,0.10059326142072678,0.0935363695025444,1.550148606300354
11000,mla,42,5,2,0.048003945499658585,0.05330496281385422,1.550148606300354
11000,mla,42,5,3,0.05299723148345947,0.055096715688705444,1.550148606300354
11000,mla,42,5,4,0.09634175896644592,0.08135692775249481,1.550148606300354
11000,mla,42,5,5,0.04821960628032684,0.04659649357199669,1.550148606300354
11000,mla,42,5,6,0.03807444125413895,0.05194897949695587,1.550148606300354
11000,mla,42,5,7,0.06337311118841171,0.05832785367965698,1.550148606300354
11000,mla,42,5,8,0.035397645086050034,0.046985551714897156,1.550148606300354
11000,mla,42,5,9,0.06732147186994553,0.06524321436882019,1.550148606300354
11000,mla,42,5,10,0.05537048354744911,0.054581813514232635,1.550148606300354
11000,mla,42,5,11,0.08882659673690796,0.08315234631299973,1.550148606300354
11000,mla,42,5,12,0.03979441151022911,0.04759451374411583,1.550148606300354
11000,mla,42,5,13,0.07855397462844849,0.06699035316705704,1.550148606300354
11000,mla,42,5,14,0.07462432980537415,0.06961674243211746,1.550148606300354
11000,mla,42,5,15,0.07226572930812836,0.08115572482347488,1.550148606300354
11500,mla,42,1,0,0.08170989900827408,0.0674636960029602,1.968407392501831
11500,mla,42,1,1,0.06697509437799454,0.06139683350920677,1.968407392501831
11500,mla,42,1,2,0.06256622076034546,0.05888247862458229,1.968407392501831
11500,mla,42,1,3,0.07536204159259796,0.0733281821012497,1.968407392501831
11500,mla,42,1,4,0.0647830218076706,0.06467016041278839,1.968407392501831
11500,mla,42,1,5,0.03828521817922592,0.0458553321659565,1.968407392501831
11500,mla,42,1,6,0.0493660494685173,0.055689189583063126,1.968407392501831
11500,mla,42,1,7,0.061844177544116974,0.06268075108528137,1.968407392501831
11500,mla,42,1,8,0.058848775923252106,0.062459442764520645,1.968407392501831
11500,mla,42,1,9,0.05912821367383003,0.057202547788619995,1.968407392501831
11500,mla,42,1,10,0.0638033077120781,0.05308914929628372,1.968407392501831
11500,mla,42,1,11,0.05972137302160263,0.061795350164175034,1.968407392501831
11500,mla,42,1,12,0.05712626129388809,0.0745558887720108,1.968407392501831
11500,mla,42,1,13,0.06694264709949493,0.06463676691055298,1.968407392501831
11500,mla,42,1,14,0.04900003969669342,0.06298346072435379,1.968407392501831
11500,mla,42,1,15,0.08453765511512756,0.07331082969903946,1.968407392501831
11500,mla,42,2,0,0.0659598782658577,0.05920978635549545,1.7405009269714355
11500,mla,42,2,1,0.05547719448804855,0.05684272199869156,1.7405009269714355
11500,mla,42,2,2,0.04613403230905533,0.057783592492341995,1.7405009269714355
11500,mla,42,2,3,0.04491424560546875,0.0471637099981308,1.7405009269714355
11500,mla,42,2,4,0.08180256932973862,0.06559666246175766,1.7405009269714355
11500,mla,42,2,5,0.0588359571993351,0.07314255833625793,1.7405009269714355
11500,mla,42,2,6,0.07021952420473099,0.059171341359615326,1.7405009269714355
11500,mla,42,2,7,0.05998647212982178,0.05232447013258934,1.7405009269714355
11500,mla,42,2,8,0.04109598696231842,0.043474093079566956,1.7405009269714355
11500,mla,42,2,9,0.0851026400923729,0.08559437841176987,1.7405009269714355
11500,mla,42,2,10,0.046853840351104736,0.06315749138593674,1.7405009269714355
11500,mla,42,2,11,0.0709133893251419,0.07283718883991241,1.7405009269714355
11500,mla,42,2,12,0.057510070502758026,0.06169935688376427,1.7405009269714355
11500,mla,42,2,13,0.06006306782364845,0.06085588410496712,1.7405009269714355
11500,mla,42,2,14,0.08230610936880112,0.07209136337041855,1.7405009269714355
11500,mla,42,2,15,0.07282501459121704,0.06905540078878403,1.7405009269714355
11500,mla,42,3,0,0.05336110293865204,0.04237765073776245,1.3358032703399658
11500,mla,42,3,1,0.09298990666866302,0.0730670839548111,1.3358032703399658
11500,mla,42,3,2,0.08685414493083954,0.07011346518993378,1.3358032703399658
11500,mla,42,3,3,0.06450205296278,0.07359691709280014,1.3358032703399658
11500,mla,42,3,4,0.03812886402010918,0.035952381789684296,1.3358032703399658
11500,mla,42,3,5,0.0728226751089096,0.07535652071237564,1.3358032703399658
11500,mla,42,3,6,0.048156432807445526,0.049808893352746964,1.3358032703399658
11500,mla,42,3,7,0.05824320390820503,0.06734926998615265,1.3358032703399658
11500,mla,42,3,8,0.05927286669611931,0.06443975120782852,1.3358032703399658
11500,mla,42,3,9,0.05920827388763428,0.0716652199625969,1.3358032703399658
11500,mla,42,3,10,0.05387837812304497,0.05806315690279007,1.3358032703399658
11500,mla,42,3,11,0.04244934022426605,0.04583358392119408,1.3358032703399658
11500,mla,42,3,12,0.06525512784719467,0.06862425804138184,1.3358032703399658
11500,mla,42,3,13,0.05926045775413513,0.06472282111644745,1.3358032703399658
11500,mla,42,3,14,0.07706522941589355,0.06594201922416687,1.3358032703399658
11500,mla,42,3,15,0.0685519427061081,0.0730869323015213,1.3358032703399658
11500,mla,42,4,0,0.08033691346645355,0.09121108800172806,1.2719616889953613
11500,mla,42,4,1,0.08275166898965836,0.074642613530159,1.2719616889953613
11500,mla,42,4,2,0.05591949447989464,0.06301219761371613,1.2719616889953613
11500,mla,42,4,3,0.08911743015050888,0.06607476621866226,1.2719616889953613
11500,mla,42,4,4,0.06892506778240204,0.06889037787914276,1.2719616889953613
11500,mla,42,4,5,0.04797353222966194,0.054459527134895325,1.2719616889953613
11500,mla,42,4,6,0.07493682950735092,0.07624200731515884,1.2719616889953613
11500,mla,42,4,7,0.05764292553067207,0.04553346708416939,1.2719616889953613
11500,mla,42,4,8,0.04529754817485809,0.05147934705018997,1.2719616889953613
11500,mla,42,4,9,0.06920938938856125,0.0931113213300705,1.2719616889953613
11500,mla,42,4,10,0.08023416996002197,0.07866274565458298,1.2719616889953613
11500,mla,42,4,11,0.04891601577401161,0.05904052034020424,1.2719616889953613
11500,mla,42,4,12,0.039518941193819046,0.04252755641937256,1.2719616889953613
11500,mla,42,4,13,0.08010762184858322,0.061263568699359894,1.2719616889953613
11500,mla,42,4,14,0.03676340728998184,0.032747626304626465,1.2719616889953613
11500,mla,42,4,15,0.042349040508270264,0.04110129922628403,1.2719616889953613
11500,mla,42,5,0,0.0397256463766098,0.043248988687992096,1.5546231269836426
11500,mla,42,5,1,0.10088053345680237,0.09281528741121292,1.5546231269836426
11500,mla,42,5,2,0.04965321719646454,0.055734436959028244,1.5546231269836426
11500,mla,42,5,3,0.05586089938879013,0.05711377412080765,1.5546231269836426
11500,mla,42,5,4,0.09703490883111954,0.08200932294130325,1.5546231269836426
11500,mla,42,5,5,0.04650502651929855,0.04549781233072281,1.5546231269836426
11500,mla,42,5,6,0.03927398845553398,0.05251343548297882,1.5546231269836426
11500,mla,42,5,7,0.06286732852458954,0.05856117978692055,1.5546231269836426
11500,mla,42,5,8,0.03515462204813957,0.047518789768218994,1.5546231269836426
11500,mla,42,5,9,0.06590749323368073,0.06376182287931442,1.5546231269836426
11500,mla,42,5,10,0.053213804960250854,0.05218363180756569,1.5546231269836426
11500,mla,42,5,11,0.09041757881641388,0.08426225185394287,1.5546231269836426
11500,mla,42,5,12,0.04130442440509796,0.04870954155921936,1.5546231269836426
11500,mla,42,5,13,0.07703613489866257,0.06603328883647919,1.5546231269836426
11500,mla,42,5,14,0.07269022613763809,0.06836671382188797,1.5546231269836426
11500,mla,42,5,15,0.0724741593003273,0.08166978508234024,1.5546231269836426
12000,mla,42,1,0,0.08382903784513474,0.06884067505598068,1.9621469974517822
12000,mla,42,1,1,0.061121419072151184,0.05813630297780037,1.9621469974517822
12000,mla,42,1,2,0.06498342007398605,0.060373809188604355,1.9621469974517822
12000,mla,42,1,3,0.07292195409536362,0.07286573201417923,1.9621469974517822
12000,mla,42,1,4,0.0632890835404396,0.06226108595728874,1.9621469974517822
12000,mla,42,1,5,0.036153361201286316,0.04381222277879715,1.9621469974517822
12000,mla,42,1,6,0.0539664700627327,0.057876404374837875,1.9621469974517822
12000,mla,42,1,7,0.0631491094827652,0.06397172808647156,1.9621469974517822
12000,mla,42,1,8,0.057749126106500626,0.062344685196876526,1.9621469974517822
12000,mla,42,1,9,0.060181476175785065,0.05828128010034561,1.9621469974517822
12000,mla,42,1,10,0.06292673945426941,0.05355655029416084,1.9621469974517822
12000,mla,42,1,11,0.05919281020760536,0.06107112392783165,1.9621469974517822
12000,mla,42,1,12,0.057032469660043716,0.07477844506502151,1.9621469974517822
12000,mla,42,1,13,0.06990976631641388,0.06655814498662949,1.9621469974517822
12000,mla,42,1,14,0.050852254033088684,0.06368494778871536,1.9621469974517822
12000,mla,42,1,15,0.08274149894714355,0.07158685475587845,1.9621469974517822
12000,mla,42,2,0,0.05597493425011635,0.051945820450782776,1.7365797758102417
12000,mla,42,2,1,0.05615997314453125,0.05696157366037369,1.7365797758102417
12000,mla,42,2,2,0.04474273696541786,0.057041242718696594,1.7365797758102417
12000,mla,42,2,3,0.04330189898610115,0.045553941279649734,1.7365797758102417
12000,mla,42,2,4,0.08604888617992401,0.06901662796735764,1.7365797758102417
12000,mla,42,2,5,0.0580056756734848,0.07222134619951248,1.7365797758102417
12000,mla,42,2,6,0.06856750696897507,0.05764772370457649,1.7365797758102417
12000,mla,42,2,7,0.06384887546300888,0.05618168041110039,1.7365797758102417
12000,mla,42,2,8,0.041023459285497665,0.04314443841576576,1.7365797758102417
12000,mla,42,2,9,0.08545135706663132,0.08510575443506241,1.7365797758102417
12000,mla,42,2,10,0.04779500141739845,0.06377657502889633,1.7365797758102417
12000,mla,42,2,11,0.07332661747932434,0.07485129684209824,1.7365797758102417
12000,mla,42,2,12,0.057937316596508026,0.06068529933691025,1.7365797758102417
12000,mla,42,2,13,0.061375733464956284,0.06285522133111954,1.7365797758102417
12000,mla,42,2,14,0.08299509435892105,0.07304096966981888,1.7365797758102417
12000,mla,42,2,15,0.0734449252486229,0.06997054070234299,1.7365797758102417
12000,mla,42,3,0,0.05379994586110115,0.042648956179618835,1.3294793367385864
12000,mla,42,3,1,0.0899091586470604,0.07117823511362076,1.3294793367385864
12000,mla,42,3,2,0.08646637201309204,0.06984160095453262,1.3294793367385864
12000,mla,42,3,3,0.06268361210823059,0.07113317400217056,1.3294793367385864
12000,mla,42,3,4,0.04017334058880806,0.03705170378088951,1.3294793367385864
12000,mla,42,3,5,0.0726255252957344,0.07479045540094376,1.3294793367385864
12000,mla,42,3,6,0.049377646297216415,0.05074663460254669,1.3294793367385864
12000,mla,42,3,7,0.06000111997127533,0.06984774768352509,1.3294793367385864
12000,mla,42,3,8,0.059816792607307434,0.06500012427568436,1.3294793367385864
12000,mla,42,3,9,0.05819753184914589,0.07112640142440796,1.3294793367385864
12000,mla,42,3,10,0.05595957487821579,0.06042527034878731,1.3294793367385864
12000,mla,42,3,11,0.04363291338086128,0.045472439378499985,1.3294793367385864
12000,mla,42,3,12,0.0664253756403923,0.07027565687894821,1.3294793367385864
12000,mla,42,3,13,0.05748535320162773,0.06257514655590057,1.3294793367385864
12000,mla,42,3,14,0.07437977939844131,0.06361586600542068,1.3294793367385864
12000,mla,42,3,15,0.06906595826148987,0.07427048683166504,1.3294793367385864
12000,mla,42,4,0,0.07932067662477493,0.09062620252370834,1.2680811882019043
12000,mla,42,4,1,0.08098062872886658,0.0727381482720375,1.2680811882019043
12000,mla,42,4,2,0.05759063735604286,0.06684582680463791,1.2680811882019043
12000,mla,42,4,3,0.0898551419377327,0.06644934415817261,1.2680811882019043
12000,mla,42,4,4,0.06914682686328888,0.06859560310840607,1.2680811882019043
12000,mla,42,4,5,0.047990620136260986,0.05498528108000755,1.2680811882019043
12000,mla,42,4,6,0.07668792456388474,0.0769142135977745,1.2680811882019043
12000,mla,42,4,7,0.057547200471162796,0.04507270082831383,1.2680811882019043
12000,mla,42,4,8,0.04404133930802345,0.050290297716856,1.2680811882019043
12000,mla,42,4,9,0.0699322521686554,0.09469351172447205,1.2680811882019043
12000,mla,42,4,10,0.08211425691843033,0.08016911149024963,1.2680811882019043
12000,mla,42,4,11,0.04814951494336128,0.05887497588992119,1.2680811882019043
12000,mla,42,4,12,0.0383351631462574,0.041306573897600174,1.2680811882019043
12000,mla,42,4,13,0.07628438621759415,0.058422431349754333,1.2680811882019043
12000,mla,42,4,14,0.040464069694280624,0.03442659229040146,1.2680811882019043
12000,mla,42,4,15,0.04155934602022171,0.039589062333106995,1.2680811882019043
12000,mla,42,5,0,0.039907634258270264,0.04429720342159271,1.5424190759658813
12000,mla,42,5,1,0.10138630867004395,0.09299878776073456,1.5424190759658813
12000,mla,42,5,2,0.05133219435811043,0.05646047741174698,1.5424190759658813
12000,mla,42,5,3,0.0548737607896328,0.056605905294418335,1.5424190759658813
12000,mla,42,5,4,0.09784352779388428,0.0834149643778801,1.5424190759658813
12000,mla,42,5,5,0.04855631664395332,0.04677550122141838,1.5424190759658813
12000,mla,42,5,6,0.03870229050517082,0.05173005908727646,1.5424190759658813
12000,mla,42,5,7,0.0625266507267952,0.057575639337301254,1.5424190759658813
12000,mla,42,5,8,0.03395701199769974,0.045849546790122986,1.5424190759658813
12000,mla,42,5,9,0.0656980350613594,0.06319933384656906,1.5424190759658813
12000,mla,42,5,10,0.053120218217372894,0.0524430125951767,1.5424190759658813
12000,mla,42,5,11,0.09164611995220184,0.0860968604683876,1.5424190759658813
12000,mla,42,5,12,0.040050964802503586,0.04724402353167534,1.5424190759658813
12000,mla,42,5,13,0.0764973983168602,0.06548270583152771,1.5424190759658813
12000,mla,42,5,14,0.07061106711626053,0.06701269000768661,1.5424190759658813
12000,mla,42,5,15,0.07329050451517105,0.0828133299946785,1.5424190759658813
12500,mla,42,1,0,0.08170145750045776,0.06675649434328079,1.9584287405014038
12500,mla,42,1,1,0.06268677115440369,0.058916039764881134,1.9584287405014038
12500,mla,42,1,2,0.0690300464630127,0.06297079473733902,1.9584287405014038
12500,mla,42,1,3,0.07062062621116638,0.07025477290153503,1.9584287405014038
12500,mla,42,1,4,0.06333282589912415,0.06445992738008499,1.9584287405014038
12500,mla,42,1,5,0.03689819201827049,0.04483988508582115,1.9584287405014038
12500,mla,42,1,6,0.0532105527818203,0.058557286858558655,1.9584287405014038
12500,mla,42,1,7,0.06467916071414948,0.06474482268095016,1.9584287405014038
12500,mla,42,1,8,0.05701863765716553,0.06239352375268936,1.9584287405014038
12500,mla,42,1,9,0.06197041645646095,0.058738816529512405,1.9584287405014038
12500,mla,42,1,10,0.0625140368938446,0.05237983539700508,1.9584287405014038
12500,mla,42,1,11,0.05585194751620293,0.06022427976131439,1.9584287405014038
12500,mla,42,1,12,0.05788818374276161,0.0745844617486,1.9584287405014038
12500,mla,42,1,13,0.0714925155043602,0.06802956759929657,1.9584287405014038
12500,mla,42,1,14,0.04944997280836105,0.0619843564927578,1.9584287405014038
12500,mla,42,1,15,0.08165466040372849,0.07016516476869583,1.9584287405014038
12500,mla,42,2,0,0.06276275962591171,0.05645480379462242,1.7284842729568481
12500,mla,42,2,1,0.05751637741923332,0.05796059966087341,1.7284842729568481
12500,mla,42,2,2,0.04328816756606102,0.055890876799821854,1.7284842729568481
12500,mla,42,2,3,0.044030047953128815,0.04633069410920143,1.7284842729568481
12500,mla,42,2,4,0.08339101076126099,0.06725890189409256,1.7284842729568481
12500,mla,42,2,5,0.058070678263902664,0.07174180448055267,1.7284842729568481
12500,mla,42,2,6,0.06947509944438934,0.05817054584622383,1.7284842729568481
12500,mla,42,2,7,0.06286367028951645,0.05502186343073845,1.7284842729568481
12500,mla,42,2,8,0.04108337312936783,0.043111126869916916,1.7284842729568481
12500,mla,42,2,9,0.08552236109972,0.08608807623386383,1.7284842729568481
12500,mla,42,2,10,0.04782053455710411,0.06377336382865906,1.7284842729568481
12500,mla,42,2,11,0.0721282958984375,0.07388952374458313,1.7284842729568481
12500,mla,42,2,12,0.055547382682561874,0.06003861874341965,1.7284842729568481
12500,mla,42,2,13,0.06181223690509796,0.06313900649547577,1.7284842729568481
12500,mla,42,2,14,0.07998250424861908,0.07025357335805893,1.7284842729568481
12500,mla,42,2,15,0.07470550388097763,0.07087666541337967,1.7284842729568481
12500,mla,42,3,0,0.054663389921188354,0.04328469559550285,1.3303065299987793
12500,mla,42,3,1,0.09085581451654434,0.0727657601237297,1.3303065299987793
12500,mla,42,3,2,0.08541859686374664,0.06865641474723816,1.3303065299987793
12500,mla,42,3,3,0.06341064721345901,0.07190324366092682,1.3303065299987793
12500,mla,42,3,4,0.04067626968026161,0.037466198205947876,1.3303065299987793
12500,mla,42,3,5,0.07262949645519257,0.07556314766407013,1.3303065299987793
12500,mla,42,3,6,0.04787292331457138,0.05012353137135506,1.3303065299987793
12500,mla,42,3,7,0.060697123408317566,0.06971163302659988,1.3303065299987793
12500,mla,42,3,8,0.05989878252148628,0.06536589562892914,1.3303065299987793
12500,mla,42,3,9,0.057483214884996414,0.06907180696725845,1.3303065299987793
12500,mla,42,3,10,0.056242674589157104,0.06022403761744499,1.3303065299987793
12500,mla,42,3,11,0.04175008088350296,0.04454156756401062,1.3303065299987793
12500,mla,42,3,12,0.06597920507192612,0.06956123560667038,1.3303065299987793
12500,mla,42,3,13,0.058586932718753815,0.0636640414595604,1.3303065299987793
12500,mla,42,3,14,0.07425028830766678,0.06322454661130905,1.3303065299987793
12500,mla,42,3,15,0.06958455592393875,0.0748722106218338,1.3303065299987793
12500,mla,42,4,0,0.07945282012224197,0.09047245234251022,1.2728164196014404
12500,mla,42,4,1,0.0829664096236229,0.07482173293828964,1.2728164196014404
12500,mla,42,4,2,0.05697265639901161,0.06565000861883163,1.2728164196014404
12500,mla,42,4,3,0.08998016268014908,0.0664185956120491,1.2728164196014404
12500,mla,42,4,4,0.06889424473047256,0.06793524324893951,1.2728164196014404
12500,mla,42,4,5,0.04913065582513809,0.055069293826818466,1.2728164196014404
12500,mla,42,4,6,0.07649210840463638,0.07695043832063675,1.2728164196014404
12500,mla,42,4,7,0.0574379488825798,0.04578413814306259,1.2728164196014404
12500,mla,42,4,8,0.04212687164545059,0.048208676278591156,1.2728164196014404
12500,mla,42,4,9,0.07009511440992355,0.09436892718076706,1.2728164196014404
12500,mla,42,4,10,0.08163788169622421,0.0801636278629303,1.2728164196014404
12500,mla,42,4,11,0.050314635038375854,0.061015594750642776,1.2728164196014404
12500,mla,42,4,12,0.03540588542819023,0.03945331647992134,1.2728164196014404
12500,mla,42,4,13,0.0772978737950325,0.059502702206373215,1.2728164196014404
12500,mla,42,4,14,0.039704181253910065,0.034160446375608444,1.2728164196014404
12500,mla,42,4,15,0.042090557515621185,0.04002487659454346,1.2728164196014404
12500,mla,42,5,0,0.04016876220703125,0.04419312626123428,1.5358307361602783
12500,mla,42,5,1,0.10109812766313553,0.09307548403739929,1.5358307361602783
12500,mla,42,5,2,0.04946716129779816,0.05510377138853073,1.5358307361602783
12500,mla,42,5,3,0.0524648018181324,0.05406448245048523,1.5358307361602783
12500,mla,42,5,4,0.09779082983732224,0.08372417092323303,1.5358307361602783
12500,mla,42,5,5,0.04760986194014549,0.04597419872879982,1.5358307361602783
12500,mla,42,5,6,0.04079121723771095,0.05392628535628319,1.5358307361602783
12500,mla,42,5,7,0.06086110323667526,0.056687578558921814,1.5358307361602783
12500,mla,42,5,8,0.03514058515429497,0.04679900035262108,1.5358307361602783
12500,mla,42,5,9,0.06672607362270355,0.06414191424846649,1.5358307361602783
12500,mla,42,5,10,0.05285583436489105,0.05209878459572792,1.5358307361602783
12500,mla,42,5,11,0.09199788421392441,0.08647762984037399,1.5358307361602783
12500,mla,42,5,12,0.03982330486178398,0.0471155047416687,1.5358307361602783
12500,mla,42,5,13,0.07835835963487625,0.06642071902751923,1.5358307361602783
12500,mla,42,5,14,0.07161163538694382,0.06728165596723557,1.5358307361602783
12500,mla,42,5,15,0.0732344537973404,0.082915760576725,1.5358307361602783
13000,mla,42,1,0,0.08264322578907013,0.06802313774824142,1.9495680332183838
13000,mla,42,1,1,0.06404601782560349,0.060283076018095016,1.9495680332183838
13000,mla,42,1,2,0.06548217684030533,0.061209291219711304,1.9495680332183838
13000,mla,42,1,3,0.07328552007675171,0.07232815027236938,1.9495680332183838
13000,mla,42,1,4,0.062491659075021744,0.06224048137664795,1.9495680332183838
13000,mla,42,1,5,0.03798197582364082,0.04593576863408089,1.9495680332183838
13000,mla,42,1,6,0.053365375846624374,0.059041887521743774,1.9495680332183838
13000,mla,42,1,7,0.061815083026885986,0.06253287941217422,1.9495680332183838
13000,mla,42,1,8,0.05890258774161339,0.06283549964427948,1.9495680332183838
13000,mla,42,1,9,0.059806011617183685,0.057526860386133194,1.9495680332183838
13000,mla,42,1,10,0.0634542852640152,0.053181204944849014,1.9495680332183838
13000,mla,42,1,11,0.056676026433706284,0.059580929577350616,1.9495680332183838
13000,mla,42,1,12,0.05835418775677681,0.07465101033449173,1.9495680332183838
13000,mla,42,1,13,0.0699177011847496,0.06685527414083481,1.9495680332183838
13000,mla,42,1,14,0.04877889156341553,0.06249966844916344,1.9495680332183838
13000,mla,42,1,15,0.08299926668405533,0.07127495855093002,1.9495680332183838
13000,mla,42,2,0,0.06270599365234375,0.05636036396026611,1.7233353853225708
13000,mla,42,2,1,0.05449289828538895,0.055825915187597275,1.7233353853225708
13000,mla,42,2,2,0.0451628603041172,0.05729708448052406,1.7233353853225708
13000,mla,42,2,3,0.04834167659282684,0.048909351229667664,1.7233353853225708
13000,mla,42,2,4,0.08461079746484756,0.06782346218824387,1.7233353853225708
13000,mla,42,2,5,0.05816345289349556,0.07215246558189392,1.7233353853225708
13000,mla,42,2,6,0.06916575133800507,0.05712231248617172,1.7233353853225708
13000,mla,42,2,7,0.06156565248966217,0.05427904054522514,1.7233353853225708
13000,mla,42,2,8,0.03968658298254013,0.04274587333202362,1.7233353853225708
13000,mla,42,2,9,0.0843040943145752,0.08343503624200821,1.7233353853225708
13000,mla,42,2,10,0.04724670574069023,0.06314065307378769,1.7233353853225708
13000,mla,42,2,11,0.0705641657114029,0.07186540961265564,1.7233353853225708
13000,mla,42,2,12,0.056279703974723816,0.06148288771510124,1.7233353853225708
13000,mla,42,2,13,0.05816589295864105,0.060090333223342896,1.7233353853225708
13000,mla,42,2,14,0.0852883905172348,0.07615412026643753,1.7233353853225708
13000,mla,42,2,15,0.07425536960363388,0.07131559401750565,1.7233353853225708
13000,mla,42,3,0,0.05408019945025444,0.042700473219156265,1.3295376300811768
13000,mla,42,3,1,0.08723592013120651,0.07009336352348328,1.3295376300811768
13000,mla,42,3,2,0.08691263943910599,0.07028789818286896,1.3295376300811768
13000,mla,42,3,3,0.0637589544057846,0.07280714064836502,1.3295376300811768
13000,mla,42,3,4,0.04091644287109375,0.03783645108342171,1.3295376300811768
13000,mla,42,3,5,0.07548736780881882,0.07844419777393341,1.3295376300811768
13000,mla,42,3,6,0.049835916608572006,0.05098632350564003,1.3295376300811768
13000,mla,42,3,7,0.05887797102332115,0.06846525520086288,1.3295376300811768
13000,mla,42,3,8,0.05970418453216553,0.06461245566606522,1.3295376300811768
13000,mla,42,3,9,0.0569629929959774,0.06950677186250687,1.3295376300811768
13000,mla,42,3,10,0.0566457100212574,0.059790268540382385,1.3295376300811768
13000,mla,42,3,11,0.04454101622104645,0.04680448770523071,1.3295376300811768
13000,mla,42,3,12,0.06562123447656631,0.06943364441394806,1.3295376300811768
13000,mla,42,3,13,0.05684397369623184,0.06142127513885498,1.3295376300811768
13000,mla,42,3,14,0.07433929294347763,0.06342563778162003,1.3295376300811768
13000,mla,42,3,15,0.06823618710041046,0.07338417321443558,1.3295376300811768
13000,mla,42,4,0,0.07934264838695526,0.09050782024860382,1.2704503536224365
13000,mla,42,4,1,0.08264383673667908,0.07433512061834335,1.2704503536224365
13000,mla,42,4,2,0.05620463192462921,0.06493296474218369,1.2704503536224365
13000,mla,42,4,3,0.08906616270542145,0.06569712609052658,1.2704503536224365
13000,mla,42,4,4,0.06961710751056671,0.06868594139814377,1.2704503536224365
13000,mla,42,4,5,0.047307536005973816,0.054142095148563385,1.2704503536224365
13000,mla,42,4,6,0.07666666805744171,0.07657844573259354,1.2704503536224365
13000,mla,42,4,7,0.058367107063531876,0.04603724181652069,1.2704503536224365
13000,mla,42,4,8,0.0432853177189827,0.0501507967710495,1.2704503536224365
13000,mla,42,4,9,0.07039500027894974,0.09537018090486526,1.2704503536224365
13000,mla,42,4,10,0.08078450709581375,0.07889994978904724,1.2704503536224365
13000,mla,42,4,11,0.04793436825275421,0.05867976322770119,1.2704503536224365
13000,mla,42,4,12,0.03740336000919342,0.04098549112677574,1.2704503536224365
13000,mla,42,4,13,0.07889139652252197,0.0600212998688221,1.2704503536224365
13000,mla,42,4,14,0.03946289047598839,0.034156251698732376,1.2704503536224365
13000,mla,42,4,15,0.04262746125459671,0.040819402784109116,1.2704503536224365
13000,mla,42,5,0,0.03903859481215477,0.043373461812734604,1.5376824140548706
13000,mla,42,5,1,0.09982787817716599,0.09116069972515106,1.5376824140548706
13000,mla,42,5,2,0.05038513243198395,0.05531824007630348,1.5376824140548706
13000,mla,42,5,3,0.054617512971162796,0.05654076114296913,1.5376824140548706
13000,mla,42,5,4,0.09782145172357559,0.08296981453895569,1.5376824140548706
13000,mla,42,5,5,0.04872314631938934,0.04752103239297867,1.5376824140548706
13000,mla,42,5,6,0.04079243913292885,0.05419774353504181,1.5376824140548706
13000,mla,42,5,7,0.06216674670577049,0.058133576065301895,1.5376824140548706
13000,mla,42,5,8,0.03489308804273605,0.04647959768772125,1.5376824140548706
13000,mla,42,5,9,0.06605519354343414,0.06372728198766708,1.5376824140548706
13000,mla,42,5,10,0.05385772883892059,0.052988067269325256,1.5376824140548706
13000,mla,42,5,11,0.09022390097379684,0.08386076986789703,1.5376824140548706
13000,mla,42,5,12,0.03930114582180977,0.046634990721940994,1.5376824140548706
13000,mla,42,5,13,0.07752878963947296,0.0666055753827095,1.5376824140548706
13000,mla,42,5,14,0.07069081813097,0.0667366087436676,1.5376824140548706
13000,mla,42,5,15,0.07407643646001816,0.08375173807144165,1.5376824140548706
13500,mla,42,1,0,0.08304554969072342,0.06866257637739182,1.9490474462509155
13500,mla,42,1,1,0.06210266053676605,0.05871456861495972,1.9490474462509155
13500,mla,42,1,2,0.0664692148566246,0.06156148388981819,1.9490474462509155
13500,mla,42,1,3,0.0761706531047821,0.07426181435585022,1.9490474462509155
13500,mla,42,1,4,0.060584817081689835,0.06147316098213196,1.9490474462509155
13500,mla,42,1,5,0.03673838451504707,0.045097388327121735,1.9490474462509155
13500,mla,42,1,6,0.0537446103990078,0.05871780961751938,1.9490474462509155
13500,mla,42,1,7,0.061356913298368454,0.062368232756853104,1.9490474462509155
13500,mla,42,1,8,0.059051718562841415,0.06363558769226074,1.9490474462509155
13500,mla,42,1,9,0.06008351594209671,0.05765825882554054,1.9490474462509155
13500,mla,42,1,10,0.06195821240544319,0.05117009952664375,1.9490474462509155
13500,mla,42,1,11,0.057401835918426514,0.059673015028238297,1.9490474462509155
13500,mla,42,1,12,0.059456683695316315,0.07637063413858414,1.9490474462509155
13500,mla,42,1,13,0.06807546317577362,0.06501026451587677,1.9490474462509155
13500,mla,42,1,14,0.051245830953121185,0.06495077908039093,1.9490474462509155
13500,mla,42,1,15,0.08251393586397171,0.07067424058914185,1.9490474462509155
13500,mla,42,2,0,0.06121470034122467,0.05573926866054535,1.7328810691833496
13500,mla,42,2,1,0.05762328952550888,0.05854664370417595,1.7328810691833496
13500,mla,42,2,2,0.044222310185432434,0.05682419613003731,1.7328810691833496
13500,mla,42,2,3,0.04799153655767441,0.04848753660917282,1.7328810691833496
13500,mla,42,2,4,0.08347951620817184,0.06702888011932373,1.7328810691833496
13500,mla,42,2,5,0.057686664164066315,0.071124367415905,1.7328810691833496
13500,mla,42,2,6,0.06860778480768204,0.058054130524396896,1.7328810691833496
13500,mla,42,2,7,0.06405558437108994,0.05538828670978546,1.7328810691833496
13500,mla,42,2,8,0.040389202535152435,0.04324527084827423,1.7328810691833496
13500,mla,42,2,9,0.08341807126998901,0.08239594101905823,1.7328810691833496
13500,mla,42,2,10,0.04718780517578125,0.06298739463090897,1.7328810691833496
13500,mla,42,2,11,0.07110758125782013,0.07348650693893433,1.7328810691833496
13500,mla,42,2,12,0.05665222182869911,0.061640892177820206,1.7328810691833496
13500,mla,42,2,13,0.062121786177158356,0.0637480840086937,1.7328810691833496
13500,mla,42,2,14,0.08144103735685349,0.07148399949073792,1.7328810691833496
13500,mla,42,2,15,0.0728009045124054,0.06981872767210007,1.7328810691833496
13500,mla,42,3,0,0.0540396124124527,0.042790140956640244,1.3294868469238281
13500,mla,42,3,1,0.08768270164728165,0.06868404895067215,1.3294868469238281
13500,mla,42,3,2,0.08620564639568329,0.06931579113006592,1.3294868469238281
13500,mla,42,3,3,0.06294403225183487,0.07099401205778122,1.3294868469238281
13500,mla,42,3,4,0.04407236725091934,0.039940424263477325,1.3294868469238281
13500,mla,42,3,5,0.07207906246185303,0.07431474328041077,1.3294868469238281
13500,mla,42,3,6,0.04921244457364082,0.0511837936937809,1.3294868469238281
13500,mla,42,3,7,0.0597858689725399,0.06968352943658829,1.3294868469238281
13500,mla,42,3,8,0.05943867936730385,0.06458695232868195,1.3294868469238281
13500,mla,42,3,9,0.058085836470127106,0.07088077813386917,1.3294868469238281
13500,mla,42,3,10,0.0562705472111702,0.06061909347772598,1.3294868469238281
13500,mla,42,3,11,0.042481690645217896,0.0453307218849659,1.3294868469238281
13500,mla,42,3,12,0.06582529842853546,0.06931561231613159,1.3294868469238281
13500,mla,42,3,13,0.05801035463809967,0.06256335973739624,1.3294868469238281
13500,mla,42,3,14,0.07530955225229263,0.06584818661212921,1.3294868469238281
13500,mla,42,3,15,0.06855631619691849,0.07394871115684509,1.3294868469238281
13500,mla,42,4,0,0.07918497920036316,0.09007212519645691,1.2690273523330688
13500,mla,42,4,1,0.08254842460155487,0.07477922737598419,1.2690273523330688
13500,mla,42,4,2,0.057633157819509506,0.0662756860256195,1.2690273523330688
13500,mla,42,4,3,0.08776702731847763,0.06554093956947327,1.2690273523330688
13500,mla,42,4,4,0.06794891506433487,0.067484550178051,1.2690273523330688
13500,mla,42,4,5,0.04780538007616997,0.05513927340507507,1.2690273523330688
13500,mla,42,4,6,0.07655782252550125,0.07676546275615692,1.2690273523330688
13500,mla,42,4,7,0.057200316339731216,0.04405486583709717,1.2690273523330688
13500,mla,42,4,8,0.04449523985385895,0.05084173381328583,1.2690273523330688
13500,mla,42,4,9,0.0696653202176094,0.09425279498100281,1.2690273523330688
13500,mla,42,4,10,0.08142954856157303,0.07989592850208282,1.2690273523330688
13500,mla,42,4,11,0.04908182844519615,0.059561587870121,1.2690273523330688
13500,mla,42,4,12,0.03719614818692207,0.04054120555520058,1.2690273523330688
13500,mla,42,4,13,0.08007191866636276,0.06019093096256256,1.2690273523330688
13500,mla,42,4,14,0.038184814155101776,0.0334378220140934,1.2690273523330688
13500,mla,42,4,15,0.04322916641831398,0.04116589576005936,1.2690273523330688
13500,mla,42,5,0,0.03978932648897171,0.04390482231974602,1.5409083366394043
13500,mla,42,5,1,0.10120758414268494,0.0929652601480484,1.5409083366394043
13500,mla,42,5,2,0.049102988094091415,0.05508953705430031,1.5409083366394043
13500,mla,42,5,3,0.0530821718275547,0.05475487560033798,1.5409083366394043
13500,mla,42,5,4,0.09668467193841934,0.08114730566740036,1.5409083366394043
13500,mla,42,5,5,0.04861653596162796,0.04712778702378273,1.5409083366394043
13500,mla,42,5,6,0.039270732551813126,0.052915554493665695,1.5409083366394043
13500,mla,42,5,7,0.0633145123720169,0.058696307241916656,1.5409083366394043
13500,mla,42,5,8,0.034973956644535065,0.046651337295770645,1.5409083366394043
13500,mla,42,5,9,0.06697601079940796,0.06518373638391495,1.5409083366394043
13500,mla,42,5,10,0.05432190001010895,0.05337662994861603,1.5409083366394043
13500,mla,42,5,11,0.09078633785247803,0.08497211337089539,1.5409083366394043
13500,mla,42,5,12,0.03999511897563934,0.04732142388820648,1.5409083366394043
13500,mla,42,5,13,0.0778592899441719,0.06597638130187988,1.5409083366394043
13500,mla,42,5,14,0.07098307460546494,0.06763207912445068,1.5409083366394043
13500,mla,42,5,15,0.07303578406572342,0.08228489756584167,1.5409083366394043
14000,mla,42,1,0,0.08113189786672592,0.06651856005191803,1.9373040199279785
14000,mla,42,1,1,0.06004831939935684,0.05731302872300148,1.9373040199279785
14000,mla,42,1,2,0.0690244510769844,0.06237325817346573,1.9373040199279785
14000,mla,42,1,3,0.07217000424861908,0.07213595509529114,1.9373040199279785
14000,mla,42,1,4,0.06385009735822678,0.06341865658760071,1.9373040199279785
14000,mla,42,1,5,0.03606262058019638,0.044569846242666245,1.9373040199279785
14000,mla,42,1,6,0.05383056774735451,0.05903710797429085,1.9373040199279785
14000,mla,42,1,7,0.06511790305376053,0.06460512429475784,1.9373040199279785
14000,mla,42,1,8,0.059212952852249146,0.06252667307853699,1.9373040199279785
14000,mla,42,1,9,0.05775288864970207,0.05648086592555046,1.9373040199279785
14000,mla,42,1,10,0.06370483338832855,0.05309373885393143,1.9373040199279785
14000,mla,42,1,11,0.05515950545668602,0.05893402174115181,1.9373040199279785
14000,mla,42,1,12,0.0590108223259449,0.07645288109779358,1.9373040199279785
14000,mla,42,1,13,0.07003143429756165,0.06735500693321228,1.9373040199279785
14000,mla,42,1,14,0.05004068836569786,0.06351707130670547,1.9373040199279785
14000,mla,42,1,15,0.08385100960731506,0.07166825979948044,1.9373040199279785
14000,mla,42,2,0,0.061845194548368454,0.05622800067067146,1.7261533737182617
14000,mla,42,2,1,0.05696309357881546,0.05829568952322006,1.7261533737182617
14000,mla,42,2,2,0.04458150267601013,0.05716616287827492,1.7261533737182617
14000,mla,42,2,3,0.04803059995174408,0.04865102097392082,1.7261533737182617
14000,mla,42,2,4,0.08424418419599533,0.0683971717953682,1.7261533737182617
14000,mla,42,2,5,0.057121988385915756,0.07085799425840378,1.7261533737182617
14000,mla,42,2,6,0.06745198369026184,0.057021211832761765,1.7261533737182617
14000,mla,42,2,7,0.06534057855606079,0.0573989599943161,1.7261533737182617
14000,mla,42,2,8,0.039939068257808685,0.04245148226618767,1.7261533737182617
14000,mla,42,2,9,0.08400695770978928,0.08246953040361404,1.7261533737182617
14000,mla,42,2,10,0.047016602009534836,0.06312107294797897,1.7261533737182617
14000,mla,42,2,11,0.07101958990097046,0.07247781753540039,1.7261533737182617
14000,mla,42,2,12,0.05581461638212204,0.060724809765815735,1.7261533737182617
14000,mla,42,2,13,0.060176391154527664,0.06157124042510986,1.7261533737182617
14000,mla,42,2,14,0.08246124535799026,0.07220972329378128,1.7261533737182617
14000,mla,42,2,15,0.07398641109466553,0.07095801085233688,1.7261533737182617
14000,mla,42,3,0,0.05328725278377533,0.04207679256796837,1.3223955631256104
14000,mla,42,3,1,0.09093455225229263,0.07315266132354736,1.3223955631256104
14000,mla,42,3,2,0.08760081231594086,0.07063078135251999,1.3223955631256104
14000,mla,42,3,3,0.06462066620588303,0.07354318350553513,1.3223955631256104
14000,mla,42,3,4,0.04287048429250717,0.03908376023173332,1.3223955631256104
14000,mla,42,3,5,0.07169738411903381,0.07443472743034363,1.3223955631256104
14000,mla,42,3,6,0.04785268008708954,0.04975943639874458,1.3223955631256104
14000,mla,42,3,7,0.058741454035043716,0.06792312860488892,1.3223955631256104
14000,mla,42,3,8,0.05886423587799072,0.06410162150859833,1.3223955631256104
14000,mla,42,3,9,0.05839162319898605,0.07129274308681488,1.3223955631256104
14000,mla,42,3,10,0.0557168573141098,0.05959819629788399,1.3223955631256104
14000,mla,42,3,11,0.04345041885972023,0.045160118490457535,1.3223955631256104
14000,mla,42,3,12,0.0655803456902504,0.06892465800046921,1.3223955631256104
14000,mla,42,3,13,0.05764414370059967,0.06212352216243744,1.3223955631256104
14000,mla,42,3,14,0.07350759208202362,0.06348807364702225,1.3223955631256104
14000,mla,42,3,15,0.06923950463533401,0.07470663636922836,1.3223955631256104
14000,mla,42,4,0,0.07908853888511658,0.08945997059345245,1.273777961730957
14000,mla,42,4,1,0.08323293179273605,0.07510776817798615,1.273777961730957
14000,mla,42,4,2,0.057755839079618454,0.06616640836000443,1.273777961730957
14000,mla,42,4,3,0.08747212588787079,0.06586115062236786,1.273777961730957
14000,mla,42,4,4,0.06829702109098434,0.06805748492479324,1.273777961730957
14000,mla,42,4,5,0.04857981204986572,0.0549967885017395,1.273777961730957
14000,mla,42,4,6,0.07840626686811447,0.07878058403730392,1.273777961730957
14000,mla,42,4,7,0.05789387971162796,0.046225935220718384,1.273777961730957
14000,mla,42,4,8,0.04208160564303398,0.04935397952795029,1.273777961730957
14000,mla,42,4,9,0.068585105240345,0.09168325364589691,1.273777961730957
14000,mla,42,4,10,0.08197377622127533,0.08010026067495346,1.273777961730957
14000,mla,42,4,11,0.04836263135075569,0.05905731022357941,1.273777961730957
14000,mla,42,4,12,0.037432048469781876,0.04090186953544617,1.273777961730957
14000,mla,42,4,13,0.07726918905973434,0.05876594036817551,1.273777961730957
14000,mla,42,4,14,0.041062623262405396,0.0344790481030941,1.273777961730957
14000,mla,42,4,15,0.042506612837314606,0.041002288460731506,1.273777961730957
14000,mla,42,5,0,0.040216777473688126,0.04495372250676155,1.5391548871994019
14000,mla,42,5,1,0.10164886713027954,0.09368465840816498,1.5391548871994019
14000,mla,42,5,2,0.05295562744140625,0.05836934968829155,1.5391548871994019
14000,mla,42,5,3,0.05347289890050888,0.05526721477508545,1.5391548871994019
14000,mla,42,5,4,0.09700816124677658,0.08221938461065292,1.5391548871994019
14000,mla,42,5,5,0.04826212674379349,0.047117676585912704,1.5391548871994019
14000,mla,42,5,6,0.03887278214097023,0.0524505078792572,1.5391548871994019
14000,mla,42,5,7,0.06355123221874237,0.05930688977241516,1.5391548871994019
14000,mla,42,5,8,0.034766439348459244,0.04591207206249237,1.5391548871994019
14000,mla,42,5,9,0.06717183440923691,0.06493464857339859,1.5391548871994019
14000,mla,42,5,10,0.05197001248598099,0.05138763412833214,1.5391548871994019
14000,mla,42,5,11,0.09080138802528381,0.08448561280965805,1.5391548871994019
14000,mla,42,5,12,0.04042154923081398,0.047385845333337784,1.5391548871994019
14000,mla,42,5,13,0.0759715810418129,0.06427285075187683,1.5391548871994019
14000,mla,42,5,14,0.07103108614683151,0.0669422298669815,1.5391548871994019
14000,mla,42,5,15,0.07187764346599579,0.08130960166454315,1.5391548871994019
14500,mla,42,1,0,0.08204050362110138,0.06740646064281464,1.9390116930007935
14500,mla,42,1,1,0.06256897002458572,0.05886249616742134,1.9390116930007935
14500,mla,42,1,2,0.06956848502159119,0.06258639693260193,1.9390116930007935
14500,mla,42,1,3,0.0706501230597496,0.07068099826574326,1.9390116930007935
14500,mla,42,1,4,0.06242360547184944,0.06334039568901062,1.9390116930007935
14500,mla,42,1,5,0.03566630184650421,0.044135112315416336,1.9390116930007935
14500,mla,42,1,6,0.05416981875896454,0.05895398557186127,1.9390116930007935
14500,mla,42,1,7,0.062427062541246414,0.06261784583330154,1.9390116930007935
14500,mla,42,1,8,0.056381937116384506,0.061449624598026276,1.9390116930007935
14500,mla,42,1,9,0.05722137540578842,0.056153252720832825,1.9390116930007935
14500,mla,42,1,10,0.06331919133663177,0.05290938541293144,1.9390116930007935
14500,mla,42,1,11,0.06001647934317589,0.06202086806297302,1.9390116930007935
14500,mla,42,1,12,0.061416830867528915,0.0787196233868599,1.9390116930007935
14500,mla,42,1,13,0.06779703497886658,0.06541779637336731,1.9390116930007935
14500,mla,42,1,14,0.0507456474006176,0.06318837404251099,1.9390116930007935
14500,mla,42,1,15,0.08358662575483322,0.07155758887529373,1.9390116930007935
14500,mla,42,2,0,0.06155293807387352,0.05610242858529091,1.7276493310928345
14500,mla,42,2,1,0.0584087111055851,0.05906916409730911,1.7276493310928345
14500,mla,42,2,2,0.043463949114084244,0.0562576986849308,1.7276493310928345
14500,mla,42,2,3,0.04263407364487648,0.04523700848221779,1.7276493310928345
14500,mla,42,2,4,0.08488606661558151,0.06760681420564651,1.7276493310928345
14500,mla,42,2,5,0.058642271906137466,0.07287720590829849,1.7276493310928345
14500,mla,42,2,6,0.07176005095243454,0.0593184158205986,1.7276493310928345
14500,mla,42,2,7,0.06291941553354263,0.05520397797226906,1.7276493310928345
14500,mla,42,2,8,0.039450787007808685,0.041843101382255554,1.7276493310928345
14500,mla,42,2,9,0.08411549776792526,0.0841650739312172,1.7276493310928345
14500,mla,42,2,10,0.04625081270933151,0.06238817051053047,1.7276493310928345
14500,mla,42,2,11,0.07116139680147171,0.07213028520345688,1.7276493310928345
14500,mla,42,2,12,0.05746470019221306,0.061907120048999786,1.7276493310928345
14500,mla,42,2,13,0.06047119200229645,0.06260613352060318,1.7276493310928345
14500,mla,42,2,14,0.08374450355768204,0.07387601584196091,1.7276493310928345
14500,mla,42,2,15,0.0730736255645752,0.06941135972738266,1.7276493310928345
14500,mla,42,3,0,0.05402180925011635,0.042699262499809265,1.3250877857208252
14500,mla,42,3,1,0.0907135009765625,0.07294638454914093,1.3250877857208252
14500,mla,42,3,2,0.08693359047174454,0.07031328976154327,1.3250877857208252
14500,mla,42,3,3,0.06459767371416092,0.07330287247896194,1.3250877857208252
14500,mla,42,3,4,0.04145751893520355,0.037612222135066986,1.3250877857208252
14500,mla,42,3,5,0.07322967797517776,0.07577081769704819,1.3250877857208252
14500,mla,42,3,6,0.04780568554997444,0.050624046474695206,1.3250877857208252
14500,mla,42,3,7,0.0590667724609375,0.06843893975019455,1.3250877857208252
14500,mla,42,3,8,0.06056467816233635,0.06552767753601074,1.3250877857208252
14500,mla,42,3,9,0.057982686907052994,0.07080037146806717,1.3250877857208252
14500,mla,42,3,10,0.05621541291475296,0.05980105698108673,1.3250877857208252
14500,mla,42,3,11,0.04226725175976753,0.04450944438576698,1.3250877857208252
14500,mla,42,3,12,0.0660991445183754,0.06962134689092636,1.3250877857208252
14500,mla,42,3,13,0.05724222958087921,0.061922378838062286,1.3250877857208252
14500,mla,42,3,14,0.0740756243467331,0.06376517564058304,1.3250877857208252
14500,mla,42,3,15,0.0677267462015152,0.07234475016593933,1.3250877857208252
14500,mla,42,4,0,0.08000996708869934,0.09109478443861008,1.2695468664169312
14500,mla,42,4,1,0.08346730470657349,0.07540371268987656,1.2695468664169312
14500,mla,42,4,2,0.056261900812387466,0.0646519809961319,1.2695468664169312
14500,mla,42,4,3,0.0871543362736702,0.06538870930671692,1.2695468664169312
14500,mla,42,4,4,0.06969106197357178,0.0689048320055008,1.2695468664169312
14500,mla,42,4,5,0.048224691301584244,0.055320363491773605,1.2695468664169312
14500,mla,42,4,6,0.07607360929250717,0.07659077644348145,1.2695468664169312
14500,mla,42,4,7,0.057521361857652664,0.045081302523612976,1.2695468664169312
14500,mla,42,4,8,0.04287536442279816,0.04930638149380684,1.2695468664169312
14500,mla,42,4,9,0.07005554437637329,0.09410427510738373,1.2695468664169312
14500,mla,42,4,10,0.08149851113557816,0.07920055091381073,1.2695468664169312
14500,mla,42,4,11,0.050128377974033356,0.0602799728512764,1.2695468664169312
14500,mla,42,4,12,0.037310995161533356,0.04088003560900688,1.2695468664169312
14500,mla,42,4,13,0.07901560515165329,0.060491662472486496,1.2695468664169312
14500,mla,42,4,14,0.04036621004343033,0.03420664742588997,1.2695468664169312
14500,mla,42,4,15,0.04034515470266342,0.03909407556056976,1.2695468664169312
14500,mla,42,5,0,0.03995880112051964,0.04378943517804146,1.5335814952850342
14500,mla,42,5,1,0.10135132074356079,0.09256789088249207,1.5335814952850342
14500,mla,42,5,2,0.05099904537200928,0.057087961584329605,1.5335814952850342
14500,mla,42,5,3,0.05141855776309967,0.053668033331632614,1.5335814952850342
14500,mla,42,5,4,0.09735503792762756,0.0817660316824913,1.5335814952850342
14500,mla,42,5,5,0.04728749766945839,0.04544384777545929,1.5335814952850342
14500,mla,42,5,6,0.04114888608455658,0.05500708147883415,1.5335814952850342
14500,mla,42,5,7,0.06259714812040329,0.05825965106487274,1.5335814952850342
14500,mla,42,5,8,0.03456685319542885,0.04626331478357315,1.5335814952850342
14500,mla,42,5,9,0.06692036986351013,0.06508007645606995,1.5335814952850342
14500,mla,42,5,10,0.05265085771679878,0.05188575014472008,1.5335814952850342
14500,mla,42,5,11,0.09260731935501099,0.08695244789123535,1.5335814952850342
14500,mla,42,5,12,0.03901326656341553,0.046456124633550644,1.5335814952850342
14500,mla,42,5,13,0.07780629396438599,0.06591232120990753,1.5335814952850342
14500,mla,42,5,14,0.07021830230951309,0.06668689846992493,1.5335814952850342
14500,mla,42,5,15,0.07410044223070145,0.0831732302904129,1.5335814952850342
15000,mla,42,1,0,0.08159810304641724,0.06706707924604416,1.932040810585022
15000,mla,42,1,1,0.0633932501077652,0.0596110038459301,1.932040810585022
15000,mla,42,1,2,0.06799550354480743,0.06147785857319832,1.932040810585022
15000,mla,42,1,3,0.07326680421829224,0.07270772010087967,1.932040810585022
15000,mla,42,1,4,0.05860300734639168,0.060474496334791183,1.932040810585022
15000,mla,42,1,5,0.0365975946187973,0.04482194408774376,1.932040810585022
15000,mla,42,1,6,0.05432698503136635,0.05922063812613487,1.932040810585022
15000,mla,42,1,7,0.06301971524953842,0.06328761577606201,1.932040810585022
15000,mla,42,1,8,0.056008607149124146,0.060951538383960724,1.932040810585022
15000,mla,42,1,9,0.06057474762201309,0.05814174562692642,1.932040810585022
15000,mla,42,1,10,0.0630258172750473,0.052275944501161575,1.932040810585022
15000,mla,42,1,11,0.05845041945576668,0.06060590595006943,1.932040810585022
15000,mla,42,1,12,0.05726725235581398,0.07452333718538284,1.932040810585022
15000,mla,42,1,13,0.07111775875091553,0.06817847490310669,1.932040810585022
15000,mla,42,1,14,0.05140279233455658,0.06485562771558762,1.932040810585022
15000,mla,42,1,15,0.08335164189338684,0.07179905474185944,1.932040810585022
15000,mla,42,2,0,0.06227325275540352,0.056768257170915604,1.7200806140899658
15000,mla,42,2,1,0.05626963451504707,0.05746070295572281,1.7200806140899658
15000,mla,42,2,2,0.044867757707834244,0.057565122842788696,1.7200806140899658
15000,mla,42,2,3,0.04740326106548309,0.048340409994125366,1.7200806140899658
15000,mla,42,2,4,0.08549468964338303,0.06867501884698868,1.7200806140899658
15000,mla,42,2,5,0.05774872004985809,0.07192803174257278,1.7200806140899658
15000,mla,42,2,6,0.06775838136672974,0.05667729675769806,1.7200806140899658
15000,mla,42,2,7,0.0652485117316246,0.05790434405207634,1.7200806140899658
15000,mla,42,2,8,0.03968851640820503,0.04195883125066757,1.7200806140899658
15000,mla,42,2,9,0.08357319980859756,0.0835784375667572,1.7200806140899658
15000,mla,42,2,10,0.04664428532123566,0.06295403093099594,1.7200806140899658
15000,mla,42,2,11,0.07027923315763474,0.07031822949647903,1.7200806140899658
15000,mla,42,2,12,0.05707458406686783,0.06207485869526863,1.7200806140899658
15000,mla,42,2,13,0.05986287444829941,0.061449941247701645,1.7200806140899658
15000,mla,42,2,14,0.08332081884145737,0.07322545349597931,1.7200806140899658
15000,mla,42,2,15,0.07249227166175842,0.06912118941545486,1.7200806140899658
15000,mla,42,3,0,0.054336342960596085,0.04265401139855385,1.3230819702148438
15000,mla,42,3,1,0.0890267938375473,0.07222078740596771,1.3230819702148438
15000,mla,42,3,2,0.086273193359375,0.0697936862707138,1.3230819702148438
15000,mla,42,3,3,0.06512817740440369,0.07400277256965637,1.3230819702148438
15000,mla,42,3,4,0.04537587612867355,0.04020225256681442,1.3230819702148438
15000,mla,42,3,5,0.07255055755376816,0.07559427618980408,1.3230819702148438
15000,mla,42,3,6,0.0474751777946949,0.0501636378467083,1.3230819702148438
15000,mla,42,3,7,0.05984700471162796,0.06910835206508636,1.3230819702148438
15000,mla,42,3,8,0.06014434993267059,0.06541938334703445,1.3230819702148438
15000,mla,42,3,9,0.05740803852677345,0.07062949985265732,1.3230819702148438
15000,mla,42,3,10,0.05515482649207115,0.05885937437415123,1.3230819702148438
15000,mla,42,3,11,0.04409546032547951,0.04632636532187462,1.3230819702148438
15000,mla,42,3,12,0.06431091576814651,0.06797853112220764,1.3230819702148438
15000,mla,42,3,13,0.057221680879592896,0.06170395016670227,1.3230819702148438
15000,mla,42,3,14,0.07356414943933487,0.06307267397642136,1.3230819702148438
15000,mla,42,3,15,0.06808746606111526,0.07227044552564621,1.3230819702148438
15000,mla,42,4,0,0.07870066165924072,0.08967629820108414,1.2668476104736328
15000,mla,42,4,1,0.08373647183179855,0.07611025124788284,1.2668476104736328
15000,mla,42,4,2,0.056253254413604736,0.06467192620038986,1.2668476104736328
15000,mla,42,4,3,0.08699839562177658,0.06467312574386597,1.2668476104736328
15000,mla,42,4,4,0.06903788447380066,0.06824567168951035,1.2668476104736328
15000,mla,42,4,5,0.04784047603607178,0.054268062114715576,1.2668476104736328
15000,mla,42,4,6,0.07759907841682434,0.07775018364191055,1.2668476104736328
15000,mla,42,4,7,0.05729207396507263,0.04548860713839531,1.2668476104736328
15000,mla,42,4,8,0.04197753965854645,0.048770610243082047,1.2668476104736328
15000,mla,42,4,9,0.06975911557674408,0.09406698495149612,1.2668476104736328
15000,mla,42,4,10,0.08150705695152283,0.07932864129543304,1.2668476104736328
15000,mla,42,4,11,0.05014557018876076,0.06038447842001915,1.2668476104736328
15000,mla,42,4,12,0.036604106426239014,0.04017576202750206,1.2668476104736328
15000,mla,42,4,13,0.07858286798000336,0.060264721512794495,1.2668476104736328
15000,mla,42,4,14,0.040858764201402664,0.03486863151192665,1.2668476104736328
15000,mla,42,4,15,0.04310669004917145,0.041255827993154526,1.2668476104736328
15000,mla,42,5,0,0.04053039476275444,0.04386354237794876,1.5288680791854858
15000,mla,42,5,1,0.10121714323759079,0.09174461662769318,1.5288680791854858
15000,mla,42,5,2,0.05106465518474579,0.05660834163427353,1.5288680791854858
15000,mla,42,5,3,0.05502522736787796,0.05678997188806534,1.5288680791854858
15000,mla,42,5,4,0.09706441313028336,0.08200870454311371,1.5288680791854858
15000,mla,42,5,5,0.04913268983364105,0.0483032763004303,1.5288680791854858
15000,mla,42,5,6,0.03986714780330658,0.05339605361223221,1.5288680791854858
15000,mla,42,5,7,0.06234680116176605,0.05797788128256798,1.5288680791854858
15000,mla,42,5,8,0.03512115404009819,0.04741468280553818,1.5288680791854858
15000,mla,42,5,9,0.06708221137523651,0.06497961282730103,1.5288680791854858
15000,mla,42,5,10,0.0517769381403923,0.0513114258646965,1.5288680791854858
15000,mla,42,5,11,0.0902634710073471,0.08391782641410828,1.5288680791854858
15000,mla,42,5,12,0.03891052305698395,0.04623592272400856,1.5288680791854858
15000,mla,42,5,13,0.07595672458410263,0.06502452492713928,1.5288680791854858
15000,mla,42,5,14,0.07142262905836105,0.0675974041223526,1.5288680791854858
15000,mla,42,5,15,0.07321787625551224,0.08282620459794998,1.5288680791854858
