iter,attn_mode,backbone,seed,layer,expert,selected_fraction,mean_probability,router_entropy
0,mha,moe,123,1,0,0.0670458972454071,0.0675891637802124,2.6052663326263428
0,mha,moe,123,1,1,0.017963867634534836,0.04539835825562477,2.6052663326263428
0,mha,moe,123,1,2,0.06883178651332855,0.06683938205242157,2.6052663326263428
0,mha,moe,123,1,3,0.06065185368061066,0.06368372589349747,2.6052663326263428
0,mha,moe,123,1,4,0.045848388224840164,0.05887482687830925,2.6052663326263428
0,mha,moe,123,1,5,0.02463623136281967,0.04999898374080658,2.6052663326263428
0,mha,moe,123,1,6,0.044208984822034836,0.058433808386325836,2.6052663326263428
0,mha,moe,123,1,7,0.06476684659719467,0.06488121300935745,2.6052663326263428
0,mha,moe,123,1,8,0.009409179911017418,0.037802040576934814,2.6052663326263428
0,mha,moe,123,1,9,0.025550536811351776,0.051805272698402405,2.6052663326263428
0,mha,moe,123,1,10,0.05194335803389549,0.059733543545007706,2.6052663326263428
0,mha,moe,123,1,11,0.1350060999393463,0.08505324274301529,2.6052663326263428
0,mha,moe,123,1,12,0.03730835020542145,0.05401601269841194,2.6052663326263428
0,mha,moe,123,1,13,0.07229980826377869,0.06695178896188736,2.6052663326263428
0,mha,moe,123,1,14,0.03769775480031967,0.05500725656747818,2.6052663326263428
0,mha,moe,123,1,15,0.23683105409145355,0.11393137276172638,2.6052663326263428
0,mha,moe,123,2,0,0.016298828646540642,0.04387814179062843,2.626190185546875
0,mha,moe,123,2,1,0.11571899056434631,0.07961442321538925,2.626190185546875
0,mha,moe,123,2,2,0.08431640267372131,0.07134637236595154,2.626190185546875
0,mha,moe,123,2,3,0.11145386099815369,0.07845368981361389,2.626190185546875
0,mha,moe,123,2,4,0.024898681789636612,0.04921843484044075,2.626190185546875
0,mha,moe,123,2,5,0.04356079176068306,0.057647980749607086,2.626190185546875
0,mha,moe,123,2,6,0.06860718131065369,0.06614364683628082,2.626190185546875
0,mha,moe,123,2,7,0.05497192218899727,0.062174879014492035,2.626190185546875
0,mha,moe,123,2,8,0.058503419160842896,0.06040593981742859,2.626190185546875
0,mha,moe,123,2,9,0.032561033964157104,0.05022755637764931,2.626190185546875
0,mha,moe,123,2,10,0.0142822265625,0.04478294774889946,2.626190185546875
0,mha,moe,123,2,11,0.030726319178938866,0.05289319157600403,2.626190185546875
0,mha,moe,123,2,12,0.09875854849815369,0.07528840005397797,2.626190185546875
0,mha,moe,123,2,13,0.15988770127296448,0.09029548615217209,2.626190185546875
0,mha,moe,123,2,14,0.05760864168405533,0.06421030312776566,2.626190185546875
0,mha,moe,123,2,15,0.027845459058880806,0.0534185990691185,2.626190185546875
0,mha,moe,123,3,0,0.01811523362994194,0.04688896983861923,2.6125574111938477
0,mha,moe,123,3,1,0.1582324206829071,0.09030866622924805,2.6125574111938477
0,mha,moe,123,3,2,0.018917236477136612,0.05048607662320137,2.6125574111938477
0,mha,moe,123,3,3,0.03183227404952049,0.05375908687710762,2.6125574111938477
0,mha,moe,123,3,4,0.21880614757537842,0.10637535154819489,2.6125574111938477
0,mha,moe,123,3,5,0.03884033113718033,0.05447416752576828,2.6125574111938477
0,mha,moe,123,3,6,0.046477049589157104,0.05720732361078262,2.6125574111938477
0,mha,moe,123,3,7,0.018770752474665642,0.04454411193728447,2.6125574111938477
0,mha,moe,123,3,8,0.056391600519418716,0.06217227503657341,2.6125574111938477
0,mha,moe,123,3,9,0.028740234673023224,0.051239609718322754,2.6125574111938477
0,mha,moe,123,3,10,0.035710450261831284,0.05585896968841553,2.6125574111938477
0,mha,moe,123,3,11,0.04549194499850273,0.05897814407944679,2.6125574111938477
0,mha,moe,123,3,12,0.07804809510707855,0.07128278911113739,2.6125574111938477
0,mha,moe,123,3,13,0.06846924126148224,0.06768029928207397,2.6125574111938477
0,mha,moe,123,3,14,0.1003430187702179,0.0760863721370697,2.6125574111938477
0,mha,moe,123,3,15,0.03681396320462227,0.05265779048204422,2.6125574111938477
0,mha,moe,123,4,0,0.09564696997404099,0.0768563523888588,2.604933977127075
0,mha,moe,123,4,1,0.033842772245407104,0.05503787472844124,2.604933977127075
0,mha,moe,123,4,2,0.02927490323781967,0.05126815661787987,2.604933977127075
0,mha,moe,123,4,3,0.11469360440969467,0.08040493726730347,2.604933977127075
0,mha,moe,123,4,4,0.008037108927965164,0.037973977625370026,2.604933977127075
0,mha,moe,123,4,5,0.008823242038488388,0.03903787210583687,2.604933977127075
0,mha,moe,123,4,6,0.0898144543170929,0.07376716285943985,2.604933977127075
0,mha,moe,123,4,7,0.10809326171875,0.07622848451137543,2.604933977127075
0,mha,moe,123,4,8,0.04979247972369194,0.05816786363720894,2.604933977127075
0,mha,moe,123,4,9,0.007655029185116291,0.04180099815130234,2.604933977127075
0,mha,moe,123,4,10,0.01644042879343033,0.047494031488895416,2.604933977127075
0,mha,moe,123,4,11,0.05546630918979645,0.0640672966837883,2.604933977127075
0,mha,moe,123,4,12,0.08531615883111954,0.07077653706073761,2.604933977127075
0,mha,moe,123,4,13,0.16553345322608948,0.09527387470006943,2.604933977127075
0,mha,moe,123,4,14,0.10580810904502869,0.07960794121026993,2.604933977127075
0,mha,moe,123,4,15,0.025761717930436134,0.05223659425973892,2.604933977127075
0,mha,moe,123,5,0,0.05420898273587227,0.061847344040870667,2.6348073482513428
0,mha,moe,123,5,1,0.06270629912614822,0.06474785506725311,2.6348073482513428
0,mha,moe,123,5,2,0.024965820834040642,0.048855237662792206,2.6348073482513428
0,mha,moe,123,5,3,0.07016723603010178,0.06583578139543533,2.6348073482513428
0,mha,moe,123,5,4,0.05346923694014549,0.060584310442209244,2.6348073482513428
0,mha,moe,123,5,5,0.04335937649011612,0.057806480675935745,2.6348073482513428
0,mha,moe,123,5,6,0.05018066242337227,0.05828653648495674,2.6348073482513428
0,mha,moe,123,5,7,0.014399413950741291,0.04287445545196533,2.6348073482513428
0,mha,moe,123,5,8,0.06482788175344467,0.06292667239904404,2.6348073482513428
0,mha,moe,123,5,9,0.13700194656848907,0.08320914953947067,2.6348073482513428
0,mha,moe,123,5,10,0.04495605453848839,0.058834146708250046,2.6348073482513428
0,mha,moe,123,5,11,0.06516235321760178,0.06402523815631866,2.6348073482513428
0,mha,moe,123,5,12,0.06580077856779099,0.06373961269855499,2.6348073482513428
0,mha,moe,123,5,13,0.04173217713832855,0.057732392102479935,2.6348073482513428
0,mha,moe,123,5,14,0.13619261980056763,0.08379333466291428,2.6348073482513428
0,mha,moe,123,5,15,0.07086914032697678,0.06490140408277512,2.6348073482513428
500,mha,moe,123,1,0,0.060917969793081284,0.06510292738676071,2.03362774848938
500,mha,moe,123,1,1,0.10121338069438934,0.08122682571411133,2.03362774848938
500,mha,moe,123,1,2,0.09317626804113388,0.07397670298814774,2.03362774848938
500,mha,moe,123,1,3,0.049317628145217896,0.05488969758152962,2.03362774848938
500,mha,moe,123,1,4,0.05067627131938934,0.06585425138473511,2.03362774848938
500,mha,moe,123,1,5,0.02415771409869194,0.03269641846418381,2.03362774848938
500,mha,moe,123,1,6,0.005064697470515966,0.016347147524356842,2.03362774848938
500,mha,moe,123,1,7,0.042457275092601776,0.0593104250729084,2.03362774848938
500,mha,moe,123,1,8,0.09380248934030533,0.07413145899772644,2.03362774848938
500,mha,moe,123,1,9,0.0172119140625,0.04092904180288315,2.03362774848938
500,mha,moe,123,1,10,0.05009643733501434,0.07780613750219345,2.03362774848938
500,mha,moe,123,1,11,0.05513183772563934,0.055346835404634476,2.03362774848938
500,mha,moe,123,1,12,0.10579589754343033,0.08705417811870575,2.03362774848938
500,mha,moe,123,1,13,0.04345092922449112,0.06256645172834396,2.03362774848938
500,mha,moe,123,1,14,0.10630004853010178,0.07848064601421356,2.03362774848938
500,mha,moe,123,1,15,0.10122925043106079,0.07428090274333954,2.03362774848938
500,mha,moe,123,2,0,0.07166626304388046,0.07024227827787399,2.2358810901641846
500,mha,moe,123,2,1,0.07224853336811066,0.062264084815979004,2.2358810901641846
500,mha,moe,123,2,2,0.07942993193864822,0.06250657886266708,2.2358810901641846
500,mha,moe,123,2,3,0.06873413175344467,0.06441225111484528,2.2358810901641846
500,mha,moe,123,2,4,0.07659545540809631,0.06665904819965363,2.2358810901641846
500,mha,moe,123,2,5,0.05914672836661339,0.0680314376950264,2.2358810901641846
500,mha,moe,123,2,6,0.08144531399011612,0.08327231556177139,2.2358810901641846
500,mha,moe,123,2,7,0.031397704035043716,0.04655732959508896,2.2358810901641846
500,mha,moe,123,2,8,0.03541870042681694,0.0451650470495224,2.2358810901641846
500,mha,moe,123,2,9,0.028648681938648224,0.03159262239933014,2.2358810901641846
500,mha,moe,123,2,10,0.05567871034145355,0.0639178454875946,2.2358810901641846
500,mha,moe,123,2,11,0.06472533941268921,0.06846156716346741,2.2358810901641846
500,mha,moe,123,2,12,0.07626830786466599,0.07218442857265472,2.2358810901641846
500,mha,moe,123,2,13,0.07057495415210724,0.06171287223696709,2.2358810901641846
500,mha,moe,123,2,14,0.07247436791658401,0.06615625321865082,2.2358810901641846
500,mha,moe,123,2,15,0.055546876043081284,0.06686405837535858,2.2358810901641846
500,mha,moe,123,3,0,0.048527833074331284,0.04865767061710358,1.92854905128479
500,mha,moe,123,3,1,0.07406128197908401,0.07832712680101395,1.92854905128479
500,mha,moe,123,3,2,0.05569824203848839,0.0649864450097084,1.92854905128479
500,mha,moe,123,3,3,0.09343017637729645,0.08715935051441193,1.92854905128479
500,mha,moe,123,3,4,0.07778686285018921,0.06613460183143616,1.92854905128479
500,mha,moe,123,3,5,0.08102661371231079,0.07450643926858902,1.92854905128479
500,mha,moe,123,3,6,0.04973510652780533,0.07009706646203995,1.92854905128479
500,mha,moe,123,3,7,0.052305907011032104,0.05358806625008583,1.92854905128479
500,mha,moe,123,3,8,0.06499756127595901,0.07218464463949203,1.92854905128479
500,mha,moe,123,3,9,0.0712268054485321,0.05860791355371475,1.92854905128479
500,mha,moe,123,3,10,0.07078613340854645,0.05387597903609276,1.92854905128479
500,mha,moe,123,3,11,0.04734863340854645,0.051085591316223145,1.92854905128479
500,mha,moe,123,3,12,0.057069092988967896,0.05913772061467171,1.92854905128479
500,mha,moe,123,3,13,0.053520508110523224,0.0551258884370327,1.92854905128479
500,mha,moe,123,3,14,0.045616455376148224,0.0462469607591629,1.92854905128479
500,mha,moe,123,3,15,0.05686279386281967,0.060278523713350296,1.92854905128479
500,mha,moe,123,4,0,0.0991833508014679,0.08011454343795776,1.8495041131973267
500,mha,moe,123,4,1,0.05699096620082855,0.06806737184524536,1.8495041131973267
500,mha,moe,123,4,2,0.08756835758686066,0.05445994436740875,1.8495041131973267
500,mha,moe,123,4,3,0.03212036192417145,0.043059092015028,1.8495041131973267
500,mha,moe,123,4,4,0.039460450410842896,0.04145515337586403,1.8495041131973267
500,mha,moe,123,4,5,0.04548095539212227,0.04898089915513992,1.8495041131973267
500,mha,moe,123,4,6,0.04210815578699112,0.0512862391769886,1.8495041131973267
500,mha,moe,123,4,7,0.0737927258014679,0.07577546685934067,1.8495041131973267
500,mha,moe,123,4,8,0.020903320983052254,0.03170611336827278,1.8495041131973267
500,mha,moe,123,4,9,0.0916748046875,0.08265277743339539,1.8495041131973267
500,mha,moe,123,4,10,0.09051025658845901,0.07492556422948837,1.8495041131973267
500,mha,moe,123,4,11,0.09367676079273224,0.078293077647686,1.8495041131973267
500,mha,moe,123,4,12,0.04182983562350273,0.043068788945674896,1.8495041131973267
500,mha,moe,123,4,13,0.028376465663313866,0.04166438430547714,1.8495041131973267
500,mha,moe,123,4,14,0.08134154975414276,0.10212646424770355,1.8495041131973267
500,mha,moe,123,4,15,0.074981689453125,0.08236411958932877,1.8495041131973267
500,mha,moe,123,5,0,0.0991833508014679,0.09068003296852112,2.2166011333465576
500,mha,moe,123,5,1,0.06292358040809631,0.06516599655151367,2.2166011333465576
500,mha,moe,123,5,2,0.057744141668081284,0.0557936429977417,2.2166011333465576
500,mha,moe,123,5,3,0.045256346464157104,0.06655892729759216,2.2166011333465576
500,mha,moe,123,5,4,0.047443848103284836,0.042426079511642456,2.2166011333465576
500,mha,moe,123,5,5,0.05389160290360451,0.07121685147285461,2.2166011333465576
500,mha,moe,123,5,6,0.06085205078125,0.05971584469079971,2.2166011333465576
500,mha,moe,123,5,7,0.08526977896690369,0.06774651259183884,2.2166011333465576
500,mha,moe,123,5,8,0.07131225615739822,0.06694886833429337,2.2166011333465576
500,mha,moe,123,5,9,0.051384277641773224,0.05849294736981392,2.2166011333465576
500,mha,moe,123,5,10,0.098236083984375,0.08762914687395096,2.2166011333465576
500,mha,moe,123,5,11,0.06517212092876434,0.05552482232451439,2.2166011333465576
500,mha,moe,123,5,12,0.047938231378793716,0.0427897647023201,2.2166011333465576
500,mha,moe,123,5,13,0.08473022282123566,0.06641973555088043,2.2166011333465576
500,mha,moe,123,5,14,0.030400389805436134,0.04953041672706604,2.2166011333465576
500,mha,moe,123,5,15,0.038261719048023224,0.053360410034656525,2.2166011333465576
1000,mha,moe,123,1,0,0.07172118872404099,0.0628756731748581,2.1202034950256348
1000,mha,moe,123,1,1,0.10235229134559631,0.09004224836826324,2.1202034950256348
1000,mha,moe,123,1,2,0.07854736596345901,0.0699252337217331,2.1202034950256348
1000,mha,moe,123,1,3,0.04968627914786339,0.0571964830160141,2.1202034950256348
1000,mha,moe,123,1,4,0.05357665941119194,0.05614655464887619,2.1202034950256348
1000,mha,moe,123,1,5,0.06896606087684631,0.04982179030776024,2.1202034950256348
1000,mha,moe,123,1,6,0.030131835490465164,0.03839931637048721,2.1202034950256348
1000,mha,moe,123,1,7,0.04046874865889549,0.059317901730537415,2.1202034950256348
1000,mha,moe,123,1,8,0.09774413704872131,0.08364813774824142,2.1202034950256348
1000,mha,moe,123,1,9,0.04621826112270355,0.04895642399787903,2.1202034950256348
1000,mha,moe,123,1,10,0.04595092684030533,0.07149863243103027,2.1202034950256348
1000,mha,moe,123,1,11,0.04173339903354645,0.04639174044132233,2.1202034950256348
1000,mha,moe,123,1,12,0.08418212831020355,0.07504809647798538,2.1202034950256348
1000,mha,moe,123,1,13,0.04545288160443306,0.05296660587191582,2.1202034950256348
1000,mha,moe,123,1,14,0.08197753876447678,0.07739970833063126,2.1202034950256348
1000,mha,moe,123,1,15,0.061290282756090164,0.06036542356014252,2.1202034950256348
1000,mha,moe,123,2,0,0.09680420160293579,0.09341615438461304,2.002593994140625
1000,mha,moe,123,2,1,0.052039794623851776,0.05167858675122261,2.002593994140625
1000,mha,moe,123,2,2,0.06917968392372131,0.05531514063477516,2.002593994140625
1000,mha,moe,123,2,3,0.06025879085063934,0.0640350952744484,2.002593994140625
1000,mha,moe,123,2,4,0.05867675691843033,0.06054016947746277,2.002593994140625
1000,mha,moe,123,2,5,0.08504761010408401,0.07665148377418518,2.002593994140625
1000,mha,moe,123,2,6,0.0742810070514679,0.07541997730731964,2.002593994140625
1000,mha,moe,123,2,7,0.04004516452550888,0.051148273050785065,2.002593994140625
1000,mha,moe,123,2,8,0.056938476860523224,0.05316398665308952,2.002593994140625
1000,mha,moe,123,2,9,0.020267333835363388,0.033493638038635254,2.002593994140625
1000,mha,moe,123,2,10,0.06834106147289276,0.06302811950445175,2.002593994140625
1000,mha,moe,123,2,11,0.05424194410443306,0.06304332613945007,2.002593994140625
1000,mha,moe,123,2,12,0.07754150032997131,0.07218734174966812,2.002593994140625
1000,mha,moe,123,2,13,0.05848144367337227,0.05373715981841087,2.002593994140625
1000,mha,moe,123,2,14,0.06534912437200546,0.06741836667060852,2.002593994140625
1000,mha,moe,123,2,15,0.06250610202550888,0.06572318822145462,2.002593994140625
1000,mha,moe,123,3,0,0.05336181819438934,0.044096317142248154,1.4786765575408936
1000,mha,moe,123,3,1,0.06463867425918579,0.06872187554836273,1.4786765575408936
1000,mha,moe,123,3,2,0.053009033203125,0.058266572654247284,1.4786765575408936
1000,mha,moe,123,3,3,0.07384521514177322,0.07211050391197205,1.4786765575408936
1000,mha,moe,123,3,4,0.07322021573781967,0.06783617287874222,1.4786765575408936
1000,mha,moe,123,3,5,0.07644043117761612,0.08848810940980911,1.4786765575408936
1000,mha,moe,123,3,6,0.06464965641498566,0.07056421786546707,1.4786765575408936
1000,mha,moe,123,3,7,0.04188354313373566,0.04257024824619293,1.4786765575408936
1000,mha,moe,123,3,8,0.05471191555261612,0.06733004003763199,1.4786765575408936
1000,mha,moe,123,3,9,0.07254394888877869,0.07196203619241714,1.4786765575408936
1000,mha,moe,123,3,10,0.06489989906549454,0.05825670063495636,1.4786765575408936
1000,mha,moe,123,3,11,0.055506590753793716,0.051315173506736755,1.4786765575408936
1000,mha,moe,123,3,12,0.04988159239292145,0.053783126175403595,1.4786765575408936
1000,mha,moe,123,3,13,0.08112914860248566,0.07757315039634705,1.4786765575408936
1000,mha,moe,123,3,14,0.06261596828699112,0.04827537015080452,1.4786765575408936
1000,mha,moe,123,3,15,0.05766235291957855,0.058850403875112534,1.4786765575408936
1000,mha,moe,123,4,0,0.09984863549470901,0.08071722090244293,1.4463669061660767
1000,mha,moe,123,4,1,0.05363647639751434,0.0672258585691452,1.4463669061660767
1000,mha,moe,123,4,2,0.07483398169279099,0.04924924671649933,1.4463669061660767
1000,mha,moe,123,4,3,0.022109374403953552,0.03070715256035328,1.4463669061660767
1000,mha,moe,123,4,4,0.04347900301218033,0.040028754621744156,1.4463669061660767
1000,mha,moe,123,4,5,0.05229492112994194,0.04543349891901016,1.4463669061660767
1000,mha,moe,123,4,6,0.05826782062649727,0.05760675296187401,1.4463669061660767
1000,mha,moe,123,4,7,0.06496704369783401,0.07223710417747498,1.4463669061660767
1000,mha,moe,123,4,8,0.03608764708042145,0.038780175149440765,1.4463669061660767
1000,mha,moe,123,4,9,0.07791747897863388,0.06967709213495255,1.4463669061660767
1000,mha,moe,123,4,10,0.08171630650758743,0.07128327339887619,1.4463669061660767
1000,mha,moe,123,4,11,0.08417480438947678,0.07042565941810608,1.4463669061660767
1000,mha,moe,123,4,12,0.04380248859524727,0.044097546488046646,1.4463669061660767
1000,mha,moe,123,4,13,0.032139893621206284,0.03679993003606796,1.4463669061660767
1000,mha,moe,123,4,14,0.08946533501148224,0.12255208939313889,1.4463669061660767
1000,mha,moe,123,4,15,0.08525878936052322,0.10317869484424591,1.4463669061660767
1000,mha,moe,123,5,0,0.10838378965854645,0.10497460514307022,1.6778794527053833
1000,mha,moe,123,5,1,0.06823486089706421,0.08202174305915833,1.6778794527053833
1000,mha,moe,123,5,2,0.052092283964157104,0.044495388865470886,1.6778794527053833
1000,mha,moe,123,5,3,0.04032959043979645,0.05651954561471939,1.6778794527053833
1000,mha,moe,123,5,4,0.08891845494508743,0.08121639490127563,1.6778794527053833
1000,mha,moe,123,5,5,0.04180908203125,0.06047490984201431,1.6778794527053833
1000,mha,moe,123,5,6,0.05732421949505806,0.05125414952635765,1.6778794527053833
1000,mha,moe,123,5,7,0.08370361477136612,0.07242639362812042,1.6778794527053833
1000,mha,moe,123,5,8,0.07697509974241257,0.07192090153694153,1.6778794527053833
1000,mha,moe,123,5,9,0.05991455167531967,0.06924315541982651,1.6778794527053833
1000,mha,moe,123,5,10,0.10163452476263046,0.09050838649272919,1.6778794527053833
1000,mha,moe,123,5,11,0.07142822444438934,0.05900232866406441,1.6778794527053833
1000,mha,moe,123,5,12,0.03003540076315403,0.03586382046341896,1.6778794527053833
1000,mha,moe,123,5,13,0.06258667260408401,0.04957763850688934,1.6778794527053833
1000,mha,moe,123,5,14,0.02393798902630806,0.03246106579899788,1.6778794527053833
1000,mha,moe,123,5,15,0.032691650092601776,0.03803958743810654,1.6778794527053833
1500,mha,moe,123,1,0,0.043272703886032104,0.05697718262672424,2.327148675918579
1500,mha,moe,123,1,1,0.08394653350114822,0.07218597829341888,2.327148675918579
1500,mha,moe,123,1,2,0.07772339135408401,0.06766844540834427,2.327148675918579
1500,mha,moe,123,1,3,0.025190429762005806,0.05543411150574684,2.327148675918579
1500,mha,moe,123,1,4,0.061884764581918716,0.05197444558143616,2.327148675918579
1500,mha,moe,123,1,5,0.035340577363967896,0.05185295268893242,2.327148675918579
1500,mha,moe,123,1,6,0.044036865234375,0.04885786026716232,2.327148675918579
1500,mha,moe,123,1,7,0.06200805678963661,0.0678028091788292,2.327148675918579
1500,mha,moe,123,1,8,0.10378418117761612,0.0791357010602951,2.327148675918579
1500,mha,moe,123,1,9,0.026468506082892418,0.049708787351846695,2.327148675918579
1500,mha,moe,123,1,10,0.08242187649011612,0.07674413174390793,2.327148675918579
1500,mha,moe,123,1,11,0.046900633722543716,0.05129563808441162,2.327148675918579
1500,mha,moe,123,1,12,0.08986449986696243,0.07145608961582184,2.327148675918579
1500,mha,moe,123,1,13,0.052226562052965164,0.05937151610851288,2.327148675918579
1500,mha,moe,123,1,14,0.08856567740440369,0.07881434261798859,2.327148675918579
1500,mha,moe,123,1,15,0.07636474817991257,0.06071997061371803,2.327148675918579
1500,mha,moe,123,2,0,0.07189209014177322,0.07711820304393768,1.9953782558441162
1500,mha,moe,123,2,1,0.06243652477860451,0.05757702887058258,1.9953782558441162
1500,mha,moe,123,2,2,0.07808960229158401,0.06383413076400757,1.9953782558441162
1500,mha,moe,123,2,3,0.05791015550494194,0.06206057220697403,1.9953782558441162
1500,mha,moe,123,2,4,0.055052489042282104,0.05779813602566719,1.9953782558441162
1500,mha,moe,123,2,5,0.07692382484674454,0.0698537826538086,1.9953782558441162
1500,mha,moe,123,2,6,0.06559814512729645,0.07278468459844589,1.9953782558441162
1500,mha,moe,123,2,7,0.04890991374850273,0.059180017560720444,1.9953782558441162
1500,mha,moe,123,2,8,0.054603271186351776,0.05177730694413185,1.9953782558441162
1500,mha,moe,123,2,9,0.03771362453699112,0.0489204078912735,1.9953782558441162
1500,mha,moe,123,2,10,0.0791638195514679,0.06751713156700134,1.9953782558441162
1500,mha,moe,123,2,11,0.06135497987270355,0.06662674248218536,1.9953782558441162
1500,mha,moe,123,2,12,0.07786743342876434,0.07192019373178482,1.9953782558441162
1500,mha,moe,123,2,13,0.055968016386032104,0.05249001458287239,1.9953782558441162
1500,mha,moe,123,2,14,0.07347045838832855,0.06749177724123001,1.9953782558441162
1500,mha,moe,123,2,15,0.04304565489292145,0.05304988473653793,1.9953782558441162
1500,mha,moe,123,3,0,0.03492797911167145,0.0321752168238163,1.4315741062164307
1500,mha,moe,123,3,1,0.07396606355905533,0.07415146380662918,1.4315741062164307
1500,mha,moe,123,3,2,0.06224975734949112,0.06239199638366699,1.4315741062164307
1500,mha,moe,123,3,3,0.07758056372404099,0.07668327540159225,1.4315741062164307
1500,mha,moe,123,3,4,0.06452880799770355,0.05884919688105583,1.4315741062164307
1500,mha,moe,123,3,5,0.08689086884260178,0.09291363507509232,1.4315741062164307
1500,mha,moe,123,3,6,0.04738769680261612,0.06322500854730606,1.4315741062164307
1500,mha,moe,123,3,7,0.04027954116463661,0.04014470428228378,1.4315741062164307
1500,mha,moe,123,3,8,0.05888671800494194,0.07400894910097122,1.4315741062164307
1500,mha,moe,123,3,9,0.08304443210363388,0.08138785511255264,1.4315741062164307
1500,mha,moe,123,3,10,0.06413452327251434,0.06034483015537262,1.4315741062164307
1500,mha,moe,123,3,11,0.054499510675668716,0.05397028103470802,1.4315741062164307
1500,mha,moe,123,3,12,0.05973754823207855,0.05915204435586929,1.4315741062164307
1500,mha,moe,123,3,13,0.06895263493061066,0.0659744068980217,1.4315741062164307
1500,mha,moe,123,3,14,0.06267333775758743,0.046298522502183914,1.4315741062164307
1500,mha,moe,123,3,15,0.06026000902056694,0.058328595012426376,1.4315741062164307
1500,mha,moe,123,4,0,0.09324584901332855,0.07585069537162781,1.262341856956482
1500,mha,moe,123,4,1,0.04859253019094467,0.06376361101865768,1.262341856956482
1500,mha,moe,123,4,2,0.07152953743934631,0.04575073719024658,1.262341856956482
1500,mha,moe,123,4,3,0.029072266072034836,0.03252093493938446,1.262341856956482
1500,mha,moe,123,4,4,0.038939207792282104,0.03559161722660065,1.262341856956482
1500,mha,moe,123,4,5,0.06590454280376434,0.05459478497505188,1.262341856956482
1500,mha,moe,123,4,6,0.056062012910842896,0.0546654611825943,1.262341856956482
1500,mha,moe,123,4,7,0.060456544160842896,0.06661468744277954,1.262341856956482
1500,mha,moe,123,4,8,0.038084715604782104,0.04019336402416229,1.262341856956482
1500,mha,moe,123,4,9,0.07806640863418579,0.07657678425312042,1.262341856956482
1500,mha,moe,123,4,10,0.07080444693565369,0.06283743679523468,1.262341856956482
1500,mha,moe,123,4,11,0.08852050453424454,0.0726672038435936,1.262341856956482
1500,mha,moe,123,4,12,0.051402587443590164,0.056124087423086166,1.262341856956482
1500,mha,moe,123,4,13,0.03546386584639549,0.03615139052271843,1.262341856956482
1500,mha,moe,123,4,14,0.08683715760707855,0.12016326189041138,1.262341856956482
1500,mha,moe,123,4,15,0.08701781928539276,0.10593394935131073,1.262341856956482
1500,mha,moe,123,5,0,0.1002819836139679,0.1007343977689743,1.531775712966919
1500,mha,moe,123,5,1,0.07906494289636612,0.09229952841997147,1.531775712966919
1500,mha,moe,123,5,2,0.055852051824331284,0.044194839894771576,1.531775712966919
1500,mha,moe,123,5,3,0.042854003608226776,0.06037389859557152,1.531775712966919
1500,mha,moe,123,5,4,0.09694457799196243,0.08651715517044067,1.531775712966919
1500,mha,moe,123,5,5,0.03989990055561066,0.0556311309337616,1.531775712966919
1500,mha,moe,123,5,6,0.039805907756090164,0.039492182433605194,1.531775712966919
1500,mha,moe,123,5,7,0.0750439465045929,0.06196929141879082,1.531775712966919
1500,mha,moe,123,5,8,0.08128783851861954,0.07270287722349167,1.531775712966919
1500,mha,moe,123,5,9,0.059943847358226776,0.07107200473546982,1.531775712966919
1500,mha,moe,123,5,10,0.09818847477436066,0.08900000900030136,1.531775712966919
1500,mha,moe,123,5,11,0.07574462890625,0.06536033749580383,1.531775712966919
1500,mha,moe,123,5,12,0.027934569865465164,0.03458743169903755,1.531775712966919
1500,mha,moe,123,5,13,0.06506103277206421,0.052099213004112244,1.531775712966919
1500,mha,moe,123,5,14,0.03334716707468033,0.040400657802820206,1.531775712966919
1500,mha,moe,123,5,15,0.028745116665959358,0.033565036952495575,1.531775712966919
2000,mha,moe,123,1,0,0.04701904207468033,0.06080855801701546,2.4992804527282715
2000,mha,moe,123,1,1,0.07537841796875,0.06287842243909836,2.4992804527282715
2000,mha,moe,123,1,2,0.07984497398138046,0.06399819999933243,2.4992804527282715
2000,mha,moe,123,1,3,0.04235229641199112,0.061276618391275406,2.4992804527282715
2000,mha,moe,123,1,4,0.0875256359577179,0.06160563603043556,2.4992804527282715
2000,mha,moe,123,1,5,0.03453369066119194,0.059902820736169815,2.4992804527282715
2000,mha,moe,123,1,6,0.042030028998851776,0.051644474267959595,2.4992804527282715
2000,mha,moe,123,1,7,0.0746167004108429,0.0724504142999649,2.4992804527282715
2000,mha,moe,123,1,8,0.07724487036466599,0.060332588851451874,2.4992804527282715
2000,mha,moe,123,1,9,0.04475463926792145,0.058527279645204544,2.4992804527282715
2000,mha,moe,123,1,10,0.06626342982053757,0.0706653892993927,2.4992804527282715
2000,mha,moe,123,1,11,0.031818848103284836,0.0562574565410614,2.4992804527282715
2000,mha,moe,123,1,12,0.09563720971345901,0.06811594218015671,2.4992804527282715
2000,mha,moe,123,1,13,0.04301147535443306,0.058262020349502563,2.4992804527282715
2000,mha,moe,123,1,14,0.08393432945013046,0.07074405252933502,2.4992804527282715
2000,mha,moe,123,1,15,0.0740344226360321,0.06253015995025635,2.4992804527282715
2000,mha,moe,123,2,0,0.09159057587385178,0.09229623526334763,2.049849510192871
2000,mha,moe,123,2,1,0.05952514708042145,0.05499087646603584,2.049849510192871
2000,mha,moe,123,2,2,0.07802124321460724,0.06072648987174034,2.049849510192871
2000,mha,moe,123,2,3,0.05866088718175888,0.05846087634563446,2.049849510192871
2000,mha,moe,123,2,4,0.06356323510408401,0.06295955926179886,2.049849510192871
2000,mha,moe,123,2,5,0.07157592475414276,0.06580017507076263,2.049849510192871
2000,mha,moe,123,2,6,0.08368896692991257,0.07724793255329132,2.049849510192871
2000,mha,moe,123,2,7,0.03391113132238388,0.05145958065986633,2.049849510192871
2000,mha,moe,123,2,8,0.053675536066293716,0.05758851021528244,2.049849510192871
2000,mha,moe,123,2,9,0.03437500074505806,0.049344502389431,2.049849510192871
2000,mha,moe,123,2,10,0.07027343660593033,0.06003667786717415,2.049849510192871
2000,mha,moe,123,2,11,0.05804687365889549,0.06642410159111023,2.049849510192871
2000,mha,moe,123,2,12,0.0742199718952179,0.06925198435783386,2.049849510192871
2000,mha,moe,123,2,13,0.056116942316293716,0.05305462330579758,2.049849510192871
2000,mha,moe,123,2,14,0.07074951380491257,0.06936891376972198,2.049849510192871
2000,mha,moe,123,2,15,0.04200561344623566,0.05098891258239746,2.049849510192871
2000,mha,moe,123,3,0,0.02860351651906967,0.028220679610967636,1.4201828241348267
2000,mha,moe,123,3,1,0.06721557676792145,0.07065150886774063,1.4201828241348267
2000,mha,moe,123,3,2,0.06325805932283401,0.061412736773490906,1.4201828241348267
2000,mha,moe,123,3,3,0.07720947265625,0.07675783336162567,1.4201828241348267
2000,mha,moe,123,3,4,0.06546508520841599,0.058974508196115494,1.4201828241348267
2000,mha,moe,123,3,5,0.08345825225114822,0.08565254509449005,1.4201828241348267
2000,mha,moe,123,3,6,0.04582153260707855,0.062219180166721344,1.4201828241348267
2000,mha,moe,123,3,7,0.03494628891348839,0.03693793714046478,1.4201828241348267
2000,mha,moe,123,3,8,0.05314331129193306,0.06956257671117783,1.4201828241348267
2000,mha,moe,123,3,9,0.08330566436052322,0.08223796635866165,1.4201828241348267
2000,mha,moe,123,3,10,0.06692871451377869,0.06606979668140411,1.4201828241348267
2000,mha,moe,123,3,11,0.05712646618485451,0.056004010140895844,1.4201828241348267
2000,mha,moe,123,3,12,0.059295654296875,0.05989173427224159,1.4201828241348267
2000,mha,moe,123,3,13,0.07536254823207855,0.07117161899805069,1.4201828241348267
2000,mha,moe,123,3,14,0.06902221590280533,0.04989628493785858,1.4201828241348267
2000,mha,moe,123,3,15,0.06983764469623566,0.0643390640616417,1.4201828241348267
2000,mha,moe,123,4,0,0.08544067293405533,0.07135206460952759,1.1810179948806763
2000,mha,moe,123,4,1,0.05173584073781967,0.06565728038549423,1.1810179948806763
2000,mha,moe,123,4,2,0.07119018584489822,0.04584411531686783,1.1810179948806763
2000,mha,moe,123,4,3,0.030205078423023224,0.03302732855081558,1.1810179948806763
2000,mha,moe,123,4,4,0.037574462592601776,0.035550426691770554,1.1810179948806763
2000,mha,moe,123,4,5,0.07084716856479645,0.060031868517398834,1.1810179948806763
2000,mha,moe,123,4,6,0.05792480334639549,0.05517595633864403,1.1810179948806763
2000,mha,moe,123,4,7,0.05668456852436066,0.06480138003826141,1.1810179948806763
2000,mha,moe,123,4,8,0.03648681566119194,0.03921934962272644,1.1810179948806763
2000,mha,moe,123,4,9,0.08306640386581421,0.07872132956981659,1.1810179948806763
2000,mha,moe,123,4,10,0.08165161311626434,0.0678759291768074,1.1810179948806763
2000,mha,moe,123,4,11,0.08175414800643921,0.06853032857179642,1.1810179948806763
2000,mha,moe,123,4,12,0.05260375887155533,0.05715327337384224,1.1810179948806763
2000,mha,moe,123,4,13,0.033924560993909836,0.03575032576918602,1.1810179948806763
2000,mha,moe,123,4,14,0.08330444246530533,0.11866480857133865,1.1810179948806763
2000,mha,moe,123,4,15,0.08560547232627869,0.10264427959918976,1.1810179948806763
2000,mha,moe,123,5,0,0.10169799625873566,0.10258905589580536,1.500357985496521
2000,mha,moe,123,5,1,0.0798632800579071,0.08800816535949707,1.500357985496521
2000,mha,moe,123,5,2,0.06018920987844467,0.04528038576245308,1.500357985496521
2000,mha,moe,123,5,3,0.04197997972369194,0.059523891657590866,1.500357985496521
2000,mha,moe,123,5,4,0.09315917640924454,0.08475562185049057,1.500357985496521
2000,mha,moe,123,5,5,0.04722534120082855,0.06181924045085907,1.500357985496521
2000,mha,moe,123,5,6,0.030375976115465164,0.034286580979824066,1.500357985496521
2000,mha,moe,123,5,7,0.06912475824356079,0.05735822021961212,1.500357985496521
2000,mha,moe,123,5,8,0.08151489496231079,0.07093366235494614,1.500357985496521
2000,mha,moe,123,5,9,0.05546264722943306,0.0692361369729042,1.500357985496521
2000,mha,moe,123,5,10,0.09502563625574112,0.08440618216991425,1.500357985496521
2000,mha,moe,123,5,11,0.06525024771690369,0.06007007136940956,1.500357985496521
2000,mha,moe,123,5,12,0.027785643935203552,0.03529291972517967,1.500357985496521
2000,mha,moe,123,5,13,0.07731201499700546,0.06199655681848526,1.500357985496521
2000,mha,moe,123,5,14,0.03813720867037773,0.04647361859679222,1.500357985496521
2000,mha,moe,123,5,15,0.035895995795726776,0.03796973079442978,1.500357985496521
2500,mha,moe,123,1,0,0.06844482570886612,0.06599093973636627,2.5515944957733154
2500,mha,moe,123,1,1,0.07849487662315369,0.06100921332836151,2.5515944957733154
2500,mha,moe,123,1,2,0.07967162877321243,0.06288732588291168,2.5515944957733154
2500,mha,moe,123,1,3,0.022681884467601776,0.05906505510210991,2.5515944957733154
2500,mha,moe,123,1,4,0.0676892101764679,0.060068704187870026,2.5515944957733154
2500,mha,moe,123,1,5,0.06824097037315369,0.0650913268327713,2.5515944957733154
2500,mha,moe,123,1,6,0.03983154147863388,0.05302300304174423,2.5515944957733154
2500,mha,moe,123,1,7,0.07157714664936066,0.0725354328751564,2.5515944957733154
2500,mha,moe,123,1,8,0.07662109285593033,0.0606372132897377,2.5515944957733154
2500,mha,moe,123,1,9,0.035716552287340164,0.05834107846021652,2.5515944957733154
2500,mha,moe,123,1,10,0.0903942883014679,0.07968150079250336,2.5515944957733154
2500,mha,moe,123,1,11,0.044011231511831284,0.06064716354012489,2.5515944957733154
2500,mha,moe,123,1,12,0.05904907360672951,0.05801760032773018,2.5515944957733154
2500,mha,moe,123,1,13,0.044163819402456284,0.05891575664281845,2.5515944957733154
2500,mha,moe,123,1,14,0.0776989758014679,0.0626208558678627,2.5515944957733154
2500,mha,moe,123,1,15,0.0757128894329071,0.061467815190553665,2.5515944957733154
2500,mha,moe,123,2,0,0.09403686225414276,0.09111230075359344,2.0560309886932373
2500,mha,moe,123,2,1,0.05552490055561066,0.0512906014919281,2.0560309886932373
2500,mha,moe,123,2,2,0.06119384616613388,0.056376174092292786,2.0560309886932373
2500,mha,moe,123,2,3,0.05350707843899727,0.06012134999036789,2.0560309886932373
2500,mha,moe,123,2,4,0.06670165807008743,0.0639498233795166,2.0560309886932373
2500,mha,moe,123,2,5,0.063079833984375,0.06159741058945656,2.0560309886932373
2500,mha,moe,123,2,6,0.07673218101263046,0.07692041993141174,2.0560309886932373
2500,mha,moe,123,2,7,0.03979125991463661,0.052042555063962936,2.0560309886932373
2500,mha,moe,123,2,8,0.06636718660593033,0.05989008769392967,2.0560309886932373
2500,mha,moe,123,2,9,0.03549804538488388,0.04915701225399971,2.0560309886932373
2500,mha,moe,123,2,10,0.06309325993061066,0.05539362505078316,2.0560309886932373
2500,mha,moe,123,2,11,0.06268677115440369,0.07152754813432693,2.0560309886932373
2500,mha,moe,123,2,12,0.06822510063648224,0.06506786495447159,2.0560309886932373
2500,mha,moe,123,2,13,0.06780395656824112,0.05979454144835472,2.0560309886932373
2500,mha,moe,123,2,14,0.0831298828125,0.07414117455482483,2.0560309886932373
2500,mha,moe,123,2,15,0.042628172785043716,0.05161753669381142,2.0560309886932373
2500,mha,moe,123,3,0,0.026789551600813866,0.028842967003583908,1.4597893953323364
2500,mha,moe,123,3,1,0.0712597668170929,0.07516485452651978,1.4597893953323364
2500,mha,moe,123,3,2,0.058659669011831284,0.05872087925672531,1.4597893953323364
2500,mha,moe,123,3,3,0.08059082180261612,0.08335711807012558,1.4597893953323364
2500,mha,moe,123,3,4,0.06487182527780533,0.059314485639333725,1.4597893953323364
2500,mha,moe,123,3,5,0.08044677972793579,0.08040079474449158,1.4597893953323364
2500,mha,moe,123,3,6,0.04812866076827049,0.06337349116802216,1.4597893953323364
2500,mha,moe,123,3,7,0.03888915851712227,0.03953669220209122,1.4597893953323364
2500,mha,moe,123,3,8,0.05734008923172951,0.07325117290019989,1.4597893953323364
2500,mha,moe,123,3,9,0.08203491568565369,0.07982929050922394,1.4597893953323364
2500,mha,moe,123,3,10,0.07065429538488388,0.06686460226774216,1.4597893953323364
2500,mha,moe,123,3,11,0.05918823182582855,0.05442909896373749,1.4597893953323364
2500,mha,moe,123,3,12,0.04942505061626434,0.05593758076429367,1.4597893953323364
2500,mha,moe,123,3,13,0.07453002780675888,0.07080287486314774,1.4597893953323364
2500,mha,moe,123,3,14,0.07170288264751434,0.05140276998281479,1.4597893953323364
2500,mha,moe,123,3,15,0.06548827886581421,0.058771368116140366,1.4597893953323364
2500,mha,moe,123,4,0,0.08713745325803757,0.07104133814573288,1.152651309967041
2500,mha,moe,123,4,1,0.05833496153354645,0.0718432068824768,1.152651309967041
2500,mha,moe,123,4,2,0.06123413145542145,0.0401180237531662,1.152651309967041
2500,mha,moe,123,4,3,0.030736083164811134,0.03155304118990898,1.152651309967041
2500,mha,moe,123,4,4,0.04045288264751434,0.03775676339864731,1.152651309967041
2500,mha,moe,123,4,5,0.06275878846645355,0.05532946065068245,1.152651309967041
2500,mha,moe,123,4,6,0.05093993991613388,0.04936474189162254,1.152651309967041
2500,mha,moe,123,4,7,0.05948852375149727,0.06831932812929153,1.152651309967041
2500,mha,moe,123,4,8,0.039976805448532104,0.041749972850084305,1.152651309967041
2500,mha,moe,123,4,9,0.07722046226263046,0.07865102589130402,1.152651309967041
2500,mha,moe,123,4,10,0.09488403052091599,0.07381703704595566,1.152651309967041
2500,mha,moe,123,4,11,0.09194701910018921,0.07146226614713669,1.152651309967041
2500,mha,moe,123,4,12,0.04735473543405533,0.0520314946770668,1.152651309967041
2500,mha,moe,123,4,13,0.03201049938797951,0.03548774495720863,1.152651309967041
2500,mha,moe,123,4,14,0.084991455078125,0.11963558197021484,1.152651309967041
2500,mha,moe,123,4,15,0.08053222298622131,0.10183899849653244,1.152651309967041
2500,mha,moe,123,5,0,0.10605590790510178,0.11040367931127548,1.4815009832382202
2500,mha,moe,123,5,1,0.07351928949356079,0.0844738557934761,1.4815009832382202
2500,mha,moe,123,5,2,0.05460449308156967,0.042358171194791794,1.4815009832382202
2500,mha,moe,123,5,3,0.04451049864292145,0.05979432538151741,1.4815009832382202
2500,mha,moe,123,5,4,0.09651611000299454,0.08430654555559158,1.4815009832382202
2500,mha,moe,123,5,5,0.04911254718899727,0.06032107397913933,1.4815009832382202
2500,mha,moe,123,5,6,0.03389648348093033,0.037255775183439255,1.4815009832382202
2500,mha,moe,123,5,7,0.07935669273138046,0.06511665880680084,1.4815009832382202
2500,mha,moe,123,5,8,0.08174926787614822,0.07010918855667114,1.4815009832382202
2500,mha,moe,123,5,9,0.054920654743909836,0.07226842641830444,1.4815009832382202
2500,mha,moe,123,5,10,0.09645751863718033,0.08513696491718292,1.4815009832382202
2500,mha,moe,123,5,11,0.06328979134559631,0.05773213878273964,1.4815009832382202
2500,mha,moe,123,5,12,0.02240600623190403,0.0314025916159153,1.4815009832382202
2500,mha,moe,123,5,13,0.06945312768220901,0.05628415197134018,1.4815009832382202
2500,mha,moe,123,5,14,0.039252929389476776,0.04616238549351692,1.4815009832382202
2500,mha,moe,123,5,15,0.03489868342876434,0.036874063313007355,1.4815009832382202
3000,mha,moe,123,1,0,0.04020385816693306,0.06351720541715622,2.5727505683898926
3000,mha,moe,123,1,1,0.07860351353883743,0.05878730118274689,2.5727505683898926
3000,mha,moe,123,1,2,0.07678467035293579,0.06205635145306587,2.5727505683898926
3000,mha,moe,123,1,3,0.049382325261831284,0.062123797833919525,2.5727505683898926
3000,mha,moe,123,1,4,0.05949218571186066,0.060840193182229996,2.5727505683898926
3000,mha,moe,123,1,5,0.02776489220559597,0.06042099371552467,2.5727505683898926
3000,mha,moe,123,1,6,0.059782713651657104,0.05695478990674019,2.5727505683898926
3000,mha,moe,123,1,7,0.06624511629343033,0.07290461659431458,2.5727505683898926
3000,mha,moe,123,1,8,0.0743115246295929,0.05962761864066124,2.5727505683898926
3000,mha,moe,123,1,9,0.050849609076976776,0.060653962194919586,2.5727505683898926
3000,mha,moe,123,1,10,0.07226806879043579,0.07647452503442764,2.5727505683898926
3000,mha,moe,123,1,11,0.05308593809604645,0.0621432401239872,2.5727505683898926
3000,mha,moe,123,1,12,0.06720580905675888,0.059522319585084915,2.5727505683898926
3000,mha,moe,123,1,13,0.07326171547174454,0.06393636018037796,2.5727505683898926
3000,mha,moe,123,1,14,0.06760131567716599,0.057185396552085876,2.5727505683898926
3000,mha,moe,123,1,15,0.08315673470497131,0.06285131722688675,2.5727505683898926
3000,mha,moe,123,2,0,0.08467895537614822,0.08449091017246246,2.0161523818969727
3000,mha,moe,123,2,1,0.05897216871380806,0.05273246765136719,2.0161523818969727
3000,mha,moe,123,2,2,0.09171386808156967,0.06984615325927734,2.0161523818969727
3000,mha,moe,123,2,3,0.05166259780526161,0.05750133469700813,2.0161523818969727
3000,mha,moe,123,2,4,0.04670654237270355,0.05329617112874985,2.0161523818969727
3000,mha,moe,123,2,5,0.07344116270542145,0.06808219850063324,2.0161523818969727
3000,mha,moe,123,2,6,0.06010131910443306,0.07317841798067093,2.0161523818969727
3000,mha,moe,123,2,7,0.05962158367037773,0.056066643446683884,2.0161523818969727
3000,mha,moe,123,2,8,0.05057983472943306,0.056302305310964584,2.0161523818969727
3000,mha,moe,123,2,9,0.02579589933156967,0.044596925377845764,2.0161523818969727
3000,mha,moe,123,2,10,0.07633666694164276,0.061382509768009186,2.0161523818969727
3000,mha,moe,123,2,11,0.06567993015050888,0.07320374250411987,2.0161523818969727
3000,mha,moe,123,2,12,0.07186401635408401,0.06757333874702454,2.0161523818969727
3000,mha,moe,123,2,13,0.059730224311351776,0.05437534302473068,2.0161523818969727
3000,mha,moe,123,2,14,0.07880737632513046,0.07507019490003586,2.0161523818969727
3000,mha,moe,123,2,15,0.04430786147713661,0.05230134353041649,2.0161523818969727
3000,mha,moe,123,3,0,0.031437989324331284,0.03077065385878086,1.4223833084106445
3000,mha,moe,123,3,1,0.06950683891773224,0.07344485074281693,1.4223833084106445
3000,mha,moe,123,3,2,0.0555419921875,0.05549921095371246,1.4223833084106445
3000,mha,moe,123,3,3,0.07951171696186066,0.07997588813304901,1.4223833084106445
3000,mha,moe,123,3,4,0.06726928800344467,0.06047578901052475,1.4223833084106445
3000,mha,moe,123,3,5,0.07149291783571243,0.07317189127206802,1.4223833084106445
3000,mha,moe,123,3,6,0.058989256620407104,0.06720065325498581,1.4223833084106445
3000,mha,moe,123,3,7,0.035328369587659836,0.037088241428136826,1.4223833084106445
3000,mha,moe,123,3,8,0.053123779594898224,0.07149296253919601,1.4223833084106445
3000,mha,moe,123,3,9,0.0805981457233429,0.08075989782810211,1.4223833084106445
3000,mha,moe,123,3,10,0.06910644471645355,0.06497326493263245,1.4223833084106445
3000,mha,moe,123,3,11,0.05909912288188934,0.05677728354930878,1.4223833084106445
3000,mha,moe,123,3,12,0.048704832792282104,0.056328386068344116,1.4223833084106445
3000,mha,moe,123,3,13,0.08044800162315369,0.07497645169496536,1.4223833084106445
3000,mha,moe,123,3,14,0.0755603015422821,0.05590998753905296,1.4223833084106445
3000,mha,moe,123,3,15,0.06428100913763046,0.06115458160638809,1.4223833084106445
3000,mha,moe,123,4,0,0.0905749499797821,0.07448454946279526,1.1084171533584595
3000,mha,moe,123,4,1,0.05442871153354645,0.06886810064315796,1.1084171533584595
3000,mha,moe,123,4,2,0.06248290836811066,0.040902309119701385,1.1084171533584595
3000,mha,moe,123,4,3,0.025684814900159836,0.02782459557056427,1.1084171533584595
3000,mha,moe,123,4,4,0.040812987834215164,0.03823709487915039,1.1084171533584595
3000,mha,moe,123,4,5,0.0709851086139679,0.062140122056007385,1.1084171533584595
3000,mha,moe,123,4,6,0.049693603068590164,0.04853632301092148,1.1084171533584595
3000,mha,moe,123,4,7,0.057830810546875,0.06815214455127716,1.1084171533584595
3000,mha,moe,123,4,8,0.04148925840854645,0.04342084005475044,1.1084171533584595
3000,mha,moe,123,4,9,0.08296997100114822,0.08424734324216843,1.1084171533584595
3000,mha,moe,123,4,10,0.09773681312799454,0.0756104364991188,1.1084171533584595
3000,mha,moe,123,4,11,0.09281005710363388,0.071872778236866,1.1084171533584595
3000,mha,moe,123,4,12,0.04214721545577049,0.04710287228226662,1.1084171533584595
3000,mha,moe,123,4,13,0.03147338703274727,0.03363479673862457,1.1084171533584595
3000,mha,moe,123,4,14,0.08017334342002869,0.11559849977493286,1.1084171533584595
3000,mha,moe,123,4,15,0.0787060558795929,0.0993671640753746,1.1084171533584595
3000,mha,moe,123,5,0,0.10518676787614822,0.10886121541261673,1.449193000793457
3000,mha,moe,123,5,1,0.06887329369783401,0.07936070114374161,1.449193000793457
3000,mha,moe,123,5,2,0.04561035335063934,0.038224946707487106,1.449193000793457
3000,mha,moe,123,5,3,0.04031128063797951,0.056908510625362396,1.449193000793457
3000,mha,moe,123,5,4,0.10489990562200546,0.09192603826522827,1.449193000793457
3000,mha,moe,123,5,5,0.048900146037340164,0.05793703719973564,1.449193000793457
3000,mha,moe,123,5,6,0.028488770127296448,0.03384319320321083,1.449193000793457
3000,mha,moe,123,5,7,0.07917968928813934,0.06511051207780838,1.449193000793457
3000,mha,moe,123,5,8,0.08043213188648224,0.06481898576021194,1.449193000793457
3000,mha,moe,123,5,9,0.05146484449505806,0.06992863863706589,1.449193000793457
3000,mha,moe,123,5,10,0.100494384765625,0.09047943353652954,1.449193000793457
3000,mha,moe,123,5,11,0.0707080066204071,0.06513789296150208,1.449193000793457
3000,mha,moe,123,5,12,0.021450195461511612,0.03092956729233265,1.449193000793457
3000,mha,moe,123,5,13,0.07870239019393921,0.06229802966117859,1.449193000793457
3000,mha,moe,123,5,14,0.034205321222543716,0.045023832470178604,1.449193000793457
3000,mha,moe,123,5,15,0.04109252989292145,0.039211466908454895,1.449193000793457
3500,mha,moe,123,1,0,0.040101319551467896,0.06307977437973022,2.5639607906341553
3500,mha,moe,123,1,1,0.07500610500574112,0.05819341167807579,2.5639607906341553
3500,mha,moe,123,1,2,0.06745117157697678,0.05641328915953636,2.5639607906341553
3500,mha,moe,123,1,3,0.08452392369508743,0.06662096828222275,2.5639607906341553
3500,mha,moe,123,1,4,0.04721313342452049,0.05955910682678223,2.5639607906341553
3500,mha,moe,123,1,5,0.06458739936351776,0.0650232583284378,2.5639607906341553
3500,mha,moe,123,1,6,0.04612915217876434,0.057850856333971024,2.5639607906341553
3500,mha,moe,123,1,7,0.05753418058156967,0.06897424906492233,2.5639607906341553
3500,mha,moe,123,1,8,0.05201537907123566,0.05333799496293068,2.5639607906341553
3500,mha,moe,123,1,9,0.05553955212235451,0.061794213950634,2.5639607906341553
3500,mha,moe,123,1,10,0.08129394799470901,0.08097720891237259,2.5639607906341553
3500,mha,moe,123,1,11,0.03017578087747097,0.06021537259221077,2.5639607906341553
3500,mha,moe,123,1,12,0.06444457918405533,0.06045548617839813,2.5639607906341553
3500,mha,moe,123,1,13,0.06541381776332855,0.06347635388374329,2.5639607906341553
3500,mha,moe,123,1,14,0.07621948421001434,0.060233213007450104,2.5639607906341553
3500,mha,moe,123,1,15,0.09235107153654099,0.06379520148038864,2.5639607906341553
3500,mha,moe,123,2,0,0.07940185815095901,0.07973462343215942,2.0046420097351074
3500,mha,moe,123,2,1,0.06248779222369194,0.05609768256545067,2.0046420097351074
3500,mha,moe,123,2,2,0.07317748665809631,0.06406467407941818,2.0046420097351074
3500,mha,moe,123,2,3,0.05542358383536339,0.061414942145347595,2.0046420097351074
3500,mha,moe,123,2,4,0.05042480304837227,0.055851954966783524,2.0046420097351074
3500,mha,moe,123,2,5,0.07014770805835724,0.06478534638881683,2.0046420097351074
3500,mha,moe,123,2,6,0.06430298089981079,0.0729292705655098,2.0046420097351074
3500,mha,moe,123,2,7,0.04439086839556694,0.055470600724220276,2.0046420097351074
3500,mha,moe,123,2,8,0.05121459811925888,0.054519809782505035,2.0046420097351074
3500,mha,moe,123,2,9,0.04094848781824112,0.04821808263659477,2.0046420097351074
3500,mha,moe,123,2,10,0.0761120617389679,0.06225990876555443,2.0046420097351074
3500,mha,moe,123,2,11,0.067962646484375,0.07554761320352554,2.0046420097351074
3500,mha,moe,123,2,12,0.06829467415809631,0.06583178043365479,2.0046420097351074
3500,mha,moe,123,2,13,0.06737182289361954,0.06101003661751747,2.0046420097351074
3500,mha,moe,123,2,14,0.06867919862270355,0.06492158770561218,2.0046420097351074
3500,mha,moe,123,2,15,0.05965942516922951,0.05734207108616829,2.0046420097351074
3500,mha,moe,123,3,0,0.03548950329422951,0.032916706055402756,1.4412869215011597
3500,mha,moe,123,3,1,0.07255615293979645,0.07595615833997726,1.4412869215011597
3500,mha,moe,123,3,2,0.05802978575229645,0.057621024549007416,1.4412869215011597
3500,mha,moe,123,3,3,0.07928954809904099,0.08070588111877441,1.4412869215011597
3500,mha,moe,123,3,4,0.06500610709190369,0.05670506879687309,1.4412869215011597
3500,mha,moe,123,3,5,0.073394775390625,0.0732795000076294,1.4412869215011597
3500,mha,moe,123,3,6,0.06065551936626434,0.06833677738904953,1.4412869215011597
3500,mha,moe,123,3,7,0.032780762761831284,0.036893799901008606,1.4412869215011597
3500,mha,moe,123,3,8,0.050532225519418716,0.06779397279024124,1.4412869215011597
3500,mha,moe,123,3,9,0.08217651396989822,0.08355414122343063,1.4412869215011597
3500,mha,moe,123,3,10,0.066741943359375,0.06286758184432983,1.4412869215011597
3500,mha,moe,123,3,11,0.059605713933706284,0.0591510534286499,1.4412869215011597
3500,mha,moe,123,3,12,0.048588868230581284,0.05697311460971832,1.4412869215011597
3500,mha,moe,123,3,13,0.08107910305261612,0.07449693232774734,1.4412869215011597
3500,mha,moe,123,3,14,0.07129638642072678,0.05301109701395035,1.4412869215011597
3500,mha,moe,123,3,15,0.06277710199356079,0.0597371943295002,1.4412869215011597
3500,mha,moe,123,4,0,0.09443115442991257,0.07803420722484589,1.143014669418335
3500,mha,moe,123,4,1,0.05244384706020355,0.06718483567237854,1.143014669418335
3500,mha,moe,123,4,2,0.06611938774585724,0.04394792392849922,1.143014669418335
3500,mha,moe,123,4,3,0.031221924349665642,0.03206158056855202,1.143014669418335
3500,mha,moe,123,4,4,0.04233764484524727,0.03975938633084297,1.143014669418335
3500,mha,moe,123,4,5,0.06595947593450546,0.058907508850097656,1.143014669418335
3500,mha,moe,123,4,6,0.05046752840280533,0.04897085577249527,1.143014669418335
3500,mha,moe,123,4,7,0.05548705905675888,0.06393381953239441,1.143014669418335
3500,mha,moe,123,4,8,0.042658690363168716,0.045416783541440964,1.143014669418335
3500,mha,moe,123,4,9,0.08357299864292145,0.08421040326356888,1.143014669418335
3500,mha,moe,123,4,10,0.08743530511856079,0.0699254721403122,1.143014669418335
3500,mha,moe,123,4,11,0.09337402135133743,0.07305983453989029,1.143014669418335
3500,mha,moe,123,4,12,0.04487914964556694,0.050075482577085495,1.143014669418335
3500,mha,moe,123,4,13,0.030034178867936134,0.0337035208940506,1.143014669418335
3500,mha,moe,123,4,14,0.08002441376447678,0.11419139057397842,1.143014669418335
3500,mha,moe,123,4,15,0.07955322414636612,0.09661698341369629,1.143014669418335
3500,mha,moe,123,5,0,0.10054931789636612,0.10058696568012238,1.448593258857727
3500,mha,moe,123,5,1,0.07058960199356079,0.08206836879253387,1.448593258857727
3500,mha,moe,123,5,2,0.058232422918081284,0.04506047070026398,1.448593258857727
3500,mha,moe,123,5,3,0.03861694410443306,0.05654371157288551,1.448593258857727
3500,mha,moe,123,5,4,0.10234253108501434,0.08634929358959198,1.448593258857727
3500,mha,moe,123,5,5,0.05529174953699112,0.06454689800739288,1.448593258857727
3500,mha,moe,123,5,6,0.03232055529952049,0.035030681639909744,1.448593258857727
3500,mha,moe,123,5,7,0.08436767756938934,0.07105397433042526,1.448593258857727
3500,mha,moe,123,5,8,0.08272095024585724,0.06727083027362823,1.448593258857727
3500,mha,moe,123,5,9,0.04662719741463661,0.06619078665971756,1.448593258857727
3500,mha,moe,123,5,10,0.0978710949420929,0.08931432664394379,1.448593258857727
3500,mha,moe,123,5,11,0.06447997689247131,0.06096888706088066,1.448593258857727
3500,mha,moe,123,5,12,0.021907959133386612,0.03236246854066849,1.448593258857727
3500,mha,moe,123,5,13,0.06862670928239822,0.05528649687767029,1.448593258857727
3500,mha,moe,123,5,14,0.03937011584639549,0.04961135983467102,1.448593258857727
3500,mha,moe,123,5,15,0.03608520328998566,0.03775450214743614,1.448593258857727
4000,mha,moe,123,1,0,0.056737061589956284,0.06434480845928192,2.559821128845215
4000,mha,moe,123,1,1,0.0747692883014679,0.05781129002571106,2.559821128845215
4000,mha,moe,123,1,2,0.06389526277780533,0.05619114264845848,2.559821128845215
4000,mha,moe,123,1,3,0.031135253608226776,0.059632688760757446,2.559821128845215
4000,mha,moe,123,1,4,0.06867919862270355,0.0618336945772171,2.559821128845215
4000,mha,moe,123,1,5,0.025532227009534836,0.0592990443110466,2.559821128845215
4000,mha,moe,123,1,6,0.046290282160043716,0.057066213339567184,2.559821128845215
4000,mha,moe,123,1,7,0.08072631806135178,0.07396562397480011,2.559821128845215
4000,mha,moe,123,1,8,0.07410644739866257,0.06129448860883713,2.559821128845215
4000,mha,moe,123,1,9,0.05381103605031967,0.06019707769155502,2.559821128845215
4000,mha,moe,123,1,10,0.08842162787914276,0.0792473778128624,2.559821128845215
4000,mha,moe,123,1,11,0.036469727754592896,0.05998634174466133,2.559821128845215
4000,mha,moe,123,1,12,0.07385009527206421,0.06222554296255112,2.559821128845215
4000,mha,moe,123,1,13,0.060740966349840164,0.06284911930561066,2.559821128845215
4000,mha,moe,123,1,14,0.07202392816543579,0.05969446524977684,2.559821128845215
4000,mha,moe,123,1,15,0.09281127899885178,0.064361073076725,2.559821128845215
4000,mha,moe,123,2,0,0.08486694097518921,0.08602570742368698,1.975327491760254
4000,mha,moe,123,2,1,0.060600586235523224,0.05592964217066765,1.975327491760254
4000,mha,moe,123,2,2,0.08960327506065369,0.07117285579442978,1.975327491760254
4000,mha,moe,123,2,3,0.05038085952401161,0.05804317072033882,1.975327491760254
4000,mha,moe,123,2,4,0.04630981385707855,0.05375555157661438,1.975327491760254
4000,mha,moe,123,2,5,0.07002319395542145,0.06655164062976837,1.975327491760254
4000,mha,moe,123,2,6,0.06315307319164276,0.07366729527711868,1.975327491760254
4000,mha,moe,123,2,7,0.04948364198207855,0.05484691262245178,1.975327491760254
4000,mha,moe,123,2,8,0.04638671875,0.05236328765749931,1.975327491760254
4000,mha,moe,123,2,9,0.03713012859225273,0.04523862525820732,1.975327491760254
4000,mha,moe,123,2,10,0.07300781458616257,0.059462569653987885,1.975327491760254
4000,mha,moe,123,2,11,0.06485717743635178,0.0739508792757988,1.975327491760254
4000,mha,moe,123,2,12,0.07464233040809631,0.06970231980085373,1.975327491760254
4000,mha,moe,123,2,13,0.05509643629193306,0.05303121730685234,1.975327491760254
4000,mha,moe,123,2,14,0.07776489108800888,0.0705186203122139,1.975327491760254
4000,mha,moe,123,2,15,0.05669311434030533,0.05573972314596176,1.975327491760254
4000,mha,moe,123,3,0,0.03523803874850273,0.033036552369594574,1.4045720100402832
4000,mha,moe,123,3,1,0.05954955890774727,0.0640346109867096,1.4045720100402832
4000,mha,moe,123,3,2,0.056361082941293716,0.056445468217134476,1.4045720100402832
4000,mha,moe,123,3,3,0.07876953482627869,0.07912339270114899,1.4045720100402832
4000,mha,moe,123,3,4,0.06358276307582855,0.05532987043261528,1.4045720100402832
4000,mha,moe,123,3,5,0.07316650450229645,0.0735282152891159,1.4045720100402832
4000,mha,moe,123,3,6,0.05801635608077049,0.06656084954738617,1.4045720100402832
4000,mha,moe,123,3,7,0.03780151531100273,0.04084367677569389,1.4045720100402832
4000,mha,moe,123,3,8,0.05658569186925888,0.0726967379450798,1.4045720100402832
4000,mha,moe,123,3,9,0.0871264636516571,0.08774276822805405,1.4045720100402832
4000,mha,moe,123,3,10,0.07037720084190369,0.06812455505132675,1.4045720100402832
4000,mha,moe,123,3,11,0.06186157092452049,0.06216035783290863,1.4045720100402832
4000,mha,moe,123,3,12,0.046788331121206284,0.05499940365552902,1.4045720100402832
4000,mha,moe,123,3,13,0.07891479134559631,0.07372317463159561,1.4045720100402832
4000,mha,moe,123,3,14,0.07063110172748566,0.051942743360996246,1.4045720100402832
4000,mha,moe,123,3,15,0.06522949039936066,0.05970758572220802,1.4045720100402832
4000,mha,moe,123,4,0,0.09209472686052322,0.07536618411540985,1.1181377172470093
4000,mha,moe,123,4,1,0.05755859240889549,0.07322879880666733,1.1181377172470093
4000,mha,moe,123,4,2,0.06516357511281967,0.04054583981633186,1.1181377172470093
4000,mha,moe,123,4,3,0.031226806342601776,0.0346171073615551,1.1181377172470093
4000,mha,moe,123,4,4,0.04257568344473839,0.03981021046638489,1.1181377172470093
4000,mha,moe,123,4,5,0.06616943329572678,0.059181857854127884,1.1181377172470093
4000,mha,moe,123,4,6,0.04541992023587227,0.04661925882101059,1.1181377172470093
4000,mha,moe,123,4,7,0.056187745183706284,0.06640735268592834,1.1181377172470093
4000,mha,moe,123,4,8,0.03892700374126434,0.042049530893564224,1.1181377172470093
4000,mha,moe,123,4,9,0.08502563834190369,0.08598272502422333,1.1181377172470093
4000,mha,moe,123,4,10,0.09304565191268921,0.07170051336288452,1.1181377172470093
4000,mha,moe,123,4,11,0.09087402373552322,0.06914190948009491,1.1181377172470093
4000,mha,moe,123,4,12,0.04401855543255806,0.04901891574263573,1.1181377172470093
4000,mha,moe,123,4,13,0.029819335788488388,0.03274417668581009,1.1181377172470093
4000,mha,moe,123,4,14,0.07871582359075546,0.1132754236459732,1.1181377172470093
4000,mha,moe,123,4,15,0.08317749202251434,0.10031019151210785,1.1181377172470093
4000,mha,moe,123,5,0,0.10405395179986954,0.10861353576183319,1.4231027364730835
4000,mha,moe,123,5,1,0.07050780951976776,0.08068384975194931,1.4231027364730835
4000,mha,moe,123,5,2,0.048979490995407104,0.03913614898920059,1.4231027364730835
4000,mha,moe,123,5,3,0.04081787168979645,0.057917386293411255,1.4231027364730835
4000,mha,moe,123,5,4,0.10471557825803757,0.08996555209159851,1.4231027364730835
4000,mha,moe,123,5,5,0.05018676817417145,0.05992279574275017,1.4231027364730835
4000,mha,moe,123,5,6,0.0321044921875,0.03441550210118294,1.4231027364730835
4000,mha,moe,123,5,7,0.08011474460363388,0.0659085363149643,1.4231027364730835
4000,mha,moe,123,5,8,0.08203735202550888,0.06492404639720917,1.4231027364730835
4000,mha,moe,123,5,9,0.04795654118061066,0.06770811229944229,1.4231027364730835
4000,mha,moe,123,5,10,0.10398803651332855,0.09327128529548645,1.4231027364730835
4000,mha,moe,123,5,11,0.0652478039264679,0.06343305855989456,1.4231027364730835
4000,mha,moe,123,5,12,0.02131957933306694,0.03050461784005165,1.4231027364730835
4000,mha,moe,123,5,13,0.07683959603309631,0.06219129636883736,1.4231027364730835
4000,mha,moe,123,5,14,0.03718017414212227,0.04707787185907364,1.4231027364730835
4000,mha,moe,123,5,15,0.03395019471645355,0.03432641923427582,1.4231027364730835
4500,mha,moe,123,1,0,0.06891723722219467,0.06727120280265808,2.5441689491271973
4500,mha,moe,123,1,1,0.07810058444738388,0.05843691900372505,2.5441689491271973
4500,mha,moe,123,1,2,0.0708605945110321,0.057728320360183716,2.5441689491271973
4500,mha,moe,123,1,3,0.03194946423172951,0.061208415776491165,2.5441689491271973
4500,mha,moe,123,1,4,0.05110839754343033,0.06082526221871376,2.5441689491271973
4500,mha,moe,123,1,5,0.05146484449505806,0.061427582055330276,2.5441689491271973
4500,mha,moe,123,1,6,0.07984618842601776,0.06029529869556427,2.5441689491271973
4500,mha,moe,123,1,7,0.054295655339956284,0.06835488975048065,2.5441689491271973
4500,mha,moe,123,1,8,0.07326903939247131,0.06082141771912575,2.5441689491271973
4500,mha,moe,123,1,9,0.06413330137729645,0.06113561615347862,2.5441689491271973
4500,mha,moe,123,1,10,0.06319335848093033,0.07872350513935089,2.5441689491271973
4500,mha,moe,123,1,11,0.040751952677965164,0.06088694930076599,2.5441689491271973
4500,mha,moe,123,1,12,0.05525512620806694,0.05791529268026352,2.5441689491271973
4500,mha,moe,123,1,13,0.06895141303539276,0.06375130265951157,2.5441689491271973
4500,mha,moe,123,1,14,0.06799926608800888,0.059042416512966156,2.5441689491271973
4500,mha,moe,123,1,15,0.07990356534719467,0.062175583094358444,2.5441689491271973
4500,mha,moe,123,2,0,0.07820556312799454,0.07878641039133072,1.9504166841506958
4500,mha,moe,123,2,1,0.06412475556135178,0.0574549101293087,1.9504166841506958
4500,mha,moe,123,2,2,0.08797973394393921,0.07026301324367523,1.9504166841506958
4500,mha,moe,123,2,3,0.04950317367911339,0.05761529505252838,1.9504166841506958
4500,mha,moe,123,2,4,0.050999756902456284,0.055714841932058334,1.9504166841506958
4500,mha,moe,123,2,5,0.06422973424196243,0.06350959092378616,1.9504166841506958
4500,mha,moe,123,2,6,0.05836670100688934,0.07442376762628555,1.9504166841506958
4500,mha,moe,123,2,7,0.03920166194438934,0.051787085831165314,1.9504166841506958
4500,mha,moe,123,2,8,0.053699951618909836,0.05501459911465645,1.9504166841506958
4500,mha,moe,123,2,9,0.03952880948781967,0.04462331905961037,1.9504166841506958
4500,mha,moe,123,2,10,0.07702881097793579,0.062173474580049515,1.9504166841506958
4500,mha,moe,123,2,11,0.06813598424196243,0.07335703074932098,1.9504166841506958
4500,mha,moe,123,2,12,0.07310791313648224,0.07089748233556747,1.9504166841506958
4500,mha,moe,123,2,13,0.06473022699356079,0.05724085867404938,1.9504166841506958
4500,mha,moe,123,2,14,0.08456787467002869,0.07706428319215775,1.9504166841506958
4500,mha,moe,123,2,15,0.046589355915784836,0.05007399991154671,1.9504166841506958
4500,mha,moe,123,3,0,0.03601440414786339,0.03418034687638283,1.412360429763794
4500,mha,moe,123,3,1,0.06781493872404099,0.07112245261669159,1.412360429763794
4500,mha,moe,123,3,2,0.05482666194438934,0.054051294922828674,1.412360429763794
4500,mha,moe,123,3,3,0.07844237983226776,0.08069349080324173,1.412360429763794
4500,mha,moe,123,3,4,0.06589721888303757,0.05573198199272156,1.412360429763794
4500,mha,moe,123,3,5,0.06664062291383743,0.06554785370826721,1.412360429763794
4500,mha,moe,123,3,6,0.057464599609375,0.06262992322444916,1.412360429763794
4500,mha,moe,123,3,7,0.031529542058706284,0.03689383715391159,1.412360429763794
4500,mha,moe,123,3,8,0.055699463933706284,0.0744464173913002,1.412360429763794
4500,mha,moe,123,3,9,0.08158325403928757,0.08078189194202423,1.412360429763794
4500,mha,moe,123,3,10,0.07118286192417145,0.06814892590045929,1.412360429763794
4500,mha,moe,123,3,11,0.06026000902056694,0.06363371759653091,1.412360429763794
4500,mha,moe,123,3,12,0.048778075724840164,0.056210365146398544,1.412360429763794
4500,mha,moe,123,3,13,0.07921630889177322,0.07441630959510803,1.412360429763794
4500,mha,moe,123,3,14,0.07532470673322678,0.05717542767524719,1.412360429763794
4500,mha,moe,123,3,15,0.06932494789361954,0.06433572620153427,1.412360429763794
4500,mha,moe,123,4,0,0.0916748046875,0.07471136748790741,1.1251260042190552
4500,mha,moe,123,4,1,0.055482178926467896,0.07180421054363251,1.1251260042190552
4500,mha,moe,123,4,2,0.07181030511856079,0.044786881655454636,1.1251260042190552
4500,mha,moe,123,4,3,0.026113281026482582,0.029064936563372612,1.1251260042190552
4500,mha,moe,123,4,4,0.04628662019968033,0.04215708374977112,1.1251260042190552
4500,mha,moe,123,4,5,0.06231079250574112,0.0562874935567379,1.1251260042190552
4500,mha,moe,123,4,6,0.046082764863967896,0.04700929671525955,1.1251260042190552
4500,mha,moe,123,4,7,0.05703369155526161,0.06706955283880234,1.1251260042190552
4500,mha,moe,123,4,8,0.04538940265774727,0.048224929720163345,1.1251260042190552
4500,mha,moe,123,4,9,0.08194702118635178,0.08398788422346115,1.1251260042190552
4500,mha,moe,123,4,10,0.09178832918405533,0.0733298808336258,1.1251260042190552
4500,mha,moe,123,4,11,0.08898315578699112,0.06669923663139343,1.1251260042190552
4500,mha,moe,123,4,12,0.044898681342601776,0.04944339767098427,1.1251260042190552
4500,mha,moe,123,4,13,0.029847411438822746,0.034377969801425934,1.1251260042190552
4500,mha,moe,123,4,14,0.07832519710063934,0.11248166114091873,1.1251260042190552
4500,mha,moe,123,4,15,0.08202636986970901,0.09856423735618591,1.1251260042190552
4500,mha,moe,123,5,0,0.10198120027780533,0.10441074520349503,1.4413670301437378
4500,mha,moe,123,5,1,0.06793579459190369,0.07854308933019638,1.4413670301437378
4500,mha,moe,123,5,2,0.05907836928963661,0.044694047421216965,1.4413670301437378
4500,mha,moe,123,5,3,0.040559083223342896,0.058684736490249634,1.4413670301437378
4500,mha,moe,123,5,4,0.10256103426218033,0.08701033890247345,1.4413670301437378
4500,mha,moe,123,5,5,0.056446533650159836,0.06525074690580368,1.4413670301437378
4500,mha,moe,123,5,6,0.03594116121530533,0.03851616755127907,1.4413670301437378
4500,mha,moe,123,5,7,0.0775158703327179,0.06414639204740524,1.4413670301437378
4500,mha,moe,123,5,8,0.08258056640625,0.06592386960983276,1.4413670301437378
4500,mha,moe,123,5,9,0.047886963933706284,0.06818781048059464,1.4413670301437378
4500,mha,moe,123,5,10,0.10095581412315369,0.0898280143737793,1.4413670301437378
4500,mha,moe,123,5,11,0.0656140148639679,0.06340312212705612,1.4413670301437378
4500,mha,moe,123,5,12,0.022874755784869194,0.032331619411706924,1.4413670301437378
4500,mha,moe,123,5,13,0.06608276069164276,0.05376821383833885,1.4413670301437378
4500,mha,moe,123,5,14,0.038959961384534836,0.049686841666698456,1.4413670301437378
4500,mha,moe,123,5,15,0.03302612155675888,0.03561423718929291,1.4413670301437378
5000,mha,moe,123,1,0,0.06889892369508743,0.06514854729175568,2.526827812194824
5000,mha,moe,123,1,1,0.09181762486696243,0.0638604611158371,2.526827812194824
5000,mha,moe,123,1,2,0.08049072325229645,0.0624384731054306,2.526827812194824
5000,mha,moe,123,1,3,0.04317871108651161,0.061081837862730026,2.526827812194824
5000,mha,moe,123,1,4,0.04779662936925888,0.05866401642560959,2.526827812194824
5000,mha,moe,123,1,5,0.05669189617037773,0.06038479879498482,2.526827812194824
5000,mha,moe,123,1,6,0.03572387620806694,0.05571678280830383,2.526827812194824
5000,mha,moe,123,1,7,0.06453125178813934,0.07002595067024231,2.526827812194824
5000,mha,moe,123,1,8,0.06994384527206421,0.05879395082592964,2.526827812194824
5000,mha,moe,123,1,9,0.04648437350988388,0.058000598102808,2.526827812194824
5000,mha,moe,123,1,10,0.08940795809030533,0.08333045989274979,2.526827812194824
5000,mha,moe,123,1,11,0.029392089694738388,0.05797365680336952,2.526827812194824
5000,mha,moe,123,1,12,0.06783569604158401,0.062033068388700485,2.526827812194824
5000,mha,moe,123,1,13,0.05884765461087227,0.062105096876621246,2.526827812194824
5000,mha,moe,123,1,14,0.05793823301792145,0.05563565716147423,2.526827812194824
5000,mha,moe,123,1,15,0.09102050960063934,0.06480668485164642,2.526827812194824
5000,mha,moe,123,2,0,0.08475098013877869,0.08475343883037567,1.9266960620880127
5000,mha,moe,123,2,1,0.05331787094473839,0.05003124848008156,1.9266960620880127
5000,mha,moe,123,2,2,0.07093872129917145,0.06462159007787704,1.9266960620880127
5000,mha,moe,123,2,3,0.04340942203998566,0.05408388003706932,1.9266960620880127
5000,mha,moe,123,2,4,0.046412352472543716,0.053650546818971634,1.9266960620880127
5000,mha,moe,123,2,5,0.07261718809604645,0.06745586544275284,1.9266960620880127
5000,mha,moe,123,2,6,0.06809204071760178,0.07818539440631866,1.9266960620880127
5000,mha,moe,123,2,7,0.04072875902056694,0.05234234407544136,1.9266960620880127
5000,mha,moe,123,2,8,0.054039306938648224,0.05485284700989723,1.9266960620880127
5000,mha,moe,123,2,9,0.04720703139901161,0.04596120864152908,1.9266960620880127
5000,mha,moe,123,2,10,0.07845336943864822,0.06355540454387665,1.9266960620880127
5000,mha,moe,123,2,11,0.06566040217876434,0.07211687415838242,1.9266960620880127
5000,mha,moe,123,2,12,0.06685791164636612,0.06615547835826874,1.9266960620880127
5000,mha,moe,123,2,13,0.06281737983226776,0.05909419432282448,1.9266960620880127
5000,mha,moe,123,2,14,0.08149902522563934,0.07353367656469345,1.9266960620880127
5000,mha,moe,123,2,15,0.06319823861122131,0.059606000781059265,1.9266960620880127
5000,mha,moe,123,3,0,0.030900878831744194,0.03095526248216629,1.3914839029312134
5000,mha,moe,123,3,1,0.06499389559030533,0.06795492768287659,1.3914839029312134
5000,mha,moe,123,3,2,0.057225342839956284,0.05510668456554413,1.3914839029312134
5000,mha,moe,123,3,3,0.08107910305261612,0.08304925262928009,1.3914839029312134
5000,mha,moe,123,3,4,0.06534912437200546,0.05772344022989273,1.3914839029312134
5000,mha,moe,123,3,5,0.06954589486122131,0.06958639621734619,1.3914839029312134
5000,mha,moe,123,3,6,0.059910889714956284,0.06265117973089218,1.3914839029312134
5000,mha,moe,123,3,7,0.03424926847219467,0.03925534337759018,1.3914839029312134
5000,mha,moe,123,3,8,0.05658325180411339,0.07391045242547989,1.3914839029312134
5000,mha,moe,123,3,9,0.07922851294279099,0.07715437561273575,1.3914839029312134
5000,mha,moe,123,3,10,0.0703125,0.0701698437333107,1.3914839029312134
5000,mha,moe,123,3,11,0.05886474624276161,0.06379260867834091,1.3914839029312134
5000,mha,moe,123,3,12,0.047515869140625,0.05490162968635559,1.3914839029312134
5000,mha,moe,123,3,13,0.0807788074016571,0.07613307237625122,1.3914839029312134
5000,mha,moe,123,3,14,0.07725097984075546,0.057576507329940796,1.3914839029312134
5000,mha,moe,123,3,15,0.06621094048023224,0.060079023241996765,1.3914839029312134
5000,mha,moe,123,4,0,0.09596557915210724,0.07945277541875839,1.1279183626174927
5000,mha,moe,123,4,1,0.05476928874850273,0.07105500996112823,1.1279183626174927
5000,mha,moe,123,4,2,0.06027587875723839,0.04178136959671974,1.1279183626174927
5000,mha,moe,123,4,3,0.02350463904440403,0.027413377538323402,1.1279183626174927
5000,mha,moe,123,4,4,0.04466552659869194,0.04132853075861931,1.1279183626174927
5000,mha,moe,123,4,5,0.05958007648587227,0.053927768021821976,1.1279183626174927
5000,mha,moe,123,4,6,0.04863891750574112,0.04895930737257004,1.1279183626174927
5000,mha,moe,123,4,7,0.057713624089956284,0.06668338179588318,1.1279183626174927
5000,mha,moe,123,4,8,0.04598755016922951,0.0494326688349247,1.1279183626174927
5000,mha,moe,123,4,9,0.0857836902141571,0.0888344943523407,1.1279183626174927
5000,mha,moe,123,4,10,0.09707885980606079,0.07392209768295288,1.1279183626174927
5000,mha,moe,123,4,11,0.09680908173322678,0.069645956158638,1.1279183626174927
5000,mha,moe,123,4,12,0.04498901218175888,0.049981389194726944,1.1279183626174927
5000,mha,moe,123,4,13,0.030244139954447746,0.03386712446808815,1.1279183626174927
5000,mha,moe,123,4,14,0.07867676019668579,0.11025535315275192,1.1279183626174927
5000,mha,moe,123,4,15,0.0753173828125,0.09345941245555878,1.1279183626174927
5000,mha,moe,123,5,0,0.0974438488483429,0.10017576813697815,1.436845302581787
5000,mha,moe,123,5,1,0.06586059927940369,0.07580545544624329,1.436845302581787
5000,mha,moe,123,5,2,0.05314575135707855,0.04178646206855774,1.436845302581787
5000,mha,moe,123,5,3,0.03955932706594467,0.058056529611349106,1.436845302581787
5000,mha,moe,123,5,4,0.10294678062200546,0.08611655980348587,1.436845302581787
5000,mha,moe,123,5,5,0.05052856355905533,0.05640560761094093,1.436845302581787
5000,mha,moe,123,5,6,0.03205810487270355,0.03580451011657715,1.436845302581787
5000,mha,moe,123,5,7,0.08208618313074112,0.06873653084039688,1.436845302581787
5000,mha,moe,123,5,8,0.08712158352136612,0.06709697097539902,1.436845302581787
5000,mha,moe,123,5,9,0.053526610136032104,0.07468509674072266,1.436845302581787
5000,mha,moe,123,5,10,0.10126342624425888,0.09325315803289413,1.436845302581787
5000,mha,moe,123,5,11,0.06424560397863388,0.06286939233541489,1.436845302581787
5000,mha,moe,123,5,12,0.02223510667681694,0.03147634491324425,1.436845302581787
5000,mha,moe,123,5,13,0.0712292492389679,0.05784384161233902,1.436845302581787
5000,mha,moe,123,5,14,0.04173217713832855,0.05255084112286568,1.436845302581787
5000,mha,moe,123,5,15,0.03501708805561066,0.037336915731430054,1.436845302581787
5500,mha,moe,123,1,0,0.08165771514177322,0.06601372361183167,2.5166754722595215
5500,mha,moe,123,1,1,0.07374267280101776,0.058530293405056,2.5166754722595215
5500,mha,moe,123,1,2,0.07445801049470901,0.0598163902759552,2.5166754722595215
5500,mha,moe,123,1,3,0.029005127027630806,0.057824958115816116,2.5166754722595215
5500,mha,moe,123,1,4,0.04586181789636612,0.06021617352962494,2.5166754722595215
5500,mha,moe,123,1,5,0.051610108464956284,0.058156002312898636,2.5166754722595215
5500,mha,moe,123,1,6,0.03758423030376434,0.056252371519804,2.5166754722595215
5500,mha,moe,123,1,7,0.06809081882238388,0.07280440628528595,2.5166754722595215
5500,mha,moe,123,1,8,0.07405883818864822,0.060642633587121964,2.5166754722595215
5500,mha,moe,123,1,9,0.04593750089406967,0.05708875507116318,2.5166754722595215
5500,mha,moe,123,1,10,0.08150512725114822,0.08184321224689484,2.5166754722595215
5500,mha,moe,123,1,11,0.030708007514476776,0.05575958266854286,2.5166754722595215
5500,mha,moe,123,1,12,0.07250732183456421,0.06305945664644241,2.5166754722595215
5500,mha,moe,123,1,13,0.06705444306135178,0.06360074877738953,2.5166754722595215
5500,mha,moe,123,1,14,0.06663574278354645,0.05927130579948425,2.5166754722595215
5500,mha,moe,123,1,15,0.09958252310752869,0.06911995261907578,2.5166754722595215
5500,mha,moe,123,2,0,0.08143676817417145,0.08067837357521057,1.897249698638916
5500,mha,moe,123,2,1,0.06615722924470901,0.06026879698038101,1.897249698638916
5500,mha,moe,123,2,2,0.07227417081594467,0.06651122123003006,1.897249698638916
5500,mha,moe,123,2,3,0.046070557087659836,0.05565958470106125,1.897249698638916
5500,mha,moe,123,2,4,0.04325927793979645,0.05074789375066757,1.897249698638916
5500,mha,moe,123,2,5,0.06683593988418579,0.0651005432009697,1.897249698638916
5500,mha,moe,123,2,6,0.057758789509534836,0.07331347465515137,1.897249698638916
5500,mha,moe,123,2,7,0.04511962831020355,0.05143820866942406,1.897249698638916
5500,mha,moe,123,2,8,0.04976806789636612,0.05410882458090782,1.897249698638916
5500,mha,moe,123,2,9,0.044066160917282104,0.04355054721236229,1.897249698638916
5500,mha,moe,123,2,10,0.07635253667831421,0.06238878145813942,1.897249698638916
5500,mha,moe,123,2,11,0.07518921047449112,0.07964374125003815,1.897249698638916
5500,mha,moe,123,2,12,0.07159179449081421,0.06935290992259979,1.897249698638916
5500,mha,moe,123,2,13,0.06751953065395355,0.06137848272919655,1.897249698638916
5500,mha,moe,123,2,14,0.07756835967302322,0.07095002382993698,1.897249698638916
5500,mha,moe,123,2,15,0.059031981974840164,0.054908622056245804,1.897249698638916
5500,mha,moe,123,3,0,0.03912719711661339,0.035948511213064194,1.387208104133606
5500,mha,moe,123,3,1,0.06630370765924454,0.06716948747634888,1.387208104133606
5500,mha,moe,123,3,2,0.058558348566293716,0.05804119631648064,1.387208104133606
5500,mha,moe,123,3,3,0.08114013820886612,0.08288747817277908,1.387208104133606
5500,mha,moe,123,3,4,0.06688720732927322,0.05804082006216049,1.387208104133606
5500,mha,moe,123,3,5,0.07184570282697678,0.07156430184841156,1.387208104133606
5500,mha,moe,123,3,6,0.06067260727286339,0.06461814045906067,1.387208104133606
5500,mha,moe,123,3,7,0.03962158039212227,0.04385233297944069,1.387208104133606
5500,mha,moe,123,3,8,0.05046752840280533,0.06970200687646866,1.387208104133606
5500,mha,moe,123,3,9,0.08419433236122131,0.08399630337953568,1.387208104133606
5500,mha,moe,123,3,10,0.0677502453327179,0.06612464040517807,1.387208104133606
5500,mha,moe,123,3,11,0.05571899563074112,0.061312124133110046,1.387208104133606
5500,mha,moe,123,3,12,0.046192627400159836,0.05434975028038025,1.387208104133606
5500,mha,moe,123,3,13,0.07591796666383743,0.0694008618593216,1.387208104133606
5500,mha,moe,123,3,14,0.07346191257238388,0.05475083738565445,1.387208104133606
5500,mha,moe,123,3,15,0.06213989108800888,0.05824124813079834,1.387208104133606
5500,mha,moe,123,4,0,0.09212036430835724,0.07420305907726288,1.1282612085342407
5500,mha,moe,123,4,1,0.05300048738718033,0.0686597153544426,1.1282612085342407
5500,mha,moe,123,4,2,0.06535522639751434,0.04457727447152138,1.1282612085342407
5500,mha,moe,123,4,3,0.027955321595072746,0.029001843184232712,1.1282612085342407
5500,mha,moe,123,4,4,0.045783691108226776,0.04262024536728859,1.1282612085342407
5500,mha,moe,123,4,5,0.06777221709489822,0.062251701951026917,1.1282612085342407
5500,mha,moe,123,4,6,0.04739135876297951,0.04723144695162773,1.1282612085342407
5500,mha,moe,123,4,7,0.05773315578699112,0.06645899266004562,1.1282612085342407
5500,mha,moe,123,4,8,0.044639892876148224,0.04914078116416931,1.1282612085342407
5500,mha,moe,123,4,9,0.0803540050983429,0.08344697952270508,1.1282612085342407
5500,mha,moe,123,4,10,0.09386719018220901,0.0718408077955246,1.1282612085342407
5500,mha,moe,123,4,11,0.09241089224815369,0.07100045680999756,1.1282612085342407
5500,mha,moe,123,4,12,0.043730467557907104,0.04874180629849434,1.1282612085342407
5500,mha,moe,123,4,13,0.031029053032398224,0.034868042916059494,1.1282612085342407
5500,mha,moe,123,4,14,0.07804687321186066,0.10976190865039825,1.1282612085342407
5500,mha,moe,123,4,15,0.07880981266498566,0.09619495272636414,1.1282612085342407
5500,mha,moe,123,5,0,0.09873413294553757,0.10007207840681076,1.4255568981170654
5500,mha,moe,123,5,1,0.06534057855606079,0.07466655969619751,1.4255568981170654
5500,mha,moe,123,5,2,0.05726318433880806,0.04452246055006981,1.4255568981170654
5500,mha,moe,123,5,3,0.039582520723342896,0.05897900462150574,1.4255568981170654
5500,mha,moe,123,5,4,0.09853759407997131,0.08308973163366318,1.4255568981170654
5500,mha,moe,123,5,5,0.053883057087659836,0.06122298166155815,1.4255568981170654
5500,mha,moe,123,5,6,0.03420654311776161,0.03715516999363899,1.4255568981170654
5500,mha,moe,123,5,7,0.08141601830720901,0.06798186898231506,1.4255568981170654
5500,mha,moe,123,5,8,0.0903332531452179,0.07089988887310028,1.4255568981170654
5500,mha,moe,123,5,9,0.04555053636431694,0.06722763925790787,1.4255568981170654
5500,mha,moe,123,5,10,0.09999755769968033,0.09047511219978333,1.4255568981170654
5500,mha,moe,123,5,11,0.06580322235822678,0.06442507356405258,1.4255568981170654
5500,mha,moe,123,5,12,0.02221069298684597,0.03318176418542862,1.4255568981170654
5500,mha,moe,123,5,13,0.07167846709489822,0.05850294232368469,1.4255568981170654
5500,mha,moe,123,5,14,0.04036254808306694,0.05070994049310684,1.4255568981170654
5500,mha,moe,123,5,15,0.035100098699331284,0.03688780590891838,1.4255568981170654
6000,mha,moe,123,1,0,0.055714111775159836,0.06405289471149445,2.5028562545776367
6000,mha,moe,123,1,1,0.08492309600114822,0.06180135905742645,2.5028562545776367
6000,mha,moe,123,1,2,0.07768554985523224,0.05982878804206848,2.5028562545776367
6000,mha,moe,123,1,3,0.04839477688074112,0.0600406676530838,2.5028562545776367
6000,mha,moe,123,1,4,0.050694581121206284,0.06020035222172737,2.5028562545776367
6000,mha,moe,123,1,5,0.029417725279927254,0.0563746802508831,2.5028562545776367
6000,mha,moe,123,1,6,0.04814697429537773,0.05921557918190956,2.5028562545776367
6000,mha,moe,123,1,7,0.05937744304537773,0.07083967328071594,2.5028562545776367
6000,mha,moe,123,1,8,0.06914062798023224,0.05955035239458084,2.5028562545776367
6000,mha,moe,123,1,9,0.06340820342302322,0.061086080968379974,2.5028562545776367
6000,mha,moe,123,1,10,0.06728759407997131,0.07741007208824158,2.5028562545776367
6000,mha,moe,123,1,11,0.041539307683706284,0.058216724544763565,2.5028562545776367
6000,mha,moe,123,1,12,0.06378784030675888,0.06007115915417671,2.5028562545776367
6000,mha,moe,123,1,13,0.08397094905376434,0.06653234362602234,2.5028562545776367
6000,mha,moe,123,1,14,0.062431640923023224,0.05651622638106346,2.5028562545776367
6000,mha,moe,123,1,15,0.09407959133386612,0.06826308369636536,2.5028562545776367
6000,mha,moe,123,2,0,0.08399657905101776,0.08348670601844788,1.9075759649276733
6000,mha,moe,123,2,1,0.05702026188373566,0.05354306846857071,1.9075759649276733
6000,mha,moe,123,2,2,0.07178466767072678,0.06397464126348495,1.9075759649276733
6000,mha,moe,123,2,3,0.04050903394818306,0.053234685212373734,1.9075759649276733
6000,mha,moe,123,2,4,0.03955932706594467,0.04738806560635567,1.9075759649276733
6000,mha,moe,123,2,5,0.06605590879917145,0.06675230711698532,1.9075759649276733
6000,mha,moe,123,2,6,0.06578613072633743,0.07659036666154861,1.9075759649276733
6000,mha,moe,123,2,7,0.04796753078699112,0.054916027933359146,1.9075759649276733
6000,mha,moe,123,2,8,0.05815185606479645,0.05723509192466736,1.9075759649276733
6000,mha,moe,123,2,9,0.046571046113967896,0.04493299499154091,1.9075759649276733
6000,mha,moe,123,2,10,0.0846569836139679,0.06939411163330078,1.9075759649276733
6000,mha,moe,123,2,11,0.07077514380216599,0.07699841260910034,1.9075759649276733
6000,mha,moe,123,2,12,0.06854003667831421,0.06703142821788788,1.9075759649276733
6000,mha,moe,123,2,13,0.05744872987270355,0.05436427518725395,1.9075759649276733
6000,mha,moe,123,2,14,0.08878540247678757,0.07771804183721542,1.9075759649276733
6000,mha,moe,123,2,15,0.052391357719898224,0.05243972688913345,1.9075759649276733
6000,mha,moe,123,3,0,0.03331298753619194,0.03295658156275749,1.3881044387817383
6000,mha,moe,123,3,1,0.06409911811351776,0.06553957611322403,1.3881044387817383
6000,mha,moe,123,3,2,0.057197265326976776,0.05643611028790474,1.3881044387817383
6000,mha,moe,123,3,3,0.08191405981779099,0.08338282257318497,1.3881044387817383
6000,mha,moe,123,3,4,0.0692456066608429,0.058145321905612946,1.3881044387817383
6000,mha,moe,123,3,5,0.06345581263303757,0.06262354552745819,1.3881044387817383
6000,mha,moe,123,3,6,0.05861816555261612,0.060332104563713074,1.3881044387817383
6000,mha,moe,123,3,7,0.03718871995806694,0.04118790477514267,1.3881044387817383
6000,mha,moe,123,3,8,0.05353393405675888,0.07190045714378357,1.3881044387817383
6000,mha,moe,123,3,9,0.07771728187799454,0.07817582786083221,1.3881044387817383
6000,mha,moe,123,3,10,0.07290893793106079,0.07270418107509613,1.3881044387817383
6000,mha,moe,123,3,11,0.05869995057582855,0.06662902981042862,1.3881044387817383
6000,mha,moe,123,3,12,0.04781249910593033,0.05542803183197975,1.3881044387817383
6000,mha,moe,123,3,13,0.07942505180835724,0.07340577989816666,1.3881044387817383
6000,mha,moe,123,3,14,0.07294555753469467,0.05587681382894516,1.3881044387817383
6000,mha,moe,123,3,15,0.07192505151033401,0.06527590751647949,1.3881044387817383
6000,mha,moe,123,4,0,0.09403076022863388,0.07725533843040466,1.1403545141220093
6000,mha,moe,123,4,1,0.054877929389476776,0.07214689999818802,1.1403545141220093
6000,mha,moe,123,4,2,0.06993408501148224,0.045772653073072433,1.1403545141220093
6000,mha,moe,123,4,3,0.02895507775247097,0.031618744134902954,1.1403545141220093
6000,mha,moe,123,4,4,0.04690307751297951,0.04329891502857208,1.1403545141220093
6000,mha,moe,123,4,5,0.06756836175918579,0.06137601286172867,1.1403545141220093
6000,mha,moe,123,4,6,0.045673828572034836,0.04600805789232254,1.1403545141220093
6000,mha,moe,123,4,7,0.056907959282398224,0.0653420016169548,1.1403545141220093
6000,mha,moe,123,4,8,0.04320678859949112,0.047033000737428665,1.1403545141220093
6000,mha,moe,123,4,9,0.08185791224241257,0.08463572710752487,1.1403545141220093
6000,mha,moe,123,4,10,0.09383910894393921,0.07351823151111603,1.1403545141220093
6000,mha,moe,123,4,11,0.09226562827825546,0.06414948403835297,1.1403545141220093
6000,mha,moe,123,4,12,0.041290283203125,0.046308666467666626,1.1403545141220093
6000,mha,moe,123,4,13,0.03281616047024727,0.03702284395694733,1.1403545141220093
6000,mha,moe,123,4,14,0.07916015386581421,0.11305518448352814,1.1403545141220093
6000,mha,moe,123,4,15,0.07071289420127869,0.09145822376012802,1.1403545141220093
6000,mha,moe,123,5,0,0.09810302406549454,0.09923652559518814,1.439325213432312
6000,mha,moe,123,5,1,0.06191162019968033,0.07171212881803513,1.439325213432312
6000,mha,moe,123,5,2,0.054625242948532104,0.0438278466463089,1.439325213432312
6000,mha,moe,123,5,3,0.04000610485672951,0.05862077325582504,1.439325213432312
6000,mha,moe,123,5,4,0.10487671196460724,0.09040405601263046,1.439325213432312
6000,mha,moe,123,5,5,0.05365356430411339,0.05904345214366913,1.439325213432312
6000,mha,moe,123,5,6,0.032716065645217896,0.03652723506093025,1.439325213432312
6000,mha,moe,123,5,7,0.08877075463533401,0.07579157501459122,1.439325213432312
6000,mha,moe,123,5,8,0.08417480438947678,0.0660485327243805,1.439325213432312
6000,mha,moe,123,5,9,0.045654296875,0.06763362884521484,1.439325213432312
6000,mha,moe,123,5,10,0.09913574159145355,0.08797719329595566,1.439325213432312
6000,mha,moe,123,5,11,0.06072143465280533,0.06046101450920105,1.439325213432312
6000,mha,moe,123,5,12,0.022551270201802254,0.03377595916390419,1.439325213432312
6000,mha,moe,123,5,13,0.078277587890625,0.06302525848150253,1.439325213432312
6000,mha,moe,123,5,14,0.039063721895217896,0.04921848699450493,1.439325213432312
6000,mha,moe,123,5,15,0.03575805574655533,0.03669639304280281,1.439325213432312
6500,mha,moe,123,1,0,0.05952514708042145,0.06498190760612488,2.4925642013549805
6500,mha,moe,123,1,1,0.07990722358226776,0.05933569371700287,2.4925642013549805
6500,mha,moe,123,1,2,0.07344482094049454,0.05762474983930588,2.4925642013549805
6500,mha,moe,123,1,3,0.04222290217876434,0.061727359890937805,2.4925642013549805
6500,mha,moe,123,1,4,0.04664062336087227,0.060605522245168686,2.4925642013549805
6500,mha,moe,123,1,5,0.05598144605755806,0.05995822325348854,2.4925642013549805
6500,mha,moe,123,1,6,0.05234985426068306,0.060025572776794434,2.4925642013549805
6500,mha,moe,123,1,7,0.05342651531100273,0.06881777197122574,2.4925642013549805
6500,mha,moe,123,1,8,0.06634277105331421,0.0569259375333786,2.4925642013549805
6500,mha,moe,123,1,9,0.056242674589157104,0.06031320244073868,2.4925642013549805
6500,mha,moe,123,1,10,0.059440918266773224,0.07912548631429672,2.4925642013549805
6500,mha,moe,123,1,11,0.06052612140774727,0.061106931418180466,2.4925642013549805
6500,mha,moe,123,1,12,0.06754150241613388,0.0607323981821537,2.4925642013549805
6500,mha,moe,123,1,13,0.07839111238718033,0.0667635127902031,2.4925642013549805
6500,mha,moe,123,1,14,0.05732788145542145,0.0539826974272728,2.4925642013549805
6500,mha,moe,123,1,15,0.09068847447633743,0.06797302514314651,2.4925642013549805
6500,mha,moe,123,2,0,0.07810547202825546,0.0771634578704834,1.8897347450256348
6500,mha,moe,123,2,1,0.05752319470047951,0.054221268743276596,1.8897347450256348
6500,mha,moe,123,2,2,0.07830322533845901,0.07101704925298691,1.8897347450256348
6500,mha,moe,123,2,3,0.03802124038338661,0.05142292007803917,1.8897347450256348
6500,mha,moe,123,2,4,0.03776367008686066,0.04670612886548042,1.8897347450256348
6500,mha,moe,123,2,5,0.06957641243934631,0.06748253852128983,1.8897347450256348
6500,mha,moe,123,2,6,0.0546875,0.07294759154319763,1.8897347450256348
6500,mha,moe,123,2,7,0.04408325254917145,0.053201884031295776,1.8897347450256348
6500,mha,moe,123,2,8,0.04830688610672951,0.052307117730379105,1.8897347450256348
6500,mha,moe,123,2,9,0.05488281324505806,0.04663214087486267,1.8897347450256348
6500,mha,moe,123,2,10,0.07963745296001434,0.06455859541893005,1.8897347450256348
6500,mha,moe,123,2,11,0.06731078773736954,0.07482047379016876,1.8897347450256348
6500,mha,moe,123,2,12,0.07695434242486954,0.07323848456144333,1.8897347450256348
6500,mha,moe,123,2,13,0.06835082918405533,0.06274314969778061,1.8897347450256348
6500,mha,moe,123,2,14,0.08477538824081421,0.07616525888442993,1.8897347450256348
6500,mha,moe,123,2,15,0.061717528849840164,0.055371932685375214,1.8897347450256348
6500,mha,moe,123,3,0,0.034538574516773224,0.03296966850757599,1.3805134296417236
6500,mha,moe,123,3,1,0.06448730826377869,0.06569163501262665,1.3805134296417236
6500,mha,moe,123,3,2,0.05450195446610451,0.05428857356309891,1.3805134296417236
6500,mha,moe,123,3,3,0.07875366508960724,0.08072493225336075,1.3805134296417236
6500,mha,moe,123,3,4,0.06860595941543579,0.061669010668992996,1.3805134296417236
6500,mha,moe,123,3,5,0.0660107433795929,0.06652555614709854,1.3805134296417236
6500,mha,moe,123,3,6,0.059776611626148224,0.06201257184147835,1.3805134296417236
6500,mha,moe,123,3,7,0.035369873046875,0.03990383446216583,1.3805134296417236
6500,mha,moe,123,3,8,0.051673583686351776,0.07047915458679199,1.3805134296417236
6500,mha,moe,123,3,9,0.08299926668405533,0.07936735451221466,1.3805134296417236
6500,mha,moe,123,3,10,0.07219238579273224,0.0716075599193573,1.3805134296417236
6500,mha,moe,123,3,11,0.058277588337659836,0.06585384905338287,1.3805134296417236
6500,mha,moe,123,3,12,0.05369628965854645,0.059600114822387695,1.3805134296417236
6500,mha,moe,123,3,13,0.0787365734577179,0.0720534399151802,1.3805134296417236
6500,mha,moe,123,3,14,0.07102905213832855,0.05445665866136551,1.3805134296417236
6500,mha,moe,123,3,15,0.06935058534145355,0.06279601901769638,1.3805134296417236
6500,mha,moe,123,4,0,0.09497802704572678,0.07705360651016235,1.1393598318099976
6500,mha,moe,123,4,1,0.05325561389327049,0.06918296962976456,1.1393598318099976
6500,mha,moe,123,4,2,0.06827148795127869,0.045051202178001404,1.1393598318099976
6500,mha,moe,123,4,3,0.022165527567267418,0.02700488641858101,1.1393598318099976
6500,mha,moe,123,4,4,0.05058227479457855,0.04501034691929817,1.1393598318099976
6500,mha,moe,123,4,5,0.06306396424770355,0.05741729214787483,1.1393598318099976
6500,mha,moe,123,4,6,0.04288696125149727,0.04426545649766922,1.1393598318099976
6500,mha,moe,123,4,7,0.054472655057907104,0.06519024074077606,1.1393598318099976
6500,mha,moe,123,4,8,0.04197631776332855,0.04632701352238655,1.1393598318099976
6500,mha,moe,123,4,9,0.08040282875299454,0.08379919081926346,1.1393598318099976
6500,mha,moe,123,4,10,0.09873168915510178,0.0784604623913765,1.1393598318099976
6500,mha,moe,123,4,11,0.09725585579872131,0.07025646418333054,1.1393598318099976
6500,mha,moe,123,4,12,0.040760498493909836,0.045744165778160095,1.1393598318099976
6500,mha,moe,123,4,13,0.030500488355755806,0.03435436263680458,1.1393598318099976
6500,mha,moe,123,4,14,0.08163940161466599,0.11398561298847198,1.1393598318099976
6500,mha,moe,123,4,15,0.07905639708042145,0.0968967080116272,1.1393598318099976
6500,mha,moe,123,5,0,0.10022582858800888,0.10443320870399475,1.4187084436416626
6500,mha,moe,123,5,1,0.059907227754592896,0.06984454393386841,1.4187084436416626
6500,mha,moe,123,5,2,0.04988037049770355,0.04131375253200531,1.4187084436416626
6500,mha,moe,123,5,3,0.03799072280526161,0.056399889290332794,1.4187084436416626
6500,mha,moe,123,5,4,0.10225830227136612,0.08568647503852844,1.4187084436416626
6500,mha,moe,123,5,5,0.05221801623702049,0.05747538059949875,1.4187084436416626
6500,mha,moe,123,5,6,0.03351074084639549,0.03612816333770752,1.4187084436416626
6500,mha,moe,123,5,7,0.08806885033845901,0.07561276108026505,1.4187084436416626
6500,mha,moe,123,5,8,0.08861084282398224,0.06671036034822464,1.4187084436416626
6500,mha,moe,123,5,9,0.047526855021715164,0.07017233222723007,1.4187084436416626
6500,mha,moe,123,5,10,0.10162109136581421,0.09242944419384003,1.4187084436416626
6500,mha,moe,123,5,11,0.06973876804113388,0.06646357476711273,1.4187084436416626
6500,mha,moe,123,5,12,0.021059570834040642,0.03238140046596527,1.4187084436416626
6500,mha,moe,123,5,13,0.0704357922077179,0.05758717656135559,1.4187084436416626
6500,mha,moe,123,5,14,0.041199952363967896,0.05136401578783989,1.4187084436416626
6500,mha,moe,123,5,15,0.035747069865465164,0.03599749505519867,1.4187084436416626
7000,mha,moe,123,1,0,0.07312744110822678,0.06687524914741516,2.4892568588256836
7000,mha,moe,123,1,1,0.08288329839706421,0.06132926046848297,2.4892568588256836
7000,mha,moe,123,1,2,0.08375488221645355,0.06316213309764862,2.4892568588256836
7000,mha,moe,123,1,3,0.04072875902056694,0.05985317751765251,2.4892568588256836
7000,mha,moe,123,1,4,0.04432128742337227,0.05854333937168121,2.4892568588256836
7000,mha,moe,123,1,5,0.048704832792282104,0.05750405415892601,2.4892568588256836
7000,mha,moe,123,1,6,0.04951415956020355,0.058152664452791214,2.4892568588256836
7000,mha,moe,123,1,7,0.05963744968175888,0.07255016267299652,2.4892568588256836
7000,mha,moe,123,1,8,0.06711425632238388,0.058056898415088654,2.4892568588256836
7000,mha,moe,123,1,9,0.06557007133960724,0.06149324029684067,2.4892568588256836
7000,mha,moe,123,1,10,0.07006103545427322,0.08002118766307831,2.4892568588256836
7000,mha,moe,123,1,11,0.03812500089406967,0.057158809155225754,2.4892568588256836
7000,mha,moe,123,1,12,0.068084716796875,0.06132598966360092,2.4892568588256836
7000,mha,moe,123,1,13,0.06798706203699112,0.06308849155902863,2.4892568588256836
7000,mha,moe,123,1,14,0.05731445178389549,0.05548638477921486,2.4892568588256836
7000,mha,moe,123,1,15,0.08307129144668579,0.06539897620677948,2.4892568588256836
7000,mha,moe,123,2,0,0.08768066763877869,0.08548508584499359,1.8765298128128052
7000,mha,moe,123,2,1,0.05827270448207855,0.05455808341503143,1.8765298128128052
7000,mha,moe,123,2,2,0.07254638522863388,0.06663082540035248,1.8765298128128052
7000,mha,moe,123,2,3,0.04395507648587227,0.05586596950888634,1.8765298128128052
7000,mha,moe,123,2,4,0.04143676906824112,0.04926517605781555,1.8765298128128052
7000,mha,moe,123,2,5,0.07433227449655533,0.07080742716789246,1.8765298128128052
7000,mha,moe,123,2,6,0.05548950284719467,0.07323270291090012,1.8765298128128052
7000,mha,moe,123,2,7,0.044835206121206284,0.05379363149404526,1.8765298128128052
7000,mha,moe,123,2,8,0.05536498874425888,0.05476594343781471,1.8765298128128052
7000,mha,moe,123,2,9,0.045411378145217896,0.043273672461509705,1.8765298128128052
7000,mha,moe,123,2,10,0.07867676019668579,0.06503903120756149,1.8765298128128052
7000,mha,moe,123,2,11,0.06999023258686066,0.07536715269088745,1.8765298128128052
7000,mha,moe,123,2,12,0.07056518644094467,0.06828079372644424,1.8765298128128052
7000,mha,moe,123,2,13,0.05737914890050888,0.05495940148830414,1.8765298128128052
7000,mha,moe,123,2,14,0.08203125,0.07253730297088623,1.8765298128128052
7000,mha,moe,123,2,15,0.06203247234225273,0.05613776668906212,1.8765298128128052
7000,mha,moe,123,3,0,0.034077148884534836,0.03389015421271324,1.3797616958618164
7000,mha,moe,123,3,1,0.06714477390050888,0.06766745448112488,1.3797616958618164
7000,mha,moe,123,3,2,0.058747559785842896,0.05892237648367882,1.3797616958618164
7000,mha,moe,123,3,3,0.07916992157697678,0.08063105493783951,1.3797616958618164
7000,mha,moe,123,3,4,0.06905639916658401,0.06012878939509392,1.3797616958618164
7000,mha,moe,123,3,5,0.06445800513029099,0.06383207440376282,1.3797616958618164
7000,mha,moe,123,3,6,0.058562010526657104,0.059048671275377274,1.3797616958618164
7000,mha,moe,123,3,7,0.033472899347543716,0.037830859422683716,1.3797616958618164
7000,mha,moe,123,3,8,0.052391357719898224,0.06910457462072372,1.3797616958618164
7000,mha,moe,123,3,9,0.07942382991313934,0.07777434587478638,1.3797616958618164
7000,mha,moe,123,3,10,0.07085693627595901,0.07055361568927765,1.3797616958618164
7000,mha,moe,123,3,11,0.05527587980031967,0.06589667499065399,1.3797616958618164
7000,mha,moe,123,3,12,0.04844848811626434,0.05599573254585266,1.3797616958618164
7000,mha,moe,123,3,13,0.08617065101861954,0.07879906892776489,1.3797616958618164
7000,mha,moe,123,3,14,0.07395141571760178,0.056633930653333664,1.3797616958618164
7000,mha,moe,123,3,15,0.06879272311925888,0.06329064071178436,1.3797616958618164
7000,mha,moe,123,4,0,0.09397461265325546,0.07602179795503616,1.1473546028137207
7000,mha,moe,123,4,1,0.05412109196186066,0.06938355416059494,1.1473546028137207
7000,mha,moe,123,4,2,0.06791137903928757,0.04519612714648247,1.1473546028137207
7000,mha,moe,123,4,3,0.023482665419578552,0.027660071849822998,1.1473546028137207
7000,mha,moe,123,4,4,0.04618164151906967,0.04242204502224922,1.1473546028137207
7000,mha,moe,123,4,5,0.06429199129343033,0.058758463710546494,1.1473546028137207
7000,mha,moe,123,4,6,0.04789184406399727,0.04867138713598251,1.1473546028137207
7000,mha,moe,123,4,7,0.05131469666957855,0.06193332374095917,1.1473546028137207
7000,mha,moe,123,4,8,0.046668700873851776,0.05141565203666687,1.1473546028137207
7000,mha,moe,123,4,9,0.08113769441843033,0.08628592640161514,1.1473546028137207
7000,mha,moe,123,4,10,0.09698119759559631,0.07396341860294342,1.1473546028137207
7000,mha,moe,123,4,11,0.09671508520841599,0.06978766620159149,1.1473546028137207
7000,mha,moe,123,4,12,0.041936036199331284,0.04669145122170448,1.1473546028137207
7000,mha,moe,123,4,13,0.03084472566843033,0.035223376005887985,1.1473546028137207
7000,mha,moe,123,4,14,0.07984008640050888,0.1110764667391777,1.1473546028137207
7000,mha,moe,123,4,15,0.07670654356479645,0.0955093502998352,1.1473546028137207
7000,mha,moe,123,5,0,0.09953002631664276,0.10271283984184265,1.4313429594039917
7000,mha,moe,123,5,1,0.06309692561626434,0.07413507252931595,1.4313429594039917
7000,mha,moe,123,5,2,0.056202393025159836,0.04556598514318466,1.4313429594039917
7000,mha,moe,123,5,3,0.038813475519418716,0.05779211223125458,1.4313429594039917
7000,mha,moe,123,5,4,0.10474609583616257,0.08974589407444,1.4313429594039917
7000,mha,moe,123,5,5,0.05532226711511612,0.06098157912492752,1.4313429594039917
7000,mha,moe,123,5,6,0.03194580227136612,0.03541146218776703,1.4313429594039917
7000,mha,moe,123,5,7,0.08691650629043579,0.0734245553612709,1.4313429594039917
7000,mha,moe,123,5,8,0.08637939393520355,0.06512555480003357,1.4313429594039917
7000,mha,moe,123,5,9,0.04878906160593033,0.07134455442428589,1.4313429594039917
7000,mha,moe,123,5,10,0.09863769263029099,0.08731075376272202,1.4313429594039917
7000,mha,moe,123,5,11,0.06321410834789276,0.06311547011137009,1.4313429594039917
7000,mha,moe,123,5,12,0.020195312798023224,0.03139056637883186,1.4313429594039917
7000,mha,moe,123,5,13,0.07366455346345901,0.058597639203071594,1.4313429594039917
7000,mha,moe,123,5,14,0.03878417983651161,0.04842282831668854,1.4313429594039917
7000,mha,moe,123,5,15,0.03376220539212227,0.03492306172847748,1.4313429594039917
7500,mha,moe,123,1,0,0.05719848722219467,0.06421345472335815,2.4724667072296143
7500,mha,moe,123,1,1,0.08389648795127869,0.062381695955991745,2.4724667072296143
7500,mha,moe,123,1,2,0.07494872808456421,0.05918475240468979,2.4724667072296143
7500,mha,moe,123,1,3,0.04916625842452049,0.058172259479761124,2.4724667072296143
7500,mha,moe,123,1,4,0.038688965141773224,0.05743493512272835,2.4724667072296143
7500,mha,moe,123,1,5,0.05165283381938934,0.057093556970357895,2.4724667072296143
7500,mha,moe,123,1,6,0.03544677793979645,0.057263489812612534,2.4724667072296143
7500,mha,moe,123,1,7,0.05522094666957855,0.0706140398979187,2.4724667072296143
7500,mha,moe,123,1,8,0.07185790687799454,0.06033593788743019,2.4724667072296143
7500,mha,moe,123,1,9,0.05662475526332855,0.05978468060493469,2.4724667072296143
7500,mha,moe,123,1,10,0.07370971888303757,0.08293621242046356,2.4724667072296143
7500,mha,moe,123,1,11,0.05822387710213661,0.05901343375444412,2.4724667072296143
7500,mha,moe,123,1,12,0.07175292819738388,0.06216277554631233,2.4724667072296143
7500,mha,moe,123,1,13,0.0737597644329071,0.06284675002098083,2.4724667072296143
7500,mha,moe,123,1,14,0.06882812827825546,0.0607805997133255,2.4724667072296143
7500,mha,moe,123,1,15,0.07902343571186066,0.06578143686056137,2.4724667072296143
7500,mha,moe,123,2,0,0.08247314393520355,0.0816129744052887,1.8562982082366943
7500,mha,moe,123,2,1,0.05676635727286339,0.05347834900021553,1.8562982082366943
7500,mha,moe,123,2,2,0.07391601800918579,0.06824176013469696,1.8562982082366943
7500,mha,moe,123,2,3,0.043706055730581284,0.05554773285984993,1.8562982082366943
7500,mha,moe,123,2,4,0.04179077222943306,0.05004453659057617,1.8562982082366943
7500,mha,moe,123,2,5,0.06995849311351776,0.06816118955612183,1.8562982082366943
7500,mha,moe,123,2,6,0.05154785141348839,0.06895749270915985,1.8562982082366943
7500,mha,moe,123,2,7,0.04468994215130806,0.052976176142692566,1.8562982082366943
7500,mha,moe,123,2,8,0.05446045100688934,0.05615101009607315,1.8562982082366943
7500,mha,moe,123,2,9,0.052739258855581284,0.045647572726011276,1.8562982082366943
7500,mha,moe,123,2,10,0.08842773735523224,0.07378583401441574,1.8562982082366943
7500,mha,moe,123,2,11,0.06494750827550888,0.07024727761745453,1.8562982082366943
7500,mha,moe,123,2,12,0.06905639916658401,0.06678564846515656,1.8562982082366943
7500,mha,moe,123,2,13,0.05762084946036339,0.05449103191494942,1.8562982082366943
7500,mha,moe,123,2,14,0.08609985560178757,0.07681035250425339,1.8562982082366943
7500,mha,moe,123,2,15,0.061799317598342896,0.057061053812503815,1.8562982082366943
7500,mha,moe,123,3,0,0.03898803889751434,0.03786517307162285,1.383671760559082
7500,mha,moe,123,3,1,0.06818114966154099,0.06922423094511032,1.383671760559082
7500,mha,moe,123,3,2,0.05943359434604645,0.057521771639585495,1.383671760559082
7500,mha,moe,123,3,3,0.08197998255491257,0.0846538171172142,1.383671760559082
7500,mha,moe,123,3,4,0.06625854223966599,0.05712364614009857,1.383671760559082
7500,mha,moe,123,3,5,0.06378418207168579,0.06396038830280304,1.383671760559082
7500,mha,moe,123,3,6,0.05761474743485451,0.05730642005801201,1.383671760559082
7500,mha,moe,123,3,7,0.036041259765625,0.0401679128408432,1.383671760559082
7500,mha,moe,123,3,8,0.052769776433706284,0.07132437825202942,1.383671760559082
7500,mha,moe,123,3,9,0.07902953773736954,0.07577305287122726,1.383671760559082
7500,mha,moe,123,3,10,0.06707519292831421,0.06577826291322708,1.383671760559082
7500,mha,moe,123,3,11,0.05652465671300888,0.06706570833921432,1.383671760559082
7500,mha,moe,123,3,12,0.051569823175668716,0.05932534113526344,1.383671760559082
7500,mha,moe,123,3,13,0.08017212152481079,0.07392226159572601,1.383671760559082
7500,mha,moe,123,3,14,0.07162109017372131,0.05547894909977913,1.383671760559082
7500,mha,moe,123,3,15,0.06895630061626434,0.06350868940353394,1.383671760559082
7500,mha,moe,123,4,0,0.08949585258960724,0.07153083384037018,1.144305944442749
7500,mha,moe,123,4,1,0.05620971694588661,0.0731143206357956,1.144305944442749
7500,mha,moe,123,4,2,0.07249389588832855,0.04960613325238228,1.144305944442749
7500,mha,moe,123,4,3,0.026705322787165642,0.031800463795661926,1.144305944442749
7500,mha,moe,123,4,4,0.044078368693590164,0.04060080647468567,1.144305944442749
7500,mha,moe,123,4,5,0.06075195223093033,0.05530847981572151,1.144305944442749
7500,mha,moe,123,4,6,0.045109864324331284,0.04627054184675217,1.144305944442749
7500,mha,moe,123,4,7,0.052155762910842896,0.06322544813156128,1.144305944442749
7500,mha,moe,123,4,8,0.04784546047449112,0.05206261947751045,1.144305944442749
7500,mha,moe,123,4,9,0.07697997987270355,0.08160798996686935,1.144305944442749
7500,mha,moe,123,4,10,0.09587280452251434,0.07713308930397034,1.144305944442749
7500,mha,moe,123,4,11,0.09728515893220901,0.06843225657939911,1.144305944442749
7500,mha,moe,123,4,12,0.04188842698931694,0.04622123762965202,1.144305944442749
7500,mha,moe,123,4,13,0.035594481974840164,0.03937903046607971,1.144305944442749
7500,mha,moe,123,4,14,0.081329345703125,0.11208963394165039,1.144305944442749
7500,mha,moe,123,4,15,0.0762036144733429,0.09161711484193802,1.144305944442749
7500,mha,moe,123,5,0,0.09643921256065369,0.09756629168987274,1.4242054224014282
7500,mha,moe,123,5,1,0.06242431700229645,0.07184523344039917,1.4242054224014282
7500,mha,moe,123,5,2,0.05828491225838661,0.04770587384700775,1.4242054224014282
7500,mha,moe,123,5,3,0.039552003145217896,0.058056458830833435,1.4242054224014282
7500,mha,moe,123,5,4,0.10067261010408401,0.08595927059650421,1.4242054224014282
7500,mha,moe,123,5,5,0.05615600571036339,0.06048494204878807,1.4242054224014282
7500,mha,moe,123,5,6,0.034296873956918716,0.036632273346185684,1.4242054224014282
7500,mha,moe,123,5,7,0.08503906428813934,0.07286399602890015,1.4242054224014282
7500,mha,moe,123,5,8,0.08589111268520355,0.06512121111154556,1.4242054224014282
7500,mha,moe,123,5,9,0.04827270656824112,0.07053495943546295,1.4242054224014282
7500,mha,moe,123,5,10,0.09717284888029099,0.08698458969593048,1.4242054224014282
7500,mha,moe,123,5,11,0.06040649488568306,0.06041497737169266,1.4242054224014282
7500,mha,moe,123,5,12,0.026134032756090164,0.03829774260520935,1.4242054224014282
7500,mha,moe,123,5,13,0.07199341058731079,0.05776628479361534,1.4242054224014282
7500,mha,moe,123,5,14,0.040520019829273224,0.05191987380385399,1.4242054224014282
7500,mha,moe,123,5,15,0.036744385957717896,0.03784599155187607,1.4242054224014282
8000,mha,moe,123,1,0,0.07544189691543579,0.06769134849309921,2.462127208709717
8000,mha,moe,123,1,1,0.08614257723093033,0.0632496103644371,2.462127208709717
8000,mha,moe,123,1,2,0.07519775629043579,0.05985984206199646,2.462127208709717
8000,mha,moe,123,1,3,0.05198364332318306,0.05851596221327782,2.462127208709717
8000,mha,moe,123,1,4,0.04619506746530533,0.05997875705361366,2.462127208709717
8000,mha,moe,123,1,5,0.03724365308880806,0.053357891738414764,2.462127208709717
8000,mha,moe,123,1,6,0.040986329317092896,0.058099642395973206,2.462127208709717
8000,mha,moe,123,1,7,0.05657348781824112,0.07022705674171448,2.462127208709717
8000,mha,moe,123,1,8,0.07130126655101776,0.05944126471877098,2.462127208709717
8000,mha,moe,123,1,9,0.04967651516199112,0.05852217599749565,2.462127208709717
8000,mha,moe,123,1,10,0.0693066418170929,0.0815972238779068,2.462127208709717
8000,mha,moe,123,1,11,0.05013183504343033,0.05821361392736435,2.462127208709717
8000,mha,moe,123,1,12,0.06392944604158401,0.06086499243974686,2.462127208709717
8000,mha,moe,123,1,13,0.07259277254343033,0.06299465894699097,2.462127208709717
8000,mha,moe,123,1,14,0.05973754823207855,0.05669873207807541,2.462127208709717
8000,mha,moe,123,1,15,0.09355957061052322,0.0706872045993805,2.462127208709717
8000,mha,moe,123,2,0,0.08376220613718033,0.08268845826387405,1.8390889167785645
8000,mha,moe,123,2,1,0.05625732243061066,0.05389461666345596,1.8390889167785645
8000,mha,moe,123,2,2,0.06953003257513046,0.0658089816570282,1.8390889167785645
8000,mha,moe,123,2,3,0.044270019978284836,0.056450098752975464,1.8390889167785645
8000,mha,moe,123,2,4,0.04396240413188934,0.05092322826385498,1.8390889167785645
8000,mha,moe,123,2,5,0.06820434331893921,0.0662943571805954,1.8390889167785645
8000,mha,moe,123,2,6,0.05955566465854645,0.07465191930532455,1.8390889167785645
8000,mha,moe,123,2,7,0.04015503078699112,0.05153999850153923,1.8390889167785645
8000,mha,moe,123,2,8,0.04487793147563934,0.04996814206242561,1.8390889167785645
8000,mha,moe,123,2,9,0.053437501192092896,0.045164529234170914,1.8390889167785645
8000,mha,moe,123,2,10,0.08482909947633743,0.0709790587425232,1.8390889167785645
8000,mha,moe,123,2,11,0.06802123785018921,0.0731927677989006,1.8390889167785645
8000,mha,moe,123,2,12,0.06875365972518921,0.0662558302283287,1.8390889167785645
8000,mha,moe,123,2,13,0.05659545958042145,0.0544082410633564,1.8390889167785645
8000,mha,moe,123,2,14,0.08585327118635178,0.07568391412496567,1.8390889167785645
8000,mha,moe,123,2,15,0.07193481177091599,0.062095869332551956,1.8390889167785645
8000,mha,moe,123,3,0,0.03811401501297951,0.03574288636445999,1.362169623374939
8000,mha,moe,123,3,1,0.0692736804485321,0.06805749237537384,1.362169623374939
8000,mha,moe,123,3,2,0.05582885816693306,0.054880451411008835,1.362169623374939
8000,mha,moe,123,3,3,0.07765746861696243,0.07974018156528473,1.362169623374939
8000,mha,moe,123,3,4,0.06864745914936066,0.06003482639789581,1.362169623374939
8000,mha,moe,123,3,5,0.06201782077550888,0.06265494227409363,1.362169623374939
8000,mha,moe,123,3,6,0.05744995176792145,0.05717824399471283,1.362169623374939
8000,mha,moe,123,3,7,0.03693481534719467,0.04054487124085426,1.362169623374939
8000,mha,moe,123,3,8,0.05419921875,0.0722082257270813,1.362169623374939
8000,mha,moe,123,3,9,0.07970336824655533,0.07837788015604019,1.362169623374939
8000,mha,moe,123,3,10,0.07135864347219467,0.07135739922523499,1.362169623374939
8000,mha,moe,123,3,11,0.05632690340280533,0.06885964423418045,1.362169623374939
8000,mha,moe,123,3,12,0.047608643770217896,0.055184170603752136,1.362169623374939
8000,mha,moe,123,3,13,0.08244384825229645,0.07605192065238953,1.362169623374939
8000,mha,moe,123,3,14,0.07153075933456421,0.05515965819358826,1.362169623374939
8000,mha,moe,123,3,15,0.07090453803539276,0.06396716833114624,1.362169623374939
8000,mha,moe,123,4,0,0.09723266959190369,0.07899053394794464,1.1552504301071167
8000,mha,moe,123,4,1,0.054694823920726776,0.07138065993785858,1.1552504301071167
8000,mha,moe,123,4,2,0.0703125,0.04694022238254547,1.1552504301071167
8000,mha,moe,123,4,3,0.02239379845559597,0.02639363333582878,1.1552504301071167
8000,mha,moe,123,4,4,0.04699951037764549,0.04370143264532089,1.1552504301071167
8000,mha,moe,123,4,5,0.062401123344898224,0.057584505528211594,1.1552504301071167
8000,mha,moe,123,4,6,0.04563720524311066,0.04621684551239014,1.1552504301071167
8000,mha,moe,123,4,7,0.05563964694738388,0.06476882100105286,1.1552504301071167
8000,mha,moe,123,4,8,0.045020751655101776,0.0489485077559948,1.1552504301071167
8000,mha,moe,123,4,9,0.08424194157123566,0.08810470253229141,1.1552504301071167
8000,mha,moe,123,4,10,0.09421753138303757,0.07473167777061462,1.1552504301071167
8000,mha,moe,123,4,11,0.09487304836511612,0.06839188933372498,1.1552504301071167
8000,mha,moe,123,4,12,0.040898438543081284,0.045767053961753845,1.1552504301071167
8000,mha,moe,123,4,13,0.03134521469473839,0.03625447303056717,1.1552504301071167
8000,mha,moe,123,4,14,0.08011596649885178,0.10982243716716766,1.1552504301071167
8000,mha,moe,123,4,15,0.0739758312702179,0.09200257062911987,1.1552504301071167
8000,mha,moe,123,5,0,0.09748657047748566,0.09956333041191101,1.4194062948226929
8000,mha,moe,123,5,1,0.06156616285443306,0.0711040198802948,1.4194062948226929
8000,mha,moe,123,5,2,0.052344970405101776,0.04366369545459747,1.4194062948226929
8000,mha,moe,123,5,3,0.037626951932907104,0.05626658350229263,1.4194062948226929
8000,mha,moe,123,5,4,0.10347168147563934,0.08775919675827026,1.4194062948226929
8000,mha,moe,123,5,5,0.05320678651332855,0.05824100971221924,1.4194062948226929
8000,mha,moe,123,5,6,0.03590698167681694,0.03745005279779434,1.4194062948226929
8000,mha,moe,123,5,7,0.08852661401033401,0.07713573426008224,1.4194062948226929
8000,mha,moe,123,5,8,0.08508788794279099,0.06486234813928604,1.4194062948226929
8000,mha,moe,123,5,9,0.04609741270542145,0.06856700778007507,1.4194062948226929
8000,mha,moe,123,5,10,0.09906250238418579,0.08843296021223068,1.4194062948226929
8000,mha,moe,123,5,11,0.05995117127895355,0.05988578870892525,1.4194062948226929
8000,mha,moe,123,5,12,0.02369384840130806,0.035641394555568695,1.4194062948226929
8000,mha,moe,123,5,13,0.07429931312799454,0.05914249271154404,1.4194062948226929
8000,mha,moe,123,5,14,0.03953857347369194,0.051523737609386444,1.4194062948226929
8000,mha,moe,123,5,15,0.04213256761431694,0.04076068103313446,1.4194062948226929
8500,mha,moe,123,1,0,0.06574706733226776,0.0652877539396286,2.4553515911102295
8500,mha,moe,123,1,1,0.08180908113718033,0.061736561357975006,2.4553515911102295
8500,mha,moe,123,1,2,0.08143066614866257,0.06283565610647202,2.4553515911102295
8500,mha,moe,123,1,3,0.04977783188223839,0.059042006731033325,2.4553515911102295
8500,mha,moe,123,1,4,0.04508422687649727,0.06011057272553444,2.4553515911102295
8500,mha,moe,123,1,5,0.05546508729457855,0.05621624365448952,2.4553515911102295
8500,mha,moe,123,1,6,0.04441650211811066,0.058231938630342484,2.4553515911102295
8500,mha,moe,123,1,7,0.057899169623851776,0.07185469567775726,2.4553515911102295
8500,mha,moe,123,1,8,0.06532958894968033,0.057885970920324326,2.4553515911102295
8500,mha,moe,123,1,9,0.050755616277456284,0.05945291370153427,2.4553515911102295
8500,mha,moe,123,1,10,0.0712573230266571,0.08192164450883865,2.4553515911102295
8500,mha,moe,123,1,11,0.04828491061925888,0.058194469660520554,2.4553515911102295
8500,mha,moe,123,1,12,0.0639636218547821,0.060935668647289276,2.4553515911102295
8500,mha,moe,123,1,13,0.07041747868061066,0.06134843826293945,2.4553515911102295
8500,mha,moe,123,1,14,0.05751708894968033,0.05510152876377106,2.4553515911102295
8500,mha,moe,123,1,15,0.09084472805261612,0.06984394043684006,2.4553515911102295
8500,mha,moe,123,2,0,0.08291870355606079,0.0810118168592453,1.8345494270324707
8500,mha,moe,123,2,1,0.05867920070886612,0.05515702813863754,1.8345494270324707
8500,mha,moe,123,2,2,0.06785400211811066,0.06464692950248718,1.8345494270324707
8500,mha,moe,123,2,3,0.04538330063223839,0.05562103912234306,1.8345494270324707
8500,mha,moe,123,2,4,0.04128784313797951,0.04905464127659798,1.8345494270324707
8500,mha,moe,123,2,5,0.06660034507513046,0.06782948225736618,1.8345494270324707
8500,mha,moe,123,2,6,0.054698485881090164,0.0726718157529831,1.8345494270324707
8500,mha,moe,123,2,7,0.04639648273587227,0.05457093566656113,1.8345494270324707
8500,mha,moe,123,2,8,0.05148681625723839,0.0524221695959568,1.8345494270324707
8500,mha,moe,123,2,9,0.05996093899011612,0.04855452850461006,1.8345494270324707
8500,mha,moe,123,2,10,0.08118408173322678,0.06726016849279404,1.8345494270324707
8500,mha,moe,123,2,11,0.07312866300344467,0.07809220254421234,1.8345494270324707
8500,mha,moe,123,2,12,0.06436401605606079,0.06383169442415237,1.8345494270324707
8500,mha,moe,123,2,13,0.056367188692092896,0.05485126003623009,1.8345494270324707
8500,mha,moe,123,2,14,0.08697265386581421,0.07771509885787964,1.8345494270324707
8500,mha,moe,123,2,15,0.06271728873252869,0.056709159165620804,1.8345494270324707
8500,mha,moe,123,3,0,0.03834838792681694,0.03665829077363014,1.3801193237304688
8500,mha,moe,123,3,1,0.06675903499126434,0.06688527762889862,1.3801193237304688
8500,mha,moe,123,3,2,0.056464843451976776,0.055127982050180435,1.3801193237304688
8500,mha,moe,123,3,3,0.07803100347518921,0.0803307518362999,1.3801193237304688
8500,mha,moe,123,3,4,0.0678393542766571,0.059947267174720764,1.3801193237304688
8500,mha,moe,123,3,5,0.06198730319738388,0.06158258393406868,1.3801193237304688
8500,mha,moe,123,3,6,0.05743652209639549,0.05595198646187782,1.3801193237304688
8500,mha,moe,123,3,7,0.036143798381090164,0.04179741442203522,1.3801193237304688
8500,mha,moe,123,3,8,0.05380615219473839,0.07185830920934677,1.3801193237304688
8500,mha,moe,123,3,9,0.07876342535018921,0.07782139629125595,1.3801193237304688
8500,mha,moe,123,3,10,0.07013794034719467,0.0698154866695404,1.3801193237304688
8500,mha,moe,123,3,11,0.05522827059030533,0.068262480199337,1.3801193237304688
8500,mha,moe,123,3,12,0.04725463688373566,0.05525043606758118,1.3801193237304688
8500,mha,moe,123,3,13,0.08272948861122131,0.07388356328010559,1.3801193237304688
8500,mha,moe,123,3,14,0.07531493902206421,0.058411918580532074,1.3801193237304688
8500,mha,moe,123,3,15,0.07375488430261612,0.06641486287117004,1.3801193237304688
8500,mha,moe,123,4,0,0.09311523288488388,0.07423897087574005,1.1536498069763184
8500,mha,moe,123,4,1,0.054694823920726776,0.07099832594394684,1.1536498069763184
8500,mha,moe,123,4,2,0.07133300602436066,0.04826818406581879,1.1536498069763184
8500,mha,moe,123,4,3,0.024653321132063866,0.029162269085645676,1.1536498069763184
8500,mha,moe,123,4,4,0.046715088188648224,0.04381605237722397,1.1536498069763184
8500,mha,moe,123,4,5,0.06673584133386612,0.06172078102827072,1.1536498069763184
8500,mha,moe,123,4,6,0.045161131769418716,0.04663082957267761,1.1536498069763184
8500,mha,moe,123,4,7,0.05263305827975273,0.06268388032913208,1.1536498069763184
8500,mha,moe,123,4,8,0.04729980602860451,0.051020361483097076,1.1536498069763184
8500,mha,moe,123,4,9,0.08086670190095901,0.08579900860786438,1.1536498069763184
8500,mha,moe,123,4,10,0.09119872748851776,0.07062255591154099,1.1536498069763184
8500,mha,moe,123,4,11,0.09790771454572678,0.06878449767827988,1.1536498069763184
8500,mha,moe,123,4,12,0.04110473766922951,0.0461675263941288,1.1536498069763184
8500,mha,moe,123,4,13,0.030858153477311134,0.035880230367183685,1.1536498069763184
8500,mha,moe,123,4,14,0.0794689953327179,0.10984048992395401,1.1536498069763184
8500,mha,moe,123,4,15,0.07625366002321243,0.09436603635549545,1.1536498069763184
8500,mha,moe,123,5,0,0.0966479480266571,0.09855476021766663,1.4249447584152222
8500,mha,moe,123,5,1,0.05900024250149727,0.06738857179880142,1.4249447584152222
8500,mha,moe,123,5,2,0.05591796711087227,0.0461256317794323,1.4249447584152222
8500,mha,moe,123,5,3,0.037913817912340164,0.05792499706149101,1.4249447584152222
8500,mha,moe,123,5,4,0.10107177495956421,0.08487497270107269,1.4249447584152222
8500,mha,moe,123,5,5,0.05451294034719467,0.05909328535199165,1.4249447584152222
8500,mha,moe,123,5,6,0.030955810099840164,0.03424738347530365,1.4249447584152222
8500,mha,moe,123,5,7,0.08690429478883743,0.07277961820363998,1.4249447584152222
8500,mha,moe,123,5,8,0.08866943418979645,0.06624235212802887,1.4249447584152222
8500,mha,moe,123,5,9,0.045075684785842896,0.06810521334409714,1.4249447584152222
8500,mha,moe,123,5,10,0.10099487006664276,0.09201069921255112,1.4249447584152222
8500,mha,moe,123,5,11,0.061467286199331284,0.062277741730213165,1.4249447584152222
8500,mha,moe,123,5,12,0.024118652567267418,0.03719364479184151,1.4249447584152222
8500,mha,moe,123,5,13,0.07745727896690369,0.06247958168387413,1.4249447584152222
8500,mha,moe,123,5,14,0.04111327975988388,0.05202541872859001,1.4249447584152222
8500,mha,moe,123,5,15,0.038178712129592896,0.03867608681321144,1.4249447584152222
9000,mha,moe,123,1,0,0.05881958082318306,0.06508477032184601,2.439328670501709
9000,mha,moe,123,1,1,0.08430664241313934,0.06338153034448624,2.439328670501709
9000,mha,moe,123,1,2,0.07401245087385178,0.05885627865791321,2.439328670501709
9000,mha,moe,123,1,3,0.03850952163338661,0.05740305036306381,2.439328670501709
9000,mha,moe,123,1,4,0.063934326171875,0.06234923377633095,2.439328670501709
9000,mha,moe,123,1,5,0.052025146782398224,0.05615493282675743,2.439328670501709
9000,mha,moe,123,1,6,0.037666015326976776,0.056621938943862915,2.439328670501709
9000,mha,moe,123,1,7,0.050987549126148224,0.0681561604142189,2.439328670501709
9000,mha,moe,123,1,8,0.06532104313373566,0.057988934218883514,2.439328670501709
9000,mha,moe,123,1,9,0.06412719935178757,0.06271136552095413,2.439328670501709
9000,mha,moe,123,1,10,0.06286254525184631,0.08070406317710876,2.439328670501709
9000,mha,moe,123,1,11,0.05109008774161339,0.05841551348567009,2.439328670501709
9000,mha,moe,123,1,12,0.07049316167831421,0.06278632581233978,2.439328670501709
9000,mha,moe,123,1,13,0.0718371570110321,0.062176622450351715,2.439328670501709
9000,mha,moe,123,1,14,0.06462890654802322,0.058235540986061096,2.439328670501709
9000,mha,moe,123,1,15,0.08937866240739822,0.06897372007369995,2.439328670501709
9000,mha,moe,123,2,0,0.08223144710063934,0.08054603636264801,1.8239344358444214
9000,mha,moe,123,2,1,0.06323486566543579,0.0589636005461216,1.8239344358444214
9000,mha,moe,123,2,2,0.06745727360248566,0.0639544129371643,1.8239344358444214
9000,mha,moe,123,2,3,0.04230712726712227,0.054779887199401855,1.8239344358444214
9000,mha,moe,123,2,4,0.039213865995407104,0.046967700123786926,1.8239344358444214
9000,mha,moe,123,2,5,0.06289062649011612,0.0635768249630928,1.8239344358444214
9000,mha,moe,123,2,6,0.05568847805261612,0.07385841757059097,1.8239344358444214
9000,mha,moe,123,2,7,0.042957764118909836,0.05362040176987648,1.8239344358444214
9000,mha,moe,123,2,8,0.054414063692092896,0.05452308803796768,1.8239344358444214
9000,mha,moe,123,2,9,0.060791015625,0.04844297096133232,1.8239344358444214
9000,mha,moe,123,2,10,0.08197388052940369,0.06884697824716568,1.8239344358444214
9000,mha,moe,123,2,11,0.07004760950803757,0.0743265226483345,1.8239344358444214
9000,mha,moe,123,2,12,0.07428955286741257,0.06975944340229034,1.8239344358444214
9000,mha,moe,123,2,13,0.061549071222543716,0.058356620371341705,1.8239344358444214
9000,mha,moe,123,2,14,0.08143799006938934,0.07513854652643204,1.8239344358444214
9000,mha,moe,123,2,15,0.05951537936925888,0.054338544607162476,1.8239344358444214
9000,mha,moe,123,3,0,0.038482666015625,0.03704942762851715,1.3686333894729614
9000,mha,moe,123,3,1,0.07019409537315369,0.06974831223487854,1.3686333894729614
9000,mha,moe,123,3,2,0.055244140326976776,0.05449548736214638,1.3686333894729614
9000,mha,moe,123,3,3,0.0813000500202179,0.08425658941268921,1.3686333894729614
9000,mha,moe,123,3,4,0.06714111566543579,0.05868037790060043,1.3686333894729614
9000,mha,moe,123,3,5,0.060209959745407104,0.05939073860645294,1.3686333894729614
9000,mha,moe,123,3,6,0.05808837711811066,0.05691986531019211,1.3686333894729614
9000,mha,moe,123,3,7,0.03571533039212227,0.04143732041120529,1.3686333894729614
9000,mha,moe,123,3,8,0.05361572280526161,0.07110853493213654,1.3686333894729614
9000,mha,moe,123,3,9,0.08194214105606079,0.07743694633245468,1.3686333894729614
9000,mha,moe,123,3,10,0.07022339105606079,0.0686027854681015,1.3686333894729614
9000,mha,moe,123,3,11,0.05303588882088661,0.06652092188596725,1.3686333894729614
9000,mha,moe,123,3,12,0.049128416925668716,0.057347267866134644,1.3686333894729614
9000,mha,moe,123,3,13,0.0819384753704071,0.07442691177129745,1.3686333894729614
9000,mha,moe,123,3,14,0.07276123017072678,0.05696989223361015,1.3686333894729614
9000,mha,moe,123,3,15,0.07097900658845901,0.06560863554477692,1.3686333894729614
9000,mha,moe,123,4,0,0.09333007782697678,0.07402711361646652,1.164426326751709
9000,mha,moe,123,4,1,0.053966064006090164,0.07077746093273163,1.164426326751709
9000,mha,moe,123,4,2,0.06901123374700546,0.04675079509615898,1.164426326751709
9000,mha,moe,123,4,3,0.024735108017921448,0.031015682965517044,1.164426326751709
9000,mha,moe,123,4,4,0.05127197131514549,0.04694543778896332,1.164426326751709
9000,mha,moe,123,4,5,0.059846192598342896,0.05617819353938103,1.164426326751709
9000,mha,moe,123,4,6,0.04237426817417145,0.044598277658224106,1.164426326751709
9000,mha,moe,123,4,7,0.05538574233651161,0.06644193828105927,1.164426326751709
9000,mha,moe,123,4,8,0.047607421875,0.0515044629573822,1.164426326751709
9000,mha,moe,123,4,9,0.08160766959190369,0.08614658564329147,1.164426326751709
9000,mha,moe,123,4,10,0.09771240502595901,0.07737653702497482,1.164426326751709
9000,mha,moe,123,4,11,0.0973193347454071,0.06951700896024704,1.164426326751709
9000,mha,moe,123,4,12,0.03977661207318306,0.0441695898771286,1.164426326751709
9000,mha,moe,123,4,13,0.031064452603459358,0.03431909903883934,1.164426326751709
9000,mha,moe,123,4,14,0.07875610142946243,0.10729097574949265,1.164426326751709
9000,mha,moe,123,4,15,0.07623535394668579,0.09294082969427109,1.164426326751709
9000,mha,moe,123,5,0,0.09790649265050888,0.09860137850046158,1.4143409729003906
9000,mha,moe,123,5,1,0.05793945491313934,0.06736740469932556,1.4143409729003906
9000,mha,moe,123,5,2,0.053776856511831284,0.04547326639294624,1.4143409729003906
9000,mha,moe,123,5,3,0.037043455988168716,0.05649341642856598,1.4143409729003906
9000,mha,moe,123,5,4,0.10094726830720901,0.08321771770715714,1.4143409729003906
9000,mha,moe,123,5,5,0.05344238132238388,0.05942503362894058,1.4143409729003906
9000,mha,moe,123,5,6,0.032841797918081284,0.03578519448637962,1.4143409729003906
9000,mha,moe,123,5,7,0.08894653618335724,0.07726308703422546,1.4143409729003906
9000,mha,moe,123,5,8,0.08889526128768921,0.0671791136264801,1.4143409729003906
9000,mha,moe,123,5,9,0.04571167007088661,0.0679769515991211,1.4143409729003906
9000,mha,moe,123,5,10,0.10289672762155533,0.09545603394508362,1.4143409729003906
9000,mha,moe,123,5,11,0.06136230379343033,0.061192866414785385,1.4143409729003906
9000,mha,moe,123,5,12,0.023503417149186134,0.03490014746785164,1.4143409729003906
9000,mha,moe,123,5,13,0.07493408024311066,0.059607043862342834,1.4143409729003906
9000,mha,moe,123,5,14,0.04048828035593033,0.051747459918260574,1.4143409729003906
9000,mha,moe,123,5,15,0.03936401382088661,0.03831392154097557,1.4143409729003906
9500,mha,moe,123,1,0,0.061427000910043716,0.06526567786931992,2.430210828781128
9500,mha,moe,123,1,1,0.08041137456893921,0.06144540011882782,2.430210828781128
9500,mha,moe,123,1,2,0.07606811821460724,0.060428716242313385,2.430210828781128
9500,mha,moe,123,1,3,0.050932615995407104,0.05829756706953049,2.430210828781128
9500,mha,moe,123,1,4,0.047709960490465164,0.06025124713778496,2.430210828781128
9500,mha,moe,123,1,5,0.05283447355031967,0.05489753559231758,2.430210828781128
9500,mha,moe,123,1,6,0.038239747285842896,0.05744774639606476,2.430210828781128
9500,mha,moe,123,1,7,0.05365844815969467,0.06984200328588486,2.430210828781128
9500,mha,moe,123,1,8,0.06871704012155533,0.05964092165231705,2.430210828781128
9500,mha,moe,123,1,9,0.058983154594898224,0.05967121571302414,2.430210828781128
9500,mha,moe,123,1,10,0.06766967475414276,0.08334381133317947,2.430210828781128
9500,mha,moe,123,1,11,0.048503417521715164,0.057487454265356064,2.430210828781128
9500,mha,moe,123,1,12,0.07045654207468033,0.06271025538444519,2.430210828781128
9500,mha,moe,123,1,13,0.07253418117761612,0.061245474964380264,2.430210828781128
9500,mha,moe,123,1,14,0.06601318717002869,0.059557508677244186,2.430210828781128
9500,mha,moe,123,1,15,0.08584106713533401,0.06846747547388077,2.430210828781128
9500,mha,moe,123,2,0,0.08331786841154099,0.08209870010614395,1.8106058835983276
9500,mha,moe,123,2,1,0.060509033501148224,0.05693408101797104,1.8106058835983276
9500,mha,moe,123,2,2,0.07173950225114822,0.06859323382377625,1.8106058835983276
9500,mha,moe,123,2,3,0.04162963852286339,0.05269746482372284,1.8106058835983276
9500,mha,moe,123,2,4,0.039104003459215164,0.04703446850180626,1.8106058835983276
9500,mha,moe,123,2,5,0.06533081084489822,0.0640488937497139,1.8106058835983276
9500,mha,moe,123,2,6,0.057219237089157104,0.07455696910619736,1.8106058835983276
9500,mha,moe,123,2,7,0.043364256620407104,0.05258333683013916,1.8106058835983276
9500,mha,moe,123,2,8,0.049476318061351776,0.05309085547924042,1.8106058835983276
9500,mha,moe,123,2,9,0.06348633021116257,0.05015076696872711,1.8106058835983276
9500,mha,moe,123,2,10,0.08029419183731079,0.06718800216913223,1.8106058835983276
9500,mha,moe,123,2,11,0.06919189542531967,0.07342507690191269,1.8106058835983276
9500,mha,moe,123,2,12,0.06863891333341599,0.06728367507457733,1.8106058835983276
9500,mha,moe,123,2,13,0.05839477479457855,0.055888738483190536,1.8106058835983276
9500,mha,moe,123,2,14,0.08353637903928757,0.07651696354150772,1.8106058835983276
9500,mha,moe,123,2,15,0.06476684659719467,0.05790876969695091,1.8106058835983276
9500,mha,moe,123,3,0,0.035358887165784836,0.03484920412302017,1.3603945970535278
9500,mha,moe,123,3,1,0.06672362983226776,0.06608166545629501,1.3603945970535278
9500,mha,moe,123,3,2,0.055235594511032104,0.054445330053567886,1.3603945970535278
9500,mha,moe,123,3,3,0.07845214754343033,0.08223117142915726,1.3603945970535278
9500,mha,moe,123,3,4,0.06671630591154099,0.05898849666118622,1.3603945970535278
9500,mha,moe,123,3,5,0.06113891676068306,0.06231642886996269,1.3603945970535278
9500,mha,moe,123,3,6,0.059331055730581284,0.05657453462481499,1.3603945970535278
9500,mha,moe,123,3,7,0.03625854477286339,0.040577273815870285,1.3603945970535278
9500,mha,moe,123,3,8,0.055085450410842896,0.07305452227592468,1.3603945970535278
9500,mha,moe,123,3,9,0.07857666164636612,0.07419276982545853,1.3603945970535278
9500,mha,moe,123,3,10,0.0714404284954071,0.07043252885341644,1.3603945970535278
9500,mha,moe,123,3,11,0.05794067308306694,0.07125836610794067,1.3603945970535278
9500,mha,moe,123,3,12,0.04867187514901161,0.056750837713479996,1.3603945970535278
9500,mha,moe,123,3,13,0.08107055723667145,0.07367666065692902,1.3603945970535278
9500,mha,moe,123,3,14,0.07209472358226776,0.05604889988899231,1.3603945970535278
9500,mha,moe,123,3,15,0.07590454071760178,0.06852128356695175,1.3603945970535278
9500,mha,moe,123,4,0,0.08937744051218033,0.07138211280107498,1.1737250089645386
9500,mha,moe,123,4,1,0.055079344660043716,0.07384835928678513,1.1737250089645386
9500,mha,moe,123,4,2,0.06860595941543579,0.045655760914087296,1.1737250089645386
9500,mha,moe,123,4,3,0.024293212220072746,0.028457317501306534,1.1737250089645386
9500,mha,moe,123,4,4,0.052369385957717896,0.04837612062692642,1.1737250089645386
9500,mha,moe,123,4,5,0.06403686851263046,0.05885390192270279,1.1737250089645386
9500,mha,moe,123,4,6,0.043162841349840164,0.045611534267663956,1.1737250089645386
9500,mha,moe,123,4,7,0.05708984285593033,0.06747642159461975,1.1737250089645386
9500,mha,moe,123,4,8,0.04625122249126434,0.05118195712566376,1.1737250089645386
9500,mha,moe,123,4,9,0.08092773705720901,0.0841345489025116,1.1737250089645386
9500,mha,moe,123,4,10,0.09529419243335724,0.0746113583445549,1.1737250089645386
9500,mha,moe,123,4,11,0.09566894173622131,0.06585785746574402,1.1737250089645386
9500,mha,moe,123,4,12,0.039582520723342896,0.04483286291360855,1.1737250089645386
9500,mha,moe,123,4,13,0.03185668960213661,0.036105960607528687,1.1737250089645386
9500,mha,moe,123,4,14,0.08005370944738388,0.11067299544811249,1.1737250089645386
9500,mha,moe,123,4,15,0.07635010033845901,0.09294091165065765,1.1737250089645386
9500,mha,moe,123,5,0,0.09718139469623566,0.09715059399604797,1.424304485321045
9500,mha,moe,123,5,1,0.05896606296300888,0.06853483617305756,1.424304485321045
9500,mha,moe,123,5,2,0.052863769233226776,0.04420492798089981,1.424304485321045
9500,mha,moe,123,5,3,0.03642944246530533,0.055959638208150864,1.424304485321045
9500,mha,moe,123,5,4,0.10048461705446243,0.0847795382142067,1.424304485321045
9500,mha,moe,123,5,5,0.05376831069588661,0.05931679159402847,1.424304485321045
9500,mha,moe,123,5,6,0.034942626953125,0.03771674260497093,1.424304485321045
9500,mha,moe,123,5,7,0.08866943418979645,0.07600972801446915,1.424304485321045
9500,mha,moe,123,5,8,0.08808715641498566,0.0662694051861763,1.424304485321045
9500,mha,moe,123,5,9,0.047111816704273224,0.07027239352464676,1.424304485321045
9500,mha,moe,123,5,10,0.09778808802366257,0.08751951903104782,1.424304485321045
9500,mha,moe,123,5,11,0.0634472668170929,0.06462723761796951,1.424304485321045
9500,mha,moe,123,5,12,0.022976074367761612,0.03571397438645363,1.424304485321045
9500,mha,moe,123,5,13,0.07663330435752869,0.060910679399967194,1.424304485321045
9500,mha,moe,123,5,14,0.042442627251148224,0.052925046533346176,1.424304485321045
9500,mha,moe,123,5,15,0.0382080078125,0.03808896243572235,1.424304485321045
10000,mha,moe,123,1,0,0.05623535066843033,0.0637776106595993,2.435748815536499
10000,mha,moe,123,1,1,0.08532470464706421,0.064016193151474,2.435748815536499
10000,mha,moe,123,1,2,0.06849853694438934,0.05693788826465607,2.435748815536499
10000,mha,moe,123,1,3,0.04745849594473839,0.05822356790304184,2.435748815536499
10000,mha,moe,123,1,4,0.04991455003619194,0.06045622006058693,2.435748815536499
10000,mha,moe,123,1,5,0.06042724475264549,0.05666874349117279,2.435748815536499
10000,mha,moe,123,1,6,0.054515380412340164,0.060631975531578064,2.435748815536499
10000,mha,moe,123,1,7,0.05516723543405533,0.0716434121131897,2.435748815536499
10000,mha,moe,123,1,8,0.06408081203699112,0.05803268775343895,2.435748815536499
10000,mha,moe,123,1,9,0.05406372249126434,0.06018150970339775,2.435748815536499
10000,mha,moe,123,1,10,0.06627319008111954,0.08112359046936035,2.435748815536499
10000,mha,moe,123,1,11,0.04925537109375,0.05846750736236572,2.435748815536499
10000,mha,moe,123,1,12,0.07161255180835724,0.06334240734577179,2.435748815536499
10000,mha,moe,123,1,13,0.07235962152481079,0.0612812340259552,2.435748815536499
10000,mha,moe,123,1,14,0.05946044996380806,0.05684337019920349,2.435748815536499
10000,mha,moe,123,1,15,0.08535278588533401,0.06837204843759537,2.435748815536499
10000,mha,moe,123,2,0,0.08654052764177322,0.08489524573087692,1.8109409809112549
10000,mha,moe,123,2,1,0.05793212726712227,0.05469502508640289,1.8109409809112549
10000,mha,moe,123,2,2,0.07326171547174454,0.07040293514728546,1.8109409809112549
10000,mha,moe,123,2,3,0.04320434480905533,0.054628871381282806,1.8109409809112549
10000,mha,moe,123,2,4,0.04071899503469467,0.04814334213733673,1.8109409809112549
10000,mha,moe,123,2,5,0.06638550013303757,0.0664760172367096,1.8109409809112549
10000,mha,moe,123,2,6,0.05653320252895355,0.07399938255548477,1.8109409809112549
10000,mha,moe,123,2,7,0.043828126043081284,0.05407111346721649,1.8109409809112549
10000,mha,moe,123,2,8,0.049213867634534836,0.05253192037343979,1.8109409809112549
10000,mha,moe,123,2,9,0.05898071452975273,0.04785269871354103,1.8109409809112549
10000,mha,moe,123,2,10,0.08060912787914276,0.06749945133924484,1.8109409809112549
10000,mha,moe,123,2,11,0.072021484375,0.07640469819307327,1.8109409809112549
10000,mha,moe,123,2,12,0.06508422642946243,0.06291346997022629,1.8109409809112549
10000,mha,moe,123,2,13,0.05622192472219467,0.053891897201538086,1.8109409809112549
10000,mha,moe,123,2,14,0.08475219458341599,0.07375048100948334,1.8109409809112549
10000,mha,moe,123,2,15,0.06471191346645355,0.05784346163272858,1.8109409809112549
10000,mha,moe,123,3,0,0.037604980170726776,0.03674931451678276,1.3734151124954224
10000,mha,moe,123,3,1,0.06648437678813934,0.06575634330511093,1.3734151124954224
10000,mha,moe,123,3,2,0.05585082992911339,0.054172083735466,1.3734151124954224
10000,mha,moe,123,3,3,0.08045653998851776,0.08204401284456253,1.3734151124954224
10000,mha,moe,123,3,4,0.06806152313947678,0.06014900654554367,1.3734151124954224
10000,mha,moe,123,3,5,0.06074707210063934,0.0609293133020401,1.3734151124954224
10000,mha,moe,123,3,6,0.057777099311351776,0.0554412379860878,1.3734151124954224
10000,mha,moe,123,3,7,0.03907592594623566,0.04375872015953064,1.3734151124954224
10000,mha,moe,123,3,8,0.05341796949505806,0.07095330953598022,1.3734151124954224
10000,mha,moe,123,3,9,0.07948364317417145,0.07695610821247101,1.3734151124954224
10000,mha,moe,123,3,10,0.07234618812799454,0.07383310049772263,1.3734151124954224
10000,mha,moe,123,3,11,0.055726319551467896,0.06851036846637726,1.3734151124954224
10000,mha,moe,123,3,12,0.04753417894244194,0.05586598813533783,1.3734151124954224
10000,mha,moe,123,3,13,0.08107177913188934,0.0733751505613327,1.3734151124954224
10000,mha,moe,123,3,14,0.07273803651332855,0.056822385638952255,1.3734151124954224
10000,mha,moe,123,3,15,0.0716235339641571,0.06468354910612106,1.3734151124954224
10000,mha,moe,123,4,0,0.09084716439247131,0.07329147309064865,1.1654808521270752
10000,mha,moe,123,4,1,0.054259032011032104,0.0709814503788948,1.1654808521270752
10000,mha,moe,123,4,2,0.06772705167531967,0.04640623554587364,1.1654808521270752
10000,mha,moe,123,4,3,0.023387450724840164,0.028947317972779274,1.1654808521270752
10000,mha,moe,123,4,4,0.046928711235523224,0.04386433586478233,1.1654808521270752
10000,mha,moe,123,4,5,0.06210083141922951,0.05773907154798508,1.1654808521270752
10000,mha,moe,123,4,6,0.04630371183156967,0.04829465225338936,1.1654808521270752
10000,mha,moe,123,4,7,0.055079344660043716,0.06464990228414536,1.1654808521270752
10000,mha,moe,123,4,8,0.04844970628619194,0.05341346561908722,1.1654808521270752
10000,mha,moe,123,4,9,0.08164794743061066,0.0857502743601799,1.1654808521270752
10000,mha,moe,123,4,10,0.09670288115739822,0.07348494231700897,1.1654808521270752
10000,mha,moe,123,4,11,0.09749633818864822,0.0679052472114563,1.1654808521270752
10000,mha,moe,123,4,12,0.04057373106479645,0.04532258212566376,1.1654808521270752
10000,mha,moe,123,4,13,0.03221191465854645,0.03637326881289482,1.1654808521270752
10000,mha,moe,123,4,14,0.08011596649885178,0.10976778715848923,1.1654808521270752
10000,mha,moe,123,4,15,0.07616820931434631,0.09380800276994705,1.1654808521270752
10000,mha,moe,123,5,0,0.09706176817417145,0.0986187681555748,1.4087594747543335
10000,mha,moe,123,5,1,0.05876342952251434,0.06886208802461624,1.4087594747543335
10000,mha,moe,123,5,2,0.05467163026332855,0.04605163261294365,1.4087594747543335
10000,mha,moe,123,5,3,0.036407470703125,0.056002888828516006,1.4087594747543335
10000,mha,moe,123,5,4,0.10124267637729645,0.08510810136795044,1.4087594747543335
10000,mha,moe,123,5,5,0.054780274629592896,0.05919827148318291,1.4087594747543335
10000,mha,moe,123,5,6,0.033702392131090164,0.036734193563461304,1.4087594747543335
10000,mha,moe,123,5,7,0.08968871831893921,0.07755620032548904,1.4087594747543335
10000,mha,moe,123,5,8,0.08513427525758743,0.06238793954253197,1.4087594747543335
10000,mha,moe,123,5,9,0.04712890461087227,0.0706598162651062,1.4087594747543335
10000,mha,moe,123,5,10,0.10054443031549454,0.09043203294277191,1.4087594747543335
10000,mha,moe,123,5,11,0.05953003093600273,0.06077165529131889,1.4087594747543335
10000,mha,moe,123,5,12,0.02350708097219467,0.03586331754922867,1.4087594747543335
10000,mha,moe,123,5,13,0.07697875797748566,0.06156354770064354,1.4087594747543335
10000,mha,moe,123,5,14,0.03962524235248566,0.049390245229005814,1.4087594747543335
10000,mha,moe,123,5,15,0.04123291000723839,0.04079924151301384,1.4087594747543335
10500,mha,moe,123,1,0,0.0633557140827179,0.06590874493122101,2.4199531078338623
10500,mha,moe,123,1,1,0.08195922523736954,0.06257080286741257,2.4199531078338623
10500,mha,moe,123,1,2,0.07187499850988388,0.05877554044127464,2.4199531078338623
10500,mha,moe,123,1,3,0.048664551228284836,0.057969652116298676,2.4199531078338623
10500,mha,moe,123,1,4,0.05229003727436066,0.05997816473245621,2.4199531078338623
10500,mha,moe,123,1,5,0.05809692293405533,0.055713701993227005,2.4199531078338623
10500,mha,moe,123,1,6,0.05147705227136612,0.059337373822927475,2.4199531078338623
10500,mha,moe,123,1,7,0.05663207918405533,0.0733061283826828,2.4199531078338623
10500,mha,moe,123,1,8,0.068389892578125,0.05962611362338066,2.4199531078338623
10500,mha,moe,123,1,9,0.047779541462659836,0.05736914649605751,2.4199531078338623
10500,mha,moe,123,1,10,0.06690917909145355,0.08153451979160309,2.4199531078338623
10500,mha,moe,123,1,11,0.04627807438373566,0.05687335878610611,2.4199531078338623
10500,mha,moe,123,1,12,0.06457886099815369,0.061083678156137466,2.4199531078338623
10500,mha,moe,123,1,13,0.07603393495082855,0.06384177505970001,2.4199531078338623
10500,mha,moe,123,1,14,0.062159422785043716,0.057785943150520325,2.4199531078338623
10500,mha,moe,123,1,15,0.08352050930261612,0.06832537055015564,2.4199531078338623
10500,mha,moe,123,2,0,0.08287964016199112,0.08105180412530899,1.8105047941207886
10500,mha,moe,123,2,1,0.05900634825229645,0.0551687628030777,1.8105047941207886
10500,mha,moe,123,2,2,0.06771484017372131,0.06478315591812134,1.8105047941207886
10500,mha,moe,123,2,3,0.042875975370407104,0.054187655448913574,1.8105047941207886
10500,mha,moe,123,2,4,0.04148193448781967,0.04870670661330223,1.8105047941207886
10500,mha,moe,123,2,5,0.06631225347518921,0.06601265072822571,1.8105047941207886
10500,mha,moe,123,2,6,0.054987791925668716,0.07359816133975983,1.8105047941207886
10500,mha,moe,123,2,7,0.04450683668255806,0.054643046110868454,1.8105047941207886
10500,mha,moe,123,2,8,0.051545411348342896,0.053981419652700424,1.8105047941207886
10500,mha,moe,123,2,9,0.061333008110523224,0.04878578335046768,1.8105047941207886
10500,mha,moe,123,2,10,0.0831286609172821,0.06997770816087723,1.8105047941207886
10500,mha,moe,123,2,11,0.07227417081594467,0.07786458730697632,1.8105047941207886
10500,mha,moe,123,2,12,0.06514038145542145,0.06416316330432892,1.8105047941207886
10500,mha,moe,123,2,13,0.05828002840280533,0.05541960150003433,1.8105047941207886
10500,mha,moe,123,2,14,0.07893677055835724,0.07036649435758591,1.8105047941207886
10500,mha,moe,123,2,15,0.06959594786167145,0.06128929927945137,1.8105047941207886
10500,mha,moe,123,3,0,0.03954467922449112,0.03824520483613014,1.370871901512146
10500,mha,moe,123,3,1,0.06742065399885178,0.06758510321378708,1.370871901512146
10500,mha,moe,123,3,2,0.057738035917282104,0.05658596009016037,1.370871901512146
10500,mha,moe,123,3,3,0.07730712741613388,0.07882040739059448,1.370871901512146
10500,mha,moe,123,3,4,0.06645629554986954,0.0590829961001873,1.370871901512146
10500,mha,moe,123,3,5,0.060297850519418716,0.05974797159433365,1.370871901512146
10500,mha,moe,123,3,6,0.05898681655526161,0.05621089041233063,1.370871901512146
10500,mha,moe,123,3,7,0.04046997055411339,0.0450909249484539,1.370871901512146
10500,mha,moe,123,3,8,0.051915284246206284,0.06987997144460678,1.370871901512146
10500,mha,moe,123,3,9,0.07814697176218033,0.07556593418121338,1.370871901512146
10500,mha,moe,123,3,10,0.06889404356479645,0.06998826563358307,1.370871901512146
10500,mha,moe,123,3,11,0.05536743253469467,0.06787044554948807,1.370871901512146
10500,mha,moe,123,3,12,0.047130126506090164,0.0547374002635479,1.370871901512146
10500,mha,moe,123,3,13,0.08336181938648224,0.076063372194767,1.370871901512146
10500,mha,moe,123,3,14,0.07645263522863388,0.06028132140636444,1.370871901512146
10500,mha,moe,123,3,15,0.07051025331020355,0.06424381583929062,1.370871901512146
10500,mha,moe,123,4,0,0.09279296547174454,0.07429750263690948,1.1751271486282349
10500,mha,moe,123,4,1,0.05354247987270355,0.06962408125400543,1.1751271486282349
10500,mha,moe,123,4,2,0.06857055425643921,0.04712555930018425,1.1751271486282349
10500,mha,moe,123,4,3,0.025874024257063866,0.031069224700331688,1.1751271486282349
10500,mha,moe,123,4,4,0.050255127251148224,0.0465155653655529,1.1751271486282349
10500,mha,moe,123,4,5,0.06586792320013046,0.06097107753157616,1.1751271486282349
10500,mha,moe,123,4,6,0.04380248859524727,0.045786041766405106,1.1751271486282349
10500,mha,moe,123,4,7,0.05356445163488388,0.06465540081262589,1.1751271486282349
10500,mha,moe,123,4,8,0.044310301542282104,0.049034904688596725,1.1751271486282349
10500,mha,moe,123,4,9,0.07932617515325546,0.08350717276334763,1.1751271486282349
10500,mha,moe,123,4,10,0.09270507842302322,0.07275566458702087,1.1751271486282349
10500,mha,moe,123,4,11,0.10074584931135178,0.07012473046779633,1.1751271486282349
10500,mha,moe,123,4,12,0.04216064512729645,0.04667677357792854,1.1751271486282349
10500,mha,moe,123,4,13,0.03273925930261612,0.03713253140449524,1.1751271486282349
10500,mha,moe,123,4,14,0.08037842065095901,0.10896852612495422,1.1751271486282349
10500,mha,moe,123,4,15,0.0733642578125,0.0917552188038826,1.1751271486282349
10500,mha,moe,123,5,0,0.09494506567716599,0.09524668008089066,1.4117143154144287
10500,mha,moe,123,5,1,0.06047729402780533,0.06941161304712296,1.4117143154144287
10500,mha,moe,123,5,2,0.05555908381938934,0.04612000286579132,1.4117143154144287
10500,mha,moe,123,5,3,0.03852539137005806,0.05904215946793556,1.4117143154144287
10500,mha,moe,123,5,4,0.1017138659954071,0.08589660376310349,1.4117143154144287
10500,mha,moe,123,5,5,0.054627686738967896,0.058783672749996185,1.4117143154144287
10500,mha,moe,123,5,6,0.033167723566293716,0.035652611404657364,1.4117143154144287
10500,mha,moe,123,5,7,0.08836791664361954,0.0753278061747551,1.4117143154144287
10500,mha,moe,123,5,8,0.088104248046875,0.06687095761299133,1.4117143154144287
10500,mha,moe,123,5,9,0.04606078937649727,0.06859106570482254,1.4117143154144287
10500,mha,moe,123,5,10,0.10249999910593033,0.09340109676122665,1.4117143154144287
10500,mha,moe,123,5,11,0.0606689453125,0.0612032525241375,1.4117143154144287
10500,mha,moe,123,5,12,0.024520263075828552,0.03682217001914978,1.4117143154144287
10500,mha,moe,123,5,13,0.07311767339706421,0.05832476541399956,1.4117143154144287
10500,mha,moe,123,5,14,0.04008178785443306,0.0513048991560936,1.4117143154144287
10500,mha,moe,123,5,15,0.037562254816293716,0.03800063952803612,1.4117143154144287
11000,mha,moe,123,1,0,0.05896240100264549,0.06549561023712158,2.419104814529419
11000,mha,moe,123,1,1,0.08703368902206421,0.06518417596817017,2.419104814529419
11000,mha,moe,123,1,2,0.06984131038188934,0.0573938712477684,2.419104814529419
11000,mha,moe,123,1,3,0.054694823920726776,0.05937424302101135,2.419104814529419
11000,mha,moe,123,1,4,0.045039061456918716,0.05940152704715729,2.419104814529419
11000,mha,moe,123,1,5,0.07076171785593033,0.05885612592101097,2.419104814529419
11000,mha,moe,123,1,6,0.04089965671300888,0.05872803181409836,2.419104814529419
11000,mha,moe,123,1,7,0.052216798067092896,0.07066495716571808,2.419104814529419
11000,mha,moe,123,1,8,0.0606689453125,0.05646558105945587,2.419104814529419
11000,mha,moe,123,1,9,0.04893798753619194,0.05924823135137558,2.419104814529419
11000,mha,moe,123,1,10,0.060950927436351776,0.07811474055051804,2.419104814529419
11000,mha,moe,123,1,11,0.0660717785358429,0.061312731355428696,2.419104814529419
11000,mha,moe,123,1,12,0.0627758800983429,0.05998959019780159,2.419104814529419
11000,mha,moe,123,1,13,0.07674438506364822,0.06480731815099716,2.419104814529419
11000,mha,moe,123,1,14,0.05855468660593033,0.05540091544389725,2.419104814529419
11000,mha,moe,123,1,15,0.085845947265625,0.06956233829259872,2.419104814529419
11000,mha,moe,123,2,0,0.08333740383386612,0.08121336996555328,1.799196481704712
11000,mha,moe,123,2,1,0.05973266437649727,0.05700099468231201,1.799196481704712
11000,mha,moe,123,2,2,0.06976318359375,0.06717530637979507,1.799196481704712
11000,mha,moe,123,2,3,0.04499877989292145,0.055573076009750366,1.799196481704712
11000,mha,moe,123,2,4,0.04007934406399727,0.04820925369858742,1.799196481704712
11000,mha,moe,123,2,5,0.06559570133686066,0.06645286828279495,1.799196481704712
11000,mha,moe,123,2,6,0.05283813551068306,0.07037516683340073,1.799196481704712
11000,mha,moe,123,2,7,0.0428466796875,0.05356529355049133,1.799196481704712
11000,mha,moe,123,2,8,0.05065673962235451,0.05395139753818512,1.799196481704712
11000,mha,moe,123,2,9,0.06671752780675888,0.0517902672290802,1.799196481704712
11000,mha,moe,123,2,10,0.08221923559904099,0.06977605074644089,1.799196481704712
11000,mha,moe,123,2,11,0.07148193567991257,0.07601627707481384,1.799196481704712
11000,mha,moe,123,2,12,0.06711914390325546,0.06417982280254364,1.799196481704712
11000,mha,moe,123,2,13,0.05872558429837227,0.056072741746902466,1.799196481704712
11000,mha,moe,123,2,14,0.07829955965280533,0.07149863988161087,1.799196481704712
11000,mha,moe,123,2,15,0.06558837741613388,0.057149458676576614,1.799196481704712
11000,mha,moe,123,3,0,0.03689208999276161,0.03651449829339981,1.367766261100769
11000,mha,moe,123,3,1,0.07055176049470901,0.0695343092083931,1.367766261100769
11000,mha,moe,123,3,2,0.05785156413912773,0.0571623370051384,1.367766261100769
11000,mha,moe,123,3,3,0.07822875678539276,0.08089882135391235,1.367766261100769
11000,mha,moe,123,3,4,0.0658251941204071,0.058469682931900024,1.367766261100769
11000,mha,moe,123,3,5,0.05792846530675888,0.05834998935461044,1.367766261100769
11000,mha,moe,123,3,6,0.05973877012729645,0.055846791714429855,1.367766261100769
11000,mha,moe,123,3,7,0.035716552287340164,0.04082651063799858,1.367766261100769
11000,mha,moe,123,3,8,0.05442993342876434,0.07199294865131378,1.367766261100769
11000,mha,moe,123,3,9,0.07859496772289276,0.07456807047128677,1.367766261100769
11000,mha,moe,123,3,10,0.0704663097858429,0.07290035486221313,1.367766261100769
11000,mha,moe,123,3,11,0.055933836847543716,0.06841306388378143,1.367766261100769
11000,mha,moe,123,3,12,0.046009521931409836,0.05494487285614014,1.367766261100769
11000,mha,moe,123,3,13,0.08546264469623566,0.07743228226900101,1.367766261100769
11000,mha,moe,123,3,14,0.07655639946460724,0.05933789908885956,1.367766261100769
11000,mha,moe,123,3,15,0.06981322914361954,0.06280752271413803,1.367766261100769
11000,mha,moe,123,4,0,0.09449706971645355,0.07652732729911804,1.1737459897994995
11000,mha,moe,123,4,1,0.054102782160043716,0.07101860642433167,1.1737459897994995
11000,mha,moe,123,4,2,0.06759887933731079,0.04599567875266075,1.1737459897994995
11000,mha,moe,123,4,3,0.023814696818590164,0.03095690906047821,1.1737459897994995
11000,mha,moe,123,4,4,0.05104614421725273,0.047317080199718475,1.1737459897994995
11000,mha,moe,123,4,5,0.0641796886920929,0.059153832495212555,1.1737459897994995
11000,mha,moe,123,4,6,0.04368652403354645,0.045640502125024796,1.1737459897994995
11000,mha,moe,123,4,7,0.053059082478284836,0.06316336989402771,1.1737459897994995
11000,mha,moe,123,4,8,0.04646972566843033,0.05120435357093811,1.1737459897994995
11000,mha,moe,123,4,9,0.08106445521116257,0.08614141494035721,1.1737459897994995
11000,mha,moe,123,4,10,0.09534057974815369,0.07412237673997879,1.1737459897994995
11000,mha,moe,123,4,11,0.0980224609375,0.0674358382821083,1.1737459897994995
11000,mha,moe,123,4,12,0.03941284120082855,0.04275690019130707,1.1737459897994995
11000,mha,moe,123,4,13,0.031074218451976776,0.035681452602148056,1.1737459897994995
11000,mha,moe,123,4,14,0.08146362006664276,0.11115441471338272,1.1737459897994995
11000,mha,moe,123,4,15,0.07516723871231079,0.09172990918159485,1.1737459897994995
11000,mha,moe,123,5,0,0.09597533941268921,0.09748657047748566,1.4173247814178467
11000,mha,moe,123,5,1,0.057768553495407104,0.0682908296585083,1.4173247814178467
11000,mha,moe,123,5,2,0.05340942367911339,0.045467227697372437,1.4173247814178467
11000,mha,moe,123,5,3,0.037864990532398224,0.056848570704460144,1.4173247814178467
11000,mha,moe,123,5,4,0.10343017429113388,0.08795877546072006,1.4173247814178467
11000,mha,moe,123,5,5,0.05500243976712227,0.059510402381420135,1.4173247814178467
11000,mha,moe,123,5,6,0.035148926079273224,0.03721395879983902,1.4173247814178467
11000,mha,moe,123,5,7,0.08955932408571243,0.0771607756614685,1.4173247814178467
11000,mha,moe,123,5,8,0.08655884116888046,0.06455717980861664,1.4173247814178467
11000,mha,moe,123,5,9,0.048302002251148224,0.07119375467300415,1.4173247814178467
11000,mha,moe,123,5,10,0.1004626452922821,0.09007363021373749,1.4173247814178467
11000,mha,moe,123,5,11,0.06025512516498566,0.061890602111816406,1.4173247814178467
11000,mha,moe,123,5,12,0.02261962927877903,0.03539509326219559,1.4173247814178467
11000,mha,moe,123,5,13,0.07480468600988388,0.06005573272705078,1.4173247814178467
11000,mha,moe,123,5,14,0.039020996540784836,0.04918454959988594,1.4173247814178467
11000,mha,moe,123,5,15,0.03981689363718033,0.03771236538887024,1.4173247814178467
11500,mha,moe,123,1,0,0.05390625074505806,0.06437187641859055,2.404146671295166
11500,mha,moe,123,1,1,0.08424926549196243,0.06425599753856659,2.404146671295166
11500,mha,moe,123,1,2,0.07133056968450546,0.059072088450193405,2.404146671295166
11500,mha,moe,123,1,3,0.051441650837659836,0.05766082927584648,2.404146671295166
11500,mha,moe,123,1,4,0.06198486313223839,0.05993214622139931,2.404146671295166
11500,mha,moe,123,1,5,0.05552978441119194,0.05563066899776459,2.404146671295166
11500,mha,moe,123,1,6,0.05542358383536339,0.06048473343253136,2.404146671295166
11500,mha,moe,123,1,7,0.054713133722543716,0.07288231700658798,2.404146671295166
11500,mha,moe,123,1,8,0.06366943567991257,0.05806400626897812,2.404146671295166
11500,mha,moe,123,1,9,0.05148559436202049,0.05926956608891487,2.404146671295166
11500,mha,moe,123,1,10,0.058283690363168716,0.07752804458141327,2.404146671295166
11500,mha,moe,123,1,11,0.05197753757238388,0.05829019472002983,2.404146671295166
11500,mha,moe,123,1,12,0.06597533822059631,0.06120441481471062,2.404146671295166
11500,mha,moe,123,1,13,0.07443725317716599,0.0634676143527031,2.404146671295166
11500,mha,moe,123,1,14,0.059962157160043716,0.05758355185389519,2.404146671295166
11500,mha,moe,123,1,15,0.08562988042831421,0.07030192017555237,2.404146671295166
11500,mha,moe,123,2,0,0.0838330090045929,0.08139534294605255,1.795737624168396
11500,mha,moe,123,2,1,0.058330077677965164,0.05497133731842041,1.795737624168396
11500,mha,moe,123,2,2,0.06993408501148224,0.06755821406841278,1.795737624168396
11500,mha,moe,123,2,3,0.04033813625574112,0.05217798799276352,1.795737624168396
11500,mha,moe,123,2,4,0.041746824979782104,0.049282606691122055,1.795737624168396
11500,mha,moe,123,2,5,0.06418334692716599,0.06492473930120468,1.795737624168396
11500,mha,moe,123,2,6,0.05232910066843033,0.07095590233802795,1.795737624168396
11500,mha,moe,123,2,7,0.042094726115465164,0.05354394018650055,1.795737624168396
11500,mha,moe,123,2,8,0.051091309636831284,0.053857121616601944,1.795737624168396
11500,mha,moe,123,2,9,0.07133056968450546,0.05434277653694153,1.795737624168396
11500,mha,moe,123,2,10,0.0821215808391571,0.06933466345071793,1.795737624168396
11500,mha,moe,123,2,11,0.06903930753469467,0.0746850073337555,1.795737624168396
11500,mha,moe,123,2,12,0.06532836705446243,0.0644167959690094,1.795737624168396
11500,mha,moe,123,2,13,0.06051879748702049,0.05734102800488472,1.795737624168396
11500,mha,moe,123,2,14,0.08209960907697678,0.07265670597553253,1.795737624168396
11500,mha,moe,123,2,15,0.06568115204572678,0.05855584144592285,1.795737624168396
11500,mha,moe,123,3,0,0.036339111626148224,0.03628252446651459,1.3624598979949951
11500,mha,moe,123,3,1,0.06770630180835724,0.06726430356502533,1.3624598979949951
11500,mha,moe,123,3,2,0.05645751953125,0.05494951084256172,1.3624598979949951
11500,mha,moe,123,3,3,0.07883422821760178,0.08109582215547562,1.3624598979949951
11500,mha,moe,123,3,4,0.06616455316543579,0.058293938636779785,1.3624598979949951
11500,mha,moe,123,3,5,0.059516601264476776,0.06021243706345558,1.3624598979949951
11500,mha,moe,123,3,6,0.06010986492037773,0.05560413748025894,1.3624598979949951
11500,mha,moe,123,3,7,0.03733886778354645,0.042273636907339096,1.3624598979949951
11500,mha,moe,123,3,8,0.05321289226412773,0.07051108032464981,1.3624598979949951
11500,mha,moe,123,3,9,0.07891235500574112,0.07553992420434952,1.3624598979949951
11500,mha,moe,123,3,10,0.07033569365739822,0.07060957700014114,1.3624598979949951
11500,mha,moe,123,3,11,0.05572509765625,0.07077990472316742,1.3624598979949951
11500,mha,moe,123,3,12,0.04798584058880806,0.05623292550444603,1.3624598979949951
11500,mha,moe,123,3,13,0.08609985560178757,0.07842037826776505,1.3624598979949951
11500,mha,moe,123,3,14,0.07407715171575546,0.05757953226566315,1.3624598979949951
11500,mha,moe,123,3,15,0.07118408381938934,0.06435038894414902,1.3624598979949951
11500,mha,moe,123,4,0,0.09662964195013046,0.07798256725072861,1.1783607006072998
11500,mha,moe,123,4,1,0.05458252131938934,0.07190361618995667,1.1783607006072998
11500,mha,moe,123,4,2,0.06923706084489822,0.04722136631608009,1.1783607006072998
11500,mha,moe,123,4,3,0.022670898586511612,0.028205718845129013,1.1783607006072998
11500,mha,moe,123,4,4,0.04817260801792145,0.04495824873447418,1.1783607006072998
11500,mha,moe,123,4,5,0.06434448063373566,0.059473805129528046,1.1783607006072998
11500,mha,moe,123,4,6,0.04195312410593033,0.04427283629775047,1.1783607006072998
11500,mha,moe,123,4,7,0.05378539860248566,0.06472107768058777,1.1783607006072998
11500,mha,moe,123,4,8,0.047386474907398224,0.052078019827604294,1.1783607006072998
11500,mha,moe,123,4,9,0.07954833656549454,0.0842072069644928,1.1783607006072998
11500,mha,moe,123,4,10,0.09506957978010178,0.07456506788730621,1.1783607006072998
11500,mha,moe,123,4,11,0.09965454041957855,0.06860393285751343,1.1783607006072998
11500,mha,moe,123,4,12,0.039478760212659836,0.04425312951207161,1.1783607006072998
11500,mha,moe,123,4,13,0.03153930604457855,0.03653443232178688,1.1783607006072998
11500,mha,moe,123,4,14,0.08190185576677322,0.11045360565185547,1.1783607006072998
11500,mha,moe,123,4,15,0.07404541224241257,0.09056539833545685,1.1783607006072998
11500,mha,moe,123,5,0,0.09474975615739822,0.09438405185937881,1.4033814668655396
11500,mha,moe,123,5,1,0.05775634944438934,0.06733239442110062,1.4033814668655396
11500,mha,moe,123,5,2,0.052393797785043716,0.045605387538671494,1.4033814668655396
11500,mha,moe,123,5,3,0.038349609822034836,0.058092035353183746,1.4033814668655396
11500,mha,moe,123,5,4,0.10462890565395355,0.08962628990411758,1.4033814668655396
11500,mha,moe,123,5,5,0.05368285998702049,0.05777781084179878,1.4033814668655396
11500,mha,moe,123,5,6,0.033985596150159836,0.03677305951714516,1.4033814668655396
11500,mha,moe,123,5,7,0.09153320640325546,0.07962905615568161,1.4033814668655396
11500,mha,moe,123,5,8,0.08840332180261612,0.06611612439155579,1.4033814668655396
11500,mha,moe,123,5,9,0.04351806640625,0.06725291907787323,1.4033814668655396
11500,mha,moe,123,5,10,0.101104736328125,0.09047302603721619,1.4033814668655396
11500,mha,moe,123,5,11,0.06132324039936066,0.0631430447101593,1.4033814668655396
11500,mha,moe,123,5,12,0.022951660677790642,0.03540651500225067,1.4033814668655396
11500,mha,moe,123,5,13,0.07579346001148224,0.06023170426487923,1.4033814668655396
11500,mha,moe,123,5,14,0.04066528379917145,0.05110633000731468,1.4033814668655396
11500,mha,moe,123,5,15,0.03916015475988388,0.03705023601651192,1.4033814668655396
12000,mha,moe,123,1,0,0.05343994125723839,0.06479910761117935,2.407999277114868
12000,mha,moe,123,1,1,0.07957763969898224,0.061714187264442444,2.407999277114868
12000,mha,moe,123,1,2,0.07233520597219467,0.059090666472911835,2.407999277114868
12000,mha,moe,123,1,3,0.07222290337085724,0.06214691326022148,2.407999277114868
12000,mha,moe,123,1,4,0.06031494215130806,0.06112139672040939,2.407999277114868
12000,mha,moe,123,1,5,0.05235961824655533,0.05482196807861328,2.407999277114868
12000,mha,moe,123,1,6,0.05831665173172951,0.06155538558959961,2.407999277114868
12000,mha,moe,123,1,7,0.05009277164936066,0.06982193142175674,2.407999277114868
12000,mha,moe,123,1,8,0.05995849519968033,0.056589361280202866,2.407999277114868
12000,mha,moe,123,1,9,0.05448242276906967,0.06106685474514961,2.407999277114868
12000,mha,moe,123,1,10,0.060352783650159836,0.07952499389648438,2.407999277114868
12000,mha,moe,123,1,11,0.04763427749276161,0.058095380663871765,2.407999277114868
12000,mha,moe,123,1,12,0.06171630695462227,0.0597977489233017,2.407999277114868
12000,mha,moe,123,1,13,0.07355835288763046,0.06348932534456253,2.407999277114868
12000,mha,moe,123,1,14,0.06196899339556694,0.058010488748550415,2.407999277114868
12000,mha,moe,123,1,15,0.08166870474815369,0.06835430860519409,2.407999277114868
12000,mha,moe,123,2,0,0.08070922642946243,0.07799583673477173,1.7921206951141357
12000,mha,moe,123,2,1,0.059410400688648224,0.05674239993095398,1.7921206951141357
12000,mha,moe,123,2,2,0.06865112483501434,0.06559140235185623,1.7921206951141357
12000,mha,moe,123,2,3,0.043187256902456284,0.05422334372997284,1.7921206951141357
12000,mha,moe,123,2,4,0.039482422173023224,0.0472443625330925,1.7921206951141357
12000,mha,moe,123,2,5,0.06431885063648224,0.06538823246955872,1.7921206951141357
12000,mha,moe,123,2,6,0.05444579944014549,0.07271458953619003,1.7921206951141357
12000,mha,moe,123,2,7,0.04725585877895355,0.056689295917749405,1.7921206951141357
12000,mha,moe,123,2,8,0.04915405437350273,0.053842693567276,1.7921206951141357
12000,mha,moe,123,2,9,0.06890624761581421,0.05255346745252609,1.7921206951141357
12000,mha,moe,123,2,10,0.08293823152780533,0.07005873322486877,1.7921206951141357
12000,mha,moe,123,2,11,0.06874389946460724,0.07446946203708649,1.7921206951141357
12000,mha,moe,123,2,12,0.06693847477436066,0.06522266566753387,1.7921206951141357
12000,mha,moe,123,2,13,0.056981202214956284,0.05491754040122032,1.7921206951141357
12000,mha,moe,123,2,14,0.0810229480266571,0.07273774594068527,1.7921206951141357
12000,mha,moe,123,2,15,0.06785400211811066,0.05960822477936745,1.7921206951141357
12000,mha,moe,123,3,0,0.039879150688648224,0.03919488564133644,1.3664501905441284
12000,mha,moe,123,3,1,0.06635620445013046,0.06566048413515091,1.3664501905441284
12000,mha,moe,123,3,2,0.056492920964956284,0.05593595653772354,1.3664501905441284
12000,mha,moe,123,3,3,0.07816650718450546,0.08012720942497253,1.3664501905441284
12000,mha,moe,123,3,4,0.06657592952251434,0.058433786034584045,1.3664501905441284
12000,mha,moe,123,3,5,0.059296876192092896,0.05911010131239891,1.3664501905441284
12000,mha,moe,123,3,6,0.06028442457318306,0.055927686393260956,1.3664501905441284
12000,mha,moe,123,3,7,0.03674926608800888,0.04175763577222824,1.3664501905441284
12000,mha,moe,123,3,8,0.05274413898587227,0.06989403069019318,1.3664501905441284
12000,mha,moe,123,3,9,0.07881713658571243,0.07599247246980667,1.3664501905441284
12000,mha,moe,123,3,10,0.07084716856479645,0.07217481732368469,1.3664501905441284
12000,mha,moe,123,3,11,0.05680175870656967,0.06984728574752808,1.3664501905441284
12000,mha,moe,123,3,12,0.048210449516773224,0.05650511384010315,1.3664501905441284
12000,mha,moe,123,3,13,0.08321655541658401,0.0756845697760582,1.3664501905441284
12000,mha,moe,123,3,14,0.07239136099815369,0.05735497921705246,1.3664501905441284
12000,mha,moe,123,3,15,0.07317016273736954,0.0663989931344986,1.3664501905441284
12000,mha,moe,123,4,0,0.09403930604457855,0.075859934091568,1.185896396636963
12000,mha,moe,123,4,1,0.053791504353284836,0.06991544365882874,1.185896396636963
12000,mha,moe,123,4,2,0.06979614496231079,0.0477224625647068,1.185896396636963
12000,mha,moe,123,4,3,0.025654297322034836,0.03140512853860855,1.185896396636963
12000,mha,moe,123,4,4,0.05010986328125,0.046745892614126205,1.185896396636963
12000,mha,moe,123,4,5,0.06136108562350273,0.05690426379442215,1.185896396636963
12000,mha,moe,123,4,6,0.042164307087659836,0.04438815638422966,1.185896396636963
12000,mha,moe,123,4,7,0.052540283650159836,0.06332513689994812,1.185896396636963
12000,mha,moe,123,4,8,0.045795898884534836,0.05091891810297966,1.185896396636963
12000,mha,moe,123,4,9,0.08140747249126434,0.08599693328142166,1.185896396636963
12000,mha,moe,123,4,10,0.09528686851263046,0.07492787390947342,1.185896396636963
12000,mha,moe,123,4,11,0.09974731504917145,0.06892611086368561,1.185896396636963
12000,mha,moe,123,4,12,0.04030517488718033,0.044629618525505066,1.185896396636963
12000,mha,moe,123,4,13,0.03229980543255806,0.03792596608400345,1.185896396636963
12000,mha,moe,123,4,14,0.07947387546300888,0.1076064184308052,1.185896396636963
12000,mha,moe,123,4,15,0.07622680813074112,0.09280166774988174,1.185896396636963
12000,mha,moe,123,5,0,0.09592773765325546,0.09601566195487976,1.4169162511825562
12000,mha,moe,123,5,1,0.059782713651657104,0.06903216242790222,1.4169162511825562
12000,mha,moe,123,5,2,0.05556030198931694,0.04684855788946152,1.4169162511825562
12000,mha,moe,123,5,3,0.03792724758386612,0.05783028528094292,1.4169162511825562
12000,mha,moe,123,5,4,0.1007397472858429,0.08632464706897736,1.4169162511825562
12000,mha,moe,123,5,5,0.05481567233800888,0.059769805520772934,1.4169162511825562
12000,mha,moe,123,5,6,0.036387939006090164,0.03803764656186104,1.4169162511825562
12000,mha,moe,123,5,7,0.08917602896690369,0.07708163559436798,1.4169162511825562
12000,mha,moe,123,5,8,0.08588256686925888,0.06343186646699905,1.4169162511825562
12000,mha,moe,123,5,9,0.04542846605181694,0.06905928999185562,1.4169162511825562
12000,mha,moe,123,5,10,0.09897705167531967,0.08862818777561188,1.4169162511825562
12000,mha,moe,123,5,11,0.059324949979782104,0.061664775013923645,1.4169162511825562
12000,mha,moe,123,5,12,0.023653564974665642,0.03618520870804787,1.4169162511825562
12000,mha,moe,123,5,13,0.0759899914264679,0.06048249825835228,1.4169162511825562
12000,mha,moe,123,5,14,0.040581054985523224,0.05113138258457184,1.4169162511825562
12000,mha,moe,123,5,15,0.039844971150159836,0.03847639635205269,1.4169162511825562
12500,mha,moe,123,1,0,0.053856201469898224,0.06505946815013885,2.407526969909668
12500,mha,moe,123,1,1,0.08240966498851776,0.0636470764875412,2.407526969909668
12500,mha,moe,123,1,2,0.06660155951976776,0.05646755173802376,2.407526969909668
12500,mha,moe,123,1,3,0.069000244140625,0.062225308269262314,2.407526969909668
12500,mha,moe,123,1,4,0.04760375991463661,0.0589013434946537,2.407526969909668
12500,mha,moe,123,1,5,0.06594482064247131,0.05871061980724335,2.407526969909668
12500,mha,moe,123,1,6,0.05133911222219467,0.05987997353076935,2.407526969909668
12500,mha,moe,123,1,7,0.05114502087235451,0.07063141465187073,2.407526969909668
12500,mha,moe,123,1,8,0.06779785454273224,0.059802714735269547,2.407526969909668
12500,mha,moe,123,1,9,0.05733032152056694,0.06230921298265457,2.407526969909668
12500,mha,moe,123,1,10,0.06229247897863388,0.07768262177705765,2.407526969909668
12500,mha,moe,123,1,11,0.061912842094898224,0.06153309717774391,2.407526969909668
12500,mha,moe,123,1,12,0.06132690608501434,0.06019514426589012,2.407526969909668
12500,mha,moe,123,1,13,0.07401611655950546,0.06296248733997345,2.407526969909668
12500,mha,moe,123,1,14,0.053736571222543716,0.05448445677757263,2.407526969909668
12500,mha,moe,123,1,15,0.07368652522563934,0.06550752371549606,2.407526969909668
12500,mha,moe,123,2,0,0.0831896960735321,0.07967789471149445,1.7857720851898193
12500,mha,moe,123,2,1,0.0594482421875,0.05630440264940262,1.7857720851898193
12500,mha,moe,123,2,2,0.06935546547174454,0.0668068453669548,1.7857720851898193
12500,mha,moe,123,2,3,0.040739744901657104,0.05247892811894417,1.7857720851898193
12500,mha,moe,123,2,4,0.03914428874850273,0.047122772783041,1.7857720851898193
12500,mha,moe,123,2,5,0.06499389559030533,0.0667358860373497,1.7857720851898193
12500,mha,moe,123,2,6,0.05312744155526161,0.07170039415359497,1.7857720851898193
12500,mha,moe,123,2,7,0.044337157160043716,0.05553332343697548,1.7857720851898193
12500,mha,moe,123,2,8,0.050849609076976776,0.05383910983800888,1.7857720851898193
12500,mha,moe,123,2,9,0.06960327178239822,0.05339890345931053,1.7857720851898193
12500,mha,moe,123,2,10,0.0817553699016571,0.06996776163578033,1.7857720851898193
12500,mha,moe,123,2,11,0.06865600496530533,0.07306721061468124,1.7857720851898193
12500,mha,moe,123,2,12,0.06579101830720901,0.06507157534360886,1.7857720851898193
12500,mha,moe,123,2,13,0.06218261644244194,0.058094874024391174,1.7857720851898193
12500,mha,moe,123,2,14,0.0820629894733429,0.07299335300922394,1.7857720851898193
12500,mha,moe,123,2,15,0.06476318091154099,0.057206735014915466,1.7857720851898193
12500,mha,moe,123,3,0,0.03470214828848839,0.03543166443705559,1.3641388416290283
12500,mha,moe,123,3,1,0.06887084990739822,0.0671258270740509,1.3641388416290283
12500,mha,moe,123,3,2,0.055329591035842896,0.05438169091939926,1.3641388416290283
12500,mha,moe,123,3,3,0.07806396484375,0.0804046243429184,1.3641388416290283
12500,mha,moe,123,3,4,0.06700805574655533,0.05900721624493599,1.3641388416290283
12500,mha,moe,123,3,5,0.05659545958042145,0.05721745640039444,1.3641388416290283
12500,mha,moe,123,3,6,0.05991821363568306,0.05602531135082245,1.3641388416290283
12500,mha,moe,123,3,7,0.03434448316693306,0.03945904225111008,1.3641388416290283
12500,mha,moe,123,3,8,0.05491088703274727,0.07286631315946579,1.3641388416290283
12500,mha,moe,123,3,9,0.07908813655376434,0.07555501908063889,1.3641388416290283
12500,mha,moe,123,3,10,0.07234252989292145,0.07340002059936523,1.3641388416290283
12500,mha,moe,123,3,11,0.05492187663912773,0.06847094744443893,1.3641388416290283
12500,mha,moe,123,3,12,0.048835448920726776,0.05699029564857483,1.3641388416290283
12500,mha,moe,123,3,13,0.08699218928813934,0.07902854681015015,1.3641388416290283
12500,mha,moe,123,3,14,0.07388061285018921,0.05785858631134033,1.3641388416290283
12500,mha,moe,123,3,15,0.07419555634260178,0.06677747517824173,1.3641388416290283
12500,mha,moe,123,4,0,0.09223632514476776,0.0745578333735466,1.180429458618164
12500,mha,moe,123,4,1,0.05266723781824112,0.07037918269634247,1.180429458618164
12500,mha,moe,123,4,2,0.06461791694164276,0.044810011982917786,1.180429458618164
12500,mha,moe,123,4,3,0.025761717930436134,0.032830871641635895,1.180429458618164
12500,mha,moe,123,4,4,0.05106567218899727,0.04754514619708061,1.180429458618164
12500,mha,moe,123,4,5,0.06357543915510178,0.05899171903729439,1.180429458618164
12500,mha,moe,123,4,6,0.04324584826827049,0.046067014336586,1.180429458618164
12500,mha,moe,123,4,7,0.05395263805985451,0.06473401188850403,1.180429458618164
12500,mha,moe,123,4,8,0.04760131984949112,0.05218007043004036,1.180429458618164
12500,mha,moe,123,4,9,0.08172973990440369,0.0865984559059143,1.180429458618164
12500,mha,moe,123,4,10,0.0985095202922821,0.07609487324953079,1.180429458618164
12500,mha,moe,123,4,11,0.10138916224241257,0.06863250583410263,1.180429458618164
12500,mha,moe,123,4,12,0.037012938410043716,0.03989395499229431,1.180429458618164
12500,mha,moe,123,4,13,0.028958739712834358,0.033382598310709,1.180429458618164
12500,mha,moe,123,4,14,0.08285766839981079,0.11164519935846329,1.180429458618164
12500,mha,moe,123,4,15,0.07481811195611954,0.09165650606155396,1.180429458618164
12500,mha,moe,123,5,0,0.0967089831829071,0.09618198126554489,1.4170269966125488
12500,mha,moe,123,5,1,0.057652588933706284,0.0674239993095398,1.4170269966125488
12500,mha,moe,123,5,2,0.053925782442092896,0.04599740356206894,1.4170269966125488
12500,mha,moe,123,5,3,0.037629395723342896,0.05628602206707001,1.4170269966125488
12500,mha,moe,123,5,4,0.10210815072059631,0.0861029252409935,1.4170269966125488
12500,mha,moe,123,5,5,0.053813476115465164,0.059329140931367874,1.4170269966125488
12500,mha,moe,123,5,6,0.03701416030526161,0.03896297886967659,1.4170269966125488
12500,mha,moe,123,5,7,0.09221679717302322,0.07993123680353165,1.4170269966125488
12500,mha,moe,123,5,8,0.08678711205720901,0.06501708179712296,1.4170269966125488
12500,mha,moe,123,5,9,0.04658325016498566,0.07098618894815445,1.4170269966125488
12500,mha,moe,123,5,10,0.10236572474241257,0.09282896667718887,1.4170269966125488
12500,mha,moe,123,5,11,0.05985473468899727,0.06120869517326355,1.4170269966125488
12500,mha,moe,123,5,12,0.023143310099840164,0.03614192083477974,1.4170269966125488
12500,mha,moe,123,5,13,0.0772082507610321,0.060944538563489914,1.4170269966125488
12500,mha,moe,123,5,14,0.039061278104782104,0.04933447018265724,1.4170269966125488
12500,mha,moe,123,5,15,0.03392700105905533,0.03332243859767914,1.4170269966125488
13000,mha,moe,123,1,0,0.053986817598342896,0.06460989266633987,2.3957724571228027
13000,mha,moe,123,1,1,0.07875122129917145,0.06244325265288353,2.3957724571228027
13000,mha,moe,123,1,2,0.06989013403654099,0.05895467847585678,2.3957724571228027
13000,mha,moe,123,1,3,0.05760131776332855,0.05949665233492851,2.3957724571228027
13000,mha,moe,123,1,4,0.05443969741463661,0.05903266370296478,2.3957724571228027
13000,mha,moe,123,1,5,0.06883056461811066,0.05864567682147026,2.3957724571228027
13000,mha,moe,123,1,6,0.053638916462659836,0.059966377913951874,2.3957724571228027
13000,mha,moe,123,1,7,0.05293579027056694,0.07208039611577988,2.3957724571228027
13000,mha,moe,123,1,8,0.0661938488483429,0.05991348624229431,2.3957724571228027
13000,mha,moe,123,1,9,0.057758789509534836,0.061880480498075485,2.3957724571228027
13000,mha,moe,123,1,10,0.061802979558706284,0.07852650433778763,2.3957724571228027
13000,mha,moe,123,1,11,0.056977540254592896,0.059511784464120865,2.3957724571228027
13000,mha,moe,123,1,12,0.06175537034869194,0.060895055532455444,2.3957724571228027
13000,mha,moe,123,1,13,0.07133910804986954,0.06081313267350197,2.3957724571228027
13000,mha,moe,123,1,14,0.06006469577550888,0.05818270519375801,2.3957724571228027
13000,mha,moe,123,1,15,0.07403320074081421,0.0650472566485405,2.3957724571228027
13000,mha,moe,123,2,0,0.08235839754343033,0.07962141185998917,1.7899978160858154
13000,mha,moe,123,2,1,0.060661621391773224,0.05750935897231102,1.7899978160858154
13000,mha,moe,123,2,2,0.06834228336811066,0.0662994459271431,1.7899978160858154
13000,mha,moe,123,2,3,0.04564208909869194,0.055985018610954285,1.7899978160858154
13000,mha,moe,123,2,4,0.04322509840130806,0.05044107139110565,1.7899978160858154
13000,mha,moe,123,2,5,0.06668823212385178,0.06746773421764374,1.7899978160858154
13000,mha,moe,123,2,6,0.04973999038338661,0.06817091256380081,1.7899978160858154
13000,mha,moe,123,2,7,0.04391113296151161,0.05495939776301384,1.7899978160858154
13000,mha,moe,123,2,8,0.047144774347543716,0.05187270790338516,1.7899978160858154
13000,mha,moe,123,2,9,0.06868164241313934,0.052704863250255585,1.7899978160858154
13000,mha,moe,123,2,10,0.082611083984375,0.07039719074964523,1.7899978160858154
13000,mha,moe,123,2,11,0.06873046606779099,0.07336006313562393,1.7899978160858154
13000,mha,moe,123,2,12,0.06526733189821243,0.06401357799768448,1.7899978160858154
13000,mha,moe,123,2,13,0.05939330905675888,0.056864649057388306,1.7899978160858154
13000,mha,moe,123,2,14,0.07877929508686066,0.07050470262765884,1.7899978160858154
13000,mha,moe,123,2,15,0.06882324069738388,0.05982789397239685,1.7899978160858154
13000,mha,moe,123,3,0,0.03792114183306694,0.03808422014117241,1.3720680475234985
13000,mha,moe,123,3,1,0.0678723156452179,0.06766994297504425,1.3720680475234985
13000,mha,moe,123,3,2,0.05756836012005806,0.0566745363175869,1.3720680475234985
13000,mha,moe,123,3,3,0.07755126804113388,0.08006886392831802,1.3720680475234985
13000,mha,moe,123,3,4,0.0659802258014679,0.05938124656677246,1.3720680475234985
13000,mha,moe,123,3,5,0.05937011539936066,0.0588972270488739,1.3720680475234985
13000,mha,moe,123,3,6,0.059178467839956284,0.05371891334652901,1.3720680475234985
13000,mha,moe,123,3,7,0.03935546800494194,0.04438604414463043,1.3720680475234985
13000,mha,moe,123,3,8,0.05324462801218033,0.07059413939714432,1.3720680475234985
13000,mha,moe,123,3,9,0.07757080346345901,0.07372094690799713,1.3720680475234985
13000,mha,moe,123,3,10,0.06941406428813934,0.07097349315881729,1.3720680475234985
13000,mha,moe,123,3,11,0.057514648884534836,0.07106231898069382,1.3720680475234985
13000,mha,moe,123,3,12,0.04731689393520355,0.05546596646308899,1.3720680475234985
13000,mha,moe,123,3,13,0.08549560606479645,0.07676207274198532,1.3720680475234985
13000,mha,moe,123,3,14,0.0749804675579071,0.059080820530653,1.3720680475234985
13000,mha,moe,123,3,15,0.06966552883386612,0.06345925480127335,1.3720680475234985
13000,mha,moe,123,4,0,0.09232909977436066,0.07381001114845276,1.1866068840026855
13000,mha,moe,123,4,1,0.054597169160842896,0.07021265476942062,1.1866068840026855
13000,mha,moe,123,4,2,0.06876709312200546,0.04930014908313751,1.1866068840026855
13000,mha,moe,123,4,3,0.02781982347369194,0.033652033656835556,1.1866068840026855
13000,mha,moe,123,4,4,0.04750244319438934,0.04493633285164833,1.1866068840026855
13000,mha,moe,123,4,5,0.06538696587085724,0.06039680913090706,1.1866068840026855
13000,mha,moe,123,4,6,0.04265991225838661,0.045322269201278687,1.1866068840026855
13000,mha,moe,123,4,7,0.05193237215280533,0.06281287968158722,1.1866068840026855
13000,mha,moe,123,4,8,0.04780273512005806,0.05233254283666611,1.1866068840026855
13000,mha,moe,123,4,9,0.08069580048322678,0.08483102172613144,1.1866068840026855
13000,mha,moe,123,4,10,0.09360961616039276,0.07296467572450638,1.1866068840026855
13000,mha,moe,123,4,11,0.10142700374126434,0.07114057242870331,1.1866068840026855
13000,mha,moe,123,4,12,0.03879150375723839,0.0428486168384552,1.1866068840026855
13000,mha,moe,123,4,13,0.033350829035043716,0.03780915215611458,1.1866068840026855
13000,mha,moe,123,4,14,0.07954590022563934,0.10712745785713196,1.1866068840026855
13000,mha,moe,123,4,15,0.07378173619508743,0.09050283581018448,1.1866068840026855
13000,mha,moe,123,5,0,0.0940844714641571,0.09406528621912003,1.4057855606079102
13000,mha,moe,123,5,1,0.05814941227436066,0.06694922596216202,1.4057855606079102
13000,mha,moe,123,5,2,0.05422363430261612,0.04667908698320389,1.4057855606079102
13000,mha,moe,123,5,3,0.03910888731479645,0.05937063321471214,1.4057855606079102
13000,mha,moe,123,5,4,0.10368774086236954,0.08754826337099075,1.4057855606079102
13000,mha,moe,123,5,5,0.05648193508386612,0.06061940640211105,1.4057855606079102
13000,mha,moe,123,5,6,0.035828858613967896,0.037944745272397995,1.4057855606079102
13000,mha,moe,123,5,7,0.09016235172748566,0.07848352193832397,1.4057855606079102
13000,mha,moe,123,5,8,0.08708740025758743,0.06402476876974106,1.4057855606079102
13000,mha,moe,123,5,9,0.04301757737994194,0.06660138815641403,1.4057855606079102
13000,mha,moe,123,5,10,0.0997607409954071,0.09005944430828094,1.4057855606079102
13000,mha,moe,123,5,11,0.061304930597543716,0.0636562705039978,1.4057855606079102
13000,mha,moe,123,5,12,0.02494506910443306,0.038133811205625534,1.4057855606079102
13000,mha,moe,123,5,13,0.07395508140325546,0.059259843081235886,1.4057855606079102
13000,mha,moe,123,5,14,0.04015503078699112,0.0501755028963089,1.4057855606079102
13000,mha,moe,123,5,15,0.03804687410593033,0.03642880544066429,1.4057855606079102
13500,mha,moe,123,1,0,0.055321045219898224,0.06553878635168076,2.398073673248291
13500,mha,moe,123,1,1,0.07598388940095901,0.06088939681649208,2.398073673248291
13500,mha,moe,123,1,2,0.06932861357927322,0.05865440517663956,2.398073673248291
13500,mha,moe,123,1,3,0.05904541164636612,0.060264550149440765,2.398073673248291
13500,mha,moe,123,1,4,0.05543334782123566,0.05949606001377106,2.398073673248291
13500,mha,moe,123,1,5,0.0670458972454071,0.05873014032840729,2.398073673248291
13500,mha,moe,123,1,6,0.05851196125149727,0.061938781291246414,2.398073673248291
13500,mha,moe,123,1,7,0.05056396499276161,0.07067444920539856,2.398073673248291
13500,mha,moe,123,1,8,0.06393920630216599,0.05875711515545845,2.398073673248291
13500,mha,moe,123,1,9,0.05728393420577049,0.0622602179646492,2.398073673248291
13500,mha,moe,123,1,10,0.057246092706918716,0.07631544768810272,2.398073673248291
13500,mha,moe,123,1,11,0.06493041664361954,0.061806682497262955,2.398073673248291
13500,mha,moe,123,1,12,0.06293823570013046,0.06099812686443329,2.398073673248291
13500,mha,moe,123,1,13,0.06831420958042145,0.05961478874087334,2.398073673248291
13500,mha,moe,123,1,14,0.06089721620082855,0.058256715536117554,2.398073673248291
13500,mha,moe,123,1,15,0.07321655005216599,0.06580435484647751,2.398073673248291
13500,mha,moe,123,2,0,0.08149413764476776,0.0784928947687149,1.778385877609253
13500,mha,moe,123,2,1,0.060484617948532104,0.05737006291747093,1.778385877609253
13500,mha,moe,123,2,2,0.06898559629917145,0.06700553745031357,1.778385877609253
13500,mha,moe,123,2,3,0.043712157756090164,0.05442691221833229,1.778385877609253
13500,mha,moe,123,2,4,0.038665771484375,0.04667511582374573,1.778385877609253
13500,mha,moe,123,2,5,0.06403320282697678,0.06471653282642365,1.778385877609253
13500,mha,moe,123,2,6,0.052897948771715164,0.0715184137225151,1.778385877609253
13500,mha,moe,123,2,7,0.04320312663912773,0.05481082573533058,1.778385877609253
13500,mha,moe,123,2,8,0.04819091781973839,0.0531938374042511,1.778385877609253
13500,mha,moe,123,2,9,0.07023071497678757,0.05334576964378357,1.778385877609253
13500,mha,moe,123,2,10,0.08277099579572678,0.07046488672494888,1.778385877609253
13500,mha,moe,123,2,11,0.070465087890625,0.07505930215120316,1.778385877609253
13500,mha,moe,123,2,12,0.06903686374425888,0.06678782403469086,1.778385877609253
13500,mha,moe,123,2,13,0.05867675691843033,0.05666849762201309,1.778385877609253
13500,mha,moe,123,2,14,0.08090697973966599,0.0721496120095253,1.778385877609253
13500,mha,moe,123,2,15,0.06624511629343033,0.05731398984789848,1.778385877609253
13500,mha,moe,123,3,0,0.033935546875,0.03576689586043358,1.3603652715682983
13500,mha,moe,123,3,1,0.07011596858501434,0.06937265396118164,1.3603652715682983
13500,mha,moe,123,3,2,0.054890137165784836,0.054592154920101166,1.3603652715682983
13500,mha,moe,123,3,3,0.07859130948781967,0.08186592906713486,1.3603652715682983
13500,mha,moe,123,3,4,0.06630615144968033,0.05923384055495262,1.3603652715682983
13500,mha,moe,123,3,5,0.05834106355905533,0.05834397301077843,1.3603652715682983
13500,mha,moe,123,3,6,0.06034545972943306,0.05472823604941368,1.3603652715682983
13500,mha,moe,123,3,7,0.037139892578125,0.041964225471019745,1.3603652715682983
13500,mha,moe,123,3,8,0.05368652194738388,0.07075352221727371,1.3603652715682983
13500,mha,moe,123,3,9,0.07999999821186066,0.07571280747652054,1.3603652715682983
13500,mha,moe,123,3,10,0.07119384407997131,0.07283255457878113,1.3603652715682983
13500,mha,moe,123,3,11,0.054230958223342896,0.06837094575166702,1.3603652715682983
13500,mha,moe,123,3,12,0.049095459282398224,0.05699855461716652,1.3603652715682983
13500,mha,moe,123,3,13,0.08615844696760178,0.07730510830879211,1.3603652715682983
13500,mha,moe,123,3,14,0.07334228605031967,0.05776982381939888,1.3603652715682983
13500,mha,moe,123,3,15,0.07262695580720901,0.06438875943422318,1.3603652715682983
13500,mha,moe,123,4,0,0.09287841618061066,0.07436417788267136,1.1775070428848267
13500,mha,moe,123,4,1,0.05210815370082855,0.06909003853797913,1.1775070428848267
13500,mha,moe,123,4,2,0.06783203035593033,0.0469893179833889,1.1775070428848267
13500,mha,moe,123,4,3,0.023369140923023224,0.030703669413924217,1.1775070428848267
13500,mha,moe,123,4,4,0.05139770358800888,0.04811057448387146,1.1775070428848267
13500,mha,moe,123,4,5,0.0642077624797821,0.05929248034954071,1.1775070428848267
13500,mha,moe,123,4,6,0.042454835027456284,0.04497393220663071,1.1775070428848267
13500,mha,moe,123,4,7,0.05205078050494194,0.0632566511631012,1.1775070428848267
13500,mha,moe,123,4,8,0.046300049871206284,0.051267337054014206,1.1775070428848267
13500,mha,moe,123,4,9,0.08109985291957855,0.08553299307823181,1.1775070428848267
13500,mha,moe,123,4,10,0.09829345345497131,0.07749160379171371,1.1775070428848267
13500,mha,moe,123,4,11,0.09910278022289276,0.06675290316343307,1.1775070428848267
13500,mha,moe,123,4,12,0.03947509825229645,0.04276779294013977,1.1775070428848267
13500,mha,moe,123,4,13,0.03057250939309597,0.034466251730918884,1.1775070428848267
13500,mha,moe,123,4,14,0.08208251744508743,0.1114984005689621,1.1775070428848267
13500,mha,moe,123,4,15,0.07677490264177322,0.09344185888767242,1.1775070428848267
13500,mha,moe,123,5,0,0.09777221828699112,0.09775570034980774,1.4018373489379883
13500,mha,moe,123,5,1,0.056434325873851776,0.0660661906003952,1.4018373489379883
13500,mha,moe,123,5,2,0.05494506657123566,0.04651337489485741,1.4018373489379883
13500,mha,moe,123,5,3,0.037028808146715164,0.05560454726219177,1.4018373489379883
13500,mha,moe,123,5,4,0.10163696110248566,0.08672207593917847,1.4018373489379883
13500,mha,moe,123,5,5,0.05312500149011612,0.05852777510881424,1.4018373489379883
13500,mha,moe,123,5,6,0.033631592988967896,0.03552830591797829,1.4018373489379883
13500,mha,moe,123,5,7,0.09267456084489822,0.08136957138776779,1.4018373489379883
13500,mha,moe,123,5,8,0.08890990912914276,0.0663706362247467,1.4018373489379883
13500,mha,moe,123,5,9,0.045612793415784836,0.06921282410621643,1.4018373489379883
13500,mha,moe,123,5,10,0.09973632544279099,0.08971637487411499,1.4018373489379883
13500,mha,moe,123,5,11,0.059935301542282104,0.06256323307752609,1.4018373489379883
13500,mha,moe,123,5,12,0.022740477696061134,0.03595120087265968,1.4018373489379883
13500,mha,moe,123,5,13,0.07833129912614822,0.0614333339035511,1.4018373489379883
13500,mha,moe,123,5,14,0.038981933146715164,0.04893762618303299,1.4018373489379883
13500,mha,moe,123,5,15,0.03850341960787773,0.03772721067070961,1.4018373489379883
14000,mha,moe,123,1,0,0.052818603813648224,0.06516792625188828,2.3891899585723877
14000,mha,moe,123,1,1,0.08033813536167145,0.06323700398206711,2.3891899585723877
14000,mha,moe,123,1,2,0.0707714855670929,0.05885821953415871,2.3891899585723877
14000,mha,moe,123,1,3,0.06013549864292145,0.060310281813144684,2.3891899585723877
14000,mha,moe,123,1,4,0.05845703184604645,0.06017034500837326,2.3891899585723877
14000,mha,moe,123,1,5,0.06581542640924454,0.05849137157201767,2.3891899585723877
14000,mha,moe,123,1,6,0.05739013850688934,0.06161078065633774,2.3891899585723877
14000,mha,moe,123,1,7,0.050965577363967896,0.07089704275131226,2.3891899585723877
14000,mha,moe,123,1,8,0.05811157077550888,0.056599415838718414,2.3891899585723877
14000,mha,moe,123,1,9,0.054865721613168716,0.06101487576961517,2.3891899585723877
14000,mha,moe,123,1,10,0.05703979358077049,0.07692862302064896,2.3891899585723877
14000,mha,moe,123,1,11,0.06528930366039276,0.06158911809325218,2.3891899585723877
14000,mha,moe,123,1,12,0.06459472328424454,0.061437759548425674,2.3891899585723877
14000,mha,moe,123,1,13,0.07053100317716599,0.06107048690319061,2.3891899585723877
14000,mha,moe,123,1,14,0.05876464769244194,0.05724867433309555,2.3891899585723877
14000,mha,moe,123,1,15,0.07411132752895355,0.06536807119846344,2.3891899585723877
14000,mha,moe,123,2,0,0.08301269263029099,0.08013532310724258,1.772579312324524
14000,mha,moe,123,2,1,0.05914916843175888,0.056148119270801544,1.772579312324524
14000,mha,moe,123,2,2,0.06764404475688934,0.06578098982572556,1.772579312324524
14000,mha,moe,123,2,3,0.04333862289786339,0.05384773388504982,1.772579312324524
14000,mha,moe,123,2,4,0.040589600801467896,0.04821255803108215,1.772579312324524
14000,mha,moe,123,2,5,0.06629882752895355,0.06681396067142487,1.772579312324524
14000,mha,moe,123,2,6,0.05241088941693306,0.07117550075054169,1.772579312324524
14000,mha,moe,123,2,7,0.04569702222943306,0.05701489374041557,1.772579312324524
14000,mha,moe,123,2,8,0.04682861268520355,0.05127965286374092,1.772579312324524
14000,mha,moe,123,2,9,0.07087890803813934,0.053407058119773865,1.772579312324524
14000,mha,moe,123,2,10,0.08259399235248566,0.07052741944789886,1.772579312324524
14000,mha,moe,123,2,11,0.07124023139476776,0.07549349963665009,1.772579312324524
14000,mha,moe,123,2,12,0.06523559242486954,0.06409041583538055,1.772579312324524
14000,mha,moe,123,2,13,0.05842040851712227,0.05584008991718292,1.772579312324524
14000,mha,moe,123,2,14,0.0806872546672821,0.07239833474159241,1.772579312324524
14000,mha,moe,123,2,15,0.06597412377595901,0.05783439055085182,1.772579312324524
14000,mha,moe,123,3,0,0.03657226637005806,0.036826081573963165,1.3546191453933716
14000,mha,moe,123,3,1,0.06773193180561066,0.0664665624499321,1.3546191453933716
14000,mha,moe,123,3,2,0.05586547777056694,0.0553203783929348,1.3546191453933716
14000,mha,moe,123,3,3,0.07832153141498566,0.08106343448162079,1.3546191453933716
14000,mha,moe,123,3,4,0.06667480617761612,0.05880023539066315,1.3546191453933716
14000,mha,moe,123,3,5,0.058677978813648224,0.05900958552956581,1.3546191453933716
14000,mha,moe,123,3,6,0.0594482421875,0.05504057928919792,1.3546191453933716
14000,mha,moe,123,3,7,0.03814331069588661,0.04350912943482399,1.3546191453933716
14000,mha,moe,123,3,8,0.05317016690969467,0.07096710801124573,1.3546191453933716
14000,mha,moe,123,3,9,0.07801025360822678,0.07396910339593887,1.3546191453933716
14000,mha,moe,123,3,10,0.07062866538763046,0.0713704451918602,1.3546191453933716
14000,mha,moe,123,3,11,0.05452514812350273,0.06881547719240189,1.3546191453933716
14000,mha,moe,123,3,12,0.048914793878793716,0.05682459846138954,1.3546191453933716
14000,mha,moe,123,3,13,0.08558349311351776,0.07812924683094025,1.3546191453933716
14000,mha,moe,123,3,14,0.0756213366985321,0.05891256034374237,1.3546191453933716
14000,mha,moe,123,3,15,0.07211059331893921,0.06497547030448914,1.3546191453933716
14000,mha,moe,123,4,0,0.09372558444738388,0.07473716139793396,1.1775732040405273
14000,mha,moe,123,4,1,0.05280517414212227,0.06938210129737854,1.1775732040405273
14000,mha,moe,123,4,2,0.06917602568864822,0.04761333763599396,1.1775732040405273
14000,mha,moe,123,4,3,0.025102538987994194,0.031427305191755295,1.1775732040405273
14000,mha,moe,123,4,4,0.052177734673023224,0.04844088479876518,1.1775732040405273
14000,mha,moe,123,4,5,0.06357299536466599,0.058849915862083435,1.1775732040405273
14000,mha,moe,123,4,6,0.042442627251148224,0.045400913804769516,1.1775732040405273
14000,mha,moe,123,4,7,0.05285400524735451,0.06408414989709854,1.1775732040405273
14000,mha,moe,123,4,8,0.04536254703998566,0.05005892366170883,1.1775732040405273
14000,mha,moe,123,4,9,0.08001464605331421,0.08532969653606415,1.1775732040405273
14000,mha,moe,123,4,10,0.09506835788488388,0.0749959647655487,1.1775732040405273
14000,mha,moe,123,4,11,0.09869140386581421,0.06659269332885742,1.1775732040405273
14000,mha,moe,123,4,12,0.04112060368061066,0.04519564285874367,1.1775732040405273
14000,mha,moe,123,4,13,0.03147583082318306,0.03612248972058296,1.1775732040405273
14000,mha,moe,123,4,14,0.08139404654502869,0.10953517258167267,1.1775732040405273
14000,mha,moe,123,4,15,0.07501587271690369,0.09223368018865585,1.1775732040405273
14000,mha,moe,123,5,0,0.09511108696460724,0.09490442276000977,1.4040288925170898
14000,mha,moe,123,5,1,0.05962280184030533,0.0686940848827362,1.4040288925170898
14000,mha,moe,123,5,2,0.05295410007238388,0.045827217400074005,1.4040288925170898
14000,mha,moe,123,5,3,0.03644653409719467,0.0562979094684124,1.4040288925170898
14000,mha,moe,123,5,4,0.10145141929388046,0.08656634390354156,1.4040288925170898
14000,mha,moe,123,5,5,0.053034666925668716,0.058193307369947433,1.4040288925170898
14000,mha,moe,123,5,6,0.035310059785842896,0.03729004040360451,1.4040288925170898
14000,mha,moe,123,5,7,0.09088867157697678,0.07969272881746292,1.4040288925170898
14000,mha,moe,123,5,8,0.08558227866888046,0.0631047785282135,1.4040288925170898
14000,mha,moe,123,5,9,0.046442870050668716,0.07018477469682693,1.4040288925170898
14000,mha,moe,123,5,10,0.10052490234375,0.0897335633635521,1.4040288925170898
14000,mha,moe,123,5,11,0.05986206233501434,0.06223604828119278,1.4040288925170898
14000,mha,moe,123,5,12,0.0225830078125,0.03564903885126114,1.4040288925170898
14000,mha,moe,123,5,13,0.07713866978883743,0.06086625158786774,1.4040288925170898
14000,mha,moe,123,5,14,0.040943603962659836,0.05095108970999718,1.4040288925170898
14000,mha,moe,123,5,15,0.042103271931409836,0.039808403700590134,1.4040288925170898
14500,mha,moe,123,1,0,0.05042724683880806,0.0642804503440857,2.389523506164551
14500,mha,moe,123,1,1,0.07676025480031967,0.06142229586839676,2.389523506164551
14500,mha,moe,123,1,2,0.07036133110523224,0.05918056517839432,2.389523506164551
14500,mha,moe,123,1,3,0.06396972388029099,0.06115628778934479,2.389523506164551
14500,mha,moe,123,1,4,0.06145874038338661,0.06079466640949249,2.389523506164551
14500,mha,moe,123,1,5,0.06114501878619194,0.05642229691147804,2.389523506164551
14500,mha,moe,123,1,6,0.06087646633386612,0.061982255429029465,2.389523506164551
14500,mha,moe,123,1,7,0.05010986328125,0.0711677297949791,2.389523506164551
14500,mha,moe,123,1,8,0.06261352449655533,0.05874967202544212,2.389523506164551
14500,mha,moe,123,1,9,0.058574218302965164,0.062393464148044586,2.389523506164551
14500,mha,moe,123,1,10,0.05781371891498566,0.07633674889802933,2.389523506164551
14500,mha,moe,123,1,11,0.059215087443590164,0.060101475566625595,2.389523506164551
14500,mha,moe,123,1,12,0.06218627840280533,0.06067853793501854,2.389523506164551
14500,mha,moe,123,1,13,0.07078368961811066,0.061591897159814835,2.389523506164551
14500,mha,moe,123,1,14,0.060426026582717896,0.058090224862098694,2.389523506164551
14500,mha,moe,123,1,15,0.07327880710363388,0.06565141677856445,2.389523506164551
14500,mha,moe,123,2,0,0.08152221888303757,0.07868478447198868,1.7739295959472656
14500,mha,moe,123,2,1,0.056859131902456284,0.054912909865379333,1.7739295959472656
14500,mha,moe,123,2,2,0.06681640446186066,0.06445913016796112,1.7739295959472656
14500,mha,moe,123,2,3,0.04312988370656967,0.054522041231393814,1.7739295959472656
14500,mha,moe,123,2,4,0.041145019233226776,0.04838796705007553,1.7739295959472656
14500,mha,moe,123,2,5,0.06385497748851776,0.06537388265132904,1.7739295959472656
14500,mha,moe,123,2,6,0.05314452946186066,0.07169824093580246,1.7739295959472656
14500,mha,moe,123,2,7,0.04453979432582855,0.056444182991981506,1.7739295959472656
14500,mha,moe,123,2,8,0.046544190496206284,0.052727073431015015,1.7739295959472656
14500,mha,moe,123,2,9,0.0733349621295929,0.05484528839588165,1.7739295959472656
14500,mha,moe,123,2,10,0.0846875011920929,0.07147781550884247,1.7739295959472656
14500,mha,moe,123,2,11,0.06847412139177322,0.07313563674688339,1.7739295959472656
14500,mha,moe,123,2,12,0.0666796863079071,0.06549596041440964,1.7739295959472656
14500,mha,moe,123,2,13,0.05870239436626434,0.05590524151921272,1.7739295959472656
14500,mha,moe,123,2,14,0.0812695324420929,0.07252665609121323,1.7739295959472656
14500,mha,moe,123,2,15,0.06929565221071243,0.05940314382314682,1.7739295959472656
14500,mha,moe,123,3,0,0.03875976428389549,0.03792736306786537,1.3629449605941772
14500,mha,moe,123,3,1,0.06691894680261612,0.06586550176143646,1.3629449605941772
14500,mha,moe,123,3,2,0.05478271469473839,0.05495886504650116,1.3629449605941772
14500,mha,moe,123,3,3,0.07756958156824112,0.07984022796154022,1.3629449605941772
14500,mha,moe,123,3,4,0.06663696467876434,0.059383880347013474,1.3629449605941772
14500,mha,moe,123,3,5,0.05973877012729645,0.059497106820344925,1.3629449605941772
14500,mha,moe,123,3,6,0.05915527418255806,0.05511266365647316,1.3629449605941772
14500,mha,moe,123,3,7,0.037687987089157104,0.04263799265027046,1.3629449605941772
14500,mha,moe,123,3,8,0.05306152254343033,0.07007121294736862,1.3629449605941772
14500,mha,moe,123,3,9,0.07853027433156967,0.07470950484275818,1.3629449605941772
14500,mha,moe,123,3,10,0.07146850228309631,0.07299148291349411,1.3629449605941772
14500,mha,moe,123,3,11,0.05588378757238388,0.07017408311367035,1.3629449605941772
14500,mha,moe,123,3,12,0.04852661117911339,0.056692127138376236,1.3629449605941772
14500,mha,moe,123,3,13,0.08439209312200546,0.076631560921669,1.3629449605941772
14500,mha,moe,123,3,14,0.07353515923023224,0.058151330798864365,1.3629449605941772
14500,mha,moe,123,3,15,0.07335205376148224,0.06535510718822479,1.3629449605941772
14500,mha,moe,123,4,0,0.09547485411167145,0.07636921107769012,1.1864231824874878
14500,mha,moe,123,4,1,0.05295166000723839,0.06971617043018341,1.1864231824874878
14500,mha,moe,123,4,2,0.06756958365440369,0.047047000378370285,1.1864231824874878
14500,mha,moe,123,4,3,0.024045409634709358,0.029812335968017578,1.1864231824874878
14500,mha,moe,123,4,4,0.04967285320162773,0.046355705708265305,1.1864231824874878
14500,mha,moe,123,4,5,0.06320922821760178,0.05892905592918396,1.1864231824874878
14500,mha,moe,123,4,6,0.04252563416957855,0.04547489807009697,1.1864231824874878
14500,mha,moe,123,4,7,0.05250488221645355,0.06359729170799255,1.1864231824874878
14500,mha,moe,123,4,8,0.04627929627895355,0.05147682502865791,1.1864231824874878
14500,mha,moe,123,4,9,0.07918823510408401,0.08447271585464478,1.1864231824874878
14500,mha,moe,123,4,10,0.09641723334789276,0.07586944848299026,1.1864231824874878
14500,mha,moe,123,4,11,0.10079345852136612,0.06873531639575958,1.1864231824874878
14500,mha,moe,123,4,12,0.04051147401332855,0.044559936970472336,1.1864231824874878
14500,mha,moe,123,4,13,0.03128295764327049,0.035875190049409866,1.1864231824874878
14500,mha,moe,123,4,14,0.08121337741613388,0.10900381207466125,1.1864231824874878
14500,mha,moe,123,4,15,0.07635986059904099,0.09270505607128143,1.1864231824874878
14500,mha,moe,123,5,0,0.0956408679485321,0.09622807800769806,1.4054782390594482
14500,mha,moe,123,5,1,0.05897216871380806,0.06803229451179504,1.4054782390594482
14500,mha,moe,123,5,2,0.05531249940395355,0.04770127311348915,1.4054782390594482
14500,mha,moe,123,5,3,0.03786376863718033,0.058241747319698334,1.4054782390594482
14500,mha,moe,123,5,4,0.1025683581829071,0.08659163117408752,1.4054782390594482
14500,mha,moe,123,5,5,0.05461059510707855,0.059002336114645004,1.4054782390594482
14500,mha,moe,123,5,6,0.03447631746530533,0.036617789417505264,1.4054782390594482
14500,mha,moe,123,5,7,0.09119994938373566,0.0788678526878357,1.4054782390594482
14500,mha,moe,123,5,8,0.08689331263303757,0.06451635807752609,1.4054782390594482
14500,mha,moe,123,5,9,0.04344238340854645,0.06693756580352783,1.4054782390594482
14500,mha,moe,123,5,10,0.09994751214981079,0.09001170098781586,1.4054782390594482
14500,mha,moe,123,5,11,0.06149535998702049,0.06439244002103806,1.4054782390594482
14500,mha,moe,123,5,12,0.022471923381090164,0.03596171364188194,1.4054782390594482
14500,mha,moe,123,5,13,0.07545165717601776,0.059585124254226685,1.4054782390594482
14500,mha,moe,123,5,14,0.041057128459215164,0.04966095834970474,1.4054782390594482
14500,mha,moe,123,5,15,0.03859619051218033,0.037651125341653824,1.4054782390594482
15000,mha,moe,123,1,0,0.05302124097943306,0.06555542349815369,2.3869919776916504
15000,mha,moe,123,1,1,0.07973388582468033,0.06308723241090775,2.3869919776916504
15000,mha,moe,123,1,2,0.07121460139751434,0.05986590310931206,2.3869919776916504
15000,mha,moe,123,1,3,0.0629260241985321,0.06047704815864563,2.3869919776916504
15000,mha,moe,123,1,4,0.05482177808880806,0.05842060595750809,2.3869919776916504
15000,mha,moe,123,1,5,0.06761474907398224,0.05809145048260689,2.3869919776916504
15000,mha,moe,123,1,6,0.056944578886032104,0.06088520213961601,2.3869919776916504
15000,mha,moe,123,1,7,0.05092163011431694,0.07192164659500122,2.3869919776916504
15000,mha,moe,123,1,8,0.06314574927091599,0.05938606336712837,2.3869919776916504
15000,mha,moe,123,1,9,0.054222412407398224,0.06062762811779976,2.3869919776916504
15000,mha,moe,123,1,10,0.0545654296875,0.07485052943229675,2.3869919776916504
15000,mha,moe,123,1,11,0.059443358331918716,0.05984051525592804,2.3869919776916504
15000,mha,moe,123,1,12,0.06309814751148224,0.061015743762254715,2.3869919776916504
15000,mha,moe,123,1,13,0.07361206412315369,0.06154804304242134,2.3869919776916504
15000,mha,moe,123,1,14,0.05681152269244194,0.05641051381826401,2.3869919776916504
15000,mha,moe,123,1,15,0.07790283113718033,0.06801646947860718,2.3869919776916504
15000,mha,moe,123,2,0,0.08310913294553757,0.07952430099248886,1.7702431678771973
15000,mha,moe,123,2,1,0.05889037996530533,0.05606076121330261,1.7702431678771973
15000,mha,moe,123,2,2,0.06890136748552322,0.0660911351442337,1.7702431678771973
15000,mha,moe,123,2,3,0.039183348417282104,0.05142762139439583,1.7702431678771973
15000,mha,moe,123,2,4,0.04185546934604645,0.04889073222875595,1.7702431678771973
15000,mha,moe,123,2,5,0.0647875964641571,0.06654154509305954,1.7702431678771973
15000,mha,moe,123,2,6,0.05460449308156967,0.07322435081005096,1.7702431678771973
15000,mha,moe,123,2,7,0.04338134825229645,0.05551999434828758,1.7702431678771973
15000,mha,moe,123,2,8,0.04844970628619194,0.05350774899125099,1.7702431678771973
15000,mha,moe,123,2,9,0.07074951380491257,0.053385891020298004,1.7702431678771973
15000,mha,moe,123,2,10,0.08161742985248566,0.06948544085025787,1.7702431678771973
15000,mha,moe,123,2,11,0.06928589195013046,0.07401186227798462,1.7702431678771973
15000,mha,moe,123,2,12,0.06612671166658401,0.0655214861035347,1.7702431678771973
15000,mha,moe,123,2,13,0.06159912049770355,0.05774523690342903,1.7702431678771973
15000,mha,moe,123,2,14,0.08089477568864822,0.07120146602392197,1.7702431678771973
15000,mha,moe,123,2,15,0.06656371802091599,0.05786046385765076,1.7702431678771973
15000,mha,moe,123,3,0,0.03410156071186066,0.03519382327795029,1.3558833599090576
15000,mha,moe,123,3,1,0.06913818418979645,0.0674494281411171,1.3558833599090576
15000,mha,moe,123,3,2,0.05466674640774727,0.05537603050470352,1.3558833599090576
15000,mha,moe,123,3,3,0.07891601324081421,0.08139102905988693,1.3558833599090576
15000,mha,moe,123,3,4,0.06864502280950546,0.06078813970088959,1.3558833599090576
15000,mha,moe,123,3,5,0.05746093764901161,0.056931063532829285,1.3558833599090576
15000,mha,moe,123,3,6,0.060889892280101776,0.05613371357321739,1.3558833599090576
15000,mha,moe,123,3,7,0.03599365055561066,0.041117772459983826,1.3558833599090576
15000,mha,moe,123,3,8,0.05302368104457855,0.07091255486011505,1.3558833599090576
15000,mha,moe,123,3,9,0.07850952446460724,0.07479563355445862,1.3558833599090576
15000,mha,moe,123,3,10,0.07142822444438934,0.07274925708770752,1.3558833599090576
15000,mha,moe,123,3,11,0.054265137761831284,0.06846868246793747,1.3558833599090576
15000,mha,moe,123,3,12,0.04808105528354645,0.05600927397608757,1.3558833599090576
15000,mha,moe,123,3,13,0.08660034090280533,0.07814352214336395,1.3558833599090576
15000,mha,moe,123,3,14,0.07508544623851776,0.059211768209934235,1.3558833599090576
15000,mha,moe,123,3,15,0.07319457828998566,0.06532827019691467,1.3558833599090576
15000,mha,moe,123,4,0,0.09470824897289276,0.07596152275800705,1.189793348312378
15000,mha,moe,123,4,1,0.052772216498851776,0.07029466331005096,1.189793348312378
15000,mha,moe,123,4,2,0.06517944484949112,0.04437926784157753,1.189793348312378
15000,mha,moe,123,4,3,0.021561279892921448,0.027127139270305634,1.189793348312378
15000,mha,moe,123,4,4,0.051036376506090164,0.047507911920547485,1.189793348312378
15000,mha,moe,123,4,5,0.06518188118934631,0.06070930138230324,1.189793348312378
15000,mha,moe,123,4,6,0.04478149488568306,0.04774855077266693,1.189793348312378
15000,mha,moe,123,4,7,0.05290893465280533,0.0643191933631897,1.189793348312378
15000,mha,moe,123,4,8,0.04636474698781967,0.051322512328624725,1.189793348312378
15000,mha,moe,123,4,9,0.081573486328125,0.08663888275623322,1.189793348312378
15000,mha,moe,123,4,10,0.09851562231779099,0.0764753520488739,1.189793348312378
15000,mha,moe,123,4,11,0.10068481415510178,0.06792828440666199,1.189793348312378
15000,mha,moe,123,4,12,0.037958983331918716,0.042130157351493835,1.189793348312378
15000,mha,moe,123,4,13,0.02989501878619194,0.03504307568073273,1.189793348312378
15000,mha,moe,123,4,14,0.08171752840280533,0.10964569449424744,1.189793348312378
15000,mha,moe,123,4,15,0.07515991479158401,0.09276852756738663,1.189793348312378
15000,mha,moe,123,5,0,0.09763183444738388,0.09746939688920975,1.4067143201828003
15000,mha,moe,123,5,1,0.05757690593600273,0.06794622540473938,1.4067143201828003
15000,mha,moe,123,5,2,0.05410522595047951,0.04648222774267197,1.4067143201828003
15000,mha,moe,123,5,3,0.03599487245082855,0.05617470666766167,1.4067143201828003
15000,mha,moe,123,5,4,0.10304443538188934,0.0867309495806694,1.4067143201828003
15000,mha,moe,123,5,5,0.05289306491613388,0.05814327299594879,1.4067143201828003
15000,mha,moe,123,5,6,0.034754637628793716,0.03683106601238251,1.4067143201828003
15000,mha,moe,123,5,7,0.09174926578998566,0.07924091070890427,1.4067143201828003
15000,mha,moe,123,5,8,0.08738037198781967,0.06464163959026337,1.4067143201828003
15000,mha,moe,123,5,9,0.04420287907123566,0.06844276189804077,1.4067143201828003
15000,mha,moe,123,5,10,0.10219360142946243,0.09175848215818405,1.4067143201828003
15000,mha,moe,123,5,11,0.06086914241313934,0.06354595720767975,1.4067143201828003
15000,mha,moe,123,5,12,0.021599121391773224,0.03514441102743149,1.4067143201828003
15000,mha,moe,123,5,13,0.078369140625,0.062138333916664124,1.4067143201828003
15000,mha,moe,123,5,14,0.03945678845047951,0.048563532531261444,1.4067143201828003
15000,mha,moe,123,5,15,0.038178712129592896,0.03674619272351265,1.4067143201828003
