iter,attn_mode,backbone,seed,layer,expert,selected_fraction,mean_probability,router_entropy
0,mha,moe,456,1,0,0.06258545070886612,0.06498681008815765,2.619932174682617
0,mha,moe,456,1,1,0.03899780288338661,0.055051058530807495,2.619932174682617
0,mha,moe,456,1,2,0.041441649198532104,0.05671653896570206,2.619932174682617
0,mha,moe,456,1,3,0.015625,0.04559588059782982,2.619932174682617
0,mha,moe,456,1,4,0.06815429776906967,0.06679963320493698,2.619932174682617
0,mha,moe,456,1,5,0.07716308534145355,0.06393337994813919,2.619932174682617
0,mha,moe,456,1,6,0.1954382359981537,0.10102679580450058,2.619932174682617
0,mha,moe,456,1,7,0.09664184600114822,0.0720883160829544,2.619932174682617
0,mha,moe,456,1,8,0.03836669772863388,0.057971883565187454,2.619932174682617
0,mha,moe,456,1,9,0.079071044921875,0.06943145394325256,2.619932174682617
0,mha,moe,456,1,10,0.060850828886032104,0.06317494809627533,2.619932174682617
0,mha,moe,456,1,11,0.057008057832717896,0.06380748748779297,2.619932174682617
0,mha,moe,456,1,12,0.04216552898287773,0.05607733130455017,2.619932174682617
0,mha,moe,456,1,13,0.07182617485523224,0.06676501035690308,2.619932174682617
0,mha,moe,456,1,14,0.019633788615465164,0.042874034494161606,2.619932174682617
0,mha,moe,456,1,15,0.03503051772713661,0.053699471056461334,2.619932174682617
0,mha,moe,456,2,0,0.005354003980755806,0.034084752202034,2.588498115539551
0,mha,moe,456,2,1,0.24128295481204987,0.11693014204502106,2.588498115539551
0,mha,moe,456,2,2,0.016484374180436134,0.04084135591983795,2.588498115539551
0,mha,moe,456,2,3,0.059479981660842896,0.06666889786720276,2.588498115539551
0,mha,moe,456,2,4,0.023513182997703552,0.050607237964868546,2.588498115539551
0,mha,moe,456,2,5,0.04424438625574112,0.06275102496147156,2.588498115539551
0,mha,moe,456,2,6,0.12935790419578552,0.0863671749830246,2.588498115539551
0,mha,moe,456,2,7,0.025893554091453552,0.05108758807182312,2.588498115539551
0,mha,moe,456,2,8,0.1505761742591858,0.0919160470366478,2.588498115539551
0,mha,moe,456,2,9,0.031831055879592896,0.055115193128585815,2.588498115539551
0,mha,moe,456,2,10,0.0662548840045929,0.06792943179607391,2.588498115539551
0,mha,moe,456,2,11,0.10190551728010178,0.07828695327043533,2.588498115539551
0,mha,moe,456,2,12,0.021433105692267418,0.04439764469861984,2.588498115539551
0,mha,moe,456,2,13,0.03387817367911339,0.05543508008122444,2.588498115539551
0,mha,moe,456,2,14,0.04199828952550888,0.05936795100569725,2.588498115539551
0,mha,moe,456,2,15,0.006512450985610485,0.038213539868593216,2.588498115539551
0,mha,moe,456,3,0,0.016651611775159836,0.04443388059735298,2.6144983768463135
0,mha,moe,456,3,1,0.014487304724752903,0.04587358981370926,2.6144983768463135
0,mha,moe,456,3,2,0.0808398425579071,0.07278763502836227,2.6144983768463135
0,mha,moe,456,3,3,0.02899169921875,0.05224999412894249,2.6144983768463135
0,mha,moe,456,3,4,0.18662597239017487,0.098279669880867,2.6144983768463135
0,mha,moe,456,3,5,0.12318359315395355,0.08317907154560089,2.6144983768463135
0,mha,moe,456,3,6,0.06054321303963661,0.06619550287723541,2.6144983768463135
0,mha,moe,456,3,7,0.006796875037252903,0.035758450627326965,2.6144983768463135
0,mha,moe,456,3,8,0.0727832019329071,0.06862079352140427,2.6144983768463135
0,mha,moe,456,3,9,0.1513098180294037,0.08937746286392212,2.6144983768463135
0,mha,moe,456,3,10,0.034266356378793716,0.057022083550691605,2.6144983768463135
0,mha,moe,456,3,11,0.016269531100988388,0.044614922255277634,2.6144983768463135
0,mha,moe,456,3,12,0.06729858368635178,0.06667988747358322,2.6144983768463135
0,mha,moe,456,3,13,0.013813477009534836,0.04214707389473915,2.6144983768463135
0,mha,moe,456,3,14,0.06406982243061066,0.06544453650712967,2.6144983768463135
0,mha,moe,456,3,15,0.06206909194588661,0.06733542680740356,2.6144983768463135
0,mha,moe,456,4,0,0.09179320931434631,0.0721396803855896,2.630157470703125
0,mha,moe,456,4,1,0.06034667789936066,0.0637199729681015,2.630157470703125
0,mha,moe,456,4,2,0.02030273526906967,0.04661432281136513,2.630157470703125
0,mha,moe,456,4,3,0.04815307632088661,0.058813150972127914,2.630157470703125
0,mha,moe,456,4,4,0.03499756008386612,0.053488872945308685,2.630157470703125
0,mha,moe,456,4,5,0.05675293132662773,0.06194613128900528,2.630157470703125
0,mha,moe,456,4,6,0.07510986179113388,0.06956656277179718,2.630157470703125
0,mha,moe,456,4,7,0.026988524943590164,0.051141757518053055,2.630157470703125
0,mha,moe,456,4,8,0.048676759004592896,0.05738228186964989,2.630157470703125
0,mha,moe,456,4,9,0.026719970628619194,0.047608643770217896,2.630157470703125
0,mha,moe,456,4,10,0.1464563012123108,0.08649648725986481,2.630157470703125
0,mha,moe,456,4,11,0.15288573503494263,0.0880289152264595,2.630157470703125
0,mha,moe,456,4,12,0.029539795592427254,0.052938126027584076,2.630157470703125
0,mha,moe,456,4,13,0.05114502087235451,0.061881065368652344,2.630157470703125
0,mha,moe,456,4,14,0.08243285864591599,0.06882700324058533,2.630157470703125
0,mha,moe,456,4,15,0.047698974609375,0.05940697342157364,2.630157470703125
0,mha,moe,456,5,0,0.06178466975688934,0.06695777922868729,2.6193997859954834
0,mha,moe,456,5,1,0.0367431640625,0.054483722895383835,2.6193997859954834
0,mha,moe,456,5,2,0.06372802704572678,0.0643857792019844,2.6193997859954834
0,mha,moe,456,5,3,0.054877929389476776,0.060418859124183655,2.6193997859954834
0,mha,moe,456,5,4,0.013211670331656933,0.03940431773662567,2.6193997859954834
0,mha,moe,456,5,5,0.053797606378793716,0.06557340919971466,2.6193997859954834
0,mha,moe,456,5,6,0.026357421651482582,0.04800025001168251,2.6193997859954834
0,mha,moe,456,5,7,0.16065429151058197,0.09049523621797562,2.6193997859954834
0,mha,moe,456,5,8,0.08857300132513046,0.07063808292150497,2.6193997859954834
0,mha,moe,456,5,9,0.08842284977436066,0.07196325063705444,2.6193997859954834
0,mha,moe,456,5,10,0.011368407867848873,0.03563550114631653,2.6193997859954834
0,mha,moe,456,5,11,0.13231445848941803,0.08286895602941513,2.6193997859954834
0,mha,moe,456,5,12,0.05549072101712227,0.06310133635997772,2.6193997859954834
0,mha,moe,456,5,13,0.02727416902780533,0.057403143495321274,2.6193997859954834
0,mha,moe,456,5,14,0.07970703393220901,0.07047802209854126,2.6193997859954834
0,mha,moe,456,5,15,0.04569457843899727,0.058192357420921326,2.6193997859954834
500,mha,moe,456,1,0,0.13303223252296448,0.09025763720273972,2.1272776126861572
500,mha,moe,456,1,1,0.08520995825529099,0.08109971880912781,2.1272776126861572
500,mha,moe,456,1,2,0.028181152418255806,0.050381723791360855,2.1272776126861572
500,mha,moe,456,1,3,0.039927978068590164,0.03429635614156723,2.1272776126861572
500,mha,moe,456,1,4,0.08960571140050888,0.07347840815782547,2.1272776126861572
500,mha,moe,456,1,5,0.03705810382962227,0.04197957366704941,2.1272776126861572
500,mha,moe,456,1,6,0.06285888701677322,0.06326217204332352,2.1272776126861572
500,mha,moe,456,1,7,0.049925535917282104,0.05174648389220238,2.1272776126861572
500,mha,moe,456,1,8,0.08686889708042145,0.06962649524211884,2.1272776126861572
500,mha,moe,456,1,9,0.08309448510408401,0.09040303528308868,2.1272776126861572
500,mha,moe,456,1,10,0.04364990070462227,0.05735068768262863,2.1272776126861572
500,mha,moe,456,1,11,0.027608642354607582,0.04569719731807709,2.1272776126861572
500,mha,moe,456,1,12,0.05980224534869194,0.064821258187294,2.1272776126861572
500,mha,moe,456,1,13,0.06790649145841599,0.09294895082712173,2.1272776126861572
500,mha,moe,456,1,14,0.019810790196061134,0.02767942100763321,2.1272776126861572
500,mha,moe,456,1,15,0.08545898646116257,0.06497092545032501,2.1272776126861572
500,mha,moe,456,2,0,0.045350342988967896,0.0499737448990345,2.094782590866089
500,mha,moe,456,2,1,0.07139038294553757,0.07486245781183243,2.094782590866089
500,mha,moe,456,2,2,0.1066296398639679,0.08640451729297638,2.094782590866089
500,mha,moe,456,2,3,0.03445068374276161,0.040249429643154144,2.094782590866089
500,mha,moe,456,2,4,0.055938720703125,0.06315407902002335,2.094782590866089
500,mha,moe,456,2,5,0.0875231921672821,0.07904978096485138,2.094782590866089
500,mha,moe,456,2,6,0.04069824144244194,0.05229976773262024,2.094782590866089
500,mha,moe,456,2,7,0.07710449397563934,0.06822609901428223,2.094782590866089
500,mha,moe,456,2,8,0.06693359464406967,0.07523754984140396,2.094782590866089
500,mha,moe,456,2,9,0.05631469562649727,0.05973281338810921,2.094782590866089
500,mha,moe,456,2,10,0.04024047777056694,0.041987475007772446,2.094782590866089
500,mha,moe,456,2,11,0.06358520686626434,0.0751144289970398,2.094782590866089
500,mha,moe,456,2,12,0.07410766929388046,0.06076197698712349,2.094782590866089
500,mha,moe,456,2,13,0.056968994438648224,0.05227614939212799,2.094782590866089
500,mha,moe,456,2,14,0.08335937559604645,0.07931686192750931,2.094782590866089
500,mha,moe,456,2,15,0.03940429538488388,0.04135284945368767,2.094782590866089
500,mha,moe,456,3,0,0.05570312589406967,0.06588543951511383,1.7839133739471436
500,mha,moe,456,3,1,0.049964599311351776,0.06300903111696243,1.7839133739471436
500,mha,moe,456,3,2,0.03267578035593033,0.033741649240255356,1.7839133739471436
500,mha,moe,456,3,3,0.10546020418405533,0.10596487671136856,1.7839133739471436
500,mha,moe,456,3,4,0.07296264916658401,0.06731735914945602,1.7839133739471436
500,mha,moe,456,3,5,0.02880859375,0.03849141672253609,1.7839133739471436
500,mha,moe,456,3,6,0.07207397371530533,0.06451617926359177,1.7839133739471436
500,mha,moe,456,3,7,0.07076781988143921,0.06204954534769058,1.7839133739471436
500,mha,moe,456,3,8,0.085540771484375,0.06931242346763611,1.7839133739471436
500,mha,moe,456,3,9,0.08909668028354645,0.07803554832935333,1.7839133739471436
500,mha,moe,456,3,10,0.03702148422598839,0.04322706162929535,1.7839133739471436
500,mha,moe,456,3,11,0.06122436374425888,0.06293178349733353,1.7839133739471436
500,mha,moe,456,3,12,0.054283447563648224,0.043925102800130844,1.7839133739471436
500,mha,moe,456,3,13,0.0650634765625,0.08173514157533646,1.7839133739471436
500,mha,moe,456,3,14,0.05127929523587227,0.05688616260886192,1.7839133739471436
500,mha,moe,456,3,15,0.06807372719049454,0.06297124177217484,1.7839133739471436
500,mha,moe,456,4,0,0.07189574837684631,0.07039159536361694,2.0211000442504883
500,mha,moe,456,4,1,0.03790649399161339,0.04765461012721062,2.0211000442504883
500,mha,moe,456,4,2,0.05949706956744194,0.06490558385848999,2.0211000442504883
500,mha,moe,456,4,3,0.07025634497404099,0.05139263719320297,2.0211000442504883
500,mha,moe,456,4,4,0.0906384289264679,0.07240846008062363,2.0211000442504883
500,mha,moe,456,4,5,0.09721923619508743,0.08292657881975174,2.0211000442504883
500,mha,moe,456,4,6,0.07068847864866257,0.06296148151159286,2.0211000442504883
500,mha,moe,456,4,7,0.09015869349241257,0.07452711462974548,2.0211000442504883
500,mha,moe,456,4,8,0.03439697250723839,0.05249326676130295,2.0211000442504883
500,mha,moe,456,4,9,0.08385742455720901,0.0688059851527214,2.0211000442504883
500,mha,moe,456,4,10,0.05174194276332855,0.05438767746090889,2.0211000442504883
500,mha,moe,456,4,11,0.05116455256938934,0.05148259177803993,2.0211000442504883
500,mha,moe,456,4,12,0.017337646335363388,0.03642488643527031,2.0211000442504883
500,mha,moe,456,4,13,0.03497070446610451,0.0721517950296402,2.0211000442504883
500,mha,moe,456,4,14,0.09885253757238388,0.08547419309616089,2.0211000442504883
500,mha,moe,456,4,15,0.039417725056409836,0.051611509174108505,2.0211000442504883
500,mha,moe,456,5,0,0.03446410968899727,0.0469561330974102,2.3252756595611572
500,mha,moe,456,5,1,0.0887463390827179,0.07070675492286682,2.3252756595611572
500,mha,moe,456,5,2,0.08916137367486954,0.07262139767408371,2.3252756595611572
500,mha,moe,456,5,3,0.07844970375299454,0.06422673910856247,2.3252756595611572
500,mha,moe,456,5,4,0.06971924006938934,0.0663648396730423,2.3252756595611572
500,mha,moe,456,5,5,0.046757813543081284,0.0541091114282608,2.3252756595611572
500,mha,moe,456,5,6,0.058543700724840164,0.06681610643863678,2.3252756595611572
500,mha,moe,456,5,7,0.08986449986696243,0.06829562038183212,2.3252756595611572
500,mha,moe,456,5,8,0.07560791075229645,0.06502225250005722,2.3252756595611572
500,mha,moe,456,5,9,0.04691161960363388,0.06257662922143936,2.3252756595611572
500,mha,moe,456,5,10,0.05382690578699112,0.05795173719525337,2.3252756595611572
500,mha,moe,456,5,11,0.06559326499700546,0.06777281314134598,2.3252756595611572
500,mha,moe,456,5,12,0.06812988221645355,0.06917552649974823,2.3252756595611572
500,mha,moe,456,5,13,0.041682127863168716,0.05351308360695839,2.3252756595611572
500,mha,moe,456,5,14,0.05709472671151161,0.0630175992846489,2.3252756595611572
500,mha,moe,456,5,15,0.03544677793979645,0.05087362602353096,2.3252756595611572
1000,mha,moe,456,1,0,0.10019775480031967,0.08667489141225815,2.15329647064209
1000,mha,moe,456,1,1,0.05494995042681694,0.05963759124279022,2.15329647064209
1000,mha,moe,456,1,2,0.052094727754592896,0.062385816127061844,2.15329647064209
1000,mha,moe,456,1,3,0.03800048679113388,0.041491612792015076,2.15329647064209
1000,mha,moe,456,1,4,0.07077270746231079,0.06444763392210007,2.15329647064209
1000,mha,moe,456,1,5,0.06519653648138046,0.056053806096315384,2.15329647064209
1000,mha,moe,456,1,6,0.06188354641199112,0.060241393744945526,2.15329647064209
1000,mha,moe,456,1,7,0.041279297322034836,0.04265758395195007,2.15329647064209
1000,mha,moe,456,1,8,0.07409057766199112,0.07014665007591248,2.15329647064209
1000,mha,moe,456,1,9,0.05965820327401161,0.06943225115537643,2.15329647064209
1000,mha,moe,456,1,10,0.07939453423023224,0.07469543069601059,2.15329647064209
1000,mha,moe,456,1,11,0.05993896350264549,0.05631919205188751,2.15329647064209
1000,mha,moe,456,1,12,0.06304199248552322,0.059071239084005356,2.15329647064209
1000,mha,moe,456,1,13,0.07048461586236954,0.080270916223526,2.15329647064209
1000,mha,moe,456,1,14,0.016916504129767418,0.03799755871295929,2.15329647064209
1000,mha,moe,456,1,15,0.09209960699081421,0.0784764513373375,2.15329647064209
1000,mha,moe,456,2,0,0.0631726086139679,0.05733634904026985,1.8294039964675903
1000,mha,moe,456,2,1,0.03686767444014549,0.048024892807006836,1.8294039964675903
1000,mha,moe,456,2,2,0.08297362923622131,0.08038970082998276,1.8294039964675903
1000,mha,moe,456,2,3,0.05534423887729645,0.04855318367481232,1.8294039964675903
1000,mha,moe,456,2,4,0.059022217988967896,0.06290685385465622,1.8294039964675903
1000,mha,moe,456,2,5,0.0820629894733429,0.0804257020354271,1.8294039964675903
1000,mha,moe,456,2,6,0.047032471746206284,0.050174832344055176,1.8294039964675903
1000,mha,moe,456,2,7,0.09492309391498566,0.08406952023506165,1.8294039964675903
1000,mha,moe,456,2,8,0.06296753138303757,0.07625745236873627,1.8294039964675903
1000,mha,moe,456,2,9,0.04741577059030533,0.05250934511423111,1.8294039964675903
1000,mha,moe,456,2,10,0.053837891668081284,0.05083608999848366,1.8294039964675903
1000,mha,moe,456,2,11,0.07218261808156967,0.07680553197860718,1.8294039964675903
1000,mha,moe,456,2,12,0.060032960027456284,0.05149286612868309,1.8294039964675903
1000,mha,moe,456,2,13,0.05991210788488388,0.05338418856263161,1.8294039964675903
1000,mha,moe,456,2,14,0.07233154028654099,0.07420264929533005,1.8294039964675903
1000,mha,moe,456,2,15,0.04992065578699112,0.052630793303251266,1.8294039964675903
1000,mha,moe,456,3,0,0.06056762859225273,0.06736704707145691,1.4087361097335815
1000,mha,moe,456,3,1,0.068695068359375,0.07256176322698593,1.4087361097335815
1000,mha,moe,456,3,2,0.04625854641199112,0.045225244015455246,1.4087361097335815
1000,mha,moe,456,3,3,0.0975354015827179,0.09836361557245255,1.4087361097335815
1000,mha,moe,456,3,4,0.0804736316204071,0.07549549639225006,1.4087361097335815
1000,mha,moe,456,3,5,0.031982421875,0.03945595398545265,1.4087361097335815
1000,mha,moe,456,3,6,0.06511596590280533,0.0589708536863327,1.4087361097335815
1000,mha,moe,456,3,7,0.05003295838832855,0.04396985098719597,1.4087361097335815
1000,mha,moe,456,3,8,0.08175292611122131,0.06572470813989639,1.4087361097335815
1000,mha,moe,456,3,9,0.08599609136581421,0.07804758101701736,1.4087361097335815
1000,mha,moe,456,3,10,0.05293823406100273,0.05472759157419205,1.4087361097335815
1000,mha,moe,456,3,11,0.05429687350988388,0.05380634218454361,1.4087361097335815
1000,mha,moe,456,3,12,0.04793945327401161,0.04087255150079727,1.4087361097335815
1000,mha,moe,456,3,13,0.05739135667681694,0.07588591426610947,1.4087361097335815
1000,mha,moe,456,3,14,0.058378905057907104,0.076012022793293,1.4087361097335815
1000,mha,moe,456,3,15,0.06064452975988388,0.053513508290052414,1.4087361097335815
1000,mha,moe,456,4,0,0.06833862513303757,0.06992635130882263,1.557925820350647
1000,mha,moe,456,4,1,0.021712645888328552,0.032000306993722916,1.557925820350647
1000,mha,moe,456,4,2,0.07057861238718033,0.07483473420143127,1.557925820350647
1000,mha,moe,456,4,3,0.06786010414361954,0.05038507282733917,1.557925820350647
1000,mha,moe,456,4,4,0.10438110679388046,0.1047828420996666,1.557925820350647
1000,mha,moe,456,4,5,0.07267212122678757,0.0690888836979866,1.557925820350647
1000,mha,moe,456,4,6,0.053461913019418716,0.05272825062274933,1.557925820350647
1000,mha,moe,456,4,7,0.07374267280101776,0.06567399948835373,1.557925820350647
1000,mha,moe,456,4,8,0.04091186448931694,0.051053486764431,1.557925820350647
1000,mha,moe,456,4,9,0.09383422881364822,0.08040273934602737,1.557925820350647
1000,mha,moe,456,4,10,0.04718017578125,0.051041364669799805,1.557925820350647
1000,mha,moe,456,4,11,0.07245972007513046,0.06173091381788254,1.557925820350647
1000,mha,moe,456,4,12,0.03730590641498566,0.040573522448539734,1.557925820350647
1000,mha,moe,456,4,13,0.05427246168255806,0.07108090072870255,1.557925820350647
1000,mha,moe,456,4,14,0.09841430932283401,0.09277834743261337,1.557925820350647
1000,mha,moe,456,4,15,0.022873535752296448,0.03191831707954407,1.557925820350647
1000,mha,moe,456,5,0,0.05686035007238388,0.05140911042690277,1.7339848279953003
1000,mha,moe,456,5,1,0.09574341028928757,0.11923271417617798,1.7339848279953003
1000,mha,moe,456,5,2,0.06268066167831421,0.0510493665933609,1.7339848279953003
1000,mha,moe,456,5,3,0.062348634004592896,0.05201996862888336,1.7339848279953003
1000,mha,moe,456,5,4,0.027192382141947746,0.034719668328762054,1.7339848279953003
1000,mha,moe,456,5,5,0.03155151382088661,0.04070093482732773,1.7339848279953003
1000,mha,moe,456,5,6,0.06997314095497131,0.08150208741426468,1.7339848279953003
1000,mha,moe,456,5,7,0.07272949069738388,0.06043451279401779,1.7339848279953003
1000,mha,moe,456,5,8,0.06848999112844467,0.06086286902427673,1.7339848279953003
1000,mha,moe,456,5,9,0.052741698920726776,0.055728115141391754,1.7339848279953003
1000,mha,moe,456,5,10,0.07333862036466599,0.0571557842195034,1.7339848279953003
1000,mha,moe,456,5,11,0.08291992545127869,0.08733963966369629,1.7339848279953003
1000,mha,moe,456,5,12,0.0834643542766571,0.08397774398326874,1.7339848279953003
1000,mha,moe,456,5,13,0.07206176966428757,0.0571606270968914,1.7339848279953003
1000,mha,moe,456,5,14,0.056507568806409836,0.0643642470240593,1.7339848279953003
1000,mha,moe,456,5,15,0.03139648586511612,0.042342666536569595,1.7339848279953003
1500,mha,moe,456,1,0,0.10628417879343033,0.085355244576931,2.3171350955963135
1500,mha,moe,456,1,1,0.08025878667831421,0.06804285943508148,2.3171350955963135
1500,mha,moe,456,1,2,0.048619385808706284,0.06065543740987778,2.3171350955963135
1500,mha,moe,456,1,3,0.036522217094898224,0.050731487572193146,2.3171350955963135
1500,mha,moe,456,1,4,0.07328369468450546,0.06206095218658447,2.3171350955963135
1500,mha,moe,456,1,5,0.045262452214956284,0.054140638560056686,2.3171350955963135
1500,mha,moe,456,1,6,0.057304687798023224,0.0606730617582798,2.3171350955963135
1500,mha,moe,456,1,7,0.033641356974840164,0.04661132022738457,2.3171350955963135
1500,mha,moe,456,1,8,0.05816650390625,0.0608634278178215,2.3171350955963135
1500,mha,moe,456,1,9,0.06848511099815369,0.06815294921398163,2.3171350955963135
1500,mha,moe,456,1,10,0.06818359345197678,0.06682606041431427,2.3171350955963135
1500,mha,moe,456,1,11,0.04409546032547951,0.05999239534139633,2.3171350955963135
1500,mha,moe,456,1,12,0.06847167760133743,0.058611784130334854,2.3171350955963135
1500,mha,moe,456,1,13,0.0632922351360321,0.07548816502094269,2.3171350955963135
1500,mha,moe,456,1,14,0.058990478515625,0.053579024970531464,2.3171350955963135
1500,mha,moe,456,1,15,0.08913818001747131,0.06821516156196594,2.3171350955963135
1500,mha,moe,456,2,0,0.061011962592601776,0.05766021087765694,1.7825573682785034
1500,mha,moe,456,2,1,0.028170166537165642,0.038585513830184937,1.7825573682785034
1500,mha,moe,456,2,2,0.09022705256938934,0.08831260353326797,1.7825573682785034
1500,mha,moe,456,2,3,0.041112061589956284,0.04215661436319351,1.7825573682785034
1500,mha,moe,456,2,4,0.051055908203125,0.058322299271821976,1.7825573682785034
1500,mha,moe,456,2,5,0.07463622838258743,0.0716572031378746,1.7825573682785034
1500,mha,moe,456,2,6,0.05919555574655533,0.055087871849536896,1.7825573682785034
1500,mha,moe,456,2,7,0.10495483130216599,0.09260310232639313,1.7825573682785034
1500,mha,moe,456,2,8,0.07127563655376434,0.08208424597978592,1.7825573682785034
1500,mha,moe,456,2,9,0.04050537198781967,0.0461258664727211,1.7825573682785034
1500,mha,moe,456,2,10,0.05869384855031967,0.050479646772146225,1.7825573682785034
1500,mha,moe,456,2,11,0.07465698570013046,0.07945277541875839,1.7825573682785034
1500,mha,moe,456,2,12,0.07140746712684631,0.0666370689868927,1.7825573682785034
1500,mha,moe,456,2,13,0.06541381776332855,0.05669926106929779,1.7825573682785034
1500,mha,moe,456,2,14,0.059772949665784836,0.06409580260515213,1.7825573682785034
1500,mha,moe,456,2,15,0.04791015759110451,0.050039906054735184,1.7825573682785034
1500,mha,moe,456,3,0,0.057615965604782104,0.071306012570858,1.4192593097686768
1500,mha,moe,456,3,1,0.07204833626747131,0.07314135879278183,1.4192593097686768
1500,mha,moe,456,3,2,0.051032714545726776,0.05555020272731781,1.4192593097686768
1500,mha,moe,456,3,3,0.08141113072633743,0.08070666342973709,1.4192593097686768
1500,mha,moe,456,3,4,0.07887451350688934,0.07267043739557266,1.4192593097686768
1500,mha,moe,456,3,5,0.03971801698207855,0.04565788432955742,1.4192593097686768
1500,mha,moe,456,3,6,0.07421630620956421,0.06509774923324585,1.4192593097686768
1500,mha,moe,456,3,7,0.052607420831918716,0.044891856610774994,1.4192593097686768
1500,mha,moe,456,3,8,0.06462524086236954,0.05248233303427696,1.4192593097686768
1500,mha,moe,456,3,9,0.09470214694738388,0.08307947963476181,1.4192593097686768
1500,mha,moe,456,3,10,0.05937866121530533,0.059505950659513474,1.4192593097686768
1500,mha,moe,456,3,11,0.05823730304837227,0.05785258859395981,1.4192593097686768
1500,mha,moe,456,3,12,0.04579712077975273,0.03794216737151146,1.4192593097686768
1500,mha,moe,456,3,13,0.056132812052965164,0.07112645357847214,1.4192593097686768
1500,mha,moe,456,3,14,0.06435180455446243,0.08030849695205688,1.4192593097686768
1500,mha,moe,456,3,15,0.049250487238168716,0.048680368810892105,1.4192593097686768
1500,mha,moe,456,4,0,0.06771362572908401,0.0687500610947609,1.4578040838241577
1500,mha,moe,456,4,1,0.024937743321061134,0.03256545215845108,1.4578040838241577
1500,mha,moe,456,4,2,0.05873657390475273,0.0679197758436203,1.4578040838241577
1500,mha,moe,456,4,3,0.050047606229782104,0.04400349035859108,1.4578040838241577
1500,mha,moe,456,4,4,0.11088988929986954,0.10855716466903687,1.4578040838241577
1500,mha,moe,456,4,5,0.07427734136581421,0.07115650177001953,1.4578040838241577
1500,mha,moe,456,4,6,0.055797118693590164,0.053239572793245316,1.4578040838241577
1500,mha,moe,456,4,7,0.08246582001447678,0.06857040524482727,1.4578040838241577
1500,mha,moe,456,4,8,0.05263916030526161,0.057218488305807114,1.4578040838241577
1500,mha,moe,456,4,9,0.09690430015325546,0.08445576578378677,1.4578040838241577
1500,mha,moe,456,4,10,0.04844604432582855,0.051927242428064346,1.4578040838241577
1500,mha,moe,456,4,11,0.06499389559030533,0.056744880974292755,1.4578040838241577
1500,mha,moe,456,4,12,0.03811035305261612,0.04049210250377655,1.4578040838241577
1500,mha,moe,456,4,13,0.04167480394244194,0.06123108044266701,1.4578040838241577
1500,mha,moe,456,4,14,0.10735717415809631,0.09920695424079895,1.4578040838241577
1500,mha,moe,456,4,15,0.025008544325828552,0.03396109119057655,1.4578040838241577
1500,mha,moe,456,5,0,0.06118408218026161,0.05741672217845917,1.6125603914260864
1500,mha,moe,456,5,1,0.09384643286466599,0.11869547516107559,1.6125603914260864
1500,mha,moe,456,5,2,0.06062133610248566,0.0481640063226223,1.6125603914260864
1500,mha,moe,456,5,3,0.05676879733800888,0.049863964319229126,1.6125603914260864
1500,mha,moe,456,5,4,0.032618407160043716,0.03743678703904152,1.6125603914260864
1500,mha,moe,456,5,5,0.024332275614142418,0.0353282205760479,1.6125603914260864
1500,mha,moe,456,5,6,0.06575805693864822,0.07904110848903656,1.6125603914260864
1500,mha,moe,456,5,7,0.09192504733800888,0.07243596762418747,1.6125603914260864
1500,mha,moe,456,5,8,0.070220947265625,0.06374795734882355,1.6125603914260864
1500,mha,moe,456,5,9,0.03897460922598839,0.04243403300642967,1.6125603914260864
1500,mha,moe,456,5,10,0.07720214873552322,0.058244332671165466,1.6125603914260864
1500,mha,moe,456,5,11,0.07917114347219467,0.08480454236268997,1.6125603914260864
1500,mha,moe,456,5,12,0.08815795928239822,0.08610212057828903,1.6125603914260864
1500,mha,moe,456,5,13,0.06906860321760178,0.05613858997821808,1.6125603914260864
1500,mha,moe,456,5,14,0.052006836980581284,0.06015028804540634,1.6125603914260864
1500,mha,moe,456,5,15,0.03814331069588661,0.049995869398117065,1.6125603914260864
2000,mha,moe,456,1,0,0.08784301578998566,0.06649274379014969,2.489881992340088
2000,mha,moe,456,1,1,0.04766235500574112,0.06023222580552101,2.489881992340088
2000,mha,moe,456,1,2,0.03369750827550888,0.060635942965745926,2.489881992340088
2000,mha,moe,456,1,3,0.03203491121530533,0.05768624693155289,2.489881992340088
2000,mha,moe,456,1,4,0.09076415747404099,0.06559064984321594,2.489881992340088
2000,mha,moe,456,1,5,0.09145873785018921,0.06688128411769867,2.489881992340088
2000,mha,moe,456,1,6,0.07496948540210724,0.06393174827098846,2.489881992340088
2000,mha,moe,456,1,7,0.04060180485248566,0.05825556442141533,2.489881992340088
2000,mha,moe,456,1,8,0.05006591975688934,0.05851367115974426,2.489881992340088
2000,mha,moe,456,1,9,0.05769287049770355,0.0641266480088234,2.489881992340088
2000,mha,moe,456,1,10,0.09873779118061066,0.07079973071813583,2.489881992340088
2000,mha,moe,456,1,11,0.07813232392072678,0.06780406832695007,2.489881992340088
2000,mha,moe,456,1,12,0.040302734822034836,0.05013453960418701,2.489881992340088
2000,mha,moe,456,1,13,0.07042602449655533,0.0766543373465538,2.489881992340088
2000,mha,moe,456,1,14,0.038697510957717896,0.05911150947213173,2.489881992340088
2000,mha,moe,456,1,15,0.06691284477710724,0.05314911901950836,2.489881992340088
2000,mha,moe,456,2,0,0.058800049126148224,0.05812397971749306,1.8217360973358154
2000,mha,moe,456,2,1,0.03614746034145355,0.04674640670418739,1.8217360973358154
2000,mha,moe,456,2,2,0.0841357409954071,0.0839693546295166,1.8217360973358154
2000,mha,moe,456,2,3,0.05993042141199112,0.04986919090151787,1.8217360973358154
2000,mha,moe,456,2,4,0.05277710035443306,0.060012172907590866,1.8217360973358154
2000,mha,moe,456,2,5,0.07783569395542145,0.0716196671128273,1.8217360973358154
2000,mha,moe,456,2,6,0.05657104402780533,0.05549784004688263,1.8217360973358154
2000,mha,moe,456,2,7,0.08763061463832855,0.07573585957288742,1.8217360973358154
2000,mha,moe,456,2,8,0.06786376982927322,0.07815411686897278,1.8217360973358154
2000,mha,moe,456,2,9,0.040135499089956284,0.04526714235544205,1.8217360973358154
2000,mha,moe,456,2,10,0.04842285066843033,0.045227114111185074,1.8217360973358154
2000,mha,moe,456,2,11,0.06522583216428757,0.06859307736158371,1.8217360973358154
2000,mha,moe,456,2,12,0.0731518566608429,0.0707058310508728,1.8217360973358154
2000,mha,moe,456,2,13,0.06517700105905533,0.06026919186115265,1.8217360973358154
2000,mha,moe,456,2,14,0.06635376065969467,0.06769847124814987,1.8217360973358154
2000,mha,moe,456,2,15,0.05984130874276161,0.06251057982444763,1.8217360973358154
2000,mha,moe,456,3,0,0.06165405362844467,0.07683117687702179,1.4295016527175903
2000,mha,moe,456,3,1,0.0760498046875,0.07624242454767227,1.4295016527175903
2000,mha,moe,456,3,2,0.05283569172024727,0.05819482356309891,1.4295016527175903
2000,mha,moe,456,3,3,0.09021362662315369,0.08738706260919571,1.4295016527175903
2000,mha,moe,456,3,4,0.08388061821460724,0.07798002660274506,1.4295016527175903
2000,mha,moe,456,3,5,0.03399902209639549,0.03879990428686142,1.4295016527175903
2000,mha,moe,456,3,6,0.06475830078125,0.0567222535610199,1.4295016527175903
2000,mha,moe,456,3,7,0.041893310844898224,0.03894571214914322,1.4295016527175903
2000,mha,moe,456,3,8,0.07031494379043579,0.05463986471295357,1.4295016527175903
2000,mha,moe,456,3,9,0.090972900390625,0.07696859538555145,1.4295016527175903
2000,mha,moe,456,3,10,0.061585694551467896,0.060865435749292374,1.4295016527175903
2000,mha,moe,456,3,11,0.04813476651906967,0.05471023917198181,1.4295016527175903
2000,mha,moe,456,3,12,0.046693116426467896,0.03853307664394379,1.4295016527175903
2000,mha,moe,456,3,13,0.06536377221345901,0.0755203515291214,1.4295016527175903
2000,mha,moe,456,3,14,0.061091307550668716,0.07852408289909363,1.4295016527175903
2000,mha,moe,456,3,15,0.05055908113718033,0.04913495481014252,1.4295016527175903
2000,mha,moe,456,4,0,0.07594604790210724,0.07795241475105286,1.3575042486190796
2000,mha,moe,456,4,1,0.026614990085363388,0.030883343890309334,1.3575042486190796
2000,mha,moe,456,4,2,0.05876342952251434,0.06716454774141312,1.3575042486190796
2000,mha,moe,456,4,3,0.04969848692417145,0.04200087860226631,1.3575042486190796
2000,mha,moe,456,4,4,0.10967285186052322,0.09742750227451324,1.3575042486190796
2000,mha,moe,456,4,5,0.0762036144733429,0.0740867629647255,1.3575042486190796
2000,mha,moe,456,4,6,0.06239013746380806,0.06238831579685211,1.3575042486190796
2000,mha,moe,456,4,7,0.07984985411167145,0.07141914963722229,1.3575042486190796
2000,mha,moe,456,4,8,0.05249878019094467,0.05871571600437164,1.3575042486190796
2000,mha,moe,456,4,9,0.09226806461811066,0.08082672953605652,1.3575042486190796
2000,mha,moe,456,4,10,0.05074096843600273,0.053844962269067764,1.3575042486190796
2000,mha,moe,456,4,11,0.06150756776332855,0.055658970028162,1.3575042486190796
2000,mha,moe,456,4,12,0.039252929389476776,0.04134124889969826,1.3575042486190796
2000,mha,moe,456,4,13,0.046477049589157104,0.06523677706718445,1.3575042486190796
2000,mha,moe,456,4,14,0.09712768346071243,0.09080043435096741,1.3575042486190796
2000,mha,moe,456,4,15,0.02098754793405533,0.030252236872911453,1.3575042486190796
2000,mha,moe,456,5,0,0.06561279296875,0.06319782137870789,1.5436396598815918
2000,mha,moe,456,5,1,0.09396606683731079,0.11889753490686417,1.5436396598815918
2000,mha,moe,456,5,2,0.06374511867761612,0.050139084458351135,1.5436396598815918
2000,mha,moe,456,5,3,0.06248657405376434,0.05461679771542549,1.5436396598815918
2000,mha,moe,456,5,4,0.03741088882088661,0.03677986189723015,1.5436396598815918
2000,mha,moe,456,5,5,0.023355713114142418,0.03321534022688866,1.5436396598815918
2000,mha,moe,456,5,6,0.07341308891773224,0.08277907222509384,1.5436396598815918
2000,mha,moe,456,5,7,0.09084716439247131,0.074989914894104,1.5436396598815918
2000,mha,moe,456,5,8,0.07455810904502869,0.06932446360588074,1.5436396598815918
2000,mha,moe,456,5,9,0.04473266750574112,0.043953537940979004,1.5436396598815918
2000,mha,moe,456,5,10,0.06083618104457855,0.047538772225379944,1.5436396598815918
2000,mha,moe,456,5,11,0.08337890356779099,0.08974608778953552,1.5436396598815918
2000,mha,moe,456,5,12,0.07598388940095901,0.07281139492988586,1.5436396598815918
2000,mha,moe,456,5,13,0.05527954176068306,0.045337434858083725,1.5436396598815918
2000,mha,moe,456,5,14,0.05844970792531967,0.06648325175046921,1.5436396598815918
2000,mha,moe,456,5,15,0.03594360500574112,0.05018968507647514,1.5436396598815918
2500,mha,moe,456,1,0,0.09433593600988388,0.06580521166324615,2.5454769134521484
2500,mha,moe,456,1,1,0.05072631686925888,0.061298299580812454,2.5454769134521484
2500,mha,moe,456,1,2,0.03625122085213661,0.061169978231191635,2.5454769134521484
2500,mha,moe,456,1,3,0.04659057781100273,0.06271597743034363,2.5454769134521484
2500,mha,moe,456,1,4,0.06636108458042145,0.05837618187069893,2.5454769134521484
2500,mha,moe,456,1,5,0.06336669623851776,0.06501101702451706,2.5454769134521484
2500,mha,moe,456,1,6,0.05927978456020355,0.061327576637268066,2.5454769134521484
2500,mha,moe,456,1,7,0.04824462905526161,0.06378558278083801,2.5454769134521484
2500,mha,moe,456,1,8,0.058173827826976776,0.05940917506814003,2.5454769134521484
2500,mha,moe,456,1,9,0.07821288704872131,0.06673948466777802,2.5454769134521484
2500,mha,moe,456,1,10,0.06517944484949112,0.05943645164370537,2.5454769134521484
2500,mha,moe,456,1,11,0.04545043781399727,0.06324449181556702,2.5454769134521484
2500,mha,moe,456,1,12,0.05801635608077049,0.05607592687010765,2.5454769134521484
2500,mha,moe,456,1,13,0.06508789211511612,0.07521232217550278,2.5454769134521484
2500,mha,moe,456,1,14,0.08875854313373566,0.06725768744945526,2.5454769134521484
2500,mha,moe,456,1,15,0.07596435397863388,0.05313461646437645,2.5454769134521484
2500,mha,moe,456,2,0,0.05105834826827049,0.05437413230538368,1.8100162744522095
2500,mha,moe,456,2,1,0.038056641817092896,0.04560098797082901,1.8100162744522095
2500,mha,moe,456,2,2,0.0875866711139679,0.08657577633857727,1.8100162744522095
2500,mha,moe,456,2,3,0.039832763373851776,0.041400495916604996,1.8100162744522095
2500,mha,moe,456,2,4,0.051793213933706284,0.05944189429283142,1.8100162744522095
2500,mha,moe,456,2,5,0.080291748046875,0.07285147905349731,1.8100162744522095
2500,mha,moe,456,2,6,0.052436523139476776,0.05122387409210205,1.8100162744522095
2500,mha,moe,456,2,7,0.08782958984375,0.07633307576179504,1.8100162744522095
2500,mha,moe,456,2,8,0.07280761748552322,0.08326631784439087,1.8100162744522095
2500,mha,moe,456,2,9,0.03626830875873566,0.041599977761507034,1.8100162744522095
2500,mha,moe,456,2,10,0.05339233577251434,0.045886263251304626,1.8100162744522095
2500,mha,moe,456,2,11,0.07233886420726776,0.07226449251174927,1.8100162744522095
2500,mha,moe,456,2,12,0.0847790539264679,0.07872191071510315,1.8100162744522095
2500,mha,moe,456,2,13,0.07313598692417145,0.06427303701639175,1.8100162744522095
2500,mha,moe,456,2,14,0.06391357630491257,0.06631822884082794,1.8100162744522095
2500,mha,moe,456,2,15,0.054478760808706284,0.05986809358000755,1.8100162744522095
2500,mha,moe,456,3,0,0.06527221947908401,0.07728836685419083,1.4544764757156372
2500,mha,moe,456,3,1,0.06751342862844467,0.06583797931671143,1.4544764757156372
2500,mha,moe,456,3,2,0.05316162109375,0.05798831954598427,1.4544764757156372
2500,mha,moe,456,3,3,0.08642578125,0.08517322689294815,1.4544764757156372
2500,mha,moe,456,3,4,0.08040771633386612,0.07408121228218079,1.4544764757156372
2500,mha,moe,456,3,5,0.034160155802965164,0.0396973118185997,1.4544764757156372
2500,mha,moe,456,3,6,0.057731933891773224,0.049873385578393936,1.4544764757156372
2500,mha,moe,456,3,7,0.05501342937350273,0.04597568139433861,1.4544764757156372
2500,mha,moe,456,3,8,0.06862793117761612,0.05498867109417915,1.4544764757156372
2500,mha,moe,456,3,9,0.09614868462085724,0.0867498517036438,1.4544764757156372
2500,mha,moe,456,3,10,0.07354736328125,0.07099667936563492,1.4544764757156372
2500,mha,moe,456,3,11,0.05072997882962227,0.05476808547973633,1.4544764757156372
2500,mha,moe,456,3,12,0.041240233927965164,0.03800543397665024,1.4544764757156372
2500,mha,moe,456,3,13,0.06268066167831421,0.07332535833120346,1.4544764757156372
2500,mha,moe,456,3,14,0.057220458984375,0.07426894456148148,1.4544764757156372
2500,mha,moe,456,3,15,0.05011840909719467,0.050981465727090836,1.4544764757156372
2500,mha,moe,456,4,0,0.07248901575803757,0.07486352324485779,1.305037260055542
2500,mha,moe,456,4,1,0.02193359285593033,0.02720331959426403,1.305037260055542
2500,mha,moe,456,4,2,0.06043335050344467,0.07108975946903229,1.305037260055542
2500,mha,moe,456,4,3,0.053223878145217896,0.04715955629944801,1.305037260055542
2500,mha,moe,456,4,4,0.12044433504343033,0.11236129701137543,1.305037260055542
2500,mha,moe,456,4,5,0.0693652331829071,0.06667990982532501,1.305037260055542
2500,mha,moe,456,4,6,0.05915283039212227,0.057368308305740356,1.305037260055542
2500,mha,moe,456,4,7,0.07263793796300888,0.06371249258518219,1.305037260055542
2500,mha,moe,456,4,8,0.04839721694588661,0.05378389358520508,1.305037260055542
2500,mha,moe,456,4,9,0.09651977568864822,0.0845058336853981,1.305037260055542
2500,mha,moe,456,4,10,0.05095214769244194,0.05273337662220001,1.305037260055542
2500,mha,moe,456,4,11,0.05910278484225273,0.05521473288536072,1.305037260055542
2500,mha,moe,456,4,12,0.03697387874126434,0.03855771943926811,1.305037260055542
2500,mha,moe,456,4,13,0.04461303725838661,0.06279388070106506,1.305037260055542
2500,mha,moe,456,4,14,0.112091064453125,0.10383114218711853,1.305037260055542
2500,mha,moe,456,4,15,0.021669922396540642,0.028141271322965622,1.305037260055542
2500,mha,moe,456,5,0,0.06522338837385178,0.06494610011577606,1.531052827835083
2500,mha,moe,456,5,1,0.08773193508386612,0.10915060341358185,1.531052827835083
2500,mha,moe,456,5,2,0.051795653998851776,0.042003240436315536,1.531052827835083
2500,mha,moe,456,5,3,0.06062133610248566,0.05531270056962967,1.531052827835083
2500,mha,moe,456,5,4,0.04018310457468033,0.03993794322013855,1.531052827835083
2500,mha,moe,456,5,5,0.023746337741613388,0.03519822284579277,1.531052827835083
2500,mha,moe,456,5,6,0.07560546696186066,0.08243685960769653,1.531052827835083
2500,mha,moe,456,5,7,0.09225951880216599,0.07582393288612366,1.531052827835083
2500,mha,moe,456,5,8,0.07393432408571243,0.06852385401725769,1.531052827835083
2500,mha,moe,456,5,9,0.04194702208042145,0.04328848421573639,1.531052827835083
2500,mha,moe,456,5,10,0.07364868372678757,0.05631376430392265,1.531052827835083
2500,mha,moe,456,5,11,0.08330322057008743,0.0885227769613266,1.531052827835083
2500,mha,moe,456,5,12,0.07520385831594467,0.07222388684749603,1.531052827835083
2500,mha,moe,456,5,13,0.055449217557907104,0.046567946672439575,1.531052827835083
2500,mha,moe,456,5,14,0.060008544474840164,0.0679640918970108,1.531052827835083
2500,mha,moe,456,5,15,0.039338380098342896,0.051785584539175034,1.531052827835083
3000,mha,moe,456,1,0,0.08050049096345901,0.057051774114370346,2.563389301300049
3000,mha,moe,456,1,1,0.07017578184604645,0.06458057463169098,2.563389301300049
3000,mha,moe,456,1,2,0.026729736477136612,0.059393901377916336,2.563389301300049
3000,mha,moe,456,1,3,0.03876708820462227,0.06167261302471161,2.563389301300049
3000,mha,moe,456,1,4,0.05408935621380806,0.05849050357937813,2.563389301300049
3000,mha,moe,456,1,5,0.06656738370656967,0.0664069652557373,2.563389301300049
3000,mha,moe,456,1,6,0.05823730304837227,0.06414971500635147,2.563389301300049
3000,mha,moe,456,1,7,0.025364989414811134,0.060088254511356354,2.563389301300049
3000,mha,moe,456,1,8,0.05949585139751434,0.06074764207005501,2.563389301300049
3000,mha,moe,456,1,9,0.08186157047748566,0.06914226710796356,2.563389301300049
3000,mha,moe,456,1,10,0.06709595024585724,0.058195605874061584,2.563389301300049
3000,mha,moe,456,1,11,0.0799853503704071,0.06779810786247253,2.563389301300049
3000,mha,moe,456,1,12,0.06801757961511612,0.06033482030034065,2.563389301300049
3000,mha,moe,456,1,13,0.09667480736970901,0.08113057166337967,2.563389301300049
3000,mha,moe,456,1,14,0.05868774279952049,0.06348799169063568,2.563389301300049
3000,mha,moe,456,1,15,0.0677490234375,0.04732866212725639,2.563389301300049
3000,mha,moe,456,2,0,0.05760009586811066,0.059366073459386826,1.7725099325180054
3000,mha,moe,456,2,1,0.034190673381090164,0.04243648424744606,1.7725099325180054
3000,mha,moe,456,2,2,0.07947387546300888,0.08045684546232224,1.7725099325180054
3000,mha,moe,456,2,3,0.03695312514901161,0.03912223502993584,1.7725099325180054
3000,mha,moe,456,2,4,0.049445800483226776,0.057919226586818695,1.7725099325180054
3000,mha,moe,456,2,5,0.08281616121530533,0.07280515879392624,1.7725099325180054
3000,mha,moe,456,2,6,0.060920409858226776,0.057350460439920425,1.7725099325180054
3000,mha,moe,456,2,7,0.08298217505216599,0.07177130877971649,1.7725099325180054
3000,mha,moe,456,2,8,0.06927490234375,0.0817498043179512,1.7725099325180054
3000,mha,moe,456,2,9,0.038166504353284836,0.04364816099405289,1.7725099325180054
3000,mha,moe,456,2,10,0.0630505383014679,0.05104328691959381,1.7725099325180054
3000,mha,moe,456,2,11,0.07569458335638046,0.077457495033741,1.7725099325180054
3000,mha,moe,456,2,12,0.08079834282398224,0.07773534953594208,1.7725099325180054
3000,mha,moe,456,2,13,0.07169555872678757,0.06403617560863495,1.7725099325180054
3000,mha,moe,456,2,14,0.05640014633536339,0.058310505002737045,1.7725099325180054
3000,mha,moe,456,2,15,0.06053711101412773,0.06479144841432571,1.7725099325180054
3000,mha,moe,456,3,0,0.06429565697908401,0.08028915524482727,1.4255707263946533
3000,mha,moe,456,3,1,0.06871459633111954,0.071042001247406,1.4255707263946533
3000,mha,moe,456,3,2,0.05064086988568306,0.05658340081572533,1.4255707263946533
3000,mha,moe,456,3,3,0.08344238251447678,0.08236131072044373,1.4255707263946533
3000,mha,moe,456,3,4,0.08609985560178757,0.07894080132246017,1.4255707263946533
3000,mha,moe,456,3,5,0.035899657756090164,0.04157373309135437,1.4255707263946533
3000,mha,moe,456,3,6,0.0627148449420929,0.0525541678071022,1.4255707263946533
3000,mha,moe,456,3,7,0.04812255874276161,0.04306718707084656,1.4255707263946533
3000,mha,moe,456,3,8,0.05906616151332855,0.048479318618774414,1.4255707263946533
3000,mha,moe,456,3,9,0.09595336765050888,0.08249840140342712,1.4255707263946533
3000,mha,moe,456,3,10,0.06745605170726776,0.06497018039226532,1.4255707263946533
3000,mha,moe,456,3,11,0.05995727702975273,0.06285041570663452,1.4255707263946533
3000,mha,moe,456,3,12,0.04181274399161339,0.039937328547239304,1.4255707263946533
3000,mha,moe,456,3,13,0.05900024250149727,0.06332841515541077,1.4255707263946533
3000,mha,moe,456,3,14,0.06007568538188934,0.0770483911037445,1.4255707263946533
3000,mha,moe,456,3,15,0.05674804747104645,0.054475799202919006,1.4255707263946533
3000,mha,moe,456,4,0,0.06172119081020355,0.06724461913108826,1.2807327508926392
3000,mha,moe,456,4,1,0.02429809607565403,0.028635172173380852,1.2807327508926392
3000,mha,moe,456,4,2,0.06060791015625,0.07107626646757126,1.2807327508926392
3000,mha,moe,456,4,3,0.047028809785842896,0.04454571381211281,1.2807327508926392
3000,mha,moe,456,4,4,0.11713134497404099,0.10092058777809143,1.2807327508926392
3000,mha,moe,456,4,5,0.07683959603309631,0.07364551723003387,1.2807327508926392
3000,mha,moe,456,4,6,0.06428222358226776,0.06470561772584915,1.2807327508926392
3000,mha,moe,456,4,7,0.07793212682008743,0.06986290216445923,1.2807327508926392
3000,mha,moe,456,4,8,0.055156249552965164,0.058539487421512604,1.2807327508926392
3000,mha,moe,456,4,9,0.08282226324081421,0.0728042721748352,1.2807327508926392
3000,mha,moe,456,4,10,0.055109862238168716,0.05752672627568245,1.2807327508926392
3000,mha,moe,456,4,11,0.06596191227436066,0.06256204843521118,1.2807327508926392
3000,mha,moe,456,4,12,0.041473388671875,0.04212995618581772,1.2807327508926392
3000,mha,moe,456,4,13,0.03999633714556694,0.05914795398712158,1.2807327508926392
3000,mha,moe,456,4,14,0.10772338509559631,0.09865561127662659,1.2807327508926392
3000,mha,moe,456,4,15,0.021915283054113388,0.027997570112347603,1.2807327508926392
3000,mha,moe,456,5,0,0.0683605968952179,0.06861872225999832,1.493075966835022
3000,mha,moe,456,5,1,0.08786498755216599,0.10982589423656464,1.493075966835022
3000,mha,moe,456,5,2,0.06174072250723839,0.049277644604444504,1.493075966835022
3000,mha,moe,456,5,3,0.05652099475264549,0.053030434995889664,1.493075966835022
3000,mha,moe,456,5,4,0.034910887479782104,0.03478606045246124,1.493075966835022
3000,mha,moe,456,5,5,0.021477051079273224,0.034289464354515076,1.493075966835022
3000,mha,moe,456,5,6,0.07048705965280533,0.07742432504892349,1.493075966835022
3000,mha,moe,456,5,7,0.08618408441543579,0.0719100832939148,1.493075966835022
3000,mha,moe,456,5,8,0.07579956203699112,0.0729123055934906,1.493075966835022
3000,mha,moe,456,5,9,0.04861694201827049,0.047029364854097366,1.493075966835022
3000,mha,moe,456,5,10,0.07084106653928757,0.05486322566866875,1.493075966835022
3000,mha,moe,456,5,11,0.08649780601263046,0.09040317684412003,1.493075966835022
3000,mha,moe,456,5,12,0.07590331882238388,0.07295381277799606,1.493075966835022
3000,mha,moe,456,5,13,0.060234375298023224,0.04842190816998482,1.493075966835022
3000,mha,moe,456,5,14,0.05750121921300888,0.06396865844726562,1.493075966835022
3000,mha,moe,456,5,15,0.037059325724840164,0.05028490722179413,1.493075966835022
3500,mha,moe,456,1,0,0.07550415396690369,0.05471212416887283,2.5676331520080566
3500,mha,moe,456,1,1,0.03902954235672951,0.05932293459773064,2.5676331520080566
3500,mha,moe,456,1,2,0.03574950993061066,0.06272795051336288,2.5676331520080566
3500,mha,moe,456,1,3,0.046741943806409836,0.06345000863075256,2.5676331520080566
3500,mha,moe,456,1,4,0.058507081121206284,0.05807022750377655,2.5676331520080566
3500,mha,moe,456,1,5,0.05781860277056694,0.06509387493133545,2.5676331520080566
3500,mha,moe,456,1,6,0.06460326910018921,0.06440343707799911,2.5676331520080566
3500,mha,moe,456,1,7,0.05370117351412773,0.06465687602758408,2.5676331520080566
3500,mha,moe,456,1,8,0.07677002251148224,0.0638321042060852,2.5676331520080566
3500,mha,moe,456,1,9,0.06569946557283401,0.06505022197961807,2.5676331520080566
3500,mha,moe,456,1,10,0.09262695163488388,0.06224338710308075,2.5676331520080566
3500,mha,moe,456,1,11,0.06425537168979645,0.06418809294700623,2.5676331520080566
3500,mha,moe,456,1,12,0.06914184242486954,0.05847140774130821,2.5676331520080566
3500,mha,moe,456,1,13,0.07088623195886612,0.08030471205711365,2.5676331520080566
3500,mha,moe,456,1,14,0.06208617985248566,0.06347282230854034,2.5676331520080566
3500,mha,moe,456,1,15,0.06687866151332855,0.049999844282865524,2.5676331520080566
3500,mha,moe,456,2,0,0.05504028499126434,0.060015469789505005,1.7500834465026855
3500,mha,moe,456,2,1,0.029721679165959358,0.04016762599349022,1.7500834465026855
3500,mha,moe,456,2,2,0.08036498725414276,0.08147942274808884,1.7500834465026855
3500,mha,moe,456,2,3,0.04662231355905533,0.04354989901185036,1.7500834465026855
3500,mha,moe,456,2,4,0.053314208984375,0.059820085763931274,1.7500834465026855
3500,mha,moe,456,2,5,0.08971557766199112,0.08192429691553116,1.7500834465026855
3500,mha,moe,456,2,6,0.04847534000873566,0.04905426502227783,1.7500834465026855
3500,mha,moe,456,2,7,0.08124389499425888,0.06937146931886673,1.7500834465026855
3500,mha,moe,456,2,8,0.07845459133386612,0.08707396686077118,1.7500834465026855
3500,mha,moe,456,2,9,0.047545164823532104,0.049571212381124496,1.7500834465026855
3500,mha,moe,456,2,10,0.05548950284719467,0.0464249849319458,1.7500834465026855
3500,mha,moe,456,2,11,0.07661499083042145,0.07629281282424927,1.7500834465026855
3500,mha,moe,456,2,12,0.07746826112270355,0.07373669743537903,1.7500834465026855
3500,mha,moe,456,2,13,0.06583618372678757,0.059432096779346466,1.7500834465026855
3500,mha,moe,456,2,14,0.059539794921875,0.06059698760509491,1.7500834465026855
3500,mha,moe,456,2,15,0.05455322191119194,0.061488717794418335,1.7500834465026855
3500,mha,moe,456,3,0,0.06270874291658401,0.07829736918210983,1.4142086505889893
3500,mha,moe,456,3,1,0.07342773675918579,0.07250727713108063,1.4142086505889893
3500,mha,moe,456,3,2,0.054993897676467896,0.05958922207355499,1.4142086505889893
3500,mha,moe,456,3,3,0.08817505091428757,0.0872613936662674,1.4142086505889893
3500,mha,moe,456,3,4,0.08028808236122131,0.07469134777784348,1.4142086505889893
3500,mha,moe,456,3,5,0.036768797785043716,0.040929824113845825,1.4142086505889893
3500,mha,moe,456,3,6,0.06297851353883743,0.05472432076931,1.4142086505889893
3500,mha,moe,456,3,7,0.05013061687350273,0.043707266449928284,1.4142086505889893
3500,mha,moe,456,3,8,0.06538452208042145,0.05216169357299805,1.4142086505889893
3500,mha,moe,456,3,9,0.09674316644668579,0.08356252312660217,1.4142086505889893
3500,mha,moe,456,3,10,0.06950927525758743,0.06738855689764023,1.4142086505889893
3500,mha,moe,456,3,11,0.057042237371206284,0.06096344441175461,1.4142086505889893
3500,mha,moe,456,3,12,0.03835204988718033,0.03806173801422119,1.4142086505889893
3500,mha,moe,456,3,13,0.05836303532123566,0.06098112091422081,1.4142086505889893
3500,mha,moe,456,3,14,0.056676026433706284,0.0752653107047081,1.4142086505889893
3500,mha,moe,456,3,15,0.04845825210213661,0.04990759864449501,1.4142086505889893
3500,mha,moe,456,4,0,0.06572143733501434,0.07208922505378723,1.2881042957305908
3500,mha,moe,456,4,1,0.025914305821061134,0.02959761582314968,1.2881042957305908
3500,mha,moe,456,4,2,0.06208617985248566,0.07363399118185043,1.2881042957305908
3500,mha,moe,456,4,3,0.04629272595047951,0.04436273127794266,1.2881042957305908
3500,mha,moe,456,4,4,0.11697997897863388,0.09823977202177048,1.2881042957305908
3500,mha,moe,456,4,5,0.07168945670127869,0.0716012716293335,1.2881042957305908
3500,mha,moe,456,4,6,0.06050170958042145,0.061649493873119354,1.2881042957305908
3500,mha,moe,456,4,7,0.08576782047748566,0.07696325331926346,1.2881042957305908
3500,mha,moe,456,4,8,0.05734008923172951,0.0605335459113121,1.2881042957305908
3500,mha,moe,456,4,9,0.08202636986970901,0.07074509561061859,1.2881042957305908
3500,mha,moe,456,4,10,0.05132812634110451,0.053025245666503906,1.2881042957305908
3500,mha,moe,456,4,11,0.06445068120956421,0.0608888678252697,1.2881042957305908
3500,mha,moe,456,4,12,0.042369384318590164,0.043600477278232574,1.2881042957305908
3500,mha,moe,456,4,13,0.04034790024161339,0.05890880897641182,1.2881042957305908
3500,mha,moe,456,4,14,0.10950439423322678,0.09936627745628357,1.2881042957305908
3500,mha,moe,456,4,15,0.017679443582892418,0.024794364348053932,1.2881042957305908
3500,mha,moe,456,5,0,0.06595947593450546,0.06632291525602341,1.493370771408081
3500,mha,moe,456,5,1,0.09320678561925888,0.11352857947349548,1.493370771408081
3500,mha,moe,456,5,2,0.05653930827975273,0.04588289186358452,1.493370771408081
3500,mha,moe,456,5,3,0.06567627191543579,0.06250181794166565,1.493370771408081
3500,mha,moe,456,5,4,0.03642456233501434,0.036700453609228134,1.493370771408081
3500,mha,moe,456,5,5,0.023807372897863388,0.03585755452513695,1.493370771408081
3500,mha,moe,456,5,6,0.07240356504917145,0.07841891795396805,1.493370771408081
3500,mha,moe,456,5,7,0.09050171077251434,0.07251140475273132,1.493370771408081
3500,mha,moe,456,5,8,0.07288330048322678,0.07014332711696625,1.493370771408081
3500,mha,moe,456,5,9,0.04488769546151161,0.04459328576922417,1.493370771408081
3500,mha,moe,456,5,10,0.07135254144668579,0.056379713118076324,1.493370771408081
3500,mha,moe,456,5,11,0.08321776986122131,0.08705533295869827,1.493370771408081
3500,mha,moe,456,5,12,0.07295653969049454,0.06897487491369247,1.493370771408081
3500,mha,moe,456,5,13,0.05403442308306694,0.04461554065346718,1.493370771408081
3500,mha,moe,456,5,14,0.05744384601712227,0.06503487378358841,1.493370771408081
3500,mha,moe,456,5,15,0.03870483487844467,0.051478493958711624,1.493370771408081
4000,mha,moe,456,1,0,0.06739135831594467,0.050970807671546936,2.549800157546997
4000,mha,moe,456,1,1,0.05453735217452049,0.061619143933057785,2.549800157546997
4000,mha,moe,456,1,2,0.03564086928963661,0.05993054807186127,2.549800157546997
4000,mha,moe,456,1,3,0.049293212592601776,0.06207172945141792,2.549800157546997
4000,mha,moe,456,1,4,0.06250488013029099,0.06018628180027008,2.549800157546997
4000,mha,moe,456,1,5,0.04902099445462227,0.06625049561262131,2.549800157546997
4000,mha,moe,456,1,6,0.06614990532398224,0.06488627195358276,2.549800157546997
4000,mha,moe,456,1,7,0.04957031086087227,0.060888227075338364,2.549800157546997
4000,mha,moe,456,1,8,0.07879638671875,0.06510013341903687,2.549800157546997
4000,mha,moe,456,1,9,0.07581786811351776,0.06673295795917511,2.549800157546997
4000,mha,moe,456,1,10,0.06927734613418579,0.061184998601675034,2.549800157546997
4000,mha,moe,456,1,11,0.050664063543081284,0.06250074505805969,2.549800157546997
4000,mha,moe,456,1,12,0.07238037139177322,0.059476833790540695,2.549800157546997
4000,mha,moe,456,1,13,0.10458618402481079,0.08647112548351288,2.549800157546997
4000,mha,moe,456,1,14,0.04240356385707855,0.059729766100645065,2.549800157546997
4000,mha,moe,456,1,15,0.07196532934904099,0.05199996009469032,2.549800157546997
4000,mha,moe,456,2,0,0.052275389432907104,0.055426277220249176,1.6916944980621338
4000,mha,moe,456,2,1,0.027299804612994194,0.037984658032655716,1.6916944980621338
4000,mha,moe,456,2,2,0.0858471691608429,0.08780073374509811,1.6916944980621338
4000,mha,moe,456,2,3,0.05110107362270355,0.04208321124315262,1.6916944980621338
4000,mha,moe,456,2,4,0.05987792834639549,0.06463485211133957,1.6916944980621338
4000,mha,moe,456,2,5,0.0866711437702179,0.077762171626091,1.6916944980621338
4000,mha,moe,456,2,6,0.04709838703274727,0.0480441190302372,1.6916944980621338
4000,mha,moe,456,2,7,0.08146362006664276,0.06997285038232803,1.6916944980621338
4000,mha,moe,456,2,8,0.06893310695886612,0.07853564620018005,1.6916944980621338
4000,mha,moe,456,2,9,0.042530518025159836,0.046195726841688156,1.6916944980621338
4000,mha,moe,456,2,10,0.05985107272863388,0.049019280821084976,1.6916944980621338
4000,mha,moe,456,2,11,0.07911255210638046,0.08196339756250381,1.6916944980621338
4000,mha,moe,456,2,12,0.07211548089981079,0.07293567806482315,1.6916944980621338
4000,mha,moe,456,2,13,0.06632079929113388,0.05976115167140961,1.6916944980621338
4000,mha,moe,456,2,14,0.062440186738967896,0.06301355361938477,1.6916944980621338
4000,mha,moe,456,2,15,0.05706176906824112,0.06486665457487106,1.6916944980621338
4000,mha,moe,456,3,0,0.06429076939821243,0.0765802413225174,1.3993457555770874
4000,mha,moe,456,3,1,0.07766357064247131,0.0764082595705986,1.3993457555770874
4000,mha,moe,456,3,2,0.053620606660842896,0.058811865746974945,1.3993457555770874
4000,mha,moe,456,3,3,0.09123291075229645,0.08953145891427994,1.3993457555770874
4000,mha,moe,456,3,4,0.08356445282697678,0.07771775126457214,1.3993457555770874
4000,mha,moe,456,3,5,0.036945801228284836,0.040906667709350586,1.3993457555770874
4000,mha,moe,456,3,6,0.06223510578274727,0.05367554724216461,1.3993457555770874
4000,mha,moe,456,3,7,0.05235107243061066,0.045172110199928284,1.3993457555770874
4000,mha,moe,456,3,8,0.06659179925918579,0.05357138812541962,1.3993457555770874
4000,mha,moe,456,3,9,0.09176880121231079,0.07943181693553925,1.3993457555770874
4000,mha,moe,456,3,10,0.07083374261856079,0.06815194338560104,1.3993457555770874
4000,mha,moe,456,3,11,0.049896240234375,0.05752849206328392,1.3993457555770874
4000,mha,moe,456,3,12,0.03855590894818306,0.03883795440196991,1.3993457555770874
4000,mha,moe,456,3,13,0.058197021484375,0.06265056878328323,1.3993457555770874
4000,mha,moe,456,3,14,0.05500854551792145,0.07335858047008514,1.3993457555770874
4000,mha,moe,456,3,15,0.04724365100264549,0.047665342688560486,1.3993457555770874
4000,mha,moe,456,4,0,0.06254150718450546,0.07052209973335266,1.266093134880066
4000,mha,moe,456,4,1,0.02731933631002903,0.030891837552189827,1.266093134880066
4000,mha,moe,456,4,2,0.06229614093899727,0.07306454330682755,1.266093134880066
4000,mha,moe,456,4,3,0.04666747897863388,0.0451631024479866,1.266093134880066
4000,mha,moe,456,4,4,0.1231982409954071,0.10386413335800171,1.266093134880066
4000,mha,moe,456,4,5,0.07298217713832855,0.07377603650093079,1.266093134880066
4000,mha,moe,456,4,6,0.05452270433306694,0.05659162625670433,1.266093134880066
4000,mha,moe,456,4,7,0.08388183265924454,0.07333925366401672,1.266093134880066
4000,mha,moe,456,4,8,0.05180419981479645,0.05528465285897255,1.266093134880066
4000,mha,moe,456,4,9,0.07984863221645355,0.06991077214479446,1.266093134880066
4000,mha,moe,456,4,10,0.05228271335363388,0.05320087820291519,1.266093134880066
4000,mha,moe,456,4,11,0.06244751065969467,0.059728268533945084,1.266093134880066
4000,mha,moe,456,4,12,0.04523681476712227,0.04647295922040939,1.266093134880066
4000,mha,moe,456,4,13,0.041285399347543716,0.058601733297109604,1.266093134880066
4000,mha,moe,456,4,14,0.11250244081020355,0.10243235528469086,1.266093134880066
4000,mha,moe,456,4,15,0.021182861179113388,0.027155660092830658,1.266093134880066
4000,mha,moe,456,5,0,0.06847289949655533,0.0698983445763588,1.4825814962387085
4000,mha,moe,456,5,1,0.09623046964406967,0.11808159202337265,1.4825814962387085
4000,mha,moe,456,5,2,0.057902831584215164,0.046395137906074524,1.4825814962387085
4000,mha,moe,456,5,3,0.06310058385133743,0.060134269297122955,1.4825814962387085
4000,mha,moe,456,5,4,0.04160522297024727,0.041678305715322495,1.4825814962387085
4000,mha,moe,456,5,5,0.02218017540872097,0.03376556187868118,1.4825814962387085
4000,mha,moe,456,5,6,0.07111572474241257,0.07447237521409988,1.4825814962387085
4000,mha,moe,456,5,7,0.08575927466154099,0.06907352060079575,1.4825814962387085
4000,mha,moe,456,5,8,0.07569336146116257,0.07137221097946167,1.4825814962387085
4000,mha,moe,456,5,9,0.04009155184030533,0.038751889020204544,1.4825814962387085
4000,mha,moe,456,5,10,0.06789428740739822,0.053532663732767105,1.4825814962387085
4000,mha,moe,456,5,11,0.08601073920726776,0.0897161215543747,1.4825814962387085
4000,mha,moe,456,5,12,0.0705249011516571,0.06772756576538086,1.4825814962387085
4000,mha,moe,456,5,13,0.05503906309604645,0.04580216854810715,1.4825814962387085
4000,mha,moe,456,5,14,0.06075805798172951,0.06741272658109665,1.4825814962387085
4000,mha,moe,456,5,15,0.037620849907398224,0.05218556523323059,1.4825814962387085
4500,mha,moe,456,1,0,0.08122558891773224,0.05742540955543518,2.5409717559814453
4500,mha,moe,456,1,1,0.06065063551068306,0.06284042447805405,2.5409717559814453
4500,mha,moe,456,1,2,0.03295043855905533,0.059815969318151474,2.5409717559814453
4500,mha,moe,456,1,3,0.028706055134534836,0.06064777448773384,2.5409717559814453
4500,mha,moe,456,1,4,0.05014404281973839,0.057115983217954636,2.5409717559814453
4500,mha,moe,456,1,5,0.05113036930561066,0.06591230630874634,2.5409717559814453
4500,mha,moe,456,1,6,0.07633545249700546,0.06496702879667282,2.5409717559814453
4500,mha,moe,456,1,7,0.06327392905950546,0.06318089365959167,2.5409717559814453
4500,mha,moe,456,1,8,0.07438232749700546,0.06481350213289261,2.5409717559814453
4500,mha,moe,456,1,9,0.06424560397863388,0.06533419340848923,2.5409717559814453
4500,mha,moe,456,1,10,0.06438476592302322,0.061243120580911636,2.5409717559814453
4500,mha,moe,456,1,11,0.08230835199356079,0.06674447655677795,2.5409717559814453
4500,mha,moe,456,1,12,0.056816406548023224,0.05354102700948715,2.5409717559814453
4500,mha,moe,456,1,13,0.09121948480606079,0.08269578218460083,2.5409717559814453
4500,mha,moe,456,1,14,0.04349975660443306,0.059228911995887756,2.5409717559814453
4500,mha,moe,456,1,15,0.07872680574655533,0.05449317768216133,2.5409717559814453
4500,mha,moe,456,2,0,0.04940551891922951,0.05649007856845856,1.6999703645706177
4500,mha,moe,456,2,1,0.03385375812649727,0.0426783561706543,1.6999703645706177
4500,mha,moe,456,2,2,0.08060180395841599,0.0822237953543663,1.6999703645706177
4500,mha,moe,456,2,3,0.046234130859375,0.04076748341321945,1.6999703645706177
4500,mha,moe,456,2,4,0.05928710848093033,0.06547092646360397,1.6999703645706177
4500,mha,moe,456,2,5,0.08509277552366257,0.07611753791570663,1.6999703645706177
4500,mha,moe,456,2,6,0.047026365995407104,0.049130044877529144,1.6999703645706177
4500,mha,moe,456,2,7,0.07993163913488388,0.06945912539958954,1.6999703645706177
4500,mha,moe,456,2,8,0.07230713218450546,0.07990963757038116,1.6999703645706177
4500,mha,moe,456,2,9,0.05057983472943306,0.05070299655199051,1.6999703645706177
4500,mha,moe,456,2,10,0.058983154594898224,0.04867762699723244,1.6999703645706177
4500,mha,moe,456,2,11,0.06824340671300888,0.07341204583644867,1.6999703645706177
4500,mha,moe,456,2,12,0.07494506984949112,0.07356005907058716,1.6999703645706177
4500,mha,moe,456,2,13,0.07140868902206421,0.06488336622714996,1.6999703645706177
4500,mha,moe,456,2,14,0.06341186165809631,0.06409561634063721,1.6999703645706177
4500,mha,moe,456,2,15,0.05868774279952049,0.0624212920665741,1.6999703645706177
4500,mha,moe,456,3,0,0.06106323376297951,0.07406598329544067,1.3937727212905884
4500,mha,moe,456,3,1,0.07574462890625,0.07581870257854462,1.3937727212905884
4500,mha,moe,456,3,2,0.05195556581020355,0.05882503092288971,1.3937727212905884
4500,mha,moe,456,3,3,0.08480590581893921,0.0818575769662857,1.3937727212905884
4500,mha,moe,456,3,4,0.08265747129917145,0.07601934671401978,1.3937727212905884
4500,mha,moe,456,3,5,0.039000242948532104,0.042759280651807785,1.3937727212905884
4500,mha,moe,456,3,6,0.06325073540210724,0.05599958449602127,1.3937727212905884
4500,mha,moe,456,3,7,0.057097166776657104,0.048664502799510956,1.3937727212905884
4500,mha,moe,456,3,8,0.0664990246295929,0.054116323590278625,1.3937727212905884
4500,mha,moe,456,3,9,0.09200683236122131,0.07959509640932083,1.3937727212905884
4500,mha,moe,456,3,10,0.07116332650184631,0.06862404942512512,1.3937727212905884
4500,mha,moe,456,3,11,0.05060058459639549,0.05823442339897156,1.3937727212905884
4500,mha,moe,456,3,12,0.04285888746380806,0.04189763963222504,1.3937727212905884
4500,mha,moe,456,3,13,0.058055419474840164,0.05958880856633186,1.3937727212905884
4500,mha,moe,456,3,14,0.054069824516773224,0.07354530692100525,1.3937727212905884
4500,mha,moe,456,3,15,0.049171142280101776,0.05038836598396301,1.3937727212905884
4500,mha,moe,456,4,0,0.062132567167282104,0.06945554912090302,1.2782124280929565
4500,mha,moe,456,4,1,0.02857055701315403,0.03239191696047783,1.2782124280929565
4500,mha,moe,456,4,2,0.05833496153354645,0.06931358575820923,1.2782124280929565
4500,mha,moe,456,4,3,0.05216918885707855,0.0490066260099411,1.2782124280929565
4500,mha,moe,456,4,4,0.11365356296300888,0.09153353422880173,1.2782124280929565
4500,mha,moe,456,4,5,0.067840576171875,0.06815269589424133,1.2782124280929565
4500,mha,moe,456,4,6,0.056171875447034836,0.059833139181137085,1.2782124280929565
4500,mha,moe,456,4,7,0.08070800453424454,0.0743466392159462,1.2782124280929565
4500,mha,moe,456,4,8,0.05669189617037773,0.059805091470479965,1.2782124280929565
4500,mha,moe,456,4,9,0.08479614555835724,0.07503614574670792,1.2782124280929565
4500,mha,moe,456,4,10,0.05272216722369194,0.05487951636314392,1.2782124280929565
4500,mha,moe,456,4,11,0.061823729425668716,0.060059115290641785,1.2782124280929565
4500,mha,moe,456,4,12,0.045079346746206284,0.04654627665877342,1.2782124280929565
4500,mha,moe,456,4,13,0.04087158292531967,0.05879686400294304,1.2782124280929565
4500,mha,moe,456,4,14,0.11328735202550888,0.10159444063901901,1.2782124280929565
4500,mha,moe,456,4,15,0.025146484375,0.029248902574181557,1.2782124280929565
4500,mha,moe,456,5,0,0.06895752251148224,0.0694790855050087,1.4820348024368286
4500,mha,moe,456,5,1,0.09200683236122131,0.11053762584924698,1.4820348024368286
4500,mha,moe,456,5,2,0.05982787907123566,0.04909125342965126,1.4820348024368286
4500,mha,moe,456,5,3,0.06446532905101776,0.06240862235426903,1.4820348024368286
4500,mha,moe,456,5,4,0.04173583909869194,0.042465731501579285,1.4820348024368286
4500,mha,moe,456,5,5,0.02116088941693306,0.032890379428863525,1.4820348024368286
4500,mha,moe,456,5,6,0.07194457948207855,0.07269486784934998,1.4820348024368286
4500,mha,moe,456,5,7,0.08922851830720901,0.07308504730463028,1.4820348024368286
4500,mha,moe,456,5,8,0.06770751625299454,0.06507974863052368,1.4820348024368286
4500,mha,moe,456,5,9,0.043400879949331284,0.04431718960404396,1.4820348024368286
4500,mha,moe,456,5,10,0.07649657875299454,0.05999607592821121,1.4820348024368286
4500,mha,moe,456,5,11,0.07993041723966599,0.08129093050956726,1.4820348024368286
4500,mha,moe,456,5,12,0.06709106266498566,0.06462308764457703,1.4820348024368286
4500,mha,moe,456,5,13,0.05502685531973839,0.046663399785757065,1.4820348024368286
4500,mha,moe,456,5,14,0.06220458820462227,0.06916889548301697,1.4820348024368286
4500,mha,moe,456,5,15,0.03881469741463661,0.05620807036757469,1.4820348024368286
5000,mha,moe,456,1,0,0.08062744140625,0.05740310624241829,2.518611192703247
5000,mha,moe,456,1,1,0.061500243842601776,0.06288423389196396,2.518611192703247
5000,mha,moe,456,1,2,0.04767089709639549,0.061101946979761124,2.518611192703247
5000,mha,moe,456,1,3,0.05418212711811066,0.0622895322740078,2.518611192703247
5000,mha,moe,456,1,4,0.055531006306409836,0.05934850871562958,2.518611192703247
5000,mha,moe,456,1,5,0.056640625,0.06687670201063156,2.518611192703247
5000,mha,moe,456,1,6,0.068695068359375,0.06343495845794678,2.518611192703247
5000,mha,moe,456,1,7,0.033598631620407104,0.060647960752248764,2.518611192703247
5000,mha,moe,456,1,8,0.08107910305261612,0.06608212739229202,2.518611192703247
5000,mha,moe,456,1,9,0.07396606355905533,0.06608078628778458,2.518611192703247
5000,mha,moe,456,1,10,0.06478149443864822,0.06117267534136772,2.518611192703247
5000,mha,moe,456,1,11,0.05555908381938934,0.06325580179691315,2.518611192703247
5000,mha,moe,456,1,12,0.07477905601263046,0.05773691087961197,2.518611192703247
5000,mha,moe,456,1,13,0.0695202648639679,0.08132621645927429,2.518611192703247
5000,mha,moe,456,1,14,0.052723389118909836,0.06056614965200424,2.518611192703247
5000,mha,moe,456,1,15,0.06914550811052322,0.04979237914085388,2.518611192703247
5000,mha,moe,456,2,0,0.044855955988168716,0.052378155291080475,1.6744084358215332
5000,mha,moe,456,2,1,0.028554687276482582,0.03820459544658661,1.6744084358215332
5000,mha,moe,456,2,2,0.0734570324420929,0.0750671997666359,1.6744084358215332
5000,mha,moe,456,2,3,0.05851074308156967,0.04587557911872864,1.6744084358215332
5000,mha,moe,456,2,4,0.06116088852286339,0.06793469190597534,1.6744084358215332
5000,mha,moe,456,2,5,0.09139160066843033,0.08289476484060287,1.6744084358215332
5000,mha,moe,456,2,6,0.052824705839157104,0.05260419845581055,1.6744084358215332
5000,mha,moe,456,2,7,0.07805419713258743,0.06737330555915833,1.6744084358215332
5000,mha,moe,456,2,8,0.07502319663763046,0.08210780471563339,1.6744084358215332
5000,mha,moe,456,2,9,0.04357543960213661,0.04604453966021538,1.6744084358215332
5000,mha,moe,456,2,10,0.058879394084215164,0.04933861270546913,1.6744084358215332
5000,mha,moe,456,2,11,0.0718371570110321,0.0776425376534462,1.6744084358215332
5000,mha,moe,456,2,12,0.07599121332168579,0.07504788041114807,1.6744084358215332
5000,mha,moe,456,2,13,0.06854248046875,0.06211305782198906,1.6744084358215332
5000,mha,moe,456,2,14,0.05872802808880806,0.05971822887659073,1.6744084358215332
5000,mha,moe,456,2,15,0.058613281697034836,0.06565484404563904,1.6744084358215332
5000,mha,moe,456,3,0,0.06442016363143921,0.0773179680109024,1.3658462762832642
5000,mha,moe,456,3,1,0.07311034947633743,0.07405776530504227,1.3658462762832642
5000,mha,moe,456,3,2,0.05423217639327049,0.06358782202005386,1.3658462762832642
5000,mha,moe,456,3,3,0.08796142786741257,0.08491019904613495,1.3658462762832642
5000,mha,moe,456,3,4,0.08204589784145355,0.07465438544750214,1.3658462762832642
5000,mha,moe,456,3,5,0.036674804985523224,0.03991333395242691,1.3658462762832642
5000,mha,moe,456,3,6,0.06032958999276161,0.054047103971242905,1.3658462762832642
5000,mha,moe,456,3,7,0.054468993097543716,0.04666063189506531,1.3658462762832642
5000,mha,moe,456,3,8,0.060429688543081284,0.05027566850185394,1.3658462762832642
5000,mha,moe,456,3,9,0.09725585579872131,0.08348893374204636,1.3658462762832642
5000,mha,moe,456,3,10,0.07233520597219467,0.06888297200202942,1.3658462762832642
5000,mha,moe,456,3,11,0.05493530258536339,0.06007097661495209,1.3658462762832642
5000,mha,moe,456,3,12,0.04002197086811066,0.03949278965592384,1.3658462762832642
5000,mha,moe,456,3,13,0.05769287049770355,0.06141369044780731,1.3658462762832642
5000,mha,moe,456,3,14,0.05436767637729645,0.07118213176727295,1.3658462762832642
5000,mha,moe,456,3,15,0.049718018621206284,0.05004362016916275,1.3658462762832642
5000,mha,moe,456,4,0,0.057856444269418716,0.06651327013969421,1.2752290964126587
5000,mha,moe,456,4,1,0.027241211384534836,0.030588390305638313,1.2752290964126587
5000,mha,moe,456,4,2,0.061756592243909836,0.07306172698736191,1.2752290964126587
5000,mha,moe,456,4,3,0.042572021484375,0.041037946939468384,1.2752290964126587
5000,mha,moe,456,4,4,0.12001586705446243,0.09795083850622177,1.2752290964126587
5000,mha,moe,456,4,5,0.07390990853309631,0.07413581013679504,1.2752290964126587
5000,mha,moe,456,4,6,0.059412840753793716,0.061837855726480484,1.2752290964126587
5000,mha,moe,456,4,7,0.08267944306135178,0.07547266036272049,1.2752290964126587
5000,mha,moe,456,4,8,0.054688721895217896,0.057528093457221985,1.2752290964126587
5000,mha,moe,456,4,9,0.07923828065395355,0.06958901137113571,1.2752290964126587
5000,mha,moe,456,4,10,0.05553344637155533,0.057276979088783264,1.2752290964126587
5000,mha,moe,456,4,11,0.06292114406824112,0.06165261194109917,1.2752290964126587
5000,mha,moe,456,4,12,0.045521240681409836,0.04638175666332245,1.2752290964126587
5000,mha,moe,456,4,13,0.041145019233226776,0.058986905962228775,1.2752290964126587
5000,mha,moe,456,4,14,0.11310546845197678,0.10094656050205231,1.2752290964126587
5000,mha,moe,456,4,15,0.022402344271540642,0.027039622887969017,1.2752290964126587
5000,mha,moe,456,5,0,0.06845947355031967,0.07055886834859848,1.4893312454223633
5000,mha,moe,456,5,1,0.09239990264177322,0.11153849959373474,1.4893312454223633
5000,mha,moe,456,5,2,0.06309203803539276,0.05014714226126671,1.4893312454223633
5000,mha,moe,456,5,3,0.06206054612994194,0.06112121418118477,1.4893312454223633
5000,mha,moe,456,5,4,0.039215087890625,0.040332093834877014,1.4893312454223633
5000,mha,moe,456,5,5,0.02163085900247097,0.0329391211271286,1.4893312454223633
5000,mha,moe,456,5,6,0.07006591558456421,0.07368125766515732,1.4893312454223633
5000,mha,moe,456,5,7,0.08824218809604645,0.07066770642995834,1.4893312454223633
5000,mha,moe,456,5,8,0.07898803800344467,0.07498973608016968,1.4893312454223633
5000,mha,moe,456,5,9,0.042021483182907104,0.04061615467071533,1.4893312454223633
5000,mha,moe,456,5,10,0.06815917789936066,0.05505676195025444,1.4893312454223633
5000,mha,moe,456,5,11,0.08485595881938934,0.08749201148748398,1.4893312454223633
5000,mha,moe,456,5,12,0.06808959692716599,0.06588868796825409,1.4893312454223633
5000,mha,moe,456,5,13,0.05443725734949112,0.04484423249959946,1.4893312454223633
5000,mha,moe,456,5,14,0.06318847835063934,0.0701611340045929,1.4893312454223633
5000,mha,moe,456,5,15,0.035093992948532104,0.04996537044644356,1.4893312454223633
5500,mha,moe,456,1,0,0.07951171696186066,0.057296544313430786,2.5145936012268066
5500,mha,moe,456,1,1,0.06348144263029099,0.0642581507563591,2.5145936012268066
5500,mha,moe,456,1,2,0.056281737983226776,0.06184287369251251,2.5145936012268066
5500,mha,moe,456,1,3,0.05058105289936066,0.06075781211256981,2.5145936012268066
5500,mha,moe,456,1,4,0.050989989191293716,0.05737939476966858,2.5145936012268066
5500,mha,moe,456,1,5,0.043034669011831284,0.06371784210205078,2.5145936012268066
5500,mha,moe,456,1,6,0.055976562201976776,0.06111595034599304,2.5145936012268066
5500,mha,moe,456,1,7,0.04515380784869194,0.06092134863138199,2.5145936012268066
5500,mha,moe,456,1,8,0.0798046886920929,0.06498963385820389,2.5145936012268066
5500,mha,moe,456,1,9,0.07136230170726776,0.06740867346525192,2.5145936012268066
5500,mha,moe,456,1,10,0.05850585922598839,0.05921328067779541,2.5145936012268066
5500,mha,moe,456,1,11,0.06779418885707855,0.06542462110519409,2.5145936012268066
5500,mha,moe,456,1,12,0.07644408941268921,0.05919160321354866,2.5145936012268066
5500,mha,moe,456,1,13,0.08785766363143921,0.08592882752418518,2.5145936012268066
5500,mha,moe,456,1,14,0.039592284709215164,0.05875135585665703,2.5145936012268066
5500,mha,moe,456,1,15,0.07362792640924454,0.05180210620164871,2.5145936012268066
5500,mha,moe,456,2,0,0.047691650688648224,0.05559617653489113,1.644178032875061
5500,mha,moe,456,2,1,0.037895508110523224,0.043309785425662994,1.644178032875061
5500,mha,moe,456,2,2,0.0816332995891571,0.08194161206483841,1.644178032875061
5500,mha,moe,456,2,3,0.044835206121206284,0.03888177499175072,1.644178032875061
5500,mha,moe,456,2,4,0.0595703125,0.06449045240879059,1.644178032875061
5500,mha,moe,456,2,5,0.08826050162315369,0.08230897784233093,1.644178032875061
5500,mha,moe,456,2,6,0.049168702214956284,0.050053153187036514,1.644178032875061
5500,mha,moe,456,2,7,0.07628417760133743,0.0652073323726654,1.644178032875061
5500,mha,moe,456,2,8,0.08331909030675888,0.08571480959653854,1.644178032875061
5500,mha,moe,456,2,9,0.044523924589157104,0.04609394446015358,1.644178032875061
5500,mha,moe,456,2,10,0.058680418878793716,0.04756738618016243,1.644178032875061
5500,mha,moe,456,2,11,0.0744946300983429,0.08138298243284225,1.644178032875061
5500,mha,moe,456,2,12,0.07103149592876434,0.073045514523983,1.644178032875061
5500,mha,moe,456,2,13,0.07046996802091599,0.06311286240816116,1.644178032875061
5500,mha,moe,456,2,14,0.055994872003793716,0.05837845429778099,1.644178032875061
5500,mha,moe,456,2,15,0.05614624172449112,0.06291482597589493,1.644178032875061
5500,mha,moe,456,3,0,0.06684448570013046,0.08041194081306458,1.3678672313690186
5500,mha,moe,456,3,1,0.07059082388877869,0.06897525489330292,1.3678672313690186
5500,mha,moe,456,3,2,0.05364135652780533,0.061187874525785446,1.3678672313690186
5500,mha,moe,456,3,3,0.08794799447059631,0.08593032509088516,1.3678672313690186
5500,mha,moe,456,3,4,0.08765625208616257,0.08235981315374374,1.3678672313690186
5500,mha,moe,456,3,5,0.04097168147563934,0.044472984969615936,1.3678672313690186
5500,mha,moe,456,3,6,0.06034179776906967,0.05283733457326889,1.3678672313690186
5500,mha,moe,456,3,7,0.05263672024011612,0.046032655984163284,1.3678672313690186
5500,mha,moe,456,3,8,0.06332153081893921,0.05332298204302788,1.3678672313690186
5500,mha,moe,456,3,9,0.09433349967002869,0.08262543380260468,1.3678672313690186
5500,mha,moe,456,3,10,0.06751465052366257,0.06312470883131027,1.3678672313690186
5500,mha,moe,456,3,11,0.05333862453699112,0.059849414974451065,1.3678672313690186
5500,mha,moe,456,3,12,0.03405151516199112,0.03565740957856178,1.3678672313690186
5500,mha,moe,456,3,13,0.06034545972943306,0.06327636539936066,1.3678672313690186
5500,mha,moe,456,3,14,0.052058104425668716,0.06835231930017471,1.3678672313690186
5500,mha,moe,456,3,15,0.054405517876148224,0.05158320069313049,1.3678672313690186
5500,mha,moe,456,4,0,0.060462646186351776,0.07032989710569382,1.3091539144515991
5500,mha,moe,456,4,1,0.030189208686351776,0.03444556146860123,1.3091539144515991
5500,mha,moe,456,4,2,0.05940917879343033,0.07002533227205276,1.3091539144515991
5500,mha,moe,456,4,3,0.04775390774011612,0.047421373426914215,1.3091539144515991
5500,mha,moe,456,4,4,0.12111816555261612,0.09489914774894714,1.3091539144515991
5500,mha,moe,456,4,5,0.07062134146690369,0.07124335318803787,1.3091539144515991
5500,mha,moe,456,4,6,0.059886474162340164,0.06295183300971985,1.3091539144515991
5500,mha,moe,456,4,7,0.07979126274585724,0.07247220724821091,1.3091539144515991
5500,mha,moe,456,4,8,0.049775391817092896,0.05470625311136246,1.3091539144515991
5500,mha,moe,456,4,9,0.07417114078998566,0.06355441361665726,1.3091539144515991
5500,mha,moe,456,4,10,0.0540771484375,0.05566221848130226,1.3091539144515991
5500,mha,moe,456,4,11,0.06481567025184631,0.06379317492246628,1.3091539144515991
5500,mha,moe,456,4,12,0.04483398422598839,0.04649292305111885,1.3091539144515991
5500,mha,moe,456,4,13,0.04100586101412773,0.05968931317329407,1.3091539144515991
5500,mha,moe,456,4,14,0.11212890595197678,0.09944376349449158,1.3091539144515991
5500,mha,moe,456,4,15,0.02995971590280533,0.03286922350525856,1.3091539144515991
5500,mha,moe,456,5,0,0.06612548977136612,0.06814952939748764,1.4942036867141724
5500,mha,moe,456,5,1,0.09653076529502869,0.1112537756562233,1.4942036867141724
5500,mha,moe,456,5,2,0.061268310993909836,0.04896426573395729,1.4942036867141724
5500,mha,moe,456,5,3,0.06301391869783401,0.06280514597892761,1.4942036867141724
5500,mha,moe,456,5,4,0.041291505098342896,0.0427887924015522,1.4942036867141724
5500,mha,moe,456,5,5,0.02339477464556694,0.03600882738828659,1.4942036867141724
5500,mha,moe,456,5,6,0.0690930187702179,0.06976557523012161,1.4942036867141724
5500,mha,moe,456,5,7,0.09305541962385178,0.07615430653095245,1.4942036867141724
5500,mha,moe,456,5,8,0.07462280243635178,0.06979358941316605,1.4942036867141724
5500,mha,moe,456,5,9,0.042811278253793716,0.04167290776968002,1.4942036867141724
5500,mha,moe,456,5,10,0.06230346858501434,0.051379669457674026,1.4942036867141724
5500,mha,moe,456,5,11,0.08388549834489822,0.0853380411863327,1.4942036867141724
5500,mha,moe,456,5,12,0.06569457799196243,0.06447995454072952,1.4942036867141724
5500,mha,moe,456,5,13,0.056059569120407104,0.045506227761507034,1.4942036867141724
5500,mha,moe,456,5,14,0.06266601383686066,0.0692400187253952,1.4942036867141724
5500,mha,moe,456,5,15,0.03818359225988388,0.05669934302568436,1.4942036867141724
6000,mha,moe,456,1,0,0.06917846947908401,0.05272671580314636,2.5011544227600098
6000,mha,moe,456,1,1,0.040233153849840164,0.059283547103405,2.5011544227600098
6000,mha,moe,456,1,2,0.04503051936626434,0.061445485800504684,2.5011544227600098
6000,mha,moe,456,1,3,0.04579101502895355,0.06111672893166542,2.5011544227600098
6000,mha,moe,456,1,4,0.054130859673023224,0.05718231573700905,2.5011544227600098
6000,mha,moe,456,1,5,0.049956053495407104,0.06533174961805344,2.5011544227600098
6000,mha,moe,456,1,6,0.08106689155101776,0.06743556261062622,2.5011544227600098
6000,mha,moe,456,1,7,0.055408935993909836,0.061980582773685455,2.5011544227600098
6000,mha,moe,456,1,8,0.074920654296875,0.06451181322336197,2.5011544227600098
6000,mha,moe,456,1,9,0.07684692740440369,0.06721363961696625,2.5011544227600098
6000,mha,moe,456,1,10,0.05630737170577049,0.05924838036298752,2.5011544227600098
6000,mha,moe,456,1,11,0.06293701380491257,0.06496218591928482,2.5011544227600098
6000,mha,moe,456,1,12,0.07814574986696243,0.05979505926370621,2.5011544227600098
6000,mha,moe,456,1,13,0.07237060368061066,0.08247379958629608,2.5011544227600098
6000,mha,moe,456,1,14,0.06093017756938934,0.061684660613536835,2.5011544227600098
6000,mha,moe,456,1,15,0.07674560695886612,0.0536077544093132,2.5011544227600098
6000,mha,moe,456,2,0,0.046638183295726776,0.052982404828071594,1.6319327354431152
6000,mha,moe,456,2,1,0.028532715514302254,0.037214551120996475,1.6319327354431152
6000,mha,moe,456,2,2,0.07964599877595901,0.08248601853847504,1.6319327354431152
6000,mha,moe,456,2,3,0.04865844547748566,0.04023987427353859,1.6319327354431152
6000,mha,moe,456,2,4,0.060905762016773224,0.06753788143396378,1.6319327354431152
6000,mha,moe,456,2,5,0.08900757133960724,0.07969292253255844,1.6319327354431152
6000,mha,moe,456,2,6,0.04662475734949112,0.048843126744031906,1.6319327354431152
6000,mha,moe,456,2,7,0.08539917320013046,0.07258668541908264,1.6319327354431152
6000,mha,moe,456,2,8,0.07511840760707855,0.08001139014959335,1.6319327354431152
6000,mha,moe,456,2,9,0.046864014118909836,0.04743577539920807,1.6319327354431152
6000,mha,moe,456,2,10,0.05967651307582855,0.04868154600262642,1.6319327354431152
6000,mha,moe,456,2,11,0.07341919094324112,0.08132580667734146,1.6319327354431152
6000,mha,moe,456,2,12,0.07547729462385178,0.07748422771692276,1.6319327354431152
6000,mha,moe,456,2,13,0.06908691674470901,0.062078095972537994,1.6319327354431152
6000,mha,moe,456,2,14,0.056800536811351776,0.05767856910824776,1.6319327354431152
6000,mha,moe,456,2,15,0.05814453214406967,0.06372114270925522,1.6319327354431152
6000,mha,moe,456,3,0,0.06709595024585724,0.07968001812696457,1.3652507066726685
6000,mha,moe,456,3,1,0.07065673917531967,0.07154794037342072,1.3652507066726685
6000,mha,moe,456,3,2,0.054224852472543716,0.06293505430221558,1.3652507066726685
6000,mha,moe,456,3,3,0.08900268375873566,0.08548780530691147,1.3652507066726685
6000,mha,moe,456,3,4,0.08329101651906967,0.07561101764440536,1.3652507066726685
6000,mha,moe,456,3,5,0.03419799730181694,0.038837019354104996,1.3652507066726685
6000,mha,moe,456,3,6,0.06156005710363388,0.05518828704953194,1.3652507066726685
6000,mha,moe,456,3,7,0.052922364324331284,0.04586274176836014,1.3652507066726685
6000,mha,moe,456,3,8,0.06294433772563934,0.053766828030347824,1.3652507066726685
6000,mha,moe,456,3,9,0.09500366449356079,0.08154820650815964,1.3652507066726685
6000,mha,moe,456,3,10,0.07375121861696243,0.0708683505654335,1.3652507066726685
6000,mha,moe,456,3,11,0.053215332329273224,0.06036965548992157,1.3652507066726685
6000,mha,moe,456,3,12,0.035551756620407104,0.036736175417900085,1.3652507066726685
6000,mha,moe,456,3,13,0.05715576186776161,0.05887148901820183,1.3652507066726685
6000,mha,moe,456,3,14,0.051105957478284836,0.06778508424758911,1.3652507066726685
6000,mha,moe,456,3,15,0.058320313692092896,0.05490433797240257,1.3652507066726685
6000,mha,moe,456,4,0,0.05979614332318306,0.06818541884422302,1.2887754440307617
6000,mha,moe,456,4,1,0.02823730558156967,0.032937582582235336,1.2887754440307617
6000,mha,moe,456,4,2,0.06027831882238388,0.07147825509309769,1.2887754440307617
6000,mha,moe,456,4,3,0.04603637754917145,0.04498177394270897,1.2887754440307617
6000,mha,moe,456,4,4,0.12244994938373566,0.09839935600757599,1.2887754440307617
6000,mha,moe,456,4,5,0.07145263999700546,0.07250289618968964,1.2887754440307617
6000,mha,moe,456,4,6,0.06092651188373566,0.06348024308681488,1.2887754440307617
6000,mha,moe,456,4,7,0.08061279356479645,0.07206888496875763,1.2887754440307617
6000,mha,moe,456,4,8,0.05299682542681694,0.05565054714679718,1.2887754440307617
6000,mha,moe,456,4,9,0.07299560308456421,0.06438584625720978,1.2887754440307617
6000,mha,moe,456,4,10,0.057105712592601776,0.06052134558558464,1.2887754440307617
6000,mha,moe,456,4,11,0.06606567651033401,0.06382376700639725,1.2887754440307617
6000,mha,moe,456,4,12,0.048649903386831284,0.05090980976819992,1.2887754440307617
6000,mha,moe,456,4,13,0.039947509765625,0.05835568532347679,1.2887754440307617
6000,mha,moe,456,4,14,0.11241333186626434,0.09669326990842819,1.2887754440307617
6000,mha,moe,456,4,15,0.020035400986671448,0.02562534250319004,1.2887754440307617
6000,mha,moe,456,5,0,0.06579345464706421,0.06757238507270813,1.4763964414596558
6000,mha,moe,456,5,1,0.0935986340045929,0.11023054271936417,1.4763964414596558
6000,mha,moe,456,5,2,0.062049560248851776,0.04914095997810364,1.4763964414596558
6000,mha,moe,456,5,3,0.06302246451377869,0.06540042906999588,1.4763964414596558
6000,mha,moe,456,5,4,0.03776855394244194,0.03817906975746155,1.4763964414596558
6000,mha,moe,456,5,5,0.02060546912252903,0.03271923214197159,1.4763964414596558
6000,mha,moe,456,5,6,0.0672924816608429,0.06922956556081772,1.4763964414596558
6000,mha,moe,456,5,7,0.09158691763877869,0.07420186698436737,1.4763964414596558
6000,mha,moe,456,5,8,0.07713012397289276,0.07313337177038193,1.4763964414596558
6000,mha,moe,456,5,9,0.04153686389327049,0.03994951397180557,1.4763964414596558
6000,mha,moe,456,5,10,0.07099487632513046,0.05678562819957733,1.4763964414596558
6000,mha,moe,456,5,11,0.08703003078699112,0.0898747518658638,1.4763964414596558
6000,mha,moe,456,5,12,0.06764160096645355,0.06573129445314407,1.4763964414596558
6000,mha,moe,456,5,13,0.05514160171151161,0.04505421221256256,1.4763964414596558
6000,mha,moe,456,5,14,0.06460083276033401,0.0719132274389267,1.4763964414596558
6000,mha,moe,456,5,15,0.03420654311776161,0.0508839413523674,1.4763964414596558
6500,mha,moe,456,1,0,0.06638793647289276,0.05269427224993706,2.4872114658355713
6500,mha,moe,456,1,1,0.054240722209215164,0.06217581406235695,2.4872114658355713
6500,mha,moe,456,1,2,0.03798828274011612,0.05915063992142677,2.4872114658355713
6500,mha,moe,456,1,3,0.043952636420726776,0.05906297266483307,2.4872114658355713
6500,mha,moe,456,1,4,0.06096191331744194,0.05984111130237579,2.4872114658355713
6500,mha,moe,456,1,5,0.06850829720497131,0.06770004332065582,2.4872114658355713
6500,mha,moe,456,1,6,0.07175170630216599,0.06482710689306259,2.4872114658355713
6500,mha,moe,456,1,7,0.047142334282398224,0.05923111364245415,2.4872114658355713
6500,mha,moe,456,1,8,0.07509277015924454,0.06367164105176926,2.4872114658355713
6500,mha,moe,456,1,9,0.06964355707168579,0.06568726152181625,2.4872114658355713
6500,mha,moe,456,1,10,0.06172485277056694,0.06152596324682236,2.4872114658355713
6500,mha,moe,456,1,11,0.06400756537914276,0.06573928147554398,2.4872114658355713
6500,mha,moe,456,1,12,0.07880248874425888,0.05959363281726837,2.4872114658355713
6500,mha,moe,456,1,13,0.07896972447633743,0.08729555457830429,2.4872114658355713
6500,mha,moe,456,1,14,0.046147461980581284,0.058493323624134064,2.4872114658355713
6500,mha,moe,456,1,15,0.0746777355670929,0.053310245275497437,2.4872114658355713
6500,mha,moe,456,2,0,0.05027709901332855,0.05687469616532326,1.6158353090286255
6500,mha,moe,456,2,1,0.032154541462659836,0.03942972049117088,1.6158353090286255
6500,mha,moe,456,2,2,0.07773803919553757,0.0801074281334877,1.6158353090286255
6500,mha,moe,456,2,3,0.05580810457468033,0.04222805052995682,1.6158353090286255
6500,mha,moe,456,2,4,0.05880493298172951,0.06505687534809113,1.6158353090286255
6500,mha,moe,456,2,5,0.09147338569164276,0.08203103393316269,1.6158353090286255
6500,mha,moe,456,2,6,0.04675048962235451,0.04879523441195488,1.6158353090286255
6500,mha,moe,456,2,7,0.08366577327251434,0.07189980149269104,1.6158353090286255
6500,mha,moe,456,2,8,0.07412109524011612,0.08065241575241089,1.6158353090286255
6500,mha,moe,456,2,9,0.03944091871380806,0.044430240988731384,1.6158353090286255
6500,mha,moe,456,2,10,0.061065673828125,0.04889949783682823,1.6158353090286255
6500,mha,moe,456,2,11,0.06878174096345901,0.07520506531000137,1.6158353090286255
6500,mha,moe,456,2,12,0.07138305902481079,0.07285848259925842,1.6158353090286255
6500,mha,moe,456,2,13,0.07134277373552322,0.06552044302225113,1.6158353090286255
6500,mha,moe,456,2,14,0.05808715894818306,0.060077060014009476,1.6158353090286255
6500,mha,moe,456,2,15,0.059105224907398224,0.0659339427947998,1.6158353090286255
6500,mha,moe,456,3,0,0.06580932438373566,0.07776913791894913,1.3625340461730957
6500,mha,moe,456,3,1,0.07239868491888046,0.071532242000103,1.3625340461730957
6500,mha,moe,456,3,2,0.05147705227136612,0.059584975242614746,1.3625340461730957
6500,mha,moe,456,3,3,0.08316894620656967,0.08020895719528198,1.3625340461730957
6500,mha,moe,456,3,4,0.08491943031549454,0.07852661609649658,1.3625340461730957
6500,mha,moe,456,3,5,0.03817993029952049,0.043754879385232925,1.3625340461730957
6500,mha,moe,456,3,6,0.06089843809604645,0.05428082495927811,1.3625340461730957
6500,mha,moe,456,3,7,0.055225830525159836,0.04705173522233963,1.3625340461730957
6500,mha,moe,456,3,8,0.05841919034719467,0.05036214366555214,1.3625340461730957
6500,mha,moe,456,3,9,0.0928967297077179,0.07911813259124756,1.3625340461730957
6500,mha,moe,456,3,10,0.07135009765625,0.0684894546866417,1.3625340461730957
6500,mha,moe,456,3,11,0.05939575284719467,0.06490134447813034,1.3625340461730957
6500,mha,moe,456,3,12,0.03742797672748566,0.039025966078042984,1.3625340461730957
6500,mha,moe,456,3,13,0.05853515490889549,0.05965355038642883,1.3625340461730957
6500,mha,moe,456,3,14,0.054383546113967896,0.0709889829158783,1.3625340461730957
6500,mha,moe,456,3,15,0.05551391467452049,0.05475105717778206,1.3625340461730957
6500,mha,moe,456,4,0,0.05414062365889549,0.06349760293960571,1.2939175367355347
6500,mha,moe,456,4,1,0.027712402865290642,0.03224490210413933,1.2939175367355347
6500,mha,moe,456,4,2,0.059721678495407104,0.0707727000117302,1.2939175367355347
6500,mha,moe,456,4,3,0.04765503108501434,0.046895578503608704,1.2939175367355347
6500,mha,moe,456,4,4,0.12442626804113388,0.09837735444307327,1.2939175367355347
6500,mha,moe,456,4,5,0.06886718422174454,0.06916537135839462,1.2939175367355347
6500,mha,moe,456,4,6,0.06156005710363388,0.06525253504514694,1.2939175367355347
6500,mha,moe,456,4,7,0.07531005889177322,0.06918418407440186,1.2939175367355347
6500,mha,moe,456,4,8,0.04926513507962227,0.053685512393713,1.2939175367355347
6500,mha,moe,456,4,9,0.07378173619508743,0.06533155590295792,1.2939175367355347
6500,mha,moe,456,4,10,0.05614013597369194,0.05935444310307503,1.2939175367355347
6500,mha,moe,456,4,11,0.06274169683456421,0.06214997172355652,1.2939175367355347
6500,mha,moe,456,4,12,0.04912353679537773,0.05061044171452522,1.2939175367355347
6500,mha,moe,456,4,13,0.04004516452550888,0.05721215903759003,1.2939175367355347
6500,mha,moe,456,4,14,0.11563720554113388,0.10195904970169067,1.2939175367355347
6500,mha,moe,456,4,15,0.03387207165360451,0.03430664539337158,1.2939175367355347
6500,mha,moe,456,5,0,0.06439208984375,0.06653104722499847,1.4835706949234009
6500,mha,moe,456,5,1,0.09287231415510178,0.10800492018461227,1.4835706949234009
6500,mha,moe,456,5,2,0.059941407293081284,0.0489993616938591,1.4835706949234009
6500,mha,moe,456,5,3,0.06267822533845901,0.06383725255727768,1.4835706949234009
6500,mha,moe,456,5,4,0.04179687425494194,0.042014237493276596,1.4835706949234009
6500,mha,moe,456,5,5,0.020921630784869194,0.03240673616528511,1.4835706949234009
6500,mha,moe,456,5,6,0.06626830995082855,0.069388248026371,1.4835706949234009
6500,mha,moe,456,5,7,0.09749756008386612,0.07956360280513763,1.4835706949234009
6500,mha,moe,456,5,8,0.07686523348093033,0.07535294443368912,1.4835706949234009
6500,mha,moe,456,5,9,0.043327637016773224,0.04287971556186676,1.4835706949234009
6500,mha,moe,456,5,10,0.06953491270542145,0.05669734627008438,1.4835706949234009
6500,mha,moe,456,5,11,0.08352173119783401,0.08405841886997223,1.4835706949234009
6500,mha,moe,456,5,12,0.06860839575529099,0.06665036827325821,1.4835706949234009
6500,mha,moe,456,5,13,0.05481933429837227,0.044679976999759674,1.4835706949234009
6500,mha,moe,456,5,14,0.06288940459489822,0.0675014853477478,1.4835706949234009
6500,mha,moe,456,5,15,0.034064941108226776,0.05143429711461067,1.4835706949234009
7000,mha,moe,456,1,0,0.06503540277481079,0.05223463103175163,2.4786133766174316
7000,mha,moe,456,1,1,0.052814941853284836,0.06371210515499115,2.4786133766174316
7000,mha,moe,456,1,2,0.04218383878469467,0.05876887962222099,2.4786133766174316
7000,mha,moe,456,1,3,0.040141601115465164,0.05819365382194519,2.4786133766174316
7000,mha,moe,456,1,4,0.06653198599815369,0.06161963939666748,2.4786133766174316
7000,mha,moe,456,1,5,0.05528930574655533,0.0647335797548294,2.4786133766174316
7000,mha,moe,456,1,6,0.07829711586236954,0.06529662013053894,2.4786133766174316
7000,mha,moe,456,1,7,0.051917724311351776,0.05972995609045029,2.4786133766174316
7000,mha,moe,456,1,8,0.0846240222454071,0.06866504997015,2.4786133766174316
7000,mha,moe,456,1,9,0.0639331042766571,0.0648961141705513,2.4786133766174316
7000,mha,moe,456,1,10,0.06078125163912773,0.06091666594147682,2.4786133766174316
7000,mha,moe,456,1,11,0.06493530422449112,0.06715579330921173,2.4786133766174316
7000,mha,moe,456,1,12,0.07763427495956421,0.059822749346494675,2.4786133766174316
7000,mha,moe,456,1,13,0.07203613221645355,0.08190079033374786,2.4786133766174316
7000,mha,moe,456,1,14,0.05051269382238388,0.059602465480566025,2.4786133766174316
7000,mha,moe,456,1,15,0.07333129644393921,0.05275134742259979,2.4786133766174316
7000,mha,moe,456,2,0,0.047215577214956284,0.05412949249148369,1.609142780303955
7000,mha,moe,456,2,1,0.03132324293255806,0.03795607015490532,1.609142780303955
7000,mha,moe,456,2,2,0.07889648526906967,0.0810866579413414,1.609142780303955
7000,mha,moe,456,2,3,0.04694579914212227,0.039603203535079956,1.609142780303955
7000,mha,moe,456,2,4,0.0562744140625,0.06351535022258759,1.609142780303955
7000,mha,moe,456,2,5,0.09395507723093033,0.08391258865594864,1.609142780303955
7000,mha,moe,456,2,6,0.05123046785593033,0.05120791867375374,1.609142780303955
7000,mha,moe,456,2,7,0.07739990204572678,0.06594280153512955,1.609142780303955
7000,mha,moe,456,2,8,0.07445434480905533,0.07817735522985458,1.609142780303955
7000,mha,moe,456,2,9,0.044627685099840164,0.047670505940914154,1.609142780303955
7000,mha,moe,456,2,10,0.06071655452251434,0.04729647561907768,1.609142780303955
7000,mha,moe,456,2,11,0.07219604402780533,0.07929109781980515,1.609142780303955
7000,mha,moe,456,2,12,0.07571044564247131,0.07573799788951874,1.609142780303955
7000,mha,moe,456,2,13,0.07308471947908401,0.06753280758857727,1.609142780303955
7000,mha,moe,456,2,14,0.05824951082468033,0.061747364699840546,1.609142780303955
7000,mha,moe,456,2,15,0.057719726115465164,0.06519225984811783,1.609142780303955
7000,mha,moe,456,3,0,0.06301147490739822,0.07412295788526535,1.3610600233078003
7000,mha,moe,456,3,1,0.07392212003469467,0.07340247929096222,1.3610600233078003
7000,mha,moe,456,3,2,0.05152343586087227,0.059003639966249466,1.3610600233078003
7000,mha,moe,456,3,3,0.08575927466154099,0.08229970932006836,1.3610600233078003
7000,mha,moe,456,3,4,0.08697509765625,0.08062095940113068,1.3610600233078003
7000,mha,moe,456,3,5,0.03635009750723839,0.040814753621816635,1.3610600233078003
7000,mha,moe,456,3,6,0.06130737438797951,0.05613105371594429,1.3610600233078003
7000,mha,moe,456,3,7,0.05887451022863388,0.050133515149354935,1.3610600233078003
7000,mha,moe,456,3,8,0.06159912049770355,0.053531713783741,1.3610600233078003
7000,mha,moe,456,3,9,0.09893066436052322,0.08329703658819199,1.3610600233078003
7000,mha,moe,456,3,10,0.0711657702922821,0.06822775304317474,1.3610600233078003
7000,mha,moe,456,3,11,0.05351074039936066,0.061934780329465866,1.3610600233078003
7000,mha,moe,456,3,12,0.03679199144244194,0.038944412022829056,1.3610600233078003
7000,mha,moe,456,3,13,0.058314207941293716,0.05755393207073212,1.3610600233078003
7000,mha,moe,456,3,14,0.051899414509534836,0.06760111451148987,1.3610600233078003
7000,mha,moe,456,3,15,0.05006469786167145,0.05238018557429314,1.3610600233078003
7000,mha,moe,456,4,0,0.05720825120806694,0.06625355035066605,1.2905117273330688
7000,mha,moe,456,4,1,0.02763061597943306,0.03268907964229584,1.2905117273330688
7000,mha,moe,456,4,2,0.061512451618909836,0.07229495048522949,1.2905117273330688
7000,mha,moe,456,4,3,0.0455322265625,0.04520108550786972,1.2905117273330688
7000,mha,moe,456,4,4,0.1245434582233429,0.09627053886651993,1.2905117273330688
7000,mha,moe,456,4,5,0.06823974847793579,0.06976443529129028,1.2905117273330688
7000,mha,moe,456,4,6,0.05639038234949112,0.06079364940524101,1.2905117273330688
7000,mha,moe,456,4,7,0.08106689155101776,0.07405571639537811,1.2905117273330688
7000,mha,moe,456,4,8,0.05285888537764549,0.05663570761680603,1.2905117273330688
7000,mha,moe,456,4,9,0.0736083984375,0.06543737649917603,1.2905117273330688
7000,mha,moe,456,4,10,0.05833251774311066,0.06070610508322716,1.2905117273330688
7000,mha,moe,456,4,11,0.0648181140422821,0.06458637118339539,1.2905117273330688
7000,mha,moe,456,4,12,0.04483276233077049,0.04778458550572395,1.2905117273330688
7000,mha,moe,456,4,13,0.04117675870656967,0.05764887481927872,1.2905117273330688
7000,mha,moe,456,4,14,0.11437743902206421,0.09896775335073471,1.2905117273330688
7000,mha,moe,456,4,15,0.02787109464406967,0.030910231173038483,1.2905117273330688
7000,mha,moe,456,5,0,0.06685058772563934,0.07062756270170212,1.4659276008605957
7000,mha,moe,456,5,1,0.09282348304986954,0.10819115489721298,1.4659276008605957
7000,mha,moe,456,5,2,0.06389404088258743,0.05149906128644943,1.4659276008605957
7000,mha,moe,456,5,3,0.060008544474840164,0.05995229631662369,1.4659276008605957
7000,mha,moe,456,5,4,0.03959960862994194,0.03999221697449684,1.4659276008605957
7000,mha,moe,456,5,5,0.021442871540784836,0.03440931439399719,1.4659276008605957
7000,mha,moe,456,5,6,0.06682372838258743,0.06777725368738174,1.4659276008605957
7000,mha,moe,456,5,7,0.09243530035018921,0.07438062876462936,1.4659276008605957
7000,mha,moe,456,5,8,0.07465576380491257,0.07259952276945114,1.4659276008605957
7000,mha,moe,456,5,9,0.038367919623851776,0.0375642403960228,1.4659276008605957
7000,mha,moe,456,5,10,0.0707995593547821,0.05782525986433029,1.4659276008605957
7000,mha,moe,456,5,11,0.08500610291957855,0.08653323352336884,1.4659276008605957
7000,mha,moe,456,5,12,0.06752319633960724,0.06735548377037048,1.4659276008605957
7000,mha,moe,456,5,13,0.05991821363568306,0.04880594089627266,1.4659276008605957
7000,mha,moe,456,5,14,0.06378906220197678,0.06840120255947113,1.4659276008605957
7000,mha,moe,456,5,15,0.03606201335787773,0.05408557504415512,1.4659276008605957
7500,mha,moe,456,1,0,0.07592285424470901,0.057773709297180176,2.4632959365844727
7500,mha,moe,456,1,1,0.04934448376297951,0.06277511268854141,2.4632959365844727
7500,mha,moe,456,1,2,0.04133544862270355,0.05902969837188721,2.4632959365844727
7500,mha,moe,456,1,3,0.04475707933306694,0.05897589027881622,2.4632959365844727
7500,mha,moe,456,1,4,0.06987060606479645,0.06299962103366852,2.4632959365844727
7500,mha,moe,456,1,5,0.05586913973093033,0.06494208425283432,2.4632959365844727
7500,mha,moe,456,1,6,0.06352417171001434,0.061541322618722916,2.4632959365844727
7500,mha,moe,456,1,7,0.06044311448931694,0.060600414872169495,2.4632959365844727
7500,mha,moe,456,1,8,0.08274170011281967,0.06766100972890854,2.4632959365844727
7500,mha,moe,456,1,9,0.07144653052091599,0.065227210521698,2.4632959365844727
7500,mha,moe,456,1,10,0.06100707873702049,0.06202550232410431,2.4632959365844727
7500,mha,moe,456,1,11,0.05802612379193306,0.0634370893239975,2.4632959365844727
7500,mha,moe,456,1,12,0.05620971694588661,0.05267127975821495,2.4632959365844727
7500,mha,moe,456,1,13,0.07354980707168579,0.08234970271587372,2.4632959365844727
7500,mha,moe,456,1,14,0.057670898735523224,0.06097736954689026,2.4632959365844727
7500,mha,moe,456,1,15,0.07828125357627869,0.057012952864170074,2.4632959365844727
7500,mha,moe,456,2,0,0.04644775390625,0.05554352328181267,1.5967015027999878
7500,mha,moe,456,2,1,0.034351807087659836,0.04023971036076546,1.5967015027999878
7500,mha,moe,456,2,2,0.07608520239591599,0.0777820572257042,1.5967015027999878
7500,mha,moe,456,2,3,0.057652588933706284,0.044417113065719604,1.5967015027999878
7500,mha,moe,456,2,4,0.05542968586087227,0.062421564012765884,1.5967015027999878
7500,mha,moe,456,2,5,0.09393677115440369,0.08483114093542099,1.5967015027999878
7500,mha,moe,456,2,6,0.04613891616463661,0.04826223850250244,1.5967015027999878
7500,mha,moe,456,2,7,0.08298584073781967,0.07279643416404724,1.5967015027999878
7500,mha,moe,456,2,8,0.07276245206594467,0.07910139858722687,1.5967015027999878
7500,mha,moe,456,2,9,0.042033690959215164,0.047064900398254395,1.5967015027999878
7500,mha,moe,456,2,10,0.06402221322059631,0.05041627585887909,1.5967015027999878
7500,mha,moe,456,2,11,0.06795532256364822,0.0754864439368248,1.5967015027999878
7500,mha,moe,456,2,12,0.0718981921672821,0.07199671864509583,1.5967015027999878
7500,mha,moe,456,2,13,0.07103637605905533,0.06382670253515244,1.5967015027999878
7500,mha,moe,456,2,14,0.05828857421875,0.05997677892446518,1.5967015027999878
7500,mha,moe,456,2,15,0.05897460877895355,0.06583704799413681,1.5967015027999878
7500,mha,moe,456,3,0,0.06406372040510178,0.07577978819608688,1.3605798482894897
7500,mha,moe,456,3,1,0.07138916105031967,0.07066643238067627,1.3605798482894897
7500,mha,moe,456,3,2,0.05277831852436066,0.06240958720445633,1.3605798482894897
7500,mha,moe,456,3,3,0.08586669713258743,0.08227498829364777,1.3605798482894897
7500,mha,moe,456,3,4,0.08339599519968033,0.07872826606035233,1.3605798482894897
7500,mha,moe,456,3,5,0.04117065295577049,0.04469184949994087,1.3605798482894897
7500,mha,moe,456,3,6,0.06539672613143921,0.05870940163731575,1.3605798482894897
7500,mha,moe,456,3,7,0.05827881023287773,0.04986938089132309,1.3605798482894897
7500,mha,moe,456,3,8,0.061097413301467896,0.05327604338526726,1.3605798482894897
7500,mha,moe,456,3,9,0.09394165128469467,0.07766445726156235,1.3605798482894897
7500,mha,moe,456,3,10,0.07035156339406967,0.06769683957099915,1.3605798482894897
7500,mha,moe,456,3,11,0.05180663987994194,0.05888925865292549,1.3605798482894897
7500,mha,moe,456,3,12,0.03895873948931694,0.04045438393950462,1.3605798482894897
7500,mha,moe,456,3,13,0.05601806566119194,0.057218462228775024,1.3605798482894897
7500,mha,moe,456,3,14,0.05367431789636612,0.07021042704582214,1.3605798482894897
7500,mha,moe,456,3,15,0.051811523735523224,0.05146045610308647,1.3605798482894897
7500,mha,moe,456,4,0,0.05688110366463661,0.06712290644645691,1.3088821172714233
7500,mha,moe,456,4,1,0.02965454012155533,0.03435754403471947,1.3088821172714233
7500,mha,moe,456,4,2,0.05888061597943306,0.07093338668346405,1.3088821172714233
7500,mha,moe,456,4,3,0.04682617262005806,0.04686730355024338,1.3088821172714233
7500,mha,moe,456,4,4,0.12187988311052322,0.0947825014591217,1.3088821172714233
7500,mha,moe,456,4,5,0.07147461175918579,0.07194995135068893,1.3088821172714233
7500,mha,moe,456,4,6,0.06149658188223839,0.06415112316608429,1.3088821172714233
7500,mha,moe,456,4,7,0.0770275890827179,0.0703599601984024,1.3088821172714233
7500,mha,moe,456,4,8,0.04690185561776161,0.05161244794726372,1.3088821172714233
7500,mha,moe,456,4,9,0.07417846471071243,0.06582286953926086,1.3088821172714233
7500,mha,moe,456,4,10,0.05542602390050888,0.057093895971775055,1.3088821172714233
7500,mha,moe,456,4,11,0.06302124261856079,0.06331706047058105,1.3088821172714233
7500,mha,moe,456,4,12,0.047740478068590164,0.050165511667728424,1.3088821172714233
7500,mha,moe,456,4,13,0.041234131902456284,0.05838010832667351,1.3088821172714233
7500,mha,moe,456,4,14,0.11582153290510178,0.09985396265983582,1.3088821172714233
7500,mha,moe,456,4,15,0.03155517578125,0.03322944417595863,1.3088821172714233
7500,mha,moe,456,5,0,0.06529174745082855,0.06904473155736923,1.4948325157165527
7500,mha,moe,456,5,1,0.09452392905950546,0.10669497400522232,1.4948325157165527
7500,mha,moe,456,5,2,0.06543335318565369,0.055205535143613815,1.4948325157165527
7500,mha,moe,456,5,3,0.06119018420577049,0.061760712414979935,1.4948325157165527
7500,mha,moe,456,5,4,0.043937988579273224,0.044551871716976166,1.4948325157165527
7500,mha,moe,456,5,5,0.021416015923023224,0.03377591446042061,1.4948325157165527
7500,mha,moe,456,5,6,0.06815063208341599,0.06850192695856094,1.4948325157165527
7500,mha,moe,456,5,7,0.0935046374797821,0.07643985003232956,1.4948325157165527
7500,mha,moe,456,5,8,0.07182128727436066,0.06989903748035431,1.4948325157165527
7500,mha,moe,456,5,9,0.03960205242037773,0.03990380838513374,1.4948325157165527
7500,mha,moe,456,5,10,0.06883056461811066,0.05702405050396919,1.4948325157165527
7500,mha,moe,456,5,11,0.08349364995956421,0.08173396438360214,1.4948325157165527
7500,mha,moe,456,5,12,0.06647338718175888,0.06439627707004547,1.4948325157165527
7500,mha,moe,456,5,13,0.057861328125,0.04778202995657921,1.4948325157165527
7500,mha,moe,456,5,14,0.06176513805985451,0.06750665605068207,1.4948325157165527
7500,mha,moe,456,5,15,0.03670410066843033,0.055778659880161285,1.4948325157165527
8000,mha,moe,456,1,0,0.06993286311626434,0.05573054775595665,2.4514129161834717
8000,mha,moe,456,1,1,0.055079344660043716,0.06465001404285431,2.4514129161834717
8000,mha,moe,456,1,2,0.04643920809030533,0.05883901193737984,2.4514129161834717
8000,mha,moe,456,1,3,0.05513549968600273,0.06010149046778679,2.4514129161834717
8000,mha,moe,456,1,4,0.06417358666658401,0.06070775166153908,2.4514129161834717
8000,mha,moe,456,1,5,0.05151000991463661,0.06507256627082825,2.4514129161834717
8000,mha,moe,456,1,6,0.06798339635133743,0.06414999067783356,2.4514129161834717
8000,mha,moe,456,1,7,0.05205688625574112,0.05921665579080582,2.4514129161834717
8000,mha,moe,456,1,8,0.08189086616039276,0.0673678070306778,2.4514129161834717
8000,mha,moe,456,1,9,0.06254638731479645,0.06351564079523087,2.4514129161834717
8000,mha,moe,456,1,10,0.06387695670127869,0.0633886381983757,2.4514129161834717
8000,mha,moe,456,1,11,0.06154540926218033,0.06509528309106827,2.4514129161834717
8000,mha,moe,456,1,12,0.0715014636516571,0.056975722312927246,2.4514129161834717
8000,mha,moe,456,1,13,0.06931396573781967,0.08010673522949219,2.4514129161834717
8000,mha,moe,456,1,14,0.051838379353284836,0.06024152413010597,2.4514129161834717
8000,mha,moe,456,1,15,0.07517578452825546,0.05484060198068619,2.4514129161834717
8000,mha,moe,456,2,0,0.051910400390625,0.05992894992232323,1.601058006286621
8000,mha,moe,456,2,1,0.030791016295552254,0.03833739832043648,1.601058006286621
8000,mha,moe,456,2,2,0.07740844786167145,0.08039788901805878,1.601058006286621
8000,mha,moe,456,2,3,0.06681030243635178,0.04816693812608719,1.601058006286621
8000,mha,moe,456,2,4,0.05648437514901161,0.06372654438018799,1.601058006286621
8000,mha,moe,456,2,5,0.092071533203125,0.0823926031589508,1.601058006286621
8000,mha,moe,456,2,6,0.04865356534719467,0.0500066913664341,1.601058006286621
8000,mha,moe,456,2,7,0.08054199069738388,0.06936024129390717,1.601058006286621
8000,mha,moe,456,2,8,0.07229980826377869,0.0782971978187561,1.601058006286621
8000,mha,moe,456,2,9,0.04139648377895355,0.045906562358140945,1.601058006286621
8000,mha,moe,456,2,10,0.06004394590854645,0.05055059492588043,1.601058006286621
8000,mha,moe,456,2,11,0.068878173828125,0.07546952366828918,1.601058006286621
8000,mha,moe,456,2,12,0.06911743432283401,0.06983362883329391,1.601058006286621
8000,mha,moe,456,2,13,0.07062011957168579,0.06480193883180618,1.601058006286621
8000,mha,moe,456,2,14,0.05629272386431694,0.0588238425552845,1.601058006286621
8000,mha,moe,456,2,15,0.05667968839406967,0.06399940699338913,1.601058006286621
8000,mha,moe,456,3,0,0.06469238549470901,0.07758545130491257,1.3520582914352417
8000,mha,moe,456,3,1,0.07227294892072678,0.07027529180049896,1.3520582914352417
8000,mha,moe,456,3,2,0.05317871272563934,0.06086869537830353,1.3520582914352417
8000,mha,moe,456,3,3,0.08780151605606079,0.08433472365140915,1.3520582914352417
8000,mha,moe,456,3,4,0.08403442054986954,0.07995256036520004,1.3520582914352417
8000,mha,moe,456,3,5,0.03892822191119194,0.04265274852514267,1.3520582914352417
8000,mha,moe,456,3,6,0.058771971613168716,0.05416904762387276,1.3520582914352417
8000,mha,moe,456,3,7,0.05413452163338661,0.04626648873090744,1.3520582914352417
8000,mha,moe,456,3,8,0.062713623046875,0.05352230370044708,1.3520582914352417
8000,mha,moe,456,3,9,0.09468261897563934,0.07844128459692001,1.3520582914352417
8000,mha,moe,456,3,10,0.07343628257513046,0.06982168555259705,1.3520582914352417
8000,mha,moe,456,3,11,0.05265624821186066,0.05959080159664154,1.3520582914352417
8000,mha,moe,456,3,12,0.04222045838832855,0.0433323048055172,1.3520582914352417
8000,mha,moe,456,3,13,0.05912964046001434,0.06067916378378868,1.3520582914352417
8000,mha,moe,456,3,14,0.05230712890625,0.06873348355293274,1.3520582914352417
8000,mha,moe,456,3,15,0.04903930798172951,0.04977394640445709,1.3520582914352417
8000,mha,moe,456,4,0,0.05800049006938934,0.06898233294487,1.3016018867492676
8000,mha,moe,456,4,1,0.02934570237994194,0.03492336347699165,1.3016018867492676
8000,mha,moe,456,4,2,0.057246092706918716,0.06765453517436981,1.3016018867492676
8000,mha,moe,456,4,3,0.051203612238168716,0.049930211156606674,1.3016018867492676
8000,mha,moe,456,4,4,0.12416747957468033,0.0963941290974617,1.3016018867492676
8000,mha,moe,456,4,5,0.0691210925579071,0.0705113410949707,1.3016018867492676
8000,mha,moe,456,4,6,0.058604735881090164,0.06314776837825775,1.3016018867492676
8000,mha,moe,456,4,7,0.08103027194738388,0.07413183897733688,1.3016018867492676
8000,mha,moe,456,4,8,0.04931030422449112,0.05387029051780701,1.3016018867492676
8000,mha,moe,456,4,9,0.07298950105905533,0.06395900994539261,1.3016018867492676
8000,mha,moe,456,4,10,0.055268555879592896,0.05746724084019661,1.3016018867492676
8000,mha,moe,456,4,11,0.061365965753793716,0.060199443250894547,1.3016018867492676
8000,mha,moe,456,4,12,0.04790649563074112,0.050689153373241425,1.3016018867492676
8000,mha,moe,456,4,13,0.040528565645217896,0.05629359185695648,1.3016018867492676
8000,mha,moe,456,4,14,0.11477416753768921,0.09915409982204437,1.3016018867492676
8000,mha,moe,456,4,15,0.029136963188648224,0.03269161283969879,1.3016018867492676
8000,mha,moe,456,5,0,0.06684814393520355,0.07091103494167328,1.4879107475280762
8000,mha,moe,456,5,1,0.09237060695886612,0.10532144457101822,1.4879107475280762
8000,mha,moe,456,5,2,0.06451171636581421,0.05336775258183479,1.4879107475280762
8000,mha,moe,456,5,3,0.06261962652206421,0.06269975751638412,1.4879107475280762
8000,mha,moe,456,5,4,0.042725831270217896,0.04285459220409393,1.4879107475280762
8000,mha,moe,456,5,5,0.02182861417531967,0.03352200984954834,1.4879107475280762
8000,mha,moe,456,5,6,0.06731323152780533,0.06879961490631104,1.4879107475280762
8000,mha,moe,456,5,7,0.08968506008386612,0.07304337620735168,1.4879107475280762
8000,mha,moe,456,5,8,0.0738232433795929,0.07173679023981094,1.4879107475280762
8000,mha,moe,456,5,9,0.042045898735523224,0.0427335649728775,1.4879107475280762
8000,mha,moe,456,5,10,0.06807129085063934,0.05617378652095795,1.4879107475280762
8000,mha,moe,456,5,11,0.0839831531047821,0.0827769935131073,1.4879107475280762
8000,mha,moe,456,5,12,0.06548827886581421,0.06385795772075653,1.4879107475280762
8000,mha,moe,456,5,13,0.060596924275159836,0.04981623962521553,1.4879107475280762
8000,mha,moe,456,5,14,0.06315185874700546,0.06880230456590652,1.4879107475280762
8000,mha,moe,456,5,15,0.03493652492761612,0.05358278378844261,1.4879107475280762
8500,mha,moe,456,1,0,0.06842407584190369,0.05450865626335144,2.43966007232666
8500,mha,moe,456,1,1,0.05537719652056694,0.06467696279287338,2.43966007232666
8500,mha,moe,456,1,2,0.053901366889476776,0.05949198827147484,2.43966007232666
8500,mha,moe,456,1,3,0.046284180134534836,0.056922879070043564,2.43966007232666
8500,mha,moe,456,1,4,0.059959717094898224,0.059853892773389816,2.43966007232666
8500,mha,moe,456,1,5,0.06397826969623566,0.06752924621105194,2.43966007232666
8500,mha,moe,456,1,6,0.06300170719623566,0.06305189430713654,2.43966007232666
8500,mha,moe,456,1,7,0.04498901218175888,0.0574607290327549,2.43966007232666
8500,mha,moe,456,1,8,0.08597656339406967,0.06943871825933456,2.43966007232666
8500,mha,moe,456,1,9,0.06294921785593033,0.0651673674583435,2.43966007232666
8500,mha,moe,456,1,10,0.0628369152545929,0.06237701326608658,2.43966007232666
8500,mha,moe,456,1,11,0.0646655261516571,0.06691808998584747,2.43966007232666
8500,mha,moe,456,1,12,0.06815063208341599,0.05709829926490784,2.43966007232666
8500,mha,moe,456,1,13,0.07258422672748566,0.08195328712463379,2.43966007232666
8500,mha,moe,456,1,14,0.055729981511831284,0.060014110058546066,2.43966007232666
8500,mha,moe,456,1,15,0.07119140774011612,0.05353686958551407,2.43966007232666
8500,mha,moe,456,2,0,0.046375732868909836,0.05444315820932388,1.578384518623352
8500,mha,moe,456,2,1,0.02693481370806694,0.03414284810423851,1.578384518623352
8500,mha,moe,456,2,2,0.07542724907398224,0.07903016358613968,1.578384518623352
8500,mha,moe,456,2,3,0.056123048067092896,0.04434528946876526,1.578384518623352
8500,mha,moe,456,2,4,0.05910278484225273,0.06607203185558319,1.578384518623352
8500,mha,moe,456,2,5,0.0912463366985321,0.0808282196521759,1.578384518623352
8500,mha,moe,456,2,6,0.052070312201976776,0.051990900188684464,1.578384518623352
8500,mha,moe,456,2,7,0.08354492485523224,0.0726187452673912,1.578384518623352
8500,mha,moe,456,2,8,0.07434570044279099,0.08027533441781998,1.578384518623352
8500,mha,moe,456,2,9,0.04054809734225273,0.04435653239488602,1.578384518623352
8500,mha,moe,456,2,10,0.061915282160043716,0.04939314350485802,1.578384518623352
8500,mha,moe,456,2,11,0.06845702975988388,0.07557961344718933,1.578384518623352
8500,mha,moe,456,2,12,0.07366576790809631,0.07658211886882782,1.578384518623352
8500,mha,moe,456,2,13,0.07149901986122131,0.06478101015090942,1.578384518623352
8500,mha,moe,456,2,14,0.05994873121380806,0.06129276379942894,1.578384518623352
8500,mha,moe,456,2,15,0.05879516527056694,0.06426811218261719,1.578384518623352
8500,mha,moe,456,3,0,0.06137939542531967,0.07466492801904678,1.3398590087890625
8500,mha,moe,456,3,1,0.07215087860822678,0.07222338020801544,1.3398590087890625
8500,mha,moe,456,3,2,0.05218261852860451,0.060544103384017944,1.3398590087890625
8500,mha,moe,456,3,3,0.08635497838258743,0.08335154503583908,1.3398590087890625
8500,mha,moe,456,3,4,0.08509155362844467,0.08100558072328568,1.3398590087890625
8500,mha,moe,456,3,5,0.036839600652456284,0.04182416573166847,1.3398590087890625
8500,mha,moe,456,3,6,0.061884764581918716,0.05704076215624809,1.3398590087890625
8500,mha,moe,456,3,7,0.059394530951976776,0.050132330507040024,1.3398590087890625
8500,mha,moe,456,3,8,0.059819336980581284,0.05290631204843521,1.3398590087890625
8500,mha,moe,456,3,9,0.09693359583616257,0.07998547703027725,1.3398590087890625
8500,mha,moe,456,3,10,0.07218994200229645,0.06851805746555328,1.3398590087890625
8500,mha,moe,456,3,11,0.05450073257088661,0.06120285019278526,1.3398590087890625
8500,mha,moe,456,3,12,0.034576416015625,0.03669964149594307,1.3398590087890625
8500,mha,moe,456,3,13,0.05906493961811066,0.057711128145456314,1.3398590087890625
8500,mha,moe,456,3,14,0.053413085639476776,0.06884237378835678,1.3398590087890625
8500,mha,moe,456,3,15,0.05422363430261612,0.05334736406803131,1.3398590087890625
8500,mha,moe,456,4,0,0.05562378093600273,0.0646643415093422,1.2925792932510376
8500,mha,moe,456,4,1,0.03056640550494194,0.03545107692480087,1.2925792932510376
8500,mha,moe,456,4,2,0.06103759631514549,0.07282362133264542,1.2925792932510376
8500,mha,moe,456,4,3,0.04759765788912773,0.046975210309028625,1.2925792932510376
8500,mha,moe,456,4,4,0.11968261748552322,0.08948993682861328,1.2925792932510376
8500,mha,moe,456,4,5,0.07199584692716599,0.073099784553051,1.2925792932510376
8500,mha,moe,456,4,6,0.05932983383536339,0.06577480584383011,1.2925792932510376
8500,mha,moe,456,4,7,0.08168456703424454,0.0764254778623581,1.2925792932510376
8500,mha,moe,456,4,8,0.05098266527056694,0.054164379835128784,1.2925792932510376
8500,mha,moe,456,4,9,0.07177124172449112,0.06387372314929962,1.2925792932510376
8500,mha,moe,456,4,10,0.05671142414212227,0.059771180152893066,1.2925792932510376
8500,mha,moe,456,4,11,0.06009887531399727,0.057990334928035736,1.2925792932510376
8500,mha,moe,456,4,12,0.04720825329422951,0.04928295314311981,1.2925792932510376
8500,mha,moe,456,4,13,0.04084106534719467,0.05764215439558029,1.2925792932510376
8500,mha,moe,456,4,14,0.11530639976263046,0.09857912361621857,1.2925792932510376
8500,mha,moe,456,4,15,0.029561767354607582,0.03399188444018364,1.2925792932510376
8500,mha,moe,456,5,0,0.06589477509260178,0.06942971050739288,1.4742530584335327
8500,mha,moe,456,5,1,0.09564941376447678,0.10803686827421188,1.4742530584335327
8500,mha,moe,456,5,2,0.06447265297174454,0.05372696369886398,1.4742530584335327
8500,mha,moe,456,5,3,0.059925537556409836,0.06301335990428925,1.4742530584335327
8500,mha,moe,456,5,4,0.04252441227436066,0.04299849644303322,1.4742530584335327
8500,mha,moe,456,5,5,0.021831054240465164,0.03378266096115112,1.4742530584335327
8500,mha,moe,456,5,6,0.06621582061052322,0.06666678190231323,1.4742530584335327
8500,mha,moe,456,5,7,0.09566040337085724,0.07884600013494492,1.4742530584335327
8500,mha,moe,456,5,8,0.07365966588258743,0.07258664816617966,1.4742530584335327
8500,mha,moe,456,5,9,0.03932739421725273,0.039868127554655075,1.4742530584335327
8500,mha,moe,456,5,10,0.06858154386281967,0.05725189298391342,1.4742530584335327
8500,mha,moe,456,5,11,0.08168945461511612,0.0789327323436737,1.4742530584335327
8500,mha,moe,456,5,12,0.06404297053813934,0.0621350035071373,1.4742530584335327
8500,mha,moe,456,5,13,0.062415771186351776,0.05199594795703888,1.4742530584335327
8500,mha,moe,456,5,14,0.06427734345197678,0.06860128790140152,1.4742530584335327
8500,mha,moe,456,5,15,0.03383178636431694,0.05212749168276787,1.4742530584335327
9000,mha,moe,456,1,0,0.06641479581594467,0.055117540061473846,2.431586265563965
9000,mha,moe,456,1,1,0.052753906697034836,0.06459291279315948,2.431586265563965
9000,mha,moe,456,1,2,0.04200683534145355,0.056607529520988464,2.431586265563965
9000,mha,moe,456,1,3,0.049284666776657104,0.057008255273103714,2.431586265563965
9000,mha,moe,456,1,4,0.05935302749276161,0.0591985359787941,2.431586265563965
9000,mha,moe,456,1,5,0.06509643793106079,0.06675907969474792,2.431586265563965
9000,mha,moe,456,1,6,0.08223754912614822,0.06881345063447952,2.431586265563965
9000,mha,moe,456,1,7,0.04605957120656967,0.05681769549846649,2.431586265563965
9000,mha,moe,456,1,8,0.07928222417831421,0.06802785396575928,2.431586265563965
9000,mha,moe,456,1,9,0.06571411341428757,0.06642889231443405,2.431586265563965
9000,mha,moe,456,1,10,0.05901855602860451,0.061228279024362564,2.431586265563965
9000,mha,moe,456,1,11,0.07066528499126434,0.06943648308515549,2.431586265563965
9000,mha,moe,456,1,12,0.07783813774585724,0.05940522253513336,2.431586265563965
9000,mha,moe,456,1,13,0.065216064453125,0.07903215289115906,2.431586265563965
9000,mha,moe,456,1,14,0.05315918102860451,0.060297705233097076,2.431586265563965
9000,mha,moe,456,1,15,0.06589965522289276,0.051228415220975876,2.431586265563965
9000,mha,moe,456,2,0,0.048503417521715164,0.05532772094011307,1.5628057718276978
9000,mha,moe,456,2,1,0.028203124180436134,0.03532020002603531,1.5628057718276978
9000,mha,moe,456,2,2,0.07694091647863388,0.07942314445972443,1.5628057718276978
9000,mha,moe,456,2,3,0.057896729558706284,0.04518888518214226,1.5628057718276978
9000,mha,moe,456,2,4,0.05861816555261612,0.06539765000343323,1.5628057718276978
9000,mha,moe,456,2,5,0.09430176019668579,0.08475121855735779,1.5628057718276978
9000,mha,moe,456,2,6,0.048887938261032104,0.05068023502826691,1.5628057718276978
9000,mha,moe,456,2,7,0.07773803919553757,0.0663260966539383,1.5628057718276978
9000,mha,moe,456,2,8,0.07437621802091599,0.07997796684503555,1.5628057718276978
9000,mha,moe,456,2,9,0.042359620332717896,0.04578127712011337,1.5628057718276978
9000,mha,moe,456,2,10,0.062370605766773224,0.049537330865859985,1.5628057718276978
9000,mha,moe,456,2,11,0.07158081233501434,0.0798746719956398,1.5628057718276978
9000,mha,moe,456,2,12,0.07450927793979645,0.07470477372407913,1.5628057718276978
9000,mha,moe,456,2,13,0.07430175691843033,0.06795671582221985,1.5628057718276978
9000,mha,moe,456,2,14,0.05451660230755806,0.057154037058353424,1.5628057718276978
9000,mha,moe,456,2,15,0.05489502102136612,0.06259806454181671,1.5628057718276978
9000,mha,moe,456,3,0,0.061839599162340164,0.07406911998987198,1.3355162143707275
9000,mha,moe,456,3,1,0.07439453154802322,0.0722251683473587,1.3355162143707275
9000,mha,moe,456,3,2,0.05135253816843033,0.06107024848461151,1.3355162143707275
9000,mha,moe,456,3,3,0.09005370736122131,0.08655496686697006,1.3355162143707275
9000,mha,moe,456,3,4,0.08346801996231079,0.07861655205488205,1.3355162143707275
9000,mha,moe,456,3,5,0.03669677674770355,0.04014094918966293,1.3355162143707275
9000,mha,moe,456,3,6,0.057915039360523224,0.05478273332118988,1.3355162143707275
9000,mha,moe,456,3,7,0.05730346590280533,0.04803905636072159,1.3355162143707275
9000,mha,moe,456,3,8,0.057093504816293716,0.05061297118663788,1.3355162143707275
9000,mha,moe,456,3,9,0.09724975377321243,0.0812724381685257,1.3355162143707275
9000,mha,moe,456,3,10,0.07732421904802322,0.07399940490722656,1.3355162143707275
9000,mha,moe,456,3,11,0.05611572414636612,0.06175505742430687,1.3355162143707275
9000,mha,moe,456,3,12,0.037513427436351776,0.03928343579173088,1.3355162143707275
9000,mha,moe,456,3,13,0.05936889722943306,0.05935581028461456,1.3355162143707275
9000,mha,moe,456,3,14,0.05304931476712227,0.06737515330314636,1.3355162143707275
9000,mha,moe,456,3,15,0.04926147311925888,0.05084700137376785,1.3355162143707275
9000,mha,moe,456,4,0,0.05476318299770355,0.0641368106007576,1.2992058992385864
9000,mha,moe,456,4,1,0.02894897386431694,0.03439314290881157,1.2992058992385864
9000,mha,moe,456,4,2,0.06154174730181694,0.07274415343999863,1.2992058992385864
9000,mha,moe,456,4,3,0.044288329780101776,0.04454326629638672,1.2992058992385864
9000,mha,moe,456,4,4,0.124420166015625,0.09417916089296341,1.2992058992385864
9000,mha,moe,456,4,5,0.07614868134260178,0.0775802731513977,1.2992058992385864
9000,mha,moe,456,4,6,0.055085450410842896,0.059788092970848083,1.2992058992385864
9000,mha,moe,456,4,7,0.07971557974815369,0.07402757555246353,1.2992058992385864
9000,mha,moe,456,4,8,0.05054565519094467,0.054263483732938766,1.2992058992385864
9000,mha,moe,456,4,9,0.06905151158571243,0.060982368886470795,1.2992058992385864
9000,mha,moe,456,4,10,0.05845825374126434,0.06112384423613548,1.2992058992385864
9000,mha,moe,456,4,11,0.06147582828998566,0.060922183096408844,1.2992058992385864
9000,mha,moe,456,4,12,0.04747314378619194,0.05019714683294296,1.2992058992385864
9000,mha,moe,456,4,13,0.041279297322034836,0.05775314196944237,1.2992058992385864
9000,mha,moe,456,4,14,0.1153271496295929,0.09837175160646439,1.2992058992385864
9000,mha,moe,456,4,15,0.03147704899311066,0.03499358519911766,1.2992058992385864
9000,mha,moe,456,5,0,0.06272827088832855,0.0676785558462143,1.4825423955917358
9000,mha,moe,456,5,1,0.09394897520542145,0.10668323189020157,1.4825423955917358
9000,mha,moe,456,5,2,0.06627197563648224,0.05414501205086708,1.4825423955917358
9000,mha,moe,456,5,3,0.058991700410842896,0.05931001156568527,1.4825423955917358
9000,mha,moe,456,5,4,0.04258789122104645,0.04350713640451431,1.4825423955917358
9000,mha,moe,456,5,5,0.021274413913488388,0.033123429864645004,1.4825423955917358
9000,mha,moe,456,5,6,0.06381713598966599,0.06440599262714386,1.4825423955917358
9000,mha,moe,456,5,7,0.09146606177091599,0.07499552518129349,1.4825423955917358
9000,mha,moe,456,5,8,0.07441284507513046,0.0719943642616272,1.4825423955917358
9000,mha,moe,456,5,9,0.04030517488718033,0.040166303515434265,1.4825423955917358
9000,mha,moe,456,5,10,0.07170898467302322,0.06000338867306709,1.4825423955917358
9000,mha,moe,456,5,11,0.08615844696760178,0.08573488891124725,1.4825423955917358
9000,mha,moe,456,5,12,0.06541626155376434,0.06406061351299286,1.4825423955917358
9000,mha,moe,456,5,13,0.06258178502321243,0.05155361071228981,1.4825423955917358
9000,mha,moe,456,5,14,0.0646374523639679,0.06941915303468704,1.4825423955917358
9000,mha,moe,456,5,15,0.033692628145217896,0.0532187782227993,1.4825423955917358
9500,mha,moe,456,1,0,0.06739013642072678,0.05675380676984787,2.4195473194122314
9500,mha,moe,456,1,1,0.05731567367911339,0.06603791564702988,2.4195473194122314
9500,mha,moe,456,1,2,0.05178589001297951,0.05782397836446762,2.4195473194122314
9500,mha,moe,456,1,3,0.05633911117911339,0.05742509290575981,2.4195473194122314
9500,mha,moe,456,1,4,0.06258178502321243,0.0617188923060894,2.4195473194122314
9500,mha,moe,456,1,5,0.052369385957717896,0.06489265710115433,2.4195473194122314
9500,mha,moe,456,1,6,0.07296264916658401,0.06592226028442383,2.4195473194122314
9500,mha,moe,456,1,7,0.048057861626148224,0.05742960795760155,2.4195473194122314
9500,mha,moe,456,1,8,0.07558471709489822,0.06558415293693542,2.4195473194122314
9500,mha,moe,456,1,9,0.06504638493061066,0.06407009810209274,2.4195473194122314
9500,mha,moe,456,1,10,0.058311767876148224,0.06170645356178284,2.4195473194122314
9500,mha,moe,456,1,11,0.06693481653928757,0.06721016764640808,2.4195473194122314
9500,mha,moe,456,1,12,0.07597289979457855,0.0581076443195343,2.4195473194122314
9500,mha,moe,456,1,13,0.06025879085063934,0.07864023000001907,2.4195473194122314
9500,mha,moe,456,1,14,0.05479980632662773,0.060227133333683014,2.4195473194122314
9500,mha,moe,456,1,15,0.07428833097219467,0.05644995719194412,2.4195473194122314
9500,mha,moe,456,2,0,0.04850463941693306,0.05650193616747856,1.5706120729446411
9500,mha,moe,456,2,1,0.032469481229782104,0.0385163389146328,1.5706120729446411
9500,mha,moe,456,2,2,0.07598876953125,0.07935866713523865,1.5706120729446411
9500,mha,moe,456,2,3,0.05701904371380806,0.04422590881586075,1.5706120729446411
9500,mha,moe,456,2,4,0.06257812678813934,0.06882014125585556,1.5706120729446411
9500,mha,moe,456,2,5,0.09015747159719467,0.07931859791278839,1.5706120729446411
9500,mha,moe,456,2,6,0.051350098103284836,0.05223320424556732,1.5706120729446411
9500,mha,moe,456,2,7,0.08208008110523224,0.0709918737411499,1.5706120729446411
9500,mha,moe,456,2,8,0.07201049476861954,0.07749848067760468,1.5706120729446411
9500,mha,moe,456,2,9,0.04113403335213661,0.04495096206665039,1.5706120729446411
9500,mha,moe,456,2,10,0.062957763671875,0.05083128809928894,1.5706120729446411
9500,mha,moe,456,2,11,0.06998413056135178,0.07796492427587509,1.5706120729446411
9500,mha,moe,456,2,12,0.06794677674770355,0.06938733905553818,1.5706120729446411
9500,mha,moe,456,2,13,0.070587158203125,0.06447423249483109,1.5706120729446411
9500,mha,moe,456,2,14,0.05746826156973839,0.05962982773780823,1.5706120729446411
9500,mha,moe,456,2,15,0.05776367336511612,0.0652962476015091,1.5706120729446411
9500,mha,moe,456,3,0,0.06362670660018921,0.07543691992759705,1.342314600944519
9500,mha,moe,456,3,1,0.07203003019094467,0.07031270116567612,1.342314600944519
9500,mha,moe,456,3,2,0.053752440959215164,0.06533624976873398,1.342314600944519
9500,mha,moe,456,3,3,0.08629638701677322,0.08127131313085556,1.342314600944519
9500,mha,moe,456,3,4,0.08202148228883743,0.07534044981002808,1.342314600944519
9500,mha,moe,456,3,5,0.03722289949655533,0.04162588715553284,1.342314600944519
9500,mha,moe,456,3,6,0.05855468660593033,0.054175786674022675,1.342314600944519
9500,mha,moe,456,3,7,0.05879028141498566,0.04988997429609299,1.342314600944519
9500,mha,moe,456,3,8,0.060679931193590164,0.05370737612247467,1.342314600944519
9500,mha,moe,456,3,9,0.09481444954872131,0.07961335778236389,1.342314600944519
9500,mha,moe,456,3,10,0.07210326939821243,0.06849230080842972,1.342314600944519
9500,mha,moe,456,3,11,0.05479736253619194,0.061620816588401794,1.342314600944519
9500,mha,moe,456,3,12,0.03904419019818306,0.04039381816983223,1.342314600944519
9500,mha,moe,456,3,13,0.05957885831594467,0.060091257095336914,1.342314600944519
9500,mha,moe,456,3,14,0.05293945223093033,0.06806498020887375,1.342314600944519
9500,mha,moe,456,3,15,0.05374755710363388,0.05462681129574776,1.342314600944519
9500,mha,moe,456,4,0,0.055457763373851776,0.06483273208141327,1.303187370300293
9500,mha,moe,456,4,1,0.03043212927877903,0.035859476774930954,1.303187370300293
9500,mha,moe,456,4,2,0.058319091796875,0.06947475671768188,1.303187370300293
9500,mha,moe,456,4,3,0.046257324516773224,0.045827049762010574,1.303187370300293
9500,mha,moe,456,4,4,0.12248535454273224,0.09277535229921341,1.303187370300293
9500,mha,moe,456,4,5,0.07556640356779099,0.07720372825860977,1.303187370300293
9500,mha,moe,456,4,6,0.05622680485248566,0.06065219268202782,1.303187370300293
9500,mha,moe,456,4,7,0.08088500797748566,0.07532016932964325,1.303187370300293
9500,mha,moe,456,4,8,0.04955444484949112,0.05230331793427467,1.303187370300293
9500,mha,moe,456,4,9,0.07131469994783401,0.06458307802677155,1.303187370300293
9500,mha,moe,456,4,10,0.05663086101412773,0.05948709324002266,1.303187370300293
9500,mha,moe,456,4,11,0.06378661841154099,0.06330285221338272,1.303187370300293
9500,mha,moe,456,4,12,0.04689086973667145,0.05035759136080742,1.303187370300293
9500,mha,moe,456,4,13,0.04130370914936066,0.05807147175073624,1.303187370300293
9500,mha,moe,456,4,14,0.11442627012729645,0.0961090475320816,1.303187370300293
9500,mha,moe,456,4,15,0.03046264685690403,0.03384009003639221,1.303187370300293
9500,mha,moe,456,5,0,0.06491576880216599,0.06866902858018875,1.4869328737258911
9500,mha,moe,456,5,1,0.09245849400758743,0.10435641556978226,1.4869328737258911
9500,mha,moe,456,5,2,0.066375732421875,0.055157627910375595,1.4869328737258911
9500,mha,moe,456,5,3,0.060649413615465164,0.06254512071609497,1.4869328737258911
9500,mha,moe,456,5,4,0.04184570163488388,0.0427987203001976,1.4869328737258911
9500,mha,moe,456,5,5,0.021995849907398224,0.0340840183198452,1.4869328737258911
9500,mha,moe,456,5,6,0.06598266959190369,0.06592673063278198,1.4869328737258911
9500,mha,moe,456,5,7,0.08914916962385178,0.07325125485658646,1.4869328737258911
9500,mha,moe,456,5,8,0.07460693269968033,0.0728759914636612,1.4869328737258911
9500,mha,moe,456,5,9,0.042149659246206284,0.0422804169356823,1.4869328737258911
9500,mha,moe,456,5,10,0.06962890923023224,0.05798286944627762,1.4869328737258911
9500,mha,moe,456,5,11,0.08368896692991257,0.0807851031422615,1.4869328737258911
9500,mha,moe,456,5,12,0.06349731236696243,0.06286031007766724,1.4869328737258911
9500,mha,moe,456,5,13,0.06272704899311066,0.051229123026132584,1.4869328737258911
9500,mha,moe,456,5,14,0.06596801429986954,0.0708697959780693,1.4869328737258911
9500,mha,moe,456,5,15,0.03436035290360451,0.05432746931910515,1.4869328737258911
10000,mha,moe,456,1,0,0.07304931432008743,0.058728162199258804,2.416985034942627
10000,mha,moe,456,1,1,0.05287231504917145,0.06547683477401733,2.416985034942627
10000,mha,moe,456,1,2,0.04643188416957855,0.05608292669057846,2.416985034942627
10000,mha,moe,456,1,3,0.05244384706020355,0.057258863002061844,2.416985034942627
10000,mha,moe,456,1,4,0.06624511629343033,0.06298382580280304,2.416985034942627
10000,mha,moe,456,1,5,0.055308837443590164,0.06401680409908295,2.416985034942627
10000,mha,moe,456,1,6,0.06674926728010178,0.06404441595077515,2.416985034942627
10000,mha,moe,456,1,7,0.050190430134534836,0.056494779884815216,2.416985034942627
10000,mha,moe,456,1,8,0.07319946587085724,0.06551665812730789,2.416985034942627
10000,mha,moe,456,1,9,0.06889404356479645,0.06629274040460587,2.416985034942627
10000,mha,moe,456,1,10,0.06472533941268921,0.0646899864077568,2.416985034942627
10000,mha,moe,456,1,11,0.05977417156100273,0.0655844584107399,2.416985034942627
10000,mha,moe,456,1,12,0.07885497808456421,0.059184182435274124,2.416985034942627
10000,mha,moe,456,1,13,0.06605224311351776,0.07866853475570679,2.416985034942627
10000,mha,moe,456,1,14,0.05589599534869194,0.06051552668213844,2.416985034942627
10000,mha,moe,456,1,15,0.06931274384260178,0.054461315274238586,2.416985034942627
10000,mha,moe,456,2,0,0.051002196967601776,0.05839484557509422,1.5732378959655762
10000,mha,moe,456,2,1,0.03064575232565403,0.03646070882678032,1.5732378959655762
10000,mha,moe,456,2,2,0.07395508140325546,0.07765151560306549,1.5732378959655762
10000,mha,moe,456,2,3,0.05912597477436066,0.04551456496119499,1.5732378959655762
10000,mha,moe,456,2,4,0.05847778171300888,0.06544910371303558,1.5732378959655762
10000,mha,moe,456,2,5,0.09041503816843033,0.07990484684705734,1.5732378959655762
10000,mha,moe,456,2,6,0.04738525301218033,0.04877258837223053,1.5732378959655762
10000,mha,moe,456,2,7,0.08569580316543579,0.07398132979869843,1.5732378959655762
10000,mha,moe,456,2,8,0.06958740204572678,0.07534841448068619,1.5732378959655762
10000,mha,moe,456,2,9,0.04476074129343033,0.048313550651073456,1.5732378959655762
10000,mha,moe,456,2,10,0.06278564780950546,0.05004741623997688,1.5732378959655762
10000,mha,moe,456,2,11,0.07025634497404099,0.07885312288999557,1.5732378959655762
10000,mha,moe,456,2,12,0.07068847864866257,0.07242847234010696,1.5732378959655762
10000,mha,moe,456,2,13,0.06792480498552322,0.0617377944290638,1.5732378959655762
10000,mha,moe,456,2,14,0.0594482421875,0.061863433569669724,1.5732378959655762
10000,mha,moe,456,2,15,0.05784545838832855,0.0652783066034317,1.5732378959655762
10000,mha,moe,456,3,0,0.06354247778654099,0.07390002906322479,1.3400944471359253
10000,mha,moe,456,3,1,0.07400146126747131,0.07411222159862518,1.3400944471359253
10000,mha,moe,456,3,2,0.05181518569588661,0.061409372836351395,1.3400944471359253
10000,mha,moe,456,3,3,0.08694702386856079,0.0834205225110054,1.3400944471359253
10000,mha,moe,456,3,4,0.08062744140625,0.07430333644151688,1.3400944471359253
10000,mha,moe,456,3,5,0.03715454041957855,0.04138893634080887,1.3400944471359253
10000,mha,moe,456,3,6,0.061467286199331284,0.05772900953888893,1.3400944471359253
10000,mha,moe,456,3,7,0.060100097209215164,0.05090673267841339,1.3400944471359253
10000,mha,moe,456,3,8,0.06087280437350273,0.05402110517024994,1.3400944471359253
10000,mha,moe,456,3,9,0.0934741199016571,0.07849936187267303,1.3400944471359253
10000,mha,moe,456,3,10,0.07245849817991257,0.06918475031852722,1.3400944471359253
10000,mha,moe,456,3,11,0.05566772446036339,0.06139249727129936,1.3400944471359253
10000,mha,moe,456,3,12,0.03767333924770355,0.03942076861858368,1.3400944471359253
10000,mha,moe,456,3,13,0.05912964046001434,0.05755673721432686,1.3400944471359253
10000,mha,moe,456,3,14,0.05485717952251434,0.07137107104063034,1.3400944471359253
10000,mha,moe,456,3,15,0.05021118000149727,0.05138349533081055,1.3400944471359253
10000,mha,moe,456,4,0,0.056987304240465164,0.06683629751205444,1.316841721534729
10000,mha,moe,456,4,1,0.03167968615889549,0.03684605658054352,1.316841721534729
10000,mha,moe,456,4,2,0.057591553777456284,0.06779332458972931,1.316841721534729
10000,mha,moe,456,4,3,0.04677123948931694,0.04742806404829025,1.316841721534729
10000,mha,moe,456,4,4,0.12322021275758743,0.09218965470790863,1.316841721534729
10000,mha,moe,456,4,5,0.07252685725688934,0.07363094389438629,1.316841721534729
10000,mha,moe,456,4,6,0.05699707195162773,0.06213599815964699,1.316841721534729
10000,mha,moe,456,4,7,0.07646118104457855,0.07145151495933533,1.316841721534729
10000,mha,moe,456,4,8,0.04805542156100273,0.051636870950460434,1.316841721534729
10000,mha,moe,456,4,9,0.07109863311052322,0.06337994337081909,1.316841721534729
10000,mha,moe,456,4,10,0.05753418058156967,0.06098529323935509,1.316841721534729
10000,mha,moe,456,4,11,0.06090332195162773,0.06073261424899101,1.316841721534729
10000,mha,moe,456,4,12,0.047083739191293716,0.05028610676527023,1.316841721534729
10000,mha,moe,456,4,13,0.04123168811202049,0.057893190532922745,1.316841721534729
10000,mha,moe,456,4,14,0.11768677085638046,0.10019529610872269,1.316841721534729
10000,mha,moe,456,4,15,0.03417114168405533,0.03657881170511246,1.316841721534729
10000,mha,moe,456,5,0,0.06438598781824112,0.07021336257457733,1.4806219339370728
10000,mha,moe,456,5,1,0.09210205078125,0.10357218980789185,1.4806219339370728
10000,mha,moe,456,5,2,0.06291259825229645,0.052062783390283585,1.4806219339370728
10000,mha,moe,456,5,3,0.06085205078125,0.06376630067825317,1.4806219339370728
10000,mha,moe,456,5,4,0.04303222522139549,0.042868003249168396,1.4806219339370728
10000,mha,moe,456,5,5,0.021364746615290642,0.033845677971839905,1.4806219339370728
10000,mha,moe,456,5,6,0.06874145567417145,0.06883931905031204,1.4806219339370728
10000,mha,moe,456,5,7,0.09290771186351776,0.07514005899429321,1.4806219339370728
10000,mha,moe,456,5,8,0.07172241061925888,0.0698307678103447,1.4806219339370728
10000,mha,moe,456,5,9,0.03900512680411339,0.03870652988553047,1.4806219339370728
10000,mha,moe,456,5,10,0.07172851264476776,0.05966084450483322,1.4806219339370728
10000,mha,moe,456,5,11,0.0831616222858429,0.08130452036857605,1.4806219339370728
10000,mha,moe,456,5,12,0.06480590999126434,0.06392642855644226,1.4806219339370728
10000,mha,moe,456,5,13,0.06574585288763046,0.05504326894879341,1.4806219339370728
10000,mha,moe,456,5,14,0.06074218824505806,0.06412745267152786,1.4806219339370728
10000,mha,moe,456,5,15,0.03678955137729645,0.05709247291088104,1.4806219339370728
10500,mha,moe,456,1,0,0.059813231229782104,0.05234533175826073,2.406546115875244
10500,mha,moe,456,1,1,0.055845946073532104,0.06684037297964096,2.406546115875244
10500,mha,moe,456,1,2,0.05473632737994194,0.057833727449178696,2.406546115875244
10500,mha,moe,456,1,3,0.05650390684604645,0.058783646672964096,2.406546115875244
10500,mha,moe,456,1,4,0.057825926691293716,0.06004362925887108,2.406546115875244
10500,mha,moe,456,1,5,0.054222412407398224,0.06574717164039612,2.406546115875244
10500,mha,moe,456,1,6,0.06577758491039276,0.06392624229192734,2.406546115875244
10500,mha,moe,456,1,7,0.06680908054113388,0.06036796048283577,2.406546115875244
10500,mha,moe,456,1,8,0.07779418677091599,0.06745663285255432,2.406546115875244
10500,mha,moe,456,1,9,0.06438110023736954,0.06554602831602097,2.406546115875244
10500,mha,moe,456,1,10,0.05904174968600273,0.061664704233407974,2.406546115875244
10500,mha,moe,456,1,11,0.05937744304537773,0.06546257436275482,2.406546115875244
10500,mha,moe,456,1,12,0.07531493902206421,0.058919381350278854,2.406546115875244
10500,mha,moe,456,1,13,0.06385986506938934,0.07884757220745087,2.406546115875244
10500,mha,moe,456,1,14,0.060130614787340164,0.06178729981184006,2.406546115875244
10500,mha,moe,456,1,15,0.06856567412614822,0.05442764610052109,2.406546115875244
10500,mha,moe,456,2,0,0.04750610515475273,0.055710211396217346,1.5772329568862915
10500,mha,moe,456,2,1,0.032966308295726776,0.03914107382297516,1.5772329568862915
10500,mha,moe,456,2,2,0.07750854641199112,0.0815330296754837,1.5772329568862915
10500,mha,moe,456,2,3,0.061455078423023224,0.04670831561088562,1.5772329568862915
10500,mha,moe,456,2,4,0.05800781399011612,0.06497938930988312,1.5772329568862915
10500,mha,moe,456,2,5,0.0921948254108429,0.08124994486570358,1.5772329568862915
10500,mha,moe,456,2,6,0.048743896186351776,0.05026332288980484,1.5772329568862915
10500,mha,moe,456,2,7,0.08277954161167145,0.07066650688648224,1.5772329568862915
10500,mha,moe,456,2,8,0.07332031428813934,0.0775572657585144,1.5772329568862915
10500,mha,moe,456,2,9,0.04300903156399727,0.04761167988181114,1.5772329568862915
10500,mha,moe,456,2,10,0.06456176936626434,0.05143314227461815,1.5772329568862915
10500,mha,moe,456,2,11,0.06759155541658401,0.07500603049993515,1.5772329568862915
10500,mha,moe,456,2,12,0.06928100436925888,0.07314486801624298,1.5772329568862915
10500,mha,moe,456,2,13,0.06921020150184631,0.062195807695388794,1.5772329568862915
10500,mha,moe,456,2,14,0.05676025524735451,0.05926014110445976,1.5772329568862915
10500,mha,moe,456,2,15,0.055103760212659836,0.06353923678398132,1.5772329568862915
10500,mha,moe,456,3,0,0.061613768339157104,0.07321755588054657,1.3433444499969482
10500,mha,moe,456,3,1,0.07341674715280533,0.07195965200662613,1.3433444499969482
10500,mha,moe,456,3,2,0.052739258855581284,0.06294021755456924,1.3433444499969482
10500,mha,moe,456,3,3,0.08545776456594467,0.08164238929748535,1.3433444499969482
10500,mha,moe,456,3,4,0.08274902403354645,0.07822070270776749,1.3433444499969482
10500,mha,moe,456,3,5,0.03742065280675888,0.041856732219457626,1.3433444499969482
10500,mha,moe,456,3,6,0.060212403535842896,0.056680746376514435,1.3433444499969482
10500,mha,moe,456,3,7,0.06012329086661339,0.05108671635389328,1.3433444499969482
10500,mha,moe,456,3,8,0.060627441853284836,0.05408884212374687,1.3433444499969482
10500,mha,moe,456,3,9,0.09435180574655533,0.07854922115802765,1.3433444499969482
10500,mha,moe,456,3,10,0.07301513850688934,0.06952784210443497,1.3433444499969482
10500,mha,moe,456,3,11,0.05590576305985451,0.06206255778670311,1.3433444499969482
10500,mha,moe,456,3,12,0.03778076171875,0.039483506232500076,1.3433444499969482
10500,mha,moe,456,3,13,0.05905517563223839,0.058767981827259064,1.3433444499969482
10500,mha,moe,456,3,14,0.05260864272713661,0.06675881147384644,1.3433444499969482
10500,mha,moe,456,3,15,0.052922364324331284,0.0531565397977829,1.3433444499969482
10500,mha,moe,456,4,0,0.05210693180561066,0.06213198974728584,1.3106417655944824
10500,mha,moe,456,4,1,0.032257080078125,0.03781481459736824,1.3106417655944824
10500,mha,moe,456,4,2,0.058531492948532104,0.07004370540380478,1.3106417655944824
10500,mha,moe,456,4,3,0.046436768025159836,0.04629293084144592,1.3106417655944824
10500,mha,moe,456,4,4,0.12193725258111954,0.091464102268219,1.3106417655944824
10500,mha,moe,456,4,5,0.07368042320013046,0.0757233276963234,1.3106417655944824
10500,mha,moe,456,4,6,0.05432983487844467,0.06027643382549286,1.3106417655944824
10500,mha,moe,456,4,7,0.07949462532997131,0.07386229187250137,1.3106417655944824
10500,mha,moe,456,4,8,0.051457520574331284,0.05348911136388779,1.3106417655944824
10500,mha,moe,456,4,9,0.06730712950229645,0.060475707054138184,1.3106417655944824
10500,mha,moe,456,4,10,0.05742553621530533,0.060728784650564194,1.3106417655944824
10500,mha,moe,456,4,11,0.06316039711236954,0.06251125037670135,1.3106417655944824
10500,mha,moe,456,4,12,0.04809814319014549,0.051583293825387955,1.3106417655944824
10500,mha,moe,456,4,13,0.04236816242337227,0.05885407328605652,1.3106417655944824
10500,mha,moe,456,4,14,0.11656494438648224,0.0978693962097168,1.3106417655944824
10500,mha,moe,456,4,15,0.034843750298023224,0.03687871992588043,1.3106417655944824
10500,mha,moe,456,5,0,0.06275878846645355,0.067414790391922,1.4764971733093262
10500,mha,moe,456,5,1,0.09434082359075546,0.10377190262079239,1.4764971733093262
10500,mha,moe,456,5,2,0.06380371004343033,0.052537430077791214,1.4764971733093262
10500,mha,moe,456,5,3,0.060618896037340164,0.06238624453544617,1.4764971733093262
10500,mha,moe,456,5,4,0.039936523884534836,0.039549216628074646,1.4764971733093262
10500,mha,moe,456,5,5,0.023013915866613388,0.035114750266075134,1.4764971733093262
10500,mha,moe,456,5,6,0.06429199129343033,0.06508385390043259,1.4764971733093262
10500,mha,moe,456,5,7,0.09623657166957855,0.07878178358078003,1.4764971733093262
10500,mha,moe,456,5,8,0.07353149354457855,0.07176152616739273,1.4764971733093262
10500,mha,moe,456,5,9,0.03970092907547951,0.04125196114182472,1.4764971733093262
10500,mha,moe,456,5,10,0.06927245855331421,0.05830075219273567,1.4764971733093262
10500,mha,moe,456,5,11,0.0838330090045929,0.08204998075962067,1.4764971733093262
10500,mha,moe,456,5,12,0.06432006508111954,0.06317095458507538,1.4764971733093262
10500,mha,moe,456,5,13,0.06590454280376434,0.05537613853812218,1.4764971733093262
10500,mha,moe,456,5,14,0.061768800020217896,0.06641620397567749,1.4764971733093262
10500,mha,moe,456,5,15,0.03666748106479645,0.057032469660043716,1.4764971733093262
11000,mha,moe,456,1,0,0.06533325463533401,0.05591565743088722,2.39518666267395
11000,mha,moe,456,1,1,0.05708007887005806,0.0663590133190155,2.39518666267395
11000,mha,moe,456,1,2,0.046662598848342896,0.05430051311850548,2.39518666267395
11000,mha,moe,456,1,3,0.06371460109949112,0.059881873428821564,2.39518666267395
11000,mha,moe,456,1,4,0.06258056312799454,0.061731185764074326,2.39518666267395
11000,mha,moe,456,1,5,0.05400756746530533,0.06446580588817596,2.39518666267395
11000,mha,moe,456,1,6,0.06855590641498566,0.06450830399990082,2.39518666267395
11000,mha,moe,456,1,7,0.04491332918405533,0.05444308742880821,2.39518666267395
11000,mha,moe,456,1,8,0.0762316882610321,0.06681273132562637,2.39518666267395
11000,mha,moe,456,1,9,0.062098387628793716,0.06519004702568054,2.39518666267395
11000,mha,moe,456,1,10,0.06248169019818306,0.06482166051864624,2.39518666267395
11000,mha,moe,456,1,11,0.06400146335363388,0.06641137599945068,2.39518666267395
11000,mha,moe,456,1,12,0.07285888493061066,0.05792040750384331,2.39518666267395
11000,mha,moe,456,1,13,0.06779541075229645,0.08032835274934769,2.39518666267395
11000,mha,moe,456,1,14,0.06101684644818306,0.06076269596815109,2.39518666267395
11000,mha,moe,456,1,15,0.07066772133111954,0.056147199124097824,2.39518666267395
11000,mha,moe,456,2,0,0.04742675647139549,0.054640140384435654,1.5775848627090454
11000,mha,moe,456,2,1,0.03584839031100273,0.041521601378917694,1.5775848627090454
11000,mha,moe,456,2,2,0.07275878638029099,0.07624489814043045,1.5775848627090454
11000,mha,moe,456,2,3,0.06192626804113388,0.04830178618431091,1.5775848627090454
11000,mha,moe,456,2,4,0.05879150331020355,0.06510531157255173,1.5775848627090454
11000,mha,moe,456,2,5,0.0911853015422821,0.07984378188848495,1.5775848627090454
11000,mha,moe,456,2,6,0.04970703274011612,0.05101793631911278,1.5775848627090454
11000,mha,moe,456,2,7,0.08376342803239822,0.07312572002410889,1.5775848627090454
11000,mha,moe,456,2,8,0.0699462890625,0.07523633539676666,1.5775848627090454
11000,mha,moe,456,2,9,0.04509887844324112,0.04866935685276985,1.5775848627090454
11000,mha,moe,456,2,10,0.061439208686351776,0.049853719770908356,1.5775848627090454
11000,mha,moe,456,2,11,0.06803832948207855,0.07525766640901566,1.5775848627090454
11000,mha,moe,456,2,12,0.069427490234375,0.07189464569091797,1.5775848627090454
11000,mha,moe,456,2,13,0.07060424983501434,0.06521150469779968,1.5775848627090454
11000,mha,moe,456,2,14,0.05853271484375,0.06155511364340782,1.5775848627090454
11000,mha,moe,456,2,15,0.05550537258386612,0.06252049654722214,1.5775848627090454
11000,mha,moe,456,3,0,0.0638110339641571,0.07479073852300644,1.3483247756958008
11000,mha,moe,456,3,1,0.07246948033571243,0.0716373547911644,1.3483247756958008
11000,mha,moe,456,3,2,0.05222900211811066,0.06280229240655899,1.3483247756958008
11000,mha,moe,456,3,3,0.08578979223966599,0.0817384272813797,1.3483247756958008
11000,mha,moe,456,3,4,0.08119384944438934,0.07562847435474396,1.3483247756958008
11000,mha,moe,456,3,5,0.037224121391773224,0.04225214943289757,1.3483247756958008
11000,mha,moe,456,3,6,0.06178222596645355,0.057973556220531464,1.3483247756958008
11000,mha,moe,456,3,7,0.06193725764751434,0.05281544849276543,1.3483247756958008
11000,mha,moe,456,3,8,0.061064451932907104,0.054860252887010574,1.3483247756958008
11000,mha,moe,456,3,9,0.09369263052940369,0.07806237041950226,1.3483247756958008
11000,mha,moe,456,3,10,0.07191528379917145,0.06759244948625565,1.3483247756958008
11000,mha,moe,456,3,11,0.05489257723093033,0.06150028109550476,1.3483247756958008
11000,mha,moe,456,3,12,0.03665527328848839,0.03884550929069519,1.3483247756958008
11000,mha,moe,456,3,13,0.05950073152780533,0.059321146458387375,1.3483247756958008
11000,mha,moe,456,3,14,0.05186767503619194,0.06637758016586304,1.3483247756958008
11000,mha,moe,456,3,15,0.053974609822034836,0.05380196124315262,1.3483247756958008
11000,mha,moe,456,4,0,0.05491454899311066,0.06447579711675644,1.3123325109481812
11000,mha,moe,456,4,1,0.030838623642921448,0.036048177629709244,1.3123325109481812
11000,mha,moe,456,4,2,0.057770997285842896,0.06818832457065582,1.3123325109481812
11000,mha,moe,456,4,3,0.04813598468899727,0.04754919931292534,1.3123325109481812
11000,mha,moe,456,4,4,0.12134155631065369,0.09038175642490387,1.3123325109481812
11000,mha,moe,456,4,5,0.07167602330446243,0.0733567476272583,1.3123325109481812
11000,mha,moe,456,4,6,0.055073242634534836,0.06078088656067848,1.3123325109481812
11000,mha,moe,456,4,7,0.08026611059904099,0.0751781016588211,1.3123325109481812
11000,mha,moe,456,4,8,0.05241088941693306,0.05543472617864609,1.3123325109481812
11000,mha,moe,456,4,9,0.07138671725988388,0.06476925313472748,1.3123325109481812
11000,mha,moe,456,4,10,0.058220215141773224,0.06141599640250206,1.3123325109481812
11000,mha,moe,456,4,11,0.061878662556409836,0.06168867275118828,1.3123325109481812
11000,mha,moe,456,4,12,0.04755004867911339,0.05126617103815079,1.3123325109481812
11000,mha,moe,456,4,13,0.04227660968899727,0.057627029716968536,1.3123325109481812
11000,mha,moe,456,4,14,0.11424316465854645,0.09597554802894592,1.3123325109481812
11000,mha,moe,456,4,15,0.03201660141348839,0.03586363419890404,1.3123325109481812
11000,mha,moe,456,5,0,0.06476562470197678,0.06913673132658005,1.4732582569122314
11000,mha,moe,456,5,1,0.09124267846345901,0.10114284604787827,1.4732582569122314
11000,mha,moe,456,5,2,0.06401611119508743,0.05340547114610672,1.4732582569122314
11000,mha,moe,456,5,3,0.06158203259110451,0.06332410126924515,1.4732582569122314
11000,mha,moe,456,5,4,0.042457275092601776,0.04170624911785126,1.4732582569122314
11000,mha,moe,456,5,5,0.02352294884622097,0.035980336368083954,1.4732582569122314
11000,mha,moe,456,5,6,0.06627929955720901,0.06603250652551651,1.4732582569122314
11000,mha,moe,456,5,7,0.09183959662914276,0.07567928731441498,1.4732582569122314
11000,mha,moe,456,5,8,0.07282836735248566,0.07142791897058487,1.4732582569122314
11000,mha,moe,456,5,9,0.04060913249850273,0.04151533916592598,1.4732582569122314
11000,mha,moe,456,5,10,0.06856323033571243,0.057871200144290924,1.4732582569122314
11000,mha,moe,456,5,11,0.08256225287914276,0.07981447130441666,1.4732582569122314
11000,mha,moe,456,5,12,0.06371460109949112,0.06270045042037964,1.4732582569122314
11000,mha,moe,456,5,13,0.06489136070013046,0.05436517670750618,1.4732582569122314
11000,mha,moe,456,5,14,0.06387695670127869,0.06805741041898727,1.4732582569122314
11000,mha,moe,456,5,15,0.03724853694438934,0.057840511202812195,1.4732582569122314
11500,mha,moe,456,1,0,0.06337402015924454,0.05514146760106087,2.389744520187378
11500,mha,moe,456,1,1,0.05332031100988388,0.06632720679044724,2.389744520187378
11500,mha,moe,456,1,2,0.05232299864292145,0.05565423145890236,2.389744520187378
11500,mha,moe,456,1,3,0.05362548679113388,0.05752278491854668,2.389744520187378
11500,mha,moe,456,1,4,0.0693066418170929,0.06452543288469315,2.389744520187378
11500,mha,moe,456,1,5,0.0633557140827179,0.06625983864068985,2.389744520187378
11500,mha,moe,456,1,6,0.06401245296001434,0.0640147477388382,2.389744520187378
11500,mha,moe,456,1,7,0.05556396394968033,0.056530777364969254,2.389744520187378
11500,mha,moe,456,1,8,0.07894287258386612,0.06807772070169449,2.389744520187378
11500,mha,moe,456,1,9,0.056202393025159836,0.06264691799879074,2.389744520187378
11500,mha,moe,456,1,10,0.06304565072059631,0.0644519180059433,2.389744520187378
11500,mha,moe,456,1,11,0.063934326171875,0.06741263717412949,2.389744520187378
11500,mha,moe,456,1,12,0.07169555872678757,0.05785464122891426,2.389744520187378
11500,mha,moe,456,1,13,0.06368530541658401,0.07753779739141464,2.389744520187378
11500,mha,moe,456,1,14,0.061925049871206284,0.062224917113780975,2.389744520187378
11500,mha,moe,456,1,15,0.06568725407123566,0.053816959261894226,2.389744520187378
11500,mha,moe,456,2,0,0.04728149250149727,0.05519191175699234,1.5661543607711792
11500,mha,moe,456,2,1,0.032691650092601776,0.03882233425974846,1.5661543607711792
11500,mha,moe,456,2,2,0.07539428770542145,0.07853898406028748,1.5661543607711792
11500,mha,moe,456,2,3,0.06273315101861954,0.04765687882900238,1.5661543607711792
11500,mha,moe,456,2,4,0.06203002855181694,0.06799964606761932,1.5661543607711792
11500,mha,moe,456,2,5,0.09343994408845901,0.08291056007146835,1.5661543607711792
11500,mha,moe,456,2,6,0.049351807683706284,0.05112117901444435,1.5661543607711792
11500,mha,moe,456,2,7,0.07977539300918579,0.06835111975669861,1.5661543607711792
11500,mha,moe,456,2,8,0.07224487513303757,0.07857366651296616,1.5661543607711792
11500,mha,moe,456,2,9,0.040473632514476776,0.044400978833436966,1.5661543607711792
11500,mha,moe,456,2,10,0.0657336413860321,0.05329079180955887,1.5661543607711792
11500,mha,moe,456,2,11,0.06697753816843033,0.07462141662836075,1.5661543607711792
11500,mha,moe,456,2,12,0.06749023497104645,0.07045431435108185,1.5661543607711792
11500,mha,moe,456,2,13,0.07113403081893921,0.0638938844203949,1.5661543607711792
11500,mha,moe,456,2,14,0.05755859240889549,0.061273928731679916,1.5661543607711792
11500,mha,moe,456,2,15,0.055689696222543716,0.0628984197974205,1.5661543607711792
11500,mha,moe,456,3,0,0.06190185621380806,0.07254625111818314,1.3534181118011475
11500,mha,moe,456,3,1,0.07012207061052322,0.07053308933973312,1.3534181118011475
11500,mha,moe,456,3,2,0.05354858562350273,0.06218342483043671,1.3534181118011475
11500,mha,moe,456,3,3,0.08625122159719467,0.0831441581249237,1.3534181118011475
11500,mha,moe,456,3,4,0.08287719637155533,0.07804209738969803,1.3534181118011475
11500,mha,moe,456,3,5,0.03688110411167145,0.0416991151869297,1.3534181118011475
11500,mha,moe,456,3,6,0.05896850675344467,0.05599278584122658,1.3534181118011475
11500,mha,moe,456,3,7,0.06153198331594467,0.05122552812099457,1.3534181118011475
11500,mha,moe,456,3,8,0.05747436359524727,0.052242737263441086,1.3534181118011475
11500,mha,moe,456,3,9,0.09360107779502869,0.07722879201173782,1.3534181118011475
11500,mha,moe,456,3,10,0.07744873315095901,0.07302310317754745,1.3534181118011475
11500,mha,moe,456,3,11,0.05926147475838661,0.06447916477918625,1.3534181118011475
11500,mha,moe,456,3,12,0.03550781309604645,0.03818182647228241,1.3534181118011475
11500,mha,moe,456,3,13,0.05825439468026161,0.05832822620868683,1.3534181118011475
11500,mha,moe,456,3,14,0.05301757901906967,0.06806659698486328,1.3534181118011475
11500,mha,moe,456,3,15,0.053352050483226776,0.05308307707309723,1.3534181118011475
11500,mha,moe,456,4,0,0.054405517876148224,0.06413760781288147,1.3226971626281738
11500,mha,moe,456,4,1,0.033503416925668716,0.03868602216243744,1.3226971626281738
11500,mha,moe,456,4,2,0.05956421047449112,0.07184191048145294,1.3226971626281738
11500,mha,moe,456,4,3,0.045683592557907104,0.04608290269970894,1.3226971626281738
11500,mha,moe,456,4,4,0.12067138403654099,0.08948469907045364,1.3226971626281738
11500,mha,moe,456,4,5,0.073516845703125,0.0753786563873291,1.3226971626281738
11500,mha,moe,456,4,6,0.056727293878793716,0.0619957260787487,1.3226971626281738
11500,mha,moe,456,4,7,0.08045776188373566,0.07419680804014206,1.3226971626281738
11500,mha,moe,456,4,8,0.04987182468175888,0.05244187265634537,1.3226971626281738
11500,mha,moe,456,4,9,0.066802978515625,0.06023507937788963,1.3226971626281738
11500,mha,moe,456,4,10,0.057689208537340164,0.06139568239450455,1.3226971626281738
11500,mha,moe,456,4,11,0.06114013493061066,0.060197893530130386,1.3226971626281738
11500,mha,moe,456,4,12,0.048588868230581284,0.051609139889478683,1.3226971626281738
11500,mha,moe,456,4,13,0.039973143488168716,0.056516967713832855,1.3226971626281738
11500,mha,moe,456,4,14,0.11818725615739822,0.09917107224464417,1.3226971626281738
11500,mha,moe,456,4,15,0.03321655094623566,0.03662794083356857,1.3226971626281738
11500,mha,moe,456,5,0,0.0659802258014679,0.07126770168542862,1.4859673976898193
11500,mha,moe,456,5,1,0.0946667492389679,0.10478240996599197,1.4859673976898193
11500,mha,moe,456,5,2,0.06429199129343033,0.05399961397051811,1.4859673976898193
11500,mha,moe,456,5,3,0.05704345554113388,0.05999425798654556,1.4859673976898193
11500,mha,moe,456,5,4,0.04313720762729645,0.043947599828243256,1.4859673976898193
11500,mha,moe,456,5,5,0.02268310636281967,0.03509736433625221,1.4859673976898193
11500,mha,moe,456,5,6,0.0643310546875,0.06529101729393005,1.4859673976898193
11500,mha,moe,456,5,7,0.09283202886581421,0.07560057938098907,1.4859673976898193
11500,mha,moe,456,5,8,0.07249145209789276,0.07069235295057297,1.4859673976898193
11500,mha,moe,456,5,9,0.03908325359225273,0.04040997475385666,1.4859673976898193
11500,mha,moe,456,5,10,0.07120238989591599,0.059319183230400085,1.4859673976898193
11500,mha,moe,456,5,11,0.08333984017372131,0.07925990968942642,1.4859673976898193
11500,mha,moe,456,5,12,0.06319458037614822,0.06273788213729858,1.4859673976898193
11500,mha,moe,456,5,13,0.06727416813373566,0.05620570108294487,1.4859673976898193
11500,mha,moe,456,5,14,0.06433349847793579,0.06813511252403259,1.4859673976898193
11500,mha,moe,456,5,15,0.03411499038338661,0.05325937271118164,1.4859673976898193
12000,mha,moe,456,1,0,0.060200195759534836,0.05333411321043968,2.387235641479492
12000,mha,moe,456,1,1,0.055357664823532104,0.06709424406290054,2.387235641479492
12000,mha,moe,456,1,2,0.050410155206918716,0.05540139228105545,2.387235641479492
12000,mha,moe,456,1,3,0.05187744274735451,0.056784819811582565,2.387235641479492
12000,mha,moe,456,1,4,0.06245117262005806,0.0614750050008297,2.387235641479492
12000,mha,moe,456,1,5,0.0631103515625,0.06628075987100601,2.387235641479492
12000,mha,moe,456,1,6,0.06714721769094467,0.06518878042697906,2.387235641479492
12000,mha,moe,456,1,7,0.05709594860672951,0.05698740854859352,2.387235641479492
12000,mha,moe,456,1,8,0.07587036490440369,0.06661120057106018,2.387235641479492
12000,mha,moe,456,1,9,0.06710448861122131,0.06757280975580215,2.387235641479492
12000,mha,moe,456,1,10,0.059321288019418716,0.06265679001808167,2.387235641479492
12000,mha,moe,456,1,11,0.06410522758960724,0.06676007807254791,2.387235641479492
12000,mha,moe,456,1,12,0.07191406190395355,0.0581769123673439,2.387235641479492
12000,mha,moe,456,1,13,0.06754516810178757,0.07968626171350479,2.387235641479492
12000,mha,moe,456,1,14,0.05813354626297951,0.06067763268947601,2.387235641479492
12000,mha,moe,456,1,15,0.06835570931434631,0.05531177669763565,2.387235641479492
12000,mha,moe,456,2,0,0.049895018339157104,0.057536736130714417,1.5689053535461426
12000,mha,moe,456,2,1,0.03557128831744194,0.040626250207424164,1.5689053535461426
12000,mha,moe,456,2,2,0.07416138052940369,0.07816409319639206,1.5689053535461426
12000,mha,moe,456,2,3,0.06078857555985451,0.04720490425825119,1.5689053535461426
12000,mha,moe,456,2,4,0.05740722641348839,0.06396818906068802,1.5689053535461426
12000,mha,moe,456,2,5,0.09013549983501434,0.07879730314016342,1.5689053535461426
12000,mha,moe,456,2,6,0.050257567316293716,0.052288781851530075,1.5689053535461426
12000,mha,moe,456,2,7,0.08147583156824112,0.07042545080184937,1.5689053535461426
12000,mha,moe,456,2,8,0.06987548619508743,0.07557910680770874,1.5689053535461426
12000,mha,moe,456,2,9,0.045555420219898224,0.0487060584127903,1.5689053535461426
12000,mha,moe,456,2,10,0.06422607600688934,0.05184238404035568,1.5689053535461426
12000,mha,moe,456,2,11,0.06839966028928757,0.07594982534646988,1.5689053535461426
12000,mha,moe,456,2,12,0.06928589195013046,0.07267232984304428,1.5689053535461426
12000,mha,moe,456,2,13,0.06725219637155533,0.06054231524467468,1.5689053535461426
12000,mha,moe,456,2,14,0.05858032405376434,0.06165499985218048,1.5689053535461426
12000,mha,moe,456,2,15,0.05713256821036339,0.06404129415750504,1.5689053535461426
12000,mha,moe,456,3,0,0.06363159418106079,0.07313216477632523,1.3456568717956543
12000,mha,moe,456,3,1,0.07352416962385178,0.07289986312389374,1.3456568717956543
12000,mha,moe,456,3,2,0.053992919623851776,0.06292830407619476,1.3456568717956543
12000,mha,moe,456,3,3,0.08426147699356079,0.0806017816066742,1.3456568717956543
12000,mha,moe,456,3,4,0.08218017220497131,0.0774650126695633,1.3456568717956543
12000,mha,moe,456,3,5,0.03860107436776161,0.04222476854920387,1.3456568717956543
12000,mha,moe,456,3,6,0.061512451618909836,0.05871064215898514,1.3456568717956543
12000,mha,moe,456,3,7,0.060740966349840164,0.0520118772983551,1.3456568717956543
12000,mha,moe,456,3,8,0.057957764714956284,0.052663110196590424,1.3456568717956543
12000,mha,moe,456,3,9,0.09272339195013046,0.07634010910987854,1.3456568717956543
12000,mha,moe,456,3,10,0.0713183581829071,0.06708719581365585,1.3456568717956543
12000,mha,moe,456,3,11,0.05562499910593033,0.06320588290691376,1.3456568717956543
12000,mha,moe,456,3,12,0.037633057683706284,0.03989526256918907,1.3456568717956543
12000,mha,moe,456,3,13,0.05993042141199112,0.06008022278547287,1.3456568717956543
12000,mha,moe,456,3,14,0.05195922777056694,0.0667429193854332,1.3456568717956543
12000,mha,moe,456,3,15,0.054407957941293716,0.054010845720767975,1.3456568717956543
12000,mha,moe,456,4,0,0.05548461899161339,0.06433265656232834,1.3128782510757446
12000,mha,moe,456,4,1,0.03249511867761612,0.03804686665534973,1.3128782510757446
12000,mha,moe,456,4,2,0.05872436612844467,0.06920324265956879,1.3128782510757446
12000,mha,moe,456,4,3,0.048249512910842896,0.04915392026305199,1.3128782510757446
12000,mha,moe,456,4,4,0.11879394203424454,0.08781493455171585,1.3128782510757446
12000,mha,moe,456,4,5,0.07152832299470901,0.07217436283826828,1.3128782510757446
12000,mha,moe,456,4,6,0.057777099311351776,0.06437940150499344,1.3128782510757446
12000,mha,moe,456,4,7,0.07949096709489822,0.0748191699385643,1.3128782510757446
12000,mha,moe,456,4,8,0.052556153386831284,0.0555926114320755,1.3128782510757446
12000,mha,moe,456,4,9,0.06766846030950546,0.060128215700387955,1.3128782510757446
12000,mha,moe,456,4,10,0.05807861313223839,0.06166999042034149,1.3128782510757446
12000,mha,moe,456,4,11,0.06220947206020355,0.061124254018068314,1.3128782510757446
12000,mha,moe,456,4,12,0.048011474311351776,0.05104091763496399,1.3128782510757446
12000,mha,moe,456,4,13,0.042149659246206284,0.058195654302835464,1.3128782510757446
12000,mha,moe,456,4,14,0.11417113989591599,0.09573959559202194,1.3128782510757446
12000,mha,moe,456,4,15,0.03261108323931694,0.03658418729901314,1.3128782510757446
12000,mha,moe,456,5,0,0.06222778186202049,0.06744450330734253,1.4785430431365967
12000,mha,moe,456,5,1,0.09186645597219467,0.1031772792339325,1.4785430431365967
12000,mha,moe,456,5,2,0.06658568978309631,0.0556909553706646,1.4785430431365967
12000,mha,moe,456,5,3,0.06171020492911339,0.06312976032495499,1.4785430431365967
12000,mha,moe,456,5,4,0.04318847507238388,0.04395551607012749,1.4785430431365967
12000,mha,moe,456,5,5,0.023347167298197746,0.035604916512966156,1.4785430431365967
12000,mha,moe,456,5,6,0.06492798030376434,0.06365491449832916,1.4785430431365967
12000,mha,moe,456,5,7,0.0890820324420929,0.07320796698331833,1.4785430431365967
12000,mha,moe,456,5,8,0.07466552406549454,0.07224617153406143,1.4785430431365967
12000,mha,moe,456,5,9,0.04172607511281967,0.04267057403922081,1.4785430431365967
12000,mha,moe,456,5,10,0.07122314721345901,0.05992363020777702,1.4785430431365967
12000,mha,moe,456,5,11,0.08235107362270355,0.07904952764511108,1.4785430431365967
12000,mha,moe,456,5,12,0.06245483458042145,0.06269511580467224,1.4785430431365967
12000,mha,moe,456,5,13,0.06605224311351776,0.055523067712783813,1.4785430431365967
12000,mha,moe,456,5,14,0.062053222209215164,0.06554282456636429,1.4785430431365967
12000,mha,moe,456,5,15,0.03653808683156967,0.056483279913663864,1.4785430431365967
12500,mha,moe,456,1,0,0.061182860285043716,0.05502774566411972,2.3753459453582764
12500,mha,moe,456,1,1,0.057963866740465164,0.06789222359657288,2.3753459453582764
12500,mha,moe,456,1,2,0.057117920368909836,0.055253300815820694,2.3753459453582764
12500,mha,moe,456,1,3,0.057856444269418716,0.05849078297615051,2.3753459453582764
12500,mha,moe,456,1,4,0.06897827237844467,0.06453023850917816,2.3753459453582764
12500,mha,moe,456,1,5,0.05287841707468033,0.06377238780260086,2.3753459453582764
12500,mha,moe,456,1,6,0.06629882752895355,0.06481566280126572,2.3753459453582764
12500,mha,moe,456,1,7,0.049964599311351776,0.0544716939330101,2.3753459453582764
12500,mha,moe,456,1,8,0.07465820014476776,0.06704352051019669,2.3753459453582764
12500,mha,moe,456,1,9,0.06239013746380806,0.06493078917264938,2.3753459453582764
12500,mha,moe,456,1,10,0.06097412109375,0.06458746641874313,2.3753459453582764
12500,mha,moe,456,1,11,0.06472045928239822,0.06759372353553772,2.3753459453582764
12500,mha,moe,456,1,12,0.07045532017946243,0.057357534766197205,2.3753459453582764
12500,mha,moe,456,1,13,0.06543823331594467,0.07806745171546936,2.3753459453582764
12500,mha,moe,456,1,14,0.06369628757238388,0.06167750060558319,2.3753459453582764
12500,mha,moe,456,1,15,0.06542602181434631,0.05448797717690468,2.3753459453582764
12500,mha,moe,456,2,0,0.04725097492337227,0.05568064749240875,1.557212233543396
12500,mha,moe,456,2,1,0.03463134914636612,0.03961075469851494,1.557212233543396
12500,mha,moe,456,2,2,0.07364746183156967,0.07771667838096619,1.557212233543396
12500,mha,moe,456,2,3,0.06114135682582855,0.04650845378637314,1.557212233543396
12500,mha,moe,456,2,4,0.05792480334639549,0.06505472958087921,1.557212233543396
12500,mha,moe,456,2,5,0.09352660924196243,0.08337103575468063,1.557212233543396
12500,mha,moe,456,2,6,0.048095703125,0.04971037060022354,1.557212233543396
12500,mha,moe,456,2,7,0.08328491449356079,0.0715591087937355,1.557212233543396
12500,mha,moe,456,2,8,0.07190795987844467,0.07620653510093689,1.557212233543396
12500,mha,moe,456,2,9,0.04261718690395355,0.04635996371507645,1.557212233543396
12500,mha,moe,456,2,10,0.06413695961236954,0.05121251195669174,1.557212233543396
12500,mha,moe,456,2,11,0.0681164562702179,0.07638655602931976,1.557212233543396
12500,mha,moe,456,2,12,0.07028564810752869,0.0724528580904007,1.557212233543396
12500,mha,moe,456,2,13,0.07041382044553757,0.06426391750574112,1.557212233543396
12500,mha,moe,456,2,14,0.058195799589157104,0.06132648512721062,1.557212233543396
12500,mha,moe,456,2,15,0.05482299625873566,0.06257938593626022,1.557212233543396
12500,mha,moe,456,3,0,0.064697265625,0.07513627409934998,1.3438721895217896
12500,mha,moe,456,3,1,0.07177734375,0.07047398388385773,1.3438721895217896
12500,mha,moe,456,3,2,0.05229248106479645,0.06156668812036514,1.3438721895217896
12500,mha,moe,456,3,3,0.08428222686052322,0.08064677566289902,1.3438721895217896
12500,mha,moe,456,3,4,0.08357177674770355,0.07815959304571152,1.3438721895217896
12500,mha,moe,456,3,5,0.03826294094324112,0.043171290308237076,1.3438721895217896
12500,mha,moe,456,3,6,0.06096191331744194,0.0574663020670414,1.3438721895217896
12500,mha,moe,456,3,7,0.06194213777780533,0.05309417098760605,1.3438721895217896
12500,mha,moe,456,3,8,0.058323975652456284,0.05339812859892845,1.3438721895217896
12500,mha,moe,456,3,9,0.09437987953424454,0.07870661467313766,1.3438721895217896
12500,mha,moe,456,3,10,0.07372680306434631,0.06893076747655869,1.3438721895217896
12500,mha,moe,456,3,11,0.05364135652780533,0.06109237298369408,1.3438721895217896
12500,mha,moe,456,3,12,0.03591674938797951,0.038076963275671005,1.3438721895217896
12500,mha,moe,456,3,13,0.059532471001148224,0.05905632674694061,1.3438721895217896
12500,mha,moe,456,3,14,0.053004149347543716,0.06735207885503769,1.3438721895217896
12500,mha,moe,456,3,15,0.05368652194738388,0.053671687841415405,1.3438721895217896
12500,mha,moe,456,4,0,0.05513305589556694,0.06493695080280304,1.3128286600112915
12500,mha,moe,456,4,1,0.032623291015625,0.03796553611755371,1.3128286600112915
12500,mha,moe,456,4,2,0.06001220643520355,0.07082827389240265,1.3128286600112915
12500,mha,moe,456,4,3,0.04656738415360451,0.04696398600935936,1.3128286600112915
12500,mha,moe,456,4,4,0.1204833984375,0.08950455486774445,1.3128286600112915
12500,mha,moe,456,4,5,0.0716259777545929,0.0727379098534584,1.3128286600112915
12500,mha,moe,456,4,6,0.05733398348093033,0.06289032101631165,1.3128286600112915
12500,mha,moe,456,4,7,0.07936889678239822,0.07450366765260696,1.3128286600112915
12500,mha,moe,456,4,8,0.049049071967601776,0.05205825716257095,1.3128286600112915
12500,mha,moe,456,4,9,0.06666991859674454,0.05972316116094589,1.3128286600112915
12500,mha,moe,456,4,10,0.05827148258686066,0.061414968222379684,1.3128286600112915
12500,mha,moe,456,4,11,0.06164916977286339,0.061080001294612885,1.3128286600112915
12500,mha,moe,456,4,12,0.048969727009534836,0.052526239305734634,1.3128286600112915
12500,mha,moe,456,4,13,0.04122314602136612,0.05737105384469032,1.3128286600112915
12500,mha,moe,456,4,14,0.11589965969324112,0.09749520570039749,1.3128286600112915
12500,mha,moe,456,4,15,0.03511963039636612,0.037999872118234634,1.3128286600112915
12500,mha,moe,456,5,0,0.06292358040809631,0.06816744804382324,1.473251223564148
12500,mha,moe,456,5,1,0.09206908941268921,0.10087190568447113,1.473251223564148
12500,mha,moe,456,5,2,0.066009521484375,0.05550582706928253,1.473251223564148
12500,mha,moe,456,5,3,0.059559326618909836,0.06314126402139664,1.473251223564148
12500,mha,moe,456,5,4,0.041627198457717896,0.04154316335916519,1.473251223564148
12500,mha,moe,456,5,5,0.022553710266947746,0.03472541645169258,1.473251223564148
12500,mha,moe,456,5,6,0.06502441316843033,0.06456213444471359,1.473251223564148
12500,mha,moe,456,5,7,0.09435668587684631,0.07783864438533783,1.473251223564148
12500,mha,moe,456,5,8,0.07458740472793579,0.07260295748710632,1.473251223564148
12500,mha,moe,456,5,9,0.03913940489292145,0.03998919203877449,1.473251223564148
12500,mha,moe,456,5,10,0.07026611268520355,0.059734996408224106,1.473251223564148
12500,mha,moe,456,5,11,0.08255737274885178,0.07978258281946182,1.473251223564148
12500,mha,moe,456,5,12,0.06344116479158401,0.06190364062786102,1.473251223564148
12500,mha,moe,456,5,13,0.06673217564821243,0.056094396859407425,1.473251223564148
12500,mha,moe,456,5,14,0.06430786103010178,0.06822305172681808,1.473251223564148
12500,mha,moe,456,5,15,0.03484497219324112,0.05531343072652817,1.473251223564148
13000,mha,moe,456,1,0,0.060612794011831284,0.05457647889852524,2.3691797256469727
13000,mha,moe,456,1,1,0.05662719905376434,0.06779363751411438,2.3691797256469727
13000,mha,moe,456,1,2,0.059550780802965164,0.05620048940181732,2.3691797256469727
13000,mha,moe,456,1,3,0.057093504816293716,0.058729954063892365,2.3691797256469727
13000,mha,moe,456,1,4,0.06210693344473839,0.0614943727850914,2.3691797256469727
13000,mha,moe,456,1,5,0.06412597745656967,0.06676662713289261,2.3691797256469727
13000,mha,moe,456,1,6,0.06660278141498566,0.06519763171672821,2.3691797256469727
13000,mha,moe,456,1,7,0.06381957978010178,0.057408638298511505,2.3691797256469727
13000,mha,moe,456,1,8,0.07302001863718033,0.06574957072734833,2.3691797256469727
13000,mha,moe,456,1,9,0.058079835027456284,0.06531622260808945,2.3691797256469727
13000,mha,moe,456,1,10,0.060401611030101776,0.0635823905467987,2.3691797256469727
13000,mha,moe,456,1,11,0.06250244379043579,0.06690879911184311,2.3691797256469727
13000,mha,moe,456,1,12,0.06733032315969467,0.056052468717098236,2.3691797256469727
13000,mha,moe,456,1,13,0.0651538074016571,0.07939635962247849,2.3691797256469727
13000,mha,moe,456,1,14,0.057099610567092896,0.06035452336072922,2.3691797256469727
13000,mha,moe,456,1,15,0.06587280333042145,0.054471854120492935,2.3691797256469727
13000,mha,moe,456,2,0,0.047943115234375,0.056200362741947174,1.5624111890792847
13000,mha,moe,456,2,1,0.03389282152056694,0.03979576751589775,1.5624111890792847
13000,mha,moe,456,2,2,0.07204589992761612,0.07582687586545944,1.5624111890792847
13000,mha,moe,456,2,3,0.06530517339706421,0.04980139806866646,1.5624111890792847
13000,mha,moe,456,2,4,0.05945190414786339,0.06575088202953339,1.5624111890792847
13000,mha,moe,456,2,5,0.09247558563947678,0.08126632869243622,1.5624111890792847
13000,mha,moe,456,2,6,0.04976074397563934,0.05153698846697807,1.5624111890792847
13000,mha,moe,456,2,7,0.08115722984075546,0.0688793957233429,1.5624111890792847
13000,mha,moe,456,2,8,0.06957519799470901,0.07453873753547668,1.5624111890792847
13000,mha,moe,456,2,9,0.04238281399011612,0.04616733640432358,1.5624111890792847
13000,mha,moe,456,2,10,0.06527954339981079,0.05324079841375351,1.5624111890792847
13000,mha,moe,456,2,11,0.06791137903928757,0.07590838521718979,1.5624111890792847
13000,mha,moe,456,2,12,0.06804077327251434,0.07025817036628723,1.5624111890792847
13000,mha,moe,456,2,13,0.07024902105331421,0.06468477845191956,1.5624111890792847
13000,mha,moe,456,2,14,0.05765136703848839,0.06167062744498253,1.5624111890792847
13000,mha,moe,456,2,15,0.056877441704273224,0.06447318941354752,1.5624111890792847
13000,mha,moe,456,3,0,0.06261962652206421,0.07248352468013763,1.339473009109497
13000,mha,moe,456,3,1,0.07330810278654099,0.07295309752225876,1.339473009109497
13000,mha,moe,456,3,2,0.054008789360523224,0.06397853046655655,1.339473009109497
13000,mha,moe,456,3,3,0.08526977896690369,0.08057361841201782,1.339473009109497
13000,mha,moe,456,3,4,0.08151000738143921,0.0770232155919075,1.339473009109497
13000,mha,moe,456,3,5,0.03714233264327049,0.041936203837394714,1.339473009109497
13000,mha,moe,456,3,6,0.05807739123702049,0.05500011518597603,1.339473009109497
13000,mha,moe,456,3,7,0.06336548179388046,0.05339759960770607,1.339473009109497
13000,mha,moe,456,3,8,0.05774291977286339,0.05217963084578514,1.339473009109497
13000,mha,moe,456,3,9,0.09523559361696243,0.07829244434833527,1.339473009109497
13000,mha,moe,456,3,10,0.07470215111970901,0.07030126452445984,1.339473009109497
13000,mha,moe,456,3,11,0.05619262531399727,0.06311797350645065,1.339473009109497
13000,mha,moe,456,3,12,0.03687988221645355,0.03935585543513298,1.339473009109497
13000,mha,moe,456,3,13,0.05983520671725273,0.05967118591070175,1.339473009109497
13000,mha,moe,456,3,14,0.05268310382962227,0.06690552085638046,1.339473009109497
13000,mha,moe,456,3,15,0.051427002996206284,0.05283024162054062,1.339473009109497
13000,mha,moe,456,4,0,0.054096680134534836,0.06335411220788956,1.3154743909835815
13000,mha,moe,456,4,1,0.03345947340130806,0.039204731583595276,1.3154743909835815
13000,mha,moe,456,4,2,0.05918823182582855,0.07024881988763809,1.3154743909835815
13000,mha,moe,456,4,3,0.04651489108800888,0.04714410379528999,1.3154743909835815
13000,mha,moe,456,4,4,0.12022094428539276,0.08946078270673752,1.3154743909835815
13000,mha,moe,456,4,5,0.07328247278928757,0.07423917949199677,1.3154743909835815
13000,mha,moe,456,4,6,0.05635254085063934,0.06286797672510147,1.3154743909835815
13000,mha,moe,456,4,7,0.08066283911466599,0.07504337280988693,1.3154743909835815
13000,mha,moe,456,4,8,0.04983764514327049,0.05143275856971741,1.3154743909835815
13000,mha,moe,456,4,9,0.0682690441608429,0.060841746628284454,1.3154743909835815
13000,mha,moe,456,4,10,0.05810302868485451,0.06098870187997818,1.3154743909835815
13000,mha,moe,456,4,11,0.06094970554113388,0.06090138852596283,1.3154743909835815
13000,mha,moe,456,4,12,0.048607178032398224,0.05166090652346611,1.3154743909835815
13000,mha,moe,456,4,13,0.04146118089556694,0.05837872624397278,1.3154743909835815
13000,mha,moe,456,4,14,0.11554931849241257,0.09689745306968689,1.3154743909835815
13000,mha,moe,456,4,15,0.03344482555985451,0.03733521327376366,1.3154743909835815
13000,mha,moe,456,5,0,0.06170288100838661,0.06625091284513474,1.4657723903656006
13000,mha,moe,456,5,1,0.09387451410293579,0.10436586290597916,1.4657723903656006
13000,mha,moe,456,5,2,0.06540649384260178,0.05492869392037392,1.4657723903656006
13000,mha,moe,456,5,3,0.06111328303813934,0.06302985548973083,1.4657723903656006
13000,mha,moe,456,5,4,0.042186278849840164,0.04218785837292671,1.4657723903656006
13000,mha,moe,456,5,5,0.021956786513328552,0.033996500074863434,1.4657723903656006
13000,mha,moe,456,5,6,0.06369262933731079,0.0641600489616394,1.4657723903656006
13000,mha,moe,456,5,7,0.09220459312200546,0.07585977762937546,1.4657723903656006
13000,mha,moe,456,5,8,0.07304443418979645,0.07123178243637085,1.4657723903656006
13000,mha,moe,456,5,9,0.04278564453125,0.04423994570970535,1.4657723903656006
13000,mha,moe,456,5,10,0.07081420719623566,0.05989166349172592,1.4657723903656006
13000,mha,moe,456,5,11,0.08289062231779099,0.07888317853212357,1.4657723903656006
13000,mha,moe,456,5,12,0.06336914002895355,0.06303314864635468,1.4657723903656006
13000,mha,moe,456,5,13,0.06693725287914276,0.056572772562503815,1.4657723903656006
13000,mha,moe,456,5,14,0.0634143054485321,0.06733135879039764,1.4657723903656006
13000,mha,moe,456,5,15,0.03460693359375,0.05403662845492363,1.4657723903656006
13500,mha,moe,456,1,0,0.06174926832318306,0.05526573583483696,2.3678195476531982
13500,mha,moe,456,1,1,0.05799804627895355,0.06816716492176056,2.3678195476531982
13500,mha,moe,456,1,2,0.0643627941608429,0.056993138045072556,2.3678195476531982
13500,mha,moe,456,1,3,0.05831054598093033,0.05912128835916519,2.3678195476531982
13500,mha,moe,456,1,4,0.06193725764751434,0.06190745532512665,2.3678195476531982
13500,mha,moe,456,1,5,0.055913086980581284,0.0657108798623085,2.3678195476531982
13500,mha,moe,456,1,6,0.06603759527206421,0.06466136127710342,2.3678195476531982
13500,mha,moe,456,1,7,0.06254394352436066,0.057526636868715286,2.3678195476531982
13500,mha,moe,456,1,8,0.07159423828125,0.06528153270483017,2.3678195476531982
13500,mha,moe,456,1,9,0.05911865085363388,0.06409310549497604,2.3678195476531982
13500,mha,moe,456,1,10,0.06096069514751434,0.06452096253633499,2.3678195476531982
13500,mha,moe,456,1,11,0.0644213855266571,0.06735460460186005,2.3678195476531982
13500,mha,moe,456,1,12,0.06991821527481079,0.05705296993255615,2.3678195476531982
13500,mha,moe,456,1,13,0.062110595405101776,0.07761334627866745,2.3678195476531982
13500,mha,moe,456,1,14,0.05790039151906967,0.06042180582880974,2.3678195476531982
13500,mha,moe,456,1,15,0.0651232898235321,0.054308004677295685,2.3678195476531982
13500,mha,moe,456,2,0,0.04866088926792145,0.05690671131014824,1.5736278295516968
13500,mha,moe,456,2,1,0.03654663264751434,0.04167599231004715,1.5736278295516968
13500,mha,moe,456,2,2,0.07289184629917145,0.07604122161865234,1.5736278295516968
13500,mha,moe,456,2,3,0.0651232898235321,0.0493224635720253,1.5736278295516968
13500,mha,moe,456,2,4,0.05824218690395355,0.06519531458616257,1.5736278295516968
13500,mha,moe,456,2,5,0.09227050840854645,0.0820569396018982,1.5736278295516968
13500,mha,moe,456,2,6,0.04995971545577049,0.05121257156133652,1.5736278295516968
13500,mha,moe,456,2,7,0.08227051049470901,0.07110119611024857,1.5736278295516968
13500,mha,moe,456,2,8,0.06984619051218033,0.0746643990278244,1.5736278295516968
13500,mha,moe,456,2,9,0.04373535141348839,0.04747215285897255,1.5736278295516968
13500,mha,moe,456,2,10,0.06380859017372131,0.052764635533094406,1.5736278295516968
13500,mha,moe,456,2,11,0.06789794564247131,0.07477819174528122,1.5736278295516968
13500,mha,moe,456,2,12,0.06626586616039276,0.06936395913362503,1.5736278295516968
13500,mha,moe,456,2,13,0.06862548738718033,0.063381627202034,1.5736278295516968
13500,mha,moe,456,2,14,0.05882324278354645,0.06215427815914154,1.5736278295516968
13500,mha,moe,456,2,15,0.05503173917531967,0.06190835312008858,1.5736278295516968
13500,mha,moe,456,3,0,0.062230225652456284,0.07244831323623657,1.3566336631774902
13500,mha,moe,456,3,1,0.07295288145542145,0.07183034718036652,1.3566336631774902
13500,mha,moe,456,3,2,0.05268676578998566,0.0618097223341465,1.3566336631774902
13500,mha,moe,456,3,3,0.08474364876747131,0.08145763725042343,1.3566336631774902
13500,mha,moe,456,3,4,0.08033203333616257,0.07551893591880798,1.3566336631774902
13500,mha,moe,456,3,5,0.039277344942092896,0.04394746944308281,1.3566336631774902
13500,mha,moe,456,3,6,0.06244872882962227,0.05837506428360939,1.3566336631774902
13500,mha,moe,456,3,7,0.05999999865889549,0.051640335470438004,1.3566336631774902
13500,mha,moe,456,3,8,0.06080810725688934,0.05476178601384163,1.3566336631774902
13500,mha,moe,456,3,9,0.09203857183456421,0.07633545249700546,1.3566336631774902
13500,mha,moe,456,3,10,0.07308715581893921,0.06912362575531006,1.3566336631774902
13500,mha,moe,456,3,11,0.05560058727860451,0.06310022622346878,1.3566336631774902
13500,mha,moe,456,3,12,0.03923584148287773,0.04096829891204834,1.3566336631774902
13500,mha,moe,456,3,13,0.06009277328848839,0.05984851345419884,1.3566336631774902
13500,mha,moe,456,3,14,0.05205688625574112,0.06613433361053467,1.3566336631774902
13500,mha,moe,456,3,15,0.05240844562649727,0.05269993841648102,1.3566336631774902
13500,mha,moe,456,4,0,0.05593261867761612,0.064605213701725,1.3265964984893799
13500,mha,moe,456,4,1,0.03317626938223839,0.03851082921028137,1.3265964984893799
13500,mha,moe,456,4,2,0.05787963792681694,0.06898652762174606,1.3265964984893799
13500,mha,moe,456,4,3,0.048485107719898224,0.04856129735708237,1.3265964984893799
13500,mha,moe,456,4,4,0.12107910215854645,0.08906479924917221,1.3265964984893799
13500,mha,moe,456,4,5,0.07213988900184631,0.07354573905467987,1.3265964984893799
13500,mha,moe,456,4,6,0.05676635727286339,0.06299902498722076,1.3265964984893799
13500,mha,moe,456,4,7,0.07867919653654099,0.0738811045885086,1.3265964984893799
13500,mha,moe,456,4,8,0.050043944269418716,0.05330530181527138,1.3265964984893799
13500,mha,moe,456,4,9,0.06942138820886612,0.06225616857409477,1.3265964984893799
13500,mha,moe,456,4,10,0.05751098692417145,0.06202801689505577,1.3265964984893799
13500,mha,moe,456,4,11,0.06061035022139549,0.06014825403690338,1.3265964984893799
13500,mha,moe,456,4,12,0.049018554389476776,0.05263609066605568,1.3265964984893799
13500,mha,moe,456,4,13,0.041651610285043716,0.057570505887269974,1.3265964984893799
13500,mha,moe,456,4,14,0.11341552436351776,0.09439791738986969,1.3265964984893799
13500,mha,moe,456,4,15,0.03418945148587227,0.037503212690353394,1.3265964984893799
13500,mha,moe,456,5,0,0.06061157211661339,0.06646008044481277,1.4822263717651367
13500,mha,moe,456,5,1,0.09275512397289276,0.10231173783540726,1.4822263717651367
13500,mha,moe,456,5,2,0.06717529147863388,0.056514326483011246,1.4822263717651367
13500,mha,moe,456,5,3,0.06193603575229645,0.06285176426172256,1.4822263717651367
13500,mha,moe,456,5,4,0.04282226413488388,0.04177354276180267,1.4822263717651367
13500,mha,moe,456,5,5,0.023580322042107582,0.03571152687072754,1.4822263717651367
13500,mha,moe,456,5,6,0.06452270597219467,0.06457028537988663,1.4822263717651367
13500,mha,moe,456,5,7,0.09278198331594467,0.07669603079557419,1.4822263717651367
13500,mha,moe,456,5,8,0.07093872129917145,0.06988298147916794,1.4822263717651367
13500,mha,moe,456,5,9,0.04200683534145355,0.04357879236340523,1.4822263717651367
13500,mha,moe,456,5,10,0.07081177085638046,0.0598413310945034,1.4822263717651367
13500,mha,moe,456,5,11,0.082733154296875,0.07916471362113953,1.4822263717651367
13500,mha,moe,456,5,12,0.06086669862270355,0.060318589210510254,1.4822263717651367
13500,mha,moe,456,5,13,0.06797607243061066,0.05707712098956108,1.4822263717651367
13500,mha,moe,456,5,14,0.06282959133386612,0.06672650575637817,1.4822263717651367
13500,mha,moe,456,5,15,0.035651855170726776,0.056520696729421616,1.4822263717651367
14000,mha,moe,456,1,0,0.059083253145217896,0.05379137024283409,2.3638691902160645
14000,mha,moe,456,1,1,0.05854492262005806,0.06858135759830475,2.3638691902160645
14000,mha,moe,456,1,2,0.06067138537764549,0.05640481412410736,2.3638691902160645
14000,mha,moe,456,1,3,0.060020752251148224,0.0599207878112793,2.3638691902160645
14000,mha,moe,456,1,4,0.061192627996206284,0.06180650368332863,2.3638691902160645
14000,mha,moe,456,1,5,0.05367187410593033,0.06477250903844833,2.3638691902160645
14000,mha,moe,456,1,6,0.06669067591428757,0.06452561169862747,2.3638691902160645
14000,mha,moe,456,1,7,0.06121215969324112,0.05691863223910332,2.3638691902160645
14000,mha,moe,456,1,8,0.07206299155950546,0.06490995734930038,2.3638691902160645
14000,mha,moe,456,1,9,0.059813231229782104,0.06482604891061783,2.3638691902160645
14000,mha,moe,456,1,10,0.06157592684030533,0.06508981436491013,2.3638691902160645
14000,mha,moe,456,1,11,0.06285522133111954,0.06701713055372238,2.3638691902160645
14000,mha,moe,456,1,12,0.06957641243934631,0.05668153613805771,2.3638691902160645
14000,mha,moe,456,1,13,0.06092163175344467,0.07649653404951096,2.3638691902160645
14000,mha,moe,456,1,14,0.066436767578125,0.06332272291183472,2.3638691902160645
14000,mha,moe,456,1,15,0.06567016243934631,0.05493466928601265,2.3638691902160645
14000,mha,moe,456,2,0,0.04843749850988388,0.056745681911706924,1.5613049268722534
14000,mha,moe,456,2,1,0.03847412019968033,0.04355815798044205,1.5613049268722534
14000,mha,moe,456,2,2,0.07323974370956421,0.07667968422174454,1.5613049268722534
14000,mha,moe,456,2,3,0.06380371004343033,0.0486905537545681,1.5613049268722534
14000,mha,moe,456,2,4,0.05930541828274727,0.06577260047197342,1.5613049268722534
14000,mha,moe,456,2,5,0.09287719428539276,0.08068118244409561,1.5613049268722534
14000,mha,moe,456,2,6,0.04779296740889549,0.04975004121661186,1.5613049268722534
14000,mha,moe,456,2,7,0.07992920279502869,0.06872726231813431,1.5613049268722534
14000,mha,moe,456,2,8,0.0705883800983429,0.0764533057808876,1.5613049268722534
14000,mha,moe,456,2,9,0.04036254808306694,0.04486314207315445,1.5613049268722534
14000,mha,moe,456,2,10,0.06416626274585724,0.05206961929798126,1.5613049268722534
14000,mha,moe,456,2,11,0.06781250238418579,0.07579254359006882,1.5613049268722534
14000,mha,moe,456,2,12,0.06811279058456421,0.07097253203392029,1.5613049268722534
14000,mha,moe,456,2,13,0.07083617895841599,0.06461375951766968,1.5613049268722534
14000,mha,moe,456,2,14,0.05733886733651161,0.061114851385354996,1.5613049268722534
14000,mha,moe,456,2,15,0.056922607123851776,0.06351509690284729,1.5613049268722534
14000,mha,moe,456,3,0,0.0629895031452179,0.07335048913955688,1.3422993421554565
14000,mha,moe,456,3,1,0.07271850854158401,0.07112880051136017,1.3422993421554565
14000,mha,moe,456,3,2,0.053425293415784836,0.06307165324687958,1.3422993421554565
14000,mha,moe,456,3,3,0.08595581352710724,0.08223145455121994,1.3422993421554565
14000,mha,moe,456,3,4,0.08054443448781967,0.07581212371587753,1.3422993421554565
14000,mha,moe,456,3,5,0.03872314468026161,0.043297018855810165,1.3422993421554565
14000,mha,moe,456,3,6,0.06049804762005806,0.05719821900129318,1.3422993421554565
14000,mha,moe,456,3,7,0.06140991300344467,0.052335333079099655,1.3422993421554565
14000,mha,moe,456,3,8,0.058985594660043716,0.05324636027216911,1.3422993421554565
14000,mha,moe,456,3,9,0.09446533024311066,0.07733570784330368,1.3422993421554565
14000,mha,moe,456,3,10,0.07515869289636612,0.07032214105129242,1.3422993421554565
14000,mha,moe,456,3,11,0.05365600436925888,0.06115523725748062,1.3422993421554565
14000,mha,moe,456,3,12,0.03725952282547951,0.039538249373435974,1.3422993421554565
14000,mha,moe,456,3,13,0.05966552719473839,0.06032324209809303,1.3422993421554565
14000,mha,moe,456,3,14,0.053101807832717896,0.06727614998817444,1.3422993421554565
14000,mha,moe,456,3,15,0.05144287273287773,0.05237783491611481,1.3422993421554565
14000,mha,moe,456,4,0,0.05501709133386612,0.06344053149223328,1.3273755311965942
14000,mha,moe,456,4,1,0.03306640684604645,0.03917349874973297,1.3273755311965942
14000,mha,moe,456,4,2,0.05903442203998566,0.06916659325361252,1.3273755311965942
14000,mha,moe,456,4,3,0.046101074665784836,0.046643685549497604,1.3273755311965942
14000,mha,moe,456,4,4,0.12043823301792145,0.08902744203805923,1.3273755311965942
14000,mha,moe,456,4,5,0.07020752131938934,0.07112056016921997,1.3273755311965942
14000,mha,moe,456,4,6,0.0579833984375,0.06390745937824249,1.3273755311965942
14000,mha,moe,456,4,7,0.07833617925643921,0.07352636754512787,1.3273755311965942
14000,mha,moe,456,4,8,0.04936157166957855,0.05190712586045265,1.3273755311965942
14000,mha,moe,456,4,9,0.06860107183456421,0.06214414909482002,1.3273755311965942
14000,mha,moe,456,4,10,0.05841064453125,0.06244342774152756,1.3273755311965942
14000,mha,moe,456,4,11,0.06383422762155533,0.06361979246139526,1.3273755311965942
14000,mha,moe,456,4,12,0.04893310368061066,0.05224643275141716,1.3273755311965942
14000,mha,moe,456,4,13,0.041240233927965164,0.05817936360836029,1.3273755311965942
14000,mha,moe,456,4,14,0.11475341767072678,0.09532283991575241,1.3273755311965942
14000,mha,moe,456,4,15,0.03468139469623566,0.038130778819322586,1.3273755311965942
14000,mha,moe,456,5,0,0.06222167983651161,0.0672733262181282,1.4774781465530396
14000,mha,moe,456,5,1,0.09342285245656967,0.10230192542076111,1.4774781465530396
14000,mha,moe,456,5,2,0.06593749672174454,0.05522000789642334,1.4774781465530396
14000,mha,moe,456,5,3,0.060509033501148224,0.06319128721952438,1.4774781465530396
14000,mha,moe,456,5,4,0.043364256620407104,0.04371457174420357,1.4774781465530396
14000,mha,moe,456,5,5,0.022825928404927254,0.035226572304964066,1.4774781465530396
14000,mha,moe,456,5,6,0.06571899354457855,0.0653509870171547,1.4774781465530396
14000,mha,moe,456,5,7,0.09200439602136612,0.07518978416919708,1.4774781465530396
14000,mha,moe,456,5,8,0.07370849698781967,0.07171428948640823,1.4774781465530396
14000,mha,moe,456,5,9,0.04043823108077049,0.042416006326675415,1.4774781465530396
14000,mha,moe,456,5,10,0.07008667290210724,0.05959803983569145,1.4774781465530396
14000,mha,moe,456,5,11,0.08243896812200546,0.07849244773387909,1.4774781465530396
14000,mha,moe,456,5,12,0.06192993000149727,0.06182495504617691,1.4774781465530396
14000,mha,moe,456,5,13,0.06669555604457855,0.05615466460585594,1.4774781465530396
14000,mha,moe,456,5,14,0.06289306282997131,0.06608730554580688,1.4774781465530396
14000,mha,moe,456,5,15,0.035804443061351776,0.056243788450956345,1.4774781465530396
14500,mha,moe,456,1,0,0.059722900390625,0.05458645895123482,2.3578989505767822
14500,mha,moe,456,1,1,0.05796997249126434,0.06817305833101273,2.3578989505767822
14500,mha,moe,456,1,2,0.06234985217452049,0.05648023635149002,2.3578989505767822
14500,mha,moe,456,1,3,0.06165160983800888,0.060526058077812195,2.3578989505767822
14500,mha,moe,456,1,4,0.06331665068864822,0.0629914253950119,2.3578989505767822
14500,mha,moe,456,1,5,0.06070922687649727,0.06633035838603973,2.3578989505767822
14500,mha,moe,456,1,6,0.06429321318864822,0.06454691290855408,2.3578989505767822
14500,mha,moe,456,1,7,0.05801025405526161,0.056366581469774246,2.3578989505767822
14500,mha,moe,456,1,8,0.07427490502595901,0.06600890308618546,2.3578989505767822
14500,mha,moe,456,1,9,0.059257812798023224,0.06422684341669083,2.3578989505767822
14500,mha,moe,456,1,10,0.06010131910443306,0.06404603272676468,2.3578989505767822
14500,mha,moe,456,1,11,0.06280273199081421,0.06677920371294022,2.3578989505767822
14500,mha,moe,456,1,12,0.0712878406047821,0.05735419690608978,2.3578989505767822
14500,mha,moe,456,1,13,0.06080077961087227,0.07690555602312088,2.3578989505767822
14500,mha,moe,456,1,14,0.06014160066843033,0.06106315553188324,2.3578989505767822
14500,mha,moe,456,1,15,0.06330932676792145,0.053615059703588486,2.3578989505767822
14500,mha,moe,456,2,0,0.046123046427965164,0.05415121093392372,1.5642592906951904
14500,mha,moe,456,2,1,0.034785155206918716,0.04036642611026764,1.5642592906951904
14500,mha,moe,456,2,2,0.07318481802940369,0.07653439790010452,1.5642592906951904
14500,mha,moe,456,2,3,0.06392333656549454,0.049004025757312775,1.5642592906951904
14500,mha,moe,456,2,4,0.05899658054113388,0.06524396687746048,1.5642592906951904
14500,mha,moe,456,2,5,0.09239257872104645,0.08038406074047089,1.5642592906951904
14500,mha,moe,456,2,6,0.04908691346645355,0.051285095512866974,1.5642592906951904
14500,mha,moe,456,2,7,0.08285034447908401,0.0719243511557579,1.5642592906951904
14500,mha,moe,456,2,8,0.07125610113143921,0.07708979398012161,1.5642592906951904
14500,mha,moe,456,2,9,0.04324951022863388,0.04780728742480278,1.5642592906951904
14500,mha,moe,456,2,10,0.06459594517946243,0.05260135233402252,1.5642592906951904
14500,mha,moe,456,2,11,0.06805907934904099,0.07572993636131287,1.5642592906951904
14500,mha,moe,456,2,12,0.06873535364866257,0.07075681537389755,1.5642592906951904
14500,mha,moe,456,2,13,0.069183349609375,0.062415942549705505,1.5642592906951904
14500,mha,moe,456,2,14,0.057561036199331284,0.060726504772901535,1.5642592906951904
14500,mha,moe,456,2,15,0.05601684749126434,0.06397885084152222,1.5642592906951904
14500,mha,moe,456,3,0,0.06425659358501434,0.074400894343853,1.3393256664276123
14500,mha,moe,456,3,1,0.07355956733226776,0.07208500057458878,1.3393256664276123
14500,mha,moe,456,3,2,0.052733153104782104,0.0637049600481987,1.3393256664276123
14500,mha,moe,456,3,3,0.08515869081020355,0.08031266927719116,1.3393256664276123
14500,mha,moe,456,3,4,0.08048339933156967,0.07633229345083237,1.3393256664276123
14500,mha,moe,456,3,5,0.03799194470047951,0.04358382523059845,1.3393256664276123
14500,mha,moe,456,3,6,0.06196777522563934,0.05826030299067497,1.3393256664276123
14500,mha,moe,456,3,7,0.06210693344473839,0.05332067608833313,1.3393256664276123
14500,mha,moe,456,3,8,0.059611815959215164,0.05384497717022896,1.3393256664276123
14500,mha,moe,456,3,9,0.09306762367486954,0.07619526982307434,1.3393256664276123
14500,mha,moe,456,3,10,0.07301513850688934,0.06812967360019684,1.3393256664276123
14500,mha,moe,456,3,11,0.05357055738568306,0.06088409572839737,1.3393256664276123
14500,mha,moe,456,3,12,0.03842773288488388,0.040468133985996246,1.3393256664276123
14500,mha,moe,456,3,13,0.05943115055561066,0.059355635195970535,1.3393256664276123
14500,mha,moe,456,3,14,0.05228027328848839,0.06606776267290115,1.3393256664276123
14500,mha,moe,456,3,15,0.052337646484375,0.053053807467222214,1.3393256664276123
14500,mha,moe,456,4,0,0.052764892578125,0.06245974078774452,1.3265948295593262
14500,mha,moe,456,4,1,0.033208008855581284,0.039417460560798645,1.3265948295593262
14500,mha,moe,456,4,2,0.05915893614292145,0.07070358842611313,1.3265948295593262
14500,mha,moe,456,4,3,0.04795898497104645,0.048613291233778,1.3265948295593262
14500,mha,moe,456,4,4,0.12009155005216599,0.08903641998767853,1.3265948295593262
14500,mha,moe,456,4,5,0.07098022103309631,0.07204149663448334,1.3265948295593262
14500,mha,moe,456,4,6,0.059173583984375,0.06450512260198593,1.3265948295593262
14500,mha,moe,456,4,7,0.07796264439821243,0.07310283929109573,1.3265948295593262
14500,mha,moe,456,4,8,0.04830566421151161,0.05127764865756035,1.3265948295593262
14500,mha,moe,456,4,9,0.06804443150758743,0.06058948487043381,1.3265948295593262
14500,mha,moe,456,4,10,0.057805176824331284,0.06147982180118561,1.3265948295593262
14500,mha,moe,456,4,11,0.06258300691843033,0.06192370876669884,1.3265948295593262
14500,mha,moe,456,4,12,0.04988647624850273,0.05326341465115547,1.3265948295593262
14500,mha,moe,456,4,13,0.04175170883536339,0.05806972458958626,1.3265948295593262
14500,mha,moe,456,4,14,0.11558471620082855,0.09523636102676392,1.3265948295593262
14500,mha,moe,456,4,15,0.034739989787340164,0.03827989473938942,1.3265948295593262
14500,mha,moe,456,5,0,0.06267211586236954,0.06810758262872696,1.4714937210083008
14500,mha,moe,456,5,1,0.09202514588832855,0.10154714435338974,1.4714937210083008
14500,mha,moe,456,5,2,0.0670458972454071,0.05715416744351387,1.4714937210083008
14500,mha,moe,456,5,3,0.06254028528928757,0.0650632455945015,1.4714937210083008
14500,mha,moe,456,5,4,0.04247070476412773,0.042678628116846085,1.4714937210083008
14500,mha,moe,456,5,5,0.021328125149011612,0.03399296849966049,1.4714937210083008
14500,mha,moe,456,5,6,0.06342162936925888,0.062407270073890686,1.4714937210083008
14500,mha,moe,456,5,7,0.09270995855331421,0.07656341791152954,1.4714937210083008
14500,mha,moe,456,5,8,0.07248169183731079,0.07130700349807739,1.4714937210083008
14500,mha,moe,456,5,9,0.04182128980755806,0.04306577518582344,1.4714937210083008
14500,mha,moe,456,5,10,0.07253173738718033,0.06131284683942795,1.4714937210083008
14500,mha,moe,456,5,11,0.08197876065969467,0.07712700217962265,1.4714937210083008
14500,mha,moe,456,5,12,0.06129760667681694,0.061005402356386185,1.4714937210083008
14500,mha,moe,456,5,13,0.06803222745656967,0.057238176465034485,1.4714937210083008
14500,mha,moe,456,5,14,0.06310790777206421,0.06619516760110855,1.4714937210083008
14500,mha,moe,456,5,15,0.034534912556409836,0.05523419752717018,1.4714937210083008
15000,mha,moe,456,1,0,0.06023803725838661,0.05523642897605896,2.3536951541900635
15000,mha,moe,456,1,1,0.05369384586811066,0.0677054151892662,2.3536951541900635
15000,mha,moe,456,1,2,0.0704052746295929,0.05813523381948471,2.3536951541900635
15000,mha,moe,456,1,3,0.057465821504592896,0.05928351357579231,2.3536951541900635
15000,mha,moe,456,1,4,0.062340088188648224,0.06243346258997917,2.3536951541900635
15000,mha,moe,456,1,5,0.05864257737994194,0.06600075960159302,2.3536951541900635
15000,mha,moe,456,1,6,0.06022338941693306,0.06356547027826309,2.3536951541900635
15000,mha,moe,456,1,7,0.06710327416658401,0.05832682549953461,2.3536951541900635
15000,mha,moe,456,1,8,0.07125487923622131,0.06451470404863358,2.3536951541900635
15000,mha,moe,456,1,9,0.05895141512155533,0.0641075000166893,2.3536951541900635
15000,mha,moe,456,1,10,0.060145262628793716,0.06359564512968063,2.3536951541900635
15000,mha,moe,456,1,11,0.06341919302940369,0.06680521368980408,2.3536951541900635
15000,mha,moe,456,1,12,0.06776977330446243,0.0558878555893898,2.3536951541900635
15000,mha,moe,456,1,13,0.05955688655376434,0.0769389271736145,2.3536951541900635
15000,mha,moe,456,1,14,0.06470825523138046,0.06312333047389984,2.3536951541900635
15000,mha,moe,456,1,15,0.06408203393220901,0.05433973670005798,2.3536951541900635
15000,mha,moe,456,2,0,0.04768310487270355,0.056127432733774185,1.5601376295089722
15000,mha,moe,456,2,1,0.032994385808706284,0.03918452933430672,1.5601376295089722
15000,mha,moe,456,2,2,0.07551880180835724,0.07886932790279388,1.5601376295089722
15000,mha,moe,456,2,3,0.06458374112844467,0.04884549230337143,1.5601376295089722
15000,mha,moe,456,2,4,0.059663087129592896,0.06562051177024841,1.5601376295089722
15000,mha,moe,456,2,5,0.09335571527481079,0.08215171843767166,1.5601376295089722
15000,mha,moe,456,2,6,0.04829223453998566,0.05114398151636124,1.5601376295089722
15000,mha,moe,456,2,7,0.08176879584789276,0.07046010345220566,1.5601376295089722
15000,mha,moe,456,2,8,0.07072265446186066,0.07569866627454758,1.5601376295089722
15000,mha,moe,456,2,9,0.04177612438797951,0.04591640457510948,1.5601376295089722
15000,mha,moe,456,2,10,0.06430908292531967,0.052071962505578995,1.5601376295089722
15000,mha,moe,456,2,11,0.06824950873851776,0.07586605846881866,1.5601376295089722
15000,mha,moe,456,2,12,0.06800781190395355,0.07071162015199661,1.5601376295089722
15000,mha,moe,456,2,13,0.07124755531549454,0.065068319439888,1.5601376295089722
15000,mha,moe,456,2,14,0.05682983249425888,0.059737678617239,1.5601376295089722
15000,mha,moe,456,2,15,0.054997559636831284,0.06252620369195938,1.5601376295089722
15000,mha,moe,456,3,0,0.06325317174196243,0.07392793893814087,1.3375319242477417
15000,mha,moe,456,3,1,0.07241454720497131,0.07063568383455276,1.3375319242477417
15000,mha,moe,456,3,2,0.05279907211661339,0.06301577389240265,1.3375319242477417
15000,mha,moe,456,3,3,0.0849597156047821,0.08062256872653961,1.3375319242477417
15000,mha,moe,456,3,4,0.082855224609375,0.07850918173789978,1.3375319242477417
15000,mha,moe,456,3,5,0.03691406175494194,0.041963037103414536,1.3375319242477417
15000,mha,moe,456,3,6,0.05982421711087227,0.05685750022530556,1.3375319242477417
15000,mha,moe,456,3,7,0.060618896037340164,0.05140462517738342,1.3375319242477417
15000,mha,moe,456,3,8,0.05937866121530533,0.05388754978775978,1.3375319242477417
15000,mha,moe,456,3,9,0.09469237923622131,0.07810091227293015,1.3375319242477417
15000,mha,moe,456,3,10,0.07514770328998566,0.07063174992799759,1.3375319242477417
15000,mha,moe,456,3,11,0.05560058727860451,0.0622781477868557,1.3375319242477417
15000,mha,moe,456,3,12,0.03727538883686066,0.03931369632482529,1.3375319242477417
15000,mha,moe,456,3,13,0.05928100645542145,0.05944738909602165,1.3375319242477417
15000,mha,moe,456,3,14,0.05271972715854645,0.06680379062891006,1.3375319242477417
15000,mha,moe,456,3,15,0.052265625447034836,0.05260045453906059,1.3375319242477417
15000,mha,moe,456,4,0,0.05450195446610451,0.06428632885217667,1.3245692253112793
15000,mha,moe,456,4,1,0.033717039972543716,0.039838530123233795,1.3245692253112793
15000,mha,moe,456,4,2,0.05911498889327049,0.06964047253131866,1.3245692253112793
15000,mha,moe,456,4,3,0.04603027179837227,0.04647098854184151,1.3245692253112793
15000,mha,moe,456,4,4,0.12119384855031967,0.09023510664701462,1.3245692253112793
15000,mha,moe,456,4,5,0.07075073570013046,0.07215593010187149,1.3245692253112793
15000,mha,moe,456,4,6,0.05846191570162773,0.06444095075130463,1.3245692253112793
15000,mha,moe,456,4,7,0.07764404267072678,0.07294950634241104,1.3245692253112793
15000,mha,moe,456,4,8,0.04738769680261612,0.049809928983449936,1.3245692253112793
15000,mha,moe,456,4,9,0.0689697265625,0.06172630190849304,1.3245692253112793
15000,mha,moe,456,4,10,0.05943115055561066,0.06369635462760925,1.3245692253112793
15000,mha,moe,456,4,11,0.06153930723667145,0.06056126952171326,1.3245692253112793
15000,mha,moe,456,4,12,0.04854736477136612,0.05111782252788544,1.3245692253112793
15000,mha,moe,456,4,13,0.04043945297598839,0.05688340961933136,1.3245692253112793
15000,mha,moe,456,4,14,0.11646240204572678,0.09726715087890625,1.3245692253112793
15000,mha,moe,456,4,15,0.035808105021715164,0.038919929414987564,1.3245692253112793
15000,mha,moe,456,5,0,0.06408324837684631,0.0691227987408638,1.470083475112915
15000,mha,moe,456,5,1,0.09249633550643921,0.09985800087451935,1.470083475112915
15000,mha,moe,456,5,2,0.0671704113483429,0.05661045014858246,1.470083475112915
15000,mha,moe,456,5,3,0.06007080152630806,0.062706358730793,1.470083475112915
15000,mha,moe,456,5,4,0.04398437589406967,0.0446794219315052,1.470083475112915
15000,mha,moe,456,5,5,0.021892089396715164,0.03449868783354759,1.470083475112915
15000,mha,moe,456,5,6,0.06389281898736954,0.06312048435211182,1.470083475112915
15000,mha,moe,456,5,7,0.09403808414936066,0.07803774625062943,1.470083475112915
15000,mha,moe,456,5,8,0.07298705726861954,0.07162746787071228,1.470083475112915
15000,mha,moe,456,5,9,0.040534667670726776,0.04235943406820297,1.470083475112915
15000,mha,moe,456,5,10,0.07020019739866257,0.060347024351358414,1.470083475112915
15000,mha,moe,456,5,11,0.0824292004108429,0.07838059216737747,1.470083475112915
15000,mha,moe,456,5,12,0.06177978590130806,0.06116301938891411,1.470083475112915
15000,mha,moe,456,5,13,0.06708740442991257,0.056540556252002716,1.470083475112915
15000,mha,moe,456,5,14,0.06426391750574112,0.0675685703754425,1.470083475112915
15000,mha,moe,456,5,15,0.03308960050344467,0.05337937921285629,1.470083475112915
